desc: I1 cache:         65536 B, 64 B, 8-way associative
desc: D1 cache:         32768 B, 64 B, 8-way associative
desc: LL cache:         12582912 B, 64 B, 12-way associative
cmd: /home/mrsantos/Desktop/2026-1/ed/tp3/bin/tp3.out
events: Ir I1mr ILmr Dr D1mr DLmr Dw D1mw DLmw Bc Bcm Bi Bim
fl=./csu/../csu/libc-start.c
fn=__libc_start_main@@GLIBC_2.34
128 2 1 1 2 1 0 0 0 0 0 0 0 0
134 3 0 0 1 1 0 0 0 0 1 0 0 0
135 7 0 0 3 1 0 2 0 0 0 0 1 1
138 1 0 0 1 1 0 0 0 0 0 0 0 0
139 2 1 1 0 0 0 0 0 0 1 0 0 0
142 3 0 0 2 1 0 0 0 0 0 0 0 0
143 2 0 0 2 0 0 0 0 0 0 0 0 0
144 16 0 0 3 0 0 1 0 0 3 1 0 0
145 8 1 1 2 1 0 4 0 0 0 0 2 2
242 13 1 1 0 0 0 7 0 0 0 0 0 0
311 3 0 0 0 0 0 0 0 0 1 0 0 0
312 3 0 0 0 0 0 1 0 0 0 0 0 0
337 6 1 1 2 0 0 1 0 0 1 0 0 0
340 2 0 0 0 0 0 0 0 0 1 1 0 0
343 2 0 0 2 0 0 0 0 0 0 0 0 0
350 2 0 0 1 0 0 1 0 0 0 0 0 0
352 2 0 0 0 0 0 0 0 0 1 0 0 0
360 4 0 0 1 0 0 1 0 0 0 0 0 0
fl=./csu/../sysdeps/nptl/libc_start_call_main.h
fn=(below main)
29 9 1 1 1 0 0 5 0 0 0 0 0 0
44 3 1 1 0 0 0 1 0 0 0 0 0 0
46 2 0 0 0 0 0 0 0 0 1 0 0 0
51 2 0 0 1 1 0 1 0 0 0 0 0 0
52 2 0 0 1 1 0 1 0 0 0 0 0 0
55 2 0 0 0 0 0 1 0 0 0 0 0 0
58 6 1 1 5 0 0 1 0 0 0 0 1 1
74 2 1 0 0 0 0 1 0 0 0 0 0 0
fl=./csu/./csu/init-first.c
fn=_init_first
46 6 1 1 0 0 0 2 0 0 0 0 0 0
51 2 0 0 1 0 0 0 0 0 1 0 0 0
55 5 1 1 4 2 1 0 0 0 1 0 0 0
61 1 0 0 0 0 0 1 1 0 0 0 0 0
62 1 0 0 0 0 0 1 0 0 0 0 0 0
63 2 0 0 1 1 0 1 1 1 0 0 0 0
71 2 0 0 0 0 0 0 0 0 0 0 0 0
72 3 0 0 2 0 0 0 0 0 0 0 0 0
fl=./ctype/./ctype/ctype-info.c
fn=__ctype_init
29 1 1 1 0 0 0 0 0 0 0 0 0 0
31 7 1 1 5 4 0 1 0 0 0 0 0 0
33 4 0 0 2 1 0 1 0 0 0 0 0 0
35 4 0 0 2 0 0 1 0 0 0 0 0 0
36 1 0 0 1 0 0 0 0 0 0 0 0 0
fl=./debug/../sysdeps/x86_64/multiarch/ifunc-memmove.h
fn=__memcpy_chk
56 2 0 0 0 0 0 0 0 0 1 0 0 0
57 3 1 1 2 0 0 0 0 0 0 0 0 0
60 3 0 0 1 0 0 0 0 0 0 0 0 0
61 2 1 1 0 0 0 0 0 0 1 1 0 0
74 2 0 0 0 0 0 0 0 0 1 0 0 0
77 2 0 0 0 0 0 0 0 0 1 0 0 0
85 2 0 0 0 0 0 0 0 0 1 1 0 0
93 2 1 1 0 0 0 0 0 0 1 1 0 0
96 5 2 2 1 0 0 0 0 0 0 0 0 0
fn=__memmove_chk
56 2 0 0 0 0 0 0 0 0 1 0 0 0
57 3 0 0 2 0 0 0 0 0 0 0 0 0
60 3 0 0 1 0 0 0 0 0 0 0 0 0
61 2 1 1 0 0 0 0 0 0 1 1 0 0
74 2 0 0 0 0 0 0 0 0 1 0 0 0
77 2 1 1 0 0 0 0 0 0 1 0 0 0
85 2 0 0 0 0 0 0 0 0 1 1 0 0
93 2 0 0 0 0 0 0 0 0 1 1 0 0
96 5 0 0 1 0 0 0 0 0 0 0 0 0
fn=__mempcpy_chk
56 2 0 0 0 0 0 0 0 0 1 0 0 0
57 3 1 1 2 0 0 0 0 0 0 0 0 0
60 3 0 0 1 0 0 0 0 0 0 0 0 0
61 2 1 1 0 0 0 0 0 0 1 1 0 0
74 2 0 0 0 0 0 0 0 0 1 0 0 0
77 2 0 0 0 0 0 0 0 0 1 0 0 0
85 2 0 0 0 0 0 0 0 0 1 1 0 0
93 2 1 1 0 0 0 0 0 0 1 1 0 0
96 5 2 2 1 0 0 0 0 0 0 0 0 0
fl=./debug/../sysdeps/x86_64/multiarch/ifunc-memset.h
fn=__memset_chk
54 5 0 0 2 0 0 0 0 0 1 0 0 0
57 3 0 0 1 0 0 0 0 0 0 0 0 0
58 2 1 1 0 0 0 0 0 0 1 1 0 0
64 2 1 1 0 0 0 0 0 0 0 0 0 0
73 2 0 0 0 0 0 0 0 0 1 0 0 0
75 2 0 0 0 0 0 0 0 0 1 0 0 0
85 2 0 0 0 0 0 0 0 0 1 0 0 0
93 2 0 0 0 0 0 0 0 0 1 0 0 0
96 5 0 0 1 0 0 0 0 0 0 0 0 0
fl=./debug/../sysdeps/x86_64/multiarch/memcpy_chk.c
fn=__memcpy_chk
29 1 1 1 0 0 0 0 0 0 0 0 0 0
fl=./debug/../sysdeps/x86_64/multiarch/memmove_chk.c
fn=__memmove_chk
29 1 0 0 0 0 0 0 0 0 0 0 0 0
fl=./debug/../sysdeps/x86_64/multiarch/mempcpy_chk.c
fn=__mempcpy_chk
29 1 1 1 0 0 0 0 0 0 0 0 0 0
fl=./debug/../sysdeps/x86_64/multiarch/memset_chk.c
fn=__memset_chk
29 1 0 0 0 0 0 0 0 0 0 0 0 0
fl=./elf/../bits/stdlib-bsearch.h
fn=intel_check_word.constprop.0
27 96 0 0 0 0 0 0 0 0 0 0 0 0
28 48 0 0 0 0 0 0 0 0 0 0 0 0
29 744 0 0 0 0 0 0 0 0 372 38 0 0
31 648 0 0 0 0 0 0 0 0 0 0 0 0
32 348 0 0 0 0 0 0 0 0 0 0 0 0
35 264 0 0 0 0 0 0 0 0 0 0 0 0
37 120 1 1 0 0 0 0 0 0 0 0 0 0
fl=./elf/../elf/dl-tls.c
fn=_dl_add_to_slotinfo
1017 27 1 1 0 0 0 15 0 0 0 0 0 0
1023 3 0 0 3 0 0 0 0 0 0 0 0 0
1026 3 0 0 3 2 0 0 0 0 0 0 0 0
1027 3 0 0 0 0 0 0 0 0 0 0 0 0
1031 9 1 1 3 2 0 0 0 0 3 0 0 0
1065 6 0 0 0 0 0 0 0 0 3 3 0 0
1068 6 0 0 0 0 0 3 1 0 0 0 0 0
1069 9 0 0 3 0 0 3 0 0 0 0 0 0
1072 18 1 1 18 0 0 0 0 0 0 0 0 0
fn=_dl_allocate_tls_init
523 11 1 1 0 0 0 8 0 0 0 0 0 0
524 2 0 0 0 0 0 0 0 0 1 0 0 0
528 2 0 0 1 1 0 1 0 0 0 0 0 0
531 1 0 0 0 0 0 0 0 0 0 0 0 0
534 2 1 1 1 1 0 1 0 0 0 0 1 1
537 3 0 0 2 1 0 0 0 0 1 0 0 0
549 1 0 0 1 0 0 0 0 0 0 0 0 0
554 27 1 1 4 0 0 1 0 0 4 0 0 0
560 9 1 1 0 0 0 0 0 0 4 3 0 0
563 9 0 0 3 1 0 0 0 0 0 0 0 0
564 6 0 0 0 0 0 0 0 0 3 0 0 0
570 9 1 1 6 0 0 0 0 0 3 0 0 0
571 6 0 0 0 0 0 0 0 0 0 0 0 0
573 24 0 0 9 3 0 3 1 1 0 0 0 0
576 6 0 0 0 0 0 0 0 0 3 0 0 0
577 6 0 0 3 0 0 0 0 0 0 0 0 0
580 6 1 1 0 0 0 0 0 0 3 0 0 0
581 12 0 0 6 3 0 0 0 0 3 0 0 0
583 6 0 0 0 0 0 0 0 0 3 0 0 0
584 6 0 0 3 0 0 0 0 0 0 0 0 0
593 3 0 0 0 0 0 3 0 0 0 0 0 0
601 6 0 0 3 0 0 0 0 0 3 2 0 0
603 30 0 0 6 0 0 9 0 0 0 0 0 0
609 3 0 0 3 0 0 0 0 0 0 0 0 0
615 2 0 0 1 0 0 1 0 0 0 0 1 1
618 2 0 0 1 0 0 1 0 0 0 0 0 0
621 9 0 0 8 0 0 0 0 0 0 0 0 0
fn=_dl_allocate_tls_storage
365 1 0 0 1 0 0 0 0 0 0 0 0 0
369 1 1 1 0 0 0 0 0 0 0 0 0 0
370 1 0 0 0 0 0 0 0 0 0 0 0 0
371 2 0 0 0 0 0 0 0 0 1 0 0 0
374 1 0 0 0 0 0 1 1 1 0 0 0 0
380 2 0 0 0 0 0 1 0 0 0 0 0 0
417 7 2 2 0 0 0 4 0 0 0 0 0 0
419 1 0 0 1 0 0 0 0 0 0 0 0 0
430 1 0 0 1 0 0 0 0 0 0 0 0 0
431 1 0 0 0 0 0 0 0 0 0 0 0 0
432 2 0 0 0 0 0 0 0 0 1 0 0 0
440 6 0 0 0 0 0 0 0 0 0 0 0 0
441 1 1 1 0 0 0 0 0 0 0 0 0 0
445 305 0 0 0 0 0 297 37 37 296 10 0 0
464 1 0 0 0 0 0 1 1 1 0 0 0 0
470 7 0 0 5 0 0 0 0 0 0 0 0 0
fn=_dl_assign_tls_modid
125 12 1 1 0 0 0 3 0 0 0 0 0 0
128 6 0 0 3 0 0 0 0 0 3 0 0 0
141 3 0 0 3 0 0 0 0 0 0 0 0 0
181 3 0 0 0 0 0 0 0 0 0 0 0 0
183 3 1 1 0 0 0 3 0 0 0 0 0 0
186 3 0 0 0 0 0 3 0 0 0 0 0 0
187 6 0 0 6 0 0 0 0 0 0 0 0 0
fn=_dl_count_modids
192 1 1 1 0 0 0 0 0 0 0 0 0 0
194 2 0 0 1 0 0 0 0 0 1 0 0 0
195 1 0 0 1 0 0 0 0 0 0 0 0 0
210 2 0 0 1 0 0 0 0 0 0 0 0 0
fn=_dl_determine_tlsoffset
216 9 1 1 0 0 0 6 0 0 0 0 0 0
217 1 0 0 0 0 0 0 0 0 0 0 0 0
218 1 0 0 0 0 0 0 0 0 0 0 0 0
219 1 0 0 0 0 0 0 0 0 0 0 0 0
222 4 0 0 1 0 0 1 0 0 1 0 0 0
225 2 0 0 1 0 0 0 0 0 1 0 0 0
259 1 0 0 0 0 0 0 0 0 0 0 0 0
261 25 1 1 7 1 1 0 0 0 4 2 0 0
263 9 1 1 4 0 0 1 0 0 3 0 0 0
265 9 1 1 3 1 0 0 0 0 0 0 0 0
266 6 0 0 3 0 0 0 0 0 0 0 0 0
268 6 0 0 0 0 0 0 0 0 0 0 0 0
270 15 0 0 3 0 0 0 0 0 3 3 0 0
281 3 0 0 0 0 0 3 0 0 0 0 0 0
286 24 0 0 0 0 0 0 0 0 0 0 0 0
288 6 0 0 0 0 0 0 0 0 3 3 0 0
289 3 0 0 0 0 0 0 0 0 0 0 0 0
294 3 0 0 0 0 0 0 0 0 0 0 0 0
301 1 0 0 0 0 0 1 0 0 0 0 0 0
302 7 2 2 1 0 0 0 0 0 0 0 0 0
304 2 0 0 0 0 0 1 0 0 0 0 0 0
354 1 0 0 0 0 0 1 0 0 0 0 0 0
355 8 0 0 7 0 0 0 0 0 0 0 0 0
fn=_dl_tls_static_surplus_init
83 3 0 0 0 0 0 0 0 0 0 0 0 0
97 8 1 1 0 0 0 4 0 0 0 0 0 0
100 6 0 0 1 0 0 1 0 0 0 0 0 0
101 5 0 0 1 0 0 1 0 0 0 0 0 0
102 3 0 0 0 0 0 0 0 0 0 0 0 0
104 4 1 1 0 0 0 0 0 0 1 0 0 0
107 1 0 0 0 0 0 0 0 0 0 0 0 0
109 1 0 0 0 0 0 1 0 0 0 0 0 0
111 3 0 0 0 0 0 1 0 0 0 0 0 0
112 6 0 0 5 0 0 0 0 0 0 0 0 0
fl=./elf/../include/list.h
fn=__tls_init_tp
43 2 1 1 1 1 0 1 0 0 0 0 0 0
44 2 0 0 0 0 0 1 0 0 0 0 0 0
45 1 0 0 0 0 0 1 0 0 0 0 0 0
47 1 0 0 0 0 0 1 0 0 0 0 0 0
fl=./elf/../include/rtld-malloc.h
fn=__minimal_calloc
56 17 0 0 17 0 0 0 0 0 0 0 17 1
fn=_dl_allocate_tls_storage
44 2 0 0 1 0 0 1 0 0 0 0 1 1
56 1 0 0 1 0 0 1 0 0 0 0 1 1
fn=_dl_check_map_versions
44 18 1 1 6 0 0 6 0 0 0 0 6 1
fn=_dl_find_object_init
56 2 0 0 1 0 0 1 0 0 0 0 1 1
fn=_dl_important_hwcaps
56 4 0 0 2 0 0 2 0 0 0 0 2 2
fn=_dl_init_paths
56 5 0 0 3 0 0 3 0 0 0 0 3 3
fn=_dl_map_object_deps
56 12 0 0 6 0 0 6 0 0 0 0 6 3
fn=_dl_new_object
44 18 0 0 6 0 0 6 0 0 0 0 6 1
56 15 1 1 5 0 0 5 0 0 0 0 5 1
fn=do_lookup_x
44 13 0 0 3 0 0 6 0 0 0 0 3 2
fn=fillin_rpath.isra.0
50 2 1 1 2 0 0 1 0 0 0 0 1 1
51 1 0 0 0 0 0 0 0 0 0 0 0 0
56 2 0 0 1 0 0 1 0 0 0 0 1 1
fn=init_tls
44 2 0 0 1 0 0 1 0 0 0 0 1 1
fl=./elf/../include/scratch_buffer.h
fn=_dl_map_object_deps
77 2 0 0 0 0 0 1 1 1 0 0 0 0
78 1 0 0 0 0 0 1 0 0 0 0 0 0
85 3 1 1 1 0 0 0 0 0 1 1 0 0
131 20 1 1 0 0 0 10 0 0 0 0 0 0
fl=./elf/../misc/sbrk.c
fn=sbrk
37 6 1 1 0 0 0 3 0 0 0 0 0 0
40 1 0 0 1 0 0 0 0 0 0 0 0 0
58 2 0 0 0 0 0 0 0 0 1 0 0 0
62 2 0 0 0 0 0 0 0 0 1 1 0 0
78 5 1 1 4 0 0 0 0 0 0 0 0 0
fl=./elf/../nptl/nptl-stack.h
fn=__libc_early_init
61 8 1 1 2 1 0 0 0 0 0 0 0 0
fl=./elf/../sysdeps/generic/_itoa.h
fn=_dl_check_map_versions
76 36 0 0 12 0 0 24 0 0 0 0 0 0
fl=./elf/../sysdeps/generic/dl-cache.h
fn=_dl_load_cache_lookup
125 4 1 1 4 0 0 0 0 0 0 0 0 0
194 1 0 0 1 0 0 0 0 0 0 0 0 0
195 5 0 0 0 0 0 0 0 0 1 1 0 0
fl=./elf/../sysdeps/generic/dl-call_tls_init_tp.h
fn=init_tls
31 8 0 0 0 0 0 2 0 0 1 0 0 0
33 1 0 0 0 0 0 1 0 0 0 0 0 0
fl=./elf/../sysdeps/generic/dl-debug.h
fn=dl_main
29 4 0 0 2 0 0 0 0 0 1 0 0 0
30 1 0 0 0 0 0 1 0 0 0 0 0 0
fl=./elf/../sysdeps/generic/dl-hash.h
fn=__rtld_malloc_init_real
43 1 0 0 0 0 0 0 0 0 0 0 0 0
44 1 0 0 0 0 0 0 0 0 0 0 0 0
45 19 0 0 6 1 1 0 0 0 6 4 0 0
48 18 0 0 0 0 0 0 0 0 0 0 0 0
62 24 0 0 0 0 0 0 0 0 0 0 0 0
67 1 0 0 0 0 0 0 0 0 0 0 0 0
72 1 0 0 0 0 0 1 0 0 0 0 0 0
fl=./elf/../sysdeps/generic/dl-new-hash.h
fn=_dl_lookup_symbol_x
69 1954 0 0 0 0 0 0 0 0 0 0 0 0
70 3908 0 0 0 0 0 0 0 0 0 0 0 0
74 42543 0 0 42543 1515 1261 0 0 0 0 0 0 0
77 85086 0 0 0 0 0 0 0 0 42543 1002 0 0
80 41561 0 0 41561 504 437 0 0 0 0 0 0 0
81 83122 0 0 0 0 0 0 0 0 41561 981 0 0
87 972 1 1 0 0 0 0 0 0 0 0 0 0
88 972 0 0 0 0 0 0 0 0 0 0 0 0
89 1944 0 0 0 0 0 0 0 0 0 0 0 0
90 972 0 0 0 0 0 0 0 0 0 0 0 0
99 40589 0 0 0 0 0 0 0 0 0 0 0 0
101 40589 0 0 0 0 0 0 0 0 0 0 0 0
102 81178 0 0 0 0 0 0 0 0 0 0 0 0
104 40589 3 1 0 0 0 0 0 0 0 0 0 0
105 40589 0 0 0 0 0 0 0 0 0 0 0 0
fl=./elf/../sysdeps/generic/dl-protected.h
fn=do_lookup_x
29 7752 0 0 0 0 0 0 0 0 1938 0 0 0
fl=./elf/../sysdeps/generic/ldsodefs.h
fn=_dl_relocate_object
79 62 1 1 30 1 0 0 0 0 0 0 0 0
140 10383 0 0 3461 0 0 0 0 0 0 0 0 0
fn=_dl_start
79 6 1 1 3 0 0 0 0 0 0 0 0 0
fn=do_lookup_x
139 3876 0 0 1938 0 0 0 0 0 0 0 0 0
140 5814 0 0 0 0 0 0 0 0 0 0 0 0
fl=./elf/../sysdeps/nptl/dl-mutex.c
fn=__rtld_mutex_init
30 7 1 1 0 0 0 4 0 0 0 0 0 0
37 1 0 0 1 0 0 0 0 0 0 0 0 0
40 7 0 0 0 0 0 1 0 0 0 0 0 0
44 2 1 1 0 0 0 0 0 0 1 0 0 0
45 9 0 0 3 0 0 1 0 0 1 0 0 0
47 6 0 0 0 0 0 1 0 0 0 0 0 0
51 2 1 1 0 0 0 0 0 0 1 0 0 0
52 7 0 0 3 0 0 1 0 0 1 0 0 0
53 6 0 0 5 0 0 0 0 0 0 0 0 0
fl=./elf/../sysdeps/nptl/dl-tls_init_tp.c
fn=__tls_init_tp
68 5 0 0 0 0 0 2 0 0 0 0 0 0
69 1 0 0 1 0 0 0 0 0 0 0 0 0
72 1 0 0 0 0 0 0 0 0 0 0 0 0
75 4 0 0 0 0 0 1 0 0 0 0 0 0
76 2 0 0 0 0 0 1 0 0 0 0 0 0
77 1 1 1 0 0 0 1 0 0 0 0 0 0
82 2 0 0 1 0 0 1 0 0 0 0 0 0
87 4 0 0 0 0 0 1 0 0 0 0 0 0
90 1 0 0 0 0 0 1 0 0 0 0 0 0
93 3 0 0 0 0 0 0 0 0 0 0 0 0
105 4 1 1 0 0 0 1 0 0 0 0 0 0
121 3 0 0 2 1 0 1 1 0 0 0 0 0
128 2 0 0 1 0 0 1 0 0 0 0 0 0
129 3 0 0 3 0 0 0 0 0 0 0 0 0
fn=__tls_pre_init_tp
53 3 1 1 0 0 0 0 0 0 0 0 0 0
56 10 1 1 0 0 0 3 1 1 0 0 0 0
61 2 0 0 0 0 0 1 0 0 0 0 0 0
62 1 1 1 0 0 0 1 0 0 0 0 0 0
64 1 0 0 1 0 0 0 0 0 0 0 0 0
fn=rtld_mutex_dummy
42 178 0 0 0 0 0 0 0 0 0 0 0 0
44 356 0 0 178 0 0 0 0 0 0 0 0 0
fl=./elf/../sysdeps/nptl/pthread_early_init.h
fn=__libc_early_init
33 6 1 1 0 0 0 1 0 0 1 0 0 0
34 1 0 0 1 0 0 0 0 0 0 0 0 0
38 5 0 0 0 0 0 0 0 0 0 0 0 0
45 2 0 0 2 1 0 0 0 0 0 0 0 0
46 1 0 0 0 0 0 0 0 0 0 0 0 0
48 2 0 0 0 0 0 0 0 0 0 0 0 0
52 5 1 1 0 0 0 1 0 0 0 0 0 0
53 1 0 0 0 0 0 1 1 1 0 0 0 0
54 1 0 0 0 0 0 1 1 1 0 0 0 0
56 1 0 0 0 0 0 1 0 0 0 0 0 0
fl=./elf/../sysdeps/posix/dl-fileid.h
fn=_dl_map_object_from_fd
37 20 0 0 0 0 0 5 1 1 5 0 0 0
40 20 0 0 15 0 0 5 0 0 0 0 0 0
49 60 0 0 30 1 1 0 0 0 30 9 0 0
fl=./elf/../sysdeps/unix/sysv/linux/brk.c
fn=brk
36 1 1 1 0 0 0 0 0 0 0 0 0 0
37 1 0 0 0 0 0 1 1 1 0 0 0 0
38 2 0 0 0 0 0 0 0 0 1 0 0 0
44 1 0 0 0 0 0 0 0 0 0 0 0 0
45 1 0 0 1 0 0 0 0 0 0 0 0 0
fl=./elf/../sysdeps/unix/sysv/linux/brk_call.h
fn=brk
24 2 0 0 0 0 0 0 0 0 0 0 0 0
fl=./elf/../sysdeps/unix/sysv/linux/dl-osinfo.h
fn=dl_main
39 2 0 0 1 1 0 0 0 0 0 0 0 0
52 1 0 0 1 1 1 0 0 0 0 0 0 0
fl=./elf/../sysdeps/unix/sysv/linux/dl-parse_auxv.h
fn=_dl_sysdep_parse_arguments
32 2 0 0 0 0 0 1 0 0 0 0 0 0
33 1 0 0 0 0 0 1 0 0 0 0 0 0
34 1 0 0 0 0 0 1 0 0 0 0 0 0
41 93 1 1 24 6 6 0 0 0 23 6 0 0
42 44 0 0 0 0 0 0 0 0 22 0 0 0
43 44 0 0 22 0 0 22 0 0 0 0 0 0
45 1 0 0 0 0 0 1 0 0 0 0 0 0
46 2 0 0 1 0 0 1 0 0 0 0 0 0
47 2 0 0 1 0 0 1 0 0 0 0 0 0
48 2 0 0 1 0 0 1 0 0 0 0 0 0
49 1 0 0 0 0 0 1 0 0 0 0 0 0
51 2 1 1 1 0 0 1 0 0 0 0 0 0
52 2 0 0 1 0 0 1 1 1 0 0 0 0
53 2 0 0 1 0 0 1 0 0 0 0 0 0
54 2 1 1 1 0 0 1 0 0 0 0 0 0
56 2 0 0 1 0 0 1 0 0 0 0 0 0
fl=./elf/../sysdeps/unix/sysv/linux/dl-sysdep.c
fn=_dl_sysdep_parse_arguments
78 7 1 1 0 0 0 4 0 0 0 0 0 0
79 2 0 0 1 1 1 1 1 1 0 0 0 0
80 2 0 0 0 0 0 1 0 0 0 0 0 0
81 3 0 0 0 0 0 1 1 1 0 0 0 0
82 82 0 0 0 0 0 0 0 0 0 0 0 0
83 167 1 1 83 10 10 0 0 0 83 10 0 0
86 2 1 1 0 0 0 1 1 1 0 0 0 0
90 56 0 0 0 0 0 52 7 7 52 10 0 0
93 5 0 0 3 0 0 1 0 0 0 0 0 0
94 2 0 0 1 0 0 1 0 0 0 0 0 0
95 3 1 1 2 0 0 1 0 0 0 0 0 0
96 6 0 0 5 0 0 0 0 0 0 0 0 0
fn=_dl_sysdep_start
102 6 1 1 0 0 0 2 0 0 0 0 0 0
103 1 0 0 0 0 0 1 0 0 0 0 0 0
106 2 0 0 0 0 0 1 1 1 0 0 0 0
110 2 0 0 1 0 0 1 0 0 0 0 0 0
113 1 0 0 0 0 0 1 0 0 0 0 0 0
115 2 0 0 0 0 0 1 0 0 0 0 0 0
122 3 1 1 1 0 0 0 0 0 1 0 0 0
123 2 0 0 0 0 0 2 0 0 0 0 0 0
125 5 0 0 0 0 0 1 0 0 1 0 0 0
137 3 0 0 1 0 0 0 0 0 1 0 0 0
140 5 1 1 3 0 0 1 0 0 0 0 1 1
143 4 0 0 4 1 0 0 0 0 0 0 0 0
fn=_dl_sysdep_start_cleanup
147 1 1 1 0 0 0 0 0 0 0 0 0 0
148 1 0 0 1 0 0 0 0 0 0 0 0 0
fl=./elf/../sysdeps/unix/sysv/linux/dl-vdso-setup.h
fn=dl_main
30 1 0 0 0 0 0 1 0 0 0 0 0 0
33 1 1 1 0 0 0 1 0 0 0 0 0 0
36 1 0 0 0 0 0 1 0 0 0 0 0 0
39 1 0 0 0 0 0 1 0 0 0 0 0 0
45 1 0 0 0 0 0 1 0 0 0 0 0 0
fl=./elf/../sysdeps/unix/sysv/linux/dl-vdso.h
fn=dl_main
40 2 1 1 1 0 0 0 0 0 0 0 0 0
41 5 0 0 0 0 0 2 0 0 1 0 0 0
55 2 0 0 0 0 0 0 0 0 0 0 0 0
fl=./elf/../sysdeps/unix/sysv/linux/rseq-internal.h
fn=__tls_init_tp
32 3 0 0 1 0 0 0 0 0 1 1 0 0
34 7 1 1 0 0 0 0 0 0 0 0 0 0
37 2 0 0 0 0 0 0 0 0 1 1 0 0
40 1 0 0 0 0 0 1 0 0 0 0 0 0
fl=./elf/../sysdeps/unix/sysv/linux/x86/dl-hwcap2.h
fn=update_active.constprop.0
25 2 0 0 1 0 0 0 0 0 1 1 0 0
fl=./elf/../sysdeps/unix/sysv/linux/x86/dl-minsigstacksize.h
fn=get_common_indices.constprop.0
24 2 2 2 1 0 0 0 0 0 1 0 0 0
27 2 0 0 1 0 0 0 0 0 1 0 0 0
28 2 0 0 1 0 0 0 0 0 1 0 0 0
65 3 0 0 0 0 0 0 0 0 0 0 0 0
72 1 0 0 0 0 0 0 0 0 0 0 0 0
74 1 0 0 0 0 0 1 0 0 0 0 0 0
fl=./elf/../sysdeps/x86/cpu-features.c
fn=get_common_indices.constprop.0
398 3 1 1 0 0 0 2 0 0 0 0 0 0
402 4 0 0 0 0 0 0 0 0 1 0 0 0
405 5 0 0 0 0 0 3 0 0 0 0 0 0
409 1 0 0 0 0 0 1 0 0 0 0 0 0
410 4 0 0 0 0 0 1 0 0 0 0 0 0
411 4 1 1 0 0 0 1 0 0 0 0 0 0
412 4 0 0 0 0 0 1 0 0 0 0 0 0
413 3 0 0 0 0 0 1 0 0 0 0 0 0
414 2 0 0 1 0 0 0 0 0 1 0 0 0
421 2 0 0 1 0 0 0 0 0 1 0 0 0
423 9 0 0 0 0 0 4 1 1 0 0 0 0
428 8 2 2 0 0 0 4 1 1 0 0 0 0
435 2 0 0 1 0 0 0 0 0 1 0 0 0
436 7 0 0 0 0 0 4 1 1 0 0 0 0
442 2 0 0 1 0 0 0 0 0 1 1 0 0
457 3 0 0 3 0 0 0 0 0 0 0 0 0
fn=init_cpu_features.constprop.0
376 3 0 0 0 0 0 0 0 0 0 0 0 0
377 2 0 0 0 0 0 0 0 0 1 0 0 0
378 6 0 0 0 0 0 4 0 0 0 0 0 0
383 2 1 1 0 0 0 0 0 0 1 1 0 0
384 6 1 1 0 0 0 4 0 0 0 0 0 0
389 2 0 0 0 0 0 0 0 0 1 0 0 0
390 7 1 1 0 0 0 4 0 0 0 0 0 0
682 8 1 1 0 0 0 6 0 0 0 0 0 0
685 1 0 0 0 0 0 1 0 0 0 0 0 0
686 1 1 1 0 0 0 1 0 0 0 0 0 0
687 1 0 0 0 0 0 1 0 0 0 0 0 0
690 1 0 0 0 0 0 1 1 1 0 0 0 0
699 3 0 0 0 0 0 1 0 0 0 0 0 0
702 6 1 1 0 0 0 0 0 0 3 1 0 0
703 1 0 0 0 0 0 0 0 0 0 0 0 0
706 2 0 0 0 0 0 1 0 0 0 0 0 0
708 6 2 2 0 0 0 1 0 0 0 0 0 0
713 1 0 0 0 0 0 1 0 0 0 0 0 0
715 3 0 0 1 0 0 0 0 0 1 1 0 0
717 9 2 2 3 1 1 1 0 0 1 0 0 0
721 7 0 0 1 1 1 0 0 0 1 0 1 1
774 3 0 0 2 0 0 0 0 0 1 1 0 0
781 2 1 1 0 0 0 1 0 0 0 0 0 0
799 1 1 1 0 0 0 1 0 0 0 0 0 0
832 2 0 0 0 0 0 0 0 0 1 1 0 0
866 4 1 1 0 0 0 0 0 0 1 1 0 0
869 2 0 0 0 0 0 1 0 0 0 0 0 0
870 1 1 1 0 0 0 0 0 0 0 0 0 0
878 2 1 1 1 0 0 0 0 0 1 0 0 0
885 2 0 0 1 0 0 0 0 0 1 0 0 0
887 2 0 0 0 0 0 1 0 0 0 0 0 0
891 2 0 0 0 0 0 0 0 0 1 0 0 0
897 2 0 0 1 0 0 0 0 0 1 1 0 0
899 1 1 1 0 0 0 0 0 0 0 0 0 0
1001 3 1 1 1 0 0 0 0 0 1 0 0 0
1002 2 0 0 0 0 0 1 0 0 0 0 0 0
1005 2 0 0 0 0 0 0 0 0 1 0 0 0
1006 2 0 0 0 0 0 1 0 0 0 0 0 0
1012 1 0 0 0 0 0 1 0 0 0 0 0 0
1013 1 0 0 0 0 0 1 0 0 0 0 0 0
1014 1 0 0 0 0 0 1 0 0 0 0 0 0
1015 2 1 1 1 0 0 1 0 0 0 0 0 0
1019 4 0 0 0 0 0 1 0 0 0 0 0 0
1022 4 0 0 0 0 0 1 0 0 0 0 0 0
1028 3 0 0 1 0 0 0 0 0 1 1 0 0
1041 2 0 0 0 0 0 0 0 0 0 0 0 0
1042 4 1 1 1 0 0 0 0 0 1 1 0 0
1081 1 0 0 0 0 0 1 0 0 0 0 0 0
1082 2 1 1 1 0 0 0 0 0 1 1 0 0
1086 3 0 0 1 0 0 0 0 0 1 1 0 0
1103 2 1 1 0 0 0 0 0 0 0 0 0 0
1104 2 0 0 0 0 0 0 0 0 1 0 0 0
1106 3 0 0 0 0 0 0 0 0 1 0 0 0
1107 2 0 0 1 0 0 0 0 0 0 0 0 0
1109 3 0 0 0 0 0 0 0 0 1 0 0 0
1110 2 0 0 0 0 0 0 0 0 0 0 0 0
1113 2 0 0 0 0 0 1 0 0 0 0 0 0
1127 4 0 0 0 0 0 1 0 0 0 0 0 0
1129 4 0 0 0 0 0 1 0 0 0 0 0 0
1135 4 0 0 0 0 0 1 0 0 0 0 0 0
1142 8 0 0 7 0 0 0 0 0 0 0 0 0
fn=update_active.constprop.0
72 8 2 2 0 0 0 6 0 0 0 0 0 0
76 1 0 0 1 0 0 0 0 0 0 0 0 0
84 3 1 1 1 0 0 0 0 0 0 0 0 0
85 3 0 0 0 0 0 0 0 0 0 0 0 0
86 1 0 0 1 0 0 0 0 0 0 0 0 0
94 4 0 0 1 0 0 1 0 0 0 0 0 0
95 1 0 0 1 0 0 0 0 0 0 0 0 0
103 4 0 0 1 0 0 1 0 0 0 0 0 0
104 1 0 0 1 0 0 0 0 0 0 0 0 0
109 4 0 0 0 0 0 1 0 0 0 0 0 0
112 4 0 0 1 0 0 1 0 0 0 0 0 0
113 1 0 0 1 0 0 0 0 0 0 0 0 0
116 5 1 1 1 0 0 2 1 1 0 0 0 0
117 2 1 1 1 0 0 1 0 0 0 0 0 0
121 5 0 0 1 0 0 2 0 0 0 0 0 0
122 3 0 0 2 0 0 0 0 0 0 0 0 0
123 3 1 1 2 0 0 0 0 0 0 0 0 0
124 2 0 0 1 0 0 1 0 0 0 0 0 0
128 5 0 0 1 0 0 1 0 0 0 0 0 0
129 5 1 1 2 0 0 1 0 0 0 0 0 0
130 3 0 0 2 1 1 0 0 0 0 0 0 0
132 2 0 0 0 0 0 0 0 0 1 0 0 0
133 4 0 0 0 0 0 1 0 0 0 0 0 0
147 2 0 0 0 0 0 0 0 0 1 1 0 0
151 7 2 2 0 0 0 4 0 0 0 0 0 0
152 4 0 0 0 0 0 1 0 0 0 0 0 0
154 3 0 0 0 0 0 0 0 0 1 1 0 0
158 4 1 1 0 0 0 1 0 0 1 0 0 0
161 1 0 0 0 0 0 0 0 0 0 0 0 0
164 2 0 0 0 0 0 0 0 0 1 1 0 0
166 2 0 0 0 0 0 1 0 0 0 0 0 0
170 1 0 0 0 0 0 0 0 0 0 0 0 0
171 1 1 1 1 1 1 0 0 0 0 0 0 0
178 4 1 1 1 0 0 1 0 0 0 0 0 0
180 5 0 0 1 0 0 1 0 0 0 0 0 0
186 4 0 0 0 0 0 1 0 0 0 0 0 0
188 5 1 1 2 0 0 1 0 0 0 0 0 0
190 4 0 0 0 0 0 2 0 0 0 0 0 0
195 5 0 0 0 0 0 1 0 0 1 1 0 0
244 3 0 0 1 0 0 0 0 0 0 0 0 0
245 3 0 0 1 0 0 0 0 0 1 1 0 0
261 4 1 1 0 0 0 0 0 0 1 0 0 0
277 2 0 0 0 0 0 0 0 0 1 1 0 0
281 2 0 0 0 0 0 1 0 0 0 0 0 0
282 1 1 1 1 0 0 0 0 0 0 0 0 0
285 4 0 0 1 0 0 1 0 0 0 0 0 0
289 2 0 0 0 0 0 0 0 0 1 0 0 0
293 3 1 1 0 0 0 0 0 0 0 0 0 0
294 2 0 0 0 0 0 0 0 0 1 0 0 0
296 1 0 0 0 0 0 0 0 0 0 0 0 0
297 1 0 0 0 0 0 0 0 0 0 0 0 0
300 2 0 0 0 0 0 1 0 0 0 0 0 0
302 1 0 0 0 0 0 1 0 0 0 0 0 0
305 2 0 0 0 0 0 0 0 0 1 1 0 0
356 5 1 1 0 0 0 0 0 0 1 1 0 0
360 3 1 1 1 0 0 0 0 0 1 1 0 0
369 1 0 0 0 0 0 1 0 0 0 0 0 0
370 8 0 0 7 0 0 0 0 0 0 0 0 0
fl=./elf/../sysdeps/x86/dl-cacheinfo.h
fn=get_common_cache_info.constprop.0
571 11 1 1 0 0 0 6 0 0 0 0 0 0
586 1 0 0 1 0 0 0 0 0 0 0 0 0
587 1 0 0 1 0 0 0 0 0 0 0 0 0
588 2 0 0 1 0 0 1 0 0 0 0 0 0
589 1 1 1 1 0 0 0 0 0 0 0 0 0
590 2 0 0 1 0 0 1 0 0 0 0 0 0
596 3 0 0 0 0 0 1 0 0 0 0 0 0
598 7 1 1 3 0 0 2 0 0 0 0 0 0
601 2 0 0 0 0 0 0 0 0 1 0 0 0
613 1 0 0 0 0 0 0 0 0 0 0 0 0
618 3 1 1 1 0 0 0 0 0 1 0 0 0
622 2 0 0 0 0 0 0 0 0 1 1 0 0
627 5 1 1 1 0 0 0 0 0 1 1 0 0
630 24 2 2 0 0 0 5 0 0 1 1 0 0
637 8 0 0 0 0 0 0 0 0 4 0 0 0
640 26 0 0 0 0 0 0 0 0 7 5 0 0
645 2 1 1 0 0 0 0 0 0 1 0 0 0
649 3 0 0 0 0 0 0 0 0 0 0 0 0
650 2 0 0 0 0 0 0 0 0 0 0 0 0
654 2 0 0 0 0 0 0 0 0 1 0 0 0
658 3 0 0 0 0 0 0 0 0 0 0 0 0
661 4 0 0 0 0 0 1 0 0 0 0 0 0
662 1 0 0 0 0 0 0 0 0 0 0 0 0
667 4 0 0 0 0 0 0 0 0 2 1 0 0
673 4 0 0 0 0 0 0 0 0 2 0 0 0
681 6 0 0 0 0 0 0 0 0 0 0 0 0
683 2 0 0 0 0 0 0 0 0 1 0 0 0
685 4 0 0 0 0 0 0 0 0 2 1 0 0
687 12 1 1 0 0 0 0 0 0 1 0 0 0
689 1 0 0 0 0 0 0 0 0 0 0 0 0
690 1 0 0 0 0 0 0 0 0 0 0 0 0
691 9 0 0 1 0 0 0 0 0 2 0 0 0
693 4 1 1 0 0 0 0 0 0 2 1 0 0
696 7 1 1 4 0 0 0 0 0 1 0 0 0
701 1 0 0 0 0 0 0 0 0 0 0 0 0
703 4 1 1 0 0 0 0 0 0 0 0 0 0
704 3 0 0 0 0 0 0 0 0 0 0 0 0
705 1 0 0 0 0 0 0 0 0 0 0 0 0
708 2 0 0 0 0 0 0 0 0 1 1 0 0
711 2 1 1 0 0 0 0 0 0 1 0 0 0
718 1 0 0 0 0 0 0 0 0 0 0 0 0
720 4 0 0 0 0 0 0 0 0 0 0 0 0
721 1 0 0 0 0 0 0 0 0 0 0 0 0
726 2 0 0 0 0 0 0 0 0 0 0 0 0
731 2 0 0 0 0 0 0 0 0 1 0 0 0
732 1 0 0 0 0 0 0 0 0 0 0 0 0
733 2 0 0 0 0 0 0 0 0 1 0 0 0
734 1 0 0 0 0 0 0 0 0 0 0 0 0
759 3 0 0 0 0 0 0 0 0 0 0 0 0
770 5 0 0 1 0 0 0 0 0 2 0 0 0
771 5 0 0 0 0 0 1 0 0 0 0 0 0
775 2 1 1 1 0 0 0 0 0 1 1 0 0
782 1 0 0 0 0 0 1 0 0 0 0 0 0
783 2 0 0 1 0 0 1 0 0 0 0 0 0
784 1 0 0 0 0 0 1 0 0 0 0 0 0
785 7 0 0 7 0 0 0 0 0 0 0 0 0
fn=handle_intel.constprop.0
250 108 0 0 0 0 0 72 0 0 0 0 0 0
255 24 1 1 12 0 0 0 0 0 12 0 0 0
261 12 0 0 0 0 0 12 0 0 0 0 0 0
262 12 0 0 0 0 0 12 0 0 0 0 0 0
267 48 0 0 0 0 0 12 0 0 0 0 0 0
271 24 0 0 0 0 0 0 0 0 12 11 0 0
276 24 1 1 0 0 0 0 0 0 0 0 0 0
279 60 0 0 0 0 0 12 0 0 0 0 0 0
281 24 0 0 0 0 0 0 0 0 12 0 0 0
284 60 1 1 0 0 0 12 0 0 0 0 0 0
286 24 0 0 0 0 0 0 0 0 12 12 0 0
305 96 0 0 84 0 0 0 0 0 0 0 0 0
fn=init_cpu_features.constprop.0
792 1 0 0 0 0 0 1 0 0 0 0 0 0
793 1 0 0 0 0 0 1 0 0 0 0 0 0
795 1 0 0 0 0 0 1 0 0 0 0 0 0
809 2 0 0 0 0 0 0 0 0 1 1 0 0
811 3 1 1 0 0 0 2 0 0 0 0 0 0
812 3 1 1 0 0 0 1 0 0 0 0 0 0
813 3 0 0 0 0 0 2 0 0 0 0 0 0
814 2 0 0 0 0 0 2 0 0 0 0 0 0
817 3 0 0 0 0 0 2 0 0 0 0 0 0
819 3 1 1 0 0 0 2 0 0 0 0 0 0
820 2 0 0 1 0 0 1 0 0 0 0 0 0
822 3 0 0 0 0 0 2 0 0 0 0 0 0
824 3 0 0 0 0 0 2 0 0 0 0 0 0
825 1 0 0 0 0 0 1 0 0 0 0 0 0
827 3 0 0 0 0 0 2 0 0 0 0 0 0
829 3 1 1 0 0 0 2 0 0 0 0 0 0
830 2 0 0 1 0 0 1 0 0 0 0 0 0
832 3 0 0 0 0 0 2 0 0 0 0 0 0
834 3 0 0 0 0 0 1 0 0 0 0 0 0
836 3 1 1 0 0 0 2 0 0 0 0 0 0
838 5 0 0 1 0 0 1 0 0 0 0 0 0
894 2 1 1 1 0 0 1 1 1 0 0 0 0
895 2 0 0 1 0 0 1 0 0 0 0 0 0
896 2 0 0 1 0 0 1 0 0 0 0 0 0
897 2 1 1 1 0 0 1 0 0 0 0 0 0
898 2 0 0 1 0 0 1 0 0 0 0 0 0
899 2 0 0 1 0 0 1 0 0 0 0 0 0
900 1 0 0 0 0 0 1 1 1 0 0 0 0
901 1 0 0 0 0 0 1 0 0 0 0 0 0
902 1 0 0 0 0 0 1 0 0 0 0 0 0
903 1 1 1 0 0 0 1 0 0 0 0 0 0
904 1 0 0 0 0 0 1 0 0 0 0 0 0
905 1 0 0 0 0 0 1 0 0 0 0 0 0
907 1 0 0 1 0 0 0 0 0 0 0 0 0
910 3 0 0 0 0 0 0 0 0 0 0 0 0
924 3 0 0 1 0 0 0 0 0 0 0 0 0
925 7 1 1 5 0 0 2 0 0 0 0 0 0
930 2 0 0 0 0 0 0 0 0 0 0 0 0
931 6 0 0 2 0 0 0 0 0 0 0 0 0
932 2 0 0 0 0 0 0 0 0 0 0 0 0
939 3 0 0 1 0 0 0 0 0 1 0 0 0
959 6 1 1 0 0 0 0 0 0 0 0 0 0
968 2 0 0 0 0 0 0 0 0 0 0 0 0
969 2 0 0 0 0 0 0 0 0 1 1 0 0
974 12 2 2 0 0 0 0 0 0 0 0 0 0
987 5 0 0 2 0 0 1 0 0 0 0 0 0
995 7 1 1 1 0 0 1 0 0 0 0 0 0
997 2 0 0 0 0 0 0 0 0 1 1 0 0
1000 5 0 0 1 0 0 1 0 0 0 0 0 0
1002 2 0 0 0 0 0 0 0 0 1 1 0 0
1005 5 1 1 1 0 0 1 0 0 0 0 0 0
1006 5 0 0 0 0 0 1 0 0 1 0 0 0
1010 6 0 0 1 0 0 2 0 0 0 0 0 0
1011 3 0 0 1 0 0 0 0 0 1 1 0 0
1017 7 0 0 1 0 0 3 0 0 0 0 0 0
1020 11 2 2 2 0 0 5 0 0 0 0 0 0
1021 10 1 1 2 0 0 5 0 0 0 0 0 0
1022 13 2 2 2 0 0 6 0 0 0 0 0 0
1025 10 0 0 1 0 0 5 0 0 0 0 0 0
1027 10 1 1 1 0 0 5 0 0 0 0 0 0
1040 4 0 0 3 0 0 0 0 0 0 0 0 0
1042 2 0 0 1 0 0 1 0 0 0 0 0 0
1043 2 1 1 1 0 0 1 0 0 0 0 0 0
1044 1 0 0 0 0 0 1 0 0 0 0 0 0
1045 1 0 0 0 0 0 1 0 0 0 0 0 0
1046 1 1 1 0 0 0 1 0 0 0 0 0 0
1047 1 0 0 0 0 0 1 0 0 0 0 0 0
fn=intel_check_word.constprop.0
110 648 1 1 324 6 6 0 0 0 324 6 0 0
113 324 0 0 0 0 0 0 0 0 324 41 0 0
119 216 0 0 0 0 0 96 0 0 0 0 0 0
123 48 1 1 0 0 0 0 0 0 24 0 0 0
125 12 0 0 0 0 0 0 0 0 0 0 0 0
129 120 1 1 0 0 0 0 0 0 0 0 0 0
131 144 0 0 0 0 0 0 0 0 72 2 0 0
133 60 0 0 0 0 0 0 0 0 0 0 0 0
135 120 0 0 0 0 0 0 0 0 60 0 0 0
143 120 1 1 0 0 0 0 0 0 60 2 0 0
152 12 0 0 0 0 0 0 0 0 0 0 0 0
155 138 1 1 0 0 0 0 0 0 12 5 0 0
158 99 0 0 0 0 0 0 0 0 33 1 0 0
162 58 0 0 0 0 0 0 0 0 0 0 0 0
164 189 1 1 0 0 0 0 0 0 35 6 0 0
167 120 0 0 0 0 0 0 0 0 20 3 0 0
168 72 0 0 0 0 0 0 0 0 18 4 0 0
169 60 0 0 0 0 0 0 0 0 15 3 0 0
170 48 0 0 0 0 0 0 0 0 12 4 0 0
172 11 1 1 0 0 0 0 0 0 0 0 0 0
174 22 0 0 0 0 0 0 0 0 11 4 0 0
176 12 1 1 0 0 0 0 0 0 0 0 0 0
177 16 0 0 0 0 0 0 0 0 0 0 0 0
178 12 0 0 0 0 0 0 0 0 0 0 0 0
179 20 0 0 0 0 0 0 0 0 0 0 0 0
180 14 1 1 0 0 0 0 0 0 7 3 0 0
181 12 0 0 0 0 0 0 0 0 0 0 0 0
183 8 0 0 0 0 0 0 0 0 4 0 0 0
184 12 0 0 0 0 0 0 0 0 0 0 0 0
187 21 0 0 0 0 0 0 0 0 0 0 0 0
190 2 0 0 0 0 0 0 0 0 0 0 0 0
194 192 0 0 0 0 0 0 0 0 48 6 0 0
202 168 1 1 48 0 0 0 0 0 0 0 0 0
216 48 0 0 0 0 0 0 0 0 0 0 0 0
246 144 0 0 120 0 0 0 0 0 0 0 0 0
fl=./elf/../sysdeps/x86/dl-get-cpu-features.c
fn=__x86_cpu_features
39 3 0 0 1 1 0 0 0 0 1 0 0 0
71 3 1 1 1 0 0 0 0 0 0 0 0 0
fn=_dl_x86_init_cpu_features
37 1 1 1 0 0 0 0 0 0 0 0 0 0
39 3 0 0 1 0 0 0 0 0 1 1 0 0
41 1 0 0 0 0 0 0 0 0 0 0 0 0
fl=./elf/../sysdeps/x86/dl-isa-level.h
fn=_dl_load_cache_lookup
28 24 0 0 8 0 0 8 0 0 0 0 0 0
fl=./elf/../sysdeps/x86/dl-procinfo.h
fn=_dl_load_cache_lookup
39 8 1 1 0 0 0 0 0 0 4 0 0 0
42 28 0 0 0 0 0 8 1 1 4 3 0 0
fl=./elf/../sysdeps/x86/dl-prop.h
fn=_dl_map_object_from_fd
149 20 0 0 10 0 0 0 0 0 10 9 0 0
fn=_dl_process_pt_gnu_property
95 36 1 1 0 0 0 0 0 0 9 0 0 0
102 18 0 0 0 0 0 0 0 0 9 0 0 0
115 18 0 0 0 0 0 0 0 0 9 4 0 0
118 9 0 0 9 2 2 0 0 0 0 0 0 0
252 6 1 1 0 0 0 0 0 0 3 0 0 0
253 3 0 0 0 0 0 3 0 0 0 0 0 0
254 12 0 0 0 0 0 0 0 0 6 0 0 0
255 6 0 0 0 0 0 6 0 0 0 0 0 0
257 36 0 0 9 0 0 9 0 0 0 0 0 0
258 3 0 0 3 0 0 0 0 0 0 0 0 0
260 9 0 0 3 0 0 0 0 0 0 0 0 0
fn=dl_main
36 2 0 0 2 0 0 0 0 0 0 0 0 0
37 24 1 1 0 0 0 0 0 0 8 5 0 0
40 10 0 0 10 0 0 0 0 0 0 0 0 0
49 40 1 1 13 0 0 0 0 0 14 1 0 0
53 33 0 0 7 1 0 0 0 0 6 0 0 0
71 2 0 0 1 0 0 1 0 0 0 0 0 0
149 4 0 0 2 0 0 0 0 0 2 2 0 0
235 4 1 1 4 0 0 0 0 0 0 0 0 0
236 2 0 0 2 0 0 0 0 0 0 0 0 0
fl=./elf/../sysdeps/x86/get-isa-level.h
fn=_dl_hwcaps_subdirs_active
30 4 0 0 0 0 0 0 0 0 1 1 0 0
31 1 0 0 1 0 0 0 0 0 0 0 0 0
32 3 0 0 1 0 0 0 0 0 1 0 0 0
36 3 0 0 0 0 0 0 0 0 1 0 0 0
39 4 1 1 1 0 0 0 0 0 1 0 0 0
40 4 0 0 1 0 0 0 0 0 1 0 0 0
45 4 0 0 0 0 0 0 0 0 1 0 0 0
48 2 0 0 0 0 0 0 0 0 1 0 0 0
51 5 0 0 1 0 0 0 0 0 1 0 0 0
53 4 1 1 0 0 0 0 0 0 1 0 0 0
54 2 0 0 0 0 0 0 0 0 1 0 0 0
55 2 0 0 0 0 0 0 0 0 1 0 0 0
58 4 0 0 0 0 0 0 0 0 1 1 0 0
fn=update_active.constprop.0
28 1 0 0 0 0 0 0 0 0 0 0 0 0
30 4 0 0 0 0 0 0 0 0 0 0 0 0
31 1 0 0 1 0 0 0 0 0 0 0 0 0
32 3 0 0 0 0 0 0 0 0 1 0 0 0
36 3 0 0 0 0 0 0 0 0 1 1 0 0
38 1 0 0 0 0 0 0 0 0 0 0 0 0
39 2 1 1 0 0 0 0 0 0 1 0 0 0
40 4 1 1 1 0 0 0 0 0 1 0 0 0
45 4 0 0 0 0 0 0 0 0 0 0 0 0
47 1 0 0 0 0 0 0 0 0 0 0 0 0
48 2 0 0 0 0 0 0 0 0 1 0 0 0
51 5 1 1 1 0 0 0 0 0 1 0 0 0
53 4 0 0 0 0 0 0 0 0 1 0 0 0
54 2 0 0 0 0 0 0 0 0 0 0 0 0
55 2 0 0 0 0 0 0 0 0 1 0 0 0
57 1 0 0 0 0 0 0 0 0 0 0 0 0
58 4 0 0 0 0 0 0 0 0 1 1 0 0
fl=./elf/../sysdeps/x86_64/dl-cet.c
fn=_dl_cet_check
145 2 0 0 1 1 0 0 0 0 1 0 0 0
157 2 0 0 1 0 0 0 0 0 1 1 0 0
173 1 1 1 0 0 0 0 0 0 0 0 0 0
179 1 0 0 0 0 0 1 0 0 0 0 0 0
275 2 0 0 0 0 0 0 0 0 1 0 0 0
276 1 0 0 0 0 0 1 0 0 0 0 0 0
277 2 0 0 1 0 0 0 0 0 0 0 0 0
282 4 0 0 1 0 0 1 0 0 0 0 0 0
283 3 0 0 0 0 0 1 0 0 0 0 0 0
285 2 0 0 1 0 0 1 0 0 0 0 0 0
293 5 1 1 1 0 0 0 0 0 1 0 0 0
296 1 0 0 0 0 0 1 0 0 0 0 0 0
300 2 0 0 0 0 0 0 0 0 1 0 0 0
301 1 0 0 0 0 0 1 0 0 0 0 0 0
302 2 0 0 0 0 0 0 0 0 0 0 0 0
303 2 1 1 0 0 0 0 0 0 1 0 0 0
304 2 0 0 0 0 0 1 0 0 0 0 0 0
305 2 0 0 0 0 0 0 0 0 0 0 0 0
308 1 0 0 0 0 0 1 0 0 0 0 0 0
310 1 0 0 0 0 0 1 0 0 0 0 0 0
313 2 0 0 0 0 0 0 0 0 1 0 0 0
361 8 1 1 0 0 0 4 0 0 0 0 0 0
363 6 0 0 5 0 0 0 0 0 0 0 0 0
fn=_dl_cet_setup_features
331 1 1 1 0 0 0 0 0 0 0 0 0 0
334 2 0 0 0 0 0 0 0 0 1 0 0 0
350 1 0 0 1 0 0 0 0 0 0 0 0 0
fl=./elf/../sysdeps/x86_64/dl-hwcaps-subdirs.c
fn=_dl_hwcaps_subdirs_active
29 1 1 1 0 0 0 0 0 0 0 0 0 0
38 3 0 0 0 0 0 0 0 0 0 0 0 0
43 1 0 0 0 0 0 0 0 0 0 0 0 0
48 1 0 0 0 0 0 0 0 0 0 0 0 0
52 1 0 0 1 0 0 0 0 0 0 0 0 0
fl=./elf/../sysdeps/x86_64/dl-irel.h
fn=_dl_fixup
32 4 2 1 0 0 0 4 0 0 0 0 4 4
fl=./elf/../sysdeps/x86_64/dl-machine.h
fn=_dl_fixup
234 110 0 0 0 0 0 110 0 0 0 0 0 0
fn=_dl_relocate_object
81 30 0 0 4 0 0 0 0 0 4 2 0 0
87 8 1 1 6 2 0 0 0 0 2 2 0 0
91 6 0 0 2 2 2 0 0 0 2 0 0 0
97 2 0 0 0 0 0 2 0 0 0 0 0 0
108 6 0 0 2 0 0 0 0 0 2 0 0 0
129 4 0 0 2 0 0 0 0 0 2 0 0 0
132 4 0 0 0 0 0 2 0 0 0 0 0 0
134 8 0 0 2 1 0 0 0 0 0 0 0 0
267 6956 2 2 0 0 0 0 0 0 0 0 0 0
274 6956 0 0 0 0 0 0 0 0 3478 0 0 0
278 6956 0 0 0 0 0 0 0 0 3478 4 0 0
287 28203 3 3 10590 3 1 0 0 0 6991 30 0 0
290 6975 1 1 3445 0 0 0 0 0 0 0 0 0
291 136 0 0 0 0 0 0 0 0 68 14 0 0
292 13848 0 0 0 0 0 0 0 0 3462 4 0 0
295 4 1 1 0 0 0 0 0 0 2 0 0 0
296 6 0 0 2 0 0 0 0 0 2 2 0 0
307 4 1 1 0 0 0 4 0 0 0 0 0 0
314 10 1 1 4 0 0 2 0 0 0 0 2 2
317 20868 1 1 3478 9 3 0 0 0 3478 0 3478 597
320 72 0 0 0 0 0 72 0 0 0 0 0 0
323 72 0 0 0 0 0 0 0 0 0 0 0 0
346 8 1 1 0 0 0 0 0 0 4 0 0 0
347 12 0 0 8 3 0 4 3 2 0 0 0 0
352 6 0 0 2 0 0 0 0 0 2 2 0 0
354 4 0 0 4 0 0 0 0 0 0 0 0 0
363 4 0 0 2 0 0 2 1 0 0 0 0 0
393 35 1 1 0 0 0 21 0 0 0 0 0 0
400 51 1 1 17 0 0 0 0 0 17 0 0 0
402 68 0 0 17 0 0 0 0 0 17 0 0 0
406 51 1 1 34 3 3 0 0 0 0 0 0 0
415 34 0 0 17 0 0 17 5 5 0 0 0 0
423 9684 1 1 6231 353 353 3453 1172 445 0 0 0 0
436 7 0 0 0 0 0 4 0 0 1 0 0 0
460 6 1 1 2 0 0 0 0 0 2 0 0 0
464 8 0 0 2 0 0 4 0 0 0 0 0 0
465 8 1 1 4 1 0 0 0 0 0 0 0 0
466 10 0 0 6 0 0 0 0 0 2 0 0 0
467 4 1 1 0 0 0 0 0 0 2 2 0 0
476 136 1 1 136 0 0 0 0 0 0 0 0 0
478 68 0 0 0 0 0 68 0 0 0 0 68 68
479 68 0 0 0 0 0 68 3 1 0 0 0 0
498 3063 0 0 1021 127 127 0 0 0 0 0 0 0
499 1021 0 0 0 0 0 1021 278 273 0 0 0 0
503 2042 0 0 0 0 0 0 0 0 1021 0 0 0
504 2042 0 0 1021 128 128 0 0 0 0 0 0 0
514 2224 0 0 1112 0 0 0 0 0 0 0 0 0
518 2224 0 0 0 0 0 0 0 0 1112 0 0 0
521 3336 0 0 1112 0 0 0 0 0 1112 0 0 0
522 1112 0 0 1112 139 139 0 0 0 0 0 0 0
730 14 0 0 0 0 0 0 0 0 7 3 0 0
734 8 1 1 4 3 0 0 0 0 4 0 0 0
fn=_dl_start
55 1 0 0 0 0 0 0 0 0 0 0 0 0
278 9 0 0 0 0 0 0 0 0 3 0 0 0
287 27 0 0 9 3 3 1 0 0 3 0 0 0
290 6 0 0 3 0 0 0 0 0 0 0 0 0
291 12 0 0 0 0 0 0 0 0 3 0 0 0
317 8 0 0 0 0 0 0 0 0 4 3 0 0
323 2 0 0 0 0 0 2 1 1 0 0 0 0
fn=_dl_sysdep_start
220 1 0 0 0 0 0 1 0 0 0 0 0 0
fl=./elf/../sysdeps/x86_64/dl-runtime.h
fn=_dl_fixup
28 110 0 0 0 0 0 0 0 0 0 0 0 0
fl=./elf/../sysdeps/x86_64/dl-trampoline.h
fn=_dl_runtime_resolve_xsave
71 110 3 1 0 0 0 0 0 0 0 0 0 0
76 110 0 0 0 0 0 110 0 0 0 0 0 0
79 110 0 0 0 0 0 0 0 0 0 0 0 0
81 110 0 0 0 0 0 0 0 0 0 0 0 0
91 110 0 0 110 5 0 0 0 0 0 0 0 0
97 110 0 0 0 0 0 110 2 0 0 0 0 0
98 110 0 0 0 0 0 110 0 0 0 0 0 0
99 110 2 1 0 0 0 110 0 0 0 0 0 0
100 110 0 0 0 0 0 110 0 0 0 0 0 0
101 110 0 0 0 0 0 110 0 0 0 0 0 0
102 110 0 0 0 0 0 110 0 0 0 0 0 0
103 110 0 0 0 0 0 110 0 0 0 0 0 0
107 110 0 0 0 0 0 0 0 0 0 0 0 0
108 110 0 0 0 0 0 0 0 0 0 0 0 0
111 110 0 0 0 0 0 110 5 0 0 0 0 0
112 110 0 0 0 0 0 110 0 0 0 0 0 0
114 110 0 0 0 0 0 110 0 0 0 0 0 0
115 110 0 0 0 0 0 110 0 0 0 0 0 0
116 110 1 1 0 0 0 110 0 0 0 0 0 0
117 110 0 0 0 0 0 110 0 0 0 0 0 0
118 110 0 0 0 0 0 110 0 0 0 0 0 0
119 110 0 0 0 0 0 110 0 0 0 0 0 0
121 110 0 0 110 0 0 3630 18 0 0 0 0 0
128 110 0 0 110 0 0 0 0 0 0 0 0 0
129 110 0 0 110 0 0 0 0 0 0 0 0 0
130 110 0 0 0 0 0 110 3 0 0 0 0 0
131 110 0 0 0 0 0 0 0 0 0 0 0 0
136 110 0 0 0 0 0 0 0 0 0 0 0 0
137 110 0 0 0 0 0 0 0 0 0 0 0 0
138 110 0 0 3960 0 0 0 0 0 0 0 0 0
140 110 3 1 110 0 0 0 0 0 0 0 0 0
141 110 0 0 110 0 0 0 0 0 0 0 0 0
142 110 0 0 110 0 0 0 0 0 0 0 0 0
143 110 0 0 110 0 0 0 0 0 0 0 0 0
144 110 0 0 110 0 0 0 0 0 0 0 0 0
145 110 0 0 110 0 0 0 0 0 0 0 0 0
146 110 0 0 110 0 0 0 0 0 0 0 0 0
148 110 0 0 0 0 0 0 0 0 0 0 0 0
150 110 0 0 110 0 0 0 0 0 0 0 0 0
154 110 0 0 0 0 0 0 0 0 0 0 0 0
156 110 0 0 0 0 0 0 0 0 0 0 110 110
fl=./elf/../sysdeps/x86_64/tls_get_addr.S
fn=__tls_get_addr
29 2 1 1 0 0 0 0 0 0 0 0 0 0
30 2 0 0 2 0 0 0 0 0 0 0 0 0
31 2 0 0 2 1 0 0 0 0 0 0 0 0
33 2 0 0 2 1 0 0 0 0 0 0 0 0
34 2 0 0 0 0 0 0 0 0 2 0 0 0
35 2 0 0 2 1 0 0 0 0 0 0 0 0
38 2 0 0 0 0 0 0 0 0 0 0 0 0
39 2 1 1 2 0 0 0 0 0 0 0 0 0
43 2 0 0 0 0 0 0 0 0 0 0 0 0
44 2 0 0 0 0 0 0 0 0 2 0 0 0
45 2 0 0 2 0 0 0 0 0 0 0 0 0
46 2 0 0 2 0 0 0 0 0 0 0 0 0
fl=./elf/./dl-find_object.h
fn=_dl_find_object_from_map
95 14 1 1 7 4 0 7 2 1 0 0 0 0
96 14 1 1 7 0 0 7 0 0 0 0 0 0
97 7 0 0 0 0 0 7 3 3 0 0 0 0
103 35 0 0 14 6 0 0 0 0 0 0 0 0
104 203 0 0 0 0 0 0 0 0 70 4 0 0
105 140 1 1 70 59 8 0 0 0 70 21 0 0
107 21 0 0 14 3 0 7 0 0 0 0 0 0
112 7 0 0 7 0 0 0 0 0 0 0 0 0
fl=./elf/./dl-hwcaps.h
fn=_dl_important_hwcaps
43 9 1 1 0 0 0 6 0 0 0 0 0 0
45 7 0 0 0 0 0 6 0 0 0 0 0 0
46 1 0 0 0 0 0 0 0 0 0 0 0 0
77 8 0 0 3 0 0 5 0 0 0 0 0 0
78 8 1 1 3 0 0 5 0 0 0 0 0 0
79 7 2 2 0 0 0 2 0 0 0 0 0 0
fl=./elf/./dl-load.h
fn=_dl_map_object_from_fd
91 40 0 0 20 0 0 0 0 0 20 3 0 0
92 16 1 1 8 0 0 0 0 0 4 0 0 0
93 20 1 1 4 0 0 0 0 0 4 0 0 0
94 16 0 0 4 0 0 0 0 0 0 0 0 0
96 16 0 0 0 0 0 4 0 0 0 0 0 0
fl=./elf/./dl-main.h
fn=dl_main
109 5 1 1 4 0 0 1 0 0 0 0 0 0
fl=./elf/./dl-map-segments.h
fn=_dl_map_object_from_fd
28 15 0 0 5 0 0 0 0 0 5 0 0 0
29 45 1 1 15 0 0 10 1 1 0 0 0 0
81 5 0 0 5 0 0 0 0 0 0 0 0 0
101 5 0 0 0 0 0 5 0 0 0 0 0 0
102 15 0 0 5 0 0 0 0 0 5 0 0 0
105 15 0 0 5 0 0 5 0 0 0 0 0 0
106 10 0 0 0 0 0 5 0 0 0 0 0 0
108 10 1 1 5 0 0 0 0 0 5 2 0 0
125 5 1 1 5 0 0 0 0 0 0 0 0 0
135 120 1 1 20 0 0 0 0 0 20 4 0 0
137 60 0 0 30 0 0 0 0 0 15 0 0 0
139 150 0 0 60 0 0 15 0 0 15 2 0 0
149 80 0 0 40 0 0 0 0 0 20 11 0 0
155 10 1 1 5 0 0 0 0 0 0 0 0 0
156 5 0 0 0 0 0 0 0 0 0 0 0 0
157 15 0 0 5 0 0 0 0 0 0 0 0 0
158 10 0 0 0 0 0 0 0 0 0 0 0 0
160 10 0 0 0 0 0 0 0 0 0 0 0 0
165 10 0 0 0 0 0 0 0 0 5 0 0 0
168 15 0 0 5 0 0 0 0 0 5 0 0 0
176 35 0 0 5 0 0 10 0 0 0 0 0 0
182 10 0 0 0 0 0 0 0 0 5 2 0 0
186 16 2 2 2 0 0 2 0 0 0 0 0 0
189 4 0 0 0 0 0 0 0 0 2 2 0 0
194 20 1 1 0 0 0 0 0 0 0 0 0 0
fl=./elf/./dl-sym-post.h
fn=lookup_malloc_symbol
41 8 0 0 0 0 0 0 0 0 4 0 0 0
53 12 0 0 4 0 0 0 0 0 4 0 0 0
fl=./elf/./dl-tunable-types.h
fn=__GI___tunable_set_val
84 5 0 0 0 0 0 0 0 0 0 0 0 0
fl=./elf/./elf/dl-audit.c
fn=_dl_audit_activity_map
29 7 1 1 0 0 0 5 0 0 0 0 0 0
30 1 0 0 1 0 0 0 0 0 0 0 0 0
31 3 0 0 1 0 0 0 0 0 1 1 0 0
37 6 1 1 6 0 0 0 0 0 0 0 0 0
fn=_dl_audit_activity_nsid
41 3 2 1 0 0 0 0 0 0 0 0 0 0
45 12 0 0 3 1 0 0 0 0 0 0 0 0
46 3 0 0 3 1 0 0 0 0 0 0 0 0
47 15 2 1 3 0 0 0 0 0 6 0 0 0
fn=_dl_audit_objclose
97 7 1 1 0 0 0 0 0 0 0 0 0 0
98 28 0 0 14 0 0 0 0 0 7 3 0 0
fn=_dl_audit_objopen
77 5 1 1 0 0 0 0 0 0 0 0 0 0
78 20 0 0 10 0 0 0 0 0 5 0 0 0
fn=_dl_audit_preinit
118 1 1 1 0 0 0 0 0 0 0 0 0 0
119 4 0 0 2 1 0 0 0 0 1 0 0 0
fl=./elf/./elf/dl-cache.c
fn=_dl_cache_libcmp
357 88 1 1 0 0 0 0 0 0 0 0 0 0
358 530 1 1 44 0 0 0 0 0 243 10 0 0
360 714 0 0 0 0 0 0 0 0 238 5 0 0
362 248 1 1 0 0 0 0 0 0 5 0 0 0
368 20 0 0 0 0 0 0 0 0 0 0 0 0
369 15 0 0 0 0 0 0 0 0 0 0 0 0
370 214 0 0 199 0 0 0 0 0 5 2 0 0
372 214 0 0 199 3 3 0 0 0 5 2 0 0
374 10 0 0 0 0 0 0 0 0 5 2 0 0
380 466 0 0 0 0 0 0 0 0 233 0 0 0
382 466 0 0 0 0 0 0 0 0 233 39 0 0
383 117 1 1 39 0 0 0 0 0 0 0 0 0
386 194 0 0 0 0 0 0 0 0 0 0 0 0
387 194 0 0 0 0 0 0 0 0 0 0 0 0
390 59 0 0 49 34 34 0 0 0 0 0 0 0
fn=_dl_load_cache_lookup
191 78 0 0 0 0 0 0 0 0 0 0 0 0
205 4 0 0 4 0 0 0 0 0 0 0 0 0
208 32 2 2 4 0 0 12 0 0 0 0 0 0
210 40 0 0 12 0 0 12 0 0 0 0 0 0
211 8 1 1 0 0 0 0 0 0 0 0 0 0
213 20 0 0 0 0 0 4 0 0 0 0 0 0
220 90 0 0 4 0 0 0 0 0 39 2 0 0
222 235 1 1 8 0 0 12 0 0 0 0 0 0
223 78 0 0 39 31 31 0 0 0 0 0 0 0
227 117 1 1 39 0 0 0 0 0 39 0 0 0
231 117 0 0 39 0 0 39 0 0 0 0 0 0
232 78 0 0 0 0 0 0 0 0 39 2 0 0
240 18 0 0 0 0 0 0 0 0 9 3 0 0
242 10 0 0 5 0 0 0 0 0 0 0 0 0
245 10 0 0 0 0 0 0 0 0 5 0 0 0
247 30 0 0 0 0 0 5 0 0 0 0 0 0
249 5 0 0 0 0 0 0 0 0 0 0 0 0
259 8 0 0 4 0 0 0 0 0 4 2 0 0
269 12 1 1 8 0 0 0 0 0 4 0 0 0
270 16 0 0 4 0 0 0 0 0 4 0 0 0
286 28 1 1 0 0 0 0 0 0 4 0 0 0
295 8 0 0 4 0 0 0 0 0 4 0 0 0
298 8 0 0 4 0 0 0 0 0 4 0 0 0
301 4 0 0 0 0 0 0 0 0 0 0 0 0
302 12 1 1 4 0 0 0 0 0 4 2 0 0
330 8 0 0 0 0 0 4 0 0 0 0 0 0
346 35 0 0 0 0 0 0 0 0 35 20 0 0
347 17 1 1 0 0 0 0 0 0 0 0 0 0
349 18 0 0 0 0 0 0 0 0 0 0 0 0
403 40 1 1 0 0 0 28 0 0 0 0 0 0
405 8 0 0 4 0 0 0 0 0 4 0 0 0
408 12 1 1 4 0 0 0 0 0 4 2 0 0
411 5 1 1 0 0 0 1 0 0 0 0 0 0
419 5 1 1 1 0 0 0 0 0 2 0 0 0
420 8 1 1 3 1 1 0 0 0 2 1 0 0
423 6 1 1 0 0 0 0 0 0 1 0 0 0
424 1 0 0 1 0 0 0 0 0 0 0 0 0
431 1 1 1 0 0 0 1 0 0 0 0 0 0
432 2 0 0 0 0 0 1 0 0 0 0 0 0
477 9 0 0 3 0 0 0 0 0 3 0 0 0
482 12 0 0 4 0 0 0 0 0 4 0 0 0
485 12 0 0 4 0 0 4 0 0 0 0 0 0
500 8 0 0 4 0 0 0 0 0 4 0 0 0
512 12 0 0 4 0 0 4 0 0 0 0 0 0
513 60 1 1 4 0 0 0 0 0 8 2 0 0
514 16 1 1 4 0 0 4 0 0 0 0 0 0
515 4 0 0 0 0 0 4 0 0 0 0 0 0
516 32 0 0 28 0 0 0 0 0 0 0 0 0
fn=_dl_unload_cache
525 3 1 1 0 0 0 1 0 0 0 0 0 0
526 4 0 0 1 1 0 0 0 0 1 1 0 0
528 2 0 0 1 0 0 1 0 0 0 0 0 0
529 1 0 0 0 0 0 1 0 0 0 0 0 0
533 1 0 0 0 0 0 1 0 0 0 0 0 0
535 2 1 1 2 0 0 0 0 0 0 0 0 0
fl=./elf/./elf/dl-call-libc-early-init.c
fn=_dl_call_libc_early_init
27 7 1 1 0 0 0 3 0 0 0 0 0 0
29 2 0 0 0 0 0 0 0 0 1 0 0 0
33 5 0 0 0 0 0 1 0 0 0 0 0 0
37 2 0 0 0 0 0 0 0 0 1 0 0 0
39 4 1 1 3 0 0 0 0 0 1 0 0 0
40 2 0 0 0 0 0 0 0 0 0 0 1 1
41 3 0 0 3 0 0 0 0 0 0 0 0 0
fl=./elf/./elf/dl-call_fini.c
fn=_dl_call_fini
24 56 1 1 0 0 0 28 0 0 0 0 0 0
28 14 0 0 7 0 0 0 0 0 7 0 0 0
32 7 1 1 7 0 0 0 0 0 0 0 0 0
34 7 0 0 7 7 0 0 0 0 0 0 0 0
35 14 0 0 0 0 0 0 0 0 7 2 0 0
38 10 0 0 10 5 0 0 0 0 0 0 0 0
39 15 0 0 10 3 0 0 0 0 0 0 0 0
42 44 0 0 0 0 0 0 0 0 11 1 0 0
43 6 0 0 6 5 0 6 0 0 0 0 6 6
47 7 1 1 7 5 0 0 0 0 0 0 0 0
48 14 0 0 0 0 0 0 0 0 7 2 0 0
49 15 0 0 10 3 0 0 0 0 0 0 5 5
50 37 0 0 30 0 0 0 0 0 0 0 0 0
fl=./elf/./elf/dl-catch.c
fn=_dl_catch_error
254 12 1 1 0 0 0 4 0 0 0 0 0 0
256 2 0 0 0 0 0 1 0 0 0 0 0 0
257 2 0 0 1 0 0 1 0 0 0 0 0 0
258 2 0 0 1 0 0 1 0 0 0 0 0 0
259 2 0 0 1 0 0 1 0 0 0 0 0 0
261 6 1 1 5 0 0 0 0 0 0 0 0 0
fn=_dl_catch_exception
58 39 0 0 13 1 1 0 0 0 13 6 0 0
59 26 1 1 13 0 0 13 0 0 0 0 0 0
69 26 0 0 13 0 0 0 0 0 13 0 0 0
70 65 0 0 13 0 0 26 0 0 0 0 0 0
204 104 1 1 0 0 0 65 3 3 0 0 0 0
207 26 0 0 0 0 0 0 0 0 13 0 0 0
214 13 0 0 0 0 0 0 0 0 0 0 0 0
228 13 1 1 0 0 0 13 1 1 0 0 0 0
229 26 0 0 0 0 0 13 0 0 0 0 0 0
235 78 1 1 0 0 0 13 0 0 13 0 0 0
237 39 0 0 26 0 0 13 0 0 0 0 13 2
239 52 0 0 13 0 0 26 0 0 0 0 0 0
248 39 0 0 39 0 0 0 0 0 0 0 0 0
fn=_dl_receive_error
58 2 1 1 1 0 0 0 0 0 1 0 0 0
59 1 0 0 1 0 0 0 0 0 0 0 0 0
69 2 0 0 1 0 0 0 0 0 1 0 0 0
70 2 0 0 0 0 0 2 0 0 0 0 0 0
186 7 1 1 0 0 0 3 0 0 0 0 0 0
188 1 0 0 1 0 0 0 0 0 0 0 0 0
192 1 0 0 0 0 0 1 0 0 0 0 0 0
194 1 0 0 0 0 0 1 0 0 0 0 1 1
197 1 0 0 0 0 0 1 0 0 0 0 0 0
198 4 0 0 4 0 0 0 0 0 0 0 0 0
fl=./elf/./elf/dl-debug.c
fn=_dl_debug_initialize
56 3 1 1 0 0 0 0 0 0 0 0 0 0
57 1 1 1 0 0 0 0 0 0 0 0 0 0
59 2 0 0 0 0 0 0 0 0 1 0 0 0
61 2 0 0 0 0 0 0 0 0 0 0 0 0
63 3 0 0 1 1 1 0 0 0 1 0 0 0
64 1 0 0 0 0 0 1 0 0 0 0 0 0
85 3 0 0 1 0 0 0 0 0 1 1 0 0
90 3 1 1 1 1 1 1 0 0 0 0 0 0
91 2 0 0 0 0 0 1 0 0 0 0 0 0
92 1 0 0 0 0 0 1 0 0 0 0 0 0
95 3 0 0 2 0 0 0 0 0 1 1 0 0
96 6 1 1 1 0 0 1 0 0 0 0 0 0
99 2 0 0 0 0 0 0 0 0 1 1 0 0
107 2 0 0 1 0 0 0 0 0 0 0 0 0
fn=_dl_debug_state
116 2 1 1 0 0 0 0 0 0 0 0 0 0
117 2 0 0 2 0 0 0 0 0 0 0 0 0
fn=_dl_debug_update
38 6 0 0 0 0 0 0 0 0 0 0 0 0
40 12 0 0 0 0 0 0 0 0 6 6 0 0
41 6 0 0 0 0 0 0 0 0 0 0 0 0
44 12 1 1 6 1 0 0 0 0 6 0 0 0
48 6 0 0 6 0 0 0 0 0 0 0 0 0
fl=./elf/./elf/dl-deps.c
fn=_dl_map_object_deps
128 3 0 0 0 0 0 2 1 1 0 0 0 0
129 5 1 1 0 0 0 2 0 0 0 0 0 0
130 6 0 0 0 0 0 1 0 0 0 0 0 0
132 3 0 0 0 0 0 1 0 0 0 0 0 0
136 8 1 1 2 0 0 2 0 0 0 0 0 0
143 13 1 1 0 0 0 8 1 1 0 0 0 0
144 20 2 2 1 1 1 0 0 0 2 2 0 0
160 9 1 1 0 0 0 0 0 0 2 0 0 0
161 1 0 0 1 0 0 0 0 0 0 0 0 0
164 1 1 1 0 0 0 1 0 0 0 0 0 0
182 1 0 0 1 0 0 0 0 0 0 0 0 0
183 6 0 0 4 0 0 0 0 0 0 0 0 0
184 1 0 0 0 0 0 1 0 0 0 0 0 0
188 15 0 0 7 0 0 1 0 0 0 0 0 0
190 27 1 1 0 0 0 15 0 0 0 0 0 0
193 7 0 0 0 0 0 7 0 0 0 0 0 0
197 21 1 1 7 3 0 0 0 0 7 6 0 0
198 46 1 1 20 0 0 0 0 0 20 2 0 0
201 20 0 0 5 0 0 0 0 0 5 0 0 0
205 10 0 0 5 0 0 0 0 0 0 0 0 0
208 22 0 0 11 3 1 0 0 0 11 4 0 0
210 20 1 1 15 0 0 0 0 0 5 3 0 0
215 5 1 1 0 0 0 5 0 0 0 0 0 0
216 5 0 0 0 0 0 5 1 1 0 0 0 0
217 10 0 0 5 0 0 5 0 0 0 0 0 0
218 10 0 0 5 0 0 5 0 0 0 0 0 0
219 5 0 0 0 0 0 5 0 0 0 0 0 0
221 631 0 0 169 9 0 0 0 0 154 19 0 0
222 298 0 0 0 0 0 0 0 0 149 11 0 0
228 113 1 1 24 0 0 16 0 0 12 11 0 0
230 12 0 0 0 0 0 12 0 0 0 0 0 0
232 48 1 1 0 0 0 12 0 0 0 0 0 0
233 24 0 0 12 0 0 0 0 0 12 0 0 0
242 12 0 0 12 0 0 0 0 0 0 0 0 0
244 24 1 1 12 0 0 0 0 0 12 5 0 0
249 35 1 1 5 0 0 0 0 0 5 5 0 0
252 5 0 0 0 0 0 5 0 0 0 0 0 0
253 5 0 0 0 0 0 5 0 0 0 0 0 0
254 5 0 0 0 0 0 5 0 0 0 0 0 0
255 10 0 0 5 0 0 5 0 0 0 0 0 0
256 5 0 0 0 0 0 5 0 0 0 0 0 0
257 5 0 0 5 0 0 0 0 0 0 0 0 0
259 20 0 0 5 0 0 5 0 0 0 0 0 0
263 36 0 0 12 0 0 0 0 0 12 3 0 0
264 27 0 0 0 0 0 9 1 1 0 0 0 0
266 411 1 1 0 0 0 0 0 0 137 7 0 0
417 14 1 1 0 0 0 0 0 0 7 2 0 0
419 25 0 0 0 0 0 15 0 0 0 0 0 0
422 10 0 0 0 0 0 0 0 0 0 0 0 0
423 20 1 1 10 0 0 0 0 0 5 0 0 0
429 5 0 0 0 0 0 5 1 1 0 0 0 0
430 25 0 0 0 0 0 10 0 0 0 0 0 0
431 25 0 0 0 0 0 5 0 0 0 0 0 0
434 5 0 0 0 0 0 5 0 0 0 0 0 0
435 10 0 0 10 0 0 0 0 0 0 0 0 0
439 21 1 1 7 0 0 0 0 0 7 6 0 0
441 7 0 0 7 0 0 0 0 0 0 0 0 0
442 32 0 0 6 0 0 0 0 0 13 11 0 0
448 5 1 1 1 0 0 0 0 0 1 0 0 0
449 1 0 0 0 0 0 1 0 0 0 0 0 0
452 4 0 0 1 0 0 1 0 0 1 1 0 0
463 5 1 1 1 0 0 2 0 0 0 0 0 0
465 4 0 0 2 0 0 0 0 0 1 0 0 0
470 5 1 1 2 0 0 1 0 0 0 0 0 0
471 1 0 0 0 0 0 1 0 0 0 0 0 0
472 2 0 0 0 0 0 0 0 0 0 0 0 0
474 25 0 0 7 0 0 0 0 0 8 2 0 0
478 7 1 1 7 0 0 0 0 0 0 0 0 0
483 14 0 0 0 0 0 0 0 0 7 6 0 0
485 21 0 0 0 0 0 7 1 1 0 0 0 0
490 7 0 0 7 0 0 0 0 0 0 0 0 0
494 2 1 1 0 0 0 0 0 0 0 0 0 0
495 3 0 0 1 0 0 0 0 0 1 1 0 0
532 2 1 1 0 0 0 0 0 0 1 0 0 0
533 2 0 0 0 0 0 0 0 0 1 1 0 0
547 9 1 1 2 0 0 3 0 0 0 0 0 0
552 9 1 1 1 0 0 2 0 0 0 0 0 0
553 5 1 1 2 0 0 1 0 0 0 0 0 0
557 1 0 0 0 0 0 1 0 0 0 0 0 0
559 2 0 0 1 0 0 1 0 0 0 0 0 0
560 1 0 0 1 0 0 0 0 0 0 0 0 0
561 3 0 0 1 0 0 0 0 0 1 1 0 0
568 3 1 1 1 0 0 0 0 0 1 1 0 0
571 2 0 0 0 0 0 0 0 0 1 0 0 0
574 8 0 0 7 0 0 0 0 0 0 0 0 0
fn=openaux
61 72 0 0 0 0 0 24 0 0 0 0 0 0
64 132 0 0 48 0 0 24 1 1 0 0 0 0
65 12 0 0 12 0 0 0 0 0 0 0 0 0
68 12 1 1 12 0 0 0 0 0 0 0 0 0
69 36 0 0 36 0 0 0 0 0 0 0 0 0
fl=./elf/./elf/dl-environ.c
fn=_dl_next_ld_env_entry
28 3 1 1 0 0 0 0 0 0 0 0 0 0
29 3 0 0 3 0 0 0 0 0 0 0 0 0
32 250 0 0 84 0 0 0 0 0 83 2 0 0
34 164 0 0 82 0 0 0 0 0 82 29 0 0
35 38 0 0 19 0 0 0 0 0 19 9 0 0
37 2 0 0 0 0 0 0 0 0 0 0 0 0
40 4 0 0 0 0 0 2 0 0 0 0 0 0
42 2 0 0 2 0 0 0 0 0 0 0 0 0
45 80 0 0 0 0 0 0 0 0 0 0 0 0
fl=./elf/./elf/dl-find_object.c
fn=_dl_find_object_init
561 5 1 1 0 0 0 3 0 0 0 0 0 0
564 1 0 0 1 1 0 0 0 0 0 0 0 0
566 2 0 0 1 0 0 0 0 0 1 1 0 0
567 3 1 1 0 0 0 1 0 0 0 0 0 0
579 2 1 1 0 0 0 1 0 0 0 0 0 0
580 3 0 0 1 0 0 1 0 0 0 0 0 0
582 2 0 0 0 0 0 0 0 0 1 0 0 0
585 2 0 0 0 0 0 0 0 0 1 0 0 0
590 1 1 1 0 0 0 1 0 0 0 0 0 0
591 1 0 0 0 0 0 1 0 0 0 0 0 0
594 3 0 0 1 0 0 0 0 0 1 1 0 0
596 2 1 1 0 0 0 1 0 0 0 0 0 0
599 6 1 1 3 0 0 1 0 0 0 0 0 0
601 1 0 0 0 0 0 0 0 0 0 0 0 0
604 4 0 0 4 0 0 0 0 0 0 0 0 0
fn=_dlfo_process_initial
474 8 0 0 0 0 0 4 0 0 0 0 0 0
475 2 0 0 2 0 0 0 0 0 0 0 0 0
477 2 0 0 0 0 0 0 0 0 0 0 0 0
478 4 1 1 2 0 0 0 0 0 2 0 0 0
504 24 1 1 4 1 0 0 0 0 4 1 0 0
505 34 0 0 2 0 0 0 0 0 16 4 0 0
506 14 0 0 14 1 0 0 0 0 0 0 0 0
508 52 1 1 12 2 0 0 0 0 26 2 0 0
511 48 0 0 12 0 0 0 0 0 12 4 0 0
513 36 1 1 12 1 1 0 0 0 12 3 0 0
515 12 0 0 0 0 0 6 0 0 0 0 0 0
516 12 0 0 0 0 0 0 0 0 0 0 0 0
517 24 0 0 0 0 0 0 0 0 0 0 0 0
529 2 0 0 0 0 0 2 0 0 0 0 0 0
531 8 0 0 6 0 0 0 0 0 0 0 0 0
fn=_dlfo_sort_mappings
536 1 1 1 0 0 0 0 0 0 0 0 0 0
537 2 0 0 0 0 0 0 0 0 1 0 0 0
540 24 1 1 5 0 0 0 0 0 5 2 0 0
544 10 0 0 5 0 0 0 0 0 0 0 0 0
545 70 1 1 0 0 0 0 0 0 20 9 0 0
546 75 0 0 15 0 0 0 0 0 15 10 0 0
548 5 0 0 0 0 0 0 0 0 0 0 0 0
549 5 0 0 0 0 0 0 0 0 0 0 0 0
553 20 0 0 10 0 0 0 0 0 0 0 0 0
554 25 0 0 10 0 0 10 0 0 0 0 0 0
555 10 0 0 0 0 0 10 0 0 0 0 0 0
557 1 0 0 1 0 0 0 0 0 0 0 0 0
fl=./elf/./elf/dl-fini.c
fn=_dl_fini
26 11 1 1 0 0 0 7 0 0 0 0 0 0
43 1 0 0 0 0 0 0 0 0 0 0 0 0
46 13 1 1 1 1 0 0 0 0 2 1 0 0
49 2 0 0 1 1 0 1 0 0 0 0 1 1
51 1 1 1 1 1 0 0 0 0 0 0 0 0
54 2 0 0 0 0 0 0 0 0 1 0 0 0
56 5 0 0 2 1 0 0 0 0 1 0 0 0
61 1 0 0 0 0 0 1 0 0 0 0 0 0
63 4 0 0 0 0 0 2 0 0 0 0 0 0
68 18 3 3 2 0 0 0 0 0 2 2 0 0
73 25 0 0 8 2 0 0 0 0 8 2 0 0
75 14 0 0 7 7 0 0 0 0 7 0 0 0
77 14 0 0 0 0 0 0 0 0 7 4 0 0
79 14 0 0 0 0 0 7 1 0 0 0 0 0
80 7 0 0 0 0 0 7 7 0 0 0 0 0
81 7 0 0 0 0 0 0 0 0 0 0 0 0
85 7 1 1 7 6 0 0 0 0 0 0 0 0
87 6 0 0 0 0 0 0 0 0 1 1 0 0
88 6 0 0 0 0 0 0 0 0 1 1 0 0
94 6 1 1 0 0 0 2 0 0 0 0 0 0
103 2 0 0 1 0 0 1 0 0 0 0 1 1
108 41 1 1 15 0 0 0 0 0 8 3 0 0
110 7 0 0 7 0 0 0 0 0 0 0 0 0
112 14 0 0 7 0 0 0 0 0 7 2 0 0
114 28 1 1 0 0 0 21 0 0 0 0 0 0
117 14 0 0 0 0 0 7 0 0 0 0 0 0
122 7 0 0 7 0 0 0 0 0 0 0 0 0
126 5 0 0 1 0 0 1 0 0 0 0 0 0
132 6 0 0 2 0 0 1 0 0 2 1 0 0
134 1 0 0 0 0 0 0 0 0 0 0 0 0
138 2 0 0 1 0 0 0 0 0 1 0 0 0
145 8 0 0 7 0 0 0 0 0 0 0 0 0
fl=./elf/./elf/dl-hwcaps.c
fn=_dl_important_hwcaps
52 16 1 1 0 0 0 4 0 0 4 2 0 0
54 2 0 0 0 0 0 0 0 0 0 0 0 0
55 4 0 0 2 0 0 0 0 0 0 0 0 0
56 2 0 0 0 0 0 0 0 0 0 0 0 0
57 2 0 0 0 0 0 0 0 0 0 0 0 0
77 16 2 2 0 0 0 4 0 0 4 2 0 0
80 16 0 0 4 0 0 6 1 1 0 0 0 0
84 2 0 0 0 0 0 2 0 0 0 0 0 0
86 6 0 0 2 0 0 2 0 0 0 0 0 0
87 2 0 0 0 0 0 0 0 0 0 0 0 0
88 2 0 0 0 0 0 0 0 0 0 0 0 0
100 5 0 0 0 0 0 3 1 1 0 0 0 0
102 3 1 1 1 0 0 0 0 0 1 0 0 0
105 1 0 0 0 0 0 1 0 0 0 0 0 0
108 1 0 0 0 0 0 0 0 0 0 0 0 0
112 5 1 1 0 0 0 2 0 0 1 0 0 0
125 12 0 0 0 0 0 3 0 0 3 2 0 0
127 10 0 0 4 0 0 2 1 1 0 0 0 0
128 4 0 0 2 0 0 2 0 0 0 0 0 0
129 4 0 0 0 0 0 2 0 0 0 0 0 0
130 2 0 0 0 0 0 0 0 0 0 0 0 0
133 3 1 1 1 0 0 0 0 0 1 0 0 0
142 13 0 0 7 0 0 1 0 0 2 0 0 0
143 11 0 0 0 0 0 1 0 0 1 1 0 0
145 8 1 1 1 0 0 5 0 0 0 0 0 0
151 5 1 1 2 0 0 0 0 0 0 0 0 0
155 4 1 1 2 0 0 1 0 0 0 0 0 0
156 3 0 0 1 0 0 0 0 0 1 1 0 0
157 3 0 0 0 0 0 0 0 0 1 0 0 0
161 1 0 0 1 0 0 0 0 0 0 0 0 0
162 2 0 0 1 0 0 1 0 0 0 0 0 0
163 2 0 0 0 0 0 2 0 0 0 0 0 0
172 14 2 2 0 0 0 9 2 2 0 0 0 0
174 2 0 0 0 0 0 2 0 0 0 0 0 0
175 3 0 0 0 0 0 0 0 0 0 0 0 0
185 2 1 1 0 0 0 1 0 0 0 0 0 0
186 3 0 0 0 0 0 0 0 0 0 0 0 0
189 3 0 0 1 0 0 1 1 1 0 0 0 0
193 2 0 0 1 0 0 0 0 0 0 0 0 0
194 2 0 0 0 0 0 0 0 0 1 0 0 0
201 1 0 0 0 0 0 0 0 0 0 0 0 0
202 5 0 0 2 0 0 1 0 0 0 0 0 0
208 2 0 0 1 0 0 1 0 0 0 0 0 0
209 1 0 0 0 0 0 1 0 0 0 0 0 0
213 3 1 1 2 0 0 1 0 0 0 0 0 0
216 9 0 0 7 0 0 0 0 0 0 0 0 0
fl=./elf/./elf/dl-hwcaps_split.c
fn=_dl_hwcaps_split
25 5 1 1 0 0 0 3 0 0 0 0 0 0
26 3 0 0 1 0 0 0 0 0 1 1 0 0
27 1 0 0 0 0 0 0 0 0 0 0 0 0
47 4 1 1 4 0 0 0 0 0 0 0 0 0
fn=_dl_hwcaps_split_masked
26 44 1 1 11 0 0 0 0 0 11 9 0 0
30 24 1 1 12 0 0 12 0 0 0 0 0 0
34 78 1 1 18 1 1 0 0 0 18 6 0 0
35 12 0 0 0 0 0 6 0 0 0 0 0 0
36 24 0 0 0 0 0 0 0 0 12 3 0 0
41 36 0 0 0 0 0 9 0 0 0 0 0 0
42 18 0 0 0 0 0 0 0 0 9 2 0 0
43 12 1 1 0 0 0 3 0 0 0 0 0 0
45 6 0 0 0 0 0 0 0 0 0 0 0 0
51 110 1 1 0 0 0 66 1 1 0 0 0 0
55 5 0 0 0 0 0 0 0 0 0 0 0 0
56 18 0 0 9 0 0 9 0 0 0 0 0 0
57 27 0 0 0 0 0 9 0 0 0 0 0 0
58 24 0 0 6 0 0 0 0 0 9 3 0 0
60 6 0 0 0 0 0 0 0 0 0 0 0 0
62 88 1 1 77 0 0 0 0 0 0 0 0 0
67 12 0 0 0 0 0 0 0 0 6 4 0 0
fl=./elf/./elf/dl-init.c
fn=_dl_init
29 16 1 1 8 0 0 0 0 0 8 1 0 0
35 40 1 1 8 0 0 0 0 0 8 0 0 0
37 41 1 1 1 0 0 2 1 0 8 2 0 0
81 13 1 1 0 0 0 6 0 0 0 0 0 0
82 1 0 0 1 1 0 0 0 0 0 0 0 0
83 1 0 0 1 0 0 0 0 0 0 0 0 0
86 3 0 0 1 0 0 0 0 0 1 1 0 0
89 2 0 0 0 0 0 1 0 0 0 0 0 0
94 4 1 1 0 0 0 0 0 0 1 0 0 0
119 1 0 0 1 0 0 0 0 0 0 0 0 0
120 32 0 0 0 0 0 6 0 0 8 5 0 0
121 14 0 0 14 4 0 0 0 0 0 0 0 0
127 8 0 0 7 1 0 0 0 0 0 0 0 0
fn=call_init.part.0
26 84 2 2 0 0 0 42 1 0 0 0 0 0
43 21 0 0 7 0 0 7 0 0 0 0 0 0
46 21 0 0 14 7 0 0 0 0 7 2 0 0
47 2 1 1 0 0 0 0 0 0 1 1 0 0
51 12 0 0 6 0 0 0 0 0 6 0 0 0
59 18 1 1 6 4 0 0 0 0 6 1 0 0
60 24 0 0 8 4 0 4 0 0 0 0 4 4
63 6 0 0 6 5 0 0 0 0 0 0 0 0
64 12 0 0 0 0 0 0 0 0 6 1 0 0
70 15 0 0 10 4 0 0 0 0 0 0 0 0
72 10 0 0 10 0 0 0 0 0 0 0 0 0
73 117 1 1 0 0 0 0 0 0 28 12 0 0
74 92 0 0 23 6 0 23 0 0 0 0 23 23
76 56 0 0 49 1 0 0 0 0 0 0 0 0
fl=./elf/./elf/dl-load.c
fn=_dl_dst_count
238 108 1 1 0 0 0 72 2 2 0 0 0 0
241 24 0 0 0 0 0 12 0 0 0 0 0 0
244 24 0 0 0 0 0 0 0 0 12 0 0 0
245 12 0 0 0 0 0 0 0 0 0 0 0 0
264 108 1 1 84 0 0 0 0 0 0 0 0 0
fn=_dl_init_paths
706 13 2 2 0 0 0 8 0 0 0 0 0 0
720 4 0 0 0 0 0 2 1 1 0 0 0 0
725 1 0 0 0 0 0 1 0 0 0 0 0 0
727 3 1 1 0 0 0 0 0 0 1 0 0 0
734 3 0 0 0 0 0 0 0 0 0 0 0 0
735 2 0 0 1 0 0 0 0 0 0 0 0 0
739 4 0 0 0 0 0 1 1 1 0 0 0 0
741 4 1 1 2 0 0 0 0 0 1 0 0 0
747 1 0 0 0 0 0 1 0 0 0 0 0 0
748 1 0 0 0 0 0 1 0 0 0 0 0 0
756 8 1 1 0 0 0 4 0 0 0 0 0 0
758 8 0 0 0 0 0 4 2 2 0 0 0 0
759 4 0 0 0 0 0 4 0 0 0 0 0 0
761 5 0 0 0 0 0 4 1 1 0 0 0 0
762 7 0 0 3 1 1 4 1 1 0 0 0 0
763 4 0 0 0 0 0 0 0 0 0 0 0 0
766 13 0 0 3 1 1 0 0 0 3 0 0 0
767 10 1 1 1 0 0 1 0 0 4 3 0 0
768 18 0 0 4 0 0 5 0 0 0 0 0 0
770 32 2 2 6 0 0 5 0 0 4 1 0 0
776 1 0 0 0 0 0 1 0 0 0 0 0 0
777 1 0 0 0 0 0 1 0 0 0 0 0 0
782 1 0 0 1 0 0 0 0 0 0 0 0 0
785 3 0 0 0 0 0 0 0 0 0 0 0 0
787 4 1 1 1 0 0 0 0 0 1 0 0 0
789 3 0 0 1 0 0 0 0 0 1 1 0 0
806 1 0 0 0 0 0 1 0 0 0 0 0 0
808 3 1 1 1 0 0 0 0 0 1 1 0 0
822 2 1 1 0 0 0 1 0 0 0 0 0 0
825 5 1 1 2 0 0 0 0 0 2 1 0 0
827 23 4 4 2 0 0 2 0 0 2 2 0 0
831 2 0 0 0 0 0 0 0 0 0 0 0 0
832 60 1 1 15 0 0 0 0 0 15 10 0 0
833 14 0 0 0 0 0 0 0 0 0 0 0 0
834 28 0 0 0 0 0 0 0 0 0 0 0 0
836 1 0 0 0 0 0 1 0 0 0 0 0 0
837 1 0 0 0 0 0 0 0 0 0 0 0 0
838 2 0 0 0 0 0 0 0 0 1 0 0 0
844 6 0 0 1 0 0 1 0 0 0 0 0 0
847 3 0 0 2 0 0 0 0 0 1 0 0 0
853 1 0 0 0 0 0 1 0 0 0 0 0 0
857 8 0 0 7 0 0 0 0 0 0 0 0 0
fn=_dl_map_object
682 43 3 3 13 0 0 0 0 0 13 10 0 0
685 4 0 0 0 0 0 0 0 0 2 0 0 0
688 6 1 1 2 0 0 0 0 0 2 2 0 0
691 2 0 0 0 0 0 2 0 0 0 0 0 0
692 1 0 0 0 0 0 0 0 0 0 0 0 0
696 20 1 1 0 0 0 12 0 0 0 0 0 0
1967 156 2 2 0 0 0 117 5 5 0 0 0 0
1969 5 0 0 0 0 0 5 0 0 0 0 0 0
1975 26 0 0 0 0 0 0 0 0 13 0 0 0
1976 52 0 0 13 1 1 0 0 0 13 0 0 0
1979 272 1 1 56 0 0 26 0 0 56 5 0 0
1984 357 1 1 102 0 0 0 0 0 51 0 0 0
1986 255 0 0 0 0 0 51 2 2 51 6 0 0
1990 86 0 0 43 0 0 0 0 0 43 0 0 0
1991 129 0 0 43 0 0 0 0 0 43 11 0 0
1994 110 0 0 66 0 0 0 0 0 22 3 0 0
1995 66 1 1 22 0 0 0 0 0 0 0 0 0
1996 110 0 0 0 0 0 22 0 0 22 3 0 0
2010 20 1 1 5 0 0 0 0 0 5 0 0 0
2011 15 0 0 5 0 0 5 0 0 0 0 0 0
2019 15 0 0 5 0 0 0 0 0 5 0 0 0
2034 5 0 0 0 0 0 5 0 0 0 0 0 0
2036 25 0 0 0 0 0 5 0 0 5 3 0 0
2040 16 2 2 0 0 0 8 0 0 0 0 0 0
2042 8 0 0 4 0 0 0 0 0 4 0 0 0
2049 16 0 0 4 0 0 0 0 0 8 2 0 0
2053 4 1 1 4 0 0 0 0 0 0 0 0 0
2054 4 0 0 0 0 0 4 0 0 0 0 0 0
2058 15 1 1 5 0 0 0 0 0 5 3 0 0
2059 5 0 0 0 0 0 0 0 0 0 0 0 0
2073 20 2 2 16 0 0 0 0 0 4 0 0 0
2074 28 2 2 8 0 0 0 0 0 8 3 0 0
2075 4 0 0 0 0 0 0 0 0 0 0 0 0
2084 8 1 1 0 0 0 0 0 0 4 3 0 0
2099 8 1 1 4 0 0 0 0 0 4 0 0 0
2100 64 1 1 8 0 0 16 0 0 4 2 0 0
2106 12 1 1 0 0 0 0 0 0 4 2 0 0
2107 4 0 0 0 0 0 0 0 0 0 0 0 0
2115 4 1 1 0 0 0 4 0 0 0 0 0 0
2129 8 1 1 4 0 0 0 0 0 4 1 0 0
2131 12 0 0 4 0 0 0 0 0 4 4 0 0
2135 12 1 1 0 0 0 4 0 0 0 0 0 0
2137 8 0 0 0 0 0 0 0 0 4 0 0 0
2141 8 0 0 0 0 0 0 0 0 4 1 0 0
2149 8 0 0 4 0 0 0 0 0 4 0 0 0
2172 36 1 1 0 0 0 8 0 0 0 0 0 0
2176 12 0 0 4 0 0 0 0 0 4 0 0 0
2177 4 0 0 0 0 0 4 0 0 0 0 0 0
2194 8 0 0 4 0 0 0 0 0 4 3 0 0
2200 1 0 0 0 0 0 1 0 0 0 0 0 0
2201 4 0 0 0 0 0 1 0 0 0 0 0 0
2202 2 1 1 0 0 0 0 0 0 1 0 0 0
2203 2 0 0 0 0 0 0 0 0 1 0 0 0
2207 9 1 1 0 0 0 2 0 0 0 0 0 0
2210 3 0 0 1 0 0 0 0 0 1 0 0 0
2222 20 0 0 5 0 0 0 0 0 0 0 0 0
2267 10 0 0 5 0 0 5 0 0 0 0 0 0
2268 88 1 1 19 0 0 25 0 0 0 0 0 0
2270 122 1 1 96 0 0 0 0 0 0 0 0 0
fn=_dl_map_object_from_fd
944 70 2 2 0 0 0 50 2 2 0 0 0 0
959 20 0 0 5 0 0 5 0 0 5 4 0 0
989 95 1 1 30 0 0 0 0 0 25 9 0 0
990 40 1 1 20 0 0 0 0 0 20 0 0 0
1008 10 1 1 5 0 0 0 0 0 5 3 0 0
1036 20 1 1 5 0 0 5 0 0 5 0 0 0
1046 10 0 0 5 0 0 0 0 0 5 0 0 0
1053 40 1 1 25 0 0 5 0 0 0 0 0 0
1054 10 0 0 0 0 0 0 0 0 5 0 0 0
1065 10 0 0 5 0 0 5 4 4 0 0 0 0
1066 15 0 0 5 0 0 5 0 0 0 0 0 0
1067 10 0 0 5 0 0 5 0 0 0 0 0 0
1069 15 0 0 0 0 0 0 0 0 0 0 0 0
1070 20 1 1 10 0 0 0 0 0 5 1 0 0
1071 8 0 0 0 0 0 4 0 0 0 0 0 0
1074 17 2 2 1 0 0 1 0 0 2 2 0 0
1075 6 0 0 1 0 0 1 1 1 1 1 0 0
1086 5 0 0 0 0 0 5 0 0 0 0 0 0
1088 5 0 0 0 0 0 5 0 0 0 0 0 0
1090 110 2 2 10 0 0 5 0 0 10 3 0 0
1091 5 0 0 0 0 0 0 0 0 0 0 0 0
1092 5 0 0 0 0 0 5 0 0 0 0 0 0
1093 5 0 0 0 0 0 5 0 0 0 0 0 0
1094 5 0 0 0 0 0 0 0 0 0 0 0 0
1100 210 0 0 10 0 0 0 0 0 65 0 0 0
1101 507 3 3 60 11 11 0 0 0 252 62 0 0
1107 10 1 1 5 1 1 0 0 0 5 0 0 0
1114 13 0 0 8 0 0 5 0 0 0 0 0 0
1115 15 0 0 5 1 1 5 0 0 0 0 0 0
1116 50 1 1 10 0 0 5 0 0 0 0 0 0
1121 2 0 0 1 0 0 1 0 0 0 0 0 0
1122 1 0 0 0 0 0 0 0 0 0 0 0 0
1127 155 0 0 65 4 4 5 0 0 20 0 0 0
1135 100 1 1 20 0 0 0 0 0 0 0 0 0
1136 130 1 1 0 0 0 20 3 3 0 0 0 0
1137 100 1 1 20 2 2 20 0 0 0 0 0 0
1138 20 0 0 0 0 0 20 0 0 0 0 0 0
1139 40 0 0 20 0 0 20 0 0 0 0 0 0
1141 140 0 0 20 0 0 0 0 0 0 0 0 0
1143 40 0 0 0 0 0 20 4 4 0 0 0 0
1156 40 0 0 0 0 0 0 0 0 20 5 0 0
1157 75 0 0 30 0 0 15 0 0 0 0 0 0
1162 20 0 0 0 0 0 0 0 0 0 0 0 0
1163 205 0 0 40 0 0 40 2 2 0 0 0 0
1176 9 1 1 3 1 1 0 0 0 3 0 0 0
1180 12 0 0 0 0 0 3 3 3 0 0 0 0
1181 3 0 0 3 0 0 0 0 0 0 0 0 0
1185 15 0 0 0 0 0 3 1 1 0 0 0 0
1186 6 1 1 3 0 0 3 0 0 0 0 0 0
1189 3 0 0 0 0 0 3 2 2 0 0 0 0
1194 12 0 0 3 0 0 0 0 0 3 2 0 0
1209 10 1 1 5 0 0 5 0 0 0 0 0 0
1210 5 0 0 0 0 0 0 0 0 0 0 0 0
1213 15 0 0 10 2 2 5 1 1 0 0 0 0
1218 35 1 1 25 0 0 0 0 0 5 0 0 0
1228 95 1 1 0 0 0 0 0 0 20 9 0 0
1229 40 0 0 0 0 0 20 0 0 0 0 0 0
1235 10 0 0 0 0 0 0 0 0 5 0 0 0
1245 20 0 0 10 0 0 0 0 0 10 0 0 0
1252 35 1 1 15 0 0 5 0 0 0 0 0 0
1264 5 1 1 0 0 0 0 0 0 0 0 0 0
1268 20 1 1 10 0 0 0 0 0 5 0 0 0
1269 15 0 0 5 0 0 5 0 0 0 0 0 0
1275 14 1 1 2 0 0 0 0 0 0 0 0 0
1276 10 1 1 0 0 0 0 0 0 5 5 0 0
1278 10 0 0 0 0 0 0 0 0 5 5 0 0
1288 15 0 0 5 0 0 0 0 0 5 0 0 0
1307 15 0 0 5 0 0 5 0 0 0 0 0 0
1309 30 1 1 10 0 0 0 0 0 5 0 0 0
1361 15 0 0 5 2 2 0 0 0 5 2 0 0
1362 6 0 0 3 0 0 3 0 0 0 0 0 0
1368 170 1 1 15 0 0 0 0 0 65 5 0 0
1369 280 1 1 60 50 50 0 0 0 110 38 0 0
1375 80 0 0 0 0 0 5 0 0 0 0 0 0
1380 20 1 1 5 0 0 5 0 0 5 0 0 0
1393 10 1 1 5 0 0 0 0 0 5 0 0 0
1395 20 0 0 10 0 0 5 0 0 0 0 0 0
1397 10 0 0 5 0 0 0 0 0 5 0 0 0
1413 10 0 0 0 0 0 5 0 0 0 0 0 0
1417 10 0 0 5 0 0 0 0 0 5 0 0 0
1418 10 1 1 5 0 0 0 0 0 5 5 0 0
1435 10 0 0 5 0 0 0 0 0 5 2 0 0
1436 1 0 0 0 0 0 1 0 0 0 0 0 0
1439 10 0 0 5 0 0 5 0 0 0 0 0 0
1444 10 0 0 5 0 0 0 0 0 5 0 0 0
1449 10 0 0 5 0 0 0 0 0 5 0 0 0
1461 40 1 1 15 0 0 0 0 0 5 3 0 0
1462 12 1 1 4 0 0 0 0 0 4 1 0 0
1463 27 0 0 9 0 0 3 0 0 6 3 0 0
1464 9 0 0 3 0 0 0 0 0 0 0 0 0
1465 5 0 0 1 0 0 1 0 0 0 0 0 0
1471 10 0 0 5 0 0 0 0 0 5 2 0 0
1472 12 0 0 3 0 0 0 0 0 3 1 0 0
1477 6 0 0 0 0 0 3 0 0 0 0 0 0
1484 15 1 1 5 0 0 5 0 0 0 0 0 0
1487 10 0 0 5 0 0 0 0 0 5 0 0 0
1491 15 0 0 5 0 0 5 0 0 0 0 0 0
1492 15 0 0 5 0 0 0 0 0 5 4 0 0
1510 10 1 1 0 0 0 0 0 0 5 3 0 0
1514 35 1 1 15 0 0 0 0 0 5 0 0 0
1515 20 1 1 5 0 0 5 0 0 0 0 0 0
1519 45 1 1 35 0 0 0 0 0 0 0 0 0
fn=_dl_process_pt_gnu_property
868 18 1 1 0 0 0 0 0 0 0 0 0 0
869 12 0 0 12 0 0 0 0 0 0 0 0 0
870 6 0 0 6 0 0 0 0 0 0 0 0 0
876 12 0 0 6 0 0 0 0 0 6 0 0 0
882 30 0 0 0 0 0 0 0 0 6 0 0 0
885 18 1 1 6 5 5 0 0 0 6 0 0 0
886 12 0 0 6 1 1 0 0 0 6 0 0 0
887 12 0 0 6 0 0 0 0 0 6 0 0 0
890 18 0 0 6 0 0 0 0 0 6 0 0 0
891 18 1 1 0 0 0 0 0 0 6 0 0 0
895 6 0 0 0 0 0 0 0 0 0 0 0 0
896 12 0 0 0 0 0 0 0 0 0 0 0 0
900 18 1 1 9 0 0 0 0 0 0 0 0 0
901 9 0 0 9 0 0 0 0 0 0 0 0 0
904 18 0 0 0 0 0 0 0 0 9 0 0 0
907 9 0 0 0 0 0 0 0 0 0 0 0 0
908 36 0 0 0 0 0 0 0 0 9 0 0 0
918 18 0 0 0 0 0 0 0 0 0 0 0 0
920 24 0 0 0 0 0 0 0 0 6 4 0 0
fn=expand_dynamic_string_token
241 6 0 0 0 0 0 2 0 0 0 0 0 0
244 4 0 0 0 0 0 0 0 0 2 1 0 0
385 20 1 1 0 0 0 12 0 0 0 0 0 0
399 4 0 0 0 0 0 0 0 0 0 0 0 0
410 14 1 1 12 0 0 0 0 0 0 0 0 0
fn=fillin_rpath.isra.0
468 17 2 2 0 0 0 12 0 0 0 0 0 0
472 1 0 0 0 0 0 0 0 0 0 0 0 0
474 12 1 1 4 0 0 2 0 0 2 1 0 0
481 2 0 0 1 0 0 0 0 0 1 0 0 0
483 6 0 0 1 0 0 2 0 0 0 0 0 0
487 2 0 0 0 0 0 0 0 0 1 0 0 0
492 3 0 0 0 0 0 1 0 0 0 0 0 0
493 2 0 0 0 0 0 0 0 0 1 1 0 0
500 5 1 1 1 0 0 0 0 0 2 2 0 0
505 2 1 1 0 0 0 1 0 0 0 0 0 0
509 15 0 0 5 0 0 0 0 0 5 2 0 0
510 8 1 1 4 0 0 0 0 0 4 4 0 0
528 4 1 1 1 0 0 1 0 0 1 1 0 0
532 4 0 0 2 0 0 0 0 0 0 0 0 0
534 2 1 1 0 0 0 0 0 0 1 0 0 0
538 1 0 0 0 0 0 1 0 0 0 0 0 0
539 2 0 0 1 0 0 0 0 0 0 0 0 0
540 4 0 0 0 0 0 2 0 0 0 0 0 0
541 1 0 0 0 0 0 1 0 0 0 0 0 0
543 2 0 0 1 0 0 0 0 0 1 1 0 0
549 4 0 0 1 0 0 0 0 0 0 0 0 0
550 14 1 1 1 0 0 0 0 0 4 1 0 0
551 4 1 1 0 0 0 3 0 0 0 0 0 0
553 2 0 0 1 0 0 1 0 0 0 0 0 0
554 3 1 1 1 0 0 0 0 0 1 1 0 0
555 1 0 0 0 0 0 1 0 0 0 0 0 0
561 2 0 0 1 0 0 1 0 0 0 0 0 0
562 1 0 0 0 0 0 1 0 0 0 0 0 0
565 3 0 0 0 0 0 1 0 0 0 0 0 0
571 1 0 0 0 0 0 1 0 0 0 0 0 0
574 8 0 0 7 0 0 0 0 0 0 0 0 0
fn=open_path
1812 44 2 2 0 0 0 36 3 3 0 0 0 0
1813 8 0 0 4 0 0 4 0 0 0 0 0 0
1816 4 0 0 0 0 0 4 0 0 0 0 0 0
1817 4 0 0 0 0 0 4 0 0 0 0 0 0
1819 8 0 0 0 0 0 0 0 0 4 0 0 0
1822 8 0 0 0 0 0 0 0 0 0 0 0 0
1824 88 2 2 12 1 1 8 0 0 8 4 0 0
1827 8 0 0 8 0 0 0 0 0 0 0 0 0
1831 4 0 0 0 0 0 0 0 0 0 0 0 0
1835 24 0 0 4 0 0 4 0 0 4 0 0 0
1842 24 1 1 12 0 0 8 1 1 0 0 0 0
1843 88 1 1 24 0 0 8 0 0 20 3 0 0
1846 24 0 0 12 0 0 0 0 0 12 4 0 0
1851 66 1 1 36 0 0 12 0 0 0 0 0 0
1854 12 0 0 0 0 0 0 0 0 0 0 0 0
1860 18 0 0 6 0 0 0 0 0 6 0 0 0
1863 48 1 1 18 0 0 6 0 0 0 0 0 0
1865 18 0 0 6 0 0 0 0 0 6 2 0 0
1867 6 0 0 0 0 0 0 0 0 3 2 0 0
1872 6 1 1 0 0 0 0 0 0 3 0 0 0
1873 21 0 0 9 0 0 0 0 0 3 2 0 0
1879 9 1 1 3 0 0 3 0 0 0 0 0 0
1881 26 0 0 3 0 0 7 0 0 3 2 0 0
1882 2 0 0 1 0 0 0 0 0 0 0 0 0
1884 3 0 0 0 0 0 0 0 0 0 0 0 0
1891 38 3 3 8 0 0 12 0 0 0 0 0 0
1893 13 0 0 4 0 0 0 0 0 3 1 0 0
1937 32 1 1 8 0 0 4 2 2 12 0 0 0
1941 4 0 0 4 0 0 0 0 0 0 0 0 0
1943 16 0 0 12 0 0 0 0 0 4 0 0 0
1946 12 0 0 8 0 0 0 0 0 4 0 0 0
1960 36 1 1 28 0 0 0 0 0 0 0 0 0
fn=open_verify.constprop.0
1572 132 1 1 0 0 0 88 1 1 0 0 0 0
1604 33 0 0 11 0 0 0 0 0 11 0 0 0
1609 12 1 1 0 0 0 0 0 0 0 0 0 0
1623 55 0 0 0 0 0 11 2 2 0 0 0 0
1625 22 1 1 0 0 0 0 0 0 11 2 0 0
1633 5 0 0 0 0 0 5 0 0 0 0 0 0
1634 15 0 0 0 0 0 5 1 1 0 0 0 0
1639 30 0 0 0 0 0 5 0 0 0 0 0 0
1641 10 1 1 0 0 0 0 0 0 5 1 0 0
1643 10 0 0 5 0 0 5 0 0 0 0 0 0
1645 10 0 0 0 0 0 0 0 0 5 0 0 0
1651 10 0 0 0 0 0 0 0 0 5 0 0 0
1668 74 4 4 23 1 1 0 0 0 23 9 0 0
1749 10 0 0 5 0 0 0 0 0 5 2 0 0
1754 10 1 1 5 0 0 0 0 0 5 0 0 0
1760 20 0 0 5 0 0 0 0 0 5 2 0 0
1766 10 0 0 5 0 0 0 0 0 5 0 0 0
1772 20 0 0 5 1 1 0 0 0 0 0 0 0
1773 20 1 1 5 0 0 0 0 0 5 1 0 0
1777 16 3 3 1 0 0 0 0 0 2 2 0 0
1778 5 0 0 0 0 0 1 0 0 1 1 0 0
1799 99 0 0 77 0 0 0 0 0 0 0 0 0
fl=./elf/./elf/dl-lookup-direct.c
fn=_dl_lookup_direct
32 15 0 0 9 0 0 0 0 0 3 3 0 0
33 9 1 1 0 0 0 0 0 0 0 0 0 0
35 6 0 0 3 3 3 0 0 0 0 0 0 0
36 6 0 0 3 0 0 0 0 0 3 0 0 0
48 9 0 0 3 0 0 3 0 0 3 0 0 0
51 6 0 0 6 0 0 0 0 0 0 0 0 0
53 21 1 1 6 0 0 6 0 0 3 0 0 0
57 9 0 0 9 2 0 0 0 0 0 0 0 0
58 21 0 0 9 1 0 0 0 0 3 0 0 0
59 15 0 0 6 0 0 3 0 0 3 0 0 0
74 39 2 2 0 0 0 27 0 0 0 0 0 0
76 6 0 0 3 0 0 0 0 0 3 1 0 0
78 21 0 0 9 2 0 0 0 0 0 0 0 0
79 6 0 0 0 0 0 0 0 0 3 1 0 0
81 12 1 1 3 0 0 3 0 0 0 0 0 0
84 25 0 0 5 3 1 0 0 0 5 2 0 0
86 12 0 0 3 0 0 0 0 0 0 0 0 0
93 6 2 2 0 0 0 0 0 0 2 2 0 0
115 3 0 0 0 0 0 0 0 0 0 0 0 0
116 27 0 0 21 0 0 0 0 0 0 0 0 0
fl=./elf/./elf/dl-lookup.c
fn=_dl_lookup_symbol_x
772 25402 6 2 0 0 0 17586 18 1 0 0 0 0
774 3908 0 0 0 0 0 1954 0 0 0 0 0 0
775 7816 0 0 0 0 0 1954 0 0 0 0 0 0
778 1954 0 0 1954 6 0 0 0 0 0 0 0 0
782 7778 0 0 1935 0 0 0 0 0 3889 25 0 0
785 3908 2 1 1954 0 0 0 0 0 1954 0 0 0
787 3908 0 0 3908 8 0 0 0 0 0 0 0 0
791 27436 0 0 16 0 0 5862 0 0 1970 2 0 0
792 33218 6 2 13678 0 0 13678 11 2 1954 3 0 0
797 9770 0 0 3908 0 0 0 0 0 1954 4 0 0
799 96 1 1 16 0 0 0 0 0 32 2 0 0
816 1954 0 0 0 0 0 1954 0 0 0 0 0 0
817 48 1 1 0 0 0 0 0 0 0 0 0 0
820 3908 0 0 1954 0 0 0 0 0 0 0 0 0
821 13550 0 0 1934 0 0 0 0 0 3872 649 0 0
828 2002 1 1 1938 0 0 0 0 0 0 0 0 0
856 7752 2 1 1938 0 0 0 0 0 1938 0 0 0
870 5814 0 0 1938 17 1 0 0 0 1938 5 0 0
871 2 1 1 0 0 0 1 0 0 0 0 0 0
873 3876 0 0 1938 0 0 0 0 0 1938 11 0 0
890 7752 0 0 1938 0 0 0 0 0 0 0 0 0
892 17586 3 1 13678 0 0 0 0 0 0 0 0 0
fn=check_match
70 29175 4 1 3890 115 64 11670 23 1 0 0 0 0
73 15560 2 1 3890 243 183 0 0 0 1950 7 0 0
78 16 0 0 0 0 0 0 0 0 0 0 0 0
86 9700 0 0 0 0 0 0 0 0 1940 0 0 0
89 4618 0 0 246 0 0 123 1 0 2063 65 0 0
93 1940 2 1 1940 10 0 0 0 0 0 0 0 0
94 3880 0 0 0 0 0 0 0 0 1940 5 0 0
96 3874 0 0 0 0 0 0 0 0 1937 1 0 0
115 3874 0 0 3874 90 18 0 0 0 0 0 0 0
116 15496 2 1 5811 24 0 0 0 0 1937 13 0 0
117 9675 4 2 3870 12 0 1935 3 1 1935 13 0 0
118 4 0 0 2 0 0 0 0 0 0 0 0 0
119 4 0 0 0 0 0 0 0 0 2 2 0 0
144 6 0 0 0 0 0 0 0 0 3 0 0 0
146 18 0 0 6 3 1 0 0 0 3 2 0 0
147 12 0 0 0 0 0 0 0 0 0 0 0 0
150 2 0 0 0 0 0 0 0 0 1 0 0 0
151 7 0 0 3 0 0 1 0 0 1 0 0 0
153 3 0 0 1 0 0 1 0 0 0 0 0 0
161 1937 0 0 0 0 0 0 0 0 0 0 0 0
162 15560 0 0 13615 0 0 0 0 0 0 0 0 0
fn=do_lookup_x
170 300 1 1 2 0 0 0 0 0 0 0 0 0
171 307 1 1 76 0 0 2 0 0 0 0 0 0
172 940 1 1 250 47 47 0 0 0 250 70 0 0
174 98 0 0 0 0 0 0 0 0 0 0 0 0
175 294 0 0 0 0 0 0 0 0 98 41 0 0
176 530 2 2 2 0 0 0 0 0 0 0 0 0
179 152 0 0 0 0 0 152 0 0 0 0 0 0
180 152 0 0 0 0 0 152 0 0 0 0 0 0
181 82 0 0 0 0 0 82 19 11 0 0 0 0
182 152 0 0 0 0 0 152 24 24 0 0 0 0
183 70 0 0 0 0 0 0 0 0 0 0 0 0
222 492 1 1 164 0 0 328 0 0 0 0 0 0
224 738 0 0 82 2 0 246 0 0 0 0 82 1
226 164 0 0 82 2 1 0 0 0 0 0 0 0
227 82 0 0 82 0 0 0 0 0 0 0 0 0
228 328 0 0 164 0 0 0 0 0 82 1 0 0
230 2694 1 1 127 0 0 405 0 0 0 0 0 0
231 486 1 1 0 0 0 0 0 0 0 0 0 0
234 352 0 0 176 0 0 0 0 0 176 22 0 0
235 176 1 1 176 68 25 0 0 0 0 0 0 0
254 352 0 0 0 0 0 0 0 0 176 84 0 0
257 95 0 0 0 0 0 0 0 0 0 0 0 0
258 285 0 0 0 0 0 0 0 0 95 44 0 0
259 322 1 1 0 0 0 0 0 0 0 0 0 0
262 1377 2 2 648 0 0 0 0 0 81 14 0 0
269 12 1 1 0 0 0 8 0 0 0 0 0 0
272 4 0 0 0 0 0 0 0 0 2 0 0 0
279 298 1 1 6 0 0 2 0 0 94 2 0 0
280 276 0 0 92 4 1 0 0 0 92 28 0 0
281 350 1 1 210 5 0 0 0 0 0 0 0 0
285 20 1 1 6 0 0 6 0 0 0 0 2 1
286 2 0 0 0 0 0 2 0 0 0 0 0 0
287 2 0 0 0 0 0 0 0 0 0 0 0 0
288 4 1 1 2 0 0 2 0 0 0 0 0 0
289 8 0 0 6 0 0 2 0 0 0 0 0 0
300 3 0 0 2 0 0 0 0 0 0 0 0 0
302 2 1 1 0 0 0 0 0 0 1 0 0 0
305 1 0 0 0 0 0 1 0 0 0 0 0 0
306 1 0 0 0 0 0 1 0 0 0 0 0 0
307 2 0 0 1 0 0 1 0 0 0 0 0 0
310 164 0 0 0 0 0 0 0 0 82 13 0 0
311 492 0 0 164 0 0 0 0 0 0 0 0 0
318 328 0 0 82 0 0 0 0 0 82 10 0 0
329 574 1 1 246 0 0 82 0 0 0 0 0 0
331 164 0 0 164 0 0 82 0 0 0 0 82 1
333 246 0 0 164 0 0 82 0 0 0 0 0 0
334 164 0 0 0 0 0 82 0 0 0 0 0 0
347 27356 5 2 3908 0 0 19540 22 2 0 0 0 0
348 1954 0 0 1954 6 0 0 0 0 0 0 0 0
353 1954 0 0 0 0 0 0 0 0 0 0 0 0
354 1954 0 0 1954 0 0 0 0 0 0 0 0 0
358 12526 2 1 12526 32 0 0 0 0 0 0 0 0
361 12526 0 0 0 0 0 0 0 0 6263 1 0 0
365 16446 0 0 1960 0 0 0 0 0 6269 364 0 0
386 12522 2 1 6261 26 0 0 0 0 6261 36 0 0
390 12522 0 0 6261 4 0 0 0 0 6261 17 0 0
396 18783 0 0 6261 31 0 0 0 0 6261 0 0 0
400 6261 0 0 0 0 0 6261 0 0 0 0 0 0
401 6261 0 0 0 0 0 6261 0 0 0 0 0 0
404 31305 0 0 18783 75 0 0 0 0 6261 6 0 0
405 18783 2 1 12522 14 0 0 0 0 0 0 0 0
408 6261 0 0 6261 0 0 0 0 0 0 0 0 0
409 12522 0 0 0 0 0 0 0 0 6261 0 0 0
411 6261 0 0 6261 950 135 0 0 0 0 0 0 0
412 5862 0 0 0 0 0 1954 0 0 0 0 0 0
413 12522 0 0 12522 0 0 0 0 0 0 0 0 0
415 13678 2 1 1954 0 0 3908 0 0 0 0 0 0
416 25044 0 0 12522 0 0 0 0 0 0 0 0 0
419 43827 0 0 6261 0 0 0 0 0 6261 2025 0 0
422 3978 0 0 3978 1186 189 0 0 0 0 0 0 0
423 5967 3 1 1989 0 0 0 0 0 0 0 0 0
424 3978 0 0 0 0 0 0 0 0 1989 4 0 0
426 3970 0 0 1985 0 0 0 0 0 0 0 0 0
429 24740 5 1 4948 1739 475 0 0 0 4948 2192 0 0
431 5835 0 0 1945 0 0 0 0 0 0 0 0 0
432 49065 7 2 13655 0 0 25565 34 2 0 0 0 0
433 3890 0 0 0 0 0 0 0 0 0 0 0 0
436 5835 0 0 0 0 0 0 0 0 1945 13 0 0
439 9049 0 0 8 0 0 0 0 0 3011 46 0 0
461 15496 2 1 11622 0 0 0 0 0 0 0 0 0
470 385 2 2 337 0 0 0 0 0 48 4 0 0
472 2 0 0 0 0 0 0 0 0 1 1 0 0
476 3876 4 1 0 0 0 0 0 0 1938 0 0 0
483 10224 0 0 1938 0 0 0 0 0 3174 402 0 0
487 3837 4 1 1279 5 0 0 0 0 1279 5 0 0
491 1 1 1 0 0 0 1 0 0 0 0 0 0
499 3712 0 0 1856 0 0 1856 0 0 0 0 0 0
500 1856 0 0 0 0 0 1856 0 0 0 0 0 0
501 1938 0 0 0 0 0 0 0 0 0 0 0 0
518 12975 0 0 0 0 0 0 0 0 4325 16 0 0
521 16 0 0 0 0 0 0 0 0 0 0 0 0
522 15632 1 1 13678 0 0 0 0 0 0 0 0 0
fl=./elf/./elf/dl-minimal-malloc.c
fn=__minimal_calloc
80 85 1 1 0 0 0 0 0 0 0 0 0 0
84 17 0 0 0 0 0 0 0 0 0 0 0 0
87 17 0 0 0 0 0 0 0 0 0 0 0 0
88 51 0 0 0 0 0 0 0 0 17 11 0 0
fn=__minimal_free
97 3 1 1 0 0 0 0 0 0 0 0 0 0
99 12 0 0 6 0 0 0 0 0 3 0 0 0
fn=__minimal_malloc
36 336 2 2 0 0 0 168 2 2 0 0 0 0
37 126 0 0 42 4 1 0 0 0 42 1 0 0
42 3 1 1 0 0 0 1 0 0 0 0 0 0
43 2 1 1 1 0 0 0 0 0 0 0 0 0
44 2 0 0 0 0 0 0 0 0 0 0 0 0
48 167 0 0 41 0 0 42 0 0 0 0 0 0
51 282 0 0 0 0 0 0 0 0 81 6 0 0
56 12 0 0 3 0 0 0 0 0 0 0 0 0
57 12 0 0 0 0 0 0 0 0 3 0 0 0
59 3 1 1 0 0 0 0 0 0 0 0 0 0
60 24 0 0 0 0 0 3 0 0 0 0 0 0
62 6 0 0 0 0 0 0 0 0 3 0 0 0
64 12 0 0 0 0 0 3 0 0 0 0 0 0
65 9 0 0 3 0 0 0 0 0 3 1 0 0
67 8 0 0 0 0 0 3 0 0 0 0 0 0
70 43 1 1 1 0 0 42 0 0 0 0 0 0
71 46 0 0 0 0 0 42 0 0 0 0 0 0
73 252 0 0 210 0 0 0 0 0 0 0 0 0
fl=./elf/./elf/dl-minimal.c
fn=__rtld_malloc_init_real
76 10 1 1 0 0 0 6 0 0 0 0 0 0
86 2 1 1 0 0 0 1 0 0 0 0 0 0
87 1 0 0 0 0 0 1 0 0 0 0 0 0
89 1 0 0 0 0 0 1 0 0 0 0 0 0
91 6 1 1 0 0 0 1 0 0 0 0 0 0
92 5 0 0 0 0 0 1 0 0 0 0 0 0
93 5 0 0 0 0 0 1 0 0 0 0 0 0
94 4 1 1 0 0 0 1 0 0 0 0 0 0
99 1 0 0 0 0 0 1 0 0 0 0 0 0
100 1 0 0 0 0 0 1 0 0 0 0 0 0
101 1 0 0 0 0 0 1 0 0 0 0 0 0
102 1 0 0 0 0 0 1 0 0 0 0 0 0
103 8 0 0 7 0 0 0 0 0 0 0 0 0
fn=__rtld_malloc_init_stubs
42 1 1 1 0 0 0 0 0 0 0 0 0 0
43 2 1 1 0 0 0 1 1 1 0 0 0 0
44 2 0 0 0 0 0 1 0 0 0 0 0 0
45 2 0 0 0 0 0 1 0 0 0 0 0 0
46 2 0 0 0 0 0 1 0 0 0 0 0 0
47 1 0 0 1 0 0 0 0 0 0 0 0 0
fn=lookup_malloc_symbol
61 36 1 1 0 0 0 16 0 0 0 0 0 0
63 4 0 0 0 0 0 4 0 0 0 0 0 0
64 28 0 0 4 0 0 12 0 0 0 0 0 0
68 28 1 1 16 0 0 0 0 0 4 0 0 0
69 28 0 0 12 0 0 0 0 0 4 0 0 0
71 4 0 0 0 0 0 4 0 0 0 0 0 0
72 24 0 0 20 0 0 0 0 0 0 0 0 0
fn=strsep
239 2 1 1 0 0 0 0 0 0 0 0 0 0
242 4 0 0 2 1 1 0 0 0 2 0 0 0
244 2 0 0 2 0 0 0 0 0 0 0 0 0
245 4 0 0 0 0 0 0 0 0 2 1 0 0
247 2 0 0 0 0 0 0 0 0 0 0 0 0
249 47 1 1 15 0 0 0 0 0 15 4 0 0
251 28 0 0 0 0 0 0 0 0 0 0 0 0
254 56 0 0 28 0 0 0 0 0 28 6 0 0
256 84 0 0 28 0 0 0 0 0 28 3 0 0
264 14 0 0 0 0 0 0 0 0 0 0 0 0
267 1 0 0 0 0 0 1 0 0 0 0 0 0
271 4 0 0 2 0 0 0 0 0 0 0 0 0
fl=./elf/./elf/dl-misc.c
fn=_dl_higher_prime_number
87 2 0 0 0 0 0 0 0 0 0 0 0 0
124 2 0 0 0 0 0 0 0 0 0 0 0 0
125 2 0 0 0 0 0 0 0 0 0 0 0 0
127 26 1 1 0 0 0 0 0 0 12 11 0 0
129 80 0 0 0 0 0 0 0 0 0 0 0 0
130 30 0 0 10 4 2 0 0 0 10 3 0 0
131 6 0 0 0 0 0 0 0 0 0 0 0 0
133 7 0 0 0 0 0 0 0 0 0 0 0 0
145 2 0 0 2 0 0 0 0 0 0 0 0 0
146 2 0 0 2 0 0 0 0 0 0 0 0 0
fn=_dl_name_match_p
68 812 1 1 0 0 0 348 1 1 0 0 0 0
69 464 0 0 116 0 0 116 1 1 116 0 0 0
70 20 0 0 0 0 0 0 0 0 0 0 0 0
72 116 0 0 116 0 0 0 0 0 0 0 0 0
74 458 0 0 0 0 0 0 0 0 229 40 0 0
75 665 1 1 133 0 0 133 0 0 133 21 0 0
80 113 0 0 113 0 0 0 0 0 0 0 0 0
82 96 0 0 0 0 0 0 0 0 0 0 0 0
83 464 0 0 464 0 0 0 0 0 0 0 0 0
fn=_dl_sysdep_read_whole_file
36 11 1 1 0 0 0 5 0 0 0 0 0 0
39 3 0 0 0 0 0 1 0 0 0 0 0 0
40 2 1 1 0 0 0 0 0 0 1 1 0 0
42 6 0 0 0 0 0 1 0 0 1 0 0 0
44 2 0 0 1 0 0 1 0 0 0 0 0 0
47 2 1 1 0 0 0 0 0 0 1 1 0 0
49 8 0 0 0 0 0 1 0 0 0 0 0 0
60 3 0 0 0 0 0 1 0 0 0 0 0 0
63 8 0 0 6 0 0 0 0 0 0 0 0 0
fl=./elf/./elf/dl-object.c
fn=_dl_add_to_namespace_list
31 54 1 1 0 0 0 24 1 1 0 0 0 0
33 18 0 0 6 0 0 6 0 0 0 0 6 2
35 53 1 1 6 0 0 0 0 0 6 1 0 0
38 80 0 0 20 0 0 0 0 0 20 15 0 0
40 5 0 0 0 0 0 5 0 0 0 0 0 0
42 5 0 0 0 0 0 5 0 0 0 0 0 0
45 2 1 1 0 0 0 1 0 0 0 0 0 0
46 18 0 0 6 0 0 0 0 0 0 0 0 0
47 12 0 0 6 0 0 6 0 0 0 0 0 0
48 12 0 0 0 0 0 6 0 0 0 0 0 0
50 12 0 0 6 0 0 0 0 0 0 0 6 1
51 30 0 0 24 0 0 0 0 0 0 0 0 0
fn=_dl_new_object
59 90 1 1 0 0 0 60 3 3 0 0 0 0
62 12 0 0 0 0 0 0 0 0 6 1 0 0
64 2 1 1 0 0 0 0 0 0 1 1 0 0
66 3 1 1 1 0 0 0 0 0 1 0 0 0
67 2 0 0 0 0 0 0 0 0 1 0 0 0
71 6 0 0 0 0 0 2 0 0 0 0 0 0
77 2 1 1 0 0 0 0 0 0 0 0 0 0
80 10 0 0 5 0 0 0 0 0 0 0 0 0
83 26 1 1 0 0 0 16 0 0 0 0 0 0
87 10 0 0 0 0 0 0 0 0 0 0 0 0
92 5 0 0 0 0 0 0 0 0 0 0 0 0
95 12 0 0 0 0 0 0 0 0 6 0 0 0
98 6 0 0 0 0 0 6 4 4 0 0 0 0
99 6 0 0 0 0 0 6 6 6 0 0 0 0
100 12 0 0 6 0 0 0 0 0 0 0 0 0
103 12 0 0 0 0 0 6 2 2 0 0 0 0
104 42 1 1 18 0 0 18 0 0 0 0 0 0
106 6 1 1 0 0 0 6 0 0 0 0 0 0
119 28 0 0 17 0 0 0 0 0 11 6 0 0
123 5 0 0 0 0 0 0 0 0 0 0 0 0
125 1 0 0 0 0 0 0 0 0 0 0 0 0
127 42 0 0 12 6 6 12 0 0 0 0 0 0
130 12 0 0 6 0 0 0 0 0 6 3 0 0
131 12 1 1 0 0 0 6 6 6 0 0 0 0
132 6 1 1 0 0 0 6 0 0 0 0 0 0
136 6 0 0 0 0 0 6 0 0 0 0 0 0
139 40 0 0 0 0 0 0 0 0 15 10 0 0
141 20 1 1 0 0 0 16 4 4 1 1 0 0
149 12 1 1 0 0 0 6 0 0 0 0 0 0
150 6 0 0 0 0 0 6 6 6 0 0 0 0
153 1 0 0 0 0 0 0 0 0 0 0 0 0
155 36 0 0 6 1 1 0 0 0 6 1 0 0
157 20 0 0 0 0 0 5 4 4 0 0 0 0
160 14 1 1 0 0 0 0 0 0 6 0 0 0
164 24 0 0 6 0 0 0 0 0 6 1 0 0
168 35 1 1 5 0 0 0 0 0 10 5 0 0
176 1 1 1 0 0 0 1 0 0 0 0 0 0
179 12 0 0 0 0 0 6 0 0 0 0 0 0
189 24 0 0 12 0 0 0 0 0 6 1 0 0
191 20 0 0 0 0 0 10 0 0 0 0 0 0
195 15 0 0 0 0 0 0 0 0 5 0 0 0
199 10 0 0 0 0 0 0 0 0 0 0 0 0
200 10 0 0 0 0 0 0 0 0 5 0 0 0
208 5 0 0 0 0 0 0 0 0 0 0 0 0
212 5 1 1 0 0 0 0 0 0 0 0 0 0
245 20 0 0 10 0 0 5 0 0 0 0 0 0
250 168 0 0 0 0 0 0 0 0 0 0 0 0
251 168 0 0 84 0 0 0 0 0 84 24 0 0
255 10 0 0 0 0 0 0 0 0 0 0 0 0
256 5 0 0 0 0 0 5 0 0 0 0 0 0
259 5 0 0 0 0 0 5 1 1 0 0 0 0
263 54 1 1 42 0 0 0 0 0 0 0 0 0
fl=./elf/./elf/dl-reloc.c
fn=_dl_relocate_object
170 14184 1 1 3546 1729 1351 0 0 0 3546 31 0 0
171 6922 1 1 0 0 0 0 0 0 3461 3 0 0
174 23464 1 1 3461 7 0 0 0 0 5301 814 0 0
175 19444 2 2 1621 0 0 0 0 0 8101 5 0 0
177 1621 0 0 1621 0 0 0 0 0 0 0 0 0
178 6482 1 1 1621 0 0 1621 0 0 0 0 0 0
182 3680 0 0 0 0 0 0 0 0 1840 0 0 0
183 1840 0 0 0 0 0 1840 0 0 0 0 0 0
184 1840 0 0 0 0 0 1840 0 0 0 0 0 0
186 14726 2 2 7360 1 0 6 0 0 1840 68 0 0
187 9170 1 1 1834 65 0 1834 0 0 0 0 0 0
188 3668 0 0 0 0 0 0 0 0 1834 0 0 0
190 12977 2 2 3680 0 0 5565 3 0 6 0 0 0
193 1840 0 0 1840 0 0 0 0 0 0 0 0 0
194 12880 1 1 5520 0 0 1840 1 0 0 0 0 0
196 1621 1 1 1621 0 0 0 0 0 0 0 0 0
207 88 1 1 0 0 0 64 1 0 0 0 0 0
208 16 0 0 8 0 0 0 0 0 8 1 0 0
220 14 0 0 0 0 0 0 0 0 0 0 0 0
221 21 0 0 0 0 0 7 0 0 0 0 0 0
224 28 1 1 0 0 0 7 0 0 0 0 0 0
226 21 0 0 0 0 0 0 0 0 7 0 0 0
228 7 0 0 7 0 0 0 0 0 0 0 0 0
229 21 0 0 7 2 0 0 0 0 7 5 0 0
251 35 2 2 14 0 0 0 0 0 7 5 0 0
252 14 1 1 7 7 0 0 0 0 7 4 0 0
253 3 0 0 0 0 0 0 0 0 0 0 0 0
255 14 0 0 0 0 0 0 0 0 7 0 0 0
262 21 1 1 7 2 0 0 0 0 7 0 0 0
301 10279 9 9 1220 241 201 51 0 0 3530 433 0 0
304 35 0 0 14 0 0 0 0 0 14 0 0 0
328 7 0 0 7 1 0 0 0 0 0 0 0 0
331 14 0 0 0 0 0 0 0 0 7 0 0 0
348 21 0 0 7 4 0 0 0 0 7 6 0 0
350 64 0 0 56 4 0 0 0 0 0 0 0 0
356 42 1 1 21 2 0 0 0 0 0 0 0 0
359 14 0 0 0 0 0 0 0 0 0 0 0 0
363 14 1 1 0 0 0 0 0 0 7 0 0 0
364 42 0 0 0 0 0 7 1 0 7 4 0 0
fl=./elf/./elf/dl-runtime.c
fn=_dl_fixup
46 1210 7 2 0 0 0 660 0 0 0 0 0 0
48 550 0 0 440 14 0 0 0 0 110 61 0 0
49 330 3 1 220 0 0 0 0 0 0 0 0 0
54 110 0 0 110 5 0 0 0 0 0 0 0 0
55 440 0 0 110 5 0 0 0 0 0 0 0 0
56 770 0 0 110 105 0 110 2 0 0 0 0 0
58 220 0 0 110 13 0 0 0 0 0 0 0 0
63 220 0 0 0 0 0 0 0 0 110 3 0 0
67 220 0 0 110 108 58 0 0 0 110 1 0 0
69 110 0 0 0 0 0 0 0 0 0 0 0 0
71 330 4 1 110 5 0 0 0 0 110 4 0 0
75 330 0 0 220 100 1 0 0 0 0 0 0 0
76 440 0 0 110 4 0 0 0 0 0 0 0 0
77 330 0 0 110 22 0 0 0 0 110 18 0 0
84 110 3 1 0 0 0 0 0 0 0 0 0 0
85 330 0 0 110 0 0 0 0 0 110 9 0 0
95 1210 0 0 220 5 0 330 0 0 0 0 0 0
99 550 3 1 330 0 0 0 0 0 110 0 0 0
109 1100 0 0 440 0 0 110 0 0 220 0 0 0
124 440 3 1 110 0 0 0 0 0 110 5 0 0
125 8 0 0 0 0 0 4 0 0 0 0 0 0
133 330 0 0 110 0 0 0 0 0 110 8 0 0
159 330 0 0 110 1 0 0 0 0 110 4 0 0
163 880 3 1 770 0 0 0 0 0 0 0 0 0
fl=./elf/./elf/dl-setup_hash.c
fn=_dl_setup_hash
25 14 1 1 0 0 0 0 0 0 0 0 0 0
28 21 1 1 7 0 0 0 0 0 7 0 0 0
31 21 0 0 14 0 0 0 0 0 7 0 0 0
32 14 0 0 7 6 6 7 1 1 0 0 0 0
33 7 0 0 7 0 0 0 0 0 0 0 0 0
34 7 0 0 7 0 0 0 0 0 0 0 0 0
36 21 0 0 0 0 0 0 0 0 7 0 0 0
37 7 0 0 0 0 0 7 0 0 0 0 0 0
38 21 1 1 7 0 0 7 0 0 0 0 0 0
40 7 0 0 0 0 0 7 0 0 0 0 0 0
41 14 0 0 0 0 0 0 0 0 0 0 0 0
43 7 0 0 0 0 0 7 0 0 0 0 0 0
45 21 0 0 0 0 0 7 0 0 0 0 0 0
50 7 0 0 7 0 0 0 0 0 0 0 0 0
fl=./elf/./elf/dl-sort-maps.c
fn=_dl_sort_maps
140 64 0 0 14 0 0 12 1 0 14 6 0 0
181 2 0 0 0 0 0 2 0 0 0 0 0 0
182 4 0 0 2 0 0 0 0 0 0 0 0 0
183 52 0 0 0 0 0 0 0 0 16 11 0 0
184 28 2 1 28 0 0 0 0 0 0 0 0 0
211 34 4 2 2 1 0 0 0 0 4 1 0 0
216 4 0 0 0 0 0 2 0 0 0 0 0 0
218 2 0 0 0 0 0 2 0 0 0 0 0 0
219 10 0 0 0 0 0 0 0 0 0 0 0 0
221 44 2 1 0 0 0 0 0 0 12 0 0 0
223 14 0 0 14 0 0 0 0 0 0 0 0 0
226 40 0 0 12 0 0 0 0 0 14 10 0 0
244 8 2 1 2 0 0 0 0 0 2 2 0 0
263 8 2 1 0 0 0 2 0 0 0 0 0 0
276 8 2 1 2 0 0 0 0 0 4 2 0 0
283 2 2 1 0 0 0 0 0 0 0 0 0 0
298 26 1 0 0 0 0 14 2 0 0 0 0 0
306 6 2 1 2 2 0 0 0 0 2 2 0 0
310 18 4 2 14 0 0 0 0 0 0 0 0 0
fn=_dl_sort_maps_init
289 4 2 2 0 0 0 1 0 0 0 0 0 0
290 4 0 0 0 0 0 1 0 0 0 0 0 0
291 1 0 0 0 0 0 1 0 0 0 0 0 0
292 3 0 0 1 0 0 0 0 0 0 0 0 0
293 2 0 0 2 0 0 0 0 0 0 0 0 0
fn=dfs_traversal.part.0
135 126 2 1 0 0 0 70 0 0 0 0 0 0
140 70 0 0 35 0 0 0 0 0 35 4 0 0
143 14 0 0 14 0 0 0 0 0 0 0 0 0
145 42 0 0 14 3 0 0 0 0 14 3 0 0
147 186 0 0 48 7 0 0 0 0 46 21 0 0
156 49 3 1 7 0 0 0 0 0 21 9 0 0
171 42 0 0 14 0 0 14 0 0 0 0 0 0
172 14 0 0 0 0 0 14 0 0 0 0 0 0
173 90 1 1 84 0 0 2 1 0 0 0 0 0
fl=./elf/./elf/dl-tunables.c
fn=__GI___tunable_set_val
72 50 1 1 5 0 0 0 0 0 10 0 0 0
82 5 0 0 5 0 0 0 0 0 0 0 0 0
93 40 1 1 10 0 0 0 0 0 5 0 0 0
94 25 0 0 10 0 0 0 0 0 5 0 0 0
97 10 0 0 0 0 0 0 0 0 5 2 0 0
100 35 0 0 0 0 0 0 0 0 0 0 0 0
104 10 0 0 0 0 0 0 0 0 5 2 0 0
111 10 0 0 0 0 0 0 0 0 5 0 0 0
112 10 0 0 0 0 0 0 0 0 5 2 0 0
115 25 1 1 0 0 0 5 0 0 0 0 0 0
116 5 0 0 0 0 0 5 0 0 0 0 0 0
117 5 0 0 0 0 0 5 0 0 0 0 0 0
118 5 0 0 0 0 0 5 0 0 0 0 0 0
153 30 1 1 0 0 0 10 0 0 0 0 0 0
157 15 0 0 15 0 0 0 0 0 0 0 0 0
fn=__GI___tunables_init
42 415 1 1 83 0 0 0 0 0 166 1 0 0
45 82 0 0 0 0 0 0 0 0 0 0 0 0
48 7854 0 0 1122 43 43 0 0 0 2244 96 0 0
52 164 0 0 0 0 0 0 0 0 82 0 0 0
56 328 1 1 0 0 0 0 0 0 0 0 0 0
128 1 0 0 0 0 0 0 0 0 0 0 0 0
261 10 2 2 0 0 0 6 0 0 0 0 0 0
267 4 0 0 1 0 0 0 0 0 1 0 0 0
281 13448 0 0 0 0 0 0 0 0 3362 82 0 0
283 2 0 0 0 0 0 0 0 0 0 0 0 0
287 24354 1 1 6724 41 41 0 0 0 6724 896 0 0
304 8 1 1 7 0 0 0 0 0 0 0 0 0
fn=__tunable_get_val
387 80 1 1 0 0 0 0 0 0 0 0 0 0
390 474 1 1 40 36 31 0 0 0 77 18 0 0
399 52 0 0 37 15 0 15 0 0 0 0 0 0
400 15 0 0 0 0 0 0 0 0 0 0 0 0
409 31 1 1 0 0 0 25 0 0 0 0 0 0
416 240 0 0 40 4 0 0 0 0 40 32 0 0
418 40 0 0 40 0 0 0 0 0 0 0 0 0
fl=./elf/./elf/dl-tunables.h
fn=__GI___tunable_set_val
141 10 0 0 0 0 0 0 0 0 5 3 0 0
142 10 1 1 0 0 0 0 0 0 0 0 0 0
151 5 0 0 0 0 0 0 0 0 0 0 0 0
fn=__GI___tunables_init
160 1556 1 1 1038 1 1 0 0 0 68 8 0 0
161 3828 0 0 0 0 0 0 0 0 985 80 0 0
fl=./elf/./elf/dl-version.c
fn=_dl_check_all_versions
392 7 1 1 0 0 0 5 0 0 0 0 0 0
394 1 0 0 0 0 0 0 0 0 0 0 0 0
396 26 0 0 7 0 0 0 0 0 8 6 0 0
397 7 0 0 0 0 0 0 0 0 0 0 0 0
398 63 1 1 7 0 0 7 1 0 7 7 0 0
401 7 0 0 6 0 0 0 0 0 0 0 0 0
fn=_dl_check_map_versions
36 202 0 0 24 0 0 0 0 0 65 7 0 0
37 53 0 0 53 0 0 0 0 0 0 0 0 0
38 337 1 1 0 0 0 65 0 0 65 6 0 0
56 200 0 0 150 0 0 0 0 0 50 22 0 0
64 150 0 0 50 0 0 0 0 0 50 0 0 0
70 150 1 1 50 1 0 0 0 0 50 0 0 0
86 50 0 0 50 1 0 0 0 0 0 0 0 0
87 100 0 0 0 0 0 0 0 0 50 0 0 0
89 50 0 0 50 0 0 0 0 0 0 0 0 0
94 1980 0 0 865 33 33 150 0 0 865 5 0 0
108 1730 0 0 865 13 12 0 0 0 865 53 0 0
110 50 1 1 50 1 1 0 0 0 0 0 0 0
113 400 1 1 150 0 0 100 0 0 50 0 0 0
120 2445 1 1 815 13 13 0 0 0 815 0 0 0
124 815 0 0 0 0 0 0 0 0 0 0 0 0
155 70 0 0 0 0 0 42 0 0 0 0 0 0
156 7 0 0 0 0 0 7 0 0 0 0 0 0
164 12 1 1 0 0 0 7 1 0 0 0 0 0
170 21 0 0 7 0 0 0 0 0 7 0 0 0
172 35 1 1 14 1 0 0 0 0 7 0 0 0
174 7 0 0 7 2 0 0 0 0 0 0 0 0
175 7 0 0 7 0 0 0 0 0 0 0 0 0
177 14 0 0 0 0 0 0 0 0 7 2 0 0
180 15 1 1 10 0 0 0 0 0 0 0 0 0
184 40 0 0 5 5 5 25 0 0 5 0 0 0
198 7 0 0 0 0 0 0 0 0 0 0 0 0
200 36 1 1 24 1 1 0 0 0 0 0 0 0
208 36 0 0 12 0 0 0 0 0 12 0 0 0
213 36 0 0 12 2 2 0 0 0 0 0 0 0
215 38 0 0 0 0 0 0 0 0 0 0 0 0
217 200 1 1 100 12 12 50 0 0 0 0 0 0
218 355 1 1 272 0 0 0 0 0 50 14 0 0
221 100 0 0 50 0 0 50 0 0 0 0 0 0
224 150 0 0 100 0 0 0 0 0 50 7 0 0
225 5 0 0 1 0 0 1 0 0 1 0 0 0
228 26 1 1 13 0 0 12 0 0 0 0 0 0
231 200 0 0 50 0 0 0 0 0 0 0 0 0
234 150 0 0 50 0 0 0 0 0 50 15 0 0
239 38 0 0 0 0 0 0 0 0 0 0 0 0
243 36 0 0 12 0 0 0 0 0 12 6 0 0
248 7 0 0 0 0 0 0 0 0 0 0 0 0
257 30 2 2 15 0 0 0 0 0 7 2 0 0
260 10 0 0 10 0 0 0 0 0 0 0 0 0
263 551 0 0 139 10 10 5 0 0 0 0 0 0
266 412 0 0 134 4 4 5 0 0 134 25 0 0
270 129 0 0 0 0 0 0 0 0 0 0 0 0
274 18 1 1 6 0 0 0 0 0 6 1 0 0
279 6 0 0 0 0 0 6 2 0 0 0 0 0
280 24 1 1 6 0 0 6 0 0 0 0 0 0
281 18 0 0 6 0 0 0 0 0 6 0 0 0
291 6 0 0 0 0 0 6 0 0 0 0 0 0
294 32 0 0 19 3 0 6 1 0 6 0 0 0
296 12 0 0 0 0 0 0 0 0 6 1 0 0
299 20 1 1 10 0 0 0 0 0 0 0 0 0
301 7 0 0 0 0 0 0 0 0 0 0 0 0
303 36 0 0 12 0 0 0 0 0 0 0 0 0
306 150 1 1 50 0 0 0 0 0 0 0 0 0
308 200 0 0 0 0 0 0 0 0 50 18 0 0
310 250 0 0 50 0 0 50 0 0 0 0 0 0
311 100 0 0 0 0 0 50 19 19 0 0 0 0
312 150 0 0 50 0 0 50 2 2 0 0 0 0
313 150 0 0 50 0 0 50 1 1 0 0 0 0
316 150 0 0 50 0 0 0 0 0 50 17 0 0
321 38 0 0 0 0 0 0 0 0 0 0 0 0
324 36 0 0 12 0 0 0 0 0 12 3 0 0
329 7 1 1 0 0 0 0 0 0 0 0 0 0
334 12 0 0 0 0 0 0 0 0 6 1 0 0
337 10 0 0 5 0 0 0 0 0 0 0 0 0
341 129 0 0 129 0 0 0 0 0 0 0 0 0
343 268 0 0 134 0 0 0 0 0 134 12 0 0
347 129 0 0 129 0 0 0 0 0 0 0 0 0
348 645 0 0 129 0 0 129 33 33 0 0 0 0
349 387 0 0 129 0 0 129 0 0 0 0 0 0
350 129 0 0 0 0 0 129 17 17 0 0 0 0
353 402 0 0 134 0 0 0 0 0 134 8 0 0
357 129 0 0 0 0 0 0 0 0 0 0 0 0
365 10 0 0 0 0 0 0 0 0 5 1 0 0
366 10 1 1 5 0 0 0 0 0 5 0 0 0
367 10 0 0 5 1 0 0 0 0 5 4 0 0
368 4 0 0 2 0 0 0 0 0 2 1 0 0
370 4 1 1 3 0 0 0 0 0 1 1 0 0
372 124 0 0 32 0 0 0 0 0 31 1 0 0
373 60 1 1 0 0 0 0 0 0 30 3 0 0
375 2 0 0 1 0 0 0 0 0 0 0 0 0
376 7 0 0 0 0 0 1 0 0 1 1 0 0
387 63 1 1 56 0 0 0 0 0 0 0 0 0
fl=./elf/./elf/do-rel.h
fn=_dl_relocate_object
49 42 1 1 14 3 0 0 0 0 0 0 0 0
50 42 0 0 14 0 0 14 0 0 0 0 0 0
51 7 0 0 7 0 0 0 0 0 0 0 0 0
53 70 0 0 28 2 0 0 0 0 0 0 0 0
72 8 0 0 0 0 0 0 0 0 0 0 0 0
73 9 1 1 0 0 0 7 0 0 0 0 0 0
80 42 0 0 14 0 0 0 0 0 14 12 0 0
83 3352 1 1 0 0 0 2 0 0 1114 2 0 0
85 4448 1 1 1112 418 418 0 0 0 1112 2 0 0
96 12 0 0 2 1 0 0 0 0 0 0 0 0
97 4 0 0 0 0 0 0 0 0 2 2 0 0
114 36 1 1 0 0 0 0 0 0 0 0 0 0
123 3091 0 0 0 0 0 0 0 0 1033 24 0 0
124 2042 0 0 1021 131 129 0 0 0 0 0 0 0
126 36 1 1 12 7 0 0 0 0 12 1 0 0
129 40 0 0 20 4 0 10 1 0 10 1 0 0
131 14214 1 1 3568 1 0 0 0 0 3550 31 0 0
133 17700 0 0 10620 2176 1212 0 0 0 0 0 0 0
134 14160 0 0 3540 0 0 3540 0 0 0 0 0 0
135 10620 0 0 7080 1 0 3540 0 0 0 0 0 0
136 14160 0 0 3540 2 0 0 0 0 0 0 0 0
138 10620 1 1 0 0 0 0 0 0 3540 8 0 0
141 272 0 0 68 0 0 68 0 0 0 0 0 0
142 68 1 1 0 0 0 68 0 0 0 0 0 0
143 68 0 0 0 0 0 0 0 0 0 0 0 0
147 3472 0 0 0 0 0 3472 0 0 0 0 0 0
150 10439 1 1 3472 0 0 0 0 0 3472 14 0 0
151 216 2 2 72 1 0 0 0 0 72 4 0 0
164 24 1 1 12 2 0 0 0 0 6 3 0 0
165 285 0 0 9 0 0 6 0 0 87 29 0 0
166 252 1 1 84 0 0 0 0 0 84 9 0 0
169 204 0 0 136 0 0 0 0 0 0 0 0 0
171 272 0 0 68 0 0 68 0 0 0 0 0 0
172 68 0 0 68 0 0 0 0 0 0 0 0 0
173 136 0 0 68 0 0 0 0 0 0 0 0 0
180 31 1 1 9 0 0 0 0 0 8 6 0 0
182 42 1 1 12 2 2 6 0 0 0 0 0 0
183 12 0 0 12 0 0 0 0 0 0 0 0 0
185 18 0 0 0 0 0 0 0 0 6 0 0 0
193 6 0 0 0 0 0 6 0 0 0 0 0 0
196 18 0 0 6 0 0 0 0 0 6 0 0 0
211 7 1 1 4 0 0 0 0 0 1 1 0 0
fn=_dl_start
49 6 0 0 2 0 0 0 0 0 0 0 0 0
50 4 0 0 2 0 0 0 0 0 0 0 0 0
51 1 0 0 1 0 0 0 0 0 0 0 0 0
53 10 1 1 4 0 0 0 0 0 0 0 0 0
56 4 0 0 0 0 0 0 0 0 2 2 0 0
61 13 1 1 0 0 0 0 0 0 5 3 0 0
63 9 1 1 3 1 1 0 0 0 0 0 0 0
64 6 0 0 0 0 0 0 0 0 0 0 0 0
65 3 0 0 3 0 0 0 0 0 0 0 0 0
fl=./elf/./elf/get-dynamic-info.h
fn=_dl_map_object_from_fd
39 10 0 0 0 0 0 0 0 0 5 0 0 0
43 5 0 0 0 0 0 0 0 0 0 0 0 0
45 567 0 0 143 39 39 0 0 0 143 10 0 0
49 276 0 0 0 0 0 0 0 0 138 41 0 0
51 74 1 1 0 0 0 0 0 0 37 4 0 0
52 37 0 0 0 0 0 0 0 0 0 0 0 0
53 6 0 0 0 0 0 0 0 0 0 0 0 0
54 129 1 1 0 0 0 0 0 0 31 5 0 0
55 109 0 0 0 0 0 0 0 0 0 0 0 0
56 25 1 1 0 0 0 0 0 0 5 2 0 0
59 20 1 1 0 0 0 0 0 0 5 0 0 0
62 20 0 0 0 0 0 0 0 0 5 0 0 0
64 20 0 0 0 0 0 0 0 0 0 0 0 0
68 138 0 0 0 0 0 138 33 33 0 0 0 0
72 20 0 0 5 0 0 0 0 0 10 0 0 0
84 17 1 1 7 0 0 0 0 0 5 2 0 0
85 20 0 0 10 0 0 0 0 0 5 0 0 0
86 20 0 0 10 0 0 0 0 0 5 2 0 0
87 20 0 0 10 0 0 0 0 0 5 0 0 0
88 17 0 0 7 3 3 0 0 0 5 2 0 0
89 19 1 1 9 1 1 0 0 0 5 1 0 0
90 19 0 0 9 1 1 0 0 0 5 1 0 0
91 20 0 0 10 0 0 0 0 0 5 0 0 0
103 40 1 1 10 0 0 5 0 0 10 0 0 0
110 16 0 0 5 0 0 0 0 0 5 3 0 0
115 8 0 0 4 0 0 0 0 0 4 0 0 0
122 8 0 0 4 0 0 0 0 0 4 0 0 0
123 15 1 1 10 0 0 0 0 0 5 0 0 0
129 15 0 0 5 0 0 0 0 0 5 4 0 0
130 6 0 0 4 0 0 0 0 0 2 0 0 0
147 15 0 0 5 0 0 0 0 0 5 3 0 0
152 4 0 0 2 0 0 2 1 1 0 0 0 0
154 4 0 0 0 0 0 0 0 0 2 2 0 0
156 4 0 0 0 0 0 0 0 0 2 2 0 0
158 4 0 0 0 0 0 0 0 0 2 2 0 0
159 4 0 0 0 0 0 2 0 0 0 0 0 0
162 15 1 1 5 0 0 0 0 0 5 2 0 0
164 9 1 1 3 0 0 3 0 0 0 0 0 0
165 6 0 0 0 0 0 0 0 0 3 0 0 0
174 6 0 0 3 0 0 0 0 0 0 0 0 0
175 9 1 1 0 0 0 0 0 0 3 3 0 0
180 6 0 0 0 0 0 0 0 0 3 2 0 0
181 6 0 0 2 0 0 2 0 0 0 0 0 0
184 10 0 0 5 0 0 0 0 0 5 5 0 0
fl=./elf/./elf/libc-dl-profstub.c
fn=_dl_mcount_wrapper_check
36 128 1 1 0 0 0 0 0 0 0 0 0 0
37 384 1 1 256 0 0 0 0 0 128 2 0 0
38 128 0 0 128 0 0 0 0 0 0 0 0 0
fl=./elf/./elf/libc_early_init.c
fn=__libc_early_init
33 9 1 1 1 0 0 3 0 0 0 0 0 0
35 1 0 0 0 0 0 1 0 0 0 0 0 0
38 2 0 0 1 1 0 1 1 1 0 0 0 0
41 2 0 0 0 0 0 2 1 1 0 0 0 0
47 4 0 0 2 0 0 0 0 0 1 0 0 0
49 2 0 0 2 0 0 0 0 0 0 0 0 0
fl=./elf/./elf/rtld.c
fn=_dl_start
85 8 0 0 0 0 0 2 1 1 0 0 0 0
458 2 0 0 0 0 0 1 0 0 0 0 0 0
476 3 0 0 0 0 0 1 0 0 0 0 0 0
477 1 0 0 0 0 0 1 0 0 0 0 0 0
478 2 0 0 1 0 0 1 1 1 0 0 0 0
488 1 0 0 0 0 0 1 0 0 0 0 0 0
494 4 2 1 1 0 0 1 0 0 0 0 0 0
496 2 0 0 1 0 0 0 0 0 1 0 0 0
517 16 2 2 0 0 0 8 1 1 0 0 0 0
543 1 0 0 0 0 0 1 1 1 0 0 0 0
546 2 1 1 0 0 0 1 1 1 0 0 0 0
547 4 0 0 1 1 1 0 0 0 0 0 0 0
563 190 5 5 24 5 5 5 1 1 57 24 0 0
565 1 0 0 1 0 0 0 0 0 0 0 0 0
578 1 1 1 0 0 0 1 1 1 0 0 0 0
585 9 1 1 7 1 0 0 0 0 0 0 0 0
fn=dl_main
85 17 2 2 0 0 0 1 0 0 0 0 0 0
92 12 1 1 0 0 0 0 0 0 0 0 0 0
93 2 0 0 0 0 0 1 1 0 0 0 0 0
101 9 0 0 4 0 0 0 0 0 0 0 0 0
197 2 0 0 0 0 0 1 0 0 0 0 0 0
199 1 0 0 0 0 0 1 0 0 0 0 0 0
224 3 0 0 3 0 0 0 0 0 0 0 0 0
225 5 0 0 3 0 0 0 0 0 1 1 0 0
226 4 1 1 0 0 0 0 0 0 2 1 0 0
296 3 1 1 0 0 0 3 0 0 0 0 0 0
302 1 0 0 0 0 0 1 0 0 0 0 0 0
303 1 0 0 0 0 0 1 0 0 0 0 0 0
837 1 0 0 1 0 0 0 0 0 0 0 0 0
839 1 0 0 0 0 0 1 0 0 0 0 0 0
848 1 1 1 0 0 0 1 0 0 0 0 0 0
850 1 0 0 0 0 0 1 0 0 0 0 0 0
855 1 0 0 0 0 0 1 0 0 0 0 0 0
1115 1 0 0 1 0 0 0 0 0 0 0 0 0
1116 1 1 1 1 0 0 0 0 0 0 0 0 0
1118 1 0 0 0 0 0 1 0 0 0 0 0 0
1122 3 0 0 2 1 1 1 1 1 0 0 0 0
1124 1 0 0 1 0 0 0 0 0 0 0 0 0
1125 1 0 0 1 0 0 0 0 0 0 0 0 0
1140 1 0 0 0 0 0 0 0 0 0 0 0 0
1143 46 4 4 0 0 0 0 0 0 14 11 0 0
1144 117 1 1 22 6 6 0 0 0 29 7 9 5
1148 3 1 1 1 0 0 1 0 0 0 0 0 0
1153 3 0 0 2 0 0 1 0 0 0 0 0 0
1154 9 1 1 2 0 0 1 0 0 0 0 0 0
1163 2 0 0 0 0 0 1 0 0 0 0 0 0
1164 2 0 0 2 1 1 0 0 0 0 0 0 0
1166 1 0 0 0 0 0 1 0 0 0 0 0 0
1173 3 1 1 1 0 0 0 0 0 1 0 0 0
1191 2 0 0 0 0 0 1 0 0 0 0 0 0
1199 8 0 0 4 0 0 0 0 0 0 0 0 0
1200 17 0 0 5 1 1 0 0 0 0 0 0 0
1201 8 0 0 4 0 0 0 0 0 4 3 0 0
1202 1 0 0 0 0 0 1 0 0 0 0 0 0
1204 12 0 0 4 0 0 0 0 0 0 0 0 0
1205 14 0 0 0 0 0 0 0 0 7 3 0 0
1209 8 0 0 4 3 3 0 0 0 0 0 0 0
1210 8 0 0 4 0 0 0 0 0 4 0 0 0
1211 4 0 0 0 0 0 4 0 0 0 0 0 0
1215 12 0 0 0 0 0 0 0 0 0 0 0 0
1243 2 1 1 1 0 0 1 1 1 0 0 0 0
1247 3 0 0 2 1 1 1 0 0 0 0 0 0
1253 28 0 0 1 0 0 0 0 0 13 1 0 0
1254 61 0 0 13 0 0 0 0 0 24 13 0 0
1260 17 0 0 0 0 0 1 0 0 0 0 0 0
1266 4 0 0 2 1 1 0 0 0 1 1 0 0
1269 3 1 1 2 0 0 0 0 0 1 1 0 0
1271 3 0 0 1 0 0 0 0 0 1 0 0 0
1346 13 2 2 0 0 0 9 1 1 0 0 0 0
1351 1 0 0 0 0 0 0 0 0 0 0 0 0
1352 1 0 0 0 0 0 1 0 0 0 0 0 0
1357 1 0 0 0 0 0 1 1 1 0 0 0 0
1373 3 0 0 2 0 0 1 0 0 0 0 0 0
1374 4 1 1 2 0 0 0 0 0 1 1 0 0
1637 10 1 1 0 0 0 3 0 0 0 0 0 0
1639 2 0 0 0 0 0 0 0 0 1 0 0 0
1640 3 1 1 0 0 0 1 0 0 0 0 0 0
1641 2 0 0 1 0 0 1 0 0 0 0 0 0
1642 3 0 0 2 0 0 1 0 0 0 0 0 0
1646 2 0 0 0 0 0 1 0 0 0 0 0 0
1647 2 0 0 1 0 0 0 0 0 1 0 0 0
1672 3 1 1 1 0 0 0 0 0 1 0 0 0
1673 5 0 0 1 0 0 1 0 0 1 0 0 0
1674 3 0 0 2 0 0 0 0 0 0 0 0 0
1675 3 0 0 3 0 0 0 0 0 0 0 0 0
1678 1 0 0 0 0 0 1 0 0 0 0 0 0
1680 1 1 1 0 0 0 1 1 1 0 0 0 0
1681 1 0 0 0 0 0 1 0 0 0 0 0 0
1683 2 0 0 1 0 0 0 0 0 1 0 0 0
1684 2 0 0 0 0 0 1 0 0 0 0 0 0
1688 2 0 0 1 0 0 0 0 0 1 0 0 0
1690 2 1 1 0 0 0 0 0 0 1 0 0 0
1698 4 0 0 2 0 0 0 0 0 1 1 0 0
1705 2 1 1 1 0 0 1 0 0 0 0 0 0
1708 2 1 1 1 0 0 0 0 0 1 0 0 0
1733 4 1 1 1 0 0 1 0 0 0 0 0 0
1735 1 0 0 0 0 0 1 0 0 0 0 0 0
1740 2 0 0 1 0 0 0 0 0 1 1 0 0
1743 4 1 1 2 0 0 1 0 0 0 0 0 0
1744 4 0 0 1 0 0 1 0 0 0 0 0 0
1745 3 1 1 2 0 0 1 0 0 0 0 0 0
1746 1 0 0 0 0 0 1 0 0 0 0 0 0
1747 1 0 0 1 0 0 0 0 0 0 0 0 0
1748 1 0 0 1 0 0 0 0 0 0 0 0 0
1759 2 0 0 1 1 1 0 0 0 1 0 0 0
1760 2 0 0 1 0 0 0 0 0 1 0 0 0
1762 2 1 1 1 0 0 0 0 0 0 0 0 0
1764 1 0 0 0 0 0 1 0 0 0 0 0 0
1765 3 0 0 1 0 0 1 0 0 0 0 0 0
1770 5 1 1 0 0 0 0 0 0 1 1 0 0
1771 5 0 0 1 1 1 0 0 0 1 1 0 0
1773 3 2 2 2 1 1 1 1 1 0 0 0 0
1779 2 0 0 1 1 1 0 0 0 1 1 0 0
1788 2 1 1 1 0 0 0 0 0 1 0 0 0
1792 1 0 0 0 0 0 0 0 0 0 0 0 0
1793 2 0 0 1 0 0 0 0 0 1 0 0 0
1817 2 1 1 0 0 0 2 0 0 0 0 0 0
1823 1 0 0 0 0 0 1 0 0 0 0 0 0
1824 1 0 0 0 0 0 1 0 0 0 0 0 0
1825 1 0 0 0 0 0 0 0 0 0 0 0 0
1829 3 0 0 1 0 0 1 0 0 0 0 0 0
1834 3 1 1 2 0 0 0 0 0 1 0 0 0
1836 1 0 0 0 0 0 0 0 0 0 0 0 0
1838 2 0 0 1 0 0 0 0 0 1 1 0 0
1842 5 1 1 2 0 0 1 0 0 0 0 0 0
1847 2 0 0 1 0 0 0 0 0 1 0 0 0
1863 6 1 1 0 0 0 1 0 0 1 0 0 0
1939 4 0 0 2 0 0 0 0 0 1 1 0 0
1943 19 2 2 1 0 0 0 0 0 2 1 0 0
1944 1 0 0 0 0 0 0 0 0 0 0 0 0
1947 3 0 0 0 0 0 1 0 0 0 0 0 0
1948 1 1 1 1 0 0 0 0 0 0 0 0 0
1949 2 0 0 0 0 0 0 0 0 1 0 0 0
1950 2 0 0 0 0 0 0 0 0 1 0 0 0
1955 3 0 0 1 0 0 0 0 0 1 1 0 0
1965 9 1 1 2 0 0 1 0 0 0 0 0 0
1971 31 1 1 1 0 0 0 0 0 8 6 0 0
1972 18 0 0 15 0 0 0 0 0 0 0 0 0
1975 3 0 0 2 0 0 1 0 0 0 0 0 0
1976 2 1 1 0 0 0 0 0 0 1 0 0 0
1977 1 0 0 0 0 0 1 0 0 0 0 0 0
1979 26 0 0 1 0 0 0 0 0 6 0 0 0
1980 12 0 0 6 0 0 0 0 0 6 5 0 0
1984 2 1 1 0 0 0 0 0 0 1 0 0 0
1990 1 1 1 0 0 0 1 0 0 0 0 0 0
1992 3 0 0 1 0 0 1 0 0 0 0 0 0
1993 2 0 0 0 0 0 0 0 0 1 0 0 0
1995 2 0 0 0 0 0 1 0 0 0 0 0 0
1997 3 0 0 0 0 0 0 0 0 1 1 0 0
1999 3 1 1 1 0 0 0 0 0 0 0 0 0
2000 1 0 0 1 0 0 0 0 0 0 0 0 0
2001 2 0 0 0 0 0 0 0 0 1 1 0 0
2013 2 0 0 0 0 0 0 0 0 1 0 0 0
2014 2 0 0 1 0 0 1 0 0 0 0 0 0
2015 3 0 0 1 0 0 0 0 0 1 1 0 0
2026 5 0 0 1 0 0 1 0 0 0 0 0 0
2027 4 0 0 0 0 0 1 0 0 0 0 0 0
2028 5 1 1 0 0 0 1 0 0 0 0 0 0
2038 2 0 0 1 0 0 1 0 0 0 0 0 0
2039 2 0 0 1 0 0 0 0 0 1 1 0 0
2040 4 1 1 0 0 0 2 0 0 0 0 0 0
2042 2 0 0 0 0 0 0 0 0 1 0 0 0
2047 3 0 0 1 0 0 0 0 0 1 0 0 0
2246 3 0 0 1 0 0 1 0 0 0 0 0 0
2250 3 0 0 1 0 0 2 1 0 0 0 0 0
2256 2 1 1 1 0 0 1 0 0 0 0 0 0
2259 2 0 0 1 0 0 0 0 0 1 0 0 0
2267 2 0 0 2 0 0 0 0 0 0 0 0 0
2279 3 1 1 1 0 0 0 0 0 0 0 0 0
2282 3 0 0 1 0 0 1 0 0 0 0 0 0
2284 3 0 0 1 0 0 0 0 0 1 1 0 0
2285 6 0 0 1 0 0 1 0 0 0 0 0 0
2292 2 0 0 2 1 0 0 0 0 0 0 0 0
2293 30 0 0 3 2 0 1 0 0 8 3 0 0
2295 14 1 1 14 4 0 0 0 0 0 0 0 0
2300 14 0 0 14 8 0 0 0 0 0 0 0 0
2302 16 0 0 0 0 0 0 0 0 8 4 0 0
2304 1 1 1 0 0 0 1 1 0 0 0 0 0
2305 1 0 0 1 0 0 0 0 0 0 0 0 0
2308 7 0 0 7 1 0 0 0 0 0 0 0 0
2310 14 0 0 0 0 0 0 0 0 7 1 0 0
2311 48 0 0 12 7 0 6 0 0 0 0 0 0
2315 20 1 1 10 6 0 0 0 0 10 4 0 0
2316 9 0 0 0 0 0 3 0 0 0 0 0 0
2325 2 0 0 1 0 0 0 0 0 1 0 0 0
2329 4 0 0 2 1 0 0 0 0 2 0 0 0
2331 1 0 0 1 1 0 0 0 0 0 0 0 0
2338 4 1 1 1 0 0 1 0 0 0 0 0 0
2341 2 0 0 1 1 0 0 0 0 1 1 0 0
2345 3 1 1 2 1 0 0 0 0 1 0 0 0
2347 2 0 0 1 0 0 0 0 0 1 1 0 0
2357 1 1 1 0 0 0 1 0 0 0 0 0 0
2362 3 0 0 1 0 0 1 0 0 0 0 0 0
2365 1 0 0 0 0 0 1 0 0 0 0 0 0
2371 1 0 0 1 0 0 0 0 0 0 0 0 0
2372 5 1 1 2 0 0 1 0 0 0 0 0 0
2380 3 0 0 1 0 0 1 0 0 0 0 0 0
2387 1 0 0 0 0 0 1 0 0 0 0 0 0
2390 3 0 0 0 0 0 1 0 0 0 0 0 0
2394 3 0 0 0 0 0 1 0 0 0 0 0 0
2395 1 0 0 0 0 0 1 1 0 0 0 0 0
2396 1 0 0 0 0 0 1 0 0 0 0 0 0
2397 1 0 0 0 0 0 0 0 0 0 0 0 0
2401 1 0 0 0 0 0 1 0 0 0 0 0 0
2406 8 0 0 7 1 0 0 0 0 0 0 0 0
2538 1 0 0 1 0 0 0 0 0 0 0 0 0
2598 1 0 0 0 0 0 1 1 1 0 0 0 0
2600 2 0 0 0 0 0 0 0 0 0 0 0 0
2602 15 1 1 0 0 0 3 0 0 3 1 0 0
2604 2 0 0 0 0 0 0 0 0 0 0 0 0
2606 107 0 0 21 0 0 0 0 0 40 10 0 0
2607 19 0 0 0 0 0 0 0 0 0 0 0 0
2615 13 1 1 2 2 2 0 0 0 2 0 2 2
2640 2 1 1 1 0 0 0 0 0 1 0 0 0
2650 4 1 1 2 0 0 0 0 0 2 1 0 0
2652 2 0 0 0 0 0 1 0 0 0 0 0 0
2653 1 0 0 0 0 0 0 0 0 0 0 0 0
2687 5 2 2 2 0 0 0 0 0 2 1 0 0
2689 2 0 0 0 0 0 1 0 0 0 0 0 0
2690 2 0 0 0 0 0 1 0 0 0 0 0 0
2691 1 0 0 0 0 0 0 0 0 0 0 0 0
2727 5 0 0 1 0 0 0 0 0 1 0 0 0
2749 3 0 0 1 0 0 0 0 0 1 0 0 0
fn=handle_preload_list
183 3 0 0 1 0 0 0 0 0 1 0 0 0
806 1 0 0 0 0 0 1 1 1 0 0 0 0
810 2 0 0 0 0 0 1 0 0 0 0 0 0
811 2 0 0 1 0 0 1 0 0 0 0 0 0
812 1 0 0 0 0 0 1 0 0 0 0 0 0
814 1 0 0 1 0 0 0 0 0 0 0 0 0
816 6 1 1 0 0 0 1 0 0 0 0 0 0
817 3 0 0 1 0 0 0 0 0 1 0 0 0
825 3 0 0 1 0 0 0 0 0 0 0 0 0
869 13 2 2 1 1 1 8 1 1 0 0 0 0
870 3 0 0 0 0 0 0 0 0 0 0 0 0
874 5 0 0 2 0 0 0 0 0 2 0 0 0
877 4 1 1 0 0 0 1 0 0 0 0 0 0
878 3 0 0 0 0 0 0 0 0 1 1 0 0
880 4 1 1 0 0 0 1 0 0 0 0 0 0
881 2 0 0 0 0 0 1 0 0 0 0 0 0
887 1 0 0 0 0 0 0 0 0 0 0 0 0
889 2 0 0 1 0 0 0 0 0 0 0 0 0
891 2 1 1 1 0 0 0 0 0 1 0 0 0
892 1 0 0 0 0 0 0 0 0 0 0 0 0
895 9 0 0 7 0 0 0 0 0 0 0 0 0
fn=init_tls
734 4 1 1 0 0 0 3 0 0 0 0 0 0
736 2 0 0 1 1 0 1 0 0 0 0 0 0
740 3 0 0 1 1 0 0 0 0 1 0 0 0
746 2 0 0 0 0 0 1 1 1 0 0 0 0
749 1 0 0 0 0 0 1 0 0 0 0 0 0
750 1 0 0 0 0 0 0 0 0 0 0 0 0
751 1 0 0 0 0 0 0 0 0 0 0 0 0
755 1 0 0 0 0 0 0 0 0 0 0 0 0
757 1 0 0 0 0 0 1 0 0 0 0 0 0
761 2 1 1 1 1 1 0 0 0 1 0 0 0
762 2 0 0 0 0 0 0 0 0 0 0 0 0
763 18 0 0 1 0 0 0 0 0 8 6 0 0
764 7 1 1 7 0 0 0 0 0 0 0 0 0
765 14 1 1 7 3 0 0 0 0 7 5 0 0
769 9 0 0 0 0 0 3 0 0 0 0 0 0
771 3 0 0 0 0 0 0 0 0 0 0 0 0
773 3 0 0 1 0 0 0 0 0 1 0 0 0
776 2 0 0 0 0 0 1 0 0 0 0 0 0
779 1 0 0 0 0 0 1 0 0 0 0 0 0
786 2 1 1 0 0 0 1 0 0 0 0 0 0
787 2 0 0 0 0 0 0 0 0 1 0 0 0
793 2 0 0 1 0 0 1 0 0 0 0 0 0
797 1 0 0 0 0 0 1 0 0 0 0 0 0
800 5 0 0 4 0 0 0 0 0 0 0 0 0
fn=map_doit
641 6 1 1 0 0 0 2 0 0 0 0 0 0
643 4 0 0 1 0 0 0 0 0 0 0 0 0
644 6 0 0 2 0 0 2 0 0 0 0 0 0
646 3 0 0 3 0 0 0 0 0 0 0 0 0
fn=version_check_doit
674 6 2 2 0 0 0 2 0 0 0 0 0 0
676 6 0 0 2 0 0 1 0 0 1 1 0 0
680 3 0 0 3 0 0 0 0 0 0 0 0 0
fl=./elf/./get-dynamic-info.h
fn=_dl_start
45 75 0 0 19 5 5 0 0 0 19 2 0 0
49 36 0 0 0 0 0 0 0 0 18 12 0 0
51 10 0 0 0 0 0 0 0 0 5 0 0 0
52 5 1 1 0 0 0 0 0 0 0 0 0 0
54 20 0 0 0 0 0 0 0 0 5 1 0 0
55 16 0 0 0 0 0 0 0 0 0 0 0 0
56 5 0 0 0 0 0 0 0 0 1 1 0 0
59 4 1 1 0 0 0 0 0 0 1 1 0 0
62 4 1 1 0 0 0 0 0 0 1 0 0 0
64 4 0 0 0 0 0 0 0 0 0 0 0 0
68 18 0 0 0 0 0 18 7 7 0 0 0 0
72 3 0 0 0 0 0 0 0 0 1 0 0 0
84 4 0 0 2 0 0 0 0 0 1 0 0 0
85 3 0 0 1 0 0 0 0 0 1 1 0 0
86 4 1 1 2 0 0 0 0 0 1 0 0 0
87 4 0 0 2 0 0 0 0 0 1 0 0 0
88 5 0 0 2 0 0 0 0 0 1 0 0 0
89 3 1 1 1 0 0 0 0 0 1 1 0 0
90 4 0 0 2 0 0 0 0 0 1 0 0 0
91 4 0 0 2 0 0 0 0 0 1 0 0 0
103 10 2 2 2 0 0 1 0 0 2 1 0 0
110 3 0 0 1 1 1 0 0 0 1 1 0 0
123 3 2 2 2 0 0 0 0 0 1 0 0 0
129 3 0 0 1 0 0 0 0 0 1 0 0 0
130 3 0 0 2 0 0 0 0 0 1 0 0 0
133 2 0 0 1 0 0 0 0 0 1 0 0 0
134 3 0 0 1 0 0 0 0 0 1 0 0 0
139 5 1 1 2 0 0 0 0 0 2 0 0 0
142 5 0 0 2 0 0 0 0 0 2 0 0 0
fn=dl_main
39 4 0 0 2 0 0 0 0 0 1 0 0 0
43 1 0 0 0 0 0 0 0 0 0 0 0 0
45 115 0 0 29 8 8 0 0 0 29 2 0 0
49 56 1 1 0 0 0 0 0 0 28 9 0 0
51 12 0 0 0 0 0 0 0 0 6 0 0 0
52 6 0 0 0 0 0 0 0 0 0 0 0 0
54 25 0 0 0 0 0 0 0 0 6 1 0 0
55 21 0 0 0 0 0 0 0 0 0 0 0 0
56 5 1 1 0 0 0 0 0 0 1 0 0 0
59 4 0 0 0 0 0 0 0 0 1 1 0 0
62 4 1 1 0 0 0 0 0 0 1 0 0 0
64 4 0 0 0 0 0 0 0 0 0 0 0 0
68 28 0 0 0 0 0 28 8 8 0 0 0 0
72 7 1 1 4 0 0 0 0 0 2 1 0 0
84 3 0 0 1 0 0 0 0 0 1 1 0 0
85 5 1 1 3 0 0 0 0 0 1 0 0 0
86 5 0 0 3 0 0 0 0 0 1 0 0 0
87 5 0 0 3 0 0 0 0 0 1 0 0 0
88 4 0 0 2 0 0 0 0 0 1 1 0 0
89 5 1 1 3 0 0 0 0 0 1 0 0 0
90 5 0 0 3 0 0 0 0 0 1 0 0 0
91 5 1 1 3 0 0 0 0 0 1 0 0 0
103 9 0 0 3 0 0 1 0 0 2 0 0 0
110 3 0 0 1 0 0 0 0 0 1 1 0 0
115 2 1 1 1 0 0 0 0 0 1 0 0 0
122 3 0 0 2 0 0 0 0 0 1 0 0 0
123 4 1 1 3 0 0 0 0 0 1 0 0 0
129 3 0 0 1 0 0 0 0 0 1 1 0 0
147 4 0 0 2 0 0 0 0 0 1 0 0 0
152 2 1 1 1 0 0 1 1 1 0 0 0 0
154 2 0 0 0 0 0 0 0 0 1 1 0 0
156 2 0 0 0 0 0 0 0 0 1 1 0 0
158 2 0 0 0 0 0 0 0 0 1 0 0 0
159 2 0 0 1 0 0 1 0 0 0 0 0 0
162 4 1 1 2 0 0 0 0 0 1 0 0 0
164 3 0 0 1 0 0 1 0 0 0 0 0 0
165 2 0 0 0 0 0 0 0 0 1 1 0 0
174 2 0 0 1 0 0 0 0 0 0 0 0 0
175 3 1 1 0 0 0 0 0 0 1 1 0 0
180 2 0 0 0 0 0 0 0 0 1 0 0 0
181 3 1 1 2 0 0 1 0 0 0 0 0 0
184 3 0 0 2 0 0 0 0 0 1 1 0 0
fl=./elf/./setup-vdso.h
fn=dl_main
24 2 0 0 1 0 0 0 0 0 1 1 0 0
fl=./iconv/./iconv/gconv_simple.c
fn=__gconv_btwoc_ascii
49 128 1 1 0 0 0 0 0 0 0 0 0 0
51 512 0 0 0 0 0 0 0 0 0 0 0 0
54 128 0 0 128 0 0 0 0 0 0 0 0 0
fl=./io/../sysdeps/posix/isatty.c
fn=isatty
24 7 1 1 1 0 0 2 0 0 0 0 0 0
27 4 1 1 0 0 0 1 0 0 0 0 0 0
28 6 0 0 4 0 0 0 0 0 1 0 0 0
fl=./io/../sysdeps/unix/sysv/linux/access.c
fn=access
25 1 0 0 0 0 0 0 0 0 0 0 0 0
27 7 0 0 0 0 0 1 0 0 1 1 0 0
31 1 0 0 1 0 0 0 0 0 0 0 0 0
fl=./io/../sysdeps/unix/sysv/linux/close_nocancel.c
fn=__GI___close_nocancel
25 6 1 1 0 0 0 0 0 0 0 0 0 0
26 24 0 0 0 0 0 0 0 0 6 0 0 0
27 6 0 0 6 0 0 0 0 0 0 0 0 0
fl=./io/../sysdeps/unix/sysv/linux/fstat64.c
fn=fstat
30 8 2 2 0 0 0 0 0 0 0 0 0 0
39 32 2 2 0 0 0 0 0 0 8 1 0 0
72 8 0 0 8 0 0 0 0 0 0 0 0 0
fl=./io/../sysdeps/unix/sysv/linux/fstatat64.c
fn=fstatat
91 6 0 0 0 0 0 0 0 0 0 0 0 0
146 6 0 0 0 0 0 0 0 0 0 0 0 0
160 4 1 1 0 0 0 2 0 0 0 0 0 0
161 11 0 0 2 0 0 0 0 0 3 3 0 0
162 1 0 0 1 0 0 0 0 0 0 0 0 0
fl=./io/../sysdeps/unix/sysv/linux/open64_nocancel.c
fn=__open_nocancel
28 48 1 1 0 0 0 24 1 1 0 0 0 0
31 84 0 0 0 0 0 0 0 0 24 0 0 0
39 102 1 1 0 0 0 6 0 0 12 4 0 0
41 24 0 0 24 0 0 0 0 0 0 0 0 0
fl=./io/../sysdeps/unix/sysv/linux/pread64_nocancel.c
fn=__pread64_nocancel
25 4 0 0 0 0 0 0 0 0 0 0 0 0
26 8 0 0 0 0 0 0 0 0 2 0 0 0
27 2 0 0 2 0 0 0 0 0 0 0 0 0
fl=./io/../sysdeps/unix/sysv/linux/read.c
fn=read
25 20 2 1 0 0 0 0 0 0 0 0 0 0
26 120 0 0 20 0 0 0 0 0 40 9 0 0
27 20 0 0 20 0 0 0 0 0 0 0 0 0
fl=./io/../sysdeps/unix/sysv/linux/read_nocancel.c
fn=__read_nocancel
25 5 1 1 0 0 0 0 0 0 0 0 0 0
26 20 0 0 0 0 0 0 0 0 5 0 0 0
27 5 0 0 5 0 0 0 0 0 0 0 0 0
fl=./io/../sysdeps/unix/sysv/linux/stat64.c
fn=stat
28 6 0 0 0 0 0 0 0 0 0 0 0 0
29 12 0 0 0 0 0 0 0 0 0 0 0 0
fl=./io/../sysdeps/unix/sysv/linux/write.c
fn=write
25 2192 12 1 0 0 0 0 0 0 0 0 0 0
26 13152 0 0 2192 0 0 0 0 0 4384 0 0 0
27 2192 0 0 2192 0 0 0 0 0 0 0 0 0
fl=./libio/../include/printf_buffer.h
fn=vsnprintf
124 11265 0 0 0 0 0 3755 5 0 0 0 0 0
127 3755 0 0 0 0 0 3755 0 0 0 0 0 0
128 3755 0 0 0 0 0 3755 4 0 0 0 0 0
137 7510 0 0 0 0 0 3755 0 0 0 0 0 0
fl=./libio/../include/sys/sysmacros.h
fn=_IO_file_doallocate
47 6 0 0 0 0 0 0 0 0 0 0 0 0
fl=./libio/./libio/filedoalloc.c
fn=_IO_file_doallocate
68 2 0 0 2 2 0 0 0 0 0 0 0 0
69 2 0 0 1 0 0 1 0 0 0 0 0 0
70 1 0 0 0 0 0 1 0 0 0 0 0 0
78 22 2 2 2 0 0 10 0 0 0 0 0 0
84 18 1 1 6 2 0 2 0 0 4 0 2 2
86 8 0 0 2 0 0 0 0 0 2 1 0 0
89 2 1 1 0 0 0 0 0 0 1 1 0 0
91 5 1 1 1 0 0 0 0 0 1 0 0 0
97 8 0 0 2 0 0 0 0 0 2 0 0 0
101 6 0 0 0 0 0 2 0 0 0 0 0 0
102 4 0 0 0 0 0 0 0 0 2 0 0 0
104 8 1 1 0 0 0 2 0 0 0 0 0 0
105 2 0 0 0 0 0 0 0 0 0 0 0 0
106 18 0 0 14 0 0 0 0 0 2 1 0 0
fl=./libio/./libio/fileops.c
fn=_IO_do_write@@GLIBC_2.2.5
424 26305 1 1 0 0 0 13152 0 0 0 0 0 0
426 15347 0 0 0 0 0 0 0 0 2193 7 0 0
427 17537 0 0 15345 0 0 0 0 0 0 0 0 0
434 4384 15 1 2192 0 0 0 0 0 2192 70 0 0
441 8768 0 0 4384 0 0 0 0 0 2192 4 0 0
444 2192 0 0 2192 0 0 0 0 0 0 0 0 0
449 10960 0 0 2192 71 0 2192 4 0 0 0 2192 1
450 10960 12 1 2192 0 0 0 0 0 2192 0 0 0
452 6576 0 0 2192 0 0 4384 0 0 0 0 0 0
453 4384 0 0 0 0 0 2192 0 0 0 0 0 0
454 2192 0 0 0 0 0 2192 0 0 0 0 0 0
455 6576 1 1 2192 0 0 0 0 0 2192 0 0 0
456 10960 0 0 4384 0 0 0 0 0 2192 2 0 0
fn=_IO_file_overflow@@GLIBC_2.2.5
732 1560 17 2 0 0 0 780 0 0 0 0 0 0
733 780 0 0 195 0 0 0 0 0 195 0 0 0
740 973 0 0 195 0 0 0 0 0 389 5 0 0
743 2 1 1 0 0 0 0 0 0 1 1 0 0
745 2 1 1 0 0 0 1 0 0 0 0 0 0
746 6 0 0 1 0 0 2 0 0 0 0 0 0
755 3 1 1 1 0 0 0 0 0 1 0 0 0
764 3 0 0 1 0 0 0 0 0 1 0 0 0
765 1 0 0 0 0 0 0 0 0 0 0 0 0
766 1 0 0 0 0 0 1 0 0 0 0 0 0
767 1 0 0 0 0 0 1 0 0 0 0 0 0
768 1 0 0 0 0 0 1 0 0 0 0 0 0
769 3 0 0 1 0 0 2 0 0 0 0 0 0
771 3 0 0 0 0 0 1 0 0 0 0 0 0
772 5 1 1 1 0 0 0 0 0 1 1 0 0
775 390 1 1 0 0 0 0 0 0 195 3 0 0
776 382 0 0 0 0 0 0 0 0 0 0 0 0
777 385 0 0 194 0 0 0 0 0 0 0 0 0
778 8 0 0 4 0 0 0 0 0 4 2 0 0
779 32 8 1 4 0 0 4 0 0 8 4 0 0
781 20 1 0 4 0 0 8 1 0 0 0 0 0
782 12 0 0 4 0 0 0 0 0 4 0 0 0
783 16 0 0 0 0 0 0 0 0 4 0 0 0
787 4 0 0 0 0 0 0 0 0 0 0 0 0
788 979 0 0 784 0 0 0 0 0 0 0 0 0
fn=_IO_file_read
1131 20 18 1 0 0 0 0 0 0 0 0 0 0
1133 20 0 0 20 0 0 0 0 0 0 0 0 0
1134 60 3 0 20 0 0 0 0 0 20 0 0 0
fn=_IO_file_setbuf@@GLIBC_2.2.5
382 12 1 1 0 0 0 4 0 0 0 0 0 0
383 6 0 0 0 0 0 2 0 0 2 0 0 0
386 2 0 0 2 0 0 0 0 0 0 0 0 0
388 6 0 0 0 0 0 6 0 0 0 0 0 0
390 4 0 0 0 0 0 0 0 0 0 0 0 0
391 6 0 0 6 0 0 0 0 0 0 0 0 0
fn=_IO_file_stat
1147 2 1 1 0 0 0 0 0 0 0 0 0 0
1148 4 0 0 2 0 0 0 0 0 0 0 0 0
fn=_IO_file_sync@@GLIBC_2.2.5
793 14077 1 1 0 0 0 6033 0 0 0 0 0 0
798 8044 0 0 4022 1 1 0 0 0 2011 5 0 0
799 13986 1 1 1998 0 0 1998 0 0 3996 4 0 0
800 2011 1 1 2011 0 0 0 0 0 0 0 0 0
801 4022 0 0 2011 0 0 0 0 0 2011 6 0 0
812 4022 1 1 0 0 0 2011 0 0 0 0 0 0
816 10055 0 0 8044 0 0 0 0 0 0 0 0 0
fn=_IO_file_underflow@@GLIBC_2.2.5
462 200 1 1 0 0 0 120 0 0 0 0 0 0
466 60 0 0 20 0 0 0 0 0 20 8 0 0
467 2 0 0 0 0 0 0 0 0 0 0 0 0
469 40 0 0 0 0 0 0 0 0 20 0 0 0
475 60 0 0 40 0 0 0 0 0 20 0 0 0
478 40 2 1 20 0 0 0 0 0 20 1 0 0
481 3 1 1 1 0 0 0 0 0 1 1 0 0
486 2 1 1 0 0 0 1 0 0 0 0 0 0
490 42 0 0 1 0 0 0 0 0 20 2 0 0
506 40 0 0 0 0 0 20 0 0 0 0 0 0
512 120 2 1 20 0 0 60 0 0 0 0 0 0
517 100 0 0 60 0 0 20 0 0 0 0 20 1
519 40 0 0 0 0 0 0 0 0 20 1 0 0
522 7 0 0 1 0 0 1 0 0 0 0 0 0
526 19 0 0 19 0 0 0 0 0 0 0 0 0
532 1 1 1 0 0 0 1 0 0 0 0 0 0
535 57 0 0 19 0 0 0 0 0 19 2 0 0
537 38 1 1 38 18 0 0 0 0 0 0 0 0
538 160 0 0 140 0 0 0 0 0 0 0 0 0
fn=_IO_file_write@@GLIBC_2.2.5
1174 17536 653 1 0 0 0 10960 1 0 0 0 0 0
1175 4384 0 0 0 0 0 0 0 0 0 0 0 0
1176 13152 0 0 0 0 0 0 0 0 4384 2 0 0
1180 6576 1 1 2192 1 0 0 0 0 0 0 0 0
1181 6576 0 0 2192 0 0 2192 0 0 2192 222 0 0
1182 4384 0 0 0 0 0 0 0 0 2192 0 0 0
1187 2192 0 0 0 0 0 0 0 0 0 0 0 0
1188 2192 0 0 0 0 0 0 0 0 0 0 0 0
1190 6576 0 0 0 0 0 0 0 0 0 0 0 0
1191 6576 0 0 2192 0 0 0 0 0 2192 2 0 0
1194 13152 0 0 13152 0 0 0 0 0 0 0 0 0
fn=_IO_file_xsputn@@GLIBC_2.2.5
1198 2268549 1 1 0 0 0 1512366 0 0 0 0 0 0
1200 24 1 1 0 0 0 0 0 0 0 0 0 0
1204 1008244 1 1 0 0 0 0 0 0 252061 0 0 0
1205 252061 0 0 0 0 0 0 0 0 0 0 0 0
1211 1008244 0 0 252061 0 0 0 0 0 252061 0 0 0
1213 504122 0 0 252061 0 0 0 0 0 0 0 0 0
1228 756183 0 0 252061 0 0 0 0 0 252061 24 0 0
1229 504074 0 0 0 0 0 0 0 0 0 0 0 0
1234 504074 0 0 0 0 0 0 0 0 0 0 0 0
1236 1260185 0 0 0 0 0 756111 3 0 0 0 0 0
1237 252037 0 0 0 0 0 0 0 0 0 0 0 0
1238 756111 0 0 252037 0 0 0 0 0 0 0 0 0
1240 504074 0 0 0 0 0 0 0 0 252037 179 0 0
1244 1146 1 0 382 0 0 191 0 0 191 0 191 1
1250 382 0 0 382 0 0 0 0 0 0 0 0 0
1251 955 11 1 0 0 0 0 0 0 191 0 0 0
1253 573 0 0 0 0 0 0 0 0 191 0 0 0
1264 382 0 0 0 0 0 0 0 0 191 2 0 0
1265 764 0 0 0 0 0 191 0 0 0 0 0 0
1267 573 0 0 0 0 0 0 0 0 0 0 0 0
1268 2268549 1 1 1764427 0 0 0 0 0 0 0 0 0
fl=./libio/./libio/genops.c
fn=_IO_cleanup
776 6 0 0 0 0 0 3 0 0 0 0 0 0
777 10 2 2 5 0 0 2 0 0 1 1 0 0
780 13 1 1 4 0 0 0 0 0 4 3 0 0
784 3 0 0 0 0 0 3 0 0 0 0 0 0
785 36 2 2 15 0 0 6 0 0 6 2 0 0
792 7 0 0 0 0 0 0 0 0 3 2 0 0
794 6 0 0 2 0 0 0 0 0 2 1 0 0
796 8 1 1 2 0 0 0 0 0 2 0 0 0
798 4 0 0 0 0 0 2 0 0 0 0 0 0
800 6 0 0 4 0 0 2 0 0 0 0 0 0
801 2 0 0 0 0 0 2 0 0 0 0 0 0
805 10 0 0 4 0 0 2 0 0 0 0 2 1
807 6 0 0 2 0 0 0 0 0 2 0 0 0
814 3 0 0 0 0 0 3 0 0 0 0 0 0
816 31 2 2 8 0 0 6 0 0 8 0 0 0
817 3 1 1 0 0 0 3 0 0 0 0 0 0
821 7 0 0 2 0 0 2 0 0 2 0 0 0
822 2 0 0 0 0 0 1 0 0 0 0 0 0
842 12 2 2 1 0 0 7 0 0 0 0 0 0
843 2 0 0 0 0 0 1 0 0 0 0 0 0
855 12 1 1 9 0 0 0 0 0 1 0 0 0
fn=_IO_default_setbuf
330 10 0 0 2 0 0 0 0 0 2 2 0 0
332 2 0 0 0 0 0 2 0 0 0 0 0 0
333 2 0 0 0 0 0 2 0 0 0 0 0 0
337 4 0 0 0 0 0 2 0 0 0 0 0 0
452 20 1 1 0 0 0 10 0 0 0 0 0 0
453 10 1 1 4 0 0 2 0 0 2 0 2 1
455 8 0 0 0 0 0 0 0 0 2 1 0 0
457 6 1 1 2 0 0 2 0 0 0 0 0 0
458 4 1 1 0 0 0 0 0 0 0 0 0 0
462 2 0 0 0 0 0 0 0 0 0 0 0 0
466 8 0 0 0 0 0 6 0 0 0 0 0 0
467 2 0 0 0 0 0 0 0 0 0 0 0 0
468 12 0 0 12 0 0 0 0 0 0 0 0 0
fn=_IO_default_uflow
361 120 2 1 0 0 0 60 0 0 0 0 0 0
362 60 0 0 40 0 0 20 0 0 0 0 20 1
363 40 0 0 0 0 0 0 0 0 20 0 0 0
365 76 0 0 38 0 0 19 0 0 0 0 0 0
366 80 0 0 80 0 0 0 0 0 0 0 0 0
fn=_IO_default_xsputn
371 2101 2 1 0 0 0 1337 0 0 0 0 0 0
373 382 0 0 0 0 0 0 0 0 0 0 0 0
374 764 0 0 0 0 0 0 0 0 191 2 0 0
375 191 2 1 191 0 0 0 0 0 0 0 0 0
379 764 1 1 382 0 0 0 0 0 191 0 0 0
381 191 0 0 0 0 0 0 0 0 0 0 0 0
382 382 0 0 0 0 0 0 0 0 0 0 0 0
384 382 0 0 0 0 0 0 0 0 191 3 0 0
389 799 35 2 0 0 0 0 0 0 226 24 0 0
393 2822 1 1 0 0 0 0 0 0 903 279 0 0
394 1494 8 1 712 1 0 712 2 0 0 0 0 0
395 834 16 1 0 0 0 191 0 0 35 2 0 0
397 191 0 0 0 0 0 0 0 0 0 0 0 0
399 382 0 0 0 0 0 0 0 0 191 32 0 0
404 1528 0 0 1337 0 0 0 0 0 0 0 0 0
fn=_IO_doallocbuf
343 16 1 1 0 0 0 8 0 0 0 0 0 0
344 4 0 0 2 0 0 0 0 0 2 2 0 0
346 6 0 0 2 0 0 0 0 0 2 1 0 0
347 10 1 1 4 1 0 2 0 0 2 2 2 1
350 12 1 1 10 0 0 0 0 0 0 0 0 0
fn=_IO_flush_all
686 12 1 1 1 0 0 7 0 0 0 0 0 0
687 3 1 1 0 0 0 0 0 0 0 0 0 0
691 6 1 1 0 0 0 3 0 0 0 0 0 0
692 9 2 2 4 1 1 2 0 0 1 1 0 0
695 12 0 0 4 1 0 0 0 0 4 2 0 0
697 3 1 1 0 0 0 3 0 0 0 0 0 0
698 36 1 1 15 2 0 6 0 0 6 4 0 0
700 21 2 2 9 2 0 0 0 0 6 3 0 0
708 33 2 2 12 0 0 6 0 0 9 3 0 0
709 3 0 0 0 0 0 3 0 0 0 0 0 0
713 7 2 2 2 0 0 2 0 0 2 1 0 0
714 2 0 0 0 0 0 1 0 0 0 0 0 0
718 12 0 0 9 0 0 0 0 0 1 0 0 0
fn=_IO_setb
329 22 2 2 0 0 0 10 0 0 0 0 0 0
330 8 0 0 4 0 0 0 0 0 2 2 0 0
332 2 0 0 0 0 0 2 0 0 0 0 0 0
333 2 0 0 0 0 0 2 0 0 0 0 0 0
335 12 0 0 0 0 0 2 0 0 0 0 0 0
338 12 0 0 12 0 0 0 0 0 0 0 0 0
fn=_IO_sputbackc
635 525581 715 1 0 0 0 225249 0 0 0 0 0 0
638 225249 0 0 150166 0 0 0 0 0 75083 0 0 0
639 150166 14 1 75083 0 0 0 0 0 75083 3 0 0
641 150166 136 1 0 0 0 75083 0 0 0 0 0 0
642 75083 0 0 0 0 0 0 0 0 0 0 0 0
647 75083 0 0 0 0 0 0 0 0 0 0 0 0
648 75083 0 0 75083 0 0 0 0 0 0 0 0 0
651 375415 0 0 300332 0 0 0 0 0 0 0 0 0
fn=_IO_switch_to_get_mode
164 120 4 1 0 0 0 60 0 0 0 0 0 0
165 60 0 0 40 0 0 0 0 0 20 3 0 0
168 60 5 1 20 0 0 0 0 0 20 0 0 0
172 40 0 0 20 0 0 20 0 0 0 0 0 0
173 40 0 0 20 0 0 0 0 0 20 3 0 0
176 20 0 0 0 0 0 20 0 0 0 0 0 0
178 40 1 1 0 0 0 40 0 0 0 0 0 0
180 40 0 0 0 0 0 20 0 0 0 0 0 0
181 20 0 0 0 0 0 0 0 0 0 0 0 0
182 80 0 0 80 0 0 0 0 0 0 0 0 0
fn=__overflow
199 20 1 1 0 0 0 8 0 0 0 0 0 0
201 12 0 0 4 0 0 0 0 0 4 0 0 0
203 12 4 1 8 0 0 0 0 0 0 0 4 1
204 8 0 0 8 0 0 0 0 0 0 0 0 0
fn=__uflow
173 20 0 0 20 0 0 0 0 0 0 0 0 0
299 120 4 1 0 0 0 60 0 0 0 0 0 0
300 99 3 0 20 20 0 1 0 0 39 5 0 0
305 60 0 0 20 0 0 0 0 0 20 0 0 0
308 60 4 1 20 0 0 0 0 0 20 0 0 0
310 40 0 0 0 0 0 0 0 0 20 0 0 0
316 40 0 0 20 0 0 0 0 0 20 3 0 0
321 60 1 1 20 20 1 0 0 0 20 3 0 0
323 80 0 0 40 1 0 0 0 0 0 0 20 1
324 60 0 0 60 0 0 0 0 0 0 0 0 0
fl=./libio/./libio/getc.c
fn=getc
34 1051169 2 2 0 0 0 450501 0 0 0 0 0 0
37 300334 0 0 150167 206 0 0 0 0 150167 11 0 0
38 900962 1 1 450481 1790 63 150147 0 0 150167 420 0 0
43 750815 2 1 600648 0 0 0 0 0 0 0 0 0
fl=./libio/./libio/iofflush.c
fn=fflush
32 12054 15 2 0 0 0 6027 0 0 0 0 0 0
33 4018 0 0 0 0 0 0 0 0 2009 1 0 0
39 24108 154 4 10045 9 1 4018 0 0 4018 425 0 0
40 10045 0 0 4018 626 0 2009 0 0 0 0 2009 1
44 10045 0 0 8036 0 0 0 0 0 0 0 0 0
fl=./libio/./libio/iofwrite.c
fn=fwrite
31 2268549 1 1 0 0 0 1512366 0 0 0 0 0 0
32 504122 0 0 0 0 0 0 0 0 0 0 0 0
35 1512366 0 0 0 0 0 0 0 0 252061 31079 0 0
37 3528854 13 2 1512366 925 0 756183 0 0 504122 0 0 0
38 1260304 1 1 252061 147 0 1 0 0 504121 8 0 0
39 1764427 0 0 756183 770 0 504122 0 0 0 0 252061 1
45 1008244 0 0 0 0 0 0 0 0 252061 30 0 0
46 252061 0 0 0 0 0 0 0 0 0 0 0 0
49 2268549 0 0 1764427 0 0 0 0 0 0 0 0 0
fl=./libio/./libio/ioungetc.c
fn=ungetc
31 675748 1 1 0 0 0 300332 0 0 0 0 0 0
34 150168 0 0 0 0 0 0 0 0 75084 1 0 0
35 1 1 1 0 0 0 0 0 0 0 0 0 0
36 150166 0 0 75083 0 0 0 0 0 75083 6 0 0
37 225249 0 0 0 0 0 0 0 0 0 0 0 0
42 375416 2 2 300333 0 0 0 0 0 0 0 0 0
fl=./libio/./libio/libioP.h
fn=_IO_cleanup
1025 5 1 1 0 0 0 0 0 0 0 0 0 0
1026 4 0 0 0 0 0 0 0 0 2 0 0 0
fn=_IO_default_setbuf
1025 6 0 0 0 0 0 0 0 0 0 0 0 0
1026 4 0 0 0 0 0 0 0 0 2 2 0 0
fn=_IO_default_uflow
1025 60 2 1 0 0 0 0 0 0 0 0 0 0
1026 40 0 0 0 0 0 0 0 0 20 1 0 0
fn=_IO_default_xsputn
1025 191 0 0 0 0 0 0 0 0 0 0 0 0
fn=_IO_do_write@@GLIBC_2.2.5
1025 6576 1 1 0 0 0 0 0 0 0 0 0 0
1026 4384 0 0 0 0 0 0 0 0 2192 2 0 0
fn=_IO_doallocbuf
1025 6 0 0 0 0 0 0 0 0 0 0 0 0
1026 4 0 0 0 0 0 0 0 0 2 1 0 0
fn=_IO_file_doallocate
1025 6 0 0 0 0 0 0 0 0 0 0 0 0
1026 4 0 0 0 0 0 0 0 0 2 0 0 0
fn=_IO_file_underflow@@GLIBC_2.2.5
1025 80 1 1 0 0 0 0 0 0 0 0 0 0
1026 40 0 0 0 0 0 0 0 0 20 0 0 0
fn=_IO_file_xsputn@@GLIBC_2.2.5
1025 573 0 0 0 0 0 0 0 0 0 0 0 0
1026 382 0 0 0 0 0 0 0 0 191 4 0 0
fn=_IO_flush_all
1025 2 0 0 0 0 0 0 0 0 0 0 0 0
fn=__overflow
1025 12 0 0 0 0 0 0 0 0 0 0 0 0
1026 8 0 0 0 0 0 0 0 0 4 0 0 0
fn=__uflow
1025 60 0 0 0 0 0 0 0 0 0 0 0 0
1026 40 0 0 0 0 0 0 0 0 20 0 0 0
fn=fflush
979 4018 0 0 2009 0 0 0 0 0 2009 0 0 0
980 16072 0 0 6027 0 0 4018 0 0 4018 0 0 0
1025 6027 0 0 0 0 0 0 0 0 0 0 0 0
1026 4018 0 0 0 0 0 0 0 0 2009 45 0 0
fn=fwrite
979 504122 0 0 252061 0 0 0 0 0 252061 213 0 0
980 2268549 2 2 756183 0 0 504122 0 0 504122 1405 0 0
1025 504122 0 0 0 0 0 0 0 0 0 0 0 0
1026 504122 1 1 0 0 0 0 0 0 252061 0 0 0
fl=./libio/./libio/putc.c
fn=putc
25 295218 2 2 0 0 0 131208 0 0 0 0 0 0
28 65604 0 0 32802 192 0 0 0 0 32802 26 0 0
29 229614 17 1 65604 0 0 65596 196 5 32802 4 0 0
34 196808 1 1 164006 0 0 0 0 0 0 0 0 0
fl=./libio/./libio/vsnprintf.c
fn=vsnprintf
63 7510 0 0 0 0 0 0 0 0 3755 0 0 0
66 3755 0 0 0 0 0 3755 0 0 0 0 0 0
75 11265 0 0 7510 0 0 0 0 0 3755 0 0 0
76 3755 0 0 0 0 0 3755 0 0 0 0 0 0
87 7510 0 0 0 0 0 3755 0 0 0 0 0 0
96 15020 33 1 0 0 0 3755 0 0 0 0 0 0
102 41305 40 2 3755 0 0 11265 0 0 0 0 0 0
104 22530 5 1 18775 0 0 0 0 0 3755 0 0 0
fl=./libio/./libio/vtables.c
fn=check_stdfiles_vtables
545 1 1 1 0 0 0 0 0 0 0 0 0 0
546 4 0 0 2 2 0 0 0 0 1 1 0 0
547 3 1 1 2 1 0 0 0 0 1 0 0 0
548 3 0 0 2 1 0 0 0 0 1 0 0 0
550 1 0 0 1 0 0 0 0 0 0 0 0 0
fl=./locale/./locale/newlocale.c
fn=newlocale
43 15 2 2 1 0 0 8 0 0 0 0 0 0
55 2 0 0 0 0 0 0 0 0 1 1 0 0
56 1 0 0 0 0 0 1 0 0 0 0 0 0
63 2 1 1 0 0 0 0 0 0 1 0 0 0
66 3 0 0 0 0 0 0 0 0 1 0 0 0
73 4 2 2 2 0 0 0 0 0 2 1 0 0
75 1 0 0 0 0 0 0 0 0 0 0 0 0
277 12 1 1 9 0 0 0 0 0 1 0 0 0
fl=./locale/./locale/uselocale.c
fn=uselocale
30 7512 2 1 0 0 0 0 0 0 0 0 0 0
31 22536 2 1 15024 33 0 0 0 0 0 0 0 0
33 15024 0 0 0 0 0 0 0 0 7512 2 0 0
36 15024 0 0 0 0 0 0 0 0 0 0 0 0
37 7512 0 0 0 0 0 7512 0 0 0 0 0 0
65 22536 0 0 15024 60 0 7512 0 0 0 0 0 0
66 22536 0 0 15024 0 0 7512 0 0 0 0 0 0
68 22536 2 1 15024 35 0 7512 0 0 0 0 0 0
72 22536 0 0 0 0 0 0 0 0 0 0 0 0
73 7512 0 0 7512 0 0 0 0 0 0 0 0 0
fl=./malloc/../string/bits/string_fortified.h
fn=tcache_init.part.0
59 88 1 1 0 0 0 81 9 9 80 8 0 0
fl=./malloc/../sysdeps/unix/sysv/linux/not-cancel.h
fn=ptmalloc_init.part.0
97 6 1 1 0 0 0 0 0 0 0 0 0 0
fl=./malloc/./malloc/arena.c
fn=free
153 595092 0 0 0 0 0 0 0 0 198364 84 0 0
fn=malloc
153 24838 0 0 0 0 0 0 0 0 12419 32 0 0
264 1 1 1 0 0 0 1 0 0 0 0 0 0
fn=ptmalloc_init.part.0
262 8 1 1 1 0 0 4 0 0 0 0 0 0
267 1 0 0 0 0 0 1 0 0 0 0 0 0
292 2 1 1 1 1 0 0 0 0 1 1 0 0
296 3 0 0 1 1 0 1 1 0 0 0 0 0
300 4 0 0 0 0 0 1 0 0 0 0 0 0
301 4 1 1 0 0 0 1 0 0 0 0 0 0
302 4 0 0 0 0 0 1 0 0 0 0 0 0
303 4 0 0 0 0 0 1 0 0 0 0 0 0
304 4 1 1 0 0 0 1 0 0 0 0 0 0
305 4 0 0 0 0 0 1 0 0 0 0 0 0
306 4 0 0 0 0 0 1 0 0 0 0 0 0
308 4 1 1 0 0 0 1 0 0 0 0 0 0
309 4 0 0 0 0 0 1 0 0 0 0 0 0
310 4 0 0 0 0 0 1 0 0 0 0 0 0
313 4 0 0 0 0 0 1 0 0 0 0 0 0
314 4 1 1 0 0 0 1 0 0 0 0 0 0
316 2 0 0 1 1 1 0 0 0 1 0 0 0
326 8 0 0 6 0 0 0 0 0 1 0 0 0
fl=./malloc/./malloc/malloc.c
fn=_int_free
1792 16163 0 0 16163 8 0 0 0 0 0 0 0 0
1992 47901 2 1 15967 0 0 0 0 0 15967 0 0 0
3163 364402 1 1 182201 0 0 182201 0 0 0 0 0 0
3165 728804 0 0 182201 311 0 182201 0 0 0 0 0 0
3166 182201 0 0 0 0 0 182201 0 0 0 0 0 0
3167 364402 0 0 0 0 0 182201 0 0 0 0 0 0
4495 1388548 1 1 0 0 0 793456 54 0 0 0 0 0
4499 595092 1 1 198364 0 0 0 0 0 0 0 0 0
4505 793456 0 0 0 0 0 0 0 0 198364 0 0 0
4506 396728 0 0 0 0 0 0 0 0 198364 0 0 0
4510 991820 0 0 0 0 0 0 0 0 198364 0 0 0
4517 396728 0 0 0 0 0 0 0 0 0 0 0 0
4518 1190184 1 1 595092 51 0 0 0 0 396728 185 0 0
4521 198204 0 0 0 0 0 0 0 0 0 0 0 0
4527 594612 0 0 396408 2969 1 0 0 0 198204 0 0 0
4547 991020 1 1 396408 125 0 0 0 0 198204 1701 0 0
4550 182201 0 0 0 0 0 0 0 0 0 0 0 0
4561 32326 0 0 0 0 0 0 0 0 16163 43 0 0
4572 63868 0 0 15967 2392 0 0 0 0 15967 0 0 0
4574 47901 0 0 15967 20 0 0 0 0 15967 2 0 0
4593 15967 0 0 0 0 0 0 0 0 0 0 0 0
4595 15967 0 0 0 0 0 15967 0 0 0 0 0 0
4596 15967 0 0 0 0 0 0 0 0 0 0 0 0
4600 47901 0 0 15967 0 0 0 0 0 0 0 0 0
4602 31934 0 0 15967 2 0 0 0 0 15967 2 0 0
4606 31934 0 0 0 0 0 0 0 0 15967 132 0 0
4608 47901 0 0 0 0 0 15967 0 0 0 0 0 0
4609 15967 0 0 0 0 0 15967 0 0 0 0 0 0
4628 63868 0 0 0 0 0 0 0 0 15967 2 0 0
4637 392 0 0 196 0 0 0 0 0 196 2 0 0
4640 392 0 0 196 6 0 0 0 0 0 0 0 0
4643 392 17 1 0 0 0 0 0 0 196 0 0 0
4646 392 0 0 0 0 0 0 0 0 0 0 0 0
4658 1189988 1 1 991624 0 0 0 0 0 0 0 0 0
fn=_int_free_maybe_consolidate
4770 2156 33 1 196 20 0 1372 5 0 0 0 0 0
4776 392 0 0 0 0 0 0 0 0 196 23 0 0
4778 124 0 0 31 0 0 0 0 0 31 0 0 0
4779 4 0 0 0 0 0 2 0 0 0 0 0 0
4781 93 0 0 0 0 0 0 0 0 31 6 0 0
4784 155 39 2 93 33 0 0 0 0 31 2 0 0
4798 2156 12 1 1764 6 0 0 0 0 196 17 0 0
fn=_int_free_merge_chunk
1992 588 0 0 196 0 0 0 0 0 196 0 0 0
4665 1568 3 1 0 0 0 1176 0 0 0 0 0 0
4666 196 0 0 0 0 0 0 0 0 0 0 0 0
4670 1176 0 0 196 20 0 0 0 0 196 0 0 0
4673 784 1 1 196 6 0 0 0 0 392 6 0 0
4675 588 8 1 196 29 0 0 0 0 0 0 0 0
4678 588 0 0 196 35 0 0 0 0 196 0 0 0
4681 392 0 0 0 0 0 0 0 0 0 0 0 0
4682 392 0 0 0 0 0 0 0 0 196 0 0 0
4683 392 0 0 196 6 0 0 0 0 196 0 0 0
4689 392 2 1 196 0 0 0 0 0 196 71 0 0
4691 56 0 0 56 0 0 0 0 0 0 0 0 0
4692 56 0 0 0 0 0 0 0 0 0 0 0 0
4693 56 0 0 0 0 0 0 0 0 0 0 0 0
4694 224 0 0 56 6 0 0 0 0 56 0 0 0
4696 112 0 0 0 0 0 56 0 0 0 0 0 0
4701 588 0 0 0 0 0 0 0 0 0 0 0 0
4702 1372 0 0 1176 0 0 0 0 0 0 0 0 0
4714 392 0 0 196 0 0 0 0 0 196 8 0 0
4720 338 0 0 169 46 0 0 0 0 169 19 0 0
4721 42 0 0 0 0 0 21 0 0 0 0 0 0
4722 42 0 0 0 0 0 0 0 0 0 0 0 0
4724 148 0 0 148 0 0 0 0 0 0 0 0 0
4732 169 0 0 0 0 0 0 0 0 0 0 0 0
4733 676 2 1 169 0 0 0 0 0 0 0 0 0
4734 338 0 0 169 7 0 0 0 0 169 0 0 0
4736 169 0 0 0 0 0 169 3 0 0 0 0 0
4738 338 0 0 0 0 0 0 0 0 169 29 0 0
4740 435 4 1 0 0 0 145 6 0 0 0 0 0
4743 169 0 0 0 0 0 169 0 0 0 0 0 0
4744 169 0 0 0 0 0 169 0 0 0 0 0 0
4746 507 0 0 0 0 0 169 0 0 0 0 0 0
4747 169 0 0 0 0 0 169 0 0 0 0 0 0
4756 27 0 0 0 0 0 0 0 0 0 0 0 0
4757 81 0 0 0 0 0 27 0 0 0 0 0 0
4758 54 1 1 0 0 0 27 0 0 0 0 0 0
fn=_int_malloc
1326 24840 0 0 0 0 0 0 0 0 12420 0 0 0
1345 74520 0 0 0 0 0 0 0 0 12420 7 0 0
1794 6225 1 1 6225 0 0 0 0 0 0 0 0 0
1985 4206 0 0 1402 2 0 0 0 0 1402 69 0 0
2008 28 1 1 7 0 0 0 0 0 7 1 0 0
2017 2 1 1 2 0 0 0 0 0 0 0 0 0
2552 48 1 1 16 7 0 16 0 0 0 0 0 0
2553 6 1 1 0 0 0 6 0 0 0 0 0 0
2564 16 1 1 8 7 0 0 0 0 8 5 0 0
2565 6 0 0 4 0 0 0 0 0 2 1 0 0
2568 8 0 0 2 0 0 0 0 0 2 2 0 0
2576 12 0 0 2 0 0 4 0 0 0 0 0 0
2577 4 0 0 0 0 0 0 0 0 2 0 0 0
2589 24 0 0 6 0 0 6 0 0 0 0 0 0
2590 12 0 0 0 0 0 6 0 0 0 0 0 0
2599 64 1 1 15 0 0 0 0 0 16 2 0 0
2605 15 0 0 10 0 0 0 0 0 5 0 0 0
2608 18 1 1 0 0 0 0 0 0 6 3 0 0
2669 18 1 1 6 0 0 6 0 0 0 0 0 0
2677 12 0 0 6 0 0 0 0 0 6 0 0 0
2678 18 0 0 6 0 0 6 0 0 0 0 0 0
2691 18 1 1 6 0 0 0 0 0 6 0 0 0
2693 6 0 0 6 0 0 0 0 0 0 0 0 0
2699 30 0 0 6 0 0 6 0 0 0 0 0 0
2707 12 0 0 0 0 0 0 0 0 6 3 0 0
2709 24 2 2 0 0 0 12 0 0 0 0 0 0
2710 18 0 0 6 0 0 0 0 0 6 0 0 0
2711 6 0 0 0 0 0 0 0 0 0 0 0 0
2712 6 0 0 0 0 0 0 0 0 0 0 0 0
2715 12 0 0 0 0 0 0 0 0 6 0 0 0
2744 38 1 1 16 1 1 0 0 0 6 2 0 0
2745 1 1 1 0 0 0 1 0 0 0 0 0 0
2746 12 0 0 0 0 0 6 0 0 0 0 0 0
2752 48 0 0 6 0 0 0 0 0 11 0 0 0
2753 30 0 0 5 0 0 5 0 0 0 0 0 0
2755 4 1 1 2 0 0 0 0 0 2 2 0 0
2782 2 0 0 0 0 0 0 0 0 0 0 0 0
2783 1 0 0 0 0 0 0 0 0 0 0 0 0
2795 3 1 1 0 0 0 0 0 0 1 1 0 0
2814 2 0 0 1 0 0 0 0 0 0 0 0 0
2817 2 0 0 0 0 0 0 0 0 0 0 0 0
2818 6 1 1 1 0 0 0 0 0 0 0 0 0
2820 1 0 0 0 0 0 0 0 0 1 0 0 0
2821 6 0 0 0 0 0 4 0 0 0 0 0 0
2833 5 0 0 3 0 0 0 0 0 1 0 0 0
2873 1 0 0 0 0 0 0 0 0 0 0 0 0
2875 1 0 0 0 0 0 1 0 0 0 0 0 0
2876 5 0 0 0 0 0 1 1 1 0 0 0 0
2877 1 0 0 1 0 0 0 0 0 0 0 0 0
2888 3 1 1 1 0 0 0 0 0 1 1 0 0
2921 18 1 1 12 0 0 0 0 0 6 2 0 0
2922 6 0 0 0 0 0 6 0 0 0 0 0 0
2926 6 0 0 6 0 0 0 0 0 0 0 0 0
2930 30 1 1 12 0 0 0 0 0 6 0 0 0
2932 6 0 0 0 0 0 0 0 0 0 0 0 0
2933 6 0 0 0 0 0 0 0 0 0 0 0 0
2934 6 0 0 0 0 0 6 0 0 0 0 0 0
2935 42 0 0 0 0 0 6 0 0 0 0 0 0
2936 12 0 0 0 0 0 6 6 6 0 0 0 0
2938 6 0 0 0 0 0 0 0 0 0 0 0 0
3159 1880 1 1 0 0 0 940 0 0 0 0 0 0
3163 8724 2 1 4362 4 0 4362 0 0 0 0 0 0
3165 16831 0 0 5334 3 0 6306 0 0 0 0 0 0
3166 6274 1 1 1912 0 0 4362 0 0 0 0 0 0
3167 8724 0 0 0 0 0 4362 0 0 0 0 0 0
3168 1880 0 0 0 0 0 0 0 0 0 0 0 0
3178 413 0 0 413 0 0 0 0 0 0 0 0 0
3182 826 0 0 0 0 0 0 0 0 413 0 0 0
3186 1652 1 1 413 0 0 413 0 0 0 0 0 0
3190 826 0 0 826 0 0 0 0 0 0 0 0 0
3191 826 0 0 0 0 0 413 0 0 0 0 0 0
3199 413 1 1 413 0 0 0 0 0 0 0 0 0
3846 136620 28 2 12420 0 0 86940 311 0 0 0 0 0
3882 1 0 0 0 0 0 0 0 0 0 0 0 0
3887 24840 26 1 0 0 0 0 0 0 12420 1 0 0
3914 43425 0 0 6195 0 0 0 0 0 12420 204 0 0
3916 23500 0 0 0 0 0 0 0 0 0 0 0 0
3917 395 0 0 0 0 0 0 0 0 0 0 0 0
3919 18265 0 0 12070 80 0 0 0 0 0 0 0 0
3921 24140 0 0 0 0 0 0 0 0 12070 394 0 0
3923 790 0 0 0 0 0 0 0 0 395 1 0 0
3926 790 1 1 395 0 0 0 0 0 395 30 0 0
3927 1975 0 0 395 152 0 395 0 0 0 0 0 0
3930 35025 2 2 0 0 0 0 0 0 0 0 0 0
3932 790 0 0 395 37 0 0 0 0 0 0 0 0
3933 790 0 0 0 0 0 0 0 0 395 0 0 0
3939 790 0 0 0 0 0 0 0 0 0 0 0 0
3940 2370 1 1 1185 0 0 0 0 0 790 0 0 0
3945 3635 0 0 790 0 0 0 0 0 0 0 0 0
3946 13208 1 1 2506 0 0 0 0 0 5351 397 0 0
3948 4900 0 0 0 0 0 0 0 0 2450 0 0 0
3950 4900 0 0 2450 0 0 0 0 0 2450 6 0 0
3951 14700 0 0 2450 1323 0 2450 0 0 0 0 0 0
3977 700 1 1 0 0 0 0 0 0 350 21 0 0
3979 12740 0 0 0 0 0 0 0 0 0 0 0 0
3980 23680 236 1 0 0 0 0 0 0 0 0 0 0
3982 35520 0 0 11840 147 0 0 0 0 11840 135 0 0
3984 171 0 0 171 15 0 0 0 0 0 0 0 0
3985 342 0 0 171 43 0 0 0 0 171 0 0 0
3987 171 0 0 171 14 0 0 0 0 0 0 0 0
3988 171 0 0 0 0 0 171 0 0 0 0 0 0
3989 171 0 0 0 0 0 171 0 0 0 0 0 0
3991 513 1 1 0 0 0 0 0 0 171 4 0 0
3997 342 0 0 0 0 0 0 0 0 0 0 0 0
3998 1026 1 1 513 0 0 0 0 0 342 0 0 0
4003 3675 0 0 342 0 0 0 0 0 940 126 0 0
4004 1970 0 0 0 0 0 0 0 0 985 47 0 0
4006 1880 0 0 0 0 0 0 0 0 940 22 0 0
4008 940 0 0 940 0 0 0 0 0 0 0 0 0
4009 940 0 0 940 58 0 0 0 0 0 0 0 0
4010 1880 0 0 0 0 0 0 0 0 940 2 0 0
4012 940 0 0 0 0 0 940 0 0 0 0 0 0
4013 940 0 0 0 0 0 940 249 0 0 0 0 0
4020 171 0 0 0 0 0 0 0 0 0 0 0 0
4039 1380 2 1 0 0 0 0 0 0 276 92 0 0
4040 555 5 0 185 29 0 0 0 0 185 97 0 0
4041 195 0 0 0 0 0 65 0 0 0 0 0 0
4058 35560 6 0 11853 1 0 0 0 0 0 0 0 0
4059 35562 0 0 0 0 0 11854 167 0 0 0 0 0
4060 35562 14 1 23708 6 0 0 0 0 11854 1 0 0
4069 10308 0 0 0 0 0 5154 0 0 0 0 0 0
4070 68037 46 2 13747 90 0 11854 0 0 14719 889 0 0
4072 7331 0 0 7331 34 0 0 0 0 0 0 0 0
4073 14662 0 0 7331 206 0 0 0 0 0 0 0 0
4074 7331 0 0 0 0 0 0 0 0 0 0 0 0
4076 14662 0 0 0 0 0 0 0 0 7331 2 0 0
4077 21993 21 1 7331 41 0 0 0 0 7331 2 0 0
4079 7331 0 0 7331 252 0 0 0 0 0 0 0 0
4080 29324 0 0 0 0 0 0 0 0 7331 0 0 0
4082 29324 0 0 7331 0 0 0 0 0 7331 0 0 0
4084 14662 16 1 7331 433 0 0 0 0 7331 21 0 0
4085 14662 0 0 7331 0 0 0 0 0 7331 0 0 0
4087 14662 0 0 0 0 0 0 0 0 7331 0 0 0
4098 29324 0 0 0 0 0 0 0 0 7331 249 0 0
4099 9970 7 1 4985 0 0 0 0 0 4985 71 0 0
4100 9834 0 0 0 0 0 0 0 0 4917 388 0 0
4101 4917 0 0 0 0 0 0 0 0 0 0 0 0
4104 4376 0 0 0 0 0 0 0 0 0 0 0 0
4105 4376 224 1 0 0 0 0 0 0 0 0 0 0
4106 4376 0 0 0 0 0 4376 0 0 0 0 0 0
4107 13128 0 0 0 0 0 4376 0 0 0 0 0 0
4108 13128 232 1 0 0 0 4376 1700 0 0 0 0 0
4109 8752 0 0 0 0 0 0 0 0 4376 204 0 0
4111 5534 0 0 0 0 0 2767 252 0 0 0 0 0
4115 35008 0 0 0 0 0 4376 0 0 0 0 0 0
4117 13128 0 0 0 0 0 4376 9 0 0 0 0 0
4118 4376 0 0 0 0 0 4376 0 0 0 0 0 0
4121 5441 0 0 0 0 0 0 0 0 0 0 0 0
4122 13128 0 0 0 0 0 4376 144 0 0 0 0 0
4123 4376 0 0 0 0 0 0 0 0 0 0 0 0
4127 2955 0 0 0 0 0 2955 0 0 0 0 0 0
4128 2955 0 0 0 0 0 2955 0 0 0 0 0 0
4132 5910 0 0 0 0 0 0 0 0 2955 256 0 0
4134 2130 0 0 0 0 0 1065 0 0 0 0 0 0
4135 3195 0 0 0 0 0 0 0 0 1065 5 0 0
4140 2130 0 0 0 0 0 0 0 0 1065 17 0 0
4141 6364 0 0 4192 0 0 0 0 0 1048 80 0 0
4144 1134 0 0 0 0 0 0 0 0 0 0 0 0
4161 3847 16 2 0 0 0 0 0 0 1890 129 0 0
4163 3532 1 0 0 0 0 1766 0 0 0 0 0 0
4164 7064 0 0 0 0 0 0 0 0 0 0 0 0
4165 1766 0 0 1766 65 0 0 0 0 0 0 0 0
4169 1445 30 4 0 0 0 124 0 0 202 77 0 0
4170 369 30 1 0 0 0 0 0 0 0 0 0 0
4171 124 0 0 124 90 0 0 0 0 0 0 0 0
4174 248 0 0 0 0 0 0 0 0 124 17 0 0
4177 3 0 0 0 0 0 0 0 0 0 0 0 0
4179 12 0 0 6 1 0 0 0 0 3 0 0 0
4180 6 0 0 0 0 0 0 0 0 3 0 0 0
4186 12 2 1 0 0 0 3 0 0 0 0 0 0
4187 3 0 0 3 0 0 0 0 0 0 0 0 0
4188 9 0 0 0 0 0 6 0 0 0 0 0 0
4218 484 0 0 0 0 0 121 3 0 0 0 0 0
4221 13230 32 2 3780 63 0 0 0 0 0 0 0 0
4222 1890 0 0 0 0 0 1890 0 0 0 0 0 0
4223 1890 0 0 0 0 0 1890 0 0 0 0 0 0
4224 1890 0 0 0 0 0 1890 7 0 0 0 0 0
4225 1890 0 0 0 0 0 1890 0 0 0 0 0 0
4230 3780 0 0 3780 0 0 0 0 0 0 0 0 0
4231 3780 0 0 0 0 0 0 0 0 1890 95 0 0
4232 78 0 0 78 8 0 0 0 0 0 0 0 0
4233 312 0 0 0 0 0 0 0 0 78 5 0 0
4240 7560 35 2 3780 0 0 0 0 0 1890 9 0 0
4246 560 0 0 0 0 0 0 0 0 280 33 0 0
4248 413 0 0 0 0 0 0 0 0 0 0 0 0
4257 20919 9 1 0 0 0 0 0 0 6973 102 0 0
4259 668 0 0 0 0 0 0 0 0 0 0 0 0
4262 501 0 0 167 127 0 0 0 0 167 20 0 0
4263 6984 255 1 10 0 0 0 0 0 10 3 0 0
4266 9 0 0 9 0 0 0 0 0 0 0 0 0
4267 54 0 0 9 0 0 0 0 0 9 0 0 0
4273 18 2 1 9 0 0 0 0 0 9 2 0 0
4278 27 0 0 0 0 0 9 0 0 0 0 0 0
4279 27 0 0 0 0 0 18 5 0 0 0 0 0
4282 36 0 0 18 0 0 0 0 0 9 1 0 0
4284 1 0 0 1 0 0 0 0 0 0 0 0 0
4285 3 1 1 0 0 0 0 0 0 1 1 0 0
4291 8 0 0 0 0 0 0 0 0 0 0 0 0
4295 32 2 1 8 0 0 0 0 0 0 0 0 0
4296 16 0 0 8 0 0 0 0 0 8 0 0 0
4299 8 0 0 0 0 0 8 2 0 0 0 0 0
4300 8 0 0 0 0 0 8 0 0 0 0 0 0
4301 8 0 0 0 0 0 8 0 0 0 0 0 0
4302 16 0 0 0 0 0 0 0 0 8 5 0 0
4304 8 0 0 0 0 0 4 0 0 0 0 0 0
4307 64 2 1 0 0 0 8 0 0 0 0 0 0
4309 24 0 0 0 0 0 8 1 0 0 0 0 0
4310 8 0 0 0 0 0 8 0 0 0 0 0 0
4313 12 0 0 0 0 0 0 0 0 0 0 0 0
4330 6966 0 0 0 0 0 0 0 0 0 0 0 0
4331 13932 0 0 0 0 0 0 0 0 0 0 0 0
4332 13932 0 0 0 0 0 0 0 0 0 0 0 0
4333 13932 0 0 6966 86 0 0 0 0 0 0 0 0
4334 41790 0 0 0 0 0 0 0 0 0 0 0 0
4339 28676 7 1 0 0 0 0 0 0 7312 345 0 0
4343 68351 3 2 0 0 0 0 0 0 24725 305 0 0
4346 74008 343 1 18502 0 0 0 0 0 18502 246 0 0
4348 684 0 0 0 0 0 0 0 0 0 0 0 0
4349 342 0 0 0 0 0 0 0 0 0 0 0 0
4353 8752 0 0 0 0 0 0 0 0 4376 646 0 0
4355 3287 0 0 0 0 0 0 0 0 0 0 0 0
4357 6574 0 0 0 0 0 0 0 0 3287 22 0 0
4361 1089 0 0 1089 105 0 0 0 0 0 0 0 0
4364 2178 0 0 0 0 0 0 0 0 1089 323 0 0
4366 1730 17 0 0 0 0 346 0 0 0 0 0 0
4367 346 0 0 0 0 0 0 0 0 0 0 0 0
4368 346 0 0 0 0 0 0 0 0 0 0 0 0
4373 2972 1 0 743 63 0 0 0 0 0 0 0 0
4376 1510 1 1 8 0 0 0 0 0 743 11 0 0
4378 2229 8 1 0 0 0 743 0 0 0 0 0 0
4381 2229 0 0 0 0 0 1486 36 0 0 0 0 0
4384 2972 0 0 1486 0 0 0 0 0 743 149 0 0
4386 133 0 0 133 0 0 0 0 0 0 0 0 0
4387 399 8 1 0 0 0 0 0 0 133 2 0 0
4394 610 0 0 0 0 0 0 0 0 0 0 0 0
4399 2440 0 0 610 0 0 0 0 0 0 0 0 0
4400 1220 3 1 610 0 0 0 0 0 610 0 0 0
4403 610 0 0 0 0 0 610 53 0 0 0 0 0
4404 610 0 0 0 0 0 610 0 0 0 0 0 0
4405 610 0 0 0 0 0 610 0 0 0 0 0 0
4408 1220 0 0 0 0 0 0 0 0 610 32 0 0
4409 574 0 0 0 0 0 574 0 0 0 0 0 0
4410 1220 0 0 0 0 0 0 0 0 610 24 0 0
4412 172 0 0 0 0 0 86 10 0 0 0 0 0
4415 4880 1 1 0 0 0 610 0 0 0 0 0 0
4417 1830 0 0 0 0 0 610 5 0 0 0 0 0
4418 610 0 0 0 0 0 610 0 0 0 0 0 0
4421 743 0 0 0 0 0 0 0 0 0 0 0 0
4443 6223 10 1 6223 0 0 0 0 0 0 0 0 0
4444 12446 0 0 6223 111 0 0 0 0 0 0 0 0
4446 12446 0 0 6223 51 0 0 0 0 6223 0 0 0
4449 18669 0 0 0 0 0 0 0 0 6223 52 0 0
4451 6212 0 0 0 0 0 0 0 0 0 0 0 0
4452 12424 0 0 0 0 0 0 0 0 0 0 0 0
4453 6212 0 0 0 0 0 6212 0 0 0 0 0 0
4454 49696 36 1 0 0 0 6212 0 0 0 0 0 0
4456 12424 0 0 0 0 0 6212 3731 3637 0 0 0 0
4459 12442 0 0 0 0 0 0 0 0 0 0 0 0
4460 18687 1 1 0 0 0 6229 171 0 0 0 0 0
4461 6229 0 0 0 0 0 0 0 0 0 0 0 0
4466 44 0 0 11 0 0 11 0 0 11 7 0 0
4468 6 2 1 0 0 0 3 0 0 0 0 0 0
4470 9 0 0 3 0 0 0 0 0 3 0 0 0
4471 6 0 0 0 0 0 0 0 0 0 0 0 0
4482 10 0 0 0 0 0 0 0 0 2 0 0 0
4487 149040 21 2 111780 8 0 0 0 0 12420 8 0 0
fn=alloc_perturb
1985 31815 37 1 10605 0 0 0 0 0 10605 0 0 0
1987 10605 0 0 10605 0 0 0 0 0 0 0 0 0
fn=free
3359 1415827 1 1 0 0 0 793464 0 0 0 0 0 0
3363 451262 0 0 0 0 0 0 0 0 225631 3201 0 0
3371 396732 0 0 396732 103 0 0 0 0 0 0 0 0
3373 198366 0 0 0 0 0 0 0 0 0 0 0 0
3375 595098 1 1 198366 14560 0 0 0 0 198366 4 0 0
3379 6 0 0 2 2 0 0 0 0 2 0 0 0
3381 8 0 0 2 2 0 0 0 0 2 1 0 0
3383 2 0 0 0 0 0 1 0 0 0 0 0 0
3384 2 0 0 0 0 0 1 0 0 0 0 0 0
3385 1 0 0 0 0 0 0 0 0 0 0 0 0
3388 4 0 0 0 0 0 2 0 0 0 0 0 0
3392 595092 0 0 396728 79 0 0 0 0 198364 313 0 0
3398 595092 1 1 0 0 0 198364 4 0 0 0 0 0
3401 198366 0 0 0 0 0 198366 2 0 0 0 0 0
3402 1217461 1 1 1019095 2 0 0 0 0 0 0 0 0
fn=malloc
1326 396738 0 0 0 0 0 0 0 0 198369 228 0 0
1345 815703 0 0 0 0 0 0 0 0 198369 6524 0 0
3178 371900 0 0 185950 612 0 0 0 0 0 0 0 0
3182 371900 0 0 0 0 0 0 0 0 185950 0 0 0
3186 743800 0 0 185950 2003 0 185950 0 0 0 0 0 0
3190 371900 0 0 0 0 0 185950 0 0 0 0 0 0
3191 185950 0 0 0 0 0 185950 0 0 0 0 0 0
3248 4 1 1 2 0 0 1 0 0 1 0 0 0
3294 1586952 2 2 0 0 0 793476 138 0 0 0 0 0
3301 396738 0 0 198369 74 1 0 0 0 198369 6503 0 0
3311 44454 0 0 0 0 0 0 0 0 0 0 0 0
3313 793476 1 1 396738 0 0 0 0 0 198369 4 0 0
3316 396738 0 0 198369 0 0 0 0 0 198369 235 0 0
3318 594612 1 1 198204 90 0 0 0 0 198204 5062 0 0
3326 24838 0 0 12419 11 0 0 0 0 12419 19 0 0
3328 49676 6 1 0 0 0 12419 175 0 0 0 0 0
3329 62095 0 0 12419 5 0 0 0 0 12419 36 0 0
3354 1190214 19 1 991845 3 0 0 0 0 0 0 0 0
fn=malloc_consolidate
4811 630 5 2 0 0 0 420 2 0 0 0 0 0
4826 70 0 0 0 0 0 70 0 0 0 0 0 0
4828 140 0 0 0 0 0 70 1 0 0 0 0 0
4839 70 0 0 0 0 0 0 0 0 0 0 0 0
4841 1400 0 0 1400 9 0 0 0 0 700 0 0 0
4842 1400 0 0 0 0 0 0 0 0 700 58 0 0
4845 24644 2 1 0 0 0 0 0 0 12322 18 0 0
4849 36966 0 0 12322 5766 0 0 0 0 0 0 0 0
4850 49288 0 0 0 0 0 0 0 0 12322 0 0 0
4855 61610 3 1 12322 1006 0 0 0 0 0 0 0 0
4858 24644 0 0 0 0 0 0 0 0 0 0 0 0
4859 12322 0 0 0 0 0 0 0 0 0 0 0 0
4860 36966 0 0 12322 1315 0 0 0 0 0 0 0 0
4862 24644 0 0 0 0 0 0 0 0 12322 1987 0 0
4863 2848 0 0 2848 0 0 0 0 0 0 0 0 0
4864 2848 0 0 0 0 0 0 0 0 0 0 0 0
4865 2848 0 0 0 0 0 0 0 0 0 0 0 0
4866 11392 0 0 2848 798 0 0 0 0 2848 1 0 0
4868 34176 0 0 14240 0 0 17088 3 0 0 0 0 0
4871 24644 12 1 12322 2 0 0 0 0 12322 16 0 0
4874 24644 5 1 12322 3841 0 0 0 0 12322 2006 0 0
4875 6915 2 1 0 0 0 0 0 0 0 0 0 0
4876 55320 0 0 20745 0 0 20745 2 0 0 0 0 0
4878 10814 0 0 0 0 0 5407 0 0 0 0 0 0
4880 12322 0 0 12322 0 0 0 0 0 0 0 0 0
4881 24644 0 0 0 0 0 12322 0 0 0 0 0 0
4882 24644 0 0 12322 0 0 12322 3 0 0 0 0 0
4884 24644 0 0 0 0 0 0 0 0 12322 237 0 0
4885 4804 0 0 0 0 0 2402 27 0 0 0 0 0
4889 36966 0 0 0 0 0 12322 0 0 0 0 0 0
4891 12322 0 0 0 0 0 12322 0 0 0 0 0 0
4892 26152 0 0 0 0 0 19237 0 0 0 0 0 0
4901 36902 0 0 0 0 0 0 0 0 12322 83 0 0
4904 2100 0 0 700 0 0 0 0 0 700 93 0 0
4905 560 0 0 490 3 0 0 0 0 0 0 0 0
fn=munmap_chunk
3024 4 1 1 0 0 0 2 0 0 0 0 0 0
3025 4 0 0 4 4 0 0 0 0 0 0 0 0
3026 6 0 0 2 0 0 0 0 0 0 0 0 0
3028 4 0 0 0 0 0 0 0 0 2 0 0 0
3030 2 0 0 0 0 0 0 0 0 0 0 0 0
3031 6 0 0 2 0 0 0 0 0 0 0 0 0
3032 2 0 0 0 0 0 0 0 0 0 0 0 0
3038 8 0 0 0 0 0 0 0 0 0 0 0 0
3039 10 1 1 0 0 0 0 0 0 2 2 0 0
3042 2 0 0 4 0 0 0 0 0 2 0 0 0
3043 6 0 0 4 0 0 0 0 0 2 0 0 0
3048 4 0 0 0 0 0 0 0 0 0 0 0 0
3049 2 0 0 2 0 0 0 0 0 0 0 0 0
fn=ptmalloc_init.part.0
1946 385 1 1 0 0 0 0 0 0 127 7 0 0
1949 381 0 0 0 0 0 127 33 32 0 0 0 0
1957 1 0 0 0 0 0 1 0 0 0 0 0 0
1958 1 0 0 0 0 0 1 1 1 0 0 0 0
1960 1 0 0 0 0 0 1 0 0 0 0 0 0
3143 2 0 0 0 0 0 0 0 0 1 1 0 0
fn=sysmalloc_mmap.isra.0
2008 8 0 0 2 0 0 0 0 0 2 0 0 0
2400 12 1 1 0 0 0 8 0 0 0 0 0 0
2413 6 0 0 0 0 0 0 0 0 0 0 0 0
2418 4 0 0 0 0 0 0 0 0 2 2 0 0
2421 20 1 1 0 0 0 2 0 0 0 0 0 0
2424 4 1 1 0 0 0 0 0 0 2 2 0 0
2428 4 0 0 0 0 0 0 0 0 2 0 0 0
2432 8 0 0 0 0 0 2 0 0 0 0 0 0
2448 6 0 0 0 0 0 0 0 0 2 0 0 0
2466 2 0 0 0 0 0 2 2 2 0 0 0 0
2467 6 1 1 0 0 0 2 0 0 0 0 0 0
2471 6 0 0 4 0 0 0 0 0 2 1 0 0
2472 10 0 0 4 0 0 0 0 0 4 0 0 0
2475 6 1 1 4 0 0 0 0 0 2 0 0 0
2476 10 0 0 4 0 0 0 0 0 4 0 0 0
2481 14 0 0 10 0 0 0 0 0 0 0 0 0
fn=tcache_init.part.0
3242 4 1 1 0 0 0 2 0 0 0 0 0 0
3251 8 0 0 3 0 0 0 0 0 2 0 0 0
3252 3 1 1 0 0 0 1 0 0 0 0 0 0
3253 2 0 0 0 0 0 0 0 0 1 1 0 0
3261 4 0 0 2 0 0 0 0 0 2 0 0 0
3270 2 0 0 1 0 0 1 0 0 0 0 0 0
3274 3 0 0 3 0 0 0 0 0 0 0 0 0
fn=unlink_chunk.isra.0
1608 21184 13 1 0 0 0 10592 0 0 0 0 0 0
1610 52960 0 0 21184 115 0 0 0 0 10592 6 0 0
1613 21184 0 0 21184 191 0 0 0 0 0 0 0 0
1614 21184 0 0 10592 0 0 0 0 0 0 0 0 0
1616 42368 22 1 21184 3252 0 0 0 0 21184 12 0 0
1619 10592 0 0 0 0 0 10592 0 0 0 0 0 0
1620 10592 0 0 0 0 0 10592 0 0 0 0 0 0
1621 28687 0 0 2501 18 0 0 0 0 13093 719 0 0
1623 248 0 0 124 0 0 0 0 0 124 8 0 0
1624 372 0 0 248 0 0 0 0 0 124 0 0 0
1627 248 0 0 124 14 0 0 0 0 124 3 0 0
1641 124 0 0 0 0 0 124 0 0 0 0 0 0
1642 124 7 1 0 0 0 124 0 0 0 0 0 0
1645 21184 5 0 21184 0 0 0 0 0 0 0 0 0
fl=./malloc/./malloc/morecore.c
fn=__glibc_morecore
25 21 1 1 0 0 0 7 0 0 0 0 0 0
26 14 0 0 7 0 0 0 0 0 7 0 0 0
29 7 0 0 0 0 0 7 0 0 0 0 0 0
30 14 0 0 0 0 0 0 0 0 7 0 0 0
34 14 0 0 14 0 0 0 0 0 0 0 0 0
fl=./malloc/./malloc/scratch_buffer_set_array_size.c
fn=__libc_scratch_buffer_set_array_size
30 65 1 1 0 0 0 20 0 0 0 0 0 0
34 5 0 0 0 0 0 0 0 0 0 0 0 0
35 10 0 0 0 0 0 0 0 0 5 2 0 0
45 10 0 0 5 0 0 0 0 0 5 2 0 0
46 5 0 0 0 0 0 0 0 0 0 0 0 0
63 30 1 1 25 0 0 0 0 0 0 0 0 0
fl=./math/../sysdeps/x86_64/fpu/multiarch/e_asin.c
fn=__acos_finite@GLIBC_2.15
35 1 1 1 0 0 0 0 0 0 0 0 0 0
fn=__asin_finite@GLIBC_2.15
27 2 1 1 1 0 0 0 0 0 0 0 0 0
fl=./math/../sysdeps/x86_64/fpu/multiarch/e_atan2.c
fn=__atan2_finite@GLIBC_2.15
26 2 1 1 1 0 0 0 0 0 0 0 0 0
fl=./math/../sysdeps/x86_64/fpu/multiarch/e_exp.c
fn=__exp_finite@GLIBC_2.15
27 2 2 2 1 0 0 0 0 0 0 0 0 0
fl=./math/../sysdeps/x86_64/fpu/multiarch/e_exp2f.c
fn=exp2f@@GLIBC_2.27
27 2 1 1 1 0 0 0 0 0 0 0 0 0
fl=./math/../sysdeps/x86_64/fpu/multiarch/e_expf.c
fn=expf@@GLIBC_2.27
27 2 1 1 1 0 0 0 0 0 0 0 0 0
fl=./math/../sysdeps/x86_64/fpu/multiarch/e_log.c
fn=__log_finite@GLIBC_2.15
27 2 2 2 1 0 0 0 0 0 0 0 0 0
fl=./math/../sysdeps/x86_64/fpu/multiarch/e_log2.c
fn=log2@@GLIBC_2.29
27 2 1 1 1 0 0 0 0 0 0 0 0 0
fl=./math/../sysdeps/x86_64/fpu/multiarch/e_log2f.c
fn=log2f@@GLIBC_2.27
27 2 1 1 1 0 0 0 0 0 0 0 0 0
fl=./math/../sysdeps/x86_64/fpu/multiarch/e_logf.c
fn=logf@@GLIBC_2.27
27 2 1 1 1 0 0 0 0 0 0 0 0 0
fl=./math/../sysdeps/x86_64/fpu/multiarch/e_pow.c
fn=__pow_finite@GLIBC_2.15
27 2 1 1 1 0 0 0 0 0 0 0 0 0
fl=./math/../sysdeps/x86_64/fpu/multiarch/e_powf.c
fn=powf@@GLIBC_2.27
30 1 1 1 0 0 0 0 0 0 0 0 0 0
fl=./math/../sysdeps/x86_64/fpu/multiarch/ifunc-avx-fma4.h
fn=__atan2_finite@GLIBC_2.15
32 5 0 0 2 0 0 0 0 0 1 0 0 0
33 2 1 1 1 0 0 0 0 0 1 1 0 0
fn=__exp_finite@GLIBC_2.15
32 5 0 0 2 0 0 0 0 0 1 0 0 0
33 2 0 0 1 0 0 0 0 0 1 1 0 0
fn=__log_finite@GLIBC_2.15
32 5 0 0 2 0 0 0 0 0 1 0 0 0
33 2 0 0 1 0 0 0 0 0 1 1 0 0
fn=cos
32 5 1 1 2 0 0 0 0 0 1 0 0 0
33 2 0 0 1 0 0 0 0 0 1 1 0 0
fn=sin
32 5 0 0 2 0 0 0 0 0 1 0 0 0
33 2 0 0 1 0 0 0 0 0 1 1 0 0
fl=./math/../sysdeps/x86_64/fpu/multiarch/ifunc-fma.h
fn=__log1p
29 4 0 0 2 0 0 0 0 0 1 0 0 0
30 3 0 0 1 0 0 0 0 0 0 0 0 0
fn=cosf
29 4 0 0 2 0 0 0 0 0 1 0 0 0
30 3 0 0 1 0 0 0 0 0 0 0 0 0
fn=exp2f@@GLIBC_2.27
29 4 0 0 2 0 0 0 0 0 1 0 0 0
30 3 0 0 1 0 0 0 0 0 0 0 0 0
fn=expf@@GLIBC_2.27
29 4 1 1 2 0 0 0 0 0 1 0 0 0
30 3 0 0 1 0 0 0 0 0 0 0 0 0
fn=expm1
29 4 0 0 2 0 0 0 0 0 1 0 0 0
30 3 1 1 1 0 0 0 0 0 0 0 0 0
fn=log2@@GLIBC_2.29
29 4 0 0 2 0 0 0 0 0 1 0 0 0
30 3 0 0 1 0 0 0 0 0 0 0 0 0
fn=log2f@@GLIBC_2.27
29 4 0 0 2 0 0 0 0 0 1 0 0 0
30 3 1 1 1 0 0 0 0 0 0 0 0 0
fn=logf@@GLIBC_2.27
29 4 0 0 2 0 0 0 0 0 1 0 0 0
30 3 0 0 1 0 0 0 0 0 0 0 0 0
fn=powf@@GLIBC_2.27
29 4 0 0 2 0 0 0 0 0 1 0 0 0
30 4 0 0 2 0 0 0 0 0 0 0 0 0
fn=sincosf
29 4 1 1 2 0 0 0 0 0 1 0 0 0
30 3 0 0 1 0 0 0 0 0 0 0 0 0
fn=sinf
29 4 0 0 2 0 0 0 0 0 1 0 0 0
30 3 0 0 1 0 0 0 0 0 0 0 0 0
fl=./math/../sysdeps/x86_64/fpu/multiarch/ifunc-fma4.h
fn=__acos_finite@GLIBC_2.15
31 4 0 0 2 0 0 0 0 0 1 0 0 0
32 2 1 1 1 0 0 0 0 0 1 1 0 0
35 1 0 0 1 0 0 0 0 0 0 0 0 0
fn=__asin_finite@GLIBC_2.15
31 4 0 0 2 0 0 0 0 0 1 0 0 0
32 2 0 0 1 0 0 0 0 0 1 1 0 0
fn=__pow_finite@GLIBC_2.15
31 4 1 1 2 0 0 0 0 0 1 0 0 0
32 2 0 0 1 0 0 0 0 0 1 1 0 0
fn=sincos
31 4 1 1 2 0 0 0 0 0 1 0 0 0
32 2 0 0 1 0 0 0 0 0 1 1 0 0
fl=./math/../sysdeps/x86_64/fpu/multiarch/s_cosf.c
fn=cosf
26 2 1 1 1 0 0 0 0 0 0 0 0 0
fl=./math/../sysdeps/x86_64/fpu/multiarch/s_expm1.c
fn=expm1
26 2 1 1 1 0 0 0 0 0 0 0 0 0
fl=./math/../sysdeps/x86_64/fpu/multiarch/s_fma.c
fn=fma
49 6 2 2 3 0 0 0 0 0 1 1 0 0
fl=./math/../sysdeps/x86_64/fpu/multiarch/s_log1p.c
fn=__log1p
26 2 1 1 1 0 0 0 0 0 0 0 0 0
fl=./math/../sysdeps/x86_64/fpu/multiarch/s_sin.c
fn=cos
34 2 1 1 1 0 0 0 0 0 0 0 0 0
fn=sin
27 2 1 1 1 0 0 0 0 0 0 0 0 0
fl=./math/../sysdeps/x86_64/fpu/multiarch/s_sincos.c
fn=sincos
26 2 1 1 1 0 0 0 0 0 0 0 0 0
fl=./math/../sysdeps/x86_64/fpu/multiarch/s_sincosf.c
fn=sincosf
26 2 1 1 1 0 0 0 0 0 0 0 0 0
fl=./math/../sysdeps/x86_64/fpu/multiarch/s_sinf.c
fn=sinf
26 2 1 1 1 0 0 0 0 0 0 0 0 0
fl=./misc/../sysdeps/unix/syscall-template.S
fn=mprotect
117 35 2 2 0 0 0 0 0 0 7 2 0 0
122 7 0 0 7 0 0 0 0 0 0 0 0 0
fn=munmap
117 15 2 2 0 0 0 0 0 0 3 0 0 0
122 3 0 0 3 0 0 0 0 0 0 0 0 0
fl=./misc/../sysdeps/unix/sysv/linux/brk.c
fn=brk
36 7 1 1 0 0 0 0 0 0 0 0 0 0
37 14 0 0 7 0 0 7 0 0 0 0 0 0
38 14 0 0 0 0 0 0 0 0 7 0 0 0
44 7 0 0 0 0 0 0 0 0 0 0 0 0
45 7 0 0 7 0 0 0 0 0 0 0 0 0
fl=./misc/../sysdeps/unix/sysv/linux/brk_call.h
fn=brk
24 14 0 0 0 0 0 0 0 0 0 0 0 0
fl=./misc/../sysdeps/unix/sysv/linux/mmap64.c
fn=mmap
47 196 2 2 0 0 0 84 1 1 0 0 0 0
50 56 0 0 0 0 0 0 0 0 28 0 0 0
53 121 2 2 5 0 0 0 0 0 44 15 0 0
58 168 1 1 0 0 0 0 0 0 28 0 0 0
60 112 0 0 112 0 0 0 0 0 0 0 0 0
fl=./misc/../sysdeps/unix/sysv/linux/setvmaname.c
fn=__set_vma_name
33 26 4 4 0 0 0 12 0 0 0 0 0 0
35 21 0 0 9 2 1 2 0 0 5 2 0 0
40 14 0 0 2 0 0 2 1 1 2 1 0 0
47 2 1 1 0 0 0 2 0 0 0 0 0 0
48 1 0 0 0 0 0 0 0 0 0 0 0 0
49 27 1 1 19 0 0 0 0 0 2 0 0 0
fl=./misc/./misc/init-misc.c
fn=__init_misc
30 5 1 1 0 0 0 3 0 0 0 0 0 0
31 6 0 0 1 0 0 0 0 0 2 0 0 0
33 3 1 1 0 0 0 1 0 0 0 0 0 0
37 5 0 0 1 0 0 1 1 0 0 0 0 0
38 3 0 0 2 0 0 1 0 0 0 0 0 0
40 4 0 0 4 0 0 0 0 0 0 0 0 0
fl=./misc/./misc/sbrk.c
fn=sbrk
37 56 5 1 0 0 0 28 0 0 0 0 0 0
40 14 0 0 14 10 0 0 0 0 0 0 0 0
43 14 6 1 7 5 0 0 0 0 7 4 0 0
58 14 0 0 0 0 0 0 0 0 7 1 0 0
59 4 1 1 0 0 0 1 0 0 1 0 0 0
62 14 0 0 0 0 0 0 0 0 7 1 0 0
63 2 0 0 1 0 0 0 0 0 0 0 0 0
66 24 1 1 0 0 0 0 0 0 12 7 0 0
74 18 0 0 0 0 0 6 0 0 6 0 0 0
78 49 0 0 35 0 0 0 0 0 0 0 0 0
fl=./nptl/../sysdeps/nptl/futex-internal.h
fn=__pthread_once_slow
209 8 1 1 0 0 0 0 0 0 1 1 0 0
fl=./nptl/../sysdeps/unix/sysv/linux/x86/elision-conf.c
fn=__lll_elision_init
92 8 1 1 1 0 0 3 0 0 0 0 0 0
96 5 1 1 0 0 0 1 0 0 0 0 0 0
98 4 0 0 0 0 0 1 0 0 0 0 0 0
100 4 0 0 0 0 0 1 0 0 0 0 0 0
102 4 0 0 0 0 0 1 0 0 0 0 0 0
104 4 1 1 0 0 0 1 0 0 0 0 0 0
107 3 0 0 1 1 1 0 0 0 1 0 0 0
108 1 0 0 0 0 0 1 1 1 0 0 0 0
109 6 0 0 5 0 0 0 0 0 1 0 0 0
fl=./nptl/./nptl/alloca_cutoff.c
fn=__libc_alloca_cutoff
27 3755 36 1 0 0 0 0 0 0 0 0 0 0
28 33795 2 1 3755 46 0 0 0 0 3755 4 0 0
35 3755 0 0 3755 0 0 0 0 0 0 0 0 0
fl=./nptl/./nptl/cleanup_compat.c
fn=_pthread_cleanup_pop@@GLIBC_2.34
40 1 0 0 0 0 0 0 0 0 0 0 0 0
43 2 0 0 1 0 0 1 0 0 0 0 0 0
47 2 0 0 0 0 0 0 0 0 1 1 0 0
49 1 1 1 1 0 0 0 0 0 0 0 0 0
fn=_pthread_cleanup_push@@GLIBC_2.34
25 1 1 1 0 0 0 0 0 0 0 0 0 0
28 1 0 0 0 0 0 1 0 0 0 0 0 0
29 1 0 0 0 0 0 1 0 0 0 0 0 0
30 2 1 1 1 1 0 1 0 0 0 0 0 0
32 1 0 0 0 0 0 1 0 0 0 0 0 0
33 1 0 0 1 0 0 0 0 0 0 0 0 0
fl=./nptl/./nptl/libc-cleanup.c
fn=__libc_cleanup_pop_restore
54 2 0 0 0 0 0 0 0 0 0 0 0 0
55 2 0 0 2 0 0 0 0 0 0 0 0 0
57 4 0 0 2 0 0 2 0 0 0 0 0 0
59 2 0 0 2 0 0 0 0 0 0 0 0 0
60 6 1 1 2 0 0 0 0 0 2 2 0 0
71 2 0 0 2 0 0 0 0 0 0 0 0 0
fn=__libc_cleanup_push_defer
24 2 1 1 0 0 0 0 0 0 0 0 0 0
25 2 0 0 2 0 0 0 0 0 0 0 0 0
27 4 0 0 2 0 0 2 0 0 0 0 0 0
29 4 0 0 2 1 0 0 0 0 0 0 0 0
32 4 0 0 0 0 0 0 0 0 2 0 0 0
46 6 1 1 0 0 0 2 0 0 0 0 0 0
48 2 0 0 0 0 0 2 0 0 0 0 0 0
49 2 0 0 2 0 0 0 0 0 0 0 0 0
fl=./nptl/./nptl/pthread_mutex_conf.c
fn=__pthread_tunables_init
55 8 1 1 1 0 0 3 0 0 0 0 0 0
56 5 1 1 0 0 0 1 0 0 0 0 0 0
58 4 0 0 0 0 0 1 0 0 0 0 0 0
60 4 0 0 0 0 0 1 0 0 0 0 0 0
62 6 1 1 5 0 0 0 0 0 1 0 0 0
fl=./nptl/./nptl/pthread_mutex_lock.c
fn=pthread_mutex_lock@@GLIBC_2.2.5
44 1 1 1 1 0 0 0 0 0 0 0 0 0
45 7 0 0 2 1 0 0 0 0 3 0 0 0
46 1 0 0 0 0 0 1 0 0 0 0 0 0
77 5 1 1 0 0 0 2 0 0 0 0 0 0
80 3 0 0 1 0 0 0 0 0 0 0 0 0
82 1 0 0 0 0 0 0 0 0 0 0 0 0
84 2 1 1 0 0 0 0 0 0 1 1 0 0
88 2 0 0 0 0 0 0 0 0 1 1 0 0
97 2 1 1 0 0 0 0 0 0 1 1 0 0
108 4 1 1 1 0 0 0 0 0 1 1 0 0
112 1 0 0 1 1 0 0 0 0 0 0 0 0
115 2 0 0 1 0 0 0 0 0 1 1 0 0
124 1 0 0 0 0 0 0 0 0 0 0 0 0
130 3 0 0 1 0 0 0 0 0 1 0 0 0
131 2 1 1 0 0 0 1 0 0 0 0 0 0
179 1 1 1 1 0 0 0 0 0 0 0 0 0
182 1 0 0 0 0 0 1 0 0 0 0 0 0
184 1 0 0 1 0 0 0 0 0 0 0 0 0
187 1 0 0 0 0 0 0 0 0 0 0 0 0
190 3 0 0 3 0 0 0 0 0 0 0 0 0
fl=./nptl/./nptl/pthread_mutex_unlock.c
fn=pthread_mutex_unlock@@GLIBC_2.2.5
39 1 0 0 1 0 0 0 0 0 0 0 0 0
40 4 0 0 1 0 0 0 0 0 2 0 0 0
41 1 0 0 0 0 0 1 0 0 0 0 0 0
51 3 0 0 1 0 0 0 0 0 0 0 0 0
52 2 1 1 0 0 0 0 0 0 1 0 0 0
57 2 0 0 0 0 0 0 0 0 1 1 0 0
62 1 0 0 0 0 0 1 0 0 0 0 0 0
65 1 0 0 1 0 0 0 0 0 0 0 0 0
70 1 0 0 0 0 0 0 0 0 0 0 0 0
72 1 0 0 0 0 0 0 0 0 0 0 0 0
74 2 1 1 0 0 0 0 0 0 1 1 0 0
80 4 1 1 1 0 0 0 0 0 1 0 0 0
84 3 0 0 2 0 0 0 0 0 1 1 0 0
87 2 0 0 1 0 0 0 0 0 1 0 0 0
367 4 1 1 0 0 0 1 0 0 0 0 0 0
369 2 0 0 2 0 0 0 0 0 0 0 0 0
fl=./nptl/./nptl/pthread_once.c
fn=__pthread_once_slow
68 11 2 2 1 0 0 5 0 0 0 0 0 0
76 1 0 0 1 0 0 0 0 0 0 0 0 0
80 2 0 0 0 0 0 0 0 0 1 1 0 0
88 2 0 0 1 1 1 0 0 0 0 0 0 0
92 2 0 0 1 0 0 0 0 0 1 0 0 0
101 4 1 1 0 0 0 0 0 0 1 1 0 0
114 13 2 2 0 0 0 7 0 0 0 0 0 0
116 1 0 0 0 0 0 1 0 0 0 0 1 1
118 3 0 0 0 0 0 1 0 0 0 0 0 0
124 1 0 0 0 0 0 1 0 0 0 0 0 0
132 10 0 0 7 0 0 0 0 0 1 0 0 0
fn=pthread_once@@GLIBC_2.34
136 4500 706 1 0 0 0 0 0 0 0 0 0 0
139 4500 0 0 4500 61 0 0 0 0 0 0 0 0
140 9000 0 0 0 0 0 0 0 0 4500 1 0 0
143 1 0 0 0 0 0 0 0 0 0 0 0 0
144 8998 0 0 4499 0 0 0 0 0 0 0 0 0
fl=./posix/../malloc/dynarray-skeleton.c
fn=__unregister_atfork
243 5 0 0 5 2 1 0 0 0 0 0 0 0
fl=./posix/../sysdeps/unix/sysv/linux/_exit.c
fn=_Exit
27 2 1 1 1 0 0 0 0 0 0 0 0 0
30 4 0 0 0 0 0 0 0 0 0 0 0 0
fl=./posix/./posix/register-atfork.c
fn=__unregister_atfork
71 10 1 1 0 0 0 0 0 0 5 3 0 0
82 30 1 1 0 0 0 10 0 0 0 0 0 0
83 20 0 0 5 1 1 0 0 0 5 0 0 0
109 20 1 1 10 0 0 0 0 0 10 1 0 0
110 15 0 0 15 0 0 0 0 0 0 0 0 0
fl=./resource/../sysdeps/unix/sysv/linux/getrlimit64.c
fn=getrlimit
38 2 1 1 0 0 0 0 0 0 0 0 0 0
39 7 0 0 0 0 0 0 0 0 1 0 0 0
40 1 0 0 1 0 0 0 0 0 0 0 0 0
fl=./setjmp/../sysdeps/x86_64/bsd-_setjmp.S
fn=_setjmp
28 1 1 1 0 0 0 0 0 0 0 0 0 0
30 1 0 0 0 0 0 0 0 0 0 0 0 0
32 1 0 0 0 0 0 0 0 0 0 0 0 0
fl=./setjmp/../sysdeps/x86_64/setjmp.S
fn=__sigsetjmp
31 14 2 2 0 0 0 0 0 0 0 0 0 0
33 14 0 0 0 0 0 14 0 0 0 0 0 0
42 14 0 0 0 0 0 0 0 0 0 0 0 0
43 28 0 0 14 0 0 0 0 0 0 0 0 0
44 14 0 0 0 0 0 14 0 0 0 0 0 0
48 14 0 0 0 0 0 14 0 0 0 0 0 0
49 14 0 0 0 0 0 14 0 0 0 0 0 0
50 14 0 0 0 0 0 14 1 1 0 0 0 0
51 14 0 0 0 0 0 14 0 0 0 0 0 0
52 14 0 0 0 0 0 0 0 0 0 0 0 0
54 28 1 1 14 0 0 0 0 0 0 0 0 0
56 14 0 0 0 0 0 14 0 0 0 0 0 0
57 14 1 1 14 0 0 0 0 0 0 0 0 0
58 14 0 0 0 0 0 0 0 0 0 0 0 0
60 28 0 0 14 0 0 0 0 0 0 0 0 0
62 14 0 0 0 0 0 14 0 0 0 0 0 0
67 1 0 0 1 1 0 0 0 0 0 0 0 0
68 1 0 0 0 0 0 0 0 0 1 1 0 0
70 13 0 0 0 0 0 0 0 0 0 0 0 0
73 13 0 0 0 0 0 0 0 0 0 0 0 0
74 13 0 0 0 0 0 13 0 0 0 0 0 0
81 13 0 0 0 0 0 0 0 0 0 0 0 0
82 13 0 0 13 0 0 0 0 0 0 0 0 0
85 1 1 1 0 0 0 0 0 0 0 0 0 0
fl=./setjmp/./setjmp/sigjmp.c
fn=__sigjmp_save
28 6 0 0 0 0 0 2 0 0 0 0 0 0
29 1 0 0 0 0 0 1 0 0 0 0 0 0
30 2 0 0 0 0 0 0 0 0 1 0 0 0
34 4 0 0 3 0 0 0 0 0 0 0 0 0
fl=./stdio-common/../include/../locale/localeinfo.h
fn=__printf_fp_l_buffer
331 11265 25 1 11265 92 0 0 0 0 0 0 0 0
fl=./stdio-common/../include/printf_buffer.h
fn=__printf_fp_buffer_1.isra.0
163 22530 36 1 11265 0 0 0 0 0 7510 26 0 0
fl=./stdio-common/../include/rounding-mode.h
fn=__printf_fp_buffer_1.isra.0
52 10968 5 1 0 0 0 0 0 0 3755 6 0 0
58 3458 0 0 0 0 0 0 0 0 1729 2 0 0
fl=./stdio-common/../string/bits/string_fortified.h
fn=__printf_buffer_write
29 11265 0 0 0 0 0 3755 0 0 0 0 0 0
fn=__printf_fp_buffer_1.isra.0
29 15265 1 1 7398 0 0 7867 0 0 0 0 0 0
fl=./stdio-common/../sysdeps/generic/get-rounding-mode.h
fn=__printf_fp_buffer_1.isra.0
94 3755 3 1 0 0 0 3755 0 0 0 0 0 0
95 26285 32 1 3755 0 0 0 0 0 11265 101 0 0
fl=./stdio-common/../sysdeps/pthread/allocalim.h
fn=__printf_fp_buffer_1.isra.0
27 7510 0 0 0 0 0 3755 0 0 0 0 0 0
29 18775 0 0 0 0 0 3755 0 0 3755 0 0 0
fl=./stdio-common/./stdio-common/Xprintf_buffer_done.c
fn=__printf_buffer_done
25 3755 2 1 0 0 0 0 0 0 0 0 0 0
26 11265 0 0 3755 0 0 0 0 0 3755 3753 0 0
31 7510 1 1 7510 0 0 0 0 0 0 0 0 0
33 45060 0 0 3755 0 0 0 0 0 7510 76 0 0
40 3755 0 0 3755 0 0 0 0 0 0 0 0 0
fl=./stdio-common/./stdio-common/Xprintf_buffer_write.c
fn=__printf_buffer_write
27 90120 2 1 0 0 0 56325 0 0 0 0 0 0
28 33795 0 0 11265 0 0 0 0 0 11265 3772 0 0
31 37550 0 0 0 0 0 0 0 0 15020 7 0 0
33 18775 20 1 7510 0 0 0 0 0 3755 2 0 0
36 3755 0 0 0 0 0 0 0 0 0 0 0 0
37 7510 0 0 0 0 0 0 0 0 0 0 0 0
40 11265 0 0 3755 0 0 3755 0 0 0 0 0 0
41 3755 0 0 0 0 0 0 0 0 0 0 0 0
44 67590 14 1 67590 0 0 0 0 0 0 0 0 0
fl=./stdio-common/./stdio-common/printf-parse.h
fn=__printf_buffer
82 33795 5 1 0 0 0 11265 22 0 0 0 0 0
fl=./stdio-common/./stdio-common/printf_fp.c
fn=__printf_fp_buffer_1.isra.0
91 22530 17 1 7510 0 0 0 0 0 7510 18 0 0
93 22530 0 0 7510 0 0 0 0 0 7510 161 0 0
95 15356 1 1 15132 0 0 112 0 0 0 0 0 0
96 560 0 0 0 0 0 224 0 0 0 0 0 0
101 14796 0 0 0 0 0 0 0 0 7398 0 0 0
105 51786 12 1 14796 0 0 7398 0 0 0 0 0 0
107 29592 0 0 22194 0 0 7398 0 0 0 0 0 0
108 7398 0 0 7398 0 0 0 0 0 0 0 0 0
110 14796 0 0 7398 0 0 7398 0 0 0 0 0 0
111 37188 45 1 14796 0 0 0 0 0 14994 367 0 0
112 396 0 0 0 0 0 198 0 0 0 0 0 0
117 198 1 1 0 0 0 198 0 0 0 0 0 0
118 7596 0 0 0 0 0 0 0 0 0 0 0 0
122 21600 0 0 0 0 0 7200 0 0 0 0 0 0
123 14400 0 0 0 0 0 0 0 0 7200 2821 0 0
124 23985 31 0 9594 0 0 9594 0 0 0 0 0 0
127 336 1 1 112 0 0 0 0 0 0 0 0 0
138 67590 6 2 3755 0 0 48815 122 0 0 0 0 0
159 30040 1 1 3755 0 0 3755 0 0 0 0 0 0
177 3755 0 0 0 0 0 3755 0 0 0 0 0 0
187 3755 0 0 0 0 0 3755 34 0 0 0 0 0
221 7510 0 0 0 0 0 0 0 0 3755 0 0 0
222 3755 0 0 0 0 0 3755 0 0 0 0 0 0
226 11265 5 1 3755 0 0 0 0 0 3755 2 0 0
230 63835 113 3 11265 71 1 3755 28 0 7510 2 0 0
234 3755 0 0 0 0 0 0 0 0 0 0 0 0
266 18775 31 2 3755 0 0 0 0 0 0 0 0 0
267 3755 0 0 0 0 0 0 0 0 0 0 0 0
268 7510 0 0 0 0 0 0 0 0 0 0 0 0
271 63835 25 1 3755 0 0 3755 0 0 7510 2 0 0
272 60080 14 1 3755 0 0 3755 0 0 7510 1 0 0
273 60080 64 2 3755 30 0 3755 0 0 7510 25 0 0
279 3755 0 0 0 0 0 3755 0 0 0 0 0 0
280 7510 0 0 0 0 0 0 0 0 3755 33 0 0
283 3723 0 0 0 0 0 0 0 0 0 0 0 0
293 3723 0 0 0 0 0 0 0 0 0 0 0 0
294 26061 6 1 0 0 0 3723 0 0 0 0 0 0
297 11169 0 0 0 0 0 0 0 0 3723 2 0 0
301 14892 0 0 0 0 0 0 0 0 0 0 0 0
305 14892 0 0 0 0 0 3723 26 0 0 0 0 0
306 3723 0 0 0 0 0 0 0 0 0 0 0 0
308 22338 1 1 0 0 0 0 0 0 0 0 0 0
309 33507 12 1 7446 0 0 3723 0 0 0 0 0 0
310 7446 0 0 0 0 0 0 0 0 3723 0 0 0
311 26125 3 1 11233 0 0 7446 0 0 0 0 0 0
313 7446 34 1 0 0 0 0 0 0 3723 0 0 0
318 48399 0 0 0 0 0 0 0 0 0 0 0 0
322 286671 2 1 93075 186 4 0 0 0 48399 4178 0 0
324 21578 18 1 3723 0 0 0 0 0 7066 4 0 0
327 12504 0 0 8336 0 0 0 0 0 4168 0 0 0
337 7066 10 1 7066 0 0 0 0 0 0 0 0 0
368 8336 0 0 4168 0 0 4168 0 0 0 0 0 0
369 16672 0 0 4168 36 0 0 0 0 0 0 0 0
375 17388 0 0 5796 0 0 2898 0 0 0 0 0 0
377 2898 0 0 2898 0 0 0 0 0 0 0 0 0
380 5796 0 0 5796 0 0 0 0 0 0 0 0 0
381 5796 0 0 0 0 0 0 0 0 2898 0 0 0
382 8694 1 1 0 0 0 2898 0 0 0 0 0 0
385 60696 1 1 25366 0 0 7066 0 0 21198 507 0 0
388 14796 8 1 3699 0 0 3699 0 0 0 0 0 0
389 14796 0 0 11097 0 0 0 0 0 0 0 0 0
390 18495 0 0 0 0 0 0 0 0 0 0 0 0
391 14796 0 0 0 0 0 0 0 0 0 0 0 0
394 48399 0 0 0 0 0 0 0 0 0 0 0 0
396 96798 0 0 0 0 0 0 0 0 48399 3825 0 0
397 7446 1 1 3723 0 0 3723 0 0 0 0 0 0
403 10813 0 0 3367 0 0 0 0 0 3723 26 0 0
407 44646 30 2 14839 0 0 0 0 0 7441 55 0 0
411 14796 0 0 3699 0 0 0 0 0 0 0 0 0
413 7398 0 0 0 0 0 0 0 0 3699 2 0 0
429 43 26 1 0 0 0 0 0 0 0 0 0 0
430 43 26 1 43 0 0 0 0 0 0 0 0 0
434 301 0 0 0 0 0 0 0 0 0 0 0 0
439 7312 1 1 3656 0 0 0 0 0 0 0 0 0
442 29463 0 0 0 0 0 0 0 0 7355 6 0 0
452 86 0 0 0 0 0 0 0 0 43 0 0 0
458 14624 1 1 0 0 0 7312 0 0 0 0 0 0
460 10968 0 0 3656 0 0 0 0 0 0 0 0 0
461 21936 0 0 10968 0 0 3656 0 0 0 0 0 0
463 22612 1 1 10968 0 0 0 0 0 3656 375 0 0
470 258 1 1 0 0 0 86 0 0 0 0 0 0
471 86 0 0 0 0 0 0 0 0 0 0 0 0
473 86 0 0 43 0 0 0 0 0 0 0 0 0
474 258 0 0 129 0 0 43 0 0 0 0 0 0
477 7441 0 0 43 0 0 3699 0 0 0 0 0 0
478 215 17 1 86 0 0 0 0 0 43 2 0 0
483 64 0 0 0 0 0 0 0 0 32 13 0 0
655 96 0 0 0 0 0 0 0 0 32 0 0 0
659 96 0 0 0 0 0 32 0 0 0 0 0 0
660 160 0 0 64 0 0 64 0 0 0 0 0 0
661 64 0 0 0 0 0 32 0 0 0 0 0 0
665 11265 1 1 7510 0 0 3755 0 0 0 0 0 0
674 22530 1 1 15020 26 1 3755 0 0 0 0 0 0
676 7510 0 0 0 0 0 0 0 0 3755 0 0 0
680 7510 0 0 3755 0 0 3755 0 0 0 0 0 0
686 7510 0 0 3755 0 0 0 0 0 3755 8 0 0
688 7510 14 1 0 0 0 3755 0 0 0 0 0 0
689 7510 0 0 0 0 0 0 0 0 3755 23 0 0
692 11265 1 1 3755 0 0 0 0 0 3755 27 0 0
694 33795 22 2 7510 0 0 18775 0 0 0 0 0 0
696 7510 0 0 0 0 0 3755 0 0 0 0 0 0
738 15020 1 1 3755 0 0 0 0 0 7510 8 0 0
746 11265 1 1 3755 0 0 3755 0 0 0 0 0 0
759 63835 2 2 7510 0 0 3755 0 0 7510 4 0 0
760 7510 0 0 0 0 0 3755 0 0 0 0 0 0
763 11265 0 0 3755 0 0 0 0 0 3755 0 0 0
766 68606 26 2 11265 0 0 0 0 0 14107 3970 0 0
769 31056 0 0 0 0 0 20704 0 0 0 0 0 0
771 3755 0 0 0 0 0 3755 0 0 0 0 0 0
773 22530 7 1 11265 0 0 0 0 0 7510 60 0 0
775 11265 0 0 3755 0 0 3755 0 0 0 0 0 0
787 3755 0 0 0 0 0 0 0 0 0 0 0 0
788 18775 25 1 3755 0 0 7510 0 0 0 0 0 0
789 18775 0 0 3755 0 0 3755 0 0 0 0 0 0
790 30040 0 0 0 0 0 0 0 0 15020 2627 0 0
792 7510 0 0 0 0 0 0 0 0 0 0 0 0
793 7510 3 1 0 0 0 7510 0 0 0 0 0 0
794 22530 0 0 0 0 0 0 0 0 7510 662 0 0
795 15020 0 0 0 0 0 7510 0 0 0 0 0 0
796 2175 1 1 725 0 0 0 0 0 725 21 0 0
805 18775 10 0 15020 0 0 0 0 0 3755 9 0 0
806 15020 21 1 0 0 0 7510 0 0 0 0 0 0
808 26285 0 0 3755 0 0 0 0 0 3755 21 0 0
809 1890 9 0 0 0 0 0 0 0 0 0 0 0
810 12138 43 1 6060 0 0 0 0 0 4034 10 0 0
813 3780 0 0 1890 0 0 0 0 0 1890 0 0 0
818 144 0 0 36 0 0 0 0 0 72 1 0 0
830 3458 0 0 0 0 0 0 0 0 1729 0 0 0
834 3210 24 1 0 0 0 0 0 0 0 0 0 0
835 10009 28 1 2101 0 0 0 0 0 2101 139 0 0
837 124 0 0 0 0 0 124 0 0 0 0 0 0
838 248 0 0 0 0 0 0 0 0 0 0 0 0
840 5187 25 1 1729 0 0 0 0 0 1729 4 0 0
842 3458 0 0 1729 0 0 0 0 0 1729 0 0 0
844 3458 0 0 0 0 0 1729 0 0 0 0 0 0
855 3458 0 0 1729 0 0 0 0 0 1729 0 0 0
924 16452 0 0 3458 0 0 0 0 0 3755 0 0 0
931 4052 31 1 0 0 0 0 0 0 2026 69 0 0
935 11265 23 1 3755 0 0 0 0 0 3755 8 0 0
980 26285 13 1 11265 0 0 0 0 0 3755 0 0 0
983 7510 13 1 0 0 0 3755 0 0 0 0 0 0
987 18775 0 0 3755 0 0 0 0 0 7510 4 0 0
991 11265 0 0 3755 0 0 0 0 0 0 0 0 0
994 15020 1 1 3755 0 0 3755 0 0 0 0 0 0
996 30040 7 1 7510 0 0 0 0 0 7510 5 0 0
999 15020 33 1 7510 0 0 0 0 0 3755 0 0 0
1001 11265 0 0 0 0 0 0 0 0 3755 2 0 0
1003 7510 1 1 0 0 0 0 0 0 3755 2 0 0
1006 7510 0 0 0 0 0 0 0 0 3755 0 0 0
1009 11265 0 0 3755 0 0 0 0 0 3755 2 0 0
1022 15020 11 1 3755 0 0 3755 0 0 0 0 0 0
1024 11265 0 0 7510 0 0 0 0 0 3755 62 0 0
1028 11265 1 1 3755 0 0 0 0 0 3755 2 0 0
1030 41305 0 0 33795 0 0 0 0 0 3755 0 0 0
fn=__printf_fp_l_buffer
1099 71345 75 2 3755 0 0 33795 80 0 0 0 0 0
1102 11265 0 0 3755 0 0 0 0 0 3755 2 0 0
1111 3755 0 0 0 0 0 3755 0 0 0 0 0 0
1112 7510 0 0 0 0 0 3755 30 0 0 0 0 0
1115 18775 40 1 3755 0 0 11265 0 0 0 0 0 0
1116 18775 0 0 7510 30 0 0 0 0 3755 2 0 0
1117 11265 6 1 0 0 0 0 0 0 3755 2 0 0
1122 26285 34 1 11265 0 0 3755 0 0 0 0 0 0
1126 3755 0 0 0 0 0 0 0 0 0 0 0 0
1147 41305 25 1 33795 0 0 0 0 0 3755 0 0 0
fn=hack_digit
88 70535 0 0 0 0 0 42321 0 0 0 0 0 0
91 42321 0 0 14107 0 0 0 0 0 14107 12 0 0
93 42321 1 1 14107 0 0 0 0 0 14107 114 0 0
95 28438 1 1 28326 0 0 0 0 0 0 0 0 0
96 560 0 0 0 0 0 224 1 0 0 0 0 0
101 27990 0 0 0 0 0 0 0 0 13995 4 0 0
105 97965 1 1 27990 0 0 13995 5 0 0 0 0 0
107 55980 1 1 41985 0 0 13995 0 0 0 0 0 0
108 13995 0 0 13995 0 0 0 0 0 0 0 0 0
110 27990 0 0 13995 0 0 13995 0 0 0 0 0 0
111 84149 0 0 27990 0 0 0 0 0 28169 189 0 0
112 358 0 0 0 0 0 179 0 0 0 0 0 0
117 179 0 0 0 0 0 179 0 0 0 0 0 0
118 27811 0 0 0 0 0 0 0 0 0 0 0 0
122 55264 0 0 13816 0 0 13816 0 0 0 0 0 0
123 27632 0 0 0 0 0 0 0 0 13816 3625 0 0
124 53550 0 0 21420 0 0 21420 0 0 0 0 0 0
127 112 0 0 0 0 0 0 0 0 0 0 0 0
128 70535 0 0 56428 0 0 0 0 0 0 0 0 0
fl=./stdio-common/./stdio-common/vfprintf-internal.c
fn=__printf_buffer
263 11265 0 0 0 0 0 0 0 0 3755 45 0 0
264 11265 0 0 0 0 0 0 0 0 0 0 0 0
266 3755 2 1 0 0 0 3755 0 0 0 0 0 0
600 56325 4 1 0 0 0 30040 35 0 0 0 0 0
627 18775 1 1 11265 0 0 7510 0 0 0 0 0 0
631 3755 0 0 0 0 0 3755 0 0 0 0 0 0
634 3755 0 0 0 0 0 3755 0 0 0 0 0 0
638 15020 0 0 7510 0 0 7510 30 0 0 0 0 0
642 3755 0 0 0 0 0 3755 28 0 0 0 0 0
653 11265 0 0 0 0 0 3755 0 0 0 0 0 0
654 7510 0 0 0 0 0 0 0 0 0 0 0 0
655 11265 0 0 3755 0 0 0 0 0 3755 0 0 0
659 7510 0 0 3755 0 0 0 0 0 3755 0 0 0
663 30040 46 1 11265 35 1 3755 0 0 11265 25 0 0
683 3755 0 0 0 0 0 3755 0 0 0 0 0 0
684 3755 14 1 0 0 0 3755 0 0 0 0 0 0
685 3755 0 0 0 0 0 3755 0 0 0 0 0 0
686 3755 0 0 0 0 0 3755 0 0 0 0 0 0
687 3755 0 0 0 0 0 0 0 0 0 0 0 0
690 7510 0 0 0 0 0 0 0 0 0 0 3755 1
691 3755 0 0 0 0 0 0 0 0 0 0 0 0
692 3755 0 0 0 0 0 0 0 0 0 0 0 0
693 3755 0 0 0 0 0 0 0 0 0 0 0 0
694 3755 0 0 0 0 0 3755 0 0 0 0 0 0
695 3755 0 0 0 0 0 0 0 0 0 0 0 0
698 3755 0 0 0 0 0 3755 0 0 0 0 0 0
699 3755 0 0 0 0 0 3755 0 0 0 0 0 0
705 52570 44 3 11265 57 2 0 0 0 3755 0 0 0
709 3755 17 1 0 0 0 0 0 0 0 0 0 0
744 7510 1 1 7510 0 0 0 0 0 0 0 0 0
813 3755 0 0 0 0 0 0 0 0 0 0 0 0
814 11265 0 0 3755 0 0 0 0 0 3755 2 0 0
818 7510 1 1 0 0 0 0 0 0 0 0 0 0
819 15020 1 1 3755 0 0 0 0 0 3755 23 0 0
834 26285 0 0 7510 0 0 3755 0 0 3755 1 0 0
837 22530 0 0 3755 0 0 0 0 0 0 0 0 0
855 52570 7 1 11265 65 2 0 0 0 3755 0 3755 1
891 7510 25 1 0 0 0 0 0 0 0 0 0 0
973 18775 39 1 3755 0 0 3755 0 0 3755 0 0 0
976 127670 52 2 26285 0 0 22530 27 0 0 0 0 0
996 41305 6 1 11265 0 0 7510 0 0 7510 0 0 0
997 7510 0 0 0 0 0 3755 0 0 0 0 0 0
1001 3755 0 0 0 0 0 0 0 0 0 0 0 0
1018 3755 0 0 3755 0 0 0 0 0 0 0 0 0
1024 3755 0 0 0 0 0 0 0 0 0 0 0 0
1028 11265 10 1 0 0 0 3755 0 0 0 0 0 0
1029 7510 0 0 0 0 0 0 0 0 0 0 0 0
1031 7510 0 0 3755 0 0 0 0 0 3755 2 0 0
1044 41305 40 1 33795 0 0 0 0 0 3755 0 0 0
fl=./stdlib/../include/rounding-mode.h
fn=round_and_return
46 3655 456 2 0 0 0 0 0 0 2193 23 0 0
52 2180 30 2 0 0 0 0 0 0 731 350 0 0
fl=./stdlib/../stdlib/gmp.h
fn=round_and_return
453 359 8 1 0 0 0 0 0 0 0 0 0 0
454 359 0 0 0 0 0 359 0 0 0 0 0 0
fl=./stdlib/../string/bits/string_fortified.h
fn=____strtod_l_internal
29 7220 2 2 1444 0 0 2888 0 0 0 0 0 0
fl=./stdlib/../sysdeps/generic/get-rounding-mode.h
fn=round_and_return
94 731 0 0 0 0 0 731 0 0 0 0 0 0
95 6579 2 1 731 0 0 0 0 0 1462 0 0 0
fl=./stdlib/../sysdeps/ieee754/dbl-64/dbl2mpn.c
fn=__mpn_extract_double
33 11265 46 1 0 0 0 0 0 0 0 0 0 0
35 3755 0 0 0 0 0 0 0 0 0 0 0 0
37 11265 0 0 0 0 0 3755 0 0 0 0 0 0
38 18775 0 0 0 0 0 3755 0 0 0 0 0 0
47 11265 22 1 0 0 0 3755 0 0 0 0 0 0
56 11265 0 0 0 0 0 0 0 0 3755 2 0 0
103 7510 0 0 0 0 0 3755 0 0 0 0 0 0
107 7510 0 0 3755 0 0 0 0 0 0 0 0 0
fl=./stdlib/../sysdeps/ieee754/dbl-64/mpn2dbl.c
fn=__mpn_construct_double
29 731 2 1 0 0 0 0 0 0 0 0 0 0
33 731 0 0 0 0 0 0 0 0 0 0 0 0
39 731 0 0 731 0 0 0 0 0 0 0 0 0
40 7310 0 0 0 0 0 0 0 0 0 0 0 0
46 731 1 1 0 0 0 0 0 0 0 0 0 0
47 1462 0 0 731 0 0 0 0 0 0 0 0 0
fl=./stdlib/../sysdeps/x86_64/lshift.S
fn=__mpn_lshift
28 5930 2 1 0 0 0 0 0 0 0 0 0 0
29 5930 0 0 0 0 0 0 0 0 0 0 0 0
30 5930 0 0 0 0 0 0 0 0 0 0 0 0
32 5930 0 0 0 0 0 0 0 0 0 0 0 0
33 5930 0 0 0 0 0 0 0 0 0 0 0 0
34 5930 0 0 0 0 0 0 0 0 5930 14 0 0
46 5930 0 0 0 0 0 0 0 0 0 0 0 0
47 5930 0 0 0 0 0 0 0 0 5930 0 0 0
48 5930 0 0 5930 0 0 0 0 0 0 0 0 0
49 5930 0 0 0 0 0 0 0 0 0 0 0 0
50 5930 1 1 0 0 0 0 0 0 0 0 0 0
51 5930 0 0 0 0 0 0 0 0 0 0 0 0
52 5930 0 0 0 0 0 0 0 0 5930 12 0 0
58 5930 0 0 0 0 0 0 0 0 0 0 0 0
59 5930 0 0 0 0 0 5930 0 0 0 0 0 0
60 5930 0 0 5930 0 0 0 0 0 0 0 0 0
fl=./stdlib/../sysdeps/x86_64/mul_1.S
fn=__mpn_mul_1
31 24138 32 1 0 0 0 0 0 0 0 0 0 0
32 24138 0 0 0 0 0 24138 0 0 0 0 0 0
35 24138 0 0 0 0 0 0 0 0 0 0 0 0
36 24138 0 0 24138 0 0 0 0 0 0 0 0 0
37 24138 0 0 0 0 0 0 0 0 0 0 0 0
38 24138 30 1 0 0 0 0 0 0 0 0 0 0
39 24138 0 0 0 0 0 0 0 0 0 0 0 0
41 24138 0 0 0 0 0 0 0 0 0 0 0 0
42 24138 0 0 0 0 0 0 0 0 0 0 0 0
44 24138 0 0 0 0 0 0 0 0 0 0 0 0
45 24138 0 0 0 0 0 0 0 0 24138 0 0 0
46 24138 0 0 0 0 0 0 0 0 0 0 0 0
47 24138 0 0 0 0 0 0 0 0 24138 2 0 0
48 21240 0 0 0 0 0 0 0 0 21240 11 0 0
50 21240 0 0 0 0 0 0 0 0 0 0 0 0
51 21240 0 0 0 0 0 0 0 0 21240 1 0 0
52 21240 0 0 0 0 0 21240 0 0 0 0 0 0
53 21240 0 0 0 0 0 0 0 0 0 0 0 0
79 2898 27 1 0 0 0 0 0 0 0 0 0 0
80 2898 0 0 0 0 0 0 0 0 0 0 0 0
81 2898 0 0 0 0 0 0 0 0 0 0 0 0
82 2898 0 0 0 0 0 0 0 0 0 0 0 0
83 2898 0 0 0 0 0 0 0 0 0 0 0 0
84 2898 1 1 0 0 0 0 0 0 0 0 0 0
85 2898 0 0 2898 0 0 0 0 0 0 0 0 0
86 2898 0 0 0 0 0 0 0 0 0 0 0 0
87 2898 0 0 0 0 0 0 0 0 0 0 0 0
113 2898 12 1 0 0 0 0 0 0 0 0 0 0
114 2898 0 0 0 0 0 0 0 0 0 0 0 0
115 2898 0 0 0 0 0 0 0 0 2898 0 0 0
117 2898 0 0 0 0 0 2898 0 0 0 0 0 0
118 2898 0 0 0 0 0 0 0 0 0 0 0 0
119 2898 0 0 0 0 0 0 0 0 0 0 0 0
120 2898 9 0 0 0 0 2898 0 0 0 0 0 0
121 2898 0 0 0 0 0 0 0 0 0 0 0 0
122 24138 4 1 0 0 0 0 0 0 0 0 0 0
124 24138 0 0 24138 0 0 0 0 0 0 0 0 0
127 24138 0 0 24138 0 0 0 0 0 0 0 0 0
fl=./stdlib/../sysdeps/x86_64/rshift.S
fn=__mpn_rshift
28 7398 7 1 0 0 0 0 0 0 0 0 0 0
29 7398 0 0 0 0 0 0 0 0 0 0 0 0
30 7398 0 0 0 0 0 0 0 0 0 0 0 0
31 7398 0 0 0 0 0 0 0 0 7398 8 0 0
44 7398 0 0 0 0 0 0 0 0 0 0 0 0
45 7398 25 1 0 0 0 0 0 0 7398 8 0 0
61 7398 0 0 0 0 0 0 0 0 7398 40 0 0
62 7398 0 0 7398 0 0 0 0 0 0 0 0 0
63 7398 0 0 7398 0 0 0 0 0 0 0 0 0
64 7398 0 0 0 0 0 0 0 0 0 0 0 0
65 7398 0 0 0 0 0 0 0 0 0 0 0 0
66 7398 0 0 0 0 0 0 0 0 0 0 0 0
67 7398 0 0 0 0 0 0 0 0 7398 6 0 0
72 7398 45 1 0 0 0 0 0 0 0 0 0 0
73 7398 0 0 0 0 0 7398 0 0 0 0 0 0
74 7398 0 0 0 0 0 0 0 0 0 0 0 0
75 7398 0 0 0 0 0 7398 0 0 0 0 0 0
76 7398 0 0 7398 0 0 0 0 0 0 0 0 0
fl=./stdlib/./stdlib/cmp.c
fn=__mpn_cmp
31 7066 25 1 0 0 0 0 0 0 0 0 0 0
35 14160 0 0 0 0 0 0 0 0 7080 63 0 0
37 7080 46 1 7080 0 0 0 0 0 0 0 0 0
38 7080 0 0 7080 0 0 0 0 0 0 0 0 0
39 14160 0 0 0 0 0 0 0 0 7080 14 0 0
47 35330 0 0 7066 0 0 0 0 0 0 0 0 0
fl=./stdlib/./stdlib/cxa_atexit.c
fn=__cxa_atexit
41 26 2 1 0 0 0 0 0 0 13 1 0 0
43 104 0 0 13 2 0 0 0 0 13 0 0 0
44 26 0 0 0 0 0 13 0 0 0 0 0 0
46 26 0 0 0 0 0 0 0 0 13 0 0 0
52 39 0 0 13 0 0 0 0 0 0 0 0 0
53 13 0 0 0 0 0 13 0 0 0 0 0 0
54 13 0 0 0 0 0 13 6 6 0 0 0 0
55 13 2 1 0 0 0 13 0 0 0 0 0 0
56 13 0 0 0 0 0 13 0 0 0 0 0 0
57 52 0 0 26 0 0 0 0 0 26 0 0 0
58 13 0 0 0 0 0 0 0 0 0 0 0 0
67 91 2 1 0 0 0 65 0 0 0 0 0 0
69 78 0 0 78 0 0 0 0 0 0 0 0 0
fn=__new_exitfn
80 65 2 1 0 0 0 39 0 0 0 0 0 0
81 13 0 0 0 0 0 0 0 0 0 0 0 0
86 26 0 0 13 2 1 0 0 0 13 0 0 0
91 82 0 0 14 2 0 0 0 0 14 3 0 0
93 52 1 1 13 2 0 0 0 0 13 6 0 0
94 60 0 0 12 1 0 0 0 0 12 5 0 0
101 1 0 0 0 0 0 1 0 0 0 0 0 0
104 24 0 0 0 0 0 0 0 0 12 0 0 0
122 1 0 0 0 0 0 0 0 0 0 0 0 0
123 1 1 1 0 0 0 1 0 0 0 0 0 0
129 36 1 0 0 0 0 0 0 0 0 0 0 0
130 24 0 0 0 0 0 12 0 0 0 0 0 0
134 1 0 0 0 0 0 0 0 0 0 0 0 0
136 13 1 1 0 0 0 13 1 0 0 0 0 0
137 13 0 0 13 0 0 0 0 0 0 0 0 0
141 65 0 0 52 0 0 0 0 0 0 0 0 0
fl=./stdlib/./stdlib/cxa_finalize.c
fn=__cxa_finalize
30 50 1 1 0 0 0 30 0 0 0 0 0 0
33 35 0 0 5 0 0 0 0 0 10 0 0 0
36 35 2 2 10 0 0 0 0 0 10 2 0 0
40 196 0 0 5 0 0 0 0 0 60 16 0 0
41 132 1 1 66 5 0 0 0 0 66 13 0 0
43 22 0 0 11 0 0 11 0 0 0 0 0 0
45 11 0 0 11 0 0 0 0 0 0 0 0 0
76 11 0 0 0 0 0 11 0 0 0 0 0 0
78 33 0 0 22 0 0 0 0 0 0 0 0 0
81 44 0 0 22 0 0 0 0 0 22 1 0 0
82 33 0 0 0 0 0 11 0 0 0 0 11 11
83 44 0 0 11 0 0 0 0 0 11 0 0 0
87 33 0 0 22 0 0 0 0 0 11 2 0 0
93 35 2 2 10 1 0 0 0 0 10 3 0 0
97 30 0 0 5 1 0 0 0 0 5 3 0 0
105 10 0 0 0 0 0 5 0 0 0 0 0 0
106 20 0 0 10 0 0 0 0 0 10 2 0 0
107 40 0 0 35 0 0 0 0 0 0 0 0 0
fl=./stdlib/./stdlib/cxa_thread_atexit_impl.c
fn=__call_tls_dtors
148 5 1 1 0 0 0 3 0 0 0 0 0 0
149 4 1 1 2 2 0 0 0 0 1 1 0 0
165 4 1 1 4 0 0 0 0 0 0 0 0 0
fl=./stdlib/./stdlib/divrem.c
fn=__mpn_divrem
46 299502 7 1 0 0 0 149751 5 0 0 0 0 0
47 21393 0 0 0 0 0 21393 0 0 0 0 0 0
49 42786 0 0 0 0 0 0 0 0 21393 83 0 0
62 21393 1 1 21393 0 0 0 0 0 0 0 0 0
63 21393 0 0 21393 0 0 0 0 0 0 0 0 0
65 42786 0 0 0 0 0 0 0 0 21393 967 0 0
67 897 0 0 0 0 0 0 0 0 0 0 0 0
68 1794 5 1 0 0 0 897 0 0 0 0 0 0
72 184418 0 0 0 0 0 0 0 0 38570 4048 0 0
73 51531 1 1 17177 0 0 17177 0 0 0 0 0 0
76 42786 0 0 0 0 0 0 0 0 21393 12 0 0
79 21393 0 0 0 0 0 21393 0 0 0 0 0 0
81 21393 0 0 0 0 0 0 0 0 0 0 0 0
234 192537 1 1 171144 0 0 0 0 0 0 0 0 0
fl=./stdlib/./stdlib/exit.c
fn=__run_exit_handlers
38 12 1 1 0 0 0 8 1 0 0 0 0 0
40 2 0 0 0 0 0 0 0 0 1 1 0 0
41 2 1 1 0 0 0 1 1 0 0 0 0 0
43 5 1 1 1 1 0 0 0 0 1 0 0 0
54 2 0 0 2 1 0 0 0 0 0 0 0 0
56 2 0 0 0 0 0 0 0 0 1 0 0 0
60 1 0 0 0 0 0 1 1 0 0 0 0 0
64 42 0 0 14 1 0 0 0 0 14 2 0 0
66 26 1 1 0 0 0 13 0 0 0 0 0 0
67 13 0 0 13 0 0 0 0 0 0 0 0 0
69 113 0 0 13 2 0 0 0 0 37 5 0 0
94 2 0 0 0 0 0 0 0 0 0 0 0 0
101 2 0 0 0 0 0 2 0 0 0 0 0 0
102 2 1 1 2 0 0 0 0 0 0 0 0 0
103 2 0 0 2 0 0 0 0 0 0 0 0 0
104 6 0 0 2 0 0 0 0 0 0 0 0 0
107 8 0 0 4 0 0 0 0 0 4 0 0 0
108 6 0 0 0 0 0 2 0 0 0 0 2 2
109 8 1 1 2 0 0 0 0 0 2 2 0 0
113 6 1 1 2 0 0 0 0 0 2 2 0 0
119 3 1 1 2 0 0 1 0 0 0 0 0 0
120 2 0 0 0 0 0 0 0 0 1 1 0 0
126 4 1 1 2 0 0 0 0 0 2 1 0 0
128 2 0 0 1 0 0 0 0 0 1 0 0 0
129 2 0 0 0 0 0 1 0 0 0 0 0 0
131 2 0 0 0 0 0 1 0 0 0 0 0 0
fn=exit
137 3 1 1 0 0 0 1 0 0 0 0 0 0
138 4 0 0 0 0 0 1 0 0 0 0 0 0
fl=./stdlib/./stdlib/getenv.c
fn=getenv
24 9 2 2 0 0 0 6 0 0 0 0 0 0
25 8 0 0 3 3 1 0 0 0 2 1 0 0
28 2 0 0 0 0 0 1 0 0 0 0 0 0
29 331 0 0 83 11 0 0 0 0 83 2 0 0
31 164 1 1 82 36 0 0 0 0 82 24 0 0
32 90 0 0 0 0 0 15 0 0 15 3 0 0
37 9 0 0 7 0 0 0 0 0 0 0 0 0
fl=./stdlib/./stdlib/mul.c
fn=__mpn_mul
48 49266 20 2 2898 0 0 20286 29 0 0 0 0 0
54 5796 0 0 0 0 0 0 0 0 2898 0 0 0
66 5796 0 0 0 0 0 0 0 0 2898 2 0 0
71 2898 9 1 2898 0 0 0 0 0 0 0 0 0
72 5796 0 0 0 0 0 0 0 0 2898 0 0 0
81 11592 0 0 5796 0 0 5796 29 0 0 0 0 0
83 2898 0 0 0 0 0 2898 0 0 0 0 0 0
84 2898 0 0 0 0 0 0 0 0 0 0 0 0
88 5796 5 1 0 0 0 0 0 0 2898 2 0 0
141 2898 1 1 0 0 0 2898 0 0 0 0 0 0
142 31878 0 0 26082 0 0 0 0 0 2898 0 0 0
fl=./stdlib/./stdlib/secure-getenv.c
fn=secure_getenv
28 1 1 1 0 0 0 0 0 0 0 0 0 0
29 5 0 0 2 2 0 0 0 0 1 0 0 0
fl=./stdlib/./stdlib/strtod_l.c
fn=____strtod_l_internal
508 8772 2 1 0 0 0 5848 22 0 0 0 0 0
514 731 0 0 0 0 0 731 0 0 0 0 0 0
553 731 0 0 0 0 0 0 0 0 0 0 0 0
561 2193 279 1 1462 327 0 731 0 0 0 0 0 0
563 1462 0 0 0 0 0 0 0 0 731 0 0 0
587 731 0 0 0 0 0 731 2 0 0 0 0 0
595 1462 0 0 731 39 0 731 0 0 0 0 0 0
596 2193 711 1 0 0 0 1462 20 0 0 0 0 0
597 2193 0 0 731 0 0 0 0 0 731 0 0 0
601 731 0 0 0 0 0 731 0 0 0 0 0 0
602 731 0 0 0 0 0 731 0 0 0 0 0 0
607 731 0 0 0 0 0 0 0 0 0 0 0 0
610 2924 0 0 731 0 0 0 0 0 0 0 0 0
611 3655 0 0 2193 205 0 0 0 0 731 0 0 0
614 1462 2 1 0 0 0 0 0 0 731 1 0 0
619 1462 0 0 0 0 0 0 0 0 731 1 0 0
632 4386 0 0 731 0 0 0 0 0 731 0 0 0
633 1462 2 1 731 0 0 0 0 0 731 14 0 0
641 2193 0 0 0 0 0 0 0 0 731 28 0 0
689 1462 0 0 0 0 0 0 0 0 731 277 0 0
708 3655 2 1 731 0 0 731 0 0 731 0 0 0
732 1462 0 0 1462 0 0 0 0 0 0 0 0 0
775 10309 0 0 0 0 0 0 0 0 2760 189 0 0
776 1462 0 0 731 0 0 0 0 0 731 0 0 0
779 4058 3 1 0 0 0 0 0 0 0 0 0 0
788 1462 0 0 0 0 0 0 0 0 731 15 0 0
801 4058 0 0 2029 0 0 0 0 0 0 0 0 0
804 2924 13 1 731 0 0 0 0 0 1462 3 0 0
846 1462 0 0 0 0 0 0 0 0 0 0 0 0
855 5848 0 0 731 0 0 0 0 0 1462 2 0 0
856 1462 0 0 731 0 0 0 0 0 731 2 0 0
862 2193 1 1 1462 0 0 0 0 0 0 0 0 0
863 731 0 0 731 0 0 0 0 0 0 0 0 0
864 3655 13 1 0 0 0 0 0 0 731 2 0 0
865 8041 2 1 0 0 0 0 0 0 2193 4 0 0
868 2924 3 1 0 0 0 0 0 0 1462 12 0 0
870 1462 0 0 0 0 0 0 0 0 0 0 0 0
871 1462 0 0 1462 0 0 0 0 0 0 0 0 0
874 1462 0 0 0 0 0 0 0 0 731 1 0 0
877 128 0 0 0 0 0 0 0 0 0 0 0 0
880 2193 0 0 2193 90 1 0 0 0 0 0 0 0
881 1462 0 0 0 0 0 0 0 0 0 0 0 0
882 3655 711 1 731 0 0 0 0 0 1462 0 0 0
980 1462 13 1 0 0 0 0 0 0 0 0 0 0
1013 1462 0 0 0 0 0 0 0 0 731 9 0 0
1015 1672 0 0 804 0 0 0 0 0 804 85 0 0
1017 73 0 0 0 0 0 0 0 0 0 0 0 0
1018 64 0 0 0 0 0 0 0 0 0 0 0 0
1020 192 0 0 0 0 0 0 0 0 64 14 0 0
1023 274 0 0 0 0 0 0 0 0 73 2 0 0
1042 2193 6 2 731 0 0 0 0 0 731 2 0 0
1043 731 0 0 0 0 0 731 0 0 0 0 0 0
1045 110 0 0 0 0 0 0 0 0 55 0 0 0
1048 1462 0 0 0 0 0 0 0 0 731 29 0 0
1072 1462 24 1 731 0 0 0 0 0 0 0 0 0
1081 1462 13 1 731 0 0 0 0 0 731 5 0 0
1175 7310 1 1 0 0 0 0 0 0 0 0 0 0
1176 731 0 0 0 0 0 0 0 0 0 0 0 0
1177 2193 2 1 0 0 0 731 0 0 0 0 0 0
1180 2924 0 0 0 0 0 0 0 0 731 0 0 0
1192 1462 0 0 0 0 0 0 0 0 731 1 0 0
1195 1462 0 0 0 0 0 0 0 0 731 6 0 0
1198 10234 10 2 1462 0 0 5117 11 0 0 0 0 0
1204 4386 0 0 2924 0 0 0 0 0 731 2 0 0
1224 731 0 0 731 0 0 0 0 0 0 0 0 0
1248 2193 9 1 731 0 0 0 0 0 0 0 0 0
1249 2924 12 1 0 0 0 731 0 0 0 0 0 0
1253 1462 0 0 0 0 0 0 0 0 731 4 0 0
1259 1462 0 0 0 0 0 0 0 0 731 0 0 0
1291 1462 0 0 0 0 0 0 0 0 731 9 0 0
1294 63 2 1 0 0 0 0 0 0 0 0 0 0
1296 27 0 0 0 0 0 0 0 0 9 0 0 0
1298 45 0 0 0 0 0 0 0 0 0 0 0 0
1306 45 0 0 9 0 0 9 0 0 0 0 0 0
1310 18 0 0 0 0 0 0 0 0 9 2 0 0
1325 72 4 1 9 0 0 9 0 0 0 0 0 0
1330 722 0 0 0 0 0 0 0 0 0 0 0 0
1353 1444 13 1 0 0 0 722 0 0 0 0 0 0
1354 1444 0 0 722 0 0 722 0 0 0 0 0 0
1355 722 12 1 0 0 0 0 0 0 0 0 0 0
1357 4332 0 0 722 0 0 0 0 0 1444 0 0 0
1366 1444 0 0 0 0 0 0 0 0 722 8 0 0
1369 2166 2 1 722 0 0 0 0 0 722 0 0 0
1370 3610 0 0 722 0 0 0 0 0 0 0 0 0
1399 2166 2 1 0 0 0 0 0 0 0 0 0 0
1402 6498 0 0 0 0 0 722 0 0 722 0 0 0
1410 3610 0 0 0 0 0 722 0 0 0 0 0 0
1413 722 0 0 0 0 0 0 0 0 0 0 0 0
1414 722 0 0 0 0 0 0 0 0 0 0 0 0
1417 2778 15 1 0 0 0 0 0 0 1389 69 0 0
1420 722 0 0 0 0 0 0 0 0 0 0 0 0
1422 1444 0 0 0 0 0 0 0 0 722 4 0 0
1424 1444 0 0 722 299 1 0 0 0 0 0 0 0
1425 2166 0 0 722 320 1 0 0 0 0 0 0 0
1430 4332 0 0 0 0 0 1444 0 0 0 0 0 0
1440 1389 0 0 0 0 0 0 0 0 0 0 0 0
1441 1389 0 0 0 0 0 0 0 0 0 0 0 0
1443 2778 0 0 0 0 0 0 0 0 1389 4 0 0
1445 3610 28 2 2166 0 0 0 0 0 722 0 0 0
1449 6498 2 1 4332 0 0 1444 0 0 0 0 0 0
1466 3610 0 0 722 0 0 722 0 0 0 0 0 0
1468 2888 0 0 1444 0 0 0 0 0 722 4 0 0
1472 3610 41 1 722 0 0 722 0 0 0 0 0 0
1473 4332 0 0 1444 0 0 722 0 0 0 0 0 0
1474 1444 0 0 0 0 0 0 0 0 722 2 0 0
1485 2166 1 1 722 0 0 1444 0 0 0 0 0 0
1487 1444 0 0 0 0 0 0 0 0 722 25 0 0
1494 722 2 1 722 0 0 0 0 0 0 0 0 0
1495 722 0 0 722 0 0 0 0 0 0 0 0 0
1496 4332 13 1 0 0 0 0 0 0 722 0 0 0
1500 6498 0 0 722 0 0 0 0 0 722 2 0 0
1538 15162 580 3 2888 0 0 722 0 0 1444 1 0 0
1540 722 0 0 0 0 0 0 0 0 0 0 0 0
1542 6498 10 1 1444 0 0 722 0 0 0 0 0 0
1543 1444 0 0 0 0 0 0 0 0 0 0 0 0
1544 1444 0 0 0 0 0 0 0 0 0 0 0 0
1770 8041 2 1 6579 0 0 0 0 0 731 7 0 0
fn=round_and_return
215 11696 10 1 731 0 0 5117 0 0 0 0 0 0
218 1462 0 0 0 0 0 0 0 0 731 4 0 0
226 731 0 0 0 0 0 0 0 0 0 0 0 0
233 731 0 0 731 0 0 0 0 0 0 0 0 0
313 1462 708 1 0 0 0 0 0 0 731 0 0 0
316 1462 15 1 731 0 0 731 39 0 0 0 0 0
319 1607 0 0 0 0 0 0 0 0 731 25 0 0
320 1462 0 0 0 0 0 0 0 0 0 0 0 0
328 718 0 0 0 0 0 0 0 0 359 0 0 0
338 718 0 0 0 0 0 0 0 0 359 2 0 0
350 1853 0 0 0 0 0 0 0 0 388 2 0 0
352 1404 6 1 1404 508 2 0 0 0 0 0 0 0
355 5175 7 1 1462 0 0 0 0 0 731 2 0 0
356 5117 0 0 4386 0 0 0 0 0 0 0 0 0
fn=str_to_mpn.isra.0
365 14530 11 1 1453 0 0 10171 12 0 0 0 0 0
374 2906 0 0 0 0 0 0 0 0 0 0 0 0
375 1453 0 0 0 0 0 0 0 0 0 0 0 0
378 1453 0 0 0 0 0 1453 0 0 0 0 0 0
379 8718 12 1 0 0 0 0 0 0 1453 22 0 0
382 6836 10 1 0 0 0 0 0 0 3418 8 0 0
413 13672 0 0 3418 0 0 0 0 0 3418 8 0 0
416 1444 0 0 0 0 0 0 0 0 722 13 0 0
423 722 0 0 0 0 0 0 0 0 0 0 0 0
426 10976 0 0 722 0 0 0 0 0 0 0 0 0
427 6836 0 0 0 0 0 0 0 0 0 0 0 0
429 6836 0 0 0 0 0 0 0 0 3418 692 0 0
431 5812 10 1 2906 0 0 0 0 0 1453 7 0 0
438 4359 0 0 1453 72 1 0 0 0 0 0 0 0
440 4359 0 0 1453 0 0 0 0 0 1453 4 0 0
442 1453 0 0 0 0 0 1453 1 0 0 0 0 0
443 1453 41 1 0 0 0 1453 0 0 0 0 0 0
458 13077 0 0 10171 0 0 0 0 0 0 0 0 0
fn=strtod_l
1782 1462 711 1 0 0 0 0 0 0 0 0 0 0
1783 1462 0 0 0 0 0 0 0 0 0 0 0 0
fl=./string/../include/rtld-malloc.h
fn=strdup
56 12 0 0 6 0 0 6 0 0 0 0 6 1
fl=./string/../string/strcspn.c
fn=strcspn
32 6 1 1 0 0 0 2 0 0 0 0 0 0
33 3 0 0 1 1 1 0 0 0 1 0 0 0
34 2 0 0 1 0 0 0 0 0 1 0 0 0
39 6 0 0 0 0 0 4 2 2 0 0 0 0
40 4 1 1 0 0 0 4 1 1 0 0 0 0
41 4 0 0 0 0 0 4 1 1 0 0 0 0
42 4 0 0 0 0 0 4 0 0 0 0 0 0
44 1 0 0 0 0 0 0 0 0 0 0 0 0
47 9 1 1 3 0 0 3 0 0 0 0 0 0
48 6 0 0 0 0 0 0 0 0 3 2 0 0
51 4 0 0 2 0 0 0 0 0 1 0 0 0
52 4 0 0 2 0 0 0 0 0 1 0 0 0
53 4 1 1 2 0 0 0 0 0 1 0 0 0
54 4 0 0 2 0 0 0 0 0 1 0 0 0
56 3 0 0 0 0 0 0 0 0 0 0 0 0
61 13 0 0 0 0 0 0 0 0 0 0 0 0
62 26 0 0 26 0 0 0 0 0 0 0 0 0
63 26 1 1 26 0 0 0 0 0 0 0 0 0
64 26 0 0 26 0 0 0 0 0 0 0 0 0
65 13 0 0 13 0 0 0 0 0 0 0 0 0
67 78 0 0 13 0 0 0 0 0 13 10 0 0
69 1 0 0 0 0 0 0 0 0 0 0 0 0
70 4 0 0 0 0 0 0 0 0 1 0 0 0
71 3 0 0 3 0 0 0 0 0 0 0 0 0
fl=./string/../sysdeps/x86/cacheinfo.c
fn=__x86_cacheinfo
86 1 1 1 0 0 0 0 0 0 0 0 0 0
fl=./string/../sysdeps/x86/cacheinfo.h
fn=__x86_cacheinfo
59 1 0 0 1 1 0 0 0 0 0 0 0 0
62 3 1 1 1 1 0 0 0 0 1 0 0 0
64 3 0 0 0 0 0 1 0 0 0 0 0 0
65 1 0 0 0 0 0 1 1 1 0 0 0 0
71 3 0 0 1 0 0 0 0 0 1 0 0 0
73 3 1 1 0 0 0 1 0 0 0 0 0 0
74 1 0 0 0 0 0 1 0 0 0 0 0 0
78 2 0 0 1 0 0 1 1 1 0 0 0 0
80 2 0 0 1 0 0 1 0 0 0 0 0 0
81 2 0 0 1 0 0 1 0 0 0 0 0 0
82 2 0 0 1 0 0 1 0 0 0 0 0 0
84 2 1 1 1 1 0 0 0 0 1 1 0 0
86 2 0 0 1 0 0 0 0 0 0 0 0 0
fl=./string/../sysdeps/x86_64/multiarch/../multiarch/memcmp-sse2.S
fn=bcmp
59 1 1 1 0 0 0 0 0 0 0 0 0 0
71 1 0 0 0 0 0 0 0 0 0 0 0 0
72 1 0 0 0 0 0 0 0 0 1 0 0 0
94 1 0 0 0 0 0 0 0 0 0 0 0 0
95 1 0 0 0 0 0 0 0 0 1 1 0 0
140 1 1 1 1 0 0 0 0 0 0 0 0 0
141 1 0 0 1 0 0 0 0 0 0 0 0 0
143 1 0 0 0 0 0 0 0 0 0 0 0 0
144 1 0 0 0 0 0 0 0 0 1 0 0 0
146 1 0 0 1 0 0 0 0 0 0 0 0 0
147 1 0 0 1 0 0 0 0 0 0 0 0 0
149 1 0 0 0 0 0 0 0 0 0 0 0 0
150 1 0 0 0 0 0 0 0 0 1 1 0 0
197 1 0 0 0 0 0 0 0 0 0 0 0 0
198 1 0 0 0 0 0 0 0 0 0 0 0 0
199 1 0 0 0 0 0 0 0 0 0 0 0 0
200 1 0 0 0 0 0 0 0 0 0 0 0 0
201 1 0 0 0 0 0 0 0 0 0 0 0 0
202 1 0 0 1 0 0 0 0 0 0 0 0 0
fl=./string/../sysdeps/x86_64/multiarch/../multiarch/memset-vec-unaligned-erms.S
fn=memset
132 12 1 1 0 0 0 0 0 0 0 0 0 0
133 60 0 0 0 0 0 0 0 0 0 0 0 0
138 12 0 0 0 0 0 0 0 0 0 0 0 0
139 12 0 0 0 0 0 0 0 0 12 7 0 0
142 5 0 0 0 0 0 0 0 0 0 0 0 0
143 5 0 0 0 0 0 0 0 0 5 3 0 0
145 1 0 0 0 0 0 1 1 1 0 0 0 0
146 1 0 0 0 0 0 1 0 0 0 0 0 0
147 1 0 0 1 0 0 0 0 0 0 0 0 0
244 4 1 1 0 0 0 4 3 3 0 0 0 0
245 4 0 0 0 0 0 4 0 0 0 0 0 0
257 4 0 0 0 0 0 0 0 0 0 0 0 0
260 4 0 0 0 0 0 0 0 0 0 0 0 0
261 4 0 0 0 0 0 0 0 0 4 0 0 0
273 4 0 0 0 0 0 4 2 2 0 0 0 0
274 4 0 0 0 0 0 4 2 2 0 0 0 0
287 4 0 0 0 0 0 0 0 0 0 0 0 0
288 4 0 0 0 0 0 0 0 0 0 0 0 0
290 4 0 0 0 0 0 0 0 0 4 1 0 0
293 3 0 0 0 0 0 0 0 0 0 0 0 0
296 6 0 0 0 0 0 0 0 0 0 0 0 0
299 93 0 0 0 0 0 93 34 34 0 0 0 0
300 93 0 0 0 0 0 93 0 0 0 0 0 0
301 93 0 0 0 0 0 93 52 52 0 0 0 0
302 93 0 0 0 0 0 93 6 6 0 0 0 0
303 93 0 0 0 0 0 0 0 0 0 0 0 0
304 93 0 0 0 0 0 0 0 0 0 0 0 0
305 93 0 0 0 0 0 0 0 0 93 18 0 0
308 4 0 0 0 0 0 4 1 1 0 0 0 0
309 4 0 0 0 0 0 4 0 0 0 0 0 0
310 4 0 0 0 0 0 4 0 0 0 0 0 0
311 4 0 0 0 0 0 4 0 0 0 0 0 0
316 4 0 0 4 0 0 0 0 0 0 0 0 0
350 7 1 1 0 0 0 0 0 0 0 0 0 0
352 7 0 0 0 0 0 0 0 0 0 0 0 0
353 7 0 0 0 0 0 0 0 0 7 6 0 0
392 7 1 1 0 0 0 7 2 2 0 0 0 0
393 7 0 0 0 0 0 7 1 1 0 0 0 0
395 7 0 0 7 0 0 0 0 0 0 0 0 0
fl=./string/../sysdeps/x86_64/multiarch/../multiarch/strchr-sse2.S
fn=index
32 28 1 1 0 0 0 0 0 0 0 0 0 0
33 28 0 0 0 0 0 0 0 0 0 0 0 0
34 28 0 0 0 0 0 0 0 0 0 0 0 0
35 28 0 0 0 0 0 0 0 0 0 0 0 0
36 28 1 1 0 0 0 0 0 0 0 0 0 0
37 28 0 0 0 0 0 0 0 0 0 0 0 0
38 28 0 0 0 0 0 0 0 0 0 0 0 0
39 28 0 0 0 0 0 0 0 0 0 0 0 0
40 28 0 0 0 0 0 0 0 0 28 0 0 0
41 28 0 0 28 4 4 0 0 0 0 0 0 0
42 28 0 0 0 0 0 0 0 0 0 0 0 0
43 28 0 0 0 0 0 0 0 0 0 0 0 0
44 28 0 0 0 0 0 0 0 0 0 0 0 0
45 28 0 0 0 0 0 0 0 0 0 0 0 0
46 28 0 0 0 0 0 0 0 0 0 0 0 0
47 28 0 0 0 0 0 0 0 0 0 0 0 0
48 28 0 0 0 0 0 0 0 0 0 0 0 0
49 28 0 0 0 0 0 0 0 0 28 5 0 0
50 23 0 0 0 0 0 0 0 0 0 0 0 0
54 23 0 0 0 0 0 0 0 0 0 0 0 0
55 23 1 1 0 0 0 0 0 0 0 0 0 0
56 23 0 0 23 0 0 0 0 0 0 0 0 0
57 23 0 0 0 0 0 0 0 0 0 0 0 0
59 23 0 0 23 0 0 0 0 0 0 0 0 0
63 5 0 0 5 1 1 0 0 0 0 0 0 0
64 5 0 0 0 0 0 0 0 0 0 0 0 0
65 5 0 0 0 0 0 0 0 0 0 0 0 0
66 5 0 0 0 0 0 0 0 0 0 0 0 0
67 5 0 0 0 0 0 0 0 0 0 0 0 0
68 5 0 0 0 0 0 0 0 0 0 0 0 0
69 5 0 0 5 1 1 0 0 0 0 0 0 0
70 5 0 0 0 0 0 0 0 0 0 0 0 0
71 5 0 0 0 0 0 0 0 0 0 0 0 0
72 5 0 0 0 0 0 0 0 0 0 0 0 0
73 5 0 0 0 0 0 0 0 0 0 0 0 0
74 5 1 1 0 0 0 0 0 0 0 0 0 0
75 5 0 0 0 0 0 0 0 0 0 0 0 0
76 5 0 0 5 0 0 0 0 0 0 0 0 0
77 5 0 0 0 0 0 0 0 0 0 0 0 0
78 5 0 0 0 0 0 0 0 0 0 0 0 0
79 5 0 0 0 0 0 0 0 0 0 0 0 0
80 5 0 0 0 0 0 0 0 0 0 0 0 0
81 5 0 0 0 0 0 0 0 0 0 0 0 0
82 5 0 0 0 0 0 0 0 0 0 0 0 0
83 5 0 0 0 0 0 0 0 0 0 0 0 0
84 5 0 0 0 0 0 0 0 0 0 0 0 0
85 5 0 0 0 0 0 0 0 0 0 0 0 0
86 5 0 0 0 0 0 0 0 0 5 4 0 0
138 5 1 1 0 0 0 0 0 0 0 0 0 0
142 5 0 0 0 0 0 0 0 0 0 0 0 0
143 5 0 0 0 0 0 0 0 0 0 0 0 0
144 5 0 0 5 0 0 0 0 0 0 0 0 0
145 5 0 0 0 0 0 0 0 0 0 0 0 0
147 5 0 0 5 0 0 0 0 0 0 0 0 0
fl=./string/../sysdeps/x86_64/multiarch/../multiarch/strcmp-sse2.S
fn=strcmp
98 2394 3 1 0 0 0 0 0 0 0 0 0 0
131 2394 0 0 0 0 0 0 0 0 0 0 0 0
132 2394 0 0 0 0 0 0 0 0 0 0 0 0
134 2394 0 0 0 0 0 0 0 0 0 0 0 0
135 2394 0 0 0 0 0 0 0 0 0 0 0 0
156 2394 0 0 0 0 0 0 0 0 0 0 0 0
157 2394 0 0 0 0 0 0 0 0 2278 140 0 0
158 2239 0 0 0 0 0 0 0 0 0 0 0 0
159 2239 0 0 0 0 0 0 0 0 2239 65 0 0
160 2143 0 0 2143 123 54 0 0 0 0 0 0 0
161 2143 4 1 2143 25 10 0 0 0 0 0 0 0
162 2143 0 0 2143 0 0 0 0 0 0 0 0 0
163 2143 0 0 2143 0 0 0 0 0 0 0 0 0
180 2143 0 0 0 0 0 0 0 0 0 0 0 0
181 2143 0 0 0 0 0 0 0 0 0 0 0 0
182 2143 0 0 0 0 0 0 0 0 0 0 0 0
183 2143 0 0 0 0 0 0 0 0 0 0 0 0
184 2143 0 0 0 0 0 0 0 0 0 0 0 0
185 2143 0 0 0 0 0 0 0 0 0 0 0 0
186 2143 0 0 0 0 0 0 0 0 2143 92 0 0
191 38 0 0 0 0 0 0 0 0 0 0 0 0
192 114 0 0 0 0 0 0 0 0 0 0 0 0
201 289 2 1 0 0 0 0 0 0 0 0 0 0
202 289 0 0 0 0 0 0 0 0 0 0 0 0
203 289 0 0 0 0 0 0 0 0 0 0 0 0
204 289 0 0 0 0 0 0 0 0 0 0 0 0
205 289 0 0 0 0 0 0 0 0 0 0 0 0
206 289 0 0 0 0 0 0 0 0 0 0 0 0
207 289 0 0 0 0 0 0 0 0 0 0 0 0
208 289 0 0 0 0 0 0 0 0 289 13 0 0
209 208 0 0 0 0 0 0 0 0 208 98 0 0
210 89 0 0 0 0 0 0 0 0 0 0 0 0
211 89 0 0 0 0 0 0 0 0 0 0 0 0
212 89 0 0 0 0 0 0 0 0 0 0 0 0
214 208 0 0 0 0 0 0 0 0 0 0 0 0
215 208 0 0 0 0 0 0 0 0 0 0 0 0
216 208 0 0 0 0 0 0 0 0 0 0 0 0
217 208 0 0 208 8 2 0 0 0 0 0 0 0
218 208 0 0 0 0 0 0 0 0 0 0 0 0
219 208 0 0 0 0 0 0 0 0 0 0 208 144
229 81 2 1 81 17 3 0 0 0 0 0 0 0
230 81 0 0 0 0 0 0 0 0 0 0 0 0
231 81 0 0 0 0 0 0 0 0 0 0 0 0
233 81 0 0 81 0 0 0 0 0 0 0 0 0
239 81 0 0 0 0 0 0 0 0 0 0 0 0
240 81 0 0 0 0 0 0 0 0 0 0 0 0
241 81 0 0 0 0 0 0 0 0 0 0 0 0
242 81 0 0 0 0 0 0 0 0 0 0 0 0
243 81 0 0 0 0 0 0 0 0 0 0 0 0
248 81 0 0 0 0 0 0 0 0 81 6 0 0
250 74 0 0 0 0 0 0 0 0 0 0 0 0
251 74 0 0 0 0 0 0 0 0 0 0 0 0
252 148 0 0 0 0 0 0 0 0 0 0 0 0
260 75 2 1 75 16 1 0 0 0 0 0 0 0
261 75 0 0 75 0 0 0 0 0 0 0 0 0
264 75 0 0 0 0 0 0 0 0 0 0 0 0
265 75 0 0 0 0 0 0 0 0 0 0 0 0
266 75 0 0 0 0 0 0 0 0 0 0 0 0
267 75 0 0 0 0 0 0 0 0 0 0 0 0
268 75 0 0 0 0 0 0 0 0 0 0 0 0
269 75 0 0 0 0 0 0 0 0 75 3 0 0
275 1 0 0 0 0 0 0 0 0 0 0 0 0
276 1 0 0 1 0 0 0 0 0 0 0 0 0
277 1 0 0 1 1 1 0 0 0 0 0 0 0
280 1 0 0 0 0 0 0 0 0 0 0 0 0
281 1 0 0 0 0 0 0 0 0 0 0 0 0
282 1 0 0 0 0 0 0 0 0 0 0 0 0
283 1 1 1 0 0 0 0 0 0 0 0 0 0
284 1 0 0 0 0 0 0 0 0 0 0 0 0
285 1 0 0 0 0 0 0 0 0 1 0 0 0
290 1 0 0 0 0 0 0 0 0 0 0 0 0
291 1 0 0 0 0 0 0 0 0 0 0 0 0
300 6 0 0 0 0 0 0 0 0 0 0 0 0
301 6 0 0 6 0 0 0 0 0 0 0 0 0
302 6 0 0 6 1 1 0 0 0 0 0 0 0
303 6 0 0 0 0 0 0 0 0 0 0 0 0
304 6 0 0 0 0 0 0 0 0 0 0 0 0
306 6 0 0 0 0 0 0 0 0 0 0 0 0
307 6 0 0 0 0 0 0 0 0 0 0 0 0
308 6 1 1 0 0 0 0 0 0 0 0 0 0
309 6 0 0 0 0 0 0 0 0 0 0 0 0
310 6 0 0 0 0 0 0 0 0 0 0 0 0
311 6 0 0 0 0 0 0 0 0 0 0 0 0
312 6 0 0 0 0 0 0 0 0 6 1 0 0
313 6 0 0 6 0 0 0 0 0 0 0 0 0
316 6 0 0 0 0 0 0 0 0 0 0 0 0
317 6 0 0 0 0 0 0 0 0 0 0 0 0
318 6 0 0 0 0 0 0 0 0 0 0 0 0
324 6 0 0 0 0 0 0 0 0 0 0 0 0
325 6 0 0 0 0 0 0 0 0 0 0 0 0
326 12 0 0 0 0 0 0 0 0 0 0 0 0
330 6 1 1 0 0 0 0 0 0 0 0 0 0
331 6 0 0 0 0 0 0 0 0 6 0 0 0
334 6 0 0 6 0 0 0 0 0 0 0 0 0
335 6 0 0 6 0 0 0 0 0 0 0 0 0
336 6 0 0 0 0 0 0 0 0 0 0 0 0
338 6 0 0 0 0 0 0 0 0 0 0 0 0
339 6 0 0 0 0 0 0 0 0 0 0 0 0
340 6 0 0 0 0 0 0 0 0 0 0 0 0
344 6 0 0 0 0 0 0 0 0 0 0 0 0
345 6 0 0 0 0 0 0 0 0 0 0 0 0
346 6 0 0 0 0 0 0 0 0 0 0 0 0
347 6 0 0 0 0 0 0 0 0 0 0 0 0
348 6 0 0 0 0 0 0 0 0 0 0 0 0
349 6 1 1 0 0 0 0 0 0 6 3 0 0
424 1 1 1 0 0 0 0 0 0 0 0 0 0
425 1 0 0 1 0 0 0 0 0 0 0 0 0
426 1 0 0 1 1 1 0 0 0 0 0 0 0
427 1 0 0 0 0 0 0 0 0 0 0 0 0
428 1 0 0 0 0 0 0 0 0 0 0 0 0
430 1 0 0 0 0 0 0 0 0 0 0 0 0
431 1 0 0 0 0 0 0 0 0 0 0 0 0
432 1 1 1 0 0 0 0 0 0 0 0 0 0
433 1 0 0 0 0 0 0 0 0 0 0 0 0
434 1 0 0 0 0 0 0 0 0 0 0 0 0
435 1 0 0 0 0 0 0 0 0 0 0 0 0
436 1 0 0 0 0 0 0 0 0 1 0 0 0
437 1 0 0 1 0 0 0 0 0 0 0 0 0
440 1 0 0 0 0 0 0 0 0 0 0 0 0
441 1 0 0 0 0 0 0 0 0 0 0 0 0
442 1 0 0 0 0 0 0 0 0 0 0 0 0
448 1 0 0 0 0 0 0 0 0 0 0 0 0
449 1 0 0 0 0 0 0 0 0 0 0 0 0
450 2 0 0 0 0 0 0 0 0 0 0 0 0
454 1 1 1 0 0 0 0 0 0 0 0 0 0
455 1 0 0 0 0 0 0 0 0 1 0 0 0
458 1 0 0 1 1 0 0 0 0 0 0 0 0
459 1 0 0 1 0 0 0 0 0 0 0 0 0
460 1 0 0 0 0 0 0 0 0 0 0 0 0
462 1 0 0 0 0 0 0 0 0 0 0 0 0
463 1 0 0 0 0 0 0 0 0 0 0 0 0
464 1 0 0 0 0 0 0 0 0 0 0 0 0
468 1 0 0 0 0 0 0 0 0 0 0 0 0
469 1 0 0 0 0 0 0 0 0 0 0 0 0
470 1 0 0 0 0 0 0 0 0 0 0 0 0
471 1 0 0 0 0 0 0 0 0 0 0 0 0
472 1 0 0 0 0 0 0 0 0 0 0 0 0
473 1 1 1 0 0 0 0 0 0 1 1 0 0
542 1 1 1 0 0 0 0 0 0 0 0 0 0
543 1 0 0 1 1 1 0 0 0 0 0 0 0
544 1 0 0 1 0 0 0 0 0 0 0 0 0
545 1 0 0 0 0 0 0 0 0 0 0 0 0
546 1 0 0 0 0 0 0 0 0 0 0 0 0
548 1 0 0 0 0 0 0 0 0 0 0 0 0
549 1 0 0 0 0 0 0 0 0 0 0 0 0
550 1 1 1 0 0 0 0 0 0 0 0 0 0
551 1 0 0 0 0 0 0 0 0 0 0 0 0
552 1 0 0 0 0 0 0 0 0 0 0 0 0
553 1 0 0 0 0 0 0 0 0 0 0 0 0
554 1 0 0 0 0 0 0 0 0 1 0 0 0
555 1 0 0 1 0 0 0 0 0 0 0 0 0
559 1 0 0 0 0 0 0 0 0 0 0 0 0
560 1 0 0 0 0 0 0 0 0 0 0 0 0
561 1 0 0 0 0 0 0 0 0 0 0 0 0
567 1 0 0 0 0 0 0 0 0 0 0 0 0
568 1 0 0 0 0 0 0 0 0 0 0 0 0
569 2 0 0 0 0 0 0 0 0 0 0 0 0
573 2 1 1 0 0 0 0 0 0 0 0 0 0
574 2 0 0 0 0 0 0 0 0 2 0 0 0
577 2 0 0 2 0 0 0 0 0 0 0 0 0
578 2 0 0 2 1 1 0 0 0 0 0 0 0
579 2 0 0 0 0 0 0 0 0 0 0 0 0
581 2 0 0 0 0 0 0 0 0 0 0 0 0
582 2 0 0 0 0 0 0 0 0 0 0 0 0
583 2 0 0 0 0 0 0 0 0 0 0 0 0
587 2 0 0 0 0 0 0 0 0 0 0 0 0
588 2 0 0 0 0 0 0 0 0 0 0 0 0
589 2 0 0 0 0 0 0 0 0 0 0 0 0
590 2 0 0 0 0 0 0 0 0 0 0 0 0
591 2 0 0 0 0 0 0 0 0 0 0 0 0
592 2 1 1 0 0 0 0 0 0 2 2 0 0
599 2 0 0 0 0 0 0 0 0 0 0 0 0
600 2 0 0 0 0 0 0 0 0 0 0 0 0
602 2 0 0 0 0 0 0 0 0 0 0 0 0
603 2 0 0 0 0 0 0 0 0 2 0 0 0
605 2 0 0 2 0 0 0 0 0 0 0 0 0
606 2 0 0 2 0 0 0 0 0 0 0 0 0
607 2 0 0 0 0 0 0 0 0 0 0 0 0
609 2 0 0 0 0 0 0 0 0 0 0 0 0
610 2 0 0 0 0 0 0 0 0 0 0 0 0
611 2 0 0 0 0 0 0 0 0 0 0 0 0
615 2 0 0 0 0 0 0 0 0 0 0 0 0
616 2 0 0 0 0 0 0 0 0 0 0 0 0
617 2 0 0 0 0 0 0 0 0 0 0 0 0
618 2 0 0 0 0 0 0 0 0 0 0 0 0
619 2 1 1 0 0 0 0 0 0 0 0 0 0
620 2 0 0 0 0 0 0 0 0 2 1 0 0
627 1 0 0 0 0 0 0 0 0 0 0 0 0
628 1 0 0 0 0 0 0 0 0 0 0 0 0
629 1 0 0 0 0 0 0 0 0 0 0 0 0
661 2 1 1 0 0 0 0 0 0 0 0 0 0
662 2 0 0 2 1 0 0 0 0 0 0 0 0
663 2 0 0 2 0 0 0 0 0 0 0 0 0
664 2 0 0 0 0 0 0 0 0 0 0 0 0
665 2 0 0 0 0 0 0 0 0 0 0 0 0
667 2 0 0 0 0 0 0 0 0 0 0 0 0
668 2 0 0 0 0 0 0 0 0 0 0 0 0
669 2 1 1 0 0 0 0 0 0 0 0 0 0
670 2 0 0 0 0 0 0 0 0 0 0 0 0
671 2 0 0 0 0 0 0 0 0 0 0 0 0
672 2 0 0 0 0 0 0 0 0 0 0 0 0
673 2 0 0 0 0 0 0 0 0 2 1 0 0
674 1 0 0 1 0 0 0 0 0 0 0 0 0
678 1 0 0 0 0 0 0 0 0 0 0 0 0
679 1 0 0 0 0 0 0 0 0 0 0 0 0
680 1 0 0 0 0 0 0 0 0 0 0 0 0
686 1 0 0 0 0 0 0 0 0 0 0 0 0
687 1 0 0 0 0 0 0 0 0 0 0 0 0
688 2 0 0 0 0 0 0 0 0 0 0 0 0
692 1 1 1 0 0 0 0 0 0 0 0 0 0
693 1 0 0 0 0 0 0 0 0 1 0 0 0
696 1 0 0 1 0 0 0 0 0 0 0 0 0
697 1 0 0 1 0 0 0 0 0 0 0 0 0
698 1 0 0 0 0 0 0 0 0 0 0 0 0
700 1 0 0 0 0 0 0 0 0 0 0 0 0
701 1 0 0 0 0 0 0 0 0 0 0 0 0
702 1 0 0 0 0 0 0 0 0 0 0 0 0
706 1 0 0 0 0 0 0 0 0 0 0 0 0
707 1 0 0 0 0 0 0 0 0 0 0 0 0
708 1 0 0 0 0 0 0 0 0 0 0 0 0
709 1 0 0 0 0 0 0 0 0 0 0 0 0
710 1 0 0 0 0 0 0 0 0 0 0 0 0
711 1 1 1 0 0 0 0 0 0 1 1 0 0
780 5 1 1 0 0 0 0 0 0 0 0 0 0
781 5 0 0 5 1 1 0 0 0 0 0 0 0
782 5 0 0 5 0 0 0 0 0 0 0 0 0
783 5 0 0 0 0 0 0 0 0 0 0 0 0
784 5 0 0 0 0 0 0 0 0 0 0 0 0
786 5 0 0 0 0 0 0 0 0 0 0 0 0
787 5 0 0 0 0 0 0 0 0 0 0 0 0
788 5 1 1 0 0 0 0 0 0 0 0 0 0
789 5 0 0 0 0 0 0 0 0 0 0 0 0
790 5 0 0 0 0 0 0 0 0 0 0 0 0
791 5 0 0 0 0 0 0 0 0 0 0 0 0
792 5 0 0 0 0 0 0 0 0 5 1 0 0
793 4 0 0 4 0 0 0 0 0 0 0 0 0
797 4 0 0 0 0 0 0 0 0 0 0 0 0
798 4 0 0 0 0 0 0 0 0 0 0 0 0
799 4 0 0 0 0 0 0 0 0 0 0 0 0
805 4 0 0 0 0 0 0 0 0 0 0 0 0
806 4 0 0 0 0 0 0 0 0 0 0 0 0
807 8 0 0 0 0 0 0 0 0 0 0 0 0
811 7 1 1 0 0 0 0 0 0 0 0 0 0
812 7 0 0 0 0 0 0 0 0 7 0 0 0
815 7 0 0 7 0 0 0 0 0 0 0 0 0
816 7 0 0 7 1 1 0 0 0 0 0 0 0
817 7 0 0 0 0 0 0 0 0 0 0 0 0
819 7 0 0 0 0 0 0 0 0 0 0 0 0
820 7 0 0 0 0 0 0 0 0 0 0 0 0
821 7 0 0 0 0 0 0 0 0 0 0 0 0
825 7 0 0 0 0 0 0 0 0 0 0 0 0
826 7 0 0 0 0 0 0 0 0 0 0 0 0
827 7 0 0 0 0 0 0 0 0 0 0 0 0
828 7 0 0 0 0 0 0 0 0 0 0 0 0
829 7 0 0 0 0 0 0 0 0 0 0 0 0
830 7 1 1 0 0 0 0 0 0 7 2 0 0
837 6 0 0 0 0 0 0 0 0 0 0 0 0
838 6 0 0 0 0 0 0 0 0 0 0 0 0
840 6 0 0 0 0 0 0 0 0 0 0 0 0
841 6 0 0 0 0 0 0 0 0 6 0 0 0
843 6 0 0 6 0 0 0 0 0 0 0 0 0
844 6 0 0 6 2 1 0 0 0 0 0 0 0
845 6 0 0 0 0 0 0 0 0 0 0 0 0
847 6 0 0 0 0 0 0 0 0 0 0 0 0
848 6 0 0 0 0 0 0 0 0 0 0 0 0
849 6 0 0 0 0 0 0 0 0 0 0 0 0
853 6 0 0 0 0 0 0 0 0 0 0 0 0
854 6 0 0 0 0 0 0 0 0 0 0 0 0
855 6 0 0 0 0 0 0 0 0 0 0 0 0
856 6 0 0 0 0 0 0 0 0 0 0 0 0
857 6 1 1 0 0 0 0 0 0 0 0 0 0
858 6 0 0 0 0 0 0 0 0 6 3 0 0
865 3 0 0 0 0 0 0 0 0 0 0 0 0
866 3 0 0 0 0 0 0 0 0 0 0 0 0
867 3 0 0 0 0 0 0 0 0 0 0 0 0
899 3 1 1 0 0 0 0 0 0 0 0 0 0
900 3 0 0 3 1 1 0 0 0 0 0 0 0
901 3 0 0 3 2 2 0 0 0 0 0 0 0
902 3 0 0 0 0 0 0 0 0 0 0 0 0
903 3 0 0 0 0 0 0 0 0 0 0 0 0
905 3 0 0 0 0 0 0 0 0 0 0 0 0
906 3 0 0 0 0 0 0 0 0 0 0 0 0
907 3 1 1 0 0 0 0 0 0 0 0 0 0
908 3 0 0 0 0 0 0 0 0 0 0 0 0
909 3 0 0 0 0 0 0 0 0 0 0 0 0
910 3 0 0 0 0 0 0 0 0 0 0 0 0
911 3 0 0 0 0 0 0 0 0 3 0 0 0
912 2 0 0 2 0 0 0 0 0 0 0 0 0
916 2 0 0 0 0 0 0 0 0 0 0 0 0
917 2 0 0 0 0 0 0 0 0 0 0 0 0
918 2 0 0 0 0 0 0 0 0 0 0 0 0
924 2 0 0 0 0 0 0 0 0 0 0 0 0
925 2 0 0 0 0 0 0 0 0 0 0 0 0
926 4 0 0 0 0 0 0 0 0 0 0 0 0
930 2 1 1 0 0 0 0 0 0 0 0 0 0
931 2 0 0 0 0 0 0 0 0 2 0 0 0
934 2 0 0 2 2 2 0 0 0 0 0 0 0
935 2 0 0 2 0 0 0 0 0 0 0 0 0
936 2 0 0 0 0 0 0 0 0 0 0 0 0
938 2 0 0 0 0 0 0 0 0 0 0 0 0
939 2 0 0 0 0 0 0 0 0 0 0 0 0
940 2 0 0 0 0 0 0 0 0 0 0 0 0
944 2 0 0 0 0 0 0 0 0 0 0 0 0
945 2 0 0 0 0 0 0 0 0 0 0 0 0
946 2 0 0 0 0 0 0 0 0 0 0 0 0
947 2 0 0 0 0 0 0 0 0 0 0 0 0
948 2 0 0 0 0 0 0 0 0 0 0 0 0
949 2 1 1 0 0 0 0 0 0 2 1 0 0
956 1 0 0 0 0 0 0 0 0 0 0 0 0
957 1 0 0 0 0 0 0 0 0 0 0 0 0
959 1 0 0 0 0 0 0 0 0 0 0 0 0
960 1 0 0 0 0 0 0 0 0 1 0 0 0
962 1 0 0 1 0 0 0 0 0 0 0 0 0
963 1 0 0 1 0 0 0 0 0 0 0 0 0
964 1 0 0 0 0 0 0 0 0 0 0 0 0
966 1 0 0 0 0 0 0 0 0 0 0 0 0
967 1 0 0 0 0 0 0 0 0 0 0 0 0
968 1 0 0 0 0 0 0 0 0 0 0 0 0
972 1 0 0 0 0 0 0 0 0 0 0 0 0
973 1 0 0 0 0 0 0 0 0 0 0 0 0
974 1 0 0 0 0 0 0 0 0 0 0 0 0
975 1 0 0 0 0 0 0 0 0 0 0 0 0
976 1 1 1 0 0 0 0 0 0 0 0 0 0
977 1 0 0 0 0 0 0 0 0 1 1 0 0
1018 10 1 1 0 0 0 0 0 0 0 0 0 0
1019 10 0 0 10 2 2 0 0 0 0 0 0 0
1020 10 0 0 10 2 2 0 0 0 0 0 0 0
1021 10 0 0 0 0 0 0 0 0 0 0 0 0
1022 10 0 0 0 0 0 0 0 0 0 0 0 0
1024 10 0 0 0 0 0 0 0 0 0 0 0 0
1025 10 0 0 0 0 0 0 0 0 0 0 0 0
1026 10 1 1 0 0 0 0 0 0 0 0 0 0
1027 10 0 0 0 0 0 0 0 0 0 0 0 0
1028 10 0 0 0 0 0 0 0 0 0 0 0 0
1029 10 0 0 0 0 0 0 0 0 0 0 0 0
1030 10 0 0 0 0 0 0 0 0 10 2 0 0
1031 9 0 0 9 0 0 0 0 0 0 0 0 0
1035 9 0 0 0 0 0 0 0 0 0 0 0 0
1036 9 0 0 0 0 0 0 0 0 0 0 0 0
1037 9 0 0 0 0 0 0 0 0 0 0 0 0
1043 9 0 0 0 0 0 0 0 0 0 0 0 0
1044 9 0 0 0 0 0 0 0 0 0 0 0 0
1045 18 0 0 0 0 0 0 0 0 0 0 0 0
1049 15 1 1 0 0 0 0 0 0 0 0 0 0
1050 15 0 0 0 0 0 0 0 0 15 0 0 0
1053 15 0 0 15 3 3 0 0 0 0 0 0 0
1054 15 0 0 15 2 2 0 0 0 0 0 0 0
1055 15 0 0 0 0 0 0 0 0 0 0 0 0
1057 15 0 0 0 0 0 0 0 0 0 0 0 0
1058 15 0 0 0 0 0 0 0 0 0 0 0 0
1059 15 0 0 0 0 0 0 0 0 0 0 0 0
1063 15 0 0 0 0 0 0 0 0 0 0 0 0
1064 15 0 0 0 0 0 0 0 0 0 0 0 0
1065 15 0 0 0 0 0 0 0 0 0 0 0 0
1066 15 0 0 0 0 0 0 0 0 0 0 0 0
1067 15 0 0 0 0 0 0 0 0 0 0 0 0
1068 15 1 1 0 0 0 0 0 0 15 5 0 0
1075 7 0 0 0 0 0 0 0 0 0 0 0 0
1076 7 0 0 0 0 0 0 0 0 0 0 0 0
1078 7 0 0 0 0 0 0 0 0 0 0 0 0
1079 7 0 0 0 0 0 0 0 0 7 0 0 0
1081 7 0 0 7 1 1 0 0 0 0 0 0 0
1082 7 0 0 7 0 0 0 0 0 0 0 0 0
1083 7 0 0 0 0 0 0 0 0 0 0 0 0
1085 7 0 0 0 0 0 0 0 0 0 0 0 0
1086 7 0 0 0 0 0 0 0 0 0 0 0 0
1087 7 0 0 0 0 0 0 0 0 0 0 0 0
1091 7 0 0 0 0 0 0 0 0 0 0 0 0
1092 7 0 0 0 0 0 0 0 0 0 0 0 0
1093 7 0 0 0 0 0 0 0 0 0 0 0 0
1094 7 0 0 0 0 0 0 0 0 0 0 0 0
1095 7 1 1 0 0 0 0 0 0 0 0 0 0
1096 7 0 0 0 0 0 0 0 0 7 3 0 0
1103 6 0 0 0 0 0 0 0 0 0 0 0 0
1104 6 0 0 0 0 0 0 0 0 0 0 0 0
1105 6 0 0 0 0 0 0 0 0 0 0 0 0
1137 15 1 1 0 0 0 0 0 0 0 0 0 0
1138 15 0 0 15 0 0 0 0 0 0 0 0 0
1139 15 0 0 15 1 1 0 0 0 0 0 0 0
1140 15 0 0 0 0 0 0 0 0 0 0 0 0
1141 15 0 0 0 0 0 0 0 0 0 0 0 0
1143 15 0 0 0 0 0 0 0 0 0 0 0 0
1144 15 0 0 0 0 0 0 0 0 0 0 0 0
1145 15 2 1 0 0 0 0 0 0 0 0 0 0
1146 15 0 0 0 0 0 0 0 0 0 0 0 0
1147 15 0 0 0 0 0 0 0 0 0 0 0 0
1148 15 0 0 0 0 0 0 0 0 0 0 0 0
1149 15 0 0 0 0 0 0 0 0 15 3 0 0
1150 4 0 0 4 0 0 0 0 0 0 0 0 0
1154 4 0 0 0 0 0 0 0 0 0 0 0 0
1155 4 0 0 0 0 0 0 0 0 0 0 0 0
1156 4 0 0 0 0 0 0 0 0 0 0 0 0
1162 4 0 0 0 0 0 0 0 0 0 0 0 0
1163 4 0 0 0 0 0 0 0 0 0 0 0 0
1164 8 0 0 0 0 0 0 0 0 0 0 0 0
1168 4 2 1 0 0 0 0 0 0 0 0 0 0
1169 4 0 0 0 0 0 0 0 0 4 0 0 0
1172 4 0 0 4 1 1 0 0 0 0 0 0 0
1173 4 0 0 4 0 0 0 0 0 0 0 0 0
1174 4 0 0 0 0 0 0 0 0 0 0 0 0
1176 4 0 0 0 0 0 0 0 0 0 0 0 0
1177 4 0 0 0 0 0 0 0 0 0 0 0 0
1178 4 0 0 0 0 0 0 0 0 0 0 0 0
1182 4 0 0 0 0 0 0 0 0 0 0 0 0
1183 4 0 0 0 0 0 0 0 0 0 0 0 0
1184 4 0 0 0 0 0 0 0 0 0 0 0 0
1185 4 0 0 0 0 0 0 0 0 0 0 0 0
1186 4 0 0 0 0 0 0 0 0 0 0 0 0
1187 4 2 1 0 0 0 0 0 0 4 2 0 0
1256 13 2 1 0 0 0 0 0 0 0 0 0 0
1257 13 0 0 13 1 1 0 0 0 0 0 0 0
1258 13 0 0 13 1 0 0 0 0 0 0 0 0
1259 13 0 0 0 0 0 0 0 0 0 0 0 0
1260 13 0 0 0 0 0 0 0 0 0 0 0 0
1262 13 0 0 0 0 0 0 0 0 0 0 0 0
1263 13 0 0 0 0 0 0 0 0 0 0 0 0
1264 13 2 1 0 0 0 0 0 0 0 0 0 0
1265 13 0 0 0 0 0 0 0 0 0 0 0 0
1266 13 0 0 0 0 0 0 0 0 0 0 0 0
1267 13 0 0 0 0 0 0 0 0 0 0 0 0
1268 13 0 0 0 0 0 0 0 0 13 3 0 0
1269 3 0 0 3 0 0 0 0 0 0 0 0 0
1273 3 0 0 0 0 0 0 0 0 0 0 0 0
1274 3 0 0 0 0 0 0 0 0 0 0 0 0
1275 3 0 0 0 0 0 0 0 0 0 0 0 0
1281 3 0 0 0 0 0 0 0 0 0 0 0 0
1282 3 0 0 0 0 0 0 0 0 0 0 0 0
1283 6 0 0 0 0 0 0 0 0 0 0 0 0
1287 3 2 1 0 0 0 0 0 0 0 0 0 0
1288 3 0 0 0 0 0 0 0 0 3 0 0 0
1291 3 0 0 3 0 0 0 0 0 0 0 0 0
1292 3 0 0 3 1 1 0 0 0 0 0 0 0
1293 3 0 0 0 0 0 0 0 0 0 0 0 0
1295 3 0 0 0 0 0 0 0 0 0 0 0 0
1296 3 0 0 0 0 0 0 0 0 0 0 0 0
1297 3 0 0 0 0 0 0 0 0 0 0 0 0
1301 3 0 0 0 0 0 0 0 0 0 0 0 0
1302 3 0 0 0 0 0 0 0 0 0 0 0 0
1303 3 0 0 0 0 0 0 0 0 0 0 0 0
1304 3 0 0 0 0 0 0 0 0 0 0 0 0
1305 3 0 0 0 0 0 0 0 0 0 0 0 0
1306 3 2 1 0 0 0 0 0 0 3 3 0 0
1375 14 1 1 0 0 0 0 0 0 0 0 0 0
1376 14 0 0 14 2 0 0 0 0 0 0 0 0
1377 14 0 0 14 2 0 0 0 0 0 0 0 0
1378 14 0 0 0 0 0 0 0 0 0 0 0 0
1379 14 0 0 0 0 0 0 0 0 0 0 0 0
1381 14 0 0 0 0 0 0 0 0 0 0 0 0
1382 14 0 0 0 0 0 0 0 0 0 0 0 0
1383 14 1 1 0 0 0 0 0 0 0 0 0 0
1384 14 0 0 0 0 0 0 0 0 0 0 0 0
1385 14 0 0 0 0 0 0 0 0 0 0 0 0
1386 14 0 0 0 0 0 0 0 0 0 0 0 0
1387 14 0 0 0 0 0 0 0 0 14 4 0 0
1388 10 0 0 10 0 0 0 0 0 0 0 0 0
1392 10 0 0 0 0 0 0 0 0 0 0 0 0
1393 10 0 0 0 0 0 0 0 0 0 0 0 0
1394 10 0 0 0 0 0 0 0 0 0 0 0 0
1400 10 0 0 0 0 0 0 0 0 0 0 0 0
1401 10 0 0 0 0 0 0 0 0 0 0 0 0
1402 20 0 0 0 0 0 0 0 0 0 0 0 0
1406 12 1 1 0 0 0 0 0 0 0 0 0 0
1407 12 0 0 0 0 0 0 0 0 12 0 0 0
1410 12 0 0 12 3 2 0 0 0 0 0 0 0
1411 12 0 0 12 6 2 0 0 0 0 0 0 0
1412 12 0 0 0 0 0 0 0 0 0 0 0 0
1414 12 0 0 0 0 0 0 0 0 0 0 0 0
1415 12 0 0 0 0 0 0 0 0 0 0 0 0
1416 12 0 0 0 0 0 0 0 0 0 0 0 0
1420 12 0 0 0 0 0 0 0 0 0 0 0 0
1421 12 0 0 0 0 0 0 0 0 0 0 0 0
1422 12 0 0 0 0 0 0 0 0 0 0 0 0
1423 12 0 0 0 0 0 0 0 0 0 0 0 0
1424 12 0 0 0 0 0 0 0 0 0 0 0 0
1425 12 1 1 0 0 0 0 0 0 12 4 0 0
1432 4 0 0 0 0 0 0 0 0 0 0 0 0
1433 4 0 0 0 0 0 0 0 0 0 0 0 0
1435 4 0 0 0 0 0 0 0 0 0 0 0 0
1436 4 0 0 0 0 0 0 0 0 4 0 0 0
1438 4 0 0 4 0 0 0 0 0 0 0 0 0
1439 4 0 0 4 0 0 0 0 0 0 0 0 0
1440 4 0 0 0 0 0 0 0 0 0 0 0 0
1442 4 0 0 0 0 0 0 0 0 0 0 0 0
1443 4 0 0 0 0 0 0 0 0 0 0 0 0
1444 4 0 0 0 0 0 0 0 0 0 0 0 0
1448 4 0 0 0 0 0 0 0 0 0 0 0 0
1449 4 0 0 0 0 0 0 0 0 0 0 0 0
1450 4 0 0 0 0 0 0 0 0 0 0 0 0
1451 4 0 0 0 0 0 0 0 0 0 0 0 0
1452 4 1 1 0 0 0 0 0 0 0 0 0 0
1453 4 0 0 0 0 0 0 0 0 4 2 0 0
1460 2 0 0 0 0 0 0 0 0 0 0 0 0
1461 2 0 0 0 0 0 0 0 0 0 0 0 0
1462 2 0 0 0 0 0 0 0 0 0 0 0 0
1494 30 1 1 0 0 0 0 0 0 0 0 0 0
1495 30 0 0 30 2 2 0 0 0 0 0 0 0
1496 30 0 0 30 2 1 0 0 0 0 0 0 0
1497 30 0 0 0 0 0 0 0 0 0 0 0 0
1498 30 0 0 0 0 0 0 0 0 0 0 0 0
1500 30 0 0 0 0 0 0 0 0 0 0 0 0
1501 30 0 0 0 0 0 0 0 0 0 0 0 0
1502 30 1 1 0 0 0 0 0 0 0 0 0 0
1503 30 0 0 0 0 0 0 0 0 0 0 0 0
1504 30 0 0 0 0 0 0 0 0 0 0 0 0
1505 30 0 0 0 0 0 0 0 0 0 0 0 0
1506 30 0 0 0 0 0 0 0 0 30 16 0 0
1507 9 0 0 9 0 0 0 0 0 0 0 0 0
1511 9 0 0 0 0 0 0 0 0 0 0 0 0
1512 9 0 0 0 0 0 0 0 0 0 0 0 0
1513 9 0 0 0 0 0 0 0 0 0 0 0 0
1519 9 0 0 0 0 0 0 0 0 0 0 0 0
1520 9 0 0 0 0 0 0 0 0 0 0 0 0
1521 18 0 0 0 0 0 0 0 0 0 0 0 0
1525 10 1 1 0 0 0 0 0 0 0 0 0 0
1526 10 0 0 0 0 0 0 0 0 10 0 0 0
1529 10 0 0 10 2 1 0 0 0 0 0 0 0
1530 10 0 0 10 1 1 0 0 0 0 0 0 0
1531 10 0 0 0 0 0 0 0 0 0 0 0 0
1533 10 0 0 0 0 0 0 0 0 0 0 0 0
1534 10 0 0 0 0 0 0 0 0 0 0 0 0
1535 10 0 0 0 0 0 0 0 0 0 0 0 0
1539 10 0 0 0 0 0 0 0 0 0 0 0 0
1540 10 0 0 0 0 0 0 0 0 0 0 0 0
1541 10 0 0 0 0 0 0 0 0 0 0 0 0
1542 10 0 0 0 0 0 0 0 0 0 0 0 0
1543 10 0 0 0 0 0 0 0 0 0 0 0 0
1544 10 1 1 0 0 0 0 0 0 10 3 0 0
1551 1 0 0 0 0 0 0 0 0 0 0 0 0
1552 1 0 0 0 0 0 0 0 0 0 0 0 0
1554 1 0 0 0 0 0 0 0 0 0 0 0 0
1555 1 0 0 0 0 0 0 0 0 1 0 0 0
1557 1 0 0 1 0 0 0 0 0 0 0 0 0
1558 1 0 0 1 1 0 0 0 0 0 0 0 0
1559 1 0 0 0 0 0 0 0 0 0 0 0 0
1561 1 0 0 0 0 0 0 0 0 0 0 0 0
1562 1 0 0 0 0 0 0 0 0 0 0 0 0
1563 1 0 0 0 0 0 0 0 0 0 0 0 0
1567 1 0 0 0 0 0 0 0 0 0 0 0 0
1568 1 0 0 0 0 0 0 0 0 0 0 0 0
1569 1 0 0 0 0 0 0 0 0 0 0 0 0
1570 1 0 0 0 0 0 0 0 0 0 0 0 0
1571 1 1 1 0 0 0 0 0 0 0 0 0 0
1572 1 0 0 0 0 0 0 0 0 1 0 0 0
1579 1 0 0 0 0 0 0 0 0 0 0 0 0
1580 1 0 0 0 0 0 0 0 0 0 0 0 0
1581 1 0 0 0 0 0 0 0 0 0 0 0 0
1613 32 2 1 0 0 0 0 0 0 0 0 0 0
1614 32 0 0 32 4 2 0 0 0 0 0 0 0
1615 32 0 0 32 5 3 0 0 0 0 0 0 0
1616 32 0 0 0 0 0 0 0 0 0 0 0 0
1617 32 0 0 0 0 0 0 0 0 0 0 0 0
1619 32 0 0 0 0 0 0 0 0 0 0 0 0
1620 32 0 0 0 0 0 0 0 0 0 0 0 0
1621 32 2 1 0 0 0 0 0 0 0 0 0 0
1622 32 0 0 0 0 0 0 0 0 0 0 0 0
1623 32 0 0 0 0 0 0 0 0 0 0 0 0
1624 32 0 0 0 0 0 0 0 0 0 0 0 0
1625 32 0 0 0 0 0 0 0 0 32 14 0 0
1626 10 0 0 10 0 0 0 0 0 0 0 0 0
1630 10 0 0 0 0 0 0 0 0 0 0 0 0
1631 10 0 0 0 0 0 0 0 0 0 0 0 0
1632 10 0 0 0 0 0 0 0 0 0 0 0 0
1638 10 0 0 0 0 0 0 0 0 0 0 0 0
1639 10 0 0 0 0 0 0 0 0 0 0 0 0
1640 20 0 0 0 0 0 0 0 0 0 0 0 0
1644 12 2 1 0 0 0 0 0 0 0 0 0 0
1645 12 0 0 0 0 0 0 0 0 12 1 0 0
1648 12 0 0 12 2 2 0 0 0 0 0 0 0
1649 12 0 0 12 5 3 0 0 0 0 0 0 0
1650 12 0 0 0 0 0 0 0 0 0 0 0 0
1652 12 0 0 0 0 0 0 0 0 0 0 0 0
1653 12 0 0 0 0 0 0 0 0 0 0 0 0
1654 12 0 0 0 0 0 0 0 0 0 0 0 0
1658 12 0 0 0 0 0 0 0 0 0 0 0 0
1659 12 0 0 0 0 0 0 0 0 0 0 0 0
1660 12 0 0 0 0 0 0 0 0 0 0 0 0
1661 12 0 0 0 0 0 0 0 0 0 0 0 0
1662 12 0 0 0 0 0 0 0 0 0 0 0 0
1663 12 3 1 0 0 0 0 0 0 12 5 0 0
1670 4 0 0 0 0 0 0 0 0 0 0 0 0
1671 4 0 0 0 0 0 0 0 0 0 0 0 0
1673 4 0 0 0 0 0 0 0 0 0 0 0 0
1674 4 0 0 0 0 0 0 0 0 4 0 0 0
1676 4 0 0 4 0 0 0 0 0 0 0 0 0
1677 4 0 0 4 2 2 0 0 0 0 0 0 0
1678 4 0 0 0 0 0 0 0 0 0 0 0 0
1680 4 0 0 0 0 0 0 0 0 0 0 0 0
1681 4 0 0 0 0 0 0 0 0 0 0 0 0
1682 4 0 0 0 0 0 0 0 0 0 0 0 0
1686 4 0 0 0 0 0 0 0 0 0 0 0 0
1687 4 0 0 0 0 0 0 0 0 0 0 0 0
1688 4 0 0 0 0 0 0 0 0 0 0 0 0
1689 4 0 0 0 0 0 0 0 0 0 0 0 0
1690 4 1 1 0 0 0 0 0 0 0 0 0 0
1691 4 0 0 0 0 0 0 0 0 4 2 0 0
1698 2 0 0 0 0 0 0 0 0 0 0 0 0
1699 2 0 0 0 0 0 0 0 0 0 0 0 0
1700 2 0 0 0 0 0 0 0 0 0 0 0 0
1732 26 1 1 0 0 0 0 0 0 0 0 0 0
1733 26 0 0 26 5 1 0 0 0 0 0 0 0
1734 26 0 0 26 2 2 0 0 0 0 0 0 0
1735 26 0 0 0 0 0 0 0 0 0 0 0 0
1736 26 0 0 0 0 0 0 0 0 0 0 0 0
1738 26 0 0 0 0 0 0 0 0 0 0 0 0
1739 26 0 0 0 0 0 0 0 0 0 0 0 0
1740 26 1 1 0 0 0 0 0 0 0 0 0 0
1741 26 0 0 0 0 0 0 0 0 0 0 0 0
1742 26 0 0 0 0 0 0 0 0 0 0 0 0
1743 26 0 0 0 0 0 0 0 0 0 0 0 0
1744 26 0 0 0 0 0 0 0 0 26 5 0 0
1745 16 0 0 16 0 0 0 0 0 0 0 0 0
1749 16 0 0 0 0 0 0 0 0 0 0 0 0
1750 16 0 0 0 0 0 0 0 0 0 0 0 0
1751 16 0 0 0 0 0 0 0 0 0 0 0 0
1757 16 0 0 0 0 0 0 0 0 0 0 0 0
1758 16 0 0 0 0 0 0 0 0 0 0 0 0
1759 32 0 0 0 0 0 0 0 0 0 0 0 0
1763 17 1 1 0 0 0 0 0 0 0 0 0 0
1764 17 0 0 0 0 0 0 0 0 17 0 0 0
1767 17 0 0 17 2 1 0 0 0 0 0 0 0
1768 17 0 0 17 7 4 0 0 0 0 0 0 0
1769 17 0 0 0 0 0 0 0 0 0 0 0 0
1771 17 0 0 0 0 0 0 0 0 0 0 0 0
1772 17 0 0 0 0 0 0 0 0 0 0 0 0
1773 17 0 0 0 0 0 0 0 0 0 0 0 0
1777 17 0 0 0 0 0 0 0 0 0 0 0 0
1778 17 0 0 0 0 0 0 0 0 0 0 0 0
1779 17 0 0 0 0 0 0 0 0 0 0 0 0
1780 17 0 0 0 0 0 0 0 0 0 0 0 0
1781 17 0 0 0 0 0 0 0 0 0 0 0 0
1782 17 1 1 0 0 0 0 0 0 17 7 0 0
1789 2 0 0 0 0 0 0 0 0 0 0 0 0
1790 2 0 0 0 0 0 0 0 0 0 0 0 0
1792 2 0 0 0 0 0 0 0 0 0 0 0 0
1793 2 0 0 0 0 0 0 0 0 2 0 0 0
1795 2 0 0 2 0 0 0 0 0 0 0 0 0
1796 2 0 0 2 0 0 0 0 0 0 0 0 0
1797 2 0 0 0 0 0 0 0 0 0 0 0 0
1799 2 0 0 0 0 0 0 0 0 0 0 0 0
1800 2 0 0 0 0 0 0 0 0 0 0 0 0
1801 2 0 0 0 0 0 0 0 0 0 0 0 0
1805 2 0 0 0 0 0 0 0 0 0 0 0 0
1806 2 0 0 0 0 0 0 0 0 0 0 0 0
1807 2 0 0 0 0 0 0 0 0 0 0 0 0
1808 2 0 0 0 0 0 0 0 0 0 0 0 0
1809 2 1 1 0 0 0 0 0 0 0 0 0 0
1810 2 0 0 0 0 0 0 0 0 2 1 0 0
1817 1 0 0 0 0 0 0 0 0 0 0 0 0
1818 1 0 0 0 0 0 0 0 0 0 0 0 0
1819 1 0 0 0 0 0 0 0 0 0 0 0 0
1851 26 2 1 0 0 0 0 0 0 0 0 0 0
1852 26 0 0 26 4 1 0 0 0 0 0 0 0
1853 26 0 0 26 4 2 0 0 0 0 0 0 0
1854 26 0 0 0 0 0 0 0 0 0 0 0 0
1855 26 0 0 0 0 0 0 0 0 0 0 0 0
1857 26 0 0 0 0 0 0 0 0 0 0 0 0
1858 26 0 0 0 0 0 0 0 0 0 0 0 0
1859 26 2 1 0 0 0 0 0 0 0 0 0 0
1860 26 0 0 0 0 0 0 0 0 0 0 0 0
1861 26 0 0 0 0 0 0 0 0 0 0 0 0
1862 26 0 0 0 0 0 0 0 0 0 0 0 0
1863 26 0 0 0 0 0 0 0 0 26 13 0 0
1864 16 0 0 16 0 0 0 0 0 0 0 0 0
1868 16 0 0 0 0 0 0 0 0 0 0 0 0
1869 16 0 0 0 0 0 0 0 0 0 0 0 0
1870 16 0 0 0 0 0 0 0 0 0 0 0 0
1876 16 0 0 0 0 0 0 0 0 0 0 0 0
1877 16 0 0 0 0 0 0 0 0 0 0 0 0
1878 32 0 0 0 0 0 0 0 0 0 0 0 0
1882 20 1 1 0 0 0 0 0 0 0 0 0 0
1883 20 0 0 0 0 0 0 0 0 20 1 0 0
1886 20 0 0 20 4 4 0 0 0 0 0 0 0
1887 20 0 0 20 4 2 0 0 0 0 0 0 0
1888 20 0 0 0 0 0 0 0 0 0 0 0 0
1890 20 0 0 0 0 0 0 0 0 0 0 0 0
1891 20 0 0 0 0 0 0 0 0 0 0 0 0
1892 20 0 0 0 0 0 0 0 0 0 0 0 0
1896 20 0 0 0 0 0 0 0 0 0 0 0 0
1897 20 0 0 0 0 0 0 0 0 0 0 0 0
1898 20 0 0 0 0 0 0 0 0 0 0 0 0
1899 20 0 0 0 0 0 0 0 0 0 0 0 0
1900 20 0 0 0 0 0 0 0 0 0 0 0 0
1901 20 1 1 0 0 0 0 0 0 20 10 0 0
1908 5 0 0 0 0 0 0 0 0 0 0 0 0
1909 5 0 0 0 0 0 0 0 0 0 0 0 0
1911 5 0 0 0 0 0 0 0 0 0 0 0 0
1912 5 0 0 0 0 0 0 0 0 5 0 0 0
1914 5 0 0 5 1 1 0 0 0 0 0 0 0
1915 5 0 0 5 1 1 0 0 0 0 0 0 0
1916 5 0 0 0 0 0 0 0 0 0 0 0 0
1918 5 0 0 0 0 0 0 0 0 0 0 0 0
1919 5 0 0 0 0 0 0 0 0 0 0 0 0
1920 5 0 0 0 0 0 0 0 0 0 0 0 0
1924 5 0 0 0 0 0 0 0 0 0 0 0 0
1925 5 0 0 0 0 0 0 0 0 0 0 0 0
1926 5 0 0 0 0 0 0 0 0 0 0 0 0
1927 5 0 0 0 0 0 0 0 0 0 0 0 0
1928 5 1 1 0 0 0 0 0 0 0 0 0 0
1929 5 0 0 0 0 0 0 0 0 5 1 0 0
1936 4 0 0 0 0 0 0 0 0 0 0 0 0
1937 4 0 0 0 0 0 0 0 0 0 0 0 0
1938 4 0 0 0 0 0 0 0 0 0 0 0 0
1942 1 0 0 0 0 0 0 0 0 0 0 0 0
1943 1 0 0 0 0 0 0 0 0 0 0 0 0
1944 1 0 0 0 0 0 0 0 0 0 0 0 0
1945 1 0 0 0 0 0 0 0 0 1 0 0 0
1952 1 0 0 0 0 0 0 0 0 0 0 0 0
1953 1 0 0 0 0 0 0 0 0 0 0 0 0
1954 1 0 0 0 0 0 0 0 0 0 0 0 0
1970 24 1 1 0 0 0 0 0 0 0 0 0 0
1971 24 0 0 24 2 2 0 0 0 0 0 0 0
1972 24 0 0 24 4 2 0 0 0 0 0 0 0
1973 24 0 0 0 0 0 0 0 0 0 0 0 0
1974 24 0 0 0 0 0 0 0 0 0 0 0 0
1976 24 0 0 0 0 0 0 0 0 0 0 0 0
1977 24 0 0 0 0 0 0 0 0 0 0 0 0
1978 24 1 1 0 0 0 0 0 0 0 0 0 0
1979 24 0 0 0 0 0 0 0 0 0 0 0 0
1980 24 0 0 0 0 0 0 0 0 0 0 0 0
1981 24 0 0 0 0 0 0 0 0 0 0 0 0
1982 24 0 0 0 0 0 0 0 0 24 10 0 0
1984 8 0 0 8 0 0 0 0 0 0 0 0 0
1988 8 0 0 0 0 0 0 0 0 0 0 0 0
1989 8 0 0 0 0 0 0 0 0 0 0 0 0
1990 8 0 0 0 0 0 0 0 0 0 0 0 0
1996 8 0 0 0 0 0 0 0 0 0 0 0 0
1997 8 0 0 0 0 0 0 0 0 0 0 0 0
1999 16 0 0 0 0 0 0 0 0 0 0 0 0
2003 11 1 1 0 0 0 0 0 0 0 0 0 0
2004 11 0 0 0 0 0 0 0 0 11 0 0 0
2007 11 0 0 11 2 1 0 0 0 0 0 0 0
2008 11 0 0 11 4 4 0 0 0 0 0 0 0
2009 11 0 0 0 0 0 0 0 0 0 0 0 0
2011 11 0 0 0 0 0 0 0 0 0 0 0 0
2012 11 0 0 0 0 0 0 0 0 0 0 0 0
2013 11 0 0 0 0 0 0 0 0 0 0 0 0
2017 11 0 0 0 0 0 0 0 0 0 0 0 0
2018 11 0 0 0 0 0 0 0 0 0 0 0 0
2019 11 0 0 0 0 0 0 0 0 0 0 0 0
2020 11 0 0 0 0 0 0 0 0 0 0 0 0
2021 11 0 0 0 0 0 0 0 0 0 0 0 0
2022 11 1 1 0 0 0 0 0 0 11 6 0 0
2029 5 0 0 0 0 0 0 0 0 0 0 0 0
2030 5 0 0 0 0 0 0 0 0 0 0 0 0
2032 5 0 0 0 0 0 0 0 0 0 0 0 0
2033 5 0 0 0 0 0 0 0 0 5 0 0 0
2035 5 0 0 5 1 1 0 0 0 0 0 0 0
2036 5 0 0 5 0 0 0 0 0 0 0 0 0
2037 5 0 0 0 0 0 0 0 0 0 0 0 0
2039 5 0 0 0 0 0 0 0 0 0 0 0 0
2040 5 0 0 0 0 0 0 0 0 0 0 0 0
2041 5 0 0 0 0 0 0 0 0 0 0 0 0
2045 5 0 0 0 0 0 0 0 0 0 0 0 0
2046 5 0 0 0 0 0 0 0 0 0 0 0 0
2047 5 0 0 0 0 0 0 0 0 0 0 0 0
2048 5 0 0 0 0 0 0 0 0 0 0 0 0
2049 5 1 1 0 0 0 0 0 0 0 0 0 0
2050 5 0 0 0 0 0 0 0 0 5 2 0 0
2057 3 0 0 0 0 0 0 0 0 0 0 0 0
2058 3 0 0 0 0 0 0 0 0 0 0 0 0
2059 3 0 0 0 0 0 0 0 0 0 0 0 0
2093 174 1 0 0 0 0 0 0 0 0 0 0 0
2095 289 1 1 0 0 0 0 0 0 0 0 0 0
2096 289 0 0 0 0 0 0 0 0 0 0 0 0
2097 289 0 0 0 0 0 0 0 0 0 0 0 0
2098 289 0 0 0 0 0 0 0 0 289 52 0 0
2099 178 0 0 0 0 0 0 0 0 0 0 0 0
2104 2394 4 1 0 0 0 0 0 0 0 0 0 0
2110 2394 0 0 2394 0 0 0 0 0 0 0 0 0
2111 2394 0 0 2394 0 0 0 0 0 0 0 0 0
2119 2394 0 0 0 0 0 0 0 0 0 0 0 0
2120 2394 0 0 2394 0 0 0 0 0 0 0 0 0
fn=strncmp
98 1 0 0 0 0 0 0 0 0 0 0 0 0
125 1 0 0 0 0 0 0 0 0 0 0 0 0
126 1 0 0 0 0 0 0 0 0 1 0 0 0
127 1 0 0 0 0 0 0 0 0 0 0 0 0
128 1 0 0 0 0 0 0 0 0 1 0 0 0
129 1 0 0 0 0 0 0 0 0 0 0 0 0
131 1 0 0 0 0 0 0 0 0 0 0 0 0
132 1 0 0 0 0 0 0 0 0 0 0 0 0
134 1 1 1 0 0 0 0 0 0 0 0 0 0
135 1 0 0 0 0 0 0 0 0 0 0 0 0
156 1 0 0 0 0 0 0 0 0 0 0 0 0
157 1 0 0 0 0 0 0 0 0 0 0 0 0
158 1 0 0 0 0 0 0 0 0 0 0 0 0
159 1 0 0 0 0 0 0 0 0 1 0 0 0
160 1 0 0 1 0 0 0 0 0 0 0 0 0
161 1 0 0 1 1 1 0 0 0 0 0 0 0
162 1 0 0 1 0 0 0 0 0 0 0 0 0
163 1 0 0 1 0 0 0 0 0 0 0 0 0
180 1 0 0 0 0 0 0 0 0 0 0 0 0
181 1 0 0 0 0 0 0 0 0 0 0 0 0
182 1 0 0 0 0 0 0 0 0 0 0 0 0
183 1 0 0 0 0 0 0 0 0 0 0 0 0
184 1 0 0 0 0 0 0 0 0 0 0 0 0
185 1 0 0 0 0 0 0 0 0 0 0 0 0
186 1 1 1 0 0 0 0 0 0 1 1 0 0
2104 1 1 1 0 0 0 0 0 0 0 0 0 0
2107 1 0 0 0 0 0 0 0 0 0 0 0 0
2108 1 0 0 0 0 0 0 0 0 1 0 0 0
2110 1 0 0 1 0 0 0 0 0 0 0 0 0
2111 1 0 0 1 0 0 0 0 0 0 0 0 0
2119 1 0 0 0 0 0 0 0 0 0 0 0 0
2120 1 0 0 1 0 0 0 0 0 0 0 0 0
fl=./string/../sysdeps/x86_64/multiarch/../multiarch/strlen-sse2.S
fn=strlen
57 30 1 1 0 0 0 0 0 0 0 0 0 0
101 30 0 0 0 0 0 0 0 0 0 0 0 0
102 30 0 0 0 0 0 0 0 0 0 0 0 0
103 30 0 0 0 0 0 0 0 0 0 0 0 0
104 30 0 0 0 0 0 0 0 0 0 0 0 0
105 30 0 0 0 0 0 0 0 0 0 0 0 0
106 30 0 0 0 0 0 0 0 0 0 0 0 0
107 30 0 0 0 0 0 0 0 0 0 0 0 0
109 30 0 0 0 0 0 0 0 0 0 0 0 0
111 30 0 0 0 0 0 0 0 0 30 1 0 0
142 29 0 0 29 3 3 0 0 0 0 0 0 0
143 29 0 0 0 0 0 0 0 0 0 0 0 0
144 29 0 0 0 0 0 0 0 0 0 0 0 0
145 29 0 0 0 0 0 0 0 0 0 0 0 0
146 29 0 0 0 0 0 0 0 0 29 10 0 0
147 15 0 0 0 0 0 0 0 0 0 0 0 0
149 15 0 0 15 0 0 0 0 0 0 0 0 0
153 14 1 1 0 0 0 0 0 0 0 0 0 0
154 14 0 0 14 0 0 0 0 0 0 0 0 0
155 14 0 0 14 0 0 0 0 0 0 0 0 0
156 14 0 0 14 1 1 0 0 0 0 0 0 0
157 14 0 0 0 0 0 0 0 0 0 0 0 0
158 14 0 0 0 0 0 0 0 0 0 0 0 0
159 14 0 0 0 0 0 0 0 0 0 0 0 0
160 14 0 0 0 0 0 0 0 0 0 0 0 0
161 14 0 0 0 0 0 0 0 0 0 0 0 0
162 14 0 0 0 0 0 0 0 0 0 0 0 0
163 14 0 0 0 0 0 0 0 0 0 0 0 0
164 14 0 0 0 0 0 0 0 0 0 0 0 0
169 112 1 1 14 0 0 0 0 0 14 0 0 0
173 1 0 0 0 0 0 0 0 0 0 0 0 0
174 14 1 1 4 0 0 0 0 0 0 0 0 0
175 6 0 0 0 0 0 0 0 0 1 1 0 0
190 1 0 0 0 0 0 0 0 0 0 0 0 0
191 1 0 0 0 0 0 0 0 0 0 0 0 0
192 2 0 0 0 0 0 0 0 0 0 0 0 0
243 1 1 1 1 0 0 0 0 0 0 0 0 0
244 1 0 0 1 0 0 0 0 0 0 0 0 0
245 1 0 0 1 0 0 0 0 0 0 0 0 0
246 1 0 0 1 0 0 0 0 0 0 0 0 0
247 1 0 0 0 0 0 0 0 0 0 0 0 0
248 1 0 0 0 0 0 0 0 0 0 0 0 0
249 1 0 0 0 0 0 0 0 0 0 0 0 0
250 1 0 0 0 0 0 0 0 0 1 1 0 0
266 1 1 1 0 0 0 0 0 0 0 0 0 0
268 1 0 0 0 0 0 0 0 0 0 0 0 0
269 14 1 1 4 0 0 0 0 0 0 0 0 0
271 1 0 0 0 0 0 0 0 0 0 0 0 0
272 1 0 0 0 0 0 0 0 0 0 0 0 0
273 1 0 0 0 0 0 0 0 0 0 0 0 0
275 1 0 0 1 0 0 0 0 0 0 0 0 0
fl=./string/../sysdeps/x86_64/multiarch/ifunc-avx2.h
fn=memrchr
38 4 1 1 0 0 0 0 0 0 1 1 0 0
40 3 0 0 2 0 0 0 0 0 0 0 0 0
41 2 0 0 1 0 0 0 0 0 1 0 0 0
42 3 0 0 1 0 0 0 0 0 1 0 0 0
45 2 0 0 0 0 0 0 0 0 0 0 0 0
46 2 0 0 0 0 0 0 0 0 1 1 0 0
49 3 0 0 0 0 0 0 0 0 1 0 0 0
52 6 0 0 0 0 0 0 0 0 0 0 0 0
fn=rindex
38 4 0 0 0 0 0 0 0 0 1 1 0 0
40 3 1 1 2 0 0 0 0 0 0 0 0 0
41 2 0 0 1 0 0 0 0 0 1 0 0 0
42 3 0 0 1 0 0 0 0 0 1 0 0 0
45 2 0 0 0 0 0 0 0 0 0 0 0 0
46 2 0 0 0 0 0 0 0 0 1 1 0 0
49 3 0 0 0 0 0 0 0 0 1 0 0 0
52 6 1 1 0 0 0 0 0 0 0 0 0 0
fn=strchrnul
38 4 0 0 0 0 0 0 0 0 1 1 0 0
40 3 1 1 2 0 0 0 0 0 0 0 0 0
41 2 0 0 1 0 0 0 0 0 1 0 0 0
42 3 0 0 1 0 0 0 0 0 1 0 0 0
45 2 0 0 0 0 0 0 0 0 0 0 0 0
46 2 0 0 0 0 0 0 0 0 1 1 0 0
49 3 0 0 0 0 0 0 0 0 1 0 0 0
52 6 1 1 0 0 0 0 0 0 0 0 0 0
fn=strlen
38 12 2 1 0 0 0 0 0 0 3 2 0 0
40 9 0 0 6 3 0 0 0 0 0 0 0 0
41 6 0 0 3 0 0 0 0 0 3 0 0 0
42 9 0 0 3 1 0 0 0 0 3 0 0 0
45 6 0 0 0 0 0 0 0 0 0 0 0 0
46 6 0 0 0 0 0 0 0 0 3 1 0 0
49 9 0 0 0 0 0 0 0 0 3 0 0 0
52 18 2 1 0 0 0 0 0 0 0 0 0 0
fn=strnlen
38 8 0 0 0 0 0 0 0 0 2 2 0 0
40 6 1 1 4 1 0 0 0 0 0 0 0 0
41 4 0 0 2 0 0 0 0 0 2 0 0 0
42 6 0 0 2 0 0 0 0 0 2 0 0 0
45 4 0 0 0 0 0 0 0 0 0 0 0 0
46 4 0 0 0 0 0 0 0 0 2 2 0 0
49 6 0 0 0 0 0 0 0 0 2 0 0 0
52 12 1 1 0 0 0 0 0 0 0 0 0 0
fl=./string/../sysdeps/x86_64/multiarch/ifunc-evex.h
fn=memchr
37 8 0 0 0 0 0 0 0 0 2 1 0 0
38 6 0 0 4 2 0 0 0 0 0 0 0 0
39 6 2 1 2 0 0 0 0 0 2 0 0 0
42 4 0 0 0 0 0 0 0 0 0 0 0 0
43 4 0 0 0 0 0 0 0 0 2 2 0 0
45 4 0 0 0 0 0 0 0 0 0 0 0 0
51 6 0 0 0 0 0 0 0 0 2 0 0 0
54 8 0 0 0 0 0 0 0 0 0 0 0 0
fl=./string/../sysdeps/x86_64/multiarch/ifunc-memcmp.h
fn=bcmp
34 15 0 0 6 1 0 0 0 0 3 0 0 0
35 6 0 0 3 2 0 0 0 0 3 0 0 0
36 6 0 0 0 0 0 0 0 0 3 0 0 0
37 9 2 1 3 0 0 0 0 0 3 0 0 0
40 6 0 0 0 0 0 0 0 0 0 0 0 0
41 6 0 0 0 0 0 0 0 0 3 3 0 0
44 9 0 0 0 0 0 0 0 0 3 0 0 0
47 12 0 0 0 0 0 0 0 0 0 0 0 0
fl=./string/../sysdeps/x86_64/multiarch/ifunc-memmove.h
fn=memcpy@@GLIBC_2.14
56 4 0 0 0 0 0 0 0 0 2 0 0 0
57 6 0 0 4 0 0 0 0 0 0 0 0 0
60 6 0 0 2 0 0 0 0 0 0 0 0 0
61 4 2 1 0 0 0 0 0 0 2 2 0 0
74 4 0 0 0 0 0 0 0 0 2 0 0 0
77 4 0 0 0 0 0 0 0 0 2 0 0 0
85 4 0 0 0 0 0 0 0 0 2 2 0 0
93 4 2 1 0 0 0 0 0 0 2 2 0 0
96 10 4 2 2 0 0 0 0 0 0 0 0 0
fn=memmove
56 2 0 0 0 0 0 0 0 0 1 0 0 0
57 3 0 0 2 0 0 0 0 0 0 0 0 0
60 3 1 1 1 0 0 0 0 0 0 0 0 0
61 2 1 1 0 0 0 0 0 0 1 1 0 0
74 2 0 0 0 0 0 0 0 0 1 0 0 0
77 2 0 0 0 0 0 0 0 0 1 0 0 0
85 2 0 0 0 0 0 0 0 0 1 1 0 0
93 2 0 0 0 0 0 0 0 0 1 1 0 0
96 5 1 1 1 0 0 0 0 0 0 0 0 0
fn=mempcpy
56 2 0 0 0 0 0 0 0 0 1 0 0 0
57 3 0 0 2 0 0 0 0 0 0 0 0 0
60 3 0 0 1 0 0 0 0 0 0 0 0 0
61 2 1 1 0 0 0 0 0 0 1 1 0 0
74 2 0 0 0 0 0 0 0 0 1 0 0 0
77 2 0 0 0 0 0 0 0 0 1 0 0 0
85 2 0 0 0 0 0 0 0 0 1 1 0 0
93 2 1 1 0 0 0 0 0 0 1 1 0 0
96 5 1 1 1 0 0 0 0 0 0 0 0 0
fl=./string/../sysdeps/x86_64/multiarch/ifunc-memset.h
fn=memset
54 5 1 1 2 0 0 0 0 0 1 0 0 0
57 3 0 0 1 0 0 0 0 0 0 0 0 0
58 2 1 1 0 0 0 0 0 0 1 1 0 0
64 2 0 0 0 0 0 0 0 0 0 0 0 0
73 2 0 0 0 0 0 0 0 0 1 0 0 0
75 2 0 0 0 0 0 0 0 0 1 0 0 0
85 2 0 0 0 0 0 0 0 0 1 0 0 0
93 2 0 0 0 0 0 0 0 0 1 0 0 0
96 5 0 0 1 0 0 0 0 0 0 0 0 0
fl=./string/../sysdeps/x86_64/multiarch/ifunc-sse4_2.h
fn=strcspn
36 5 1 1 2 0 0 0 0 0 0 0 0 0
fn=strpbrk
36 5 0 0 2 1 0 0 0 0 0 0 0 0
fn=strspn
36 5 0 0 2 0 0 0 0 0 0 0 0 0
fl=./string/../sysdeps/x86_64/multiarch/ifunc-strcasecmp.h
fn=strcasecmp
36 4 0 0 0 0 0 0 0 0 1 1 0 0
37 2 1 1 2 0 0 0 0 0 0 0 0 0
38 3 1 1 1 0 0 0 0 0 1 0 0 0
41 2 0 0 0 0 0 0 0 0 0 0 0 0
42 2 0 0 0 0 0 0 0 0 1 1 0 0
45 3 0 0 0 0 0 0 0 0 1 0 0 0
48 5 0 0 0 0 0 0 0 0 1 0 0 0
fn=strcasecmp_l
36 4 0 0 0 0 0 0 0 0 1 1 0 0
37 2 0 0 2 0 0 0 0 0 0 0 0 0
38 3 1 1 1 0 0 0 0 0 1 0 0 0
41 2 0 0 0 0 0 0 0 0 0 0 0 0
42 2 0 0 0 0 0 0 0 0 1 1 0 0
45 3 0 0 0 0 0 0 0 0 1 0 0 0
48 5 1 1 0 0 0 0 0 0 1 0 0 0
fn=strncasecmp
36 4 0 0 0 0 0 0 0 0 1 1 0 0
37 2 1 1 2 0 0 0 0 0 0 0 0 0
38 3 1 1 1 0 0 0 0 0 1 0 0 0
41 2 0 0 0 0 0 0 0 0 0 0 0 0
42 2 0 0 0 0 0 0 0 0 1 1 0 0
45 3 0 0 0 0 0 0 0 0 1 0 0 0
48 5 0 0 0 0 0 0 0 0 1 0 0 0
fn=strncasecmp_l
36 4 0 0 0 0 0 0 0 0 1 1 0 0
37 2 0 0 2 0 0 0 0 0 0 0 0 0
38 3 1 1 1 0 0 0 0 0 1 0 0 0
41 2 0 0 0 0 0 0 0 0 0 0 0 0
42 2 0 0 0 0 0 0 0 0 1 0 0 0
45 3 0 0 0 0 0 0 0 0 1 0 0 0
48 5 1 1 0 0 0 0 0 0 1 0 0 0
fl=./string/../sysdeps/x86_64/multiarch/ifunc-strcpy.h
fn=stpcpy
38 4 0 0 2 0 0 0 0 0 0 0 0 0
39 3 1 1 1 0 0 0 0 0 1 0 0 0
42 2 0 0 0 0 0 0 0 0 0 0 0 0
43 2 0 0 0 0 0 0 0 0 1 1 0 0
46 3 0 0 0 0 0 0 0 0 1 0 0 0
49 3 0 0 0 0 0 0 0 0 1 1 0 0
fn=strcat
38 4 0 0 2 0 0 0 0 0 0 0 0 0
39 3 0 0 1 0 0 0 0 0 1 0 0 0
42 2 0 0 0 0 0 0 0 0 0 0 0 0
43 2 0 0 0 0 0 0 0 0 1 1 0 0
46 3 0 0 0 0 0 0 0 0 1 0 0 0
49 3 0 0 0 0 0 0 0 0 1 1 0 0
fn=strcpy
38 4 0 0 2 0 0 0 0 0 0 0 0 0
39 3 0 0 1 0 0 0 0 0 1 0 0 0
42 2 0 0 0 0 0 0 0 0 0 0 0 0
43 2 0 0 0 0 0 0 0 0 1 1 0 0
46 3 0 0 0 0 0 0 0 0 1 0 0 0
49 3 0 0 0 0 0 0 0 0 1 1 0 0
fl=./string/../sysdeps/x86_64/multiarch/ifunc-strncpy.h
fn=stpncpy
35 5 0 0 2 0 0 0 0 0 1 0 0 0
36 3 0 0 1 0 0 0 0 0 1 0 0 0
39 2 0 0 0 0 0 0 0 0 0 0 0 0
40 2 0 0 0 0 0 0 0 0 1 1 0 0
43 3 0 0 0 0 0 0 0 0 1 1 0 0
46 4 0 0 0 0 0 0 0 0 0 0 0 0
fn=strncpy
35 5 1 1 2 0 0 0 0 0 1 0 0 0
36 3 0 0 1 0 0 0 0 0 1 0 0 0
39 2 0 0 0 0 0 0 0 0 0 0 0 0
40 2 0 0 0 0 0 0 0 0 1 1 0 0
43 3 0 0 0 0 0 0 0 0 1 0 0 0
46 4 0 0 0 0 0 0 0 0 0 0 0 0
fl=./string/../sysdeps/x86_64/multiarch/memchr-avx2.S
fn=__memchr_avx2
61 3755 1 1 0 0 0 0 0 0 0 0 0 0
68 3755 0 0 0 0 0 0 0 0 0 0 0 0
70 3755 0 0 0 0 0 0 0 0 3755 0 0 0
73 3755 0 0 0 0 0 0 0 0 0 0 0 0
74 3755 0 0 0 0 0 0 0 0 0 0 0 0
76 3755 0 0 0 0 0 0 0 0 0 0 0 0
77 3755 0 0 0 0 0 0 0 0 0 0 0 0
78 3755 0 0 0 0 0 0 0 0 0 0 0 0
79 3755 0 0 0 0 0 0 0 0 3755 0 0 0
82 3755 0 0 3755 0 0 0 0 0 0 0 0 0
83 3755 0 0 0 0 0 0 0 0 0 0 0 0
86 3755 0 0 0 0 0 0 0 0 0 0 0 0
87 3755 0 0 0 0 0 0 0 0 3755 3 0 0
101 3755 1 1 0 0 0 0 0 0 0 0 0 0
106 3755 0 0 0 0 0 0 0 0 0 0 0 0
113 3755 0 0 0 0 0 0 0 0 0 0 0 0
114 3755 0 0 0 0 0 0 0 0 3755 0 0 0
115 3755 0 0 0 0 0 0 0 0 0 0 0 0
116 3755 0 0 3755 0 0 0 0 0 0 0 0 0
fl=./string/../sysdeps/x86_64/multiarch/memchr.c
fn=memchr
29 4 2 1 2 0 0 0 0 0 0 0 0 0
fl=./string/../sysdeps/x86_64/multiarch/memcmp-avx2-movbe.S
fn=__memcmp_avx2_movbe
73 43407 1 1 0 0 0 0 0 0 0 0 0 0
80 43407 0 0 0 0 0 0 0 0 0 0 0 0
81 43407 0 0 0 0 0 0 0 0 43407 1453 0 0
84 1 0 0 1 0 0 0 0 0 0 0 0 0
85 1 0 0 1 0 0 0 0 0 0 0 0 0
86 1 0 0 0 0 0 0 0 0 0 0 0 0
90 1 0 0 0 0 0 0 0 0 0 0 0 0
91 1 1 1 0 0 0 0 0 0 1 1 0 0
93 1 0 0 0 0 0 0 0 0 0 0 0 0
94 1 0 0 0 0 0 0 0 0 1 0 0 0
97 1 0 0 1 0 0 0 0 0 0 0 0 0
98 1 0 0 1 0 0 0 0 0 0 0 0 0
99 1 0 0 0 0 0 0 0 0 0 0 0 0
102 1 0 0 0 0 0 0 0 0 0 0 0 0
103 1 0 0 0 0 0 0 0 0 1 0 0 0
106 1 0 0 0 0 0 0 0 0 0 0 0 0
107 1 0 0 0 0 0 0 0 0 1 0 0 0
110 1 0 0 1 0 0 0 0 0 0 0 0 0
111 1 0 0 1 0 0 0 0 0 0 0 0 0
112 1 0 0 0 0 0 0 0 0 0 0 0 0
113 1 0 0 0 0 0 0 0 0 0 0 0 0
114 1 1 1 0 0 0 0 0 0 1 0 0 0
115 1 0 0 1 0 0 0 0 0 0 0 0 0
116 1 0 0 1 0 0 0 0 0 0 0 0 0
117 1 0 0 0 0 0 0 0 0 0 0 0 0
118 1 0 0 0 0 0 0 0 0 0 0 0 0
119 1 0 0 0 0 0 0 0 0 1 0 0 0
122 1 0 0 0 0 0 0 0 0 0 0 0 0
123 1 0 0 0 0 0 0 0 0 1 0 0 0
129 1 0 0 1 0 0 0 0 0 0 0 0 0
130 1 0 0 1 0 0 0 0 0 0 0 0 0
131 1 0 0 0 0 0 0 0 0 0 0 0 0
132 1 0 0 0 0 0 0 0 0 0 0 0 0
136 1 1 1 1 0 0 0 0 0 0 0 0 0
137 1 0 0 1 0 0 0 0 0 0 0 0 0
139 1 0 0 1 0 0 0 0 0 0 0 0 0
140 1 0 0 1 0 0 0 0 0 0 0 0 0
141 1 0 0 1 0 0 0 0 0 0 0 0 0
142 1 0 0 1 0 0 0 0 0 0 0 0 0
145 1 0 0 0 0 0 0 0 0 0 0 0 0
146 1 0 0 0 0 0 0 0 0 0 0 0 0
147 1 0 0 0 0 0 0 0 0 0 0 0 0
148 1 0 0 0 0 0 0 0 0 0 0 0 0
149 1 0 0 0 0 0 0 0 0 0 0 0 0
150 1 0 0 0 0 0 0 0 0 1 0 0 0
152 2 0 0 1 0 0 0 0 0 0 0 0 0
156 23451 888 1 0 0 0 0 0 0 0 0 0 0
166 23451 0 0 23451 0 0 0 0 0 0 0 0 0
167 23451 0 0 23451 0 0 0 0 0 0 0 0 0
168 23451 0 0 0 0 0 0 0 0 0 0 0 0
171 46902 0 0 23451 0 0 0 0 0 0 0 0 0
401 43406 1 1 0 0 0 0 0 0 0 0 0 0
402 43406 0 0 0 0 0 0 0 0 43406 8 0 0
407 39909 0 0 0 0 0 0 0 0 0 0 0 0
408 39909 0 0 0 0 0 0 0 0 0 0 0 0
409 39909 0 0 0 0 0 0 0 0 0 0 0 0
410 39909 0 0 0 0 0 0 0 0 0 0 0 0
411 39909 0 0 0 0 0 0 0 0 39909 3255 0 0
414 38857 0 0 38857 12 0 0 0 0 0 0 0 0
415 38857 0 0 38857 1771 0 0 0 0 0 0 0 0
416 38857 0 0 0 0 0 0 0 0 0 0 0 0
417 38857 0 0 0 0 0 0 0 0 0 0 0 0
420 38857 0 0 0 0 0 0 0 0 0 0 0 0
421 38857 0 0 0 0 0 0 0 0 38857 8517 0 0
422 15406 0 0 0 0 0 0 0 0 0 0 0 0
423 30812 0 0 15406 0 0 0 0 0 0 0 0 0
429 1052 1 1 0 0 0 0 0 0 0 0 0 0
430 1052 0 0 0 0 0 0 0 0 1052 0 0 0
432 1052 0 0 0 0 0 0 0 0 0 0 0 0
433 1052 0 0 0 0 0 0 0 0 1052 28 0 0
435 1031 0 0 0 0 0 0 0 0 0 0 0 0
436 1031 0 0 0 0 0 0 0 0 1031 3 0 0
438 1028 0 0 1028 6 0 0 0 0 0 0 0 0
439 1028 0 0 1028 0 0 0 0 0 0 0 0 0
440 1028 0 0 0 0 0 0 0 0 0 0 0 0
441 1028 0 0 0 0 0 0 0 0 0 0 0 0
442 1028 0 0 1028 0 0 0 0 0 0 0 0 0
443 1028 0 0 1028 0 0 0 0 0 0 0 0 0
444 1028 0 0 0 0 0 0 0 0 0 0 0 0
445 1028 0 0 0 0 0 0 0 0 0 0 0 0
446 1028 0 0 0 0 0 0 0 0 0 0 0 0
448 1028 0 0 0 0 0 0 0 0 1028 52 0 0
450 44 0 0 44 0 0 0 0 0 0 0 0 0
454 3497 1 1 0 0 0 0 0 0 3497 0 0 0
455 3497 0 0 3497 0 0 0 0 0 0 0 0 0
456 3497 0 0 3497 0 0 0 0 0 0 0 0 0
457 3497 0 0 0 0 0 0 0 0 0 0 0 0
459 3497 0 0 3497 0 0 0 0 0 0 0 0 0
463 987 0 0 0 0 0 0 0 0 0 0 0 0
464 987 0 0 0 0 0 0 0 0 0 0 0 0
466 987 0 0 987 0 0 0 0 0 0 0 0 0
476 21 0 0 21 1 0 0 0 0 0 0 0 0
477 21 0 0 21 0 0 0 0 0 0 0 0 0
478 21 0 0 0 0 0 0 0 0 0 0 0 0
479 21 0 0 0 0 0 0 0 0 21 4 0 0
480 18 0 0 18 0 0 0 0 0 0 0 0 0
481 18 0 0 18 0 0 0 0 0 0 0 0 0
482 18 0 0 0 0 0 0 0 0 0 0 0 0
484 18 3 1 0 0 0 0 0 0 18 2 0 0
486 18 0 0 18 0 0 0 0 0 0 0 0 0
553 3 1 1 3 0 0 0 0 0 0 0 0 0
554 3 0 0 3 0 0 0 0 0 0 0 0 0
555 3 0 0 0 0 0 0 0 0 0 0 0 0
556 3 0 0 0 0 0 0 0 0 0 0 0 0
557 3 0 0 0 0 0 0 0 0 0 0 0 0
558 3 0 0 0 0 0 0 0 0 0 0 0 0
559 3 0 0 3 0 0 0 0 0 0 0 0 0
560 3 0 0 3 0 0 0 0 0 0 0 0 0
561 3 0 0 0 0 0 0 0 0 0 0 0 0
562 3 0 0 0 0 0 0 0 0 0 0 0 0
564 3 0 0 0 0 0 0 0 0 0 0 0 0
566 3 0 0 3 0 0 0 0 0 0 0 0 0
fl=./string/../sysdeps/x86_64/multiarch/memcmp.c
fn=bcmp
29 12 2 1 3 0 0 0 0 0 0 0 0 0
fl=./string/../sysdeps/x86_64/multiarch/memcmpeq.c
fn=memcpy@@GLIBC_2.14
29 2 2 1 0 0 0 0 0 0 0 0 0 0
fl=./string/../sysdeps/x86_64/multiarch/memmove-vec-unaligned-erms.S
fn=???
251 5776 0 0 0 0 0 0 0 0 0 0 0 0
fn=__memcpy_avx_unaligned_erms
255 133661 1 1 0 0 0 0 0 0 0 0 0 0
256 133661 0 0 0 0 0 0 0 0 0 0 0 0
262 385698 0 0 0 0 0 0 0 0 0 0 0 0
263 385698 0 0 0 0 0 0 0 0 385698 5870 0 0
265 1505 0 0 1505 0 0 0 0 0 0 0 0 0
266 1505 0 0 0 0 0 0 0 0 0 0 0 0
267 1505 0 0 0 0 0 0 0 0 1505 16 0 0
270 1493 0 0 1493 0 0 0 0 0 0 0 0 0
271 1493 0 0 0 0 0 1493 50 0 0 0 0 0
272 1493 0 0 0 0 0 1493 31 0 0 0 0 0
275 2986 0 0 1493 0 0 0 0 0 0 0 0 0
305 384193 0 0 0 0 0 0 0 0 0 0 0 0
306 384193 0 0 0 0 0 0 0 0 384193 2600 0 0
308 375833 0 0 0 0 0 0 0 0 0 0 0 0
309 375833 0 0 0 0 0 0 0 0 375833 73526 0 0
311 308782 0 0 0 0 0 0 0 0 0 0 0 0
315 308782 0 0 0 0 0 0 0 0 308782 23434 0 0
316 183678 0 0 0 0 0 0 0 0 0 0 0 0
317 183678 0 0 0 0 0 0 0 0 183678 0 0 0
318 183678 0 0 183678 517 0 0 0 0 0 0 0 0
319 183678 0 0 0 0 0 0 0 0 183678 81650 0 0
320 76857 0 0 76857 0 0 0 0 0 0 0 0 0
321 76857 0 0 0 0 0 76857 1399 443 0 0 0 0
323 183678 0 0 0 0 0 183678 531 8 0 0 0 0
325 183678 0 0 183678 0 0 0 0 0 0 0 0 0
331 125104 0 0 125104 4824 0 0 0 0 0 0 0 0
332 125104 0 0 125104 0 0 0 0 0 0 0 0 0
333 125104 0 0 0 0 0 125104 3185 1854 0 0 0 0
334 125104 0 0 0 0 0 125104 0 0 0 0 0 0
335 125104 0 0 125104 0 0 0 0 0 0 0 0 0
342 8360 1 1 8360 45 0 0 0 0 0 0 0 0
343 8360 0 0 8360 0 0 0 0 0 0 0 0 0
344 8360 0 0 0 0 0 8360 0 0 0 0 0 0
345 8360 0 0 0 0 0 8360 31 0 0 0 0 0
347 8360 0 0 8360 0 0 0 0 0 0 0 0 0
364 67051 3 1 67051 2942 1 0 0 0 0 0 0 0
365 67051 0 0 67051 0 0 0 0 0 0 0 0 0
366 67051 0 0 0 0 0 67051 3155 1174 0 0 0 0
367 67051 0 0 0 0 0 67051 889 240 0 0 0 0
368 67051 0 0 67051 0 0 0 0 0 0 0 0 0
375 12 0 0 12 0 0 0 0 0 0 0 0 0
376 12 0 0 12 0 0 0 0 0 0 0 0 0
377 12 0 0 0 0 0 12 1 0 0 0 0 0
378 12 0 0 0 0 0 12 6 0 0 0 0 0
379 12 0 0 0 0 0 12 0 0 0 0 0 0
380 12 0 0 0 0 0 12 0 0 0 0 0 0
381 24 0 0 12 0 0 0 0 0 0 0 0 0
386 12 10 1 12 11 0 0 0 0 0 0 0 0
387 12 0 0 0 0 0 0 0 0 12 0 0 0
392 12 0 0 0 0 0 0 0 0 0 0 0 0
393 12 0 0 0 0 0 0 0 0 12 0 0 0
395 12 0 0 12 0 0 0 0 0 0 0 0 0
396 12 0 0 0 0 0 0 0 0 0 0 0 0
397 12 0 0 0 0 0 0 0 0 12 2 0 0
fn=__memcpy_chk_avx_unaligned_erms
249 1444 0 0 0 0 0 0 0 0 0 0 0 0
250 1444 0 0 0 0 0 0 0 0 0 0 0 0
251 1444 0 0 0 0 0 0 0 0 1444 13 0 0
fn=__mempcpy_avx_unaligned_erms
242 252037 1 1 0 0 0 0 0 0 0 0 0 0
243 252037 0 0 0 0 0 0 0 0 0 0 0 0
244 252037 0 0 0 0 0 0 0 0 0 0 0 0
245 252037 0 0 0 0 0 0 0 0 0 0 0 0
fn=memcpy
210 33 2 1 0 0 0 0 0 0 0 0 0 0
211 33 0 0 0 0 0 0 0 0 0 0 0 0
217 60 0 0 0 0 0 0 0 0 0 0 0 0
218 60 0 0 0 0 0 0 0 0 60 23 0 0
220 32 0 0 32 2 1 0 0 0 0 0 0 0
221 32 0 0 0 0 0 0 0 0 0 0 0 0
222 32 0 0 0 0 0 0 0 0 32 20 0 0
224 15 0 0 15 0 0 0 0 0 0 0 0 0
225 15 0 0 0 0 0 15 3 3 0 0 0 0
226 15 0 0 0 0 0 15 2 2 0 0 0 0
228 15 0 0 15 0 0 0 0 0 0 0 0 0
308 28 1 1 0 0 0 0 0 0 0 0 0 0
309 28 0 0 0 0 0 0 0 0 28 15 0 0
311 7 0 0 0 0 0 0 0 0 0 0 0 0
315 7 0 0 0 0 0 0 0 0 7 0 0 0
316 7 0 0 0 0 0 0 0 0 0 0 0 0
317 7 0 0 0 0 0 0 0 0 7 5 0 0
318 1 0 0 1 1 1 0 0 0 0 0 0 0
319 1 0 0 0 0 0 0 0 0 1 1 0 0
323 1 0 0 0 0 0 1 1 1 0 0 0 0
325 7 0 0 7 0 0 0 0 0 0 0 0 0
364 21 1 1 21 0 0 0 0 0 0 0 0 0
365 21 0 0 21 0 0 0 0 0 0 0 0 0
366 21 0 0 0 0 0 21 6 6 0 0 0 0
367 21 0 0 0 0 0 21 1 1 0 0 0 0
368 21 0 0 21 0 0 0 0 0 0 0 0 0
375 15 0 0 15 0 0 0 0 0 0 0 0 0
376 15 0 0 15 0 0 0 0 0 0 0 0 0
377 15 0 0 0 0 0 15 4 4 0 0 0 0
378 15 0 0 0 0 0 15 1 1 0 0 0 0
379 15 0 0 0 0 0 15 5 5 0 0 0 0
380 15 0 0 0 0 0 15 0 0 0 0 0 0
381 15 0 0 15 0 0 0 0 0 0 0 0 0
392 17 1 0 0 0 0 0 0 0 0 0 0 0
393 17 0 0 0 0 0 0 0 0 17 2 0 0
395 15 0 0 15 0 0 0 0 0 0 0 0 0
396 15 2 1 0 0 0 0 0 0 0 0 0 0
397 15 0 0 0 0 0 0 0 0 15 10 0 0
417 2 1 1 0 0 0 0 0 0 0 0 0 0
418 2 0 0 0 0 0 0 0 0 0 0 0 0
422 2 0 0 0 0 0 0 0 0 0 0 0 0
424 2 0 0 0 0 0 0 0 0 2 0 0 0
440 2 0 0 0 0 0 0 0 0 0 0 0 0
443 2 0 0 0 0 0 0 0 0 0 0 0 0
445 2 0 0 0 0 0 0 0 0 0 0 0 0
447 2 0 0 0 0 0 0 0 0 0 0 0 0
451 2 0 0 0 0 0 0 0 0 0 0 0 0
452 2 0 0 0 0 0 0 0 0 2 0 0 0
461 2 0 0 2 2 2 0 0 0 0 0 0 0
462 2 0 0 2 1 1 0 0 0 0 0 0 0
464 2 0 0 0 0 0 0 0 0 0 0 0 0
466 2 0 0 0 0 0 0 0 0 0 0 0 0
467 2 0 0 2 0 0 0 0 0 0 0 0 0
468 2 1 1 2 1 1 0 0 0 0 0 0 0
471 2 0 0 0 0 0 0 0 0 0 0 0 0
473 2 0 0 0 0 0 0 0 0 0 0 0 0
475 2 0 0 0 0 0 0 0 0 0 0 0 0
477 2 0 0 0 0 0 0 0 0 0 0 0 0
483 7 0 0 7 0 0 0 0 0 0 0 0 0
484 7 0 0 7 2 2 0 0 0 0 0 0 0
485 7 0 0 7 0 0 0 0 0 0 0 0 0
486 7 0 0 7 2 2 0 0 0 0 0 0 0
487 7 0 0 0 0 0 0 0 0 0 0 0 0
488 7 0 0 0 0 0 7 1 1 0 0 0 0
489 7 0 0 0 0 0 7 4 4 0 0 0 0
490 7 0 0 0 0 0 7 0 0 0 0 0 0
491 7 0 0 0 0 0 7 3 3 0 0 0 0
492 7 0 0 0 0 0 0 0 0 0 0 0 0
493 7 0 0 0 0 0 0 0 0 0 0 0 0
494 7 0 0 0 0 0 0 0 0 7 5 0 0
496 2 1 1 0 0 0 2 1 1 0 0 0 0
497 2 0 0 0 0 0 2 0 0 0 0 0 0
498 2 0 0 0 0 0 2 0 0 0 0 0 0
499 2 0 0 0 0 0 2 0 0 0 0 0 0
501 2 0 0 0 0 0 2 0 0 0 0 0 0
505 2 0 0 2 0 0 0 0 0 0 0 0 0
fn=mempcpy
197 27 0 0 0 0 0 0 0 0 0 0 0 0
198 27 0 0 0 0 0 0 0 0 0 0 0 0
199 27 0 0 0 0 0 0 0 0 0 0 0 0
200 27 0 0 0 0 0 0 0 0 0 0 0 0
fl=./string/../sysdeps/x86_64/multiarch/memmove.c
fn=memmove
29 1 1 1 0 0 0 0 0 0 0 0 0 0
fl=./string/../sysdeps/x86_64/multiarch/mempcpy.c
fn=mempcpy
33 1 1 1 0 0 0 0 0 0 0 0 0 0
fl=./string/../sysdeps/x86_64/multiarch/memrchr.c
fn=memrchr
29 3 1 1 1 0 0 0 0 0 0 0 0 0
fl=./string/../sysdeps/x86_64/multiarch/memset.c
fn=memset
29 1 1 1 0 0 0 0 0 0 0 0 0 0
fl=./string/../sysdeps/x86_64/multiarch/stpcpy.c
fn=stpcpy
33 3 1 1 1 0 0 0 0 0 0 0 0 0
fl=./string/../sysdeps/x86_64/multiarch/stpncpy.c
fn=stpncpy
31 3 2 2 1 0 0 0 0 0 0 0 0 0
fl=./string/../sysdeps/x86_64/multiarch/strcasecmp.c
fn=strcasecmp
31 3 0 0 1 0 0 0 0 0 0 0 0 0
fl=./string/../sysdeps/x86_64/multiarch/strcasecmp_l.c
fn=strcasecmp_l
31 3 1 1 1 0 0 0 0 0 0 0 0 0
fl=./string/../sysdeps/x86_64/multiarch/strcat.c
fn=strcat
29 3 1 1 1 0 0 0 0 0 0 0 0 0
fl=./string/../sysdeps/x86_64/multiarch/strchr-avx2.S
fn=__strchrnul_avx2
53 7510 1 1 0 0 0 0 0 0 0 0 0 0
55 7510 0 0 0 0 0 0 0 0 0 0 0 0
56 7510 0 0 0 0 0 0 0 0 0 0 0 0
57 7510 0 0 0 0 0 0 0 0 0 0 0 0
58 7510 0 0 0 0 0 0 0 0 0 0 0 0
59 7510 0 0 0 0 0 0 0 0 0 0 0 0
62 7510 0 0 0 0 0 0 0 0 0 0 0 0
63 7510 1 1 0 0 0 0 0 0 7510 0 0 0
67 7510 0 0 7510 0 0 0 0 0 0 0 0 0
68 7510 0 0 0 0 0 0 0 0 0 0 0 0
69 7510 0 0 0 0 0 0 0 0 0 0 0 0
70 7510 0 0 0 0 0 0 0 0 0 0 0 0
71 7510 0 0 0 0 0 0 0 0 0 0 0 0
72 7510 0 0 0 0 0 0 0 0 0 0 0 0
73 7510 0 0 0 0 0 0 0 0 7510 3 0 0
74 7510 0 0 0 0 0 0 0 0 0 0 0 0
87 7510 0 0 0 0 0 0 0 0 0 0 0 0
89 15020 0 0 7510 0 0 0 0 0 0 0 0 0
fl=./string/../sysdeps/x86_64/multiarch/strchr.c
fn=index
42 4 0 0 0 0 0 0 0 0 0 0 0 0
43 2 1 1 2 0 0 0 0 0 0 0 0 0
44 3 0 0 1 0 0 0 0 0 1 0 0 0
47 2 0 0 0 0 0 0 0 0 0 0 0 0
48 2 0 0 0 0 0 0 0 0 1 0 0 0
51 3 0 0 0 0 0 0 0 0 1 0 0 0
54 3 0 0 0 0 0 0 0 0 1 0 0 0
65 3 2 2 1 0 0 0 0 0 0 0 0 0
fl=./string/../sysdeps/x86_64/multiarch/strchrnul.c
fn=strchrnul
31 3 0 0 1 0 0 0 0 0 0 0 0 0
fl=./string/../sysdeps/x86_64/multiarch/strcmp-avx2.S
fn=__strncmp_avx2
206 15 1 1 0 0 0 0 0 0 0 0 0 0
230 15 0 0 0 0 0 0 0 0 0 0 0 0
235 15 0 0 0 0 0 0 0 0 15 0 0 0
249 15 0 0 0 0 0 0 0 0 0 0 0 0
274 15 0 0 0 0 0 0 0 0 0 0 0 0
275 15 0 0 0 0 0 0 0 0 0 0 0 0
276 15 0 0 0 0 0 0 0 0 0 0 0 0
278 15 0 0 0 0 0 0 0 0 0 0 0 0
279 15 1 1 0 0 0 0 0 0 15 2 0 0
283 15 0 0 15 0 0 0 0 0 0 0 0 0
287 15 0 0 15 4 0 0 0 0 0 0 0 0
289 15 0 0 0 0 0 0 0 0 0 0 0 0
291 15 0 0 0 0 0 0 0 0 0 0 0 0
294 15 0 0 0 0 0 0 0 0 0 0 0 0
296 15 0 0 0 0 0 0 0 0 0 0 0 0
297 15 0 0 0 0 0 0 0 0 15 5 0 0
308 15 0 0 0 0 0 0 0 0 0 0 0 0
318 15 0 0 15 0 0 0 0 0 0 0 0 0
319 15 0 0 15 0 0 0 0 0 0 0 0 0
322 15 0 0 0 0 0 0 0 0 0 0 0 0
326 30 0 0 15 0 0 0 0 0 0 0 0 0
331 15 0 0 0 0 0 0 0 0 0 0 0 0
332 15 0 0 0 0 0 0 0 0 0 0 0 0
333 15 0 0 0 0 0 0 0 0 15 5 0 0
fl=./string/../sysdeps/x86_64/multiarch/strcmp.c
fn=strcmp
47 4 0 0 0 0 0 0 0 0 0 0 0 0
48 2 0 0 2 0 0 0 0 0 0 0 0 0
49 3 1 1 1 0 0 0 0 0 1 0 0 0
52 2 0 0 0 0 0 0 0 0 0 0 0 0
53 2 1 1 0 0 0 0 0 0 1 1 0 0
56 3 0 0 0 0 0 0 0 0 1 0 0 0
59 3 0 0 0 0 0 0 0 0 1 0 0 0
79 3 1 1 1 0 0 0 0 0 0 0 0 0
fl=./string/../sysdeps/x86_64/multiarch/strcpy.c
fn=strcpy
29 3 1 1 1 0 0 0 0 0 0 0 0 0
fl=./string/../sysdeps/x86_64/multiarch/strcspn.c
fn=strcspn
29 2 1 1 1 0 0 0 0 0 0 0 0 0
fl=./string/../sysdeps/x86_64/multiarch/strlen-avx2.S
fn=__strlen_avx2
52 144137 1 1 0 0 0 0 0 0 0 0 0 0
65 144137 0 0 0 0 0 0 0 0 0 0 0 0
66 144137 0 0 0 0 0 0 0 0 0 0 0 0
67 144137 0 0 0 0 0 0 0 0 0 0 0 0
70 144137 0 0 0 0 0 0 0 0 0 0 0 0
72 144137 0 0 0 0 0 0 0 0 0 0 0 0
73 144137 0 0 0 0 0 0 0 0 144137 220 0 0
76 144137 0 0 144137 1884 17 0 0 0 0 0 0 0
77 144137 0 0 0 0 0 0 0 0 0 0 0 0
85 144137 0 0 0 0 0 0 0 0 0 0 0 0
86 144137 0 0 0 0 0 0 0 0 144137 2 0 0
87 144137 0 0 0 0 0 0 0 0 0 0 0 0
92 288274 0 0 144137 0 0 0 0 0 0 0 0 0
fl=./string/../sysdeps/x86_64/multiarch/strlen.c
fn=strlen
29 9 1 1 3 0 0 0 0 0 0 0 0 0
fl=./string/../sysdeps/x86_64/multiarch/strncase.c
fn=strncasecmp
31 3 0 0 1 0 0 0 0 0 0 0 0 0
fl=./string/../sysdeps/x86_64/multiarch/strncase_l.c
fn=strncasecmp_l
31 3 1 1 1 0 0 0 0 0 0 0 0 0
fl=./string/../sysdeps/x86_64/multiarch/strncmp.c
fn=strncmp
43 4 0 0 0 0 0 0 0 0 1 1 0 0
44 2 0 0 2 0 0 0 0 0 0 0 0 0
45 3 1 1 1 0 0 0 0 0 1 0 0 0
48 2 0 0 0 0 0 0 0 0 0 0 0 0
49 2 0 0 0 0 0 0 0 0 1 1 0 0
52 3 0 0 0 0 0 0 0 0 1 0 0 0
55 5 1 1 0 0 0 0 0 0 1 0 0 0
67 3 1 1 1 0 0 0 0 0 0 0 0 0
fl=./string/../sysdeps/x86_64/multiarch/strncpy.c
fn=strncpy
29 3 1 1 1 0 0 0 0 0 0 0 0 0
fl=./string/../sysdeps/x86_64/multiarch/strnlen.c
fn=strnlen
31 6 1 1 2 0 0 0 0 0 0 0 0 0
fl=./string/../sysdeps/x86_64/multiarch/strpbrk.c
fn=strpbrk
29 2 1 1 1 0 0 0 0 0 0 0 0 0
fl=./string/../sysdeps/x86_64/multiarch/strrchr-avx2.S
fn=__strrchr_avx2
53 1 1 1 0 0 0 0 0 0 0 0 0 0
54 1 0 0 0 0 0 0 0 0 0 0 0 0
55 1 0 0 0 0 0 0 0 0 0 0 0 0
57 1 0 0 0 0 0 0 0 0 0 0 0 0
58 1 1 1 0 0 0 0 0 0 0 0 0 0
62 1 0 0 0 0 0 0 0 0 0 0 0 0
63 1 0 0 0 0 0 0 0 0 0 0 0 0
64 1 0 0 0 0 0 0 0 0 1 0 0 0
67 1 0 0 1 1 0 0 0 0 0 0 0 0
69 1 0 0 0 0 0 0 0 0 0 0 0 0
70 1 0 0 0 0 0 0 0 0 0 0 0 0
71 1 0 0 0 0 0 0 0 0 0 0 0 0
72 1 0 0 0 0 0 0 0 0 1 1 0 0
97 1 1 1 0 0 0 0 0 0 0 0 0 0
98 1 0 0 0 0 0 0 0 0 0 0 0 0
99 1 0 0 0 0 0 0 0 0 0 0 0 0
100 1 0 0 0 0 0 0 0 0 0 0 0 0
101 1 0 0 0 0 0 0 0 0 1 1 0 0
127 1 0 0 0 0 0 0 0 0 0 0 0 0
128 1 0 0 0 0 0 0 0 0 0 0 0 0
132 2 0 0 1 0 0 0 0 0 0 0 0 0
156 1 1 1 0 0 0 0 0 0 0 0 0 0
159 1 0 0 0 0 0 0 0 0 0 0 0 0
160 1 0 0 1 0 0 0 0 0 0 0 0 0
161 1 0 0 0 0 0 0 0 0 0 0 0 0
162 1 1 1 0 0 0 0 0 0 0 0 0 0
163 1 0 0 0 0 0 0 0 0 0 0 0 0
164 1 0 0 0 0 0 0 0 0 1 1 0 0
fl=./string/../sysdeps/x86_64/multiarch/strrchr.c
fn=rindex
28 3 0 0 1 0 0 0 0 0 0 0 0 0
fl=./string/../sysdeps/x86_64/multiarch/strspn.c
fn=strspn
29 2 1 1 1 0 0 0 0 0 0 0 0 0
fl=./string/./string/strdup.c
fn=strdup
40 36 1 1 0 0 0 18 0 0 0 0 0 0
41 12 0 0 0 0 0 6 0 0 0 0 0 0
44 12 1 1 0 0 0 0 0 0 6 0 0 0
47 24 0 0 0 0 0 0 0 0 0 0 0 0
48 18 0 0 18 0 0 0 0 0 0 0 0 0
fl=./termios/../sysdeps/unix/sysv/linux/tcgetattr.c
fn=tcgetattr
34 8 1 1 1 0 0 2 0 0 0 0 0 0
38 11 3 3 1 0 0 1 0 0 1 1 0 0
77 6 0 0 4 0 0 0 0 0 1 0 0 0
fl=./time/../sysdeps/unix/sysv/linux/clock_gettime.c
fn=clock_gettime@@GLIBC_2.17
30 3996 1 1 0 0 0 0 0 0 0 0 0 0
38 7992 0 0 7992 962 0 0 0 0 0 0 0 0
40 7992 0 0 0 0 0 0 0 0 3996 8 0 0
44 7992 0 0 3996 0 0 0 0 0 0 0 0 0
68 7992 0 0 0 0 0 0 0 0 0 0 0 0
69 7992 1 1 0 0 0 0 0 0 3996 0 0 0
fl=./wcsmbs/../sysdeps/x86_64/multiarch/ifunc-avx2.h
fn=wcschr
38 8 1 1 0 0 0 0 0 0 2 2 0 0
40 6 0 0 4 0 0 0 0 0 0 0 0 0
41 4 0 0 2 0 0 0 0 0 2 0 0 0
42 6 0 0 2 0 0 0 0 0 2 0 0 0
45 4 0 0 0 0 0 0 0 0 0 0 0 0
46 4 0 0 0 0 0 0 0 0 2 2 0 0
49 6 0 0 0 0 0 0 0 0 2 0 0 0
52 12 1 1 0 0 0 0 0 0 0 0 0 0
fn=wcscmp
38 4 0 0 0 0 0 0 0 0 1 1 0 0
40 3 0 0 2 0 0 0 0 0 0 0 0 0
41 2 1 1 1 0 0 0 0 0 1 0 0 0
42 3 0 0 1 0 0 0 0 0 1 0 0 0
45 2 0 0 0 0 0 0 0 0 0 0 0 0
46 2 0 0 0 0 0 0 0 0 1 1 0 0
49 3 0 0 0 0 0 0 0 0 1 0 0 0
52 6 1 1 0 0 0 0 0 0 0 0 0 0
fl=./wcsmbs/../sysdeps/x86_64/multiarch/ifunc-evex.h
fn=wmemchr
37 8 0 0 0 0 0 0 0 0 2 2 0 0
38 6 1 1 4 0 0 0 0 0 0 0 0 0
39 6 0 0 2 0 0 0 0 0 2 0 0 0
42 4 0 0 0 0 0 0 0 0 0 0 0 0
43 4 1 1 0 0 0 0 0 0 2 2 0 0
45 4 0 0 0 0 0 0 0 0 0 0 0 0
51 6 0 0 0 0 0 0 0 0 2 0 0 0
54 8 0 0 0 0 0 0 0 0 0 0 0 0
fl=./wcsmbs/../sysdeps/x86_64/multiarch/ifunc-memcmp.h
fn=wmemcmp
34 5 1 1 2 0 0 0 0 0 1 0 0 0
35 2 0 0 1 0 0 0 0 0 1 0 0 0
36 2 0 0 0 0 0 0 0 0 1 0 0 0
37 3 0 0 1 0 0 0 0 0 1 0 0 0
40 2 0 0 0 0 0 0 0 0 0 0 0 0
41 2 0 0 0 0 0 0 0 0 1 1 0 0
44 3 0 0 0 0 0 0 0 0 1 0 0 0
47 4 0 0 0 0 0 0 0 0 0 0 0 0
fl=./wcsmbs/../sysdeps/x86_64/multiarch/ifunc-wcs.h
fn=wcpncpy
39 4 1 1 0 0 0 0 0 0 1 1 0 0
40 3 0 0 2 0 0 0 0 0 0 0 0 0
41 3 0 0 1 0 0 0 0 0 1 0 0 0
44 2 0 0 0 0 0 0 0 0 0 0 0 0
45 3 0 0 0 0 0 0 0 0 1 1 0 0
48 4 0 0 0 0 0 0 0 0 0 0 0 0
fn=wcscat
39 4 0 0 0 0 0 0 0 0 1 1 0 0
40 3 0 0 2 0 0 0 0 0 0 0 0 0
41 3 0 0 1 0 0 0 0 0 1 0 0 0
44 2 0 0 0 0 0 0 0 0 0 0 0 0
45 3 0 0 0 0 0 0 0 0 1 1 0 0
48 4 0 0 0 0 0 0 0 0 0 0 0 0
fn=wcsncpy
39 4 0 0 0 0 0 0 0 0 1 1 0 0
40 3 0 0 2 0 0 0 0 0 0 0 0 0
41 3 0 0 1 0 0 0 0 0 1 0 0 0
44 2 0 0 0 0 0 0 0 0 0 0 0 0
45 3 0 0 0 0 0 0 0 0 1 1 0 0
48 4 0 0 0 0 0 0 0 0 0 0 0 0
fl=./wcsmbs/../sysdeps/x86_64/multiarch/ifunc-wcslen.h
fn=wcslen
40 4 0 0 0 0 0 0 0 0 1 1 0 0
41 2 0 0 2 0 0 0 0 0 0 0 0 0
42 3 1 1 1 0 0 0 0 0 1 0 0 0
45 2 0 0 0 0 0 0 0 0 0 0 0 0
46 2 0 0 0 0 0 0 0 0 1 1 0 0
49 3 0 0 0 0 0 0 0 0 1 0 0 0
52 3 0 0 0 0 0 0 0 0 1 0 0 0
fn=wcsnlen
40 4 0 0 0 0 0 0 0 0 1 1 0 0
41 2 1 1 2 0 0 0 0 0 0 0 0 0
42 3 0 0 1 0 0 0 0 0 1 0 0 0
45 2 1 1 0 0 0 0 0 0 0 0 0 0
46 2 0 0 0 0 0 0 0 0 1 1 0 0
49 3 0 0 0 0 0 0 0 0 1 0 0 0
52 3 0 0 0 0 0 0 0 0 1 0 0 0
fl=./wcsmbs/../sysdeps/x86_64/multiarch/ifunc-wmemset.h
fn=wmemset
36 10 0 0 4 0 0 0 0 0 2 0 0 0
37 6 1 1 2 0 0 0 0 0 2 2 0 0
fl=./wcsmbs/../sysdeps/x86_64/multiarch/wcpcpy.c
fn=wcpncpy
31 1 1 1 0 0 0 0 0 0 0 0 0 0
fl=./wcsmbs/../sysdeps/x86_64/multiarch/wcpncpy.c
fn=wcpncpy
31 1 0 0 1 0 0 0 0 0 0 0 0 0
fl=./wcsmbs/../sysdeps/x86_64/multiarch/wcscat.c
fn=wcscat
31 2 1 1 1 0 0 0 0 0 0 0 0 0
fn=wcschr
31 2 1 1 0 0 0 0 0 0 0 0 0 0
fl=./wcsmbs/../sysdeps/x86_64/multiarch/wcschr.c
fn=wcschr
31 4 0 0 2 0 0 0 0 0 0 0 0 0
fl=./wcsmbs/../sysdeps/x86_64/multiarch/wcscmp.c
fn=wcscmp
30 3 1 1 1 0 0 0 0 0 0 0 0 0
fl=./wcsmbs/../sysdeps/x86_64/multiarch/wcscpy.c
fn=wcscpy
42 4 0 0 0 0 0 0 0 0 1 1 0 0
43 2 1 1 2 0 0 0 0 0 0 0 0 0
44 3 0 0 1 0 0 0 0 0 1 0 0 0
46 2 1 1 0 0 0 0 0 0 0 0 0 0
47 3 0 0 0 0 0 0 0 0 1 1 0 0
50 3 0 0 0 0 0 0 0 0 1 0 0 0
60 2 1 1 1 0 0 0 0 0 0 0 0 0
fl=./wcsmbs/../sysdeps/x86_64/multiarch/wcslen.c
fn=wcslen
29 3 2 2 1 0 0 0 0 0 0 0 0 0
fl=./wcsmbs/../sysdeps/x86_64/multiarch/wcsncpy.c
fn=wcsncpy
31 2 1 1 1 0 0 0 0 0 0 0 0 0
fl=./wcsmbs/../sysdeps/x86_64/multiarch/wcsnlen.c
fn=wcsnlen
30 3 1 1 1 0 0 0 0 0 0 0 0 0
fl=./wcsmbs/../sysdeps/x86_64/multiarch/wmemchr.c
fn=wmemchr
31 4 1 1 2 0 0 0 0 0 0 0 0 0
fl=./wcsmbs/../sysdeps/x86_64/multiarch/wmemcmp.c
fn=wmemcmp
29 4 1 1 1 0 0 0 0 0 0 0 0 0
fl=./wcsmbs/../sysdeps/x86_64/multiarch/wmemset.c
fn=wmemset
31 4 1 1 2 0 0 0 0 0 0 0 0 0
fl=./wcsmbs/./wcsmbs/btowc.c
fn=btowc
32 2560 1 1 256 0 0 1280 0 0 0 0 0 0
37 1792 1 1 0 0 0 0 0 0 256 0 0 0
42 512 0 0 0 0 0 0 0 0 256 6 0 0
46 384 0 0 384 1 0 0 0 0 0 0 0 0
47 256 1 1 256 2 0 0 0 0 0 0 0 0
48 256 0 0 128 1 0 0 0 0 128 2 0 0
52 512 0 0 128 0 0 0 0 0 128 0 0 0
55 1152 0 0 384 0 0 128 0 0 128 0 128 1
94 1792 1 1 1408 0 0 0 0 0 128 0 0 0
fl=./wcsmbs/./wcsmbs/wctob.c
fn=wctob
30 1280 1 1 128 0 0 640 0 0 0 0 0 0
39 384 0 0 0 0 0 0 0 0 128 0 0 0
44 256 0 0 0 0 0 0 0 0 128 0 0 0
45 128 0 0 0 0 0 0 0 0 0 0 0 0
79 1152 1 1 896 0 0 0 0 0 128 0 0 0
fl=./wcsmbs/./wcsmbsload.h
fn=btowc
69 128 0 0 128 1 0 0 0 0 0 0 0 0
70 384 0 0 128 1 0 0 0 0 128 0 0 0
fl=./wctype/./wctype/wctype_l.c
fn=wctype_l
26 110 1 1 0 0 0 60 0 0 0 0 0 0
29 20 1 1 0 0 0 10 0 0 0 0 0 0
32 30 0 0 20 1 0 10 0 0 0 0 0 0
33 68 0 0 0 0 0 0 0 0 0 0 0 0
35 174 0 0 0 0 0 58 0 0 0 0 0 0
37 410 1 1 0 0 0 49 0 0 107 12 0 0
40 48 0 0 0 0 0 0 0 0 0 0 0 0
41 96 0 0 48 0 0 0 0 0 48 0 0 0
45 20 0 0 20 1 0 0 0 0 0 0 0 0
46 10 0 0 10 2 0 0 0 0 0 0 0 0
47 80 0 0 70 0 0 0 0 0 0 0 0 0
fl=???
fn=(below main)
0 12 1 1 2 1 0 3 0 0 0 0 1 1
fn=???
0 14152522 4238 330 5166469 16652 10 950674 98 13 470027 59208 3611164 511656
fn=Compra::Compra(Compra const&)
0 73676 206 6 36612 387 0 9040 306 195 3164 113 0 0
fn=Compra::Compra(int, int, int, int const*, int const*, int)
0 29200 5 5 12400 0 0 4600 0 0 1200 90 0 0
fn=Compra::imprimir_consulta(int) const
0 1410 26 7 360 19 0 204 0 0 42 8 0 0
fn=Compra::ordenar_por_id_produto()
0 41440 6 6 22120 0 0 3024 0 0 2600 431 0 0
fn=Compra::~Compra()
0 15648 2 0 6520 104 0 2608 0 0 1304 3 0 0
fn=ConjuntoIds::ConjuntoIds()
0 121990 176 2 33270 0 0 33270 0 0 0 0 0 0
fn=ConjuntoIds::ConjuntoIds(ConjuntoIds const&)
0 172900 1 1 49400 0 0 49400 0 0 0 0 0 0
fn=ConjuntoIds::ConjuntoIds(ConjuntoIds&&)
0 1862 0 0 532 0 0 532 0 0 0 0 0 0
fn=ConjuntoIds::append(int)
0 234164 0 0 50178 0 0 66904 0 0 0 0 0 0
fn=ConjuntoIds::complemento(ConjuntoIds const&, ConjuntoIds const&)
0 269677 8 6 71976 2 0 47812 0 0 24840 944 0 0
fn=ConjuntoIds::conjunto_vazio()
0 1043 1 1 279 32 0 97 0 0 94 4 0 0
fn=ConjuntoIds::inserir(int)
0 78396730 887 5 34159462 12908 0 6691643 342 0 12782682 57072 0 0
fn=ConjuntoIds::intersect(ConjuntoIds const&, ConjuntoIds const&)
0 1209679 221 6 357179 55 0 179453 0 0 119196 10618 0 0
fn=ConjuntoIds::intersect_multiplo(Vetor<ConjuntoIds> const&)
0 10507 5 5 2261 0 0 2261 0 0 532 66 0 0
fn=ConjuntoIds::operator=(ConjuntoIds const&)
0 2419284 1 1 864030 0 0 691224 0 0 0 0 0 0
fn=ConjuntoIds::operator=(ConjuntoIds&&)
0 67312 0 0 24040 0 0 19232 0 0 0 0 0 0
fn=ConjuntoIds::operator[](int) const
0 2144464 1 1 765880 8380 0 612704 0 0 0 0 0 0
fn=ConjuntoIds::remover(int)
0 114396 2 2 47043 1149 0 19979 47 0 9708 2655 0 0
fn=ConjuntoIds::tamanho() const
0 1170340 1 1 351102 0 0 351102 0 0 0 0 0 0
fn=ConjuntoIds::uniao(ConjuntoIds const&, ConjuntoIds const&)
0 124824 62 7 33392 4 0 21617 0 0 10473 1053 0 0
fn=ConjuntoIds::~ConjuntoIds()
0 259303 1 1 70719 0 0 70719 0 0 0 0 0 0
fn=ConsultaEvaluator::ConsultaEvaluator(Sistema const*)
0 2200 0 0 800 0 0 800 0 0 0 0 0 0
fn=ConsultaEvaluator::avaliar(std::__cxx11::basic_string<char, std::char_traits<char>, std::allocator<char> > const&, Vetor<std::__cxx11::basic_string<char, std::char_traits<char>, std::allocator<char> > > const&)
0 5667 26 3 2200 33 0 1600 0 0 400 2 0 0
fn=ConsultaEvaluator::avaliar_and(std::__cxx11::basic_string<char, std::char_traits<char>, std::allocator<char> > const&, Vetor<std::__cxx11::basic_string<char, std::char_traits<char>, std::allocator<char> > > const&)
0 13832 31 5 2793 0 0 3192 0 0 532 128 0 0
fn=ConsultaEvaluator::avaliar_expr(std::__cxx11::basic_string<char, std::char_traits<char>, std::allocator<char> > const&, Vetor<std::__cxx11::basic_string<char, std::char_traits<char>, std::allocator<char> > > const&)
0 3015 20 2 871 0 0 804 0 0 67 0 0 0
fn=ConsultaEvaluator::avaliar_rpn(std::__cxx11::basic_string<char, std::char_traits<char>, std::allocator<char> > const&, Vetor<TokenExpr> const&)
0 16524 224 16 3821 1 0 3378 0 0 952 209 0 0
fn=ConsultaEvaluator::para_rpn(Vetor<TokenExpr> const&) const
0 12520 12 7 3531 0 0 2402 0 0 992 233 0 0
fn=ConsultaEvaluator::resolver_filtro(std::__cxx11::basic_string<char, std::char_traits<char>, std::allocator<char> > const&, FiltroAtomico const&)
0 12048 48 2 5522 88 0 3514 0 0 502 20 0 0
fn=ConsultaEvaluator::universo(std::__cxx11::basic_string<char, std::char_traits<char>, std::allocator<char> > const&) const
0 368 14 1 160 0 0 96 0 0 16 2 0 0
fn=EntradaVetorInt::EntradaVetorInt()
0 39000 1 1 9750 0 0 9750 0 0 0 0 0 0
fn=EntradaVetorInt::EntradaVetorInt(EntradaVetorInt const&)
0 152520 1 1 53382 432 0 38130 1138 411 0 0 0 0
fn=EntradaVetorInt::operator=(EntradaVetorInt const&)
0 1882500 0 0 753000 11342 0 470625 0 0 0 0 0 0
fn=EntradaVetorInt::~EntradaVetorInt()
0 130512 0 0 32628 0 0 32628 0 0 0 0 0 0
fn=EntradaVetorString::EntradaVetorString()
0 24225 435 2 7125 0 0 7125 0 0 0 0 0 0
fn=EntradaVetorString::EntradaVetorString(EntradaVetorString const&)
0 80063 15 2 24367 0 0 20886 0 0 0 0 0 0
fn=EntradaVetorString::operator=(EntradaVetorString const&)
0 1652301 27 0 550767 0 0 393405 0 0 0 0 0 0
fn=EntradaVetorString::~EntradaVetorString()
0 73590 0 0 19624 0 0 19624 0 0 0 0 0 0
fn=FiltroAtomico::FiltroAtomico()
0 15295 1 1 4025 0 0 4025 0 0 0 0 0 0
fn=FiltroAtomico::FiltroAtomico(FiltroAtomico const&)
0 45798 3 3 16164 0 0 10776 115 5 0 0 0 0
fn=FiltroAtomico::operator=(FiltroAtomico&&)
0 7552 1 1 2832 0 0 1652 0 0 0 0 0 0
fn=FiltroAtomico::~FiltroAtomico()
0 40888 1 1 10760 0 0 10760 0 0 0 0 0 0
fn=HistoricoCompras::HistoricoCompras()
0 15 0 0 4 0 0 4 0 0 0 0 0 0
fn=HistoricoCompras::ao_cadastrar_produto(int)
0 32154 713 3 7689 0 0 6990 0 0 2097 8 0 0
fn=HistoricoCompras::ao_cadastrar_usuario(int)
0 30057 3 3 7689 0 0 6990 0 0 2097 14 0 0
fn=HistoricoCompras::imprimir_produtos_usuario(int) const
0 238791 83 4 50614 916 0 51173 0 0 8943 1677 0 0
fn=HistoricoCompras::imprimir_usuarios_produto(int) const
0 308977 43 6 64734 2215 0 65341 0 0 12265 2914 0 0
fn=HistoricoCompras::inserir_ou_somar(Vetor<ParIdQtd>&, int, int)
0 97220 6 6 35582 203 0 23082 0 0 9978 1170 0 0
fn=HistoricoCompras::registrar_compra(int, int const*, int const*, int)
0 33400 4 4 12600 0 0 4200 0 0 800 226 0 0
fn=HistoricoCompras::~HistoricoCompras()
0 15 0 0 4 0 0 4 0 0 0 0 0 0
fn=IndiceInvertido::IndiceInvertido()
0 88 1 1 24 0 0 24 0 0 0 0 0 0
fn=IndiceInvertido::buscar(std::__cxx11::basic_string<char, std::char_traits<char>, std::allocator<char> > const&) const
0 2080 11 0 640 0 0 640 0 0 0 0 0 0
fn=IndiceInvertido::inserir(std::__cxx11::basic_string<char, std::char_traits<char>, std::allocator<char> > const&, int)
0 95064 11 1 27960 4 0 33552 0 0 0 0 0 0
fn=IndiceInvertido::~IndiceInvertido()
0 88 0 0 24 0 0 24 0 0 0 0 0 0
fn=IndiceInvertidoInt::IndiceInvertidoInt()
0 110 1 1 30 0 0 30 0 0 0 0 0 0
fn=IndiceInvertidoInt::buscar(int) const
0 1703 24 0 524 0 0 524 0 0 0 0 0 0
fn=IndiceInvertidoInt::inserir(int, int)
0 73049 32 2 21485 2 0 25782 0 0 0 0 0 0
fn=IndiceInvertidoInt::~IndiceInvertidoInt()
0 110 1 1 30 0 0 30 0 0 0 0 0 0
fn=IndiceOrdenado<double>::IndiceOrdenado()
0 9 0 0 3 0 0 3 0 0 0 0 0 0
fn=IndiceOrdenado<double>::No::No(double const&)
0 15916 2 2 6228 0 0 5536 6 0 0 0 0 0
fn=IndiceOrdenado<double>::No::~No()
0 8304 0 0 2076 0 0 2076 0 0 0 0 0 0
fn=IndiceOrdenado<double>::altura(IndiceOrdenado<double>::No*) const
0 296660 10 1 120638 2784 0 75438 0 0 25146 1428 0 0
fn=IndiceOrdenado<double>::atualizar_altura(IndiceOrdenado<double>::No*)
0 199113 3 2 78996 0 0 52664 0 0 6583 1525 0 0
fn=IndiceOrdenado<double>::balanceamento(IndiceOrdenado<double>::No*) const
0 173710 1 1 59900 0 0 35940 0 0 5990 327 0 0
fn=IndiceOrdenado<double>::balancear(IndiceOrdenado<double>::No*)
0 141633 433 3 52767 0 0 34978 0 0 11517 426 0 0
fn=IndiceOrdenado<double>::buscar_faixa(double const&, double const&) const
0 416 14 0 176 14 0 128 0 0 0 0 0 0
fn=IndiceOrdenado<double>::destruir_rec(IndiceOrdenado<double>::No*)
0 31153 1 1 10384 637 0 8308 0 0 2077 483 0 0
fn=IndiceOrdenado<double>::faixa_rec(IndiceOrdenado<double>::No*, double const&, double const&, ConjuntoIds&) const
0 265170 5 5 112038 3685 0 50211 4 0 21366 3233 0 0
fn=IndiceOrdenado<double>::inserir(double const&, int)
0 13980 1 1 5592 0 0 4893 0 0 0 0 0 0
fn=IndiceOrdenado<double>::inserir_rec(IndiceOrdenado<double>::No*, double const&, int)
0 280713 705 5 120601 4352 0 70836 411 0 14906 3591 0 0
fn=IndiceOrdenado<double>::rotacionar_direita(IndiceOrdenado<double>::No*)
0 6913 1 1 3345 0 0 2007 0 0 0 0 0 0
fn=IndiceOrdenado<double>::rotacionar_esquerda(IndiceOrdenado<double>::No*)
0 7099 10 2 3435 0 0 2061 0 0 0 0 0 0
fn=IndiceOrdenado<double>::~IndiceOrdenado()
0 14 0 0 5 1 0 3 0 0 0 0 0 0
fn=IndiceOrdenado<int>::IndiceOrdenado()
0 36 1 1 12 0 0 12 0 0 0 0 0 0
fn=IndiceOrdenado<int>::No::No(int const&)
0 15755 633 1 6165 0 0 5480 3 0 0 0 0 0
fn=IndiceOrdenado<int>::No::~No()
0 8220 0 0 2055 0 0 2055 0 0 0 0 0 0
fn=IndiceOrdenado<int>::altura(IndiceOrdenado<int>::No*) const
0 1237668 1 1 508408 8465 0 312540 13 0 104180 3730 0 0
fn=IndiceOrdenado<int>::atualizar_altura(IndiceOrdenado<int>::No*)
0 794207 418 3 316428 182 0 210952 13 0 26369 3260 0 0
fn=IndiceOrdenado<int>::balanceamento(IndiceOrdenado<int>::No*) const
0 745909 698 1 257210 0 0 154326 0 0 25721 132 0 0
fn=IndiceOrdenado<int>::balancear(IndiceOrdenado<int>::No*)
0 612952 4 4 229089 0 0 152384 0 0 50854 3370 0 0
fn=IndiceOrdenado<int>::buscar_faixa(int const&, int const&) const
0 3380 26 3 1430 63 0 1040 0 0 0 0 0 0
fn=IndiceOrdenado<int>::destruir_rec(IndiceOrdenado<int>::No*)
0 30877 3 3 10291 666 0 8236 7 0 2059 523 0 0
fn=IndiceOrdenado<int>::faixa_rec(IndiceOrdenado<int>::No*, int const&, int const&, ConjuntoIds&) const
0 1268662 27 5 511101 11784 0 232500 0 0 96193 13045 0 0
fn=IndiceOrdenado<int>::inserir(int const&, int)
0 59960 1 1 23984 6 0 20986 0 0 0 0 0 0
fn=IndiceOrdenado<int>::inserir_rec(IndiceOrdenado<int>::No*, int const&, int)
0 885621 5 5 391147 7631 0 214783 599 0 51653 11043 0 0
fn=IndiceOrdenado<int>::remover(int const&, int)
0 22800 0 0 9600 18 0 7200 0 0 0 0 0 0
fn=IndiceOrdenado<int>::remover_rec(IndiceOrdenado<int>::No*, int const&, int)
0 307264 2 2 139479 4871 0 65336 10 0 21515 5336 0 0
fn=IndiceOrdenado<int>::rotacionar_direita(IndiceOrdenado<int>::No*)
0 3069 56 2 1485 0 0 891 0 0 0 0 0 0
fn=IndiceOrdenado<int>::rotacionar_esquerda(IndiceOrdenado<int>::No*)
0 15004 72 2 7260 0 0 4356 0 0 0 0 0 0
fn=IndiceOrdenado<int>::~IndiceOrdenado()
0 56 1 1 20 1 0 12 0 0 0 0 0 0
fn=MapaVetorInt::MapaVetorInt()
0 110 0 0 30 0 0 30 0 0 0 0 0 0
fn=MapaVetorInt::buscar(int) const
0 4682 64 2 1452 0 0 1032 0 0 377 14 0 0
fn=MapaVetorInt::buscar_pos(int) const
0 1001908 28 3 367742 8387 0 127353 0 0 73655 13694 0 0
fn=MapaVetorInt::inserir(int, int)
0 2129528 9 9 752302 4 0 370721 1 0 112345 1618 0 0
fn=MapaVetorInt::~MapaVetorInt()
0 110 0 0 30 4 0 30 0 0 0 0 0 0
fn=MapaVetorString::MapaVetorString()
0 88 1 1 24 0 0 24 0 0 0 0 0 0
fn=MapaVetorString::buscar(std::__cxx11::basic_string<char, std::char_traits<char>, std::allocator<char> > const&) const
0 6720 49 2 1760 0 0 1440 0 0 480 47 0 0
fn=MapaVetorString::buscar_pos(std::__cxx11::basic_string<char, std::char_traits<char>, std::allocator<char> > const&) const
0 802978 153 3 237354 0 0 133027 0 0 52846 10711 0 0
fn=MapaVetorString::inserir(std::__cxx11::basic_string<char, std::char_traits<char>, std::allocator<char> > const&, int)
0 1866000 247 9 652908 6 0 324310 0 0 102422 1471 0 0
fn=MapaVetorString::~MapaVetorString()
0 88 0 0 24 2 0 24 0 0 0 0 0 0
fn=Metricas::Metricas()
0 68 2 2 5 0 0 12 0 0 9 8 0 0
fn=Metricas::reset()
0 104 2 2 37 0 0 13 0 0 9 6 0 0
fn=MetricasOperacao::MetricasOperacao()
0 88 1 1 32 0 0 32 3 3 0 0 0 0
fn=MetricasOperacao::reset()
0 88 0 0 32 0 0 32 0 0 0 0 0 0
fn=Produto::Produto(Produto const&)
0 87669 3 3 34380 247 0 18909 542 426 0 0 0 0
fn=Produto::Produto(int, std::__cxx11::basic_string<char, std::char_traits<char>, std::allocator<char> > const&, double, int, std::__cxx11::basic_string<char, std::char_traits<char>, std::allocator<char> > const&, std::__cxx11::basic_string<char, std::char_traits<char>, std::allocator<char> > const&, std::__cxx11::basic_string<char, std::char_traits<char>, std::allocator<char> > const&)
0 34251 4 4 11883 0 0 11184 0 0 0 0 0 0
fn=Produto::decrementar(int)
0 8400 0 0 3600 0 0 2400 0 0 0 0 0 0
fn=Produto::get_qtd() const
0 19200 1 1 9600 597 0 4800 0 0 0 0 0 0
fn=Produto::imprimir_consulta(int) const
0 439335 88 7 52570 3187 0 93875 0 0 0 0 0 0
fn=Produto::incrementar(int)
0 8400 1 1 3600 0 0 2400 0 0 0 0 0 0
fn=Produto::tem_estoque(int) const
0 6600 1 1 3000 597 0 1800 0 0 0 0 0 0
fn=Produto::~Produto()
0 58032 1 0 14508 0 0 14508 0 0 0 0 0 0
fn=Reposicao::Reposicao(Reposicao const&)
0 71868 6 6 35256 391 0 8588 273 210 3164 59 0 0
fn=Reposicao::Reposicao(int, int, int const*, int const*, int)
0 28600 6 6 12000 0 0 4400 0 0 1200 19 0 0
fn=Reposicao::imprimir_consulta(int) const
0 1032416 48 7 267322 8111 0 147488 0 0 32263 4672 0 0
fn=Reposicao::ordenar_por_id_produto()
0 41740 204 7 22270 0 0 3054 0 0 2600 441 0 0
fn=Reposicao::~Reposicao()
0 15648 2 0 6520 102 0 2608 0 0 1304 0 0 0
fn=Sistema::Sistema()
0 127 9 9 34 0 0 34 0 0 0 0 0 0
fn=Sistema::atualizar_indice_qtd_produto(int, int, int)
0 30000 1 1 7200 0 0 8400 0 0 0 0 0 0
fn=Sistema::avaliar_filtro(std::__cxx11::basic_string<char, std::char_traits<char>, std::allocator<char> > const&, FiltroAtomico const&) const
0 29358 231 19 8050 21 0 6124 0 0 2976 212 0 0
fn=Sistema::cadastrar_produto(std::__cxx11::basic_string<char, std::char_traits<char>, std::allocator<char> > const&, double, int, std::__cxx11::basic_string<char, std::char_traits<char>, std::allocator<char> > const&, std::__cxx11::basic_string<char, std::char_traits<char>, std::allocator<char> > const&, std::__cxx11::basic_string<char, std::char_traits<char>, std::allocator<char> > const&)
0 82482 348 10 27261 54 0 18873 0 0 699 2 0 0
fn=Sistema::cadastrar_usuario(std::__cxx11::basic_string<char, std::char_traits<char>, std::allocator<char> > const&, int, std::__cxx11::basic_string<char, std::char_traits<char>, std::allocator<char> > const&, std::__cxx11::basic_string<char, std::char_traits<char>, std::allocator<char> > const&, std::__cxx11::basic_string<char, std::char_traits<char>, std::allocator<char> > const&)
0 81084 41 10 27261 45 0 18174 0 0 699 2 0 0
fn=Sistema::consultar_compras(Vetor<std::__cxx11::basic_string<char, std::char_traits<char>, std::allocator<char> > > const&)
0 2648 96 6 356 0 0 590 0 0 92 25 0 0
fn=Sistema::consultar_produtos(Vetor<std::__cxx11::basic_string<char, std::char_traits<char>, std::allocator<char> > > const&)
0 123832 32 6 30542 55 0 23374 0 0 3915 69 0 0
fn=Sistema::consultar_reposicoes(Vetor<std::__cxx11::basic_string<char, std::char_traits<char>, std::allocator<char> > > const&)
0 118855 68 7 23533 23 0 19266 0 0 4755 82 0 0
fn=Sistema::consultar_usuarios(Vetor<std::__cxx11::basic_string<char, std::char_traits<char>, std::allocator<char> > > const&)
0 99063 163 8 25205 38 0 19281 0 0 3229 57 0 0
fn=Sistema::filtro_compra_exato(std::__cxx11::basic_string<char, std::char_traits<char>, std::allocator<char> > const&, std::__cxx11::basic_string<char, std::char_traits<char>, std::allocator<char> > const&) const
0 3268 13 6 682 0 0 873 0 0 206 23 0 0
fn=Sistema::filtro_produto_exato(std::__cxx11::basic_string<char, std::char_traits<char>, std::allocator<char> > const&, std::__cxx11::basic_string<char, std::char_traits<char>, std::allocator<char> > const&) const
0 6265 121 8 1519 0 0 1407 0 0 511 23 0 0
fn=Sistema::filtro_reposicao_exato(std::__cxx11::basic_string<char, std::char_traits<char>, std::allocator<char> > const&, std::__cxx11::basic_string<char, std::char_traits<char>, std::allocator<char> > const&) const
0 3736 31 4 816 0 0 1042 0 0 190 4 0 0
fn=Sistema::filtro_usuario_exato(std::__cxx11::basic_string<char, std::char_traits<char>, std::allocator<char> > const&, std::__cxx11::basic_string<char, std::char_traits<char>, std::allocator<char> > const&) const
0 3518 98 8 730 0 0 818 0 0 254 12 0 0
fn=Sistema::registrar_compra(int, int, int const*, int const*, int)
0 79000 13 13 29400 120 0 12400 0 0 3200 429 0 0
fn=Sistema::registrar_reposicao(int, int const*, int const*, int)
0 57400 10 10 21200 213 0 10200 0 0 1800 437 0 0
fn=Sistema::universo_da_consulta(std::__cxx11::basic_string<char, std::char_traits<char>, std::allocator<char> > const&) const
0 67613 9 4 40331 12 0 6850 0 0 6754 81 0 0
fn=Sistema::~Sistema()
0 119 8 8 30 1 0 30 0 0 0 0 0 0
fn=TokenExpr::TokenExpr()
0 3636 0 0 909 0 0 909 0 0 0 0 0 0
fn=TokenExpr::TokenExpr(TokenExpr const&)
0 21620 0 0 7567 0 0 5405 98 6 0 0 0 0
fn=TokenExpr::~TokenExpr()
0 16608 19 2 4152 0 0 4152 0 0 0 0 0 0
fn=Usuario::Usuario(Usuario const&)
0 80793 2 2 29223 168 0 17190 345 286 0 0 0 0
fn=Usuario::Usuario(int, int, std::__cxx11::basic_string<char, std::char_traits<char>, std::allocator<char> > const&, std::__cxx11::basic_string<char, std::char_traits<char>, std::allocator<char> > const&, std::__cxx11::basic_string<char, std::char_traits<char>, std::allocator<char> > const&, std::__cxx11::basic_string<char, std::char_traits<char>, std::allocator<char> > const&)
0 31455 4 4 10485 0 0 9786 0 0 0 0 0 0
fn=Usuario::imprimir_consulta(int) const
0 272800 104 6 34100 2573 0 55800 0 0 0 0 0 0
fn=Usuario::~Usuario()
0 58032 1 1 14508 0 0 14508 0 0 0 0 0 0
fn=Vetor<Compra>::Vetor()
0 13 1 1 5 0 0 5 0 0 0 0 0 0
fn=Vetor<Compra>::destruir_elementos()
0 5996 1 0 3204 1 0 476 0 0 460 10 0 0
fn=Vetor<Compra>::expandir()
0 151 1 1 54 1 0 28 0 0 7 4 0 0
fn=Vetor<Compra>::operator[](int)
0 78 5 0 30 0 0 18 0 0 0 0 0 0
fn=Vetor<Compra>::push_back(Compra const&)
0 9021 2 2 3607 0 0 2007 0 0 200 9 0 0
fn=Vetor<Compra>::reservar(int)
0 6629 3 3 2408 0 0 602 0 0 266 10 0 0
fn=Vetor<Compra>::~Vetor()
0 15 1 1 5 0 0 4 0 0 0 0 0 0
fn=Vetor<ConjuntoIds>::Vetor()
0 2600 8 2 1000 0 0 1000 0 0 0 0 0 0
fn=Vetor<ConjuntoIds>::destruir_elementos()
0 11863 1 1 5157 0 0 1651 0 0 851 282 0 0
fn=Vetor<ConjuntoIds>::expandir()
0 3800 1 1 1200 0 0 800 0 0 200 31 0 0
fn=Vetor<ConjuntoIds>::operator[](int)
0 2405 4 1 925 0 0 555 0 0 0 0 0 0
fn=Vetor<ConjuntoIds>::operator[](int) const
0 3458 0 0 1330 0 0 798 0 0 0 0 0 0
fn=Vetor<ConjuntoIds>::pop_back()
0 3068 0 0 1298 0 0 472 0 0 118 2 0 0
fn=Vetor<ConjuntoIds>::push_back(ConjuntoIds const&)
0 26205 47 3 10442 55 0 5890 0 0 569 303 0 0
fn=Vetor<ConjuntoIds>::reservar(int)
0 9400 11 4 4000 0 0 2800 0 0 400 33 0 0
fn=Vetor<ConjuntoIds>::tamanho() const
0 4672 0 0 2336 0 0 1168 0 0 0 0 0 0
fn=Vetor<ConjuntoIds>::~Vetor()
0 3000 0 0 1000 0 0 800 0 0 0 0 0 0
fn=Vetor<EntradaVetorInt>::Vetor()
0 130 0 0 50 0 0 50 0 0 0 0 0 0
fn=Vetor<EntradaVetorInt>::destruir_elementos()
0 123276 3 1 53802 9 0 7878 0 0 7710 83 0 0
fn=Vetor<EntradaVetorInt>::expandir()
0 1598 1 0 572 10 0 296 0 0 74 7 0 0
fn=Vetor<EntradaVetorInt>::operator[](int)
0 3218016 0 0 1005630 0 0 603378 0 0 0 0 0 0
fn=Vetor<EntradaVetorInt>::operator[](int) const
0 624592 0 0 195185 0 0 117111 0 0 0 0 0 0
fn=Vetor<EntradaVetorInt>::push_back(EntradaVetorInt const&)
0 156222 4 4 58574 9 0 32574 0 0 3250 84 0 0
fn=Vetor<EntradaVetorInt>::reservar(int)
0 139356 20 4 40864 8 0 9788 1 0 4524 96 0 0
fn=Vetor<EntradaVetorInt>::tamanho() const
0 96848 56 2 48424 60 0 24212 0 0 0 0 0 0
fn=Vetor<EntradaVetorInt>::~Vetor()
0 150 1 1 50 0 0 40 0 0 0 0 0 0
fn=Vetor<EntradaVetorString>::Vetor()
0 104 1 1 40 0 0 40 0 0 0 0 0 0
fn=Vetor<EntradaVetorString>::destruir_elementos()
0 56236 15 3 24547 6 0 3589 0 0 3517 45 0 0
fn=Vetor<EntradaVetorString>::expandir()
0 592 12 2 208 5 0 112 0 0 28 9 0 0
fn=Vetor<EntradaVetorString>::operator[](int)
0 2741504 699 2 856720 0 0 514032 0 0 0 0 0 0
fn=Vetor<EntradaVetorString>::operator[](int) const
0 499536 426 1 156105 19 0 93663 0 0 0 0 0 0
fn=Vetor<EntradaVetorString>::push_back(EntradaVetorString const&)
0 68484 4 4 25678 5 0 14278 0 0 1425 34 0 0
fn=Vetor<EntradaVetorString>::reservar(int)
0 65136 31 5 19064 4 0 4504 0 0 2112 42 0 0
fn=Vetor<EntradaVetorString>::tamanho() const
0 103432 1 1 51716 71 0 25858 0 0 0 0 0 0
fn=Vetor<EntradaVetorString>::~Vetor()
0 120 1 1 40 0 0 32 0 0 0 0 0 0
fn=Vetor<FiltroAtomico>::Vetor()
0 1729 99 1 665 0 0 665 0 0 0 0 0 0
fn=Vetor<FiltroAtomico>::destruir_elementos()
0 8778 8 2 3192 0 0 1064 0 0 532 4 0 0
fn=Vetor<FiltroAtomico>::expandir()
0 2527 12 2 798 0 0 532 0 0 133 68 0 0
fn=Vetor<FiltroAtomico>::operator[](int)
0 4788 1 1 1330 0 0 798 0 0 0 0 0 0
fn=Vetor<FiltroAtomico>::push_back(FiltroAtomico const&)
0 13699 25 2 4921 0 0 2793 0 0 266 141 0 0
fn=Vetor<FiltroAtomico>::reservar(int)
0 6916 4 3 2660 0 0 1862 0 0 266 1 0 0
fn=Vetor<FiltroAtomico>::tamanho() const
0 3192 2 1 1596 0 0 798 0 0 0 0 0 0
fn=Vetor<FiltroAtomico>::~Vetor()
0 1995 1 1 665 0 0 532 0 0 0 0 0 0
fn=Vetor<ParIdQtd>::Vetor()
0 18174 0 0 6990 0 0 6990 0 0 0 0 0 0
fn=Vetor<ParIdQtd>::Vetor(Vetor<ParIdQtd> const&)
0 65322 2 2 24066 486 0 20628 861 1 3438 17 0 0
fn=Vetor<ParIdQtd>::destruir_elementos()
0 82782 228 0 32417 351 0 16359 0 0 6741 840 0 0
fn=Vetor<ParIdQtd>::expandir()
0 11786 201 1 3744 0 0 2468 0 0 617 9 0 0
fn=Vetor<ParIdQtd>::operator[](int)
0 59696 0 0 22960 0 0 13776 0 0 0 0 0 0
fn=Vetor<ParIdQtd>::operator[](int) const
0 147914 44 1 56890 0 0 34134 0 0 0 0 0 0
fn=Vetor<ParIdQtd>::push_back(ParIdQtd const&)
0 41451 1 1 18617 0 0 7817 11 0 1200 25 0 0
fn=Vetor<ParIdQtd>::reservar(int)
0 25294 2 2 10752 1 0 6346 8 7 1322 54 0 0
fn=Vetor<ParIdQtd>::tamanho() const
0 179264 1 1 89632 5770 0 44816 0 0 0 0 0 0
fn=Vetor<ParIdQtd>::~Vetor()
0 72540 2 0 24180 0 0 19344 0 0 0 0 0 0
fn=Vetor<Produto>::Vetor()
0 13 0 0 5 0 0 5 0 0 0 0 0 0
fn=Vetor<Produto>::destruir_elementos()
0 27654 3 2 12083 1 0 1749 0 0 1729 33 0 0
fn=Vetor<Produto>::expandir()
0 195 1 1 70 0 0 36 0 0 9 2 0 0
fn=Vetor<Produto>::operator[](int)
0 127280 77 1 39775 63 0 23865 0 0 0 0 0 0
fn=Vetor<Produto>::push_back(Produto const&)
0 33579 4 4 12591 47 0 6999 0 0 699 13 0 0
fn=Vetor<Produto>::reservar(int)
0 32070 4 4 9360 5 0 2166 0 0 1038 15 0 0
fn=Vetor<Produto>::~Vetor()
0 15 0 0 5 0 0 4 0 0 0 0 0 0
fn=Vetor<Reposicao>::Vetor()
0 13 1 1 5 0 0 5 0 0 0 0 0 0
fn=Vetor<Reposicao>::destruir_elementos()
0 5996 2 1 3204 1 0 476 0 0 460 12 0 0
fn=Vetor<Reposicao>::expandir()
0 151 2 2 54 0 0 28 0 0 7 3 0 0
fn=Vetor<Reposicao>::operator[](int)
0 59917 16 1 23045 23 0 13827 0 0 0 0 0 0
fn=Vetor<Reposicao>::push_back(Reposicao const&)
0 9021 5 4 3607 31 0 2007 0 0 200 12 0 0
fn=Vetor<Reposicao>::reservar(int)
0 6629 4 4 2408 1 0 602 0 0 266 14 0 0
fn=Vetor<Reposicao>::~Vetor()
0 15 0 0 5 0 0 4 0 0 0 0 0 0
fn=Vetor<TokenExpr>::Vetor()
0 2613 1 1 1005 0 0 1005 7 0 0 0 0 0
fn=Vetor<TokenExpr>::destruir_elementos()
0 23784 1 1 9618 0 0 2526 0 0 1518 250 0 0
fn=Vetor<TokenExpr>::expandir()
0 6063 1 1 2022 0 0 1212 0 0 303 62 0 0
fn=Vetor<TokenExpr>::operator[](int)
0 1072 0 0 335 0 0 201 0 0 0 0 0 0
fn=Vetor<TokenExpr>::operator[](int) const
0 9696 0 0 3030 0 0 1818 0 0 0 0 0 0
fn=Vetor<TokenExpr>::pop_back()
0 1943 4 0 737 0 0 268 0 0 67 67 0 0
fn=Vetor<TokenExpr>::push_back(TokenExpr const&)
0 33213 76 4 12417 0 0 7033 0 0 673 215 0 0
fn=Vetor<TokenExpr>::reservar(int)
0 27798 17 4 9732 0 0 5058 2 0 1014 205 0 0
fn=Vetor<TokenExpr>::tamanho() const
0 7936 4 1 3968 0 0 1984 0 0 0 0 0 0
fn=Vetor<TokenExpr>::~Vetor()
0 3015 0 0 1005 0 0 804 0 0 0 0 0 0
fn=Vetor<Usuario>::Vetor()
0 13 2 2 5 0 0 5 0 0 0 0 0 0
fn=Vetor<Usuario>::destruir_elementos()
0 27654 5 3 12083 1 0 1749 0 0 1729 14 0 0
fn=Vetor<Usuario>::expandir()
0 195 2 2 70 3 0 36 0 0 9 2 0 0
fn=Vetor<Usuario>::operator[](int)
0 49600 37 1 15500 0 0 9300 0 0 0 0 0 0
fn=Vetor<Usuario>::push_back(Usuario const&)
0 33579 4 4 12591 40 0 6999 0 0 699 10 0 0
fn=Vetor<Usuario>::reservar(int)
0 32070 17 6 9360 3 0 2166 0 0 1038 16 0 0
fn=Vetor<Usuario>::~Vetor()
0 15 0 0 5 0 0 4 0 0 0 0 0 0
fn=Vetor<Vetor<ParIdQtd> >::Vetor()
0 26 1 1 10 0 0 10 0 0 0 0 0 0
fn=Vetor<Vetor<ParIdQtd> >::destruir_elementos()
0 44994 4 2 24166 1 0 3498 0 0 3458 39 0 0
fn=Vetor<Vetor<ParIdQtd> >::expandir()
0 390 14 2 140 0 0 72 0 0 18 3 0 0
fn=Vetor<Vetor<ParIdQtd> >::operator[](int)
0 15600 3 1 6000 108 0 3600 0 0 0 0 0 0
fn=Vetor<Vetor<ParIdQtd> >::operator[](int) const
0 89115 74 0 34275 35 0 20565 0 0 0 0 0 0
fn=Vetor<Vetor<ParIdQtd> >::push_back(Vetor<ParIdQtd> const&)
0 62964 4 4 25182 0 0 13998 0 0 1398 19 0 0
fn=Vetor<Vetor<ParIdQtd> >::reservar(int)
0 51846 7 4 18720 0 0 4332 0 0 2076 53 0 0
fn=Vetor<Vetor<ParIdQtd> >::tamanho() const
0 22368 2 2 11184 62 0 5592 0 0 0 0 0 0
fn=Vetor<Vetor<ParIdQtd> >::~Vetor()
0 30 1 1 10 2 0 8 0 0 0 0 0 0
fn=Vetor<int>::Vetor()
0 154570 2 2 59450 0 0 59450 13 0 0 0 0 0
fn=Vetor<int>::Vetor(Vetor<int> const&)
0 2857838 51 4 1401429 6323 0 334769 7462 1362 131266 1389 0 0
fn=Vetor<int>::destruir_elementos()
0 5216164 710 2 2861470 4072 0 634578 1 0 662486 13225 0 0
fn=Vetor<int>::expandir()
0 188531 8 1 62094 1 0 38156 45 0 9539 1471 0 0
fn=Vetor<int>::operator=(Vetor<int> const&)
0 13634363 14 4 6637201 29592 0 2695071 141 0 732986 26364 0 0
fn=Vetor<int>::operator[](int)
0 70901584 0 0 27269840 0 0 16361904 0 0 0 0 0 0
fn=Vetor<int>::operator[](int) const
0 1991288 14 0 765880 0 0 459528 0 0 0 0 0 0
fn=Vetor<int>::pop_back()
0 19200 1 0 8400 0 0 3600 0 0 1200 0 0 0
fn=Vetor<int>::push_back(int const&)
0 2088774 1 1 945974 2 0 384113 1961 208 62429 3546 0 0
fn=Vetor<int>::reservar(int)
0 1906108 7 3 887684 1 0 242402 2410 329 92584 3302 0 0
fn=Vetor<int>::tamanho() const
0 1295496 2 2 647748 682 0 323874 76 0 0 0 0 0
fn=Vetor<int>::~Vetor()
0 365595 0 0 121865 294 0 97492 4 0 0 0 0 0
fn=Vetor<std::__cxx11::basic_string<char, std::char_traits<char>, std::allocator<char> > >::Vetor()
0 2600 2 2 1000 0 0 1000 0 0 0 0 0 0
fn=Vetor<std::__cxx11::basic_string<char, std::char_traits<char>, std::allocator<char> > >::destruir_elementos()
0 37270 1 1 18250 0 0 3958 0 0 2776 567 0 0
fn=Vetor<std::__cxx11::basic_string<char, std::char_traits<char>, std::allocator<char> > >::expandir()
0 8002 1 1 2728 0 0 1564 0 0 391 126 0 0
fn=Vetor<std::__cxx11::basic_string<char, std::char_traits<char>, std::allocator<char> > >::operator[](int) const
0 43446 1 1 16710 0 0 10026 0 0 0 0 0 0
fn=Vetor<std::__cxx11::basic_string<char, std::char_traits<char>, std::allocator<char> > >::push_back(std::__cxx11::basic_string<char, std::char_traits<char>, std::allocator<char> > const&)
0 55938 123 4 22297 0 0 12561 0 0 1217 463 0 0
fn=Vetor<std::__cxx11::basic_string<char, std::char_traits<char>, std::allocator<char> > >::reservar(int)
0 42577 15 4 16532 0 0 7410 0 0 1750 432 0 0
fn=Vetor<std::__cxx11::basic_string<char, std::char_traits<char>, std::allocator<char> > >::tamanho() const
0 16576 0 0 8288 0 0 4144 0 0 0 0 0 0
fn=Vetor<std::__cxx11::basic_string<char, std::char_traits<char>, std::allocator<char> > >::~Vetor()
0 3000 0 0 1000 0 0 800 0 0 0 0 0 0
fn=_GLOBAL__sub_I_g_metricas
0 6 1 1 2 0 0 2 0 0 0 0 0 0
fn=__cpu_indicator_init
0 367 40 40 48 2 1 14 0 0 101 29 0 0
fn=__cxa_get_globals
0 16 1 1 4 0 0 4 0 0 0 0 0 0
fn=__cxa_guard_acquire
0 21 2 2 7 0 0 3 0 0 3 1 0 0
fn=__cxa_guard_release
0 6 1 1 3 0 0 1 0 0 1 0 0 0
fn=__gnu_cxx::stdio_sync_filebuf<char, std::char_traits<char> >::overflow(int)
0 229614 30 2 32802 0 0 0 0 0 32802 0 0 0
fn=__gnu_cxx::stdio_sync_filebuf<char, std::char_traits<char> >::sync()
0 6012 1 1 2004 3 0 0 0 0 0 0 0 0
fn=__gnu_cxx::stdio_sync_filebuf<char, std::char_traits<char> >::uflow()
0 900996 0 0 300332 0 0 300332 0 0 0 0 0 0
fn=__gnu_cxx::stdio_sync_filebuf<char, std::char_traits<char> >::underflow()
0 976092 2 2 300336 0 0 225252 0 0 0 0 0 0
fn=__gnu_cxx::stdio_sync_filebuf<char, std::char_traits<char> >::xsputn(char const*, long)
0 1512366 1 1 252061 429 0 0 0 0 0 0 0 0
fn=__gnu_cxx::stdio_sync_filebuf<wchar_t, std::char_traits<wchar_t> >::sync()
0 15 1 1 5 2 0 0 0 0 0 0 0 0
fn=__static_initialization_and_destruction_0()
0 9 1 1 2 0 0 2 0 0 0 0 0 0
fn=atributo_suporta_faixa(std::__cxx11::basic_string<char, std::char_traits<char>, std::allocator<char> > const&, std::__cxx11::basic_string<char, std::char_traits<char>, std::allocator<char> > const&)
0 18282 209 4 2912 0 0 3414 0 0 1794 26 0 0
fn=bool std::operator< <char, std::char_traits<char>, std::allocator<char> >(std::__cxx11::basic_string<char, std::char_traits<char>, std::allocator<char> > const&, std::__cxx11::basic_string<char, std::char_traits<char>, std::allocator<char> > const&)
0 287280 0 0 82080 0 0 82080 0 0 0 0 0 0
fn=bool std::operator==<char, std::char_traits<char>, std::allocator<char> >(std::__cxx11::basic_string<char, std::char_traits<char>, std::allocator<char> > const&, char const*)
0 384742 3 3 89140 0 0 102096 0 0 21076 3318 0 0
fn=bool std::operator==<char, std::char_traits<char>, std::allocator<char> >(std::__cxx11::basic_string<char, std::char_traits<char>, std::allocator<char> > const&, std::__cxx11::basic_string<char, std::char_traits<char>, std::allocator<char> > const&)
0 209139 179 1 47208 0 0 57244 0 0 10036 18 0 0
fn=bool std::operator><char, std::char_traits<char>, std::allocator<char> >(std::__cxx11::basic_string<char, std::char_traits<char>, std::allocator<char> > const&, std::__cxx11::basic_string<char, std::char_traits<char>, std::allocator<char> > const&)
0 155715 8 0 41524 0 0 41524 0 0 0 0 0 0
fn=eh_numerico(std::__cxx11::basic_string<char, std::char_traits<char>, std::allocator<char> > const&)
0 27591 1 1 9529 0 0 4909 0 0 4147 411 0 0
fn=eh_operador(std::__cxx11::basic_string<char, std::char_traits<char>, std::allocator<char> > const&)
0 27063 1 1 4670 0 0 4670 0 0 2772 9 0 0
fn=ler_filtro(std::__cxx11::basic_string<char, std::char_traits<char>, std::allocator<char> > const&, Vetor<std::__cxx11::basic_string<char, std::char_traits<char>, std::allocator<char> > > const&, int&)
0 39743 36 7 12101 0 0 9471 0 0 1615 53 0 0
fn=ler_pares(std::__cxx11::basic_stringstream<char, std::char_traits<char>, std::allocator<char> >&, Vetor<int>&, Vetor<int>&)
0 48400 4 3 9200 0 0 10000 0 0 2000 385 0 0
fn=main
0 241956 1520 34 8700 2 0 56560 0 0 8803 222 0 0
fn=metricas_iniciar()
0 9 2 2 2 0 0 2 0 0 0 0 0 0
fn=metricas_marcar_inicio()
0 99900 1 1 19980 0 0 35964 9 0 3996 3 0 0
fn=metricas_registrar(TipoOperacao, long long)
0 91908 84 2 23976 417 0 13986 0 0 3996 0 0 0
fn=metricas_registrar_insercao_indice()
0 122274 1 1 40758 62 0 27172 0 0 0 0 0 0
fn=operator delete(void*)
0 451262 1 1 0 0 0 0 0 0 0 0 0 0
fn=operator delete[](void*)
0 5216 2 1 0 0 0 0 0 0 0 0 0 0
fn=operator new(unsigned long)
0 3173856 2 2 595098 1 0 595098 110 0 198366 78 0 0
fn=operator new(unsigned long, void*)
0 3811488 1 1 1429308 0 0 1429308 32 0 0 0 0 0
fn=operator new[](unsigned long)
0 5216 200 1 0 0 0 0 0 0 0 0 0 0
fn=parse_double(std::__cxx11::basic_string<char, std::char_traits<char>, std::allocator<char> > const&)
0 1184 42 3 288 0 0 320 4 0 32 0 0 0
fn=parse_expr(std::__cxx11::basic_string<char, std::char_traits<char>, std::allocator<char> > const&, Vetor<std::__cxx11::basic_string<char, std::char_traits<char>, std::allocator<char> > > const&)
0 22685 25 11 3824 0 0 4599 0 0 1290 87 0 0
fn=parse_filtros_and(std::__cxx11::basic_string<char, std::char_traits<char>, std::allocator<char> > const&, Vetor<std::__cxx11::basic_string<char, std::char_traits<char>, std::allocator<char> > > const&)
0 10507 5 4 2660 0 0 2261 0 0 532 157 0 0
fn=parse_int(std::__cxx11::basic_string<char, std::char_traits<char>, std::allocator<char> > const&)
0 13685 56 4 3128 0 0 3519 71 0 391 0 0 0
fn=std::__cxx11::basic_string<char, std::char_traits<char>, std::allocator<char> >::_M_append(char const*, unsigned long)
0 283667 27 3 63517 0 0 52836 0 0 35224 49 0 0
fn=std::__cxx11::basic_string<char, std::char_traits<char>, std::allocator<char> >::_M_assign(std::__cxx11::basic_string<char, std::char_traits<char>, std::allocator<char> > const&)
0 3900210 4 4 1137662 5083 0 812560 47 0 487536 200 0 0
fn=std::__cxx11::basic_string<char, std::char_traits<char>, std::allocator<char> >::_M_create(unsigned long&, unsigned long)
0 24000 2 2 1999 0 0 3 0 0 4001 2001 0 0
fn=std::__cxx11::basic_string<char, std::char_traits<char>, std::allocator<char> >::_M_mutate(unsigned long, unsigned long, char const*, unsigned long)
0 198 10 6 56 0 0 47 0 0 21 10 0 0
fn=std::__cxx11::basic_string<char, std::char_traits<char>, std::allocator<char> >::_M_replace(unsigned long, unsigned long, char const*, unsigned long)
0 18868 55 5 3204 0 0 2492 0 0 2136 62 0 0
fn=std::__cxx11::basic_string<char, std::char_traits<char>, std::allocator<char> >::basic_string()
0 69786 2 2 11631 0 0 34893 1 0 0 0 0 0
fn=std::__cxx11::basic_string<char, std::char_traits<char>, std::allocator<char> >::basic_string(char const*, std::allocator<char> const&)
0 4000 2 2 600 0 0 1000 0 0 200 0 0 0
fn=std::__cxx11::basic_string<char, std::char_traits<char>, std::allocator<char> >::basic_string(std::__cxx11::basic_string<char, std::char_traits<char>, std::allocator<char> > const&)
0 232408 72 1 58102 2716 0 29051 4447 3014 0 0 0 0
fn=std::__cxx11::basic_string<char, std::char_traits<char>, std::allocator<char> >::compare(std::__cxx11::basic_string<char, std::char_traits<char>, std::allocator<char> > const&) const
0 712691 2 2 247208 2607 0 123604 1 0 80022 15 0 0
fn=std::__cxx11::basic_string<char, std::char_traits<char>, std::allocator<char> >::data() const
0 50376 1 1 33584 0 0 0 0 0 0 0 0 0
fn=std::__cxx11::basic_string<char, std::char_traits<char>, std::allocator<char> >::empty() const
0 9552 1 1 4776 0 0 0 0 0 0 0 0 0
fn=std::__cxx11::basic_string<char, std::char_traits<char>, std::allocator<char> >::operator=(char const*)
0 6408 3 2 1424 0 0 1424 0 0 0 0 0 0
fn=std::__cxx11::basic_string<char, std::char_traits<char>, std::allocator<char> >::operator=(std::__cxx11::basic_string<char, std::char_traits<char>, std::allocator<char> > const&)
0 893816 0 0 243768 0 0 243768 0 0 0 0 0 0
fn=std::__cxx11::basic_string<char, std::char_traits<char>, std::allocator<char> >::operator=(std::__cxx11::basic_string<char, std::char_traits<char>, std::allocator<char> >&&)
0 24316 9 4 6612 0 0 5428 0 0 3304 233 0 0
fn=std::__cxx11::basic_string<char, std::char_traits<char>, std::allocator<char> >::operator[](unsigned long) const
0 3448 0 0 1724 0 0 0 0 0 0 0 0 0
fn=std::__cxx11::basic_string<char, std::char_traits<char>, std::allocator<char> >::size() const
0 114045 10 1 76030 30 0 0 0 0 0 0 0 0
fn=std::__cxx11::basic_string<char, std::char_traits<char>, std::allocator<char> >::~basic_string()
0 245293 4 2 81763 7084 0 0 0 0 40882 78 0 0
fn=std::__cxx11::basic_stringbuf<char, std::char_traits<char>, std::allocator<char> >::_M_pbump(char*, char*, long)
0 33894 2 2 2421 0 0 7263 0 0 2421 1501 0 0
fn=std::__cxx11::basic_stringbuf<char, std::char_traits<char>, std::allocator<char> >::_M_sync(char*, unsigned long, unsigned long)
0 82739 784 4 16522 0 0 14526 0 0 9684 235 0 0
fn=std::__cxx11::basic_stringbuf<char, std::char_traits<char>, std::allocator<char> >::underflow()
0 38736 79 2 12105 0 0 0 0 0 9684 19 0 0
fn=std::__cxx11::basic_stringstream<char, std::char_traits<char>, std::allocator<char> >::basic_stringstream(std::__cxx11::basic_string<char, std::char_traits<char>, std::allocator<char> > const&, std::_Ios_Openmode)
0 287863 452 9 56753 41 0 102403 231 0 10458 323 0 0
fn=std::__cxx11::basic_stringstream<char, std::char_traits<char>, std::allocator<char> >::~basic_stringstream()
0 96415 1056 4 16947 1539 0 28627 364 0 2421 6 0 0
fn=std::__cxx11::messages<char>::messages(unsigned long)
0 21 2 2 5 1 0 9 0 0 0 0 0 0
fn=std::__cxx11::messages<wchar_t>::messages(unsigned long)
0 21 1 1 5 1 0 9 1 1 0 0 0 0
fn=std::__cxx11::moneypunct<char, false>::_M_initialize_moneypunct(__locale_struct*, char const*)
0 114 6 6 38 2 1 31 0 0 13 10 0 0
fn=std::__cxx11::moneypunct<char, true>::_M_initialize_moneypunct(__locale_struct*, char const*)
0 115 5 5 38 0 0 31 0 0 13 8 0 0
fn=std::__cxx11::moneypunct<wchar_t, false>::_M_initialize_moneypunct(__locale_struct*, char const*)
0 109 5 5 30 0 0 31 0 0 14 5 0 0
fn=std::__cxx11::moneypunct<wchar_t, true>::_M_initialize_moneypunct(__locale_struct*, char const*)
0 109 6 6 30 0 0 31 0 0 14 10 0 0
fn=std::__cxx11::numpunct<char>::_M_initialize_numpunct(__locale_struct*)
0 417 5 5 138 5 3 76 0 0 64 18 0 0
fn=std::__cxx11::numpunct<wchar_t>::_M_initialize_numpunct(__locale_struct*)
0 353 5 5 75 1 1 75 3 3 64 15 0 0
fn=std::__new_allocator<char>::~__new_allocator()
0 1400 1 0 400 0 0 400 0 0 0 0 0 0
fn=std::__num_base::_S_format_float(std::ios_base const&, char*, char)
0 86365 118 3 7510 0 0 15020 0 0 18775 24 0 0
fn=std::__timepunct<char>::_M_initialize_timepunct(__locale_struct*)
0 132 13 13 27 3 0 30 0 0 2 1 0 0
fn=std::__timepunct<char>::__timepunct(std::__timepunct_cache<char>*, unsigned long)
0 24 2 2 5 0 0 10 0 0 0 0 0 0
fn=std::__timepunct<wchar_t>::_M_initialize_timepunct(__locale_struct*)
0 129 13 13 26 2 0 29 0 0 2 1 0 0
fn=std::__timepunct<wchar_t>::__timepunct(std::__timepunct_cache<wchar_t>*, unsigned long)
0 24 2 2 5 1 0 10 1 1 0 0 0 0
fn=std::basic_ios<char, std::char_traits<char> >::_M_cache_locale(std::locale const&)
0 232544 12 3 116272 1656 0 65403 0 0 0 0 0 0
fn=std::basic_ios<char, std::char_traits<char> >::clear(std::_Ios_Iostate)
0 25354 1 1 10866 0 0 3622 0 0 7244 70 0 0
fn=std::basic_ios<char, std::char_traits<char> >::init(std::basic_streambuf<char, std::char_traits<char> >*)
0 174408 1048 2 29068 0 0 72670 0 0 0 0 0 0
fn=std::basic_ios<char, std::char_traits<char> >::operator bool() const
0 20064 1 1 10032 0 0 0 0 0 0 0 0 0
fn=std::basic_ios<wchar_t, std::char_traits<wchar_t> >::_M_cache_locale(std::locale const&)
0 128 2 2 64 0 0 36 0 0 0 0 0 0
fn=std::basic_ios<wchar_t, std::char_traits<wchar_t> >::init(std::basic_streambuf<wchar_t, std::char_traits<wchar_t> >*)
0 96 2 2 16 0 0 44 0 0 0 0 0 0
fn=std::basic_istream<char, std::char_traits<char> >& std::getline<char, std::char_traits<char>, std::allocator<char> >(std::basic_istream<char, std::char_traits<char> >&, std::__cxx11::basic_string<char, std::char_traits<char>, std::allocator<char> >&)
0 49981 43 2 17993 843 0 7997 0 0 3999 3 0 0
fn=std::basic_istream<char, std::char_traits<char> >& std::getline<char, std::char_traits<char>, std::allocator<char> >(std::basic_istream<char, std::char_traits<char> >&, std::__cxx11::basic_string<char, std::char_traits<char>, std::allocator<char> >&, char)
0 3717150 1252 12 1292413 366 0 470505 445 0 671756 2056 150167 4
fn=std::basic_istream<char, std::char_traits<char> >& std::operator>><char, std::char_traits<char>, std::allocator<char> >(std::basic_istream<char, std::char_traits<char> >&, std::__cxx11::basic_string<char, std::char_traits<char>, std::allocator<char> >&)
0 1322547 743 13 446261 385 2 163523 0 0 198863 10541 1598 1
fn=std::basic_ostream<char, std::char_traits<char> >& std::__ostream_insert<char, std::char_traits<char> >(std::basic_ostream<char, std::char_traits<char> >&, char const*, long)
0 8748930 803 6 3683760 812 0 1995370 0 0 767450 51008 153490 1
fn=std::basic_ostream<char, std::char_traits<char> >& std::operator<< <char, std::char_traits<char> >(std::basic_ostream<char, std::char_traits<char> >&, std::_Setprecision)
0 26285 1 1 11265 0 0 3755 0 0 0 0 0 0
fn=std::basic_ostream<char, std::char_traits<char> >& std::operator<< <char, std::char_traits<char>, std::allocator<char> >(std::basic_ostream<char, std::char_traits<char> >&, std::__cxx11::basic_string<char, std::char_traits<char>, std::allocator<char> > const&)
0 109680 3 0 54840 7795 0 0 0 0 0 0 0 0
fn=std::basic_ostream<char, std::char_traits<char> >& std::operator<< <std::char_traits<char> >(std::basic_ostream<char, std::char_traits<char> >&, char const*)
0 2521400 703 2 504280 0 0 630350 0 0 126070 2 0 0
fn=std::basic_ostream<char, std::char_traits<char> >& std::operator<< <std::char_traits<char> >(std::basic_ostream<char, std::char_traits<char> >&, char)
0 557634 2 2 229614 0 0 131208 0 0 32802 40 0 0
fn=std::basic_ostream<wchar_t, std::char_traits<wchar_t> >::flush()
0 174 4 4 83 10 0 26 0 0 23 4 5 2
fn=std::basic_ostream<wchar_t, std::char_traits<wchar_t> >::sentry::sentry(std::basic_ostream<wchar_t, std::char_traits<wchar_t> >&)
0 97 2 2 35 1 0 25 0 0 9 5 0 0
fn=std::char_traits<char>::compare(char const*, char const*, unsigned long)
0 224208 48 1 74736 0 0 62280 0 0 12456 112 0 0
fn=std::char_traits<char>::length(char const*)
0 129560 9 2 38868 0 0 38868 8 0 0 0 0 0
fn=std::chrono::_V2::system_clock::now()
0 63936 3 2 27972 0 0 11988 0 0 3996 0 0 0
fn=std::chrono::duration<long, std::ratio<1l, 1000000000l> > std::chrono::__duration_cast_impl<std::chrono::duration<long, std::ratio<1l, 1000000000l> >, std::ratio<1l, 1l>, long, true, true>::__cast<long, std::ratio<1l, 1000000000l> >(std::chrono::duration<long, std::ratio<1l, 1000000000l> > const&)
0 91908 2 1 27972 0 0 23976 0 0 3996 5 0 0
fn=std::chrono::duration<long, std::ratio<1l, 1000000000l> >::count() const
0 63936 816 0 31968 0 0 15984 0 0 0 0 0 0
fn=std::chrono::duration<long, std::ratio<1l, 1000000000l> >::duration<long, void>(long const&)
0 47952 0 0 19980 0 0 15984 0 0 0 0 0 0
fn=std::chrono::time_point<std::chrono::_V2::system_clock, std::chrono::duration<long, std::ratio<1l, 1000000000l> > >::time_since_epoch() const
0 31968 0 0 15984 0 0 7992 0 0 0 0 0 0
fn=std::codecvt<char, char, __mbstate_t>::codecvt(unsigned long)
0 19 2 2 5 1 0 7 1 1 0 0 0 0
fn=std::codecvt<wchar_t, char, __mbstate_t>::codecvt(unsigned long)
0 19 2 2 5 0 0 7 2 2 0 0 0 0
fn=std::ctype<char>::_M_widen_init() const
0 754 11 11 60 3 0 41 5 0 18 11 0 0
fn=std::ctype<char>::ctype(unsigned short const*, bool, unsigned long)
0 121 5 5 9 2 0 80 9 9 65 20 0 0
fn=std::ctype<wchar_t>::_M_convert_to_wmask(unsigned short) const
0 146 6 6 12 0 0 0 0 0 60 14 0 0
fn=std::ctype<wchar_t>::_M_initialize_ctype()
0 2736 5 5 6 0 0 811 20 20 528 16 0 0
fn=std::ctype<wchar_t>::ctype(unsigned long)
0 21 2 2 4 0 0 8 1 1 0 0 0 0
fn=std::defaultfloat(std::ios_base&)
0 45060 0 0 15020 0 0 11265 0 0 0 0 0 0
fn=std::enable_if<std::chrono::__is_duration<std::chrono::duration<long, std::ratio<1l, 1000000000l> > >::value, std::chrono::duration<long, std::ratio<1l, 1000000000l> > >::type std::chrono::duration_cast<std::chrono::duration<long, std::ratio<1l, 1000000000l> >, long, std::ratio<1l, 1000000000l> >(std::chrono::duration<long, std::ratio<1l, 1000000000l> > const&)
0 39960 3 1 11988 0 0 11988 0 0 0 0 0 0
fn=std::error_category::error_category()
0 10 1 1 4 0 0 2 0 0 0 0 0 0
fn=std::error_category::~error_category()
0 4 0 0 2 0 0 0 0 0 0 0 0 0
fn=std::fixed(std::ios_base&)
0 48815 21 1 15020 0 0 11265 0 0 0 0 0 0
fn=std::future_category()
0 3 1 1 1 0 0 0 0 0 0 0 0 0
fn=std::ios_base::Init::Init()
0 272 29 29 51 12 1 146 16 3 3 1 0 0
fn=std::ios_base::Init::~Init()
0 26 3 3 11 8 0 8 0 0 2 1 0 0
fn=std::ios_base::_M_call_callbacks(std::ios_base::event)
0 38736 771 2 14526 0 0 9684 0 0 2421 22 0 0
fn=std::ios_base::_M_dispose_callbacks()
0 43578 1 1 14526 0 0 12105 0 0 2421 16 0 0
fn=std::ios_base::_M_init()
0 203588 47 3 58168 290 1 65439 64 0 7271 0 0 0
fn=std::ios_base::ios_base()
0 145740 4 3 2429 20 0 58296 611 18 19432 593 0 0
fn=std::ios_base::setf(std::_Ios_Fmtflags, std::_Ios_Fmtflags)
0 123915 16 3 37550 0 0 33795 0 0 0 0 0 0
fn=std::ios_base::unsetf(std::_Ios_Fmtflags)
0 67590 0 0 15020 0 0 18775 0 0 0 0 0 0
fn=std::ios_base::~ios_base()
0 50841 12 3 9684 534 0 12105 0 0 2421 5 0 0
fn=std::istream& std::istream::_M_extract<double>(double&)
0 38204 25 4 12523 122 0 6611 0 0 2924 6 731 711
fn=std::istream::operator>>(double&)
0 1462 114 1 0 0 0 0 0 0 0 0 0 0
fn=std::istream::operator>>(int&)
0 307297 98 5 90186 385 0 52681 0 0 30334 1391 4789 2
fn=std::istream::sentry::sentry(std::istream&, bool)
0 968091 5 5 394384 1053 1 134187 0 0 159330 3973 0 0
fn=std::istreambuf_iterator<char, std::char_traits<char> > std::num_get<char, std::istreambuf_iterator<char, std::char_traits<char> > >::_M_extract_int<long>(std::istreambuf_iterator<char, std::char_traits<char> >, std::istreambuf_iterator<char, std::char_traits<char> >, std::ios_base&, std::_Ios_Iostate&, long&) const
0 1159718 1720 26 279093 1122 1 183167 69 0 190553 7503 791 1
fn=std::locale::_Impl::_Impl(unsigned long)
0 673 56 56 89 39 1 385 50 49 108 30 0 0
fn=std::locale::_Impl::_M_install_facet(std::locale::id const*, std::locale::facet const*)
0 12192 6 6 3584 0 0 288 0 0 3232 53 0 0
fn=std::locale::facet::_S_create_c_locale(__locale_struct*&, char const*, __locale_struct*)
0 14 1 1 3 0 0 4 0 0 1 0 0 0
fn=std::locale::facet::_S_get_c_locale()
0 67500 3 1 18000 5 0 13500 0 0 4500 1 0 0
fn=std::locale::facet::_S_get_c_name()
0 21 1 1 7 0 0 0 0 0 0 0 0 0
fn=std::locale::id::_M_id() const
0 831600 2 2 277200 543 7 96 0 0 138576 91 0 0
fn=std::locale::locale()
0 266794 674 3 84889 0 0 84889 70 1 12127 17 0 0
fn=std::locale::locale(std::locale const&)
0 61649 1 1 26421 0 0 8807 0 0 8807 3 0 0
fn=std::locale::locale(std::locale::_Impl*)
0 3 1 1 1 0 0 1 1 0 0 0 0 0
fn=std::locale::operator=(std::locale const&)
0 167233 2 2 58168 0 0 29084 0 0 14542 17 0 0
fn=std::locale::~locale()
0 251040 50 2 104600 109 0 41840 0 0 20920 775 0 0
fn=std::messages<char>::messages(unsigned long)
0 21 2 2 5 0 0 9 1 1 0 0 0 0
fn=std::messages<wchar_t>::messages(unsigned long)
0 21 2 2 5 0 0 9 0 0 0 0 0 0
fn=std::moneypunct<char, false>::_M_initialize_moneypunct(__locale_struct*, char const*)
0 114 4 4 38 0 0 31 1 0 13 7 0 0
fn=std::moneypunct<char, true>::_M_initialize_moneypunct(__locale_struct*, char const*)
0 115 6 6 38 0 0 31 1 0 13 6 0 0
fn=std::moneypunct<wchar_t, false>::_M_initialize_moneypunct(__locale_struct*, char const*)
0 109 5 5 30 0 0 31 0 0 14 2 0 0
fn=std::moneypunct<wchar_t, true>::_M_initialize_moneypunct(__locale_struct*, char const*)
0 109 6 6 30 0 0 31 0 0 14 8 0 0
fn=std::num_get<char, std::istreambuf_iterator<char, std::char_traits<char> > >::_M_extract_float(std::istreambuf_iterator<char, std::char_traits<char> >, std::istreambuf_iterator<char, std::char_traits<char> >, std::ios_base&, std::_Ios_Iostate&, std::string&) const
0 283245 590 21 79448 68 0 45101 7 0 55054 3642 32 1
fn=std::num_get<char, std::istreambuf_iterator<char, std::char_traits<char> > >::do_get(std::istreambuf_iterator<char, std::char_traits<char> >, std::istreambuf_iterator<char, std::char_traits<char> >, std::ios_base&, std::_Ios_Iostate&, double&) const
0 78121 756 8 24822 60 0 19006 0 0 5816 10 0 0
fn=std::num_get<char, std::istreambuf_iterator<char, std::char_traits<char> > >::do_get(std::istreambuf_iterator<char, std::char_traits<char> >, std::istreambuf_iterator<char, std::char_traits<char> >, std::ios_base&, std::_Ios_Iostate&, long&) const
0 9578 17 1 0 0 0 0 0 0 0 0 0 0
fn=std::num_put<char, std::ostreambuf_iterator<char, std::char_traits<char> > >::do_put(std::ostreambuf_iterator<char, std::char_traits<char> >, std::ios_base&, char, double) const
0 15020 1 1 0 0 0 0 0 0 0 0 0 0
fn=std::num_put<char, std::ostreambuf_iterator<char, std::char_traits<char> > >::do_put(std::ostreambuf_iterator<char, std::char_traits<char> >, std::ios_base&, char, long) const
0 284448 811 1 0 0 0 0 0 0 0 0 0 0
fn=std::numpunct<char>::_M_initialize_numpunct(__locale_struct*)
0 417 5 5 138 0 0 76 0 0 64 15 0 0
fn=std::numpunct<wchar_t>::_M_initialize_numpunct(__locale_struct*)
0 353 5 5 75 0 0 75 0 0 64 19 0 0
fn=std::operator&(std::_Ios_Fmtflags, std::_Ios_Fmtflags)
0 101385 0 0 45060 0 0 33795 0 0 0 0 0 0
fn=std::operator&=(std::_Ios_Fmtflags&, std::_Ios_Fmtflags)
0 127670 0 0 52570 0 0 37550 0 0 0 0 0 0
fn=std::operator|(std::_Ios_Fmtflags, std::_Ios_Fmtflags)
0 33795 0 0 15020 0 0 11265 0 0 0 0 0 0
fn=std::operator|(std::_Ios_Openmode, std::_Ios_Openmode)
0 21789 2 2 9684 0 0 7263 0 0 0 0 0 0
fn=std::operator|=(std::_Ios_Fmtflags&, std::_Ios_Fmtflags)
0 63835 0 0 26285 0 0 18775 0 0 0 0 0 0
fn=std::operator~(std::_Ios_Fmtflags)
0 60080 2 2 22530 0 0 15020 0 0 0 0 0 0
fn=std::ostream& std::ostream::_M_insert<double>(double)
0 217790 5 5 90120 0 0 37550 0 0 22530 9 3755 3755
fn=std::ostream& std::ostream::_M_insert<long>(long)
0 5499342 9 7 2180773 1471 0 853347 0 0 568898 12 94816 1
fn=std::ostream::flush()
0 82133 421 3 40063 292 0 12020 0 0 10018 7 2004 2
fn=std::ostream::operator<<(double)
0 7510 1 1 0 0 0 0 0 0 0 0 0 0
fn=std::ostream::operator<<(int)
0 1042976 1 1 284448 0 0 0 0 0 94816 0 0 0
fn=std::ostream::operator<<(std::ios_base& (*)(std::ios_base&))
0 105140 1 1 37550 0 0 22530 0 0 0 0 7510 7510
fn=std::ostream::put(char)
0 1443288 327 5 656040 0 0 229614 0 0 164010 23 32802 1
fn=std::ostream::sentry::sentry(std::ostream&)
0 6311061 3 3 2294931 917 0 1721197 0 0 573733 2501 0 0
fn=std::ostreambuf_iterator<char, std::char_traits<char> > std::num_put<char, std::ostreambuf_iterator<char, std::char_traits<char> > >::_M_insert_float<double>(std::ostreambuf_iterator<char, std::char_traits<char> >, std::ios_base&, char, char, double) const
0 551985 160 13 135180 21 0 108895 0 0 48815 10 3755 1
fn=std::ostreambuf_iterator<char, std::char_traits<char> > std::num_put<char, std::ostreambuf_iterator<char, std::char_traits<char> > >::_M_insert_int<long>(std::ostreambuf_iterator<char, std::char_traits<char> >, std::ios_base&, char, long) const
0 8723225 52 7 1801504 608 0 1706688 0 0 853344 1919 94816 1
fn=std::setprecision(int)
0 26285 10 0 11265 0 0 7510 0 0 0 0 0 0
fn=std::string::_Rep::_M_clone(std::allocator<char> const&, unsigned long)
0 19006 718 2 5848 0 0 5117 0 0 1462 7 0 0
fn=std::string::_Rep::_M_destroy(std::allocator<char> const&)
0 1462 2 1 0 0 0 0 0 0 0 0 0 0
fn=std::string::_Rep::_S_create(unsigned long, unsigned long, std::allocator<char> const&)
0 19006 16 3 2193 0 0 3655 11 0 2193 19 0 0
fn=std::string::push_back(char)
0 26316 44 4 10234 0 0 6579 0 0 2924 5 0 0
fn=std::string::reserve(unsigned long)
0 23392 48 3 8772 33 0 4386 6 0 2193 3 0 0
fn=std::uncaught_exception()
0 18 1 1 6 1 0 4 0 0 0 0 0 0
fn=tem_operador_booleano(Vetor<std::__cxx11::basic_string<char, std::char_traits<char>, std::allocator<char> > > const&)
0 19064 12 2 5344 0 0 3580 0 0 2031 146 0 0
fn=tokenizar_resto(std::__cxx11::basic_stringstream<char, std::char_traits<char>, std::allocator<char> >&)
0 30306 16 3 7068 0 0 5651 0 0 1617 6 0 0
fn=void std::__convert_to_v<double>(char const*, double&, std::_Ios_Iostate&, __locale_struct* const&)
0 26316 4 3 9503 20 0 5117 0 0 3655 709 0 0
fn=void std::__cxx11::basic_string<char, std::char_traits<char>, std::allocator<char> >::_M_construct<char const*>(char const*, char const*, std::forward_iterator_tag)
0 7800 95 3 2200 0 0 1800 0 0 800 18 0 0
fn=void std::__cxx11::basic_string<char, std::char_traits<char>, std::allocator<char> >::_M_construct<char*>(char*, char*, std::forward_iterator_tag)
0 1110049 5 3 313507 0 0 258329 730 140 115998 3183 0 0
summary: 387831452 48865 3356 139020882 291232 7802 65530645 44456 15384 34159337 704046 4430585 524692
