desc: I1 cache:         65536 B, 64 B, 8-way associative
desc: D1 cache:         32768 B, 64 B, 8-way associative
desc: LL cache:         12582912 B, 64 B, 12-way associative
cmd: /home/mrsantos/Desktop/2026-1/ed/tp3/bin/tp3.out
events: Ir I1mr ILmr Dr D1mr DLmr Dw D1mw DLmw Bc Bcm Bi Bim
fl=./csu/../csu/libc-start.c
fn=__libc_start_main@@GLIBC_2.34
128 2 1 1 2 1 0 0 0 0 0 0 0 0
134 3 0 0 1 1 0 0 0 0 1 0 0 0
135 7 0 0 3 1 0 2 0 0 0 0 1 1
138 1 0 0 1 1 0 0 0 0 0 0 0 0
139 2 1 1 0 0 0 0 0 0 1 0 0 0
142 3 0 0 2 1 0 0 0 0 0 0 0 0
143 2 0 0 2 0 0 0 0 0 0 0 0 0
144 16 0 0 3 0 0 1 0 0 3 1 0 0
145 8 1 1 2 1 0 4 0 0 0 0 2 2
242 13 1 1 0 0 0 7 0 0 0 0 0 0
311 3 0 0 0 0 0 0 0 0 1 0 0 0
312 3 0 0 0 0 0 1 0 0 0 0 0 0
337 6 1 1 2 0 0 1 0 0 1 0 0 0
340 2 0 0 0 0 0 0 0 0 1 1 0 0
343 2 0 0 2 0 0 0 0 0 0 0 0 0
350 2 0 0 1 0 0 1 0 0 0 0 0 0
352 2 0 0 0 0 0 0 0 0 1 0 0 0
360 4 0 0 1 0 0 1 0 0 0 0 0 0
fl=./csu/../sysdeps/nptl/libc_start_call_main.h
fn=(below main)
29 9 1 1 1 0 0 5 0 0 0 0 0 0
44 3 1 1 0 0 0 1 0 0 0 0 0 0
46 2 0 0 0 0 0 0 0 0 1 0 0 0
51 2 0 0 1 1 0 1 0 0 0 0 0 0
52 2 0 0 1 1 0 1 0 0 0 0 0 0
55 2 0 0 0 0 0 1 0 0 0 0 0 0
58 6 1 1 5 0 0 1 0 0 0 0 1 1
74 2 1 0 0 0 0 1 0 0 0 0 0 0
fl=./csu/./csu/init-first.c
fn=_init_first
46 6 1 1 0 0 0 2 0 0 0 0 0 0
51 2 0 0 1 0 0 0 0 0 1 0 0 0
55 5 1 1 4 2 1 0 0 0 1 0 0 0
61 1 0 0 0 0 0 1 1 0 0 0 0 0
62 1 0 0 0 0 0 1 0 0 0 0 0 0
63 2 0 0 1 1 0 1 1 1 0 0 0 0
71 2 0 0 0 0 0 0 0 0 0 0 0 0
72 3 0 0 2 0 0 0 0 0 0 0 0 0
fl=./ctype/./ctype/ctype-info.c
fn=__ctype_init
29 1 1 1 0 0 0 0 0 0 0 0 0 0
31 7 1 1 5 4 0 1 0 0 0 0 0 0
33 4 0 0 2 1 0 1 0 0 0 0 0 0
35 4 0 0 2 0 0 1 0 0 0 0 0 0
36 1 0 0 1 0 0 0 0 0 0 0 0 0
fl=./debug/../sysdeps/x86_64/multiarch/ifunc-memmove.h
fn=__memcpy_chk
56 2 0 0 0 0 0 0 0 0 1 0 0 0
57 3 1 1 2 0 0 0 0 0 0 0 0 0
60 3 0 0 1 0 0 0 0 0 0 0 0 0
61 2 1 1 0 0 0 0 0 0 1 1 0 0
74 2 0 0 0 0 0 0 0 0 1 0 0 0
77 2 0 0 0 0 0 0 0 0 1 0 0 0
85 2 0 0 0 0 0 0 0 0 1 1 0 0
93 2 1 1 0 0 0 0 0 0 1 1 0 0
96 5 2 2 1 0 0 0 0 0 0 0 0 0
fn=__memmove_chk
56 2 0 0 0 0 0 0 0 0 1 0 0 0
57 3 0 0 2 0 0 0 0 0 0 0 0 0
60 3 0 0 1 0 0 0 0 0 0 0 0 0
61 2 1 1 0 0 0 0 0 0 1 1 0 0
74 2 0 0 0 0 0 0 0 0 1 0 0 0
77 2 1 1 0 0 0 0 0 0 1 0 0 0
85 2 0 0 0 0 0 0 0 0 1 1 0 0
93 2 0 0 0 0 0 0 0 0 1 1 0 0
96 5 0 0 1 0 0 0 0 0 0 0 0 0
fn=__mempcpy_chk
56 2 0 0 0 0 0 0 0 0 1 0 0 0
57 3 1 1 2 0 0 0 0 0 0 0 0 0
60 3 0 0 1 0 0 0 0 0 0 0 0 0
61 2 1 1 0 0 0 0 0 0 1 1 0 0
74 2 0 0 0 0 0 0 0 0 1 0 0 0
77 2 0 0 0 0 0 0 0 0 1 0 0 0
85 2 0 0 0 0 0 0 0 0 1 1 0 0
93 2 1 1 0 0 0 0 0 0 1 1 0 0
96 5 2 2 1 0 0 0 0 0 0 0 0 0
fl=./debug/../sysdeps/x86_64/multiarch/ifunc-memset.h
fn=__memset_chk
54 5 0 0 2 0 0 0 0 0 1 0 0 0
57 3 0 0 1 0 0 0 0 0 0 0 0 0
58 2 1 1 0 0 0 0 0 0 1 1 0 0
64 2 1 1 0 0 0 0 0 0 0 0 0 0
73 2 0 0 0 0 0 0 0 0 1 0 0 0
75 2 0 0 0 0 0 0 0 0 1 0 0 0
85 2 0 0 0 0 0 0 0 0 1 0 0 0
93 2 0 0 0 0 0 0 0 0 1 0 0 0
96 5 0 0 1 0 0 0 0 0 0 0 0 0
fl=./debug/../sysdeps/x86_64/multiarch/memcpy_chk.c
fn=__memcpy_chk
29 1 1 1 0 0 0 0 0 0 0 0 0 0
fl=./debug/../sysdeps/x86_64/multiarch/memmove_chk.c
fn=__memmove_chk
29 1 0 0 0 0 0 0 0 0 0 0 0 0
fl=./debug/../sysdeps/x86_64/multiarch/mempcpy_chk.c
fn=__mempcpy_chk
29 1 1 1 0 0 0 0 0 0 0 0 0 0
fl=./debug/../sysdeps/x86_64/multiarch/memset_chk.c
fn=__memset_chk
29 1 0 0 0 0 0 0 0 0 0 0 0 0
fl=./elf/../bits/stdlib-bsearch.h
fn=intel_check_word.constprop.0
27 96 0 0 0 0 0 0 0 0 0 0 0 0
28 48 0 0 0 0 0 0 0 0 0 0 0 0
29 744 0 0 0 0 0 0 0 0 372 38 0 0
31 648 0 0 0 0 0 0 0 0 0 0 0 0
32 348 0 0 0 0 0 0 0 0 0 0 0 0
35 264 0 0 0 0 0 0 0 0 0 0 0 0
37 120 1 1 0 0 0 0 0 0 0 0 0 0
fl=./elf/../elf/dl-tls.c
fn=_dl_add_to_slotinfo
1017 27 1 1 0 0 0 15 0 0 0 0 0 0
1023 3 0 0 3 0 0 0 0 0 0 0 0 0
1026 3 0 0 3 2 0 0 0 0 0 0 0 0
1027 3 0 0 0 0 0 0 0 0 0 0 0 0
1031 9 1 1 3 2 0 0 0 0 3 0 0 0
1065 6 0 0 0 0 0 0 0 0 3 3 0 0
1068 6 0 0 0 0 0 3 1 0 0 0 0 0
1069 9 0 0 3 0 0 3 0 0 0 0 0 0
1072 18 1 1 18 0 0 0 0 0 0 0 0 0
fn=_dl_allocate_tls_init
523 11 1 1 0 0 0 8 0 0 0 0 0 0
524 2 0 0 0 0 0 0 0 0 1 0 0 0
528 2 0 0 1 1 0 1 0 0 0 0 0 0
531 1 0 0 0 0 0 0 0 0 0 0 0 0
534 2 1 1 1 1 0 1 0 0 0 0 1 1
537 3 0 0 2 1 0 0 0 0 1 0 0 0
549 1 0 0 1 0 0 0 0 0 0 0 0 0
554 27 1 1 4 0 0 1 0 0 4 0 0 0
560 9 1 1 0 0 0 0 0 0 4 3 0 0
563 9 0 0 3 1 0 0 0 0 0 0 0 0
564 6 0 0 0 0 0 0 0 0 3 0 0 0
570 9 1 1 6 0 0 0 0 0 3 0 0 0
571 6 0 0 0 0 0 0 0 0 0 0 0 0
573 24 0 0 9 3 0 3 1 1 0 0 0 0
576 6 0 0 0 0 0 0 0 0 3 0 0 0
577 6 0 0 3 0 0 0 0 0 0 0 0 0
580 6 1 1 0 0 0 0 0 0 3 0 0 0
581 12 0 0 6 3 0 0 0 0 3 0 0 0
583 6 0 0 0 0 0 0 0 0 3 0 0 0
584 6 0 0 3 0 0 0 0 0 0 0 0 0
593 3 0 0 0 0 0 3 0 0 0 0 0 0
601 6 0 0 3 0 0 0 0 0 3 2 0 0
603 30 0 0 6 0 0 9 0 0 0 0 0 0
609 3 0 0 3 0 0 0 0 0 0 0 0 0
615 2 0 0 1 0 0 1 0 0 0 0 1 1
618 2 0 0 1 0 0 1 0 0 0 0 0 0
621 9 0 0 8 0 0 0 0 0 0 0 0 0
fn=_dl_allocate_tls_storage
365 1 0 0 1 0 0 0 0 0 0 0 0 0
369 1 1 1 0 0 0 0 0 0 0 0 0 0
370 1 0 0 0 0 0 0 0 0 0 0 0 0
371 2 0 0 0 0 0 0 0 0 1 0 0 0
374 1 0 0 0 0 0 1 1 1 0 0 0 0
380 2 0 0 0 0 0 1 0 0 0 0 0 0
417 7 2 2 0 0 0 4 0 0 0 0 0 0
419 1 0 0 1 0 0 0 0 0 0 0 0 0
430 1 0 0 1 0 0 0 0 0 0 0 0 0
431 1 0 0 0 0 0 0 0 0 0 0 0 0
432 2 0 0 0 0 0 0 0 0 1 0 0 0
440 6 0 0 0 0 0 0 0 0 0 0 0 0
441 1 1 1 0 0 0 0 0 0 0 0 0 0
445 305 0 0 0 0 0 297 37 37 296 10 0 0
464 1 0 0 0 0 0 1 1 1 0 0 0 0
470 7 0 0 5 0 0 0 0 0 0 0 0 0
fn=_dl_assign_tls_modid
125 12 1 1 0 0 0 3 0 0 0 0 0 0
128 6 0 0 3 0 0 0 0 0 3 0 0 0
141 3 0 0 3 0 0 0 0 0 0 0 0 0
181 3 0 0 0 0 0 0 0 0 0 0 0 0
183 3 1 1 0 0 0 3 0 0 0 0 0 0
186 3 0 0 0 0 0 3 0 0 0 0 0 0
187 6 0 0 6 0 0 0 0 0 0 0 0 0
fn=_dl_count_modids
192 1 1 1 0 0 0 0 0 0 0 0 0 0
194 2 0 0 1 0 0 0 0 0 1 0 0 0
195 1 0 0 1 0 0 0 0 0 0 0 0 0
210 2 0 0 1 0 0 0 0 0 0 0 0 0
fn=_dl_determine_tlsoffset
216 9 1 1 0 0 0 6 0 0 0 0 0 0
217 1 0 0 0 0 0 0 0 0 0 0 0 0
218 1 0 0 0 0 0 0 0 0 0 0 0 0
219 1 0 0 0 0 0 0 0 0 0 0 0 0
222 4 0 0 1 0 0 1 0 0 1 0 0 0
225 2 0 0 1 0 0 0 0 0 1 0 0 0
259 1 0 0 0 0 0 0 0 0 0 0 0 0
261 25 1 1 7 1 1 0 0 0 4 2 0 0
263 9 1 1 4 0 0 1 0 0 3 0 0 0
265 9 1 1 3 1 0 0 0 0 0 0 0 0
266 6 0 0 3 0 0 0 0 0 0 0 0 0
268 6 0 0 0 0 0 0 0 0 0 0 0 0
270 15 0 0 3 0 0 0 0 0 3 3 0 0
281 3 0 0 0 0 0 3 0 0 0 0 0 0
286 24 0 0 0 0 0 0 0 0 0 0 0 0
288 6 0 0 0 0 0 0 0 0 3 3 0 0
289 3 0 0 0 0 0 0 0 0 0 0 0 0
294 3 0 0 0 0 0 0 0 0 0 0 0 0
301 1 0 0 0 0 0 1 0 0 0 0 0 0
302 7 2 2 1 0 0 0 0 0 0 0 0 0
304 2 0 0 0 0 0 1 0 0 0 0 0 0
354 1 0 0 0 0 0 1 0 0 0 0 0 0
355 8 0 0 7 0 0 0 0 0 0 0 0 0
fn=_dl_tls_static_surplus_init
83 3 0 0 0 0 0 0 0 0 0 0 0 0
97 8 1 1 0 0 0 4 0 0 0 0 0 0
100 6 0 0 1 0 0 1 0 0 0 0 0 0
101 5 0 0 1 0 0 1 0 0 0 0 0 0
102 3 0 0 0 0 0 0 0 0 0 0 0 0
104 4 1 1 0 0 0 0 0 0 1 0 0 0
107 1 0 0 0 0 0 0 0 0 0 0 0 0
109 1 0 0 0 0 0 1 0 0 0 0 0 0
111 3 0 0 0 0 0 1 0 0 0 0 0 0
112 6 0 0 5 0 0 0 0 0 0 0 0 0
fl=./elf/../include/list.h
fn=__tls_init_tp
43 2 1 1 1 1 0 1 0 0 0 0 0 0
44 2 0 0 0 0 0 1 0 0 0 0 0 0
45 1 0 0 0 0 0 1 0 0 0 0 0 0
47 1 0 0 0 0 0 1 0 0 0 0 0 0
fl=./elf/../include/rtld-malloc.h
fn=__minimal_calloc
56 17 0 0 17 0 0 0 0 0 0 0 17 1
fn=_dl_allocate_tls_storage
44 2 0 0 1 0 0 1 0 0 0 0 1 1
56 1 0 0 1 0 0 1 0 0 0 0 1 1
fn=_dl_check_map_versions
44 18 1 1 6 0 0 6 0 0 0 0 6 1
fn=_dl_find_object_init
56 2 0 0 1 0 0 1 0 0 0 0 1 1
fn=_dl_important_hwcaps
56 4 0 0 2 0 0 2 0 0 0 0 2 2
fn=_dl_init_paths
56 5 0 0 3 0 0 3 0 0 0 0 3 3
fn=_dl_map_object_deps
56 12 0 0 6 0 0 6 0 0 0 0 6 3
fn=_dl_new_object
44 18 0 0 6 0 0 6 0 0 0 0 6 1
56 15 1 1 5 0 0 5 0 0 0 0 5 1
fn=do_lookup_x
44 13 0 0 3 0 0 6 0 0 0 0 3 2
fn=fillin_rpath.isra.0
50 2 1 1 2 0 0 1 0 0 0 0 1 1
51 1 0 0 0 0 0 0 0 0 0 0 0 0
56 2 0 0 1 0 0 1 0 0 0 0 1 1
fn=init_tls
44 2 0 0 1 0 0 1 0 0 0 0 1 1
fl=./elf/../include/scratch_buffer.h
fn=_dl_map_object_deps
77 2 0 0 0 0 0 1 1 1 0 0 0 0
78 1 0 0 0 0 0 1 0 0 0 0 0 0
85 3 1 1 1 0 0 0 0 0 1 1 0 0
131 20 1 1 0 0 0 10 0 0 0 0 0 0
fl=./elf/../misc/sbrk.c
fn=sbrk
37 6 1 1 0 0 0 3 0 0 0 0 0 0
40 1 0 0 1 0 0 0 0 0 0 0 0 0
58 2 0 0 0 0 0 0 0 0 1 0 0 0
62 2 0 0 0 0 0 0 0 0 1 1 0 0
78 5 1 1 4 0 0 0 0 0 0 0 0 0
fl=./elf/../nptl/nptl-stack.h
fn=__libc_early_init
61 8 1 1 2 1 0 0 0 0 0 0 0 0
fl=./elf/../sysdeps/generic/_itoa.h
fn=_dl_check_map_versions
76 36 0 0 12 0 0 24 0 0 0 0 0 0
fl=./elf/../sysdeps/generic/dl-cache.h
fn=_dl_load_cache_lookup
125 4 1 1 4 0 0 0 0 0 0 0 0 0
194 1 0 0 1 0 0 0 0 0 0 0 0 0
195 5 0 0 0 0 0 0 0 0 1 1 0 0
fl=./elf/../sysdeps/generic/dl-call_tls_init_tp.h
fn=init_tls
31 8 0 0 0 0 0 2 0 0 1 0 0 0
33 1 0 0 0 0 0 1 0 0 0 0 0 0
fl=./elf/../sysdeps/generic/dl-debug.h
fn=dl_main
29 4 0 0 2 0 0 0 0 0 1 0 0 0
30 1 0 0 0 0 0 1 0 0 0 0 0 0
fl=./elf/../sysdeps/generic/dl-hash.h
fn=__rtld_malloc_init_real
43 1 0 0 0 0 0 0 0 0 0 0 0 0
44 1 0 0 0 0 0 0 0 0 0 0 0 0
45 19 0 0 6 1 1 0 0 0 6 4 0 0
48 18 0 0 0 0 0 0 0 0 0 0 0 0
62 24 0 0 0 0 0 0 0 0 0 0 0 0
67 1 0 0 0 0 0 0 0 0 0 0 0 0
72 1 0 0 0 0 0 1 0 0 0 0 0 0
fl=./elf/../sysdeps/generic/dl-new-hash.h
fn=_dl_lookup_symbol_x
69 1954 0 0 0 0 0 0 0 0 0 0 0 0
70 3908 0 0 0 0 0 0 0 0 0 0 0 0
74 42543 0 0 42543 1515 1261 0 0 0 0 0 0 0
77 85086 0 0 0 0 0 0 0 0 42543 1002 0 0
80 41561 0 0 41561 504 437 0 0 0 0 0 0 0
81 83122 0 0 0 0 0 0 0 0 41561 978 0 0
87 972 1 1 0 0 0 0 0 0 0 0 0 0
88 972 0 0 0 0 0 0 0 0 0 0 0 0
89 1944 0 0 0 0 0 0 0 0 0 0 0 0
90 972 0 0 0 0 0 0 0 0 0 0 0 0
99 40589 0 0 0 0 0 0 0 0 0 0 0 0
101 40589 0 0 0 0 0 0 0 0 0 0 0 0
102 81178 0 0 0 0 0 0 0 0 0 0 0 0
104 40589 3 1 0 0 0 0 0 0 0 0 0 0
105 40589 0 0 0 0 0 0 0 0 0 0 0 0
fl=./elf/../sysdeps/generic/dl-protected.h
fn=do_lookup_x
29 7752 0 0 0 0 0 0 0 0 1938 0 0 0
fl=./elf/../sysdeps/generic/ldsodefs.h
fn=_dl_relocate_object
79 62 1 1 30 1 0 0 0 0 0 0 0 0
140 10383 0 0 3461 0 0 0 0 0 0 0 0 0
fn=_dl_start
79 6 1 1 3 0 0 0 0 0 0 0 0 0
fn=do_lookup_x
139 3876 0 0 1938 0 0 0 0 0 0 0 0 0
140 5814 0 0 0 0 0 0 0 0 0 0 0 0
fl=./elf/../sysdeps/nptl/dl-mutex.c
fn=__rtld_mutex_init
30 7 1 1 0 0 0 4 0 0 0 0 0 0
37 1 0 0 1 0 0 0 0 0 0 0 0 0
40 7 0 0 0 0 0 1 0 0 0 0 0 0
44 2 1 1 0 0 0 0 0 0 1 0 0 0
45 9 0 0 3 0 0 1 0 0 1 0 0 0
47 6 0 0 0 0 0 1 0 0 0 0 0 0
51 2 1 1 0 0 0 0 0 0 1 0 0 0
52 7 0 0 3 0 0 1 0 0 1 0 0 0
53 6 0 0 5 0 0 0 0 0 0 0 0 0
fl=./elf/../sysdeps/nptl/dl-tls_init_tp.c
fn=__tls_init_tp
68 5 0 0 0 0 0 2 0 0 0 0 0 0
69 1 0 0 1 0 0 0 0 0 0 0 0 0
72 1 0 0 0 0 0 0 0 0 0 0 0 0
75 4 0 0 0 0 0 1 0 0 0 0 0 0
76 2 0 0 0 0 0 1 0 0 0 0 0 0
77 1 1 1 0 0 0 1 0 0 0 0 0 0
82 2 0 0 1 0 0 1 0 0 0 0 0 0
87 4 0 0 0 0 0 1 0 0 0 0 0 0
90 1 0 0 0 0 0 1 0 0 0 0 0 0
93 3 0 0 0 0 0 0 0 0 0 0 0 0
105 4 1 1 0 0 0 1 0 0 0 0 0 0
121 3 0 0 2 1 0 1 1 0 0 0 0 0
128 2 0 0 1 0 0 1 0 0 0 0 0 0
129 3 0 0 3 0 0 0 0 0 0 0 0 0
fn=__tls_pre_init_tp
53 3 1 1 0 0 0 0 0 0 0 0 0 0
56 10 1 1 0 0 0 3 1 1 0 0 0 0
61 2 0 0 0 0 0 1 0 0 0 0 0 0
62 1 1 1 0 0 0 1 0 0 0 0 0 0
64 1 0 0 1 0 0 0 0 0 0 0 0 0
fn=rtld_mutex_dummy
42 178 0 0 0 0 0 0 0 0 0 0 0 0
44 356 0 0 178 0 0 0 0 0 0 0 0 0
fl=./elf/../sysdeps/nptl/pthread_early_init.h
fn=__libc_early_init
33 6 1 1 0 0 0 1 0 0 1 0 0 0
34 1 0 0 1 0 0 0 0 0 0 0 0 0
38 5 0 0 0 0 0 0 0 0 0 0 0 0
45 2 0 0 2 1 0 0 0 0 0 0 0 0
46 1 0 0 0 0 0 0 0 0 0 0 0 0
48 2 0 0 0 0 0 0 0 0 0 0 0 0
52 5 1 1 0 0 0 1 0 0 0 0 0 0
53 1 0 0 0 0 0 1 1 1 0 0 0 0
54 1 0 0 0 0 0 1 1 1 0 0 0 0
56 1 0 0 0 0 0 1 0 0 0 0 0 0
fl=./elf/../sysdeps/posix/dl-fileid.h
fn=_dl_map_object_from_fd
37 20 0 0 0 0 0 5 1 1 5 0 0 0
40 20 0 0 15 0 0 5 0 0 0 0 0 0
49 60 0 0 30 1 1 0 0 0 30 9 0 0
fl=./elf/../sysdeps/unix/sysv/linux/brk.c
fn=brk
36 1 1 1 0 0 0 0 0 0 0 0 0 0
37 1 0 0 0 0 0 1 1 1 0 0 0 0
38 2 0 0 0 0 0 0 0 0 1 0 0 0
44 1 0 0 0 0 0 0 0 0 0 0 0 0
45 1 0 0 1 0 0 0 0 0 0 0 0 0
fl=./elf/../sysdeps/unix/sysv/linux/brk_call.h
fn=brk
24 2 0 0 0 0 0 0 0 0 0 0 0 0
fl=./elf/../sysdeps/unix/sysv/linux/dl-osinfo.h
fn=dl_main
39 2 0 0 1 1 0 0 0 0 0 0 0 0
52 1 0 0 1 1 1 0 0 0 0 0 0 0
fl=./elf/../sysdeps/unix/sysv/linux/dl-parse_auxv.h
fn=_dl_sysdep_parse_arguments
32 2 0 0 0 0 0 1 0 0 0 0 0 0
33 1 0 0 0 0 0 1 0 0 0 0 0 0
34 1 0 0 0 0 0 1 0 0 0 0 0 0
41 93 1 1 24 6 6 0 0 0 23 6 0 0
42 44 0 0 0 0 0 0 0 0 22 0 0 0
43 44 0 0 22 0 0 22 0 0 0 0 0 0
45 1 0 0 0 0 0 1 0 0 0 0 0 0
46 2 0 0 1 0 0 1 0 0 0 0 0 0
47 2 0 0 1 0 0 1 0 0 0 0 0 0
48 2 0 0 1 0 0 1 0 0 0 0 0 0
49 1 0 0 0 0 0 1 0 0 0 0 0 0
51 2 1 1 1 0 0 1 0 0 0 0 0 0
52 2 0 0 1 0 0 1 1 1 0 0 0 0
53 2 0 0 1 0 0 1 0 0 0 0 0 0
54 2 1 1 1 0 0 1 0 0 0 0 0 0
56 2 0 0 1 0 0 1 0 0 0 0 0 0
fl=./elf/../sysdeps/unix/sysv/linux/dl-sysdep.c
fn=_dl_sysdep_parse_arguments
78 7 1 1 0 0 0 4 0 0 0 0 0 0
79 2 0 0 1 1 1 1 1 1 0 0 0 0
80 2 0 0 0 0 0 1 0 0 0 0 0 0
81 3 0 0 0 0 0 1 1 1 0 0 0 0
82 82 0 0 0 0 0 0 0 0 0 0 0 0
83 167 1 1 83 10 10 0 0 0 83 10 0 0
86 2 1 1 0 0 0 1 1 1 0 0 0 0
90 56 0 0 0 0 0 52 7 7 52 10 0 0
93 5 0 0 3 0 0 1 0 0 0 0 0 0
94 2 0 0 1 0 0 1 0 0 0 0 0 0
95 3 1 1 2 0 0 1 0 0 0 0 0 0
96 6 0 0 5 0 0 0 0 0 0 0 0 0
fn=_dl_sysdep_start
102 6 1 1 0 0 0 2 0 0 0 0 0 0
103 1 0 0 0 0 0 1 0 0 0 0 0 0
106 2 0 0 0 0 0 1 1 1 0 0 0 0
110 2 0 0 1 0 0 1 0 0 0 0 0 0
113 1 0 0 0 0 0 1 0 0 0 0 0 0
115 2 0 0 0 0 0 1 0 0 0 0 0 0
122 3 1 1 1 0 0 0 0 0 1 0 0 0
123 2 0 0 0 0 0 2 0 0 0 0 0 0
125 5 0 0 0 0 0 1 0 0 1 0 0 0
137 3 0 0 1 0 0 0 0 0 1 0 0 0
140 5 1 1 3 0 0 1 0 0 0 0 1 1
143 4 0 0 4 1 0 0 0 0 0 0 0 0
fn=_dl_sysdep_start_cleanup
147 1 1 1 0 0 0 0 0 0 0 0 0 0
148 1 0 0 1 0 0 0 0 0 0 0 0 0
fl=./elf/../sysdeps/unix/sysv/linux/dl-vdso-setup.h
fn=dl_main
30 1 0 0 0 0 0 1 0 0 0 0 0 0
33 1 1 1 0 0 0 1 0 0 0 0 0 0
36 1 0 0 0 0 0 1 0 0 0 0 0 0
39 1 0 0 0 0 0 1 0 0 0 0 0 0
45 1 0 0 0 0 0 1 0 0 0 0 0 0
fl=./elf/../sysdeps/unix/sysv/linux/dl-vdso.h
fn=dl_main
40 2 1 1 1 0 0 0 0 0 0 0 0 0
41 5 0 0 0 0 0 2 0 0 1 0 0 0
55 2 0 0 0 0 0 0 0 0 0 0 0 0
fl=./elf/../sysdeps/unix/sysv/linux/rseq-internal.h
fn=__tls_init_tp
32 3 0 0 1 0 0 0 0 0 1 1 0 0
34 7 1 1 0 0 0 0 0 0 0 0 0 0
37 2 0 0 0 0 0 0 0 0 1 1 0 0
40 1 0 0 0 0 0 1 0 0 0 0 0 0
fl=./elf/../sysdeps/unix/sysv/linux/x86/dl-hwcap2.h
fn=update_active.constprop.0
25 2 0 0 1 0 0 0 0 0 1 1 0 0
fl=./elf/../sysdeps/unix/sysv/linux/x86/dl-minsigstacksize.h
fn=get_common_indices.constprop.0
24 2 2 2 1 0 0 0 0 0 1 0 0 0
27 2 0 0 1 0 0 0 0 0 1 0 0 0
28 2 0 0 1 0 0 0 0 0 1 0 0 0
65 3 0 0 0 0 0 0 0 0 0 0 0 0
72 1 0 0 0 0 0 0 0 0 0 0 0 0
74 1 0 0 0 0 0 1 0 0 0 0 0 0
fl=./elf/../sysdeps/x86/cpu-features.c
fn=get_common_indices.constprop.0
398 3 1 1 0 0 0 2 0 0 0 0 0 0
402 4 0 0 0 0 0 0 0 0 1 0 0 0
405 5 0 0 0 0 0 3 0 0 0 0 0 0
409 1 0 0 0 0 0 1 0 0 0 0 0 0
410 4 0 0 0 0 0 1 0 0 0 0 0 0
411 4 1 1 0 0 0 1 0 0 0 0 0 0
412 4 0 0 0 0 0 1 0 0 0 0 0 0
413 3 0 0 0 0 0 1 0 0 0 0 0 0
414 2 0 0 1 0 0 0 0 0 1 0 0 0
421 2 0 0 1 0 0 0 0 0 1 0 0 0
423 9 0 0 0 0 0 4 1 1 0 0 0 0
428 8 2 2 0 0 0 4 1 1 0 0 0 0
435 2 0 0 1 0 0 0 0 0 1 0 0 0
436 7 0 0 0 0 0 4 1 1 0 0 0 0
442 2 0 0 1 0 0 0 0 0 1 1 0 0
457 3 0 0 3 0 0 0 0 0 0 0 0 0
fn=init_cpu_features.constprop.0
376 3 0 0 0 0 0 0 0 0 0 0 0 0
377 2 0 0 0 0 0 0 0 0 1 0 0 0
378 6 0 0 0 0 0 4 0 0 0 0 0 0
383 2 1 1 0 0 0 0 0 0 1 1 0 0
384 6 1 1 0 0 0 4 0 0 0 0 0 0
389 2 0 0 0 0 0 0 0 0 1 0 0 0
390 7 1 1 0 0 0 4 0 0 0 0 0 0
682 8 1 1 0 0 0 6 0 0 0 0 0 0
685 1 0 0 0 0 0 1 0 0 0 0 0 0
686 1 1 1 0 0 0 1 0 0 0 0 0 0
687 1 0 0 0 0 0 1 0 0 0 0 0 0
690 1 0 0 0 0 0 1 1 1 0 0 0 0
699 3 0 0 0 0 0 1 0 0 0 0 0 0
702 6 1 1 0 0 0 0 0 0 3 1 0 0
703 1 0 0 0 0 0 0 0 0 0 0 0 0
706 2 0 0 0 0 0 1 0 0 0 0 0 0
708 6 2 2 0 0 0 1 0 0 0 0 0 0
713 1 0 0 0 0 0 1 0 0 0 0 0 0
715 3 0 0 1 0 0 0 0 0 1 1 0 0
717 9 2 2 3 1 1 1 0 0 1 0 0 0
721 7 0 0 1 1 1 0 0 0 1 0 1 1
774 3 0 0 2 0 0 0 0 0 1 1 0 0
781 2 1 1 0 0 0 1 0 0 0 0 0 0
799 1 1 1 0 0 0 1 0 0 0 0 0 0
832 2 0 0 0 0 0 0 0 0 1 1 0 0
866 4 1 1 0 0 0 0 0 0 1 1 0 0
869 2 0 0 0 0 0 1 0 0 0 0 0 0
870 1 1 1 0 0 0 0 0 0 0 0 0 0
878 2 1 1 1 0 0 0 0 0 1 0 0 0
885 2 0 0 1 0 0 0 0 0 1 0 0 0
887 2 0 0 0 0 0 1 0 0 0 0 0 0
891 2 0 0 0 0 0 0 0 0 1 0 0 0
897 2 0 0 1 0 0 0 0 0 1 1 0 0
899 1 1 1 0 0 0 0 0 0 0 0 0 0
1001 3 1 1 1 0 0 0 0 0 1 0 0 0
1002 2 0 0 0 0 0 1 0 0 0 0 0 0
1005 2 0 0 0 0 0 0 0 0 1 0 0 0
1006 2 0 0 0 0 0 1 0 0 0 0 0 0
1012 1 0 0 0 0 0 1 0 0 0 0 0 0
1013 1 0 0 0 0 0 1 0 0 0 0 0 0
1014 1 0 0 0 0 0 1 0 0 0 0 0 0
1015 2 1 1 1 0 0 1 0 0 0 0 0 0
1019 4 0 0 0 0 0 1 0 0 0 0 0 0
1022 4 0 0 0 0 0 1 0 0 0 0 0 0
1028 3 0 0 1 0 0 0 0 0 1 1 0 0
1041 2 0 0 0 0 0 0 0 0 0 0 0 0
1042 4 1 1 1 0 0 0 0 0 1 1 0 0
1081 1 0 0 0 0 0 1 0 0 0 0 0 0
1082 2 1 1 1 0 0 0 0 0 1 1 0 0
1086 3 0 0 1 0 0 0 0 0 1 1 0 0
1103 2 1 1 0 0 0 0 0 0 0 0 0 0
1104 2 0 0 0 0 0 0 0 0 1 0 0 0
1106 3 0 0 0 0 0 0 0 0 1 0 0 0
1107 2 0 0 1 0 0 0 0 0 0 0 0 0
1109 3 0 0 0 0 0 0 0 0 1 0 0 0
1110 2 0 0 0 0 0 0 0 0 0 0 0 0
1113 2 0 0 0 0 0 1 0 0 0 0 0 0
1127 4 0 0 0 0 0 1 0 0 0 0 0 0
1129 4 0 0 0 0 0 1 0 0 0 0 0 0
1135 4 0 0 0 0 0 1 0 0 0 0 0 0
1142 8 0 0 7 0 0 0 0 0 0 0 0 0
fn=update_active.constprop.0
72 8 2 2 0 0 0 6 0 0 0 0 0 0
76 1 0 0 1 0 0 0 0 0 0 0 0 0
84 3 1 1 1 0 0 0 0 0 0 0 0 0
85 3 0 0 0 0 0 0 0 0 0 0 0 0
86 1 0 0 1 0 0 0 0 0 0 0 0 0
94 4 0 0 1 0 0 1 0 0 0 0 0 0
95 1 0 0 1 0 0 0 0 0 0 0 0 0
103 4 0 0 1 0 0 1 0 0 0 0 0 0
104 1 0 0 1 0 0 0 0 0 0 0 0 0
109 4 0 0 0 0 0 1 0 0 0 0 0 0
112 4 0 0 1 0 0 1 0 0 0 0 0 0
113 1 0 0 1 0 0 0 0 0 0 0 0 0
116 5 1 1 1 0 0 2 1 1 0 0 0 0
117 2 1 1 1 0 0 1 0 0 0 0 0 0
121 5 0 0 1 0 0 2 0 0 0 0 0 0
122 3 0 0 2 0 0 0 0 0 0 0 0 0
123 3 1 1 2 0 0 0 0 0 0 0 0 0
124 2 0 0 1 0 0 1 0 0 0 0 0 0
128 5 0 0 1 0 0 1 0 0 0 0 0 0
129 5 1 1 2 0 0 1 0 0 0 0 0 0
130 3 0 0 2 1 1 0 0 0 0 0 0 0
132 2 0 0 0 0 0 0 0 0 1 0 0 0
133 4 0 0 0 0 0 1 0 0 0 0 0 0
147 2 0 0 0 0 0 0 0 0 1 1 0 0
151 7 2 2 0 0 0 4 0 0 0 0 0 0
152 4 0 0 0 0 0 1 0 0 0 0 0 0
154 3 0 0 0 0 0 0 0 0 1 1 0 0
158 4 1 1 0 0 0 1 0 0 1 0 0 0
161 1 0 0 0 0 0 0 0 0 0 0 0 0
164 2 0 0 0 0 0 0 0 0 1 1 0 0
166 2 0 0 0 0 0 1 0 0 0 0 0 0
170 1 0 0 0 0 0 0 0 0 0 0 0 0
171 1 1 1 1 1 1 0 0 0 0 0 0 0
178 4 1 1 1 0 0 1 0 0 0 0 0 0
180 5 0 0 1 0 0 1 0 0 0 0 0 0
186 4 0 0 0 0 0 1 0 0 0 0 0 0
188 5 1 1 2 0 0 1 0 0 0 0 0 0
190 4 0 0 0 0 0 2 0 0 0 0 0 0
195 5 0 0 0 0 0 1 0 0 1 1 0 0
244 3 0 0 1 0 0 0 0 0 0 0 0 0
245 3 0 0 1 0 0 0 0 0 1 1 0 0
261 4 1 1 0 0 0 0 0 0 1 0 0 0
277 2 0 0 0 0 0 0 0 0 1 1 0 0
281 2 0 0 0 0 0 1 0 0 0 0 0 0
282 1 1 1 1 0 0 0 0 0 0 0 0 0
285 4 0 0 1 0 0 1 0 0 0 0 0 0
289 2 0 0 0 0 0 0 0 0 1 0 0 0
293 3 1 1 0 0 0 0 0 0 0 0 0 0
294 2 0 0 0 0 0 0 0 0 1 0 0 0
296 1 0 0 0 0 0 0 0 0 0 0 0 0
297 1 0 0 0 0 0 0 0 0 0 0 0 0
300 2 0 0 0 0 0 1 0 0 0 0 0 0
302 1 0 0 0 0 0 1 0 0 0 0 0 0
305 2 0 0 0 0 0 0 0 0 1 1 0 0
356 5 1 1 0 0 0 0 0 0 1 1 0 0
360 3 1 1 1 0 0 0 0 0 1 1 0 0
369 1 0 0 0 0 0 1 0 0 0 0 0 0
370 8 0 0 7 0 0 0 0 0 0 0 0 0
fl=./elf/../sysdeps/x86/dl-cacheinfo.h
fn=get_common_cache_info.constprop.0
571 11 1 1 0 0 0 6 0 0 0 0 0 0
586 1 0 0 1 0 0 0 0 0 0 0 0 0
587 1 0 0 1 0 0 0 0 0 0 0 0 0
588 2 0 0 1 0 0 1 0 0 0 0 0 0
589 1 1 1 1 0 0 0 0 0 0 0 0 0
590 2 0 0 1 0 0 1 0 0 0 0 0 0
596 3 0 0 0 0 0 1 0 0 0 0 0 0
598 7 1 1 3 0 0 2 0 0 0 0 0 0
601 2 0 0 0 0 0 0 0 0 1 0 0 0
613 1 0 0 0 0 0 0 0 0 0 0 0 0
618 3 1 1 1 0 0 0 0 0 1 0 0 0
622 2 0 0 0 0 0 0 0 0 1 1 0 0
627 5 1 1 1 0 0 0 0 0 1 1 0 0
630 24 2 2 0 0 0 5 0 0 1 1 0 0
637 8 0 0 0 0 0 0 0 0 4 0 0 0
640 26 0 0 0 0 0 0 0 0 7 5 0 0
645 2 1 1 0 0 0 0 0 0 1 0 0 0
649 3 0 0 0 0 0 0 0 0 0 0 0 0
650 2 0 0 0 0 0 0 0 0 0 0 0 0
654 2 0 0 0 0 0 0 0 0 1 0 0 0
658 3 0 0 0 0 0 0 0 0 0 0 0 0
661 4 0 0 0 0 0 1 0 0 0 0 0 0
662 1 0 0 0 0 0 0 0 0 0 0 0 0
667 4 0 0 0 0 0 0 0 0 2 1 0 0
673 4 0 0 0 0 0 0 0 0 2 0 0 0
681 6 0 0 0 0 0 0 0 0 0 0 0 0
683 2 0 0 0 0 0 0 0 0 1 0 0 0
685 4 0 0 0 0 0 0 0 0 2 1 0 0
687 12 1 1 0 0 0 0 0 0 1 0 0 0
689 1 0 0 0 0 0 0 0 0 0 0 0 0
690 1 0 0 0 0 0 0 0 0 0 0 0 0
691 9 0 0 1 0 0 0 0 0 2 0 0 0
693 4 1 1 0 0 0 0 0 0 2 1 0 0
696 7 1 1 4 0 0 0 0 0 1 0 0 0
701 1 0 0 0 0 0 0 0 0 0 0 0 0
703 4 1 1 0 0 0 0 0 0 0 0 0 0
704 3 0 0 0 0 0 0 0 0 0 0 0 0
705 1 0 0 0 0 0 0 0 0 0 0 0 0
708 2 0 0 0 0 0 0 0 0 1 1 0 0
711 2 1 1 0 0 0 0 0 0 1 0 0 0
718 1 0 0 0 0 0 0 0 0 0 0 0 0
720 4 0 0 0 0 0 0 0 0 0 0 0 0
721 1 0 0 0 0 0 0 0 0 0 0 0 0
726 2 0 0 0 0 0 0 0 0 0 0 0 0
731 2 0 0 0 0 0 0 0 0 1 0 0 0
732 1 0 0 0 0 0 0 0 0 0 0 0 0
733 2 0 0 0 0 0 0 0 0 1 0 0 0
734 1 0 0 0 0 0 0 0 0 0 0 0 0
759 3 0 0 0 0 0 0 0 0 0 0 0 0
770 5 0 0 1 0 0 0 0 0 2 0 0 0
771 5 0 0 0 0 0 1 0 0 0 0 0 0
775 2 1 1 1 0 0 0 0 0 1 1 0 0
782 1 0 0 0 0 0 1 0 0 0 0 0 0
783 2 0 0 1 0 0 1 0 0 0 0 0 0
784 1 0 0 0 0 0 1 0 0 0 0 0 0
785 7 0 0 7 0 0 0 0 0 0 0 0 0
fn=handle_intel.constprop.0
250 108 0 0 0 0 0 72 0 0 0 0 0 0
255 24 1 1 12 0 0 0 0 0 12 0 0 0
261 12 0 0 0 0 0 12 0 0 0 0 0 0
262 12 0 0 0 0 0 12 0 0 0 0 0 0
267 48 0 0 0 0 0 12 0 0 0 0 0 0
271 24 0 0 0 0 0 0 0 0 12 11 0 0
276 24 1 1 0 0 0 0 0 0 0 0 0 0
279 60 0 0 0 0 0 12 0 0 0 0 0 0
281 24 0 0 0 0 0 0 0 0 12 0 0 0
284 60 1 1 0 0 0 12 0 0 0 0 0 0
286 24 0 0 0 0 0 0 0 0 12 12 0 0
305 96 0 0 84 0 0 0 0 0 0 0 0 0
fn=init_cpu_features.constprop.0
792 1 0 0 0 0 0 1 0 0 0 0 0 0
793 1 0 0 0 0 0 1 0 0 0 0 0 0
795 1 0 0 0 0 0 1 0 0 0 0 0 0
809 2 0 0 0 0 0 0 0 0 1 1 0 0
811 3 1 1 0 0 0 2 0 0 0 0 0 0
812 3 1 1 0 0 0 1 0 0 0 0 0 0
813 3 0 0 0 0 0 2 0 0 0 0 0 0
814 2 0 0 0 0 0 2 0 0 0 0 0 0
817 3 0 0 0 0 0 2 0 0 0 0 0 0
819 3 1 1 0 0 0 2 0 0 0 0 0 0
820 2 0 0 1 0 0 1 0 0 0 0 0 0
822 3 0 0 0 0 0 2 0 0 0 0 0 0
824 3 0 0 0 0 0 2 0 0 0 0 0 0
825 1 0 0 0 0 0 1 0 0 0 0 0 0
827 3 0 0 0 0 0 2 0 0 0 0 0 0
829 3 1 1 0 0 0 2 0 0 0 0 0 0
830 2 0 0 1 0 0 1 0 0 0 0 0 0
832 3 0 0 0 0 0 2 0 0 0 0 0 0
834 3 0 0 0 0 0 1 0 0 0 0 0 0
836 3 1 1 0 0 0 2 0 0 0 0 0 0
838 5 0 0 1 0 0 1 0 0 0 0 0 0
894 2 1 1 1 0 0 1 1 1 0 0 0 0
895 2 0 0 1 0 0 1 0 0 0 0 0 0
896 2 0 0 1 0 0 1 0 0 0 0 0 0
897 2 1 1 1 0 0 1 0 0 0 0 0 0
898 2 0 0 1 0 0 1 0 0 0 0 0 0
899 2 0 0 1 0 0 1 0 0 0 0 0 0
900 1 0 0 0 0 0 1 1 1 0 0 0 0
901 1 0 0 0 0 0 1 0 0 0 0 0 0
902 1 0 0 0 0 0 1 0 0 0 0 0 0
903 1 1 1 0 0 0 1 0 0 0 0 0 0
904 1 0 0 0 0 0 1 0 0 0 0 0 0
905 1 0 0 0 0 0 1 0 0 0 0 0 0
907 1 0 0 1 0 0 0 0 0 0 0 0 0
910 3 0 0 0 0 0 0 0 0 0 0 0 0
924 3 0 0 1 0 0 0 0 0 0 0 0 0
925 7 1 1 5 0 0 2 0 0 0 0 0 0
930 2 0 0 0 0 0 0 0 0 0 0 0 0
931 6 0 0 2 0 0 0 0 0 0 0 0 0
932 2 0 0 0 0 0 0 0 0 0 0 0 0
939 3 0 0 1 0 0 0 0 0 1 0 0 0
959 6 1 1 0 0 0 0 0 0 0 0 0 0
968 2 0 0 0 0 0 0 0 0 0 0 0 0
969 2 0 0 0 0 0 0 0 0 1 1 0 0
974 12 2 2 0 0 0 0 0 0 0 0 0 0
987 5 0 0 2 0 0 1 0 0 0 0 0 0
995 7 1 1 1 0 0 1 0 0 0 0 0 0
997 2 0 0 0 0 0 0 0 0 1 1 0 0
1000 5 0 0 1 0 0 1 0 0 0 0 0 0
1002 2 0 0 0 0 0 0 0 0 1 1 0 0
1005 5 1 1 1 0 0 1 0 0 0 0 0 0
1006 5 0 0 0 0 0 1 0 0 1 0 0 0
1010 6 0 0 1 0 0 2 0 0 0 0 0 0
1011 3 0 0 1 0 0 0 0 0 1 1 0 0
1017 7 0 0 1 0 0 3 0 0 0 0 0 0
1020 11 2 2 2 0 0 5 0 0 0 0 0 0
1021 10 1 1 2 0 0 5 0 0 0 0 0 0
1022 13 2 2 2 0 0 6 0 0 0 0 0 0
1025 10 0 0 1 0 0 5 0 0 0 0 0 0
1027 10 1 1 1 0 0 5 0 0 0 0 0 0
1040 4 0 0 3 0 0 0 0 0 0 0 0 0
1042 2 0 0 1 0 0 1 0 0 0 0 0 0
1043 2 1 1 1 0 0 1 0 0 0 0 0 0
1044 1 0 0 0 0 0 1 0 0 0 0 0 0
1045 1 0 0 0 0 0 1 0 0 0 0 0 0
1046 1 1 1 0 0 0 1 0 0 0 0 0 0
1047 1 0 0 0 0 0 1 0 0 0 0 0 0
fn=intel_check_word.constprop.0
110 648 1 1 324 6 6 0 0 0 324 6 0 0
113 324 0 0 0 0 0 0 0 0 324 41 0 0
119 216 0 0 0 0 0 96 0 0 0 0 0 0
123 48 1 1 0 0 0 0 0 0 24 0 0 0
125 12 0 0 0 0 0 0 0 0 0 0 0 0
129 120 1 1 0 0 0 0 0 0 0 0 0 0
131 144 0 0 0 0 0 0 0 0 72 2 0 0
133 60 0 0 0 0 0 0 0 0 0 0 0 0
135 120 0 0 0 0 0 0 0 0 60 0 0 0
143 120 1 1 0 0 0 0 0 0 60 2 0 0
152 12 0 0 0 0 0 0 0 0 0 0 0 0
155 138 1 1 0 0 0 0 0 0 12 5 0 0
158 99 0 0 0 0 0 0 0 0 33 1 0 0
162 58 0 0 0 0 0 0 0 0 0 0 0 0
164 189 1 1 0 0 0 0 0 0 35 6 0 0
167 120 0 0 0 0 0 0 0 0 20 3 0 0
168 72 0 0 0 0 0 0 0 0 18 4 0 0
169 60 0 0 0 0 0 0 0 0 15 3 0 0
170 48 0 0 0 0 0 0 0 0 12 4 0 0
172 11 1 1 0 0 0 0 0 0 0 0 0 0
174 22 0 0 0 0 0 0 0 0 11 4 0 0
176 12 1 1 0 0 0 0 0 0 0 0 0 0
177 16 0 0 0 0 0 0 0 0 0 0 0 0
178 12 0 0 0 0 0 0 0 0 0 0 0 0
179 20 0 0 0 0 0 0 0 0 0 0 0 0
180 14 1 1 0 0 0 0 0 0 7 3 0 0
181 12 0 0 0 0 0 0 0 0 0 0 0 0
183 8 0 0 0 0 0 0 0 0 4 0 0 0
184 12 0 0 0 0 0 0 0 0 0 0 0 0
187 21 0 0 0 0 0 0 0 0 0 0 0 0
190 2 0 0 0 0 0 0 0 0 0 0 0 0
194 192 0 0 0 0 0 0 0 0 48 6 0 0
202 168 1 1 48 0 0 0 0 0 0 0 0 0
216 48 0 0 0 0 0 0 0 0 0 0 0 0
246 144 0 0 120 0 0 0 0 0 0 0 0 0
fl=./elf/../sysdeps/x86/dl-get-cpu-features.c
fn=__x86_cpu_features
39 3 0 0 1 1 0 0 0 0 1 0 0 0
71 3 1 1 1 0 0 0 0 0 0 0 0 0
fn=_dl_x86_init_cpu_features
37 1 1 1 0 0 0 0 0 0 0 0 0 0
39 3 0 0 1 0 0 0 0 0 1 1 0 0
41 1 0 0 0 0 0 0 0 0 0 0 0 0
fl=./elf/../sysdeps/x86/dl-isa-level.h
fn=_dl_load_cache_lookup
28 24 0 0 8 0 0 8 0 0 0 0 0 0
fl=./elf/../sysdeps/x86/dl-procinfo.h
fn=_dl_load_cache_lookup
39 8 1 1 0 0 0 0 0 0 4 0 0 0
42 28 0 0 0 0 0 8 1 1 4 3 0 0
fl=./elf/../sysdeps/x86/dl-prop.h
fn=_dl_map_object_from_fd
149 20 0 0 10 0 0 0 0 0 10 9 0 0
fn=_dl_process_pt_gnu_property
95 36 1 1 0 0 0 0 0 0 9 0 0 0
102 18 0 0 0 0 0 0 0 0 9 0 0 0
115 18 0 0 0 0 0 0 0 0 9 4 0 0
118 9 0 0 9 2 2 0 0 0 0 0 0 0
252 6 1 1 0 0 0 0 0 0 3 0 0 0
253 3 0 0 0 0 0 3 0 0 0 0 0 0
254 12 0 0 0 0 0 0 0 0 6 0 0 0
255 6 0 0 0 0 0 6 0 0 0 0 0 0
257 36 0 0 9 0 0 9 0 0 0 0 0 0
258 3 0 0 3 0 0 0 0 0 0 0 0 0
260 9 0 0 3 0 0 0 0 0 0 0 0 0
fn=dl_main
36 2 0 0 2 0 0 0 0 0 0 0 0 0
37 24 1 1 0 0 0 0 0 0 8 5 0 0
40 10 0 0 10 0 0 0 0 0 0 0 0 0
49 40 1 1 13 0 0 0 0 0 14 1 0 0
53 33 0 0 7 1 0 0 0 0 6 0 0 0
71 2 0 0 1 0 0 1 0 0 0 0 0 0
149 4 0 0 2 0 0 0 0 0 2 2 0 0
235 4 1 1 4 0 0 0 0 0 0 0 0 0
236 2 0 0 2 0 0 0 0 0 0 0 0 0
fl=./elf/../sysdeps/x86/get-isa-level.h
fn=_dl_hwcaps_subdirs_active
30 4 0 0 0 0 0 0 0 0 1 1 0 0
31 1 0 0 1 0 0 0 0 0 0 0 0 0
32 3 0 0 1 0 0 0 0 0 1 0 0 0
36 3 0 0 0 0 0 0 0 0 1 0 0 0
39 4 1 1 1 0 0 0 0 0 1 0 0 0
40 4 0 0 1 0 0 0 0 0 1 0 0 0
45 4 0 0 0 0 0 0 0 0 1 0 0 0
48 2 0 0 0 0 0 0 0 0 1 0 0 0
51 5 0 0 1 0 0 0 0 0 1 0 0 0
53 4 1 1 0 0 0 0 0 0 1 0 0 0
54 2 0 0 0 0 0 0 0 0 1 0 0 0
55 2 0 0 0 0 0 0 0 0 1 0 0 0
58 4 0 0 0 0 0 0 0 0 1 1 0 0
fn=update_active.constprop.0
28 1 0 0 0 0 0 0 0 0 0 0 0 0
30 4 0 0 0 0 0 0 0 0 0 0 0 0
31 1 0 0 1 0 0 0 0 0 0 0 0 0
32 3 0 0 0 0 0 0 0 0 1 0 0 0
36 3 0 0 0 0 0 0 0 0 1 1 0 0
38 1 0 0 0 0 0 0 0 0 0 0 0 0
39 2 1 1 0 0 0 0 0 0 1 0 0 0
40 4 1 1 1 0 0 0 0 0 1 0 0 0
45 4 0 0 0 0 0 0 0 0 0 0 0 0
47 1 0 0 0 0 0 0 0 0 0 0 0 0
48 2 0 0 0 0 0 0 0 0 1 0 0 0
51 5 1 1 1 0 0 0 0 0 1 0 0 0
53 4 0 0 0 0 0 0 0 0 1 0 0 0
54 2 0 0 0 0 0 0 0 0 0 0 0 0
55 2 0 0 0 0 0 0 0 0 1 0 0 0
57 1 0 0 0 0 0 0 0 0 0 0 0 0
58 4 0 0 0 0 0 0 0 0 1 1 0 0
fl=./elf/../sysdeps/x86_64/dl-cet.c
fn=_dl_cet_check
145 2 0 0 1 1 0 0 0 0 1 0 0 0
157 2 0 0 1 0 0 0 0 0 1 1 0 0
173 1 1 1 0 0 0 0 0 0 0 0 0 0
179 1 0 0 0 0 0 1 0 0 0 0 0 0
275 2 0 0 0 0 0 0 0 0 1 0 0 0
276 1 0 0 0 0 0 1 0 0 0 0 0 0
277 2 0 0 1 0 0 0 0 0 0 0 0 0
282 4 0 0 1 0 0 1 0 0 0 0 0 0
283 3 0 0 0 0 0 1 0 0 0 0 0 0
285 2 0 0 1 0 0 1 0 0 0 0 0 0
293 5 1 1 1 0 0 0 0 0 1 0 0 0
296 1 0 0 0 0 0 1 0 0 0 0 0 0
300 2 0 0 0 0 0 0 0 0 1 0 0 0
301 1 0 0 0 0 0 1 0 0 0 0 0 0
302 2 0 0 0 0 0 0 0 0 0 0 0 0
303 2 1 1 0 0 0 0 0 0 1 0 0 0
304 2 0 0 0 0 0 1 0 0 0 0 0 0
305 2 0 0 0 0 0 0 0 0 0 0 0 0
308 1 0 0 0 0 0 1 0 0 0 0 0 0
310 1 0 0 0 0 0 1 0 0 0 0 0 0
313 2 0 0 0 0 0 0 0 0 1 0 0 0
361 8 1 1 0 0 0 4 0 0 0 0 0 0
363 6 0 0 5 0 0 0 0 0 0 0 0 0
fn=_dl_cet_setup_features
331 1 1 1 0 0 0 0 0 0 0 0 0 0
334 2 0 0 0 0 0 0 0 0 1 0 0 0
350 1 0 0 1 0 0 0 0 0 0 0 0 0
fl=./elf/../sysdeps/x86_64/dl-hwcaps-subdirs.c
fn=_dl_hwcaps_subdirs_active
29 1 1 1 0 0 0 0 0 0 0 0 0 0
38 3 0 0 0 0 0 0 0 0 0 0 0 0
43 1 0 0 0 0 0 0 0 0 0 0 0 0
48 1 0 0 0 0 0 0 0 0 0 0 0 0
52 1 0 0 1 0 0 0 0 0 0 0 0 0
fl=./elf/../sysdeps/x86_64/dl-irel.h
fn=_dl_fixup
32 4 2 1 0 0 0 4 0 0 0 0 4 4
fl=./elf/../sysdeps/x86_64/dl-machine.h
fn=_dl_fixup
234 110 0 0 0 0 0 110 0 0 0 0 0 0
fn=_dl_relocate_object
81 30 0 0 4 0 0 0 0 0 4 2 0 0
87 8 1 1 6 2 0 0 0 0 2 2 0 0
91 6 0 0 2 2 2 0 0 0 2 0 0 0
97 2 0 0 0 0 0 2 0 0 0 0 0 0
108 6 0 0 2 0 0 0 0 0 2 0 0 0
129 4 0 0 2 0 0 0 0 0 2 0 0 0
132 4 0 0 0 0 0 2 0 0 0 0 0 0
134 8 0 0 2 1 0 0 0 0 0 0 0 0
267 6956 2 2 0 0 0 0 0 0 0 0 0 0
274 6956 0 0 0 0 0 0 0 0 3478 0 0 0
278 6956 0 0 0 0 0 0 0 0 3478 4 0 0
287 28203 3 3 10590 3 1 0 0 0 6991 30 0 0
290 6975 1 1 3445 0 0 0 0 0 0 0 0 0
291 136 0 0 0 0 0 0 0 0 68 14 0 0
292 13848 0 0 0 0 0 0 0 0 3462 4 0 0
295 4 1 1 0 0 0 0 0 0 2 0 0 0
296 6 0 0 2 0 0 0 0 0 2 2 0 0
307 4 1 1 0 0 0 4 0 0 0 0 0 0
314 10 1 1 4 0 0 2 0 0 0 0 2 2
317 20868 1 1 3478 9 3 0 0 0 3478 0 3478 597
320 72 0 0 0 0 0 72 0 0 0 0 0 0
323 72 0 0 0 0 0 0 0 0 0 0 0 0
346 8 1 1 0 0 0 0 0 0 4 0 0 0
347 12 0 0 8 3 0 4 3 2 0 0 0 0
352 6 0 0 2 0 0 0 0 0 2 2 0 0
354 4 0 0 4 0 0 0 0 0 0 0 0 0
363 4 0 0 2 0 0 2 1 0 0 0 0 0
393 35 1 1 0 0 0 21 0 0 0 0 0 0
400 51 1 1 17 0 0 0 0 0 17 0 0 0
402 68 0 0 17 0 0 0 0 0 17 0 0 0
406 51 1 1 34 3 3 0 0 0 0 0 0 0
415 34 0 0 17 0 0 17 5 5 0 0 0 0
423 9684 1 1 6231 353 353 3453 1172 445 0 0 0 0
436 7 0 0 0 0 0 4 0 0 1 0 0 0
460 6 1 1 2 0 0 0 0 0 2 0 0 0
464 8 0 0 2 0 0 4 0 0 0 0 0 0
465 8 1 1 4 1 0 0 0 0 0 0 0 0
466 10 0 0 6 0 0 0 0 0 2 0 0 0
467 4 1 1 0 0 0 0 0 0 2 2 0 0
476 136 1 1 136 0 0 0 0 0 0 0 0 0
478 68 0 0 0 0 0 68 0 0 0 0 68 68
479 68 0 0 0 0 0 68 3 1 0 0 0 0
498 3063 0 0 1021 127 127 0 0 0 0 0 0 0
499 1021 0 0 0 0 0 1021 278 273 0 0 0 0
503 2042 0 0 0 0 0 0 0 0 1021 0 0 0
504 2042 0 0 1021 128 128 0 0 0 0 0 0 0
514 2224 0 0 1112 0 0 0 0 0 0 0 0 0
518 2224 0 0 0 0 0 0 0 0 1112 0 0 0
521 3336 0 0 1112 0 0 0 0 0 1112 0 0 0
522 1112 0 0 1112 139 139 0 0 0 0 0 0 0
730 14 0 0 0 0 0 0 0 0 7 3 0 0
734 8 1 1 4 3 0 0 0 0 4 0 0 0
fn=_dl_start
55 1 0 0 0 0 0 0 0 0 0 0 0 0
278 9 0 0 0 0 0 0 0 0 3 0 0 0
287 27 0 0 9 3 3 1 0 0 3 0 0 0
290 6 0 0 3 0 0 0 0 0 0 0 0 0
291 12 0 0 0 0 0 0 0 0 3 0 0 0
317 8 0 0 0 0 0 0 0 0 4 3 0 0
323 2 0 0 0 0 0 2 1 1 0 0 0 0
fn=_dl_sysdep_start
220 1 0 0 0 0 0 1 0 0 0 0 0 0
fl=./elf/../sysdeps/x86_64/dl-runtime.h
fn=_dl_fixup
28 110 0 0 0 0 0 0 0 0 0 0 0 0
fl=./elf/../sysdeps/x86_64/dl-trampoline.h
fn=_dl_runtime_resolve_xsave
71 110 2 1 0 0 0 0 0 0 0 0 0 0
76 110 0 0 0 0 0 110 0 0 0 0 0 0
79 110 0 0 0 0 0 0 0 0 0 0 0 0
81 110 0 0 0 0 0 0 0 0 0 0 0 0
91 110 0 0 110 5 0 0 0 0 0 0 0 0
97 110 0 0 0 0 0 110 2 0 0 0 0 0
98 110 0 0 0 0 0 110 0 0 0 0 0 0
99 110 2 1 0 0 0 110 0 0 0 0 0 0
100 110 0 0 0 0 0 110 0 0 0 0 0 0
101 110 0 0 0 0 0 110 0 0 0 0 0 0
102 110 0 0 0 0 0 110 0 0 0 0 0 0
103 110 0 0 0 0 0 110 0 0 0 0 0 0
107 110 0 0 0 0 0 0 0 0 0 0 0 0
108 110 0 0 0 0 0 0 0 0 0 0 0 0
111 110 0 0 0 0 0 110 4 0 0 0 0 0
112 110 0 0 0 0 0 110 0 0 0 0 0 0
114 110 0 0 0 0 0 110 0 0 0 0 0 0
115 110 0 0 0 0 0 110 0 0 0 0 0 0
116 110 1 1 0 0 0 110 0 0 0 0 0 0
117 110 0 0 0 0 0 110 0 0 0 0 0 0
118 110 0 0 0 0 0 110 0 0 0 0 0 0
119 110 0 0 0 0 0 110 0 0 0 0 0 0
121 110 0 0 110 0 0 3630 15 0 0 0 0 0
128 110 0 0 110 0 0 0 0 0 0 0 0 0
129 110 0 0 110 0 0 0 0 0 0 0 0 0
130 110 0 0 0 0 0 110 2 0 0 0 0 0
131 110 0 0 0 0 0 0 0 0 0 0 0 0
136 110 0 0 0 0 0 0 0 0 0 0 0 0
137 110 0 0 0 0 0 0 0 0 0 0 0 0
138 110 0 0 3960 0 0 0 0 0 0 0 0 0
140 110 3 1 110 0 0 0 0 0 0 0 0 0
141 110 0 0 110 0 0 0 0 0 0 0 0 0
142 110 0 0 110 0 0 0 0 0 0 0 0 0
143 110 0 0 110 0 0 0 0 0 0 0 0 0
144 110 0 0 110 0 0 0 0 0 0 0 0 0
145 110 0 0 110 0 0 0 0 0 0 0 0 0
146 110 0 0 110 0 0 0 0 0 0 0 0 0
148 110 0 0 0 0 0 0 0 0 0 0 0 0
150 110 0 0 110 0 0 0 0 0 0 0 0 0
154 110 0 0 0 0 0 0 0 0 0 0 0 0
156 110 0 0 0 0 0 0 0 0 0 0 110 110
fl=./elf/../sysdeps/x86_64/tls_get_addr.S
fn=__tls_get_addr
29 2 1 1 0 0 0 0 0 0 0 0 0 0
30 2 0 0 2 0 0 0 0 0 0 0 0 0
31 2 0 0 2 1 0 0 0 0 0 0 0 0
33 2 0 0 2 1 0 0 0 0 0 0 0 0
34 2 0 0 0 0 0 0 0 0 2 0 0 0
35 2 0 0 2 1 0 0 0 0 0 0 0 0
38 2 0 0 0 0 0 0 0 0 0 0 0 0
39 2 1 1 2 0 0 0 0 0 0 0 0 0
43 2 0 0 0 0 0 0 0 0 0 0 0 0
44 2 0 0 0 0 0 0 0 0 2 0 0 0
45 2 0 0 2 0 0 0 0 0 0 0 0 0
46 2 0 0 2 0 0 0 0 0 0 0 0 0
fl=./elf/./dl-find_object.h
fn=_dl_find_object_from_map
95 14 1 1 7 4 0 7 2 1 0 0 0 0
96 14 1 1 7 0 0 7 0 0 0 0 0 0
97 7 0 0 0 0 0 7 3 3 0 0 0 0
103 35 0 0 14 6 0 0 0 0 0 0 0 0
104 203 0 0 0 0 0 0 0 0 70 4 0 0
105 140 1 1 70 59 8 0 0 0 70 21 0 0
107 21 0 0 14 3 0 7 0 0 0 0 0 0
112 7 0 0 7 0 0 0 0 0 0 0 0 0
fl=./elf/./dl-hwcaps.h
fn=_dl_important_hwcaps
43 9 1 1 0 0 0 6 0 0 0 0 0 0
45 7 0 0 0 0 0 6 0 0 0 0 0 0
46 1 0 0 0 0 0 0 0 0 0 0 0 0
77 8 0 0 3 0 0 5 0 0 0 0 0 0
78 8 1 1 3 0 0 5 0 0 0 0 0 0
79 7 2 2 0 0 0 2 0 0 0 0 0 0
fl=./elf/./dl-load.h
fn=_dl_map_object_from_fd
91 40 0 0 20 0 0 0 0 0 20 3 0 0
92 16 1 1 8 0 0 0 0 0 4 0 0 0
93 20 1 1 4 0 0 0 0 0 4 0 0 0
94 16 0 0 4 0 0 0 0 0 0 0 0 0
96 16 0 0 0 0 0 4 0 0 0 0 0 0
fl=./elf/./dl-main.h
fn=dl_main
109 5 1 1 4 0 0 1 0 0 0 0 0 0
fl=./elf/./dl-map-segments.h
fn=_dl_map_object_from_fd
28 15 0 0 5 0 0 0 0 0 5 0 0 0
29 45 1 1 15 0 0 10 1 1 0 0 0 0
81 5 0 0 5 0 0 0 0 0 0 0 0 0
101 5 0 0 0 0 0 5 0 0 0 0 0 0
102 15 0 0 5 0 0 0 0 0 5 0 0 0
105 15 0 0 5 0 0 5 0 0 0 0 0 0
106 10 0 0 0 0 0 5 0 0 0 0 0 0
108 10 1 1 5 0 0 0 0 0 5 2 0 0
125 5 1 1 5 0 0 0 0 0 0 0 0 0
135 120 1 1 20 0 0 0 0 0 20 4 0 0
137 60 0 0 30 0 0 0 0 0 15 0 0 0
139 150 0 0 60 0 0 15 0 0 15 2 0 0
149 80 0 0 40 0 0 0 0 0 20 11 0 0
155 10 1 1 5 0 0 0 0 0 0 0 0 0
156 5 0 0 0 0 0 0 0 0 0 0 0 0
157 15 0 0 5 0 0 0 0 0 0 0 0 0
158 10 0 0 0 0 0 0 0 0 0 0 0 0
160 10 0 0 0 0 0 0 0 0 0 0 0 0
165 10 0 0 0 0 0 0 0 0 5 0 0 0
168 15 0 0 5 0 0 0 0 0 5 0 0 0
176 35 0 0 5 0 0 10 0 0 0 0 0 0
182 10 0 0 0 0 0 0 0 0 5 2 0 0
186 16 2 2 2 0 0 2 0 0 0 0 0 0
189 4 0 0 0 0 0 0 0 0 2 2 0 0
194 20 1 1 0 0 0 0 0 0 0 0 0 0
fl=./elf/./dl-sym-post.h
fn=lookup_malloc_symbol
41 8 0 0 0 0 0 0 0 0 4 0 0 0
53 12 0 0 4 0 0 0 0 0 4 0 0 0
fl=./elf/./dl-tunable-types.h
fn=__GI___tunable_set_val
84 5 0 0 0 0 0 0 0 0 0 0 0 0
fl=./elf/./elf/dl-audit.c
fn=_dl_audit_activity_map
29 7 1 1 0 0 0 5 0 0 0 0 0 0
30 1 0 0 1 0 0 0 0 0 0 0 0 0
31 3 0 0 1 0 0 0 0 0 1 1 0 0
37 6 1 1 6 0 0 0 0 0 0 0 0 0
fn=_dl_audit_activity_nsid
41 3 2 1 0 0 0 0 0 0 0 0 0 0
45 12 0 0 3 1 0 0 0 0 0 0 0 0
46 3 0 0 3 1 0 0 0 0 0 0 0 0
47 15 2 1 3 0 0 0 0 0 6 0 0 0
fn=_dl_audit_objclose
97 7 1 1 0 0 0 0 0 0 0 0 0 0
98 28 0 0 14 0 0 0 0 0 7 3 0 0
fn=_dl_audit_objopen
77 5 1 1 0 0 0 0 0 0 0 0 0 0
78 20 0 0 10 0 0 0 0 0 5 0 0 0
fn=_dl_audit_preinit
118 1 1 1 0 0 0 0 0 0 0 0 0 0
119 4 0 0 2 1 0 0 0 0 1 0 0 0
fl=./elf/./elf/dl-cache.c
fn=_dl_cache_libcmp
357 88 1 1 0 0 0 0 0 0 0 0 0 0
358 530 1 1 44 0 0 0 0 0 243 10 0 0
360 714 0 0 0 0 0 0 0 0 238 5 0 0
362 248 1 1 0 0 0 0 0 0 5 0 0 0
368 20 0 0 0 0 0 0 0 0 0 0 0 0
369 15 0 0 0 0 0 0 0 0 0 0 0 0
370 214 0 0 199 0 0 0 0 0 5 2 0 0
372 214 0 0 199 3 3 0 0 0 5 2 0 0
374 10 0 0 0 0 0 0 0 0 5 2 0 0
380 466 0 0 0 0 0 0 0 0 233 0 0 0
382 466 0 0 0 0 0 0 0 0 233 39 0 0
383 117 1 1 39 0 0 0 0 0 0 0 0 0
386 194 0 0 0 0 0 0 0 0 0 0 0 0
387 194 0 0 0 0 0 0 0 0 0 0 0 0
390 59 0 0 49 34 34 0 0 0 0 0 0 0
fn=_dl_load_cache_lookup
191 78 0 0 0 0 0 0 0 0 0 0 0 0
205 4 0 0 4 0 0 0 0 0 0 0 0 0
208 32 2 2 4 0 0 12 0 0 0 0 0 0
210 40 0 0 12 0 0 12 0 0 0 0 0 0
211 8 1 1 0 0 0 0 0 0 0 0 0 0
213 20 0 0 0 0 0 4 0 0 0 0 0 0
220 90 0 0 4 0 0 0 0 0 39 2 0 0
222 235 1 1 8 0 0 12 0 0 0 0 0 0
223 78 0 0 39 31 31 0 0 0 0 0 0 0
227 117 1 1 39 0 0 0 0 0 39 0 0 0
231 117 0 0 39 0 0 39 0 0 0 0 0 0
232 78 0 0 0 0 0 0 0 0 39 2 0 0
240 18 0 0 0 0 0 0 0 0 9 3 0 0
242 10 0 0 5 0 0 0 0 0 0 0 0 0
245 10 0 0 0 0 0 0 0 0 5 0 0 0
247 30 0 0 0 0 0 5 0 0 0 0 0 0
249 5 0 0 0 0 0 0 0 0 0 0 0 0
259 8 0 0 4 0 0 0 0 0 4 2 0 0
269 12 1 1 8 0 0 0 0 0 4 0 0 0
270 16 0 0 4 0 0 0 0 0 4 0 0 0
286 28 1 1 0 0 0 0 0 0 4 0 0 0
295 8 0 0 4 0 0 0 0 0 4 0 0 0
298 8 0 0 4 0 0 0 0 0 4 0 0 0
301 4 0 0 0 0 0 0 0 0 0 0 0 0
302 12 1 1 4 0 0 0 0 0 4 2 0 0
330 8 0 0 0 0 0 4 0 0 0 0 0 0
346 35 0 0 0 0 0 0 0 0 35 20 0 0
347 17 1 1 0 0 0 0 0 0 0 0 0 0
349 18 0 0 0 0 0 0 0 0 0 0 0 0
403 40 1 1 0 0 0 28 0 0 0 0 0 0
405 8 0 0 4 0 0 0 0 0 4 0 0 0
408 12 1 1 4 0 0 0 0 0 4 2 0 0
411 5 1 1 0 0 0 1 0 0 0 0 0 0
419 5 1 1 1 0 0 0 0 0 2 0 0 0
420 8 1 1 3 1 1 0 0 0 2 1 0 0
423 6 1 1 0 0 0 0 0 0 1 0 0 0
424 1 0 0 1 0 0 0 0 0 0 0 0 0
431 1 1 1 0 0 0 1 0 0 0 0 0 0
432 2 0 0 0 0 0 1 0 0 0 0 0 0
477 9 0 0 3 0 0 0 0 0 3 0 0 0
482 12 0 0 4 0 0 0 0 0 4 0 0 0
485 12 0 0 4 0 0 4 0 0 0 0 0 0
500 8 0 0 4 0 0 0 0 0 4 0 0 0
512 12 0 0 4 0 0 4 0 0 0 0 0 0
513 60 1 1 4 0 0 0 0 0 8 2 0 0
514 16 1 1 4 0 0 4 0 0 0 0 0 0
515 4 0 0 0 0 0 4 0 0 0 0 0 0
516 32 0 0 28 0 0 0 0 0 0 0 0 0
fn=_dl_unload_cache
525 3 1 1 0 0 0 1 0 0 0 0 0 0
526 4 0 0 1 1 0 0 0 0 1 1 0 0
528 2 0 0 1 0 0 1 0 0 0 0 0 0
529 1 0 0 0 0 0 1 0 0 0 0 0 0
533 1 0 0 0 0 0 1 0 0 0 0 0 0
535 2 1 1 2 0 0 0 0 0 0 0 0 0
fl=./elf/./elf/dl-call-libc-early-init.c
fn=_dl_call_libc_early_init
27 7 1 1 0 0 0 3 0 0 0 0 0 0
29 2 0 0 0 0 0 0 0 0 1 0 0 0
33 5 0 0 0 0 0 1 0 0 0 0 0 0
37 2 0 0 0 0 0 0 0 0 1 0 0 0
39 4 1 1 3 0 0 0 0 0 1 0 0 0
40 2 0 0 0 0 0 0 0 0 0 0 1 1
41 3 0 0 3 0 0 0 0 0 0 0 0 0
fl=./elf/./elf/dl-call_fini.c
fn=_dl_call_fini
24 56 1 1 0 0 0 28 0 0 0 0 0 0
28 14 0 0 7 1 0 0 0 0 7 0 0 0
32 7 1 1 7 0 0 0 0 0 0 0 0 0
34 7 0 0 7 7 0 0 0 0 0 0 0 0
35 14 0 0 0 0 0 0 0 0 7 2 0 0
38 10 0 0 10 5 0 0 0 0 0 0 0 0
39 15 0 0 10 3 0 0 0 0 0 0 0 0
42 44 0 0 0 0 0 0 0 0 11 1 0 0
43 6 0 0 6 5 0 6 0 0 0 0 6 6
47 7 1 1 7 5 0 0 0 0 0 0 0 0
48 14 0 0 0 0 0 0 0 0 7 2 0 0
49 15 0 0 10 3 0 0 0 0 0 0 5 5
50 37 0 0 30 0 0 0 0 0 0 0 0 0
fl=./elf/./elf/dl-catch.c
fn=_dl_catch_error
254 12 1 1 0 0 0 4 0 0 0 0 0 0
256 2 0 0 0 0 0 1 0 0 0 0 0 0
257 2 0 0 1 0 0 1 0 0 0 0 0 0
258 2 0 0 1 0 0 1 0 0 0 0 0 0
259 2 0 0 1 0 0 1 0 0 0 0 0 0
261 6 1 1 5 0 0 0 0 0 0 0 0 0
fn=_dl_catch_exception
58 39 0 0 13 1 1 0 0 0 13 6 0 0
59 26 1 1 13 0 0 13 0 0 0 0 0 0
69 26 0 0 13 0 0 0 0 0 13 0 0 0
70 65 0 0 13 0 0 26 0 0 0 0 0 0
204 104 1 1 0 0 0 65 3 3 0 0 0 0
207 26 0 0 0 0 0 0 0 0 13 0 0 0
214 13 0 0 0 0 0 0 0 0 0 0 0 0
228 13 1 1 0 0 0 13 1 1 0 0 0 0
229 26 0 0 0 0 0 13 0 0 0 0 0 0
235 78 1 1 0 0 0 13 0 0 13 0 0 0
237 39 0 0 26 0 0 13 0 0 0 0 13 2
239 52 0 0 13 0 0 26 0 0 0 0 0 0
248 39 0 0 39 0 0 0 0 0 0 0 0 0
fn=_dl_receive_error
58 2 1 1 1 0 0 0 0 0 1 0 0 0
59 1 0 0 1 0 0 0 0 0 0 0 0 0
69 2 0 0 1 0 0 0 0 0 1 0 0 0
70 2 0 0 0 0 0 2 0 0 0 0 0 0
186 7 1 1 0 0 0 3 0 0 0 0 0 0
188 1 0 0 1 0 0 0 0 0 0 0 0 0
192 1 0 0 0 0 0 1 0 0 0 0 0 0
194 1 0 0 0 0 0 1 0 0 0 0 1 1
197 1 0 0 0 0 0 1 0 0 0 0 0 0
198 4 0 0 4 0 0 0 0 0 0 0 0 0
fl=./elf/./elf/dl-debug.c
fn=_dl_debug_initialize
56 3 1 1 0 0 0 0 0 0 0 0 0 0
57 1 1 1 0 0 0 0 0 0 0 0 0 0
59 2 0 0 0 0 0 0 0 0 1 0 0 0
61 2 0 0 0 0 0 0 0 0 0 0 0 0
63 3 0 0 1 1 1 0 0 0 1 0 0 0
64 1 0 0 0 0 0 1 0 0 0 0 0 0
85 3 0 0 1 0 0 0 0 0 1 1 0 0
90 3 1 1 1 1 1 1 0 0 0 0 0 0
91 2 0 0 0 0 0 1 0 0 0 0 0 0
92 1 0 0 0 0 0 1 0 0 0 0 0 0
95 3 0 0 2 0 0 0 0 0 1 1 0 0
96 6 1 1 1 0 0 1 0 0 0 0 0 0
99 2 0 0 0 0 0 0 0 0 1 1 0 0
107 2 0 0 1 0 0 0 0 0 0 0 0 0
fn=_dl_debug_state
116 2 1 1 0 0 0 0 0 0 0 0 0 0
117 2 0 0 2 0 0 0 0 0 0 0 0 0
fn=_dl_debug_update
38 6 0 0 0 0 0 0 0 0 0 0 0 0
40 12 0 0 0 0 0 0 0 0 6 6 0 0
41 6 0 0 0 0 0 0 0 0 0 0 0 0
44 12 1 1 6 1 0 0 0 0 6 0 0 0
48 6 0 0 6 0 0 0 0 0 0 0 0 0
fl=./elf/./elf/dl-deps.c
fn=_dl_map_object_deps
128 3 0 0 0 0 0 2 1 1 0 0 0 0
129 5 1 1 0 0 0 2 0 0 0 0 0 0
130 6 0 0 0 0 0 1 0 0 0 0 0 0
132 3 0 0 0 0 0 1 0 0 0 0 0 0
136 8 1 1 2 0 0 2 0 0 0 0 0 0
143 13 1 1 0 0 0 8 1 1 0 0 0 0
144 20 2 2 1 1 1 0 0 0 2 2 0 0
160 9 1 1 0 0 0 0 0 0 2 0 0 0
161 1 0 0 1 0 0 0 0 0 0 0 0 0
164 1 1 1 0 0 0 1 0 0 0 0 0 0
182 1 0 0 1 0 0 0 0 0 0 0 0 0
183 6 0 0 4 0 0 0 0 0 0 0 0 0
184 1 0 0 0 0 0 1 0 0 0 0 0 0
188 15 0 0 7 0 0 1 0 0 0 0 0 0
190 27 1 1 0 0 0 15 0 0 0 0 0 0
193 7 0 0 0 0 0 7 0 0 0 0 0 0
197 21 1 1 7 3 0 0 0 0 7 6 0 0
198 46 1 1 20 0 0 0 0 0 20 2 0 0
201 20 0 0 5 0 0 0 0 0 5 0 0 0
205 10 0 0 5 0 0 0 0 0 0 0 0 0
208 22 0 0 11 3 1 0 0 0 11 4 0 0
210 20 1 1 15 0 0 0 0 0 5 3 0 0
215 5 1 1 0 0 0 5 0 0 0 0 0 0
216 5 0 0 0 0 0 5 1 1 0 0 0 0
217 10 0 0 5 0 0 5 0 0 0 0 0 0
218 10 0 0 5 0 0 5 0 0 0 0 0 0
219 5 0 0 0 0 0 5 0 0 0 0 0 0
221 631 0 0 169 9 0 0 0 0 154 19 0 0
222 298 0 0 0 0 0 0 0 0 149 11 0 0
228 113 1 1 24 0 0 16 0 0 12 11 0 0
230 12 0 0 0 0 0 12 0 0 0 0 0 0
232 48 1 1 0 0 0 12 0 0 0 0 0 0
233 24 0 0 12 0 0 0 0 0 12 0 0 0
242 12 0 0 12 0 0 0 0 0 0 0 0 0
244 24 1 1 12 0 0 0 0 0 12 5 0 0
249 35 1 1 5 0 0 0 0 0 5 5 0 0
252 5 0 0 0 0 0 5 0 0 0 0 0 0
253 5 0 0 0 0 0 5 0 0 0 0 0 0
254 5 0 0 0 0 0 5 0 0 0 0 0 0
255 10 0 0 5 0 0 5 0 0 0 0 0 0
256 5 0 0 0 0 0 5 0 0 0 0 0 0
257 5 0 0 5 0 0 0 0 0 0 0 0 0
259 20 0 0 5 0 0 5 0 0 0 0 0 0
263 36 0 0 12 0 0 0 0 0 12 3 0 0
264 27 0 0 0 0 0 9 1 1 0 0 0 0
266 411 1 1 0 0 0 0 0 0 137 7 0 0
417 14 1 1 0 0 0 0 0 0 7 2 0 0
419 25 0 0 0 0 0 15 0 0 0 0 0 0
422 10 0 0 0 0 0 0 0 0 0 0 0 0
423 20 1 1 10 0 0 0 0 0 5 0 0 0
429 5 0 0 0 0 0 5 1 1 0 0 0 0
430 25 0 0 0 0 0 10 0 0 0 0 0 0
431 25 0 0 0 0 0 5 0 0 0 0 0 0
434 5 0 0 0 0 0 5 0 0 0 0 0 0
435 10 0 0 10 0 0 0 0 0 0 0 0 0
439 21 1 1 7 0 0 0 0 0 7 6 0 0
441 7 0 0 7 0 0 0 0 0 0 0 0 0
442 32 0 0 6 0 0 0 0 0 13 11 0 0
448 5 1 1 1 0 0 0 0 0 1 0 0 0
449 1 0 0 0 0 0 1 0 0 0 0 0 0
452 4 0 0 1 0 0 1 0 0 1 1 0 0
463 5 1 1 1 0 0 2 0 0 0 0 0 0
465 4 0 0 2 0 0 0 0 0 1 0 0 0
470 5 1 1 2 0 0 1 0 0 0 0 0 0
471 1 0 0 0 0 0 1 0 0 0 0 0 0
472 2 0 0 0 0 0 0 0 0 0 0 0 0
474 25 0 0 7 0 0 0 0 0 8 2 0 0
478 7 1 1 7 0 0 0 0 0 0 0 0 0
483 14 0 0 0 0 0 0 0 0 7 6 0 0
485 21 0 0 0 0 0 7 1 1 0 0 0 0
490 7 0 0 7 0 0 0 0 0 0 0 0 0
494 2 1 1 0 0 0 0 0 0 0 0 0 0
495 3 0 0 1 0 0 0 0 0 1 1 0 0
532 2 1 1 0 0 0 0 0 0 1 0 0 0
533 2 0 0 0 0 0 0 0 0 1 1 0 0
547 9 1 1 2 0 0 3 0 0 0 0 0 0
552 9 1 1 1 0 0 2 0 0 0 0 0 0
553 5 1 1 2 0 0 1 0 0 0 0 0 0
557 1 0 0 0 0 0 1 0 0 0 0 0 0
559 2 0 0 1 0 0 1 0 0 0 0 0 0
560 1 0 0 1 0 0 0 0 0 0 0 0 0
561 3 0 0 1 0 0 0 0 0 1 1 0 0
568 3 1 1 1 0 0 0 0 0 1 1 0 0
571 2 0 0 0 0 0 0 0 0 1 0 0 0
574 8 0 0 7 0 0 0 0 0 0 0 0 0
fn=openaux
61 72 0 0 0 0 0 24 0 0 0 0 0 0
64 132 0 0 48 0 0 24 1 1 0 0 0 0
65 12 0 0 12 0 0 0 0 0 0 0 0 0
68 12 1 1 12 0 0 0 0 0 0 0 0 0
69 36 0 0 36 0 0 0 0 0 0 0 0 0
fl=./elf/./elf/dl-environ.c
fn=_dl_next_ld_env_entry
28 3 1 1 0 0 0 0 0 0 0 0 0 0
29 3 0 0 3 0 0 0 0 0 0 0 0 0
32 250 0 0 84 0 0 0 0 0 83 2 0 0
34 164 0 0 82 0 0 0 0 0 82 29 0 0
35 38 0 0 19 0 0 0 0 0 19 9 0 0
37 2 0 0 0 0 0 0 0 0 0 0 0 0
40 4 0 0 0 0 0 2 0 0 0 0 0 0
42 2 0 0 2 0 0 0 0 0 0 0 0 0
45 80 0 0 0 0 0 0 0 0 0 0 0 0
fl=./elf/./elf/dl-find_object.c
fn=_dl_find_object_init
561 5 1 1 0 0 0 3 0 0 0 0 0 0
564 1 0 0 1 1 0 0 0 0 0 0 0 0
566 2 0 0 1 0 0 0 0 0 1 1 0 0
567 3 1 1 0 0 0 1 0 0 0 0 0 0
579 2 1 1 0 0 0 1 0 0 0 0 0 0
580 3 0 0 1 0 0 1 0 0 0 0 0 0
582 2 0 0 0 0 0 0 0 0 1 0 0 0
585 2 0 0 0 0 0 0 0 0 1 0 0 0
590 1 1 1 0 0 0 1 0 0 0 0 0 0
591 1 0 0 0 0 0 1 0 0 0 0 0 0
594 3 0 0 1 0 0 0 0 0 1 1 0 0
596 2 1 1 0 0 0 1 0 0 0 0 0 0
599 6 1 1 3 0 0 1 0 0 0 0 0 0
601 1 0 0 0 0 0 0 0 0 0 0 0 0
604 4 0 0 4 0 0 0 0 0 0 0 0 0
fn=_dlfo_process_initial
474 8 0 0 0 0 0 4 0 0 0 0 0 0
475 2 0 0 2 0 0 0 0 0 0 0 0 0
477 2 0 0 0 0 0 0 0 0 0 0 0 0
478 4 1 1 2 0 0 0 0 0 2 0 0 0
504 24 1 1 4 1 0 0 0 0 4 1 0 0
505 34 0 0 2 0 0 0 0 0 16 4 0 0
506 14 0 0 14 1 0 0 0 0 0 0 0 0
508 52 1 1 12 2 0 0 0 0 26 2 0 0
511 48 0 0 12 0 0 0 0 0 12 4 0 0
513 36 1 1 12 1 1 0 0 0 12 3 0 0
515 12 0 0 0 0 0 6 0 0 0 0 0 0
516 12 0 0 0 0 0 0 0 0 0 0 0 0
517 24 0 0 0 0 0 0 0 0 0 0 0 0
529 2 0 0 0 0 0 2 0 0 0 0 0 0
531 8 0 0 6 0 0 0 0 0 0 0 0 0
fn=_dlfo_sort_mappings
536 1 1 1 0 0 0 0 0 0 0 0 0 0
537 2 0 0 0 0 0 0 0 0 1 0 0 0
540 24 1 1 5 0 0 0 0 0 5 2 0 0
544 10 0 0 5 0 0 0 0 0 0 0 0 0
545 70 1 1 0 0 0 0 0 0 20 9 0 0
546 75 0 0 15 0 0 0 0 0 15 10 0 0
548 5 0 0 0 0 0 0 0 0 0 0 0 0
549 5 0 0 0 0 0 0 0 0 0 0 0 0
553 20 0 0 10 0 0 0 0 0 0 0 0 0
554 25 0 0 10 0 0 10 0 0 0 0 0 0
555 10 0 0 0 0 0 10 0 0 0 0 0 0
557 1 0 0 1 0 0 0 0 0 0 0 0 0
fl=./elf/./elf/dl-fini.c
fn=_dl_fini
26 11 1 1 0 0 0 7 0 0 0 0 0 0
43 1 0 0 0 0 0 0 0 0 0 0 0 0
46 13 1 1 1 1 0 0 0 0 2 1 0 0
49 2 0 0 1 1 0 1 0 0 0 0 1 1
51 1 1 1 1 1 0 0 0 0 0 0 0 0
54 2 0 0 0 0 0 0 0 0 1 0 0 0
56 5 0 0 2 1 0 0 0 0 1 0 0 0
61 1 0 0 0 0 0 1 0 0 0 0 0 0
63 4 0 0 0 0 0 2 0 0 0 0 0 0
68 18 3 3 2 0 0 0 0 0 2 2 0 0
73 25 0 0 8 2 0 0 0 0 8 2 0 0
75 14 0 0 7 7 0 0 0 0 7 0 0 0
77 14 0 0 0 0 0 0 0 0 7 4 0 0
79 14 0 0 0 0 0 7 1 0 0 0 0 0
80 7 0 0 0 0 0 7 7 0 0 0 0 0
81 7 0 0 0 0 0 0 0 0 0 0 0 0
85 7 1 1 7 6 0 0 0 0 0 0 0 0
87 6 0 0 0 0 0 0 0 0 1 1 0 0
88 6 0 0 0 0 0 0 0 0 1 1 0 0
94 6 1 1 0 0 0 2 0 0 0 0 0 0
103 2 0 0 1 0 0 1 0 0 0 0 1 1
108 41 1 1 15 0 0 0 0 0 8 3 0 0
110 7 0 0 7 0 0 0 0 0 0 0 0 0
112 14 0 0 7 0 0 0 0 0 7 4 0 0
114 28 1 1 0 0 0 21 0 0 0 0 0 0
117 14 0 0 0 0 0 7 0 0 0 0 0 0
122 7 0 0 7 0 0 0 0 0 0 0 0 0
126 5 0 0 1 0 0 1 0 0 0 0 0 0
132 6 0 0 2 0 0 1 0 0 2 1 0 0
134 1 0 0 0 0 0 0 0 0 0 0 0 0
138 2 0 0 1 0 0 0 0 0 1 0 0 0
145 8 0 0 7 0 0 0 0 0 0 0 0 0
fl=./elf/./elf/dl-hwcaps.c
fn=_dl_important_hwcaps
52 16 1 1 0 0 0 4 0 0 4 2 0 0
54 2 0 0 0 0 0 0 0 0 0 0 0 0
55 4 0 0 2 0 0 0 0 0 0 0 0 0
56 2 0 0 0 0 0 0 0 0 0 0 0 0
57 2 0 0 0 0 0 0 0 0 0 0 0 0
77 16 2 2 0 0 0 4 0 0 4 2 0 0
80 16 0 0 4 0 0 6 1 1 0 0 0 0
84 2 0 0 0 0 0 2 0 0 0 0 0 0
86 6 0 0 2 0 0 2 0 0 0 0 0 0
87 2 0 0 0 0 0 0 0 0 0 0 0 0
88 2 0 0 0 0 0 0 0 0 0 0 0 0
100 5 0 0 0 0 0 3 1 1 0 0 0 0
102 3 1 1 1 0 0 0 0 0 1 0 0 0
105 1 0 0 0 0 0 1 0 0 0 0 0 0
108 1 0 0 0 0 0 0 0 0 0 0 0 0
112 5 1 1 0 0 0 2 0 0 1 0 0 0
125 12 0 0 0 0 0 3 0 0 3 2 0 0
127 10 0 0 4 0 0 2 1 1 0 0 0 0
128 4 0 0 2 0 0 2 0 0 0 0 0 0
129 4 0 0 0 0 0 2 0 0 0 0 0 0
130 2 0 0 0 0 0 0 0 0 0 0 0 0
133 3 1 1 1 0 0 0 0 0 1 0 0 0
142 13 0 0 7 0 0 1 0 0 2 0 0 0
143 11 0 0 0 0 0 1 0 0 1 1 0 0
145 8 1 1 1 0 0 5 0 0 0 0 0 0
151 5 1 1 2 0 0 0 0 0 0 0 0 0
155 4 1 1 2 0 0 1 0 0 0 0 0 0
156 3 0 0 1 0 0 0 0 0 1 1 0 0
157 3 0 0 0 0 0 0 0 0 1 0 0 0
161 1 0 0 1 0 0 0 0 0 0 0 0 0
162 2 0 0 1 0 0 1 0 0 0 0 0 0
163 2 0 0 0 0 0 2 0 0 0 0 0 0
172 14 2 2 0 0 0 9 2 2 0 0 0 0
174 2 0 0 0 0 0 2 0 0 0 0 0 0
175 3 0 0 0 0 0 0 0 0 0 0 0 0
185 2 1 1 0 0 0 1 0 0 0 0 0 0
186 3 0 0 0 0 0 0 0 0 0 0 0 0
189 3 0 0 1 0 0 1 1 1 0 0 0 0
193 2 0 0 1 0 0 0 0 0 0 0 0 0
194 2 0 0 0 0 0 0 0 0 1 0 0 0
201 1 0 0 0 0 0 0 0 0 0 0 0 0
202 5 0 0 2 0 0 1 0 0 0 0 0 0
208 2 0 0 1 0 0 1 0 0 0 0 0 0
209 1 0 0 0 0 0 1 0 0 0 0 0 0
213 3 1 1 2 0 0 1 0 0 0 0 0 0
216 9 0 0 7 0 0 0 0 0 0 0 0 0
fl=./elf/./elf/dl-hwcaps_split.c
fn=_dl_hwcaps_split
25 5 1 1 0 0 0 3 0 0 0 0 0 0
26 3 0 0 1 0 0 0 0 0 1 1 0 0
27 1 0 0 0 0 0 0 0 0 0 0 0 0
47 4 1 1 4 0 0 0 0 0 0 0 0 0
fn=_dl_hwcaps_split_masked
26 44 1 1 11 0 0 0 0 0 11 9 0 0
30 24 1 1 12 0 0 12 0 0 0 0 0 0
34 78 1 1 18 1 1 0 0 0 18 6 0 0
35 12 0 0 0 0 0 6 0 0 0 0 0 0
36 24 0 0 0 0 0 0 0 0 12 3 0 0
41 36 0 0 0 0 0 9 0 0 0 0 0 0
42 18 0 0 0 0 0 0 0 0 9 2 0 0
43 12 1 1 0 0 0 3 0 0 0 0 0 0
45 6 0 0 0 0 0 0 0 0 0 0 0 0
51 110 1 1 0 0 0 66 1 1 0 0 0 0
55 5 0 0 0 0 0 0 0 0 0 0 0 0
56 18 0 0 9 0 0 9 0 0 0 0 0 0
57 27 0 0 0 0 0 9 0 0 0 0 0 0
58 24 0 0 6 0 0 0 0 0 9 3 0 0
60 6 0 0 0 0 0 0 0 0 0 0 0 0
62 88 1 1 77 0 0 0 0 0 0 0 0 0
67 12 0 0 0 0 0 0 0 0 6 4 0 0
fl=./elf/./elf/dl-init.c
fn=_dl_init
29 16 1 1 8 0 0 0 0 0 8 1 0 0
35 40 1 1 8 0 0 0 0 0 8 0 0 0
37 41 1 1 1 0 0 2 1 0 8 2 0 0
81 13 1 1 0 0 0 6 0 0 0 0 0 0
82 1 0 0 1 1 0 0 0 0 0 0 0 0
83 1 0 0 1 0 0 0 0 0 0 0 0 0
86 3 0 0 1 0 0 0 0 0 1 1 0 0
89 2 0 0 0 0 0 1 0 0 0 0 0 0
94 4 1 1 0 0 0 0 0 0 1 0 0 0
119 1 0 0 1 0 0 0 0 0 0 0 0 0
120 32 0 0 0 0 0 6 0 0 8 5 0 0
121 14 0 0 14 4 0 0 0 0 0 0 0 0
127 8 0 0 7 1 0 0 0 0 0 0 0 0
fn=call_init.part.0
26 84 2 2 0 0 0 42 1 0 0 0 0 0
43 21 0 0 7 0 0 7 0 0 0 0 0 0
46 21 0 0 14 7 0 0 0 0 7 2 0 0
47 2 1 1 0 0 0 0 0 0 1 1 0 0
51 12 0 0 6 0 0 0 0 0 6 0 0 0
59 18 1 1 6 4 0 0 0 0 6 1 0 0
60 24 0 0 8 4 0 4 0 0 0 0 4 4
63 6 0 0 6 5 0 0 0 0 0 0 0 0
64 12 0 0 0 0 0 0 0 0 6 1 0 0
70 15 0 0 10 4 0 0 0 0 0 0 0 0
72 10 0 0 10 0 0 0 0 0 0 0 0 0
73 117 1 1 0 0 0 0 0 0 28 12 0 0
74 92 0 0 23 6 0 23 0 0 0 0 23 23
76 56 0 0 49 1 0 0 0 0 0 0 0 0
fl=./elf/./elf/dl-load.c
fn=_dl_dst_count
238 108 1 1 0 0 0 72 2 2 0 0 0 0
241 24 0 0 0 0 0 12 0 0 0 0 0 0
244 24 0 0 0 0 0 0 0 0 12 0 0 0
245 12 0 0 0 0 0 0 0 0 0 0 0 0
264 108 1 1 84 0 0 0 0 0 0 0 0 0
fn=_dl_init_paths
706 13 2 2 0 0 0 8 0 0 0 0 0 0
720 4 0 0 0 0 0 2 1 1 0 0 0 0
725 1 0 0 0 0 0 1 0 0 0 0 0 0
727 3 1 1 0 0 0 0 0 0 1 0 0 0
734 3 0 0 0 0 0 0 0 0 0 0 0 0
735 2 0 0 1 0 0 0 0 0 0 0 0 0
739 4 0 0 0 0 0 1 1 1 0 0 0 0
741 4 1 1 2 0 0 0 0 0 1 0 0 0
747 1 0 0 0 0 0 1 0 0 0 0 0 0
748 1 0 0 0 0 0 1 0 0 0 0 0 0
756 8 1 1 0 0 0 4 0 0 0 0 0 0
758 8 0 0 0 0 0 4 2 2 0 0 0 0
759 4 0 0 0 0 0 4 0 0 0 0 0 0
761 5 0 0 0 0 0 4 1 1 0 0 0 0
762 7 0 0 3 1 1 4 1 1 0 0 0 0
763 4 0 0 0 0 0 0 0 0 0 0 0 0
766 13 0 0 3 1 1 0 0 0 3 0 0 0
767 10 1 1 1 0 0 1 0 0 4 3 0 0
768 18 0 0 4 0 0 5 0 0 0 0 0 0
770 32 2 2 6 0 0 5 0 0 4 1 0 0
776 1 0 0 0 0 0 1 0 0 0 0 0 0
777 1 0 0 0 0 0 1 0 0 0 0 0 0
782 1 0 0 1 0 0 0 0 0 0 0 0 0
785 3 0 0 0 0 0 0 0 0 0 0 0 0
787 4 1 1 1 0 0 0 0 0 1 0 0 0
789 3 0 0 1 0 0 0 0 0 1 1 0 0
806 1 0 0 0 0 0 1 0 0 0 0 0 0
808 3 1 1 1 0 0 0 0 0 1 1 0 0
822 2 1 1 0 0 0 1 0 0 0 0 0 0
825 5 1 1 2 0 0 0 0 0 2 1 0 0
827 23 4 4 2 0 0 2 0 0 2 2 0 0
831 2 0 0 0 0 0 0 0 0 0 0 0 0
832 60 1 1 15 0 0 0 0 0 15 10 0 0
833 14 0 0 0 0 0 0 0 0 0 0 0 0
834 28 0 0 0 0 0 0 0 0 0 0 0 0
836 1 0 0 0 0 0 1 0 0 0 0 0 0
837 1 0 0 0 0 0 0 0 0 0 0 0 0
838 2 0 0 0 0 0 0 0 0 1 0 0 0
844 6 0 0 1 0 0 1 0 0 0 0 0 0
847 3 0 0 2 0 0 0 0 0 1 0 0 0
853 1 0 0 0 0 0 1 0 0 0 0 0 0
857 8 0 0 7 0 0 0 0 0 0 0 0 0
fn=_dl_map_object
682 43 3 3 13 0 0 0 0 0 13 10 0 0
685 4 0 0 0 0 0 0 0 0 2 0 0 0
688 6 1 1 2 0 0 0 0 0 2 2 0 0
691 2 0 0 0 0 0 2 0 0 0 0 0 0
692 1 0 0 0 0 0 0 0 0 0 0 0 0
696 20 1 1 0 0 0 12 0 0 0 0 0 0
1967 156 2 2 0 0 0 117 5 5 0 0 0 0
1969 5 0 0 0 0 0 5 0 0 0 0 0 0
1975 26 0 0 0 0 0 0 0 0 13 0 0 0
1976 52 0 0 13 1 1 0 0 0 13 0 0 0
1979 272 1 1 56 0 0 26 0 0 56 5 0 0
1984 357 1 1 102 0 0 0 0 0 51 0 0 0
1986 255 0 0 0 0 0 51 2 2 51 6 0 0
1990 86 0 0 43 0 0 0 0 0 43 0 0 0
1991 129 0 0 43 0 0 0 0 0 43 11 0 0
1994 110 0 0 66 0 0 0 0 0 22 3 0 0
1995 66 1 1 22 0 0 0 0 0 0 0 0 0
1996 110 0 0 0 0 0 22 0 0 22 3 0 0
2010 20 1 1 5 0 0 0 0 0 5 0 0 0
2011 15 0 0 5 0 0 5 0 0 0 0 0 0
2019 15 0 0 5 0 0 0 0 0 5 0 0 0
2034 5 0 0 0 0 0 5 0 0 0 0 0 0
2036 25 0 0 0 0 0 5 0 0 5 3 0 0
2040 16 2 2 0 0 0 8 0 0 0 0 0 0
2042 8 0 0 4 0 0 0 0 0 4 0 0 0
2049 16 0 0 4 0 0 0 0 0 8 2 0 0
2053 4 1 1 4 0 0 0 0 0 0 0 0 0
2054 4 0 0 0 0 0 4 0 0 0 0 0 0
2058 15 1 1 5 0 0 0 0 0 5 3 0 0
2059 5 0 0 0 0 0 0 0 0 0 0 0 0
2073 20 2 2 16 0 0 0 0 0 4 0 0 0
2074 28 2 2 8 0 0 0 0 0 8 3 0 0
2075 4 0 0 0 0 0 0 0 0 0 0 0 0
2084 8 1 1 0 0 0 0 0 0 4 3 0 0
2099 8 1 1 4 0 0 0 0 0 4 0 0 0
2100 64 1 1 8 0 0 16 0 0 4 2 0 0
2106 12 1 1 0 0 0 0 0 0 4 2 0 0
2107 4 0 0 0 0 0 0 0 0 0 0 0 0
2115 4 1 1 0 0 0 4 0 0 0 0 0 0
2129 8 1 1 4 0 0 0 0 0 4 1 0 0
2131 12 0 0 4 0 0 0 0 0 4 4 0 0
2135 12 1 1 0 0 0 4 0 0 0 0 0 0
2137 8 0 0 0 0 0 0 0 0 4 0 0 0
2141 8 0 0 0 0 0 0 0 0 4 1 0 0
2149 8 0 0 4 0 0 0 0 0 4 0 0 0
2172 36 1 1 0 0 0 8 0 0 0 0 0 0
2176 12 0 0 4 0 0 0 0 0 4 0 0 0
2177 4 0 0 0 0 0 4 0 0 0 0 0 0
2194 8 0 0 4 0 0 0 0 0 4 3 0 0
2200 1 0 0 0 0 0 1 0 0 0 0 0 0
2201 4 0 0 0 0 0 1 0 0 0 0 0 0
2202 2 1 1 0 0 0 0 0 0 1 0 0 0
2203 2 0 0 0 0 0 0 0 0 1 0 0 0
2207 9 1 1 0 0 0 2 0 0 0 0 0 0
2210 3 0 0 1 0 0 0 0 0 1 0 0 0
2222 20 0 0 5 0 0 0 0 0 0 0 0 0
2267 10 0 0 5 0 0 5 0 0 0 0 0 0
2268 88 1 1 19 0 0 25 0 0 0 0 0 0
2270 122 1 1 96 0 0 0 0 0 0 0 0 0
fn=_dl_map_object_from_fd
944 70 2 2 0 0 0 50 2 2 0 0 0 0
959 20 0 0 5 0 0 5 0 0 5 4 0 0
989 95 1 1 30 0 0 0 0 0 25 9 0 0
990 40 1 1 20 0 0 0 0 0 20 0 0 0
1008 10 1 1 5 0 0 0 0 0 5 3 0 0
1036 20 1 1 5 0 0 5 0 0 5 0 0 0
1046 10 0 0 5 0 0 0 0 0 5 0 0 0
1053 40 1 1 25 0 0 5 0 0 0 0 0 0
1054 10 0 0 0 0 0 0 0 0 5 0 0 0
1065 10 0 0 5 0 0 5 4 4 0 0 0 0
1066 15 0 0 5 0 0 5 0 0 0 0 0 0
1067 10 0 0 5 0 0 5 0 0 0 0 0 0
1069 15 0 0 0 0 0 0 0 0 0 0 0 0
1070 20 1 1 10 0 0 0 0 0 5 1 0 0
1071 8 0 0 0 0 0 4 0 0 0 0 0 0
1074 17 2 2 1 0 0 1 0 0 2 2 0 0
1075 6 0 0 1 0 0 1 1 1 1 1 0 0
1086 5 0 0 0 0 0 5 0 0 0 0 0 0
1088 5 0 0 0 0 0 5 0 0 0 0 0 0
1090 110 2 2 10 0 0 5 0 0 10 3 0 0
1091 5 0 0 0 0 0 0 0 0 0 0 0 0
1092 5 0 0 0 0 0 5 0 0 0 0 0 0
1093 5 0 0 0 0 0 5 0 0 0 0 0 0
1094 5 0 0 0 0 0 0 0 0 0 0 0 0
1100 210 0 0 10 0 0 0 0 0 65 0 0 0
1101 507 3 3 60 11 11 0 0 0 252 62 0 0
1107 10 1 1 5 1 1 0 0 0 5 0 0 0
1114 13 0 0 8 0 0 5 0 0 0 0 0 0
1115 15 0 0 5 1 1 5 0 0 0 0 0 0
1116 50 1 1 10 0 0 5 0 0 0 0 0 0
1121 2 0 0 1 0 0 1 0 0 0 0 0 0
1122 1 0 0 0 0 0 0 0 0 0 0 0 0
1127 155 0 0 65 4 4 5 0 0 20 0 0 0
1135 100 1 1 20 0 0 0 0 0 0 0 0 0
1136 130 1 1 0 0 0 20 3 3 0 0 0 0
1137 100 1 1 20 2 2 20 0 0 0 0 0 0
1138 20 0 0 0 0 0 20 0 0 0 0 0 0
1139 40 0 0 20 0 0 20 0 0 0 0 0 0
1141 140 0 0 20 0 0 0 0 0 0 0 0 0
1143 40 0 0 0 0 0 20 4 4 0 0 0 0
1156 40 0 0 0 0 0 0 0 0 20 5 0 0
1157 75 0 0 30 0 0 15 0 0 0 0 0 0
1162 20 0 0 0 0 0 0 0 0 0 0 0 0
1163 205 0 0 40 0 0 40 2 2 0 0 0 0
1176 9 1 1 3 1 1 0 0 0 3 0 0 0
1180 12 0 0 0 0 0 3 3 3 0 0 0 0
1181 3 0 0 3 0 0 0 0 0 0 0 0 0
1185 15 0 0 0 0 0 3 1 1 0 0 0 0
1186 6 1 1 3 0 0 3 0 0 0 0 0 0
1189 3 0 0 0 0 0 3 2 2 0 0 0 0
1194 12 0 0 3 0 0 0 0 0 3 2 0 0
1209 10 1 1 5 0 0 5 0 0 0 0 0 0
1210 5 0 0 0 0 0 0 0 0 0 0 0 0
1213 15 0 0 10 2 2 5 1 1 0 0 0 0
1218 35 1 1 25 0 0 0 0 0 5 0 0 0
1228 95 1 1 0 0 0 0 0 0 20 9 0 0
1229 40 0 0 0 0 0 20 0 0 0 0 0 0
1235 10 0 0 0 0 0 0 0 0 5 0 0 0
1245 20 0 0 10 0 0 0 0 0 10 0 0 0
1252 35 1 1 15 0 0 5 0 0 0 0 0 0
1264 5 1 1 0 0 0 0 0 0 0 0 0 0
1268 20 1 1 10 0 0 0 0 0 5 0 0 0
1269 15 0 0 5 0 0 5 0 0 0 0 0 0
1275 14 1 1 2 0 0 0 0 0 0 0 0 0
1276 10 1 1 0 0 0 0 0 0 5 5 0 0
1278 10 0 0 0 0 0 0 0 0 5 5 0 0
1288 15 0 0 5 0 0 0 0 0 5 0 0 0
1307 15 0 0 5 0 0 5 0 0 0 0 0 0
1309 30 1 1 10 0 0 0 0 0 5 0 0 0
1361 15 0 0 5 2 2 0 0 0 5 2 0 0
1362 6 0 0 3 0 0 3 0 0 0 0 0 0
1368 170 1 1 15 0 0 0 0 0 65 5 0 0
1369 280 1 1 60 50 50 0 0 0 110 38 0 0
1375 80 0 0 0 0 0 5 0 0 0 0 0 0
1380 20 1 1 5 0 0 5 0 0 5 0 0 0
1393 10 1 1 5 0 0 0 0 0 5 0 0 0
1395 20 0 0 10 0 0 5 0 0 0 0 0 0
1397 10 0 0 5 0 0 0 0 0 5 0 0 0
1413 10 0 0 0 0 0 5 0 0 0 0 0 0
1417 10 0 0 5 0 0 0 0 0 5 0 0 0
1418 10 1 1 5 0 0 0 0 0 5 5 0 0
1435 10 0 0 5 0 0 0 0 0 5 2 0 0
1436 1 0 0 0 0 0 1 0 0 0 0 0 0
1439 10 0 0 5 0 0 5 0 0 0 0 0 0
1444 10 0 0 5 0 0 0 0 0 5 0 0 0
1449 10 0 0 5 0 0 0 0 0 5 0 0 0
1461 40 1 1 15 0 0 0 0 0 5 3 0 0
1462 12 1 1 4 0 0 0 0 0 4 1 0 0
1463 27 0 0 9 0 0 3 0 0 6 3 0 0
1464 9 0 0 3 0 0 0 0 0 0 0 0 0
1465 5 0 0 1 0 0 1 0 0 0 0 0 0
1471 10 0 0 5 0 0 0 0 0 5 2 0 0
1472 12 0 0 3 0 0 0 0 0 3 1 0 0
1477 6 0 0 0 0 0 3 0 0 0 0 0 0
1484 15 1 1 5 0 0 5 0 0 0 0 0 0
1487 10 0 0 5 0 0 0 0 0 5 0 0 0
1491 15 0 0 5 0 0 5 0 0 0 0 0 0
1492 15 0 0 5 0 0 0 0 0 5 4 0 0
1510 10 1 1 0 0 0 0 0 0 5 3 0 0
1514 35 1 1 15 0 0 0 0 0 5 0 0 0
1515 20 1 1 5 0 0 5 0 0 0 0 0 0
1519 45 1 1 35 0 0 0 0 0 0 0 0 0
fn=_dl_process_pt_gnu_property
868 18 1 1 0 0 0 0 0 0 0 0 0 0
869 12 0 0 12 0 0 0 0 0 0 0 0 0
870 6 0 0 6 0 0 0 0 0 0 0 0 0
876 12 0 0 6 0 0 0 0 0 6 0 0 0
882 30 0 0 0 0 0 0 0 0 6 0 0 0
885 18 1 1 6 5 5 0 0 0 6 0 0 0
886 12 0 0 6 1 1 0 0 0 6 0 0 0
887 12 0 0 6 0 0 0 0 0 6 0 0 0
890 18 0 0 6 0 0 0 0 0 6 0 0 0
891 18 1 1 0 0 0 0 0 0 6 0 0 0
895 6 0 0 0 0 0 0 0 0 0 0 0 0
896 12 0 0 0 0 0 0 0 0 0 0 0 0
900 18 1 1 9 0 0 0 0 0 0 0 0 0
901 9 0 0 9 0 0 0 0 0 0 0 0 0
904 18 0 0 0 0 0 0 0 0 9 0 0 0
907 9 0 0 0 0 0 0 0 0 0 0 0 0
908 36 0 0 0 0 0 0 0 0 9 0 0 0
918 18 0 0 0 0 0 0 0 0 0 0 0 0
920 24 0 0 0 0 0 0 0 0 6 4 0 0
fn=expand_dynamic_string_token
241 6 0 0 0 0 0 2 0 0 0 0 0 0
244 4 0 0 0 0 0 0 0 0 2 1 0 0
385 20 1 1 0 0 0 12 0 0 0 0 0 0
399 4 0 0 0 0 0 0 0 0 0 0 0 0
410 14 1 1 12 0 0 0 0 0 0 0 0 0
fn=fillin_rpath.isra.0
468 17 2 2 0 0 0 12 0 0 0 0 0 0
472 1 0 0 0 0 0 0 0 0 0 0 0 0
474 12 1 1 4 0 0 2 0 0 2 1 0 0
481 2 0 0 1 0 0 0 0 0 1 0 0 0
483 6 0 0 1 0 0 2 0 0 0 0 0 0
487 2 0 0 0 0 0 0 0 0 1 0 0 0
492 3 0 0 0 0 0 1 0 0 0 0 0 0
493 2 0 0 0 0 0 0 0 0 1 1 0 0
500 5 1 1 1 0 0 0 0 0 2 2 0 0
505 2 1 1 0 0 0 1 0 0 0 0 0 0
509 15 0 0 5 0 0 0 0 0 5 2 0 0
510 8 1 1 4 0 0 0 0 0 4 4 0 0
528 4 1 1 1 0 0 1 0 0 1 1 0 0
532 4 0 0 2 0 0 0 0 0 0 0 0 0
534 2 1 1 0 0 0 0 0 0 1 0 0 0
538 1 0 0 0 0 0 1 0 0 0 0 0 0
539 2 0 0 1 0 0 0 0 0 0 0 0 0
540 4 0 0 0 0 0 2 0 0 0 0 0 0
541 1 0 0 0 0 0 1 0 0 0 0 0 0
543 2 0 0 1 0 0 0 0 0 1 1 0 0
549 4 0 0 1 0 0 0 0 0 0 0 0 0
550 14 1 1 1 0 0 0 0 0 4 1 0 0
551 4 1 1 0 0 0 3 0 0 0 0 0 0
553 2 0 0 1 0 0 1 0 0 0 0 0 0
554 3 1 1 1 0 0 0 0 0 1 1 0 0
555 1 0 0 0 0 0 1 0 0 0 0 0 0
561 2 0 0 1 0 0 1 0 0 0 0 0 0
562 1 0 0 0 0 0 1 0 0 0 0 0 0
565 3 0 0 0 0 0 1 0 0 0 0 0 0
571 1 0 0 0 0 0 1 0 0 0 0 0 0
574 8 0 0 7 0 0 0 0 0 0 0 0 0
fn=open_path
1812 44 2 2 0 0 0 36 3 3 0 0 0 0
1813 8 0 0 4 0 0 4 0 0 0 0 0 0
1816 4 0 0 0 0 0 4 0 0 0 0 0 0
1817 4 0 0 0 0 0 4 0 0 0 0 0 0
1819 8 0 0 0 0 0 0 0 0 4 0 0 0
1822 8 0 0 0 0 0 0 0 0 0 0 0 0
1824 88 2 2 12 1 1 8 0 0 8 4 0 0
1827 8 0 0 8 0 0 0 0 0 0 0 0 0
1831 4 0 0 0 0 0 0 0 0 0 0 0 0
1835 24 0 0 4 0 0 4 0 0 4 0 0 0
1842 24 1 1 12 0 0 8 1 1 0 0 0 0
1843 88 1 1 24 0 0 8 0 0 20 3 0 0
1846 24 0 0 12 0 0 0 0 0 12 4 0 0
1851 66 1 1 36 0 0 12 0 0 0 0 0 0
1854 12 0 0 0 0 0 0 0 0 0 0 0 0
1860 18 0 0 6 0 0 0 0 0 6 0 0 0
1863 48 1 1 18 0 0 6 0 0 0 0 0 0
1865 18 0 0 6 0 0 0 0 0 6 2 0 0
1867 6 0 0 0 0 0 0 0 0 3 2 0 0
1872 6 1 1 0 0 0 0 0 0 3 0 0 0
1873 21 0 0 9 0 0 0 0 0 3 2 0 0
1879 9 1 1 3 0 0 3 0 0 0 0 0 0
1881 26 0 0 3 0 0 7 0 0 3 2 0 0
1882 2 0 0 1 0 0 0 0 0 0 0 0 0
1884 3 0 0 0 0 0 0 0 0 0 0 0 0
1891 38 3 3 8 0 0 12 0 0 0 0 0 0
1893 13 0 0 4 0 0 0 0 0 3 1 0 0
1937 32 1 1 8 0 0 4 2 2 12 0 0 0
1941 4 0 0 4 0 0 0 0 0 0 0 0 0
1943 16 0 0 12 0 0 0 0 0 4 0 0 0
1946 12 0 0 8 0 0 0 0 0 4 0 0 0
1960 36 1 1 28 0 0 0 0 0 0 0 0 0
fn=open_verify.constprop.0
1572 132 1 1 0 0 0 88 1 1 0 0 0 0
1604 33 0 0 11 0 0 0 0 0 11 0 0 0
1609 12 1 1 0 0 0 0 0 0 0 0 0 0
1623 55 0 0 0 0 0 11 2 2 0 0 0 0
1625 22 1 1 0 0 0 0 0 0 11 2 0 0
1633 5 0 0 0 0 0 5 0 0 0 0 0 0
1634 15 0 0 0 0 0 5 1 1 0 0 0 0
1639 30 0 0 0 0 0 5 0 0 0 0 0 0
1641 10 1 1 0 0 0 0 0 0 5 1 0 0
1643 10 0 0 5 0 0 5 0 0 0 0 0 0
1645 10 0 0 0 0 0 0 0 0 5 0 0 0
1651 10 0 0 0 0 0 0 0 0 5 0 0 0
1668 74 4 4 23 1 1 0 0 0 23 9 0 0
1749 10 0 0 5 0 0 0 0 0 5 2 0 0
1754 10 1 1 5 0 0 0 0 0 5 0 0 0
1760 20 0 0 5 0 0 0 0 0 5 2 0 0
1766 10 0 0 5 0 0 0 0 0 5 0 0 0
1772 20 0 0 5 1 1 0 0 0 0 0 0 0
1773 20 1 1 5 0 0 0 0 0 5 1 0 0
1777 16 3 3 1 0 0 0 0 0 2 2 0 0
1778 5 0 0 0 0 0 1 0 0 1 1 0 0
1799 99 0 0 77 0 0 0 0 0 0 0 0 0
fl=./elf/./elf/dl-lookup-direct.c
fn=_dl_lookup_direct
32 15 0 0 9 0 0 0 0 0 3 3 0 0
33 9 1 1 0 0 0 0 0 0 0 0 0 0
35 6 0 0 3 3 3 0 0 0 0 0 0 0
36 6 0 0 3 0 0 0 0 0 3 0 0 0
48 9 0 0 3 0 0 3 0 0 3 0 0 0
51 6 0 0 6 0 0 0 0 0 0 0 0 0
53 21 1 1 6 0 0 6 0 0 3 0 0 0
57 9 0 0 9 2 0 0 0 0 0 0 0 0
58 21 0 0 9 1 0 0 0 0 3 0 0 0
59 15 0 0 6 0 0 3 0 0 3 0 0 0
74 39 2 2 0 0 0 27 0 0 0 0 0 0
76 6 0 0 3 0 0 0 0 0 3 1 0 0
78 21 0 0 9 2 0 0 0 0 0 0 0 0
79 6 0 0 0 0 0 0 0 0 3 1 0 0
81 12 1 1 3 0 0 3 0 0 0 0 0 0
84 25 0 0 5 3 1 0 0 0 5 2 0 0
86 12 0 0 3 0 0 0 0 0 0 0 0 0
93 6 2 2 0 0 0 0 0 0 2 2 0 0
115 3 0 0 0 0 0 0 0 0 0 0 0 0
116 27 0 0 21 0 0 0 0 0 0 0 0 0
fl=./elf/./elf/dl-lookup.c
fn=_dl_lookup_symbol_x
772 25402 4 2 0 0 0 17586 16 1 0 0 0 0
774 3908 0 0 0 0 0 1954 0 0 0 0 0 0
775 7816 0 0 0 0 0 1954 0 0 0 0 0 0
778 1954 0 0 1954 6 0 0 0 0 0 0 0 0
782 7778 0 0 1935 0 0 0 0 0 3889 25 0 0
785 3908 2 1 1954 0 0 0 0 0 1954 0 0 0
787 3908 0 0 3908 8 0 0 0 0 0 0 0 0
791 27436 0 0 16 0 0 5862 0 0 1970 2 0 0
792 33218 5 2 13678 0 0 13678 11 2 1954 3 0 0
797 9770 0 0 3908 0 0 0 0 0 1954 5 0 0
799 96 1 1 16 0 0 0 0 0 32 2 0 0
816 1954 0 0 0 0 0 1954 0 0 0 0 0 0
817 48 1 1 0 0 0 0 0 0 0 0 0 0
820 3908 0 0 1954 0 0 0 0 0 0 0 0 0
821 13550 0 0 1934 0 0 0 0 0 3872 649 0 0
828 2002 1 1 1938 0 0 0 0 0 0 0 0 0
856 7752 2 1 1938 0 0 0 0 0 1938 0 0 0
870 5814 0 0 1938 17 1 0 0 0 1938 5 0 0
871 2 1 1 0 0 0 1 0 0 0 0 0 0
873 3876 0 0 1938 0 0 0 0 0 1938 12 0 0
890 7752 0 0 1938 0 0 0 0 0 0 0 0 0
892 17586 3 1 13678 0 0 0 0 0 0 0 0 0
fn=check_match
70 29175 4 1 3890 115 64 11670 23 1 0 0 0 0
73 15560 2 1 3890 243 183 0 0 0 1950 7 0 0
78 16 0 0 0 0 0 0 0 0 0 0 0 0
86 9700 0 0 0 0 0 0 0 0 1940 0 0 0
89 4618 0 0 246 0 0 123 1 0 2063 64 0 0
93 1940 2 1 1940 10 0 0 0 0 0 0 0 0
94 3880 0 0 0 0 0 0 0 0 1940 5 0 0
96 3874 0 0 0 0 0 0 0 0 1937 1 0 0
115 3874 0 0 3874 90 18 0 0 0 0 0 0 0
116 15496 2 1 5811 24 0 0 0 0 1937 13 0 0
117 9675 4 2 3870 12 0 1935 3 1 1935 15 0 0
118 4 0 0 2 0 0 0 0 0 0 0 0 0
119 4 0 0 0 0 0 0 0 0 2 2 0 0
144 6 0 0 0 0 0 0 0 0 3 0 0 0
146 18 0 0 6 3 1 0 0 0 3 2 0 0
147 12 0 0 0 0 0 0 0 0 0 0 0 0
150 2 0 0 0 0 0 0 0 0 1 0 0 0
151 7 0 0 3 0 0 1 0 0 1 0 0 0
153 3 0 0 1 0 0 1 0 0 0 0 0 0
161 1937 0 0 0 0 0 0 0 0 0 0 0 0
162 15560 0 0 13615 0 0 0 0 0 0 0 0 0
fn=do_lookup_x
170 300 1 1 2 0 0 0 0 0 0 0 0 0
171 307 1 1 76 0 0 2 0 0 0 0 0 0
172 940 1 1 250 47 47 0 0 0 250 70 0 0
174 98 0 0 0 0 0 0 0 0 0 0 0 0
175 294 0 0 0 0 0 0 0 0 98 41 0 0
176 530 2 2 2 0 0 0 0 0 0 0 0 0
179 152 0 0 0 0 0 152 0 0 0 0 0 0
180 152 0 0 0 0 0 152 0 0 0 0 0 0
181 82 0 0 0 0 0 82 19 11 0 0 0 0
182 152 0 0 0 0 0 152 24 24 0 0 0 0
183 70 0 0 0 0 0 0 0 0 0 0 0 0
222 492 1 1 164 0 0 328 0 0 0 0 0 0
224 738 0 0 82 2 0 246 0 0 0 0 82 1
226 164 0 0 82 2 1 0 0 0 0 0 0 0
227 82 0 0 82 0 0 0 0 0 0 0 0 0
228 328 0 0 164 0 0 0 0 0 82 1 0 0
230 2694 1 1 127 0 0 405 0 0 0 0 0 0
231 486 1 1 0 0 0 0 0 0 0 0 0 0
234 352 0 0 176 0 0 0 0 0 176 22 0 0
235 176 1 1 176 68 25 0 0 0 0 0 0 0
254 352 0 0 0 0 0 0 0 0 176 84 0 0
257 95 0 0 0 0 0 0 0 0 0 0 0 0
258 285 0 0 0 0 0 0 0 0 95 44 0 0
259 322 1 1 0 0 0 0 0 0 0 0 0 0
262 1377 2 2 648 0 0 0 0 0 81 14 0 0
269 12 1 1 0 0 0 8 0 0 0 0 0 0
272 4 0 0 0 0 0 0 0 0 2 0 0 0
279 298 1 1 6 0 0 2 0 0 94 2 0 0
280 276 0 0 92 4 1 0 0 0 92 28 0 0
281 350 1 1 210 5 0 0 0 0 0 0 0 0
285 20 1 1 6 0 0 6 0 0 0 0 2 1
286 2 0 0 0 0 0 2 0 0 0 0 0 0
287 2 0 0 0 0 0 0 0 0 0 0 0 0
288 4 1 1 2 0 0 2 0 0 0 0 0 0
289 8 0 0 6 0 0 2 0 0 0 0 0 0
300 3 0 0 2 0 0 0 0 0 0 0 0 0
302 2 1 1 0 0 0 0 0 0 1 0 0 0
305 1 0 0 0 0 0 1 0 0 0 0 0 0
306 1 0 0 0 0 0 1 0 0 0 0 0 0
307 2 0 0 1 0 0 1 0 0 0 0 0 0
310 164 0 0 0 0 0 0 0 0 82 13 0 0
311 492 0 0 164 0 0 0 0 0 0 0 0 0
318 328 0 0 82 0 0 0 0 0 82 10 0 0
329 574 1 1 246 0 0 82 0 0 0 0 0 0
331 164 0 0 164 0 0 82 0 0 0 0 82 1
333 246 0 0 164 0 0 82 0 0 0 0 0 0
334 164 0 0 0 0 0 82 0 0 0 0 0 0
347 27356 5 2 3908 0 0 19540 21 2 0 0 0 0
348 1954 0 0 1954 6 0 0 0 0 0 0 0 0
353 1954 0 0 0 0 0 0 0 0 0 0 0 0
354 1954 0 0 1954 0 0 0 0 0 0 0 0 0
358 12526 2 1 12526 32 0 0 0 0 0 0 0 0
361 12526 0 0 0 0 0 0 0 0 6263 3 0 0
365 16446 0 0 1960 0 0 0 0 0 6269 364 0 0
386 12522 2 1 6261 26 0 0 0 0 6261 39 0 0
390 12522 0 0 6261 4 0 0 0 0 6261 17 0 0
396 18783 0 0 6261 31 0 0 0 0 6261 0 0 0
400 6261 0 0 0 0 0 6261 0 0 0 0 0 0
401 6261 0 0 0 0 0 6261 0 0 0 0 0 0
404 31305 0 0 18783 75 0 0 0 0 6261 6 0 0
405 18783 2 1 12522 14 0 0 0 0 0 0 0 0
408 6261 0 0 6261 0 0 0 0 0 0 0 0 0
409 12522 0 0 0 0 0 0 0 0 6261 0 0 0
411 6261 0 0 6261 950 135 0 0 0 0 0 0 0
412 5862 0 0 0 0 0 1954 0 0 0 0 0 0
413 12522 0 0 12522 0 0 0 0 0 0 0 0 0
415 13678 2 1 1954 0 0 3908 0 0 0 0 0 0
416 25044 0 0 12522 0 0 0 0 0 0 0 0 0
419 43827 0 0 6261 0 0 0 0 0 6261 2025 0 0
422 3978 0 0 3978 1186 189 0 0 0 0 0 0 0
423 5967 4 1 1989 0 0 0 0 0 0 0 0 0
424 3978 0 0 0 0 0 0 0 0 1989 4 0 0
426 3970 0 0 1985 0 0 0 0 0 0 0 0 0
429 24740 5 1 4948 1739 475 0 0 0 4948 2192 0 0
431 5835 0 0 1945 0 0 0 0 0 0 0 0 0
432 49065 9 2 13655 0 0 25565 34 2 0 0 0 0
433 3890 0 0 0 0 0 0 0 0 0 0 0 0
436 5835 0 0 0 0 0 0 0 0 1945 13 0 0
439 9049 0 0 8 0 0 0 0 0 3011 46 0 0
461 15496 2 1 11622 0 0 0 0 0 0 0 0 0
470 385 2 2 337 0 0 0 0 0 48 4 0 0
472 2 0 0 0 0 0 0 0 0 1 1 0 0
476 3876 4 1 0 0 0 0 0 0 1938 0 0 0
483 10224 0 0 1938 0 0 0 0 0 3174 402 0 0
487 3837 4 1 1279 5 0 0 0 0 1279 5 0 0
491 1 1 1 0 0 0 1 0 0 0 0 0 0
499 3712 0 0 1856 0 0 1856 0 0 0 0 0 0
500 1856 0 0 0 0 0 1856 0 0 0 0 0 0
501 1938 0 0 0 0 0 0 0 0 0 0 0 0
518 12975 0 0 0 0 0 0 0 0 4325 18 0 0
521 16 0 0 0 0 0 0 0 0 0 0 0 0
522 15632 1 1 13678 0 0 0 0 0 0 0 0 0
fl=./elf/./elf/dl-minimal-malloc.c
fn=__minimal_calloc
80 85 1 1 0 0 0 0 0 0 0 0 0 0
84 17 0 0 0 0 0 0 0 0 0 0 0 0
87 17 0 0 0 0 0 0 0 0 0 0 0 0
88 51 0 0 0 0 0 0 0 0 17 11 0 0
fn=__minimal_free
97 3 1 1 0 0 0 0 0 0 0 0 0 0
99 12 0 0 6 0 0 0 0 0 3 0 0 0
fn=__minimal_malloc
36 336 2 2 0 0 0 168 2 2 0 0 0 0
37 126 0 0 42 4 1 0 0 0 42 1 0 0
42 3 1 1 0 0 0 1 0 0 0 0 0 0
43 2 1 1 1 0 0 0 0 0 0 0 0 0
44 2 0 0 0 0 0 0 0 0 0 0 0 0
48 167 0 0 41 0 0 42 0 0 0 0 0 0
51 282 0 0 0 0 0 0 0 0 81 6 0 0
56 12 0 0 3 0 0 0 0 0 0 0 0 0
57 12 0 0 0 0 0 0 0 0 3 0 0 0
59 3 1 1 0 0 0 0 0 0 0 0 0 0
60 24 0 0 0 0 0 3 0 0 0 0 0 0
62 6 0 0 0 0 0 0 0 0 3 0 0 0
64 12 0 0 0 0 0 3 0 0 0 0 0 0
65 9 0 0 3 0 0 0 0 0 3 1 0 0
67 8 0 0 0 0 0 3 0 0 0 0 0 0
70 43 1 1 1 0 0 42 0 0 0 0 0 0
71 46 0 0 0 0 0 42 0 0 0 0 0 0
73 252 0 0 210 0 0 0 0 0 0 0 0 0
fl=./elf/./elf/dl-minimal.c
fn=__rtld_malloc_init_real
76 10 1 1 0 0 0 6 0 0 0 0 0 0
86 2 1 1 0 0 0 1 0 0 0 0 0 0
87 1 0 0 0 0 0 1 0 0 0 0 0 0
89 1 0 0 0 0 0 1 0 0 0 0 0 0
91 6 1 1 0 0 0 1 0 0 0 0 0 0
92 5 0 0 0 0 0 1 0 0 0 0 0 0
93 5 0 0 0 0 0 1 0 0 0 0 0 0
94 4 1 1 0 0 0 1 0 0 0 0 0 0
99 1 0 0 0 0 0 1 0 0 0 0 0 0
100 1 0 0 0 0 0 1 0 0 0 0 0 0
101 1 0 0 0 0 0 1 0 0 0 0 0 0
102 1 0 0 0 0 0 1 0 0 0 0 0 0
103 8 0 0 7 0 0 0 0 0 0 0 0 0
fn=__rtld_malloc_init_stubs
42 1 1 1 0 0 0 0 0 0 0 0 0 0
43 2 1 1 0 0 0 1 1 1 0 0 0 0
44 2 0 0 0 0 0 1 0 0 0 0 0 0
45 2 0 0 0 0 0 1 0 0 0 0 0 0
46 2 0 0 0 0 0 1 0 0 0 0 0 0
47 1 0 0 1 0 0 0 0 0 0 0 0 0
fn=lookup_malloc_symbol
61 36 1 1 0 0 0 16 0 0 0 0 0 0
63 4 0 0 0 0 0 4 0 0 0 0 0 0
64 28 0 0 4 0 0 12 0 0 0 0 0 0
68 28 1 1 16 0 0 0 0 0 4 0 0 0
69 28 0 0 12 0 0 0 0 0 4 0 0 0
71 4 0 0 0 0 0 4 0 0 0 0 0 0
72 24 0 0 20 0 0 0 0 0 0 0 0 0
fn=strsep
239 2 1 1 0 0 0 0 0 0 0 0 0 0
242 4 0 0 2 1 1 0 0 0 2 0 0 0
244 2 0 0 2 0 0 0 0 0 0 0 0 0
245 4 0 0 0 0 0 0 0 0 2 1 0 0
247 2 0 0 0 0 0 0 0 0 0 0 0 0
249 47 1 1 15 0 0 0 0 0 15 4 0 0
251 28 0 0 0 0 0 0 0 0 0 0 0 0
254 56 0 0 28 0 0 0 0 0 28 6 0 0
256 84 0 0 28 0 0 0 0 0 28 3 0 0
264 14 0 0 0 0 0 0 0 0 0 0 0 0
267 1 0 0 0 0 0 1 0 0 0 0 0 0
271 4 0 0 2 0 0 0 0 0 0 0 0 0
fl=./elf/./elf/dl-misc.c
fn=_dl_higher_prime_number
87 2 0 0 0 0 0 0 0 0 0 0 0 0
124 2 0 0 0 0 0 0 0 0 0 0 0 0
125 2 0 0 0 0 0 0 0 0 0 0 0 0
127 26 1 1 0 0 0 0 0 0 12 11 0 0
129 80 0 0 0 0 0 0 0 0 0 0 0 0
130 30 0 0 10 4 2 0 0 0 10 3 0 0
131 6 0 0 0 0 0 0 0 0 0 0 0 0
133 7 0 0 0 0 0 0 0 0 0 0 0 0
145 2 0 0 2 0 0 0 0 0 0 0 0 0
146 2 0 0 2 0 0 0 0 0 0 0 0 0
fn=_dl_name_match_p
68 812 1 1 0 0 0 348 1 1 0 0 0 0
69 464 0 0 116 0 0 116 1 1 116 0 0 0
70 20 0 0 0 0 0 0 0 0 0 0 0 0
72 116 0 0 116 0 0 0 0 0 0 0 0 0
74 458 0 0 0 0 0 0 0 0 229 40 0 0
75 665 1 1 133 0 0 133 0 0 133 21 0 0
80 113 0 0 113 0 0 0 0 0 0 0 0 0
82 96 0 0 0 0 0 0 0 0 0 0 0 0
83 464 0 0 464 0 0 0 0 0 0 0 0 0
fn=_dl_sysdep_read_whole_file
36 11 1 1 0 0 0 5 0 0 0 0 0 0
39 3 0 0 0 0 0 1 0 0 0 0 0 0
40 2 1 1 0 0 0 0 0 0 1 1 0 0
42 6 0 0 0 0 0 1 0 0 1 0 0 0
44 2 0 0 1 0 0 1 0 0 0 0 0 0
47 2 1 1 0 0 0 0 0 0 1 1 0 0
49 8 0 0 0 0 0 1 0 0 0 0 0 0
60 3 0 0 0 0 0 1 0 0 0 0 0 0
63 8 0 0 6 0 0 0 0 0 0 0 0 0
fl=./elf/./elf/dl-object.c
fn=_dl_add_to_namespace_list
31 54 1 1 0 0 0 24 1 1 0 0 0 0
33 18 0 0 6 0 0 6 0 0 0 0 6 2
35 53 1 1 6 0 0 0 0 0 6 1 0 0
38 80 0 0 20 0 0 0 0 0 20 15 0 0
40 5 0 0 0 0 0 5 0 0 0 0 0 0
42 5 0 0 0 0 0 5 0 0 0 0 0 0
45 2 1 1 0 0 0 1 0 0 0 0 0 0
46 18 0 0 6 0 0 0 0 0 0 0 0 0
47 12 0 0 6 0 0 6 0 0 0 0 0 0
48 12 0 0 0 0 0 6 0 0 0 0 0 0
50 12 0 0 6 0 0 0 0 0 0 0 6 1
51 30 0 0 24 0 0 0 0 0 0 0 0 0
fn=_dl_new_object
59 90 1 1 0 0 0 60 3 3 0 0 0 0
62 12 0 0 0 0 0 0 0 0 6 1 0 0
64 2 1 1 0 0 0 0 0 0 1 1 0 0
66 3 1 1 1 0 0 0 0 0 1 0 0 0
67 2 0 0 0 0 0 0 0 0 1 0 0 0
71 6 0 0 0 0 0 2 0 0 0 0 0 0
77 2 1 1 0 0 0 0 0 0 0 0 0 0
80 10 0 0 5 0 0 0 0 0 0 0 0 0
83 26 1 1 0 0 0 16 0 0 0 0 0 0
87 10 0 0 0 0 0 0 0 0 0 0 0 0
92 5 0 0 0 0 0 0 0 0 0 0 0 0
95 12 0 0 0 0 0 0 0 0 6 0 0 0
98 6 0 0 0 0 0 6 4 4 0 0 0 0
99 6 0 0 0 0 0 6 6 6 0 0 0 0
100 12 0 0 6 0 0 0 0 0 0 0 0 0
103 12 0 0 0 0 0 6 2 2 0 0 0 0
104 42 1 1 18 0 0 18 0 0 0 0 0 0
106 6 1 1 0 0 0 6 0 0 0 0 0 0
119 28 0 0 17 0 0 0 0 0 11 6 0 0
123 5 0 0 0 0 0 0 0 0 0 0 0 0
125 1 0 0 0 0 0 0 0 0 0 0 0 0
127 42 0 0 12 6 6 12 0 0 0 0 0 0
130 12 0 0 6 0 0 0 0 0 6 3 0 0
131 12 1 1 0 0 0 6 6 6 0 0 0 0
132 6 1 1 0 0 0 6 0 0 0 0 0 0
136 6 0 0 0 0 0 6 0 0 0 0 0 0
139 40 0 0 0 0 0 0 0 0 15 10 0 0
141 20 1 1 0 0 0 16 4 4 1 1 0 0
149 12 1 1 0 0 0 6 0 0 0 0 0 0
150 6 0 0 0 0 0 6 6 6 0 0 0 0
153 1 0 0 0 0 0 0 0 0 0 0 0 0
155 36 0 0 6 1 1 0 0 0 6 1 0 0
157 20 0 0 0 0 0 5 4 4 0 0 0 0
160 14 1 1 0 0 0 0 0 0 6 0 0 0
164 24 0 0 6 0 0 0 0 0 6 1 0 0
168 35 1 1 5 0 0 0 0 0 10 5 0 0
176 1 1 1 0 0 0 1 0 0 0 0 0 0
179 12 0 0 0 0 0 6 0 0 0 0 0 0
189 24 0 0 12 0 0 0 0 0 6 1 0 0
191 20 0 0 0 0 0 10 0 0 0 0 0 0
195 15 0 0 0 0 0 0 0 0 5 0 0 0
199 10 0 0 0 0 0 0 0 0 0 0 0 0
200 10 0 0 0 0 0 0 0 0 5 0 0 0
208 5 0 0 0 0 0 0 0 0 0 0 0 0
212 5 1 1 0 0 0 0 0 0 0 0 0 0
245 20 0 0 10 0 0 5 0 0 0 0 0 0
250 168 0 0 0 0 0 0 0 0 0 0 0 0
251 168 0 0 84 0 0 0 0 0 84 24 0 0
255 10 0 0 0 0 0 0 0 0 0 0 0 0
256 5 0 0 0 0 0 5 0 0 0 0 0 0
259 5 0 0 0 0 0 5 1 1 0 0 0 0
263 54 1 1 42 0 0 0 0 0 0 0 0 0
fl=./elf/./elf/dl-reloc.c
fn=_dl_relocate_object
170 14184 1 1 3546 1729 1351 0 0 0 3546 31 0 0
171 6922 1 1 0 0 0 0 0 0 3461 3 0 0
174 23464 1 1 3461 7 0 0 0 0 5301 814 0 0
175 19444 2 2 1621 0 0 0 0 0 8101 5 0 0
177 1621 0 0 1621 0 0 0 0 0 0 0 0 0
178 6482 1 1 1621 0 0 1621 0 0 0 0 0 0
182 3680 0 0 0 0 0 0 0 0 1840 0 0 0
183 1840 0 0 0 0 0 1840 0 0 0 0 0 0
184 1840 0 0 0 0 0 1840 0 0 0 0 0 0
186 14726 2 2 7360 1 0 6 0 0 1840 68 0 0
187 9170 1 1 1834 65 0 1834 0 0 0 0 0 0
188 3668 0 0 0 0 0 0 0 0 1834 0 0 0
190 12977 2 2 3680 0 0 5565 3 0 6 0 0 0
193 1840 0 0 1840 0 0 0 0 0 0 0 0 0
194 12880 1 1 5520 0 0 1840 1 0 0 0 0 0
196 1621 1 1 1621 0 0 0 0 0 0 0 0 0
207 88 1 1 0 0 0 64 1 0 0 0 0 0
208 16 0 0 8 0 0 0 0 0 8 1 0 0
220 14 0 0 0 0 0 0 0 0 0 0 0 0
221 21 0 0 0 0 0 7 0 0 0 0 0 0
224 28 1 1 0 0 0 7 0 0 0 0 0 0
226 21 0 0 0 0 0 0 0 0 7 0 0 0
228 7 0 0 7 0 0 0 0 0 0 0 0 0
229 21 0 0 7 2 0 0 0 0 7 5 0 0
251 35 2 2 14 0 0 0 0 0 7 5 0 0
252 14 1 1 7 7 0 0 0 0 7 4 0 0
253 3 0 0 0 0 0 0 0 0 0 0 0 0
255 14 0 0 0 0 0 0 0 0 7 0 0 0
262 21 1 1 7 2 0 0 0 0 7 0 0 0
301 10279 9 9 1220 241 201 51 0 0 3530 433 0 0
304 35 0 0 14 0 0 0 0 0 14 0 0 0
328 7 0 0 7 1 0 0 0 0 0 0 0 0
331 14 0 0 0 0 0 0 0 0 7 0 0 0
348 21 0 0 7 4 0 0 0 0 7 6 0 0
350 64 0 0 56 4 0 0 0 0 0 0 0 0
356 42 1 1 21 2 0 0 0 0 0 0 0 0
359 14 0 0 0 0 0 0 0 0 0 0 0 0
363 14 1 1 0 0 0 0 0 0 7 0 0 0
364 42 0 0 0 0 0 7 1 0 7 4 0 0
fl=./elf/./elf/dl-runtime.c
fn=_dl_fixup
46 1210 7 2 0 0 0 660 0 0 0 0 0 0
48 550 0 0 440 13 0 0 0 0 110 61 0 0
49 330 3 1 220 0 0 0 0 0 0 0 0 0
54 110 0 0 110 5 0 0 0 0 0 0 0 0
55 440 0 0 110 5 0 0 0 0 0 0 0 0
56 770 0 0 110 105 0 110 3 0 0 0 0 0
58 220 0 0 110 13 0 0 0 0 0 0 0 0
63 220 0 0 0 0 0 0 0 0 110 6 0 0
67 220 0 0 110 108 58 0 0 0 110 0 0 0
69 110 0 0 0 0 0 0 0 0 0 0 0 0
71 330 4 1 110 5 0 0 0 0 110 4 0 0
75 330 0 0 220 100 1 0 0 0 0 0 0 0
76 440 0 0 110 4 0 0 0 0 0 0 0 0
77 330 0 0 110 22 0 0 0 0 110 18 0 0
84 110 4 1 0 0 0 0 0 0 0 0 0 0
85 330 0 0 110 0 0 0 0 0 110 10 0 0
95 1210 0 0 220 5 0 330 0 0 0 0 0 0
99 550 4 1 330 0 0 0 0 0 110 0 0 0
109 1100 0 0 440 0 0 110 0 0 220 0 0 0
124 440 3 1 110 0 0 0 0 0 110 5 0 0
125 8 0 0 0 0 0 4 0 0 0 0 0 0
133 330 0 0 110 0 0 0 0 0 110 8 0 0
159 330 0 0 110 1 0 0 0 0 110 4 0 0
163 880 3 1 770 0 0 0 0 0 0 0 0 0
fl=./elf/./elf/dl-setup_hash.c
fn=_dl_setup_hash
25 14 1 1 0 0 0 0 0 0 0 0 0 0
28 21 1 1 7 0 0 0 0 0 7 0 0 0
31 21 0 0 14 0 0 0 0 0 7 0 0 0
32 14 0 0 7 6 6 7 1 1 0 0 0 0
33 7 0 0 7 0 0 0 0 0 0 0 0 0
34 7 0 0 7 0 0 0 0 0 0 0 0 0
36 21 0 0 0 0 0 0 0 0 7 0 0 0
37 7 0 0 0 0 0 7 0 0 0 0 0 0
38 21 1 1 7 0 0 7 0 0 0 0 0 0
40 7 0 0 0 0 0 7 0 0 0 0 0 0
41 14 0 0 0 0 0 0 0 0 0 0 0 0
43 7 0 0 0 0 0 7 0 0 0 0 0 0
45 21 0 0 0 0 0 7 0 0 0 0 0 0
50 7 0 0 7 0 0 0 0 0 0 0 0 0
fl=./elf/./elf/dl-sort-maps.c
fn=_dl_sort_maps
140 64 0 0 14 0 0 12 1 0 14 6 0 0
181 2 0 0 0 0 0 2 0 0 0 0 0 0
182 4 0 0 2 0 0 0 0 0 0 0 0 0
183 52 0 0 0 0 0 0 0 0 16 12 0 0
184 28 2 1 28 0 0 0 0 0 0 0 0 0
211 34 4 2 2 1 0 0 0 0 4 1 0 0
216 4 0 0 0 0 0 2 0 0 0 0 0 0
218 2 0 0 0 0 0 2 0 0 0 0 0 0
219 10 0 0 0 0 0 0 0 0 0 0 0 0
221 44 2 1 0 0 0 0 0 0 12 0 0 0
223 14 0 0 14 0 0 0 0 0 0 0 0 0
226 40 0 0 12 0 0 0 0 0 14 10 0 0
244 8 2 1 2 0 0 0 0 0 2 2 0 0
263 8 2 1 0 0 0 2 0 0 0 0 0 0
276 8 2 1 2 0 0 0 0 0 4 2 0 0
283 2 2 1 0 0 0 0 0 0 0 0 0 0
298 26 1 0 0 0 0 14 2 0 0 0 0 0
306 6 2 1 2 2 0 0 0 0 2 2 0 0
310 18 4 2 14 0 0 0 0 0 0 0 0 0
fn=_dl_sort_maps_init
289 4 2 2 0 0 0 1 0 0 0 0 0 0
290 4 0 0 0 0 0 1 0 0 0 0 0 0
291 1 0 0 0 0 0 1 0 0 0 0 0 0
292 3 0 0 1 0 0 0 0 0 0 0 0 0
293 2 0 0 2 0 0 0 0 0 0 0 0 0
fn=dfs_traversal.part.0
135 126 2 1 0 0 0 70 0 0 0 0 0 0
140 70 0 0 35 0 0 0 0 0 35 4 0 0
143 14 0 0 14 0 0 0 0 0 0 0 0 0
145 42 0 0 14 3 0 0 0 0 14 3 0 0
147 186 0 0 48 7 0 0 0 0 46 21 0 0
156 49 3 1 7 0 0 0 0 0 21 9 0 0
171 42 0 0 14 0 0 14 0 0 0 0 0 0
172 14 0 0 0 0 0 14 0 0 0 0 0 0
173 90 1 1 84 0 0 2 1 0 0 0 0 0
fl=./elf/./elf/dl-tunables.c
fn=__GI___tunable_set_val
72 50 1 1 5 0 0 0 0 0 10 0 0 0
82 5 0 0 5 0 0 0 0 0 0 0 0 0
93 40 1 1 10 0 0 0 0 0 5 0 0 0
94 25 0 0 10 0 0 0 0 0 5 0 0 0
97 10 0 0 0 0 0 0 0 0 5 2 0 0
100 35 0 0 0 0 0 0 0 0 0 0 0 0
104 10 0 0 0 0 0 0 0 0 5 2 0 0
111 10 0 0 0 0 0 0 0 0 5 0 0 0
112 10 0 0 0 0 0 0 0 0 5 2 0 0
115 25 1 1 0 0 0 5 0 0 0 0 0 0
116 5 0 0 0 0 0 5 0 0 0 0 0 0
117 5 0 0 0 0 0 5 0 0 0 0 0 0
118 5 0 0 0 0 0 5 0 0 0 0 0 0
153 30 1 1 0 0 0 10 0 0 0 0 0 0
157 15 0 0 15 0 0 0 0 0 0 0 0 0
fn=__GI___tunables_init
42 415 1 1 83 0 0 0 0 0 166 1 0 0
45 82 0 0 0 0 0 0 0 0 0 0 0 0
48 7854 0 0 1122 43 43 0 0 0 2244 96 0 0
52 164 0 0 0 0 0 0 0 0 82 0 0 0
56 328 1 1 0 0 0 0 0 0 0 0 0 0
128 1 0 0 0 0 0 0 0 0 0 0 0 0
261 10 2 2 0 0 0 6 0 0 0 0 0 0
267 4 0 0 1 0 0 0 0 0 1 0 0 0
281 13448 0 0 0 0 0 0 0 0 3362 82 0 0
283 2 0 0 0 0 0 0 0 0 0 0 0 0
287 24354 1 1 6724 41 41 0 0 0 6724 896 0 0
304 8 1 1 7 0 0 0 0 0 0 0 0 0
fn=__tunable_get_val
387 78 1 1 0 0 0 0 0 0 0 0 0 0
390 462 1 1 39 35 31 0 0 0 75 17 0 0
399 50 0 0 36 15 0 14 0 0 0 0 0 0
400 14 0 0 0 0 0 0 0 0 0 0 0 0
409 31 1 1 0 0 0 25 0 0 0 0 0 0
416 234 0 0 39 4 0 0 0 0 39 31 0 0
418 39 0 0 39 0 0 0 0 0 0 0 0 0
fl=./elf/./elf/dl-tunables.h
fn=__GI___tunable_set_val
141 10 0 0 0 0 0 0 0 0 5 3 0 0
142 10 1 1 0 0 0 0 0 0 0 0 0 0
151 5 0 0 0 0 0 0 0 0 0 0 0 0
fn=__GI___tunables_init
160 1556 1 1 1038 1 1 0 0 0 68 8 0 0
161 3828 0 0 0 0 0 0 0 0 985 80 0 0
fl=./elf/./elf/dl-version.c
fn=_dl_check_all_versions
392 7 1 1 0 0 0 5 0 0 0 0 0 0
394 1 0 0 0 0 0 0 0 0 0 0 0 0
396 26 0 0 7 0 0 0 0 0 8 6 0 0
397 7 0 0 0 0 0 0 0 0 0 0 0 0
398 63 1 1 7 0 0 7 1 0 7 7 0 0
401 7 0 0 6 0 0 0 0 0 0 0 0 0
fn=_dl_check_map_versions
36 202 0 0 24 0 0 0 0 0 65 7 0 0
37 53 0 0 53 0 0 0 0 0 0 0 0 0
38 337 1 1 0 0 0 65 0 0 65 6 0 0
56 200 0 0 150 0 0 0 0 0 50 22 0 0
64 150 0 0 50 0 0 0 0 0 50 0 0 0
70 150 1 1 50 1 0 0 0 0 50 0 0 0
86 50 0 0 50 1 0 0 0 0 0 0 0 0
87 100 0 0 0 0 0 0 0 0 50 0 0 0
89 50 0 0 50 0 0 0 0 0 0 0 0 0
94 1980 0 0 865 33 33 150 0 0 865 5 0 0
108 1730 0 0 865 13 12 0 0 0 865 53 0 0
110 50 1 1 50 1 1 0 0 0 0 0 0 0
113 400 1 1 150 0 0 100 0 0 50 0 0 0
120 2445 1 1 815 13 13 0 0 0 815 0 0 0
124 815 0 0 0 0 0 0 0 0 0 0 0 0
155 70 0 0 0 0 0 42 0 0 0 0 0 0
156 7 0 0 0 0 0 7 0 0 0 0 0 0
164 12 1 1 0 0 0 7 1 0 0 0 0 0
170 21 0 0 7 0 0 0 0 0 7 0 0 0
172 35 1 1 14 1 0 0 0 0 7 0 0 0
174 7 0 0 7 2 0 0 0 0 0 0 0 0
175 7 0 0 7 0 0 0 0 0 0 0 0 0
177 14 0 0 0 0 0 0 0 0 7 2 0 0
180 15 1 1 10 0 0 0 0 0 0 0 0 0
184 40 0 0 5 5 5 25 0 0 5 0 0 0
198 7 0 0 0 0 0 0 0 0 0 0 0 0
200 36 1 1 24 1 1 0 0 0 0 0 0 0
208 36 0 0 12 0 0 0 0 0 12 0 0 0
213 36 0 0 12 2 2 0 0 0 0 0 0 0
215 38 0 0 0 0 0 0 0 0 0 0 0 0
217 200 1 1 100 12 12 50 0 0 0 0 0 0
218 355 1 1 272 0 0 0 0 0 50 14 0 0
221 100 0 0 50 0 0 50 0 0 0 0 0 0
224 150 0 0 100 0 0 0 0 0 50 7 0 0
225 5 0 0 1 0 0 1 0 0 1 0 0 0
228 26 1 1 13 0 0 12 0 0 0 0 0 0
231 200 0 0 50 0 0 0 0 0 0 0 0 0
234 150 0 0 50 0 0 0 0 0 50 15 0 0
239 38 0 0 0 0 0 0 0 0 0 0 0 0
243 36 0 0 12 0 0 0 0 0 12 6 0 0
248 7 0 0 0 0 0 0 0 0 0 0 0 0
257 30 2 2 15 0 0 0 0 0 7 2 0 0
260 10 0 0 10 0 0 0 0 0 0 0 0 0
263 551 0 0 139 10 10 5 0 0 0 0 0 0
266 412 0 0 134 4 4 5 0 0 134 25 0 0
270 129 0 0 0 0 0 0 0 0 0 0 0 0
274 18 1 1 6 0 0 0 0 0 6 1 0 0
279 6 0 0 0 0 0 6 2 0 0 0 0 0
280 24 1 1 6 0 0 6 0 0 0 0 0 0
281 18 0 0 6 0 0 0 0 0 6 0 0 0
291 6 0 0 0 0 0 6 0 0 0 0 0 0
294 32 0 0 19 3 0 6 1 0 6 0 0 0
296 12 0 0 0 0 0 0 0 0 6 1 0 0
299 20 1 1 10 0 0 0 0 0 0 0 0 0
301 7 0 0 0 0 0 0 0 0 0 0 0 0
303 36 0 0 12 0 0 0 0 0 0 0 0 0
306 150 1 1 50 0 0 0 0 0 0 0 0 0
308 200 0 0 0 0 0 0 0 0 50 18 0 0
310 250 0 0 50 0 0 50 0 0 0 0 0 0
311 100 0 0 0 0 0 50 19 19 0 0 0 0
312 150 0 0 50 0 0 50 2 2 0 0 0 0
313 150 0 0 50 0 0 50 1 1 0 0 0 0
316 150 0 0 50 0 0 0 0 0 50 17 0 0
321 38 0 0 0 0 0 0 0 0 0 0 0 0
324 36 0 0 12 0 0 0 0 0 12 3 0 0
329 7 1 1 0 0 0 0 0 0 0 0 0 0
334 12 0 0 0 0 0 0 0 0 6 1 0 0
337 10 0 0 5 0 0 0 0 0 0 0 0 0
341 129 0 0 129 0 0 0 0 0 0 0 0 0
343 268 0 0 134 0 0 0 0 0 134 12 0 0
347 129 0 0 129 0 0 0 0 0 0 0 0 0
348 645 0 0 129 0 0 129 33 33 0 0 0 0
349 387 0 0 129 0 0 129 0 0 0 0 0 0
350 129 0 0 0 0 0 129 17 17 0 0 0 0
353 402 0 0 134 0 0 0 0 0 134 8 0 0
357 129 0 0 0 0 0 0 0 0 0 0 0 0
365 10 0 0 0 0 0 0 0 0 5 1 0 0
366 10 1 1 5 0 0 0 0 0 5 0 0 0
367 10 0 0 5 1 0 0 0 0 5 4 0 0
368 4 0 0 2 0 0 0 0 0 2 1 0 0
370 4 1 1 3 0 0 0 0 0 1 1 0 0
372 124 0 0 32 0 0 0 0 0 31 1 0 0
373 60 1 1 0 0 0 0 0 0 30 3 0 0
375 2 0 0 1 0 0 0 0 0 0 0 0 0
376 7 0 0 0 0 0 1 0 0 1 1 0 0
387 63 1 1 56 0 0 0 0 0 0 0 0 0
fl=./elf/./elf/do-rel.h
fn=_dl_relocate_object
49 42 1 1 14 3 0 0 0 0 0 0 0 0
50 42 0 0 14 0 0 14 0 0 0 0 0 0
51 7 0 0 7 0 0 0 0 0 0 0 0 0
53 70 0 0 28 2 0 0 0 0 0 0 0 0
72 8 0 0 0 0 0 0 0 0 0 0 0 0
73 9 1 1 0 0 0 7 0 0 0 0 0 0
80 42 0 0 14 0 0 0 0 0 14 12 0 0
83 3352 1 1 0 0 0 2 0 0 1114 2 0 0
85 4448 1 1 1112 418 418 0 0 0 1112 2 0 0
96 12 0 0 2 1 0 0 0 0 0 0 0 0
97 4 0 0 0 0 0 0 0 0 2 2 0 0
114 36 1 1 0 0 0 0 0 0 0 0 0 0
123 3091 0 0 0 0 0 0 0 0 1033 24 0 0
124 2042 0 0 1021 131 129 0 0 0 0 0 0 0
126 36 1 1 12 7 0 0 0 0 12 1 0 0
129 40 0 0 20 4 0 10 1 0 10 1 0 0
131 14214 1 1 3568 1 0 0 0 0 3550 31 0 0
133 17700 0 0 10620 2176 1212 0 0 0 0 0 0 0
134 14160 0 0 3540 0 0 3540 0 0 0 0 0 0
135 10620 0 0 7080 1 0 3540 0 0 0 0 0 0
136 14160 0 0 3540 2 0 0 0 0 0 0 0 0
138 10620 1 1 0 0 0 0 0 0 3540 8 0 0
141 272 0 0 68 0 0 68 0 0 0 0 0 0
142 68 1 1 0 0 0 68 0 0 0 0 0 0
143 68 0 0 0 0 0 0 0 0 0 0 0 0
147 3472 0 0 0 0 0 3472 0 0 0 0 0 0
150 10439 1 1 3472 0 0 0 0 0 3472 14 0 0
151 216 2 2 72 1 0 0 0 0 72 4 0 0
164 24 1 1 12 2 0 0 0 0 6 3 0 0
165 285 0 0 9 0 0 6 0 0 87 29 0 0
166 252 1 1 84 0 0 0 0 0 84 9 0 0
169 204 0 0 136 0 0 0 0 0 0 0 0 0
171 272 0 0 68 0 0 68 0 0 0 0 0 0
172 68 0 0 68 0 0 0 0 0 0 0 0 0
173 136 0 0 68 0 0 0 0 0 0 0 0 0
180 31 1 1 9 0 0 0 0 0 8 6 0 0
182 42 1 1 12 2 2 6 0 0 0 0 0 0
183 12 0 0 12 0 0 0 0 0 0 0 0 0
185 18 0 0 0 0 0 0 0 0 6 0 0 0
193 6 0 0 0 0 0 6 0 0 0 0 0 0
196 18 0 0 6 0 0 0 0 0 6 0 0 0
211 7 1 1 4 0 0 0 0 0 1 1 0 0
fn=_dl_start
49 6 0 0 2 0 0 0 0 0 0 0 0 0
50 4 0 0 2 0 0 0 0 0 0 0 0 0
51 1 0 0 1 0 0 0 0 0 0 0 0 0
53 10 1 1 4 0 0 0 0 0 0 0 0 0
56 4 0 0 0 0 0 0 0 0 2 2 0 0
61 13 1 1 0 0 0 0 0 0 5 3 0 0
63 9 1 1 3 1 1 0 0 0 0 0 0 0
64 6 0 0 0 0 0 0 0 0 0 0 0 0
65 3 0 0 3 0 0 0 0 0 0 0 0 0
fl=./elf/./elf/get-dynamic-info.h
fn=_dl_map_object_from_fd
39 10 0 0 0 0 0 0 0 0 5 0 0 0
43 5 0 0 0 0 0 0 0 0 0 0 0 0
45 567 0 0 143 39 39 0 0 0 143 10 0 0
49 276 0 0 0 0 0 0 0 0 138 41 0 0
51 74 1 1 0 0 0 0 0 0 37 4 0 0
52 37 0 0 0 0 0 0 0 0 0 0 0 0
53 6 0 0 0 0 0 0 0 0 0 0 0 0
54 129 1 1 0 0 0 0 0 0 31 5 0 0
55 109 0 0 0 0 0 0 0 0 0 0 0 0
56 25 1 1 0 0 0 0 0 0 5 2 0 0
59 20 1 1 0 0 0 0 0 0 5 0 0 0
62 20 0 0 0 0 0 0 0 0 5 0 0 0
64 20 0 0 0 0 0 0 0 0 0 0 0 0
68 138 0 0 0 0 0 138 33 33 0 0 0 0
72 20 0 0 5 0 0 0 0 0 10 0 0 0
84 17 1 1 7 0 0 0 0 0 5 2 0 0
85 20 0 0 10 0 0 0 0 0 5 0 0 0
86 20 0 0 10 0 0 0 0 0 5 2 0 0
87 20 0 0 10 0 0 0 0 0 5 0 0 0
88 17 0 0 7 3 3 0 0 0 5 2 0 0
89 19 1 1 9 1 1 0 0 0 5 1 0 0
90 19 0 0 9 1 1 0 0 0 5 1 0 0
91 20 0 0 10 0 0 0 0 0 5 0 0 0
103 40 1 1 10 0 0 5 0 0 10 0 0 0
110 16 0 0 5 0 0 0 0 0 5 3 0 0
115 8 0 0 4 0 0 0 0 0 4 0 0 0
122 8 0 0 4 0 0 0 0 0 4 0 0 0
123 15 1 1 10 0 0 0 0 0 5 0 0 0
129 15 0 0 5 0 0 0 0 0 5 4 0 0
130 6 0 0 4 0 0 0 0 0 2 0 0 0
147 15 0 0 5 0 0 0 0 0 5 3 0 0
152 4 0 0 2 0 0 2 1 1 0 0 0 0
154 4 0 0 0 0 0 0 0 0 2 2 0 0
156 4 0 0 0 0 0 0 0 0 2 2 0 0
158 4 0 0 0 0 0 0 0 0 2 2 0 0
159 4 0 0 0 0 0 2 0 0 0 0 0 0
162 15 1 1 5 0 0 0 0 0 5 2 0 0
164 9 1 1 3 0 0 3 0 0 0 0 0 0
165 6 0 0 0 0 0 0 0 0 3 0 0 0
174 6 0 0 3 0 0 0 0 0 0 0 0 0
175 9 1 1 0 0 0 0 0 0 3 3 0 0
180 6 0 0 0 0 0 0 0 0 3 2 0 0
181 6 0 0 2 0 0 2 0 0 0 0 0 0
184 10 0 0 5 0 0 0 0 0 5 5 0 0
fl=./elf/./elf/libc-dl-profstub.c
fn=_dl_mcount_wrapper_check
36 128 1 1 0 0 0 0 0 0 0 0 0 0
37 384 1 1 256 0 0 0 0 0 128 2 0 0
38 128 0 0 128 0 0 0 0 0 0 0 0 0
fl=./elf/./elf/libc_early_init.c
fn=__libc_early_init
33 9 1 1 1 0 0 3 0 0 0 0 0 0
35 1 0 0 0 0 0 1 0 0 0 0 0 0
38 2 0 0 1 1 0 1 1 1 0 0 0 0
41 2 0 0 0 0 0 2 1 1 0 0 0 0
47 4 0 0 2 0 0 0 0 0 1 0 0 0
49 2 0 0 2 0 0 0 0 0 0 0 0 0
fl=./elf/./elf/rtld.c
fn=_dl_start
85 8 0 0 0 0 0 2 1 1 0 0 0 0
458 2 0 0 0 0 0 1 0 0 0 0 0 0
476 3 0 0 0 0 0 1 0 0 0 0 0 0
477 1 0 0 0 0 0 1 0 0 0 0 0 0
478 2 0 0 1 0 0 1 1 1 0 0 0 0
488 1 0 0 0 0 0 1 0 0 0 0 0 0
494 4 2 1 1 0 0 1 0 0 0 0 0 0
496 2 0 0 1 0 0 0 0 0 1 0 0 0
517 16 2 2 0 0 0 8 1 1 0 0 0 0
543 1 0 0 0 0 0 1 1 1 0 0 0 0
546 2 1 1 0 0 0 1 1 1 0 0 0 0
547 4 0 0 1 1 1 0 0 0 0 0 0 0
563 190 5 5 24 5 5 5 1 1 57 24 0 0
565 1 0 0 1 0 0 0 0 0 0 0 0 0
578 1 1 1 0 0 0 1 1 1 0 0 0 0
585 9 1 1 7 1 0 0 0 0 0 0 0 0
fn=dl_main
85 17 2 2 0 0 0 1 0 0 0 0 0 0
92 12 1 1 0 0 0 0 0 0 0 0 0 0
93 2 0 0 0 0 0 1 1 0 0 0 0 0
101 9 0 0 4 0 0 0 0 0 0 0 0 0
197 2 0 0 0 0 0 1 0 0 0 0 0 0
199 1 0 0 0 0 0 1 0 0 0 0 0 0
224 3 0 0 3 0 0 0 0 0 0 0 0 0
225 5 0 0 3 0 0 0 0 0 1 1 0 0
226 4 1 1 0 0 0 0 0 0 2 1 0 0
296 3 1 1 0 0 0 3 0 0 0 0 0 0
302 1 0 0 0 0 0 1 0 0 0 0 0 0
303 1 0 0 0 0 0 1 0 0 0 0 0 0
837 1 0 0 1 0 0 0 0 0 0 0 0 0
839 1 0 0 0 0 0 1 0 0 0 0 0 0
848 1 1 1 0 0 0 1 0 0 0 0 0 0
850 1 0 0 0 0 0 1 0 0 0 0 0 0
855 1 0 0 0 0 0 1 0 0 0 0 0 0
1115 1 0 0 1 0 0 0 0 0 0 0 0 0
1116 1 1 1 1 0 0 0 0 0 0 0 0 0
1118 1 0 0 0 0 0 1 0 0 0 0 0 0
1122 3 0 0 2 1 1 1 1 1 0 0 0 0
1124 1 0 0 1 0 0 0 0 0 0 0 0 0
1125 1 0 0 1 0 0 0 0 0 0 0 0 0
1140 1 0 0 0 0 0 0 0 0 0 0 0 0
1143 46 4 4 0 0 0 0 0 0 14 11 0 0
1144 117 1 1 22 6 6 0 0 0 29 7 9 5
1148 3 1 1 1 0 0 1 0 0 0 0 0 0
1153 3 0 0 2 0 0 1 0 0 0 0 0 0
1154 9 1 1 2 0 0 1 0 0 0 0 0 0
1163 2 0 0 0 0 0 1 0 0 0 0 0 0
1164 2 0 0 2 1 1 0 0 0 0 0 0 0
1166 1 0 0 0 0 0 1 0 0 0 0 0 0
1173 3 1 1 1 0 0 0 0 0 1 0 0 0
1191 2 0 0 0 0 0 1 0 0 0 0 0 0
1199 8 0 0 4 0 0 0 0 0 0 0 0 0
1200 17 0 0 5 1 1 0 0 0 0 0 0 0
1201 8 0 0 4 0 0 0 0 0 4 3 0 0
1202 1 0 0 0 0 0 1 0 0 0 0 0 0
1204 12 0 0 4 0 0 0 0 0 0 0 0 0
1205 14 0 0 0 0 0 0 0 0 7 3 0 0
1209 8 0 0 4 3 3 0 0 0 0 0 0 0
1210 8 0 0 4 0 0 0 0 0 4 0 0 0
1211 4 0 0 0 0 0 4 0 0 0 0 0 0
1215 12 0 0 0 0 0 0 0 0 0 0 0 0
1243 2 1 1 1 0 0 1 1 1 0 0 0 0
1247 3 0 0 2 1 1 1 0 0 0 0 0 0
1253 28 0 0 1 0 0 0 0 0 13 1 0 0
1254 61 0 0 13 0 0 0 0 0 24 13 0 0
1260 17 0 0 0 0 0 1 0 0 0 0 0 0
1266 4 0 0 2 1 1 0 0 0 1 1 0 0
1269 3 1 1 2 0 0 0 0 0 1 1 0 0
1271 3 0 0 1 0 0 0 0 0 1 0 0 0
1346 13 2 2 0 0 0 9 1 1 0 0 0 0
1351 1 0 0 0 0 0 0 0 0 0 0 0 0
1352 1 0 0 0 0 0 1 0 0 0 0 0 0
1357 1 0 0 0 0 0 1 1 1 0 0 0 0
1373 3 0 0 2 0 0 1 0 0 0 0 0 0
1374 4 1 1 2 0 0 0 0 0 1 1 0 0
1637 10 1 1 0 0 0 3 0 0 0 0 0 0
1639 2 0 0 0 0 0 0 0 0 1 0 0 0
1640 3 1 1 0 0 0 1 0 0 0 0 0 0
1641 2 0 0 1 0 0 1 0 0 0 0 0 0
1642 3 0 0 2 0 0 1 0 0 0 0 0 0
1646 2 0 0 0 0 0 1 0 0 0 0 0 0
1647 2 0 0 1 0 0 0 0 0 1 0 0 0
1672 3 1 1 1 0 0 0 0 0 1 0 0 0
1673 5 0 0 1 0 0 1 0 0 1 0 0 0
1674 3 0 0 2 0 0 0 0 0 0 0 0 0
1675 3 0 0 3 0 0 0 0 0 0 0 0 0
1678 1 0 0 0 0 0 1 0 0 0 0 0 0
1680 1 1 1 0 0 0 1 1 1 0 0 0 0
1681 1 0 0 0 0 0 1 0 0 0 0 0 0
1683 2 0 0 1 0 0 0 0 0 1 0 0 0
1684 2 0 0 0 0 0 1 0 0 0 0 0 0
1688 2 0 0 1 0 0 0 0 0 1 0 0 0
1690 2 1 1 0 0 0 0 0 0 1 0 0 0
1698 4 0 0 2 0 0 0 0 0 1 1 0 0
1705 2 1 1 1 0 0 1 0 0 0 0 0 0
1708 2 1 1 1 0 0 0 0 0 1 0 0 0
1733 4 1 1 1 0 0 1 0 0 0 0 0 0
1735 1 0 0 0 0 0 1 0 0 0 0 0 0
1740 2 0 0 1 0 0 0 0 0 1 1 0 0
1743 4 1 1 2 0 0 1 0 0 0 0 0 0
1744 4 0 0 1 0 0 1 0 0 0 0 0 0
1745 3 1 1 2 0 0 1 0 0 0 0 0 0
1746 1 0 0 0 0 0 1 0 0 0 0 0 0
1747 1 0 0 1 0 0 0 0 0 0 0 0 0
1748 1 0 0 1 0 0 0 0 0 0 0 0 0
1759 2 0 0 1 1 1 0 0 0 1 0 0 0
1760 2 0 0 1 0 0 0 0 0 1 0 0 0
1762 2 1 1 1 0 0 0 0 0 0 0 0 0
1764 1 0 0 0 0 0 1 0 0 0 0 0 0
1765 3 0 0 1 0 0 1 0 0 0 0 0 0
1770 5 1 1 0 0 0 0 0 0 1 1 0 0
1771 5 0 0 1 1 1 0 0 0 1 1 0 0
1773 3 2 2 2 1 1 1 1 1 0 0 0 0
1779 2 0 0 1 1 1 0 0 0 1 1 0 0
1788 2 1 1 1 0 0 0 0 0 1 0 0 0
1792 1 0 0 0 0 0 0 0 0 0 0 0 0
1793 2 0 0 1 0 0 0 0 0 1 0 0 0
1817 2 1 1 0 0 0 2 0 0 0 0 0 0
1823 1 0 0 0 0 0 1 0 0 0 0 0 0
1824 1 0 0 0 0 0 1 0 0 0 0 0 0
1825 1 0 0 0 0 0 0 0 0 0 0 0 0
1829 3 0 0 1 0 0 1 0 0 0 0 0 0
1834 3 1 1 2 0 0 0 0 0 1 0 0 0
1836 1 0 0 0 0 0 0 0 0 0 0 0 0
1838 2 0 0 1 0 0 0 0 0 1 1 0 0
1842 5 1 1 2 0 0 1 0 0 0 0 0 0
1847 2 0 0 1 0 0 0 0 0 1 0 0 0
1863 6 1 1 0 0 0 1 0 0 1 0 0 0
1939 4 0 0 2 0 0 0 0 0 1 1 0 0
1943 19 2 2 1 0 0 0 0 0 2 1 0 0
1944 1 0 0 0 0 0 0 0 0 0 0 0 0
1947 3 0 0 0 0 0 1 0 0 0 0 0 0
1948 1 1 1 1 0 0 0 0 0 0 0 0 0
1949 2 0 0 0 0 0 0 0 0 1 0 0 0
1950 2 0 0 0 0 0 0 0 0 1 0 0 0
1955 3 0 0 1 0 0 0 0 0 1 1 0 0
1965 9 1 1 2 0 0 1 0 0 0 0 0 0
1971 31 1 1 1 0 0 0 0 0 8 6 0 0
1972 18 0 0 15 0 0 0 0 0 0 0 0 0
1975 3 0 0 2 0 0 1 0 0 0 0 0 0
1976 2 1 1 0 0 0 0 0 0 1 0 0 0
1977 1 0 0 0 0 0 1 0 0 0 0 0 0
1979 26 0 0 1 0 0 0 0 0 6 0 0 0
1980 12 0 0 6 0 0 0 0 0 6 5 0 0
1984 2 1 1 0 0 0 0 0 0 1 0 0 0
1990 1 1 1 0 0 0 1 0 0 0 0 0 0
1992 3 0 0 1 0 0 1 0 0 0 0 0 0
1993 2 0 0 0 0 0 0 0 0 1 0 0 0
1995 2 0 0 0 0 0 1 0 0 0 0 0 0
1997 3 0 0 0 0 0 0 0 0 1 1 0 0
1999 3 1 1 1 0 0 0 0 0 0 0 0 0
2000 1 0 0 1 0 0 0 0 0 0 0 0 0
2001 2 0 0 0 0 0 0 0 0 1 1 0 0
2013 2 0 0 0 0 0 0 0 0 1 0 0 0
2014 2 0 0 1 0 0 1 0 0 0 0 0 0
2015 3 0 0 1 0 0 0 0 0 1 1 0 0
2026 5 0 0 1 0 0 1 0 0 0 0 0 0
2027 4 0 0 0 0 0 1 0 0 0 0 0 0
2028 5 1 1 0 0 0 1 0 0 0 0 0 0
2038 2 0 0 1 0 0 1 0 0 0 0 0 0
2039 2 0 0 1 0 0 0 0 0 1 1 0 0
2040 4 1 1 0 0 0 2 0 0 0 0 0 0
2042 2 0 0 0 0 0 0 0 0 1 0 0 0
2047 3 0 0 1 0 0 0 0 0 1 0 0 0
2246 3 0 0 1 0 0 1 0 0 0 0 0 0
2250 3 0 0 1 0 0 2 1 0 0 0 0 0
2256 2 1 1 1 0 0 1 0 0 0 0 0 0
2259 2 0 0 1 0 0 0 0 0 1 0 0 0
2267 2 0 0 2 0 0 0 0 0 0 0 0 0
2279 3 1 1 1 0 0 0 0 0 0 0 0 0
2282 3 0 0 1 0 0 1 0 0 0 0 0 0
2284 3 0 0 1 0 0 0 0 0 1 1 0 0
2285 6 0 0 1 0 0 1 0 0 0 0 0 0
2292 2 0 0 2 1 0 0 0 0 0 0 0 0
2293 30 0 0 3 2 0 1 0 0 8 3 0 0
2295 14 1 1 14 4 0 0 0 0 0 0 0 0
2300 14 0 0 14 8 0 0 0 0 0 0 0 0
2302 16 0 0 0 0 0 0 0 0 8 4 0 0
2304 1 1 1 0 0 0 1 1 0 0 0 0 0
2305 1 0 0 1 0 0 0 0 0 0 0 0 0
2308 7 0 0 7 1 0 0 0 0 0 0 0 0
2310 14 0 0 0 0 0 0 0 0 7 1 0 0
2311 48 0 0 12 7 0 6 0 0 0 0 0 0
2315 20 1 1 10 6 0 0 0 0 10 4 0 0
2316 9 0 0 0 0 0 3 0 0 0 0 0 0
2325 2 0 0 1 0 0 0 0 0 1 0 0 0
2329 4 0 0 2 1 0 0 0 0 2 0 0 0
2331 1 0 0 1 1 0 0 0 0 0 0 0 0
2338 4 1 1 1 0 0 1 0 0 0 0 0 0
2341 2 0 0 1 1 0 0 0 0 1 1 0 0
2345 3 1 1 2 1 0 0 0 0 1 0 0 0
2347 2 0 0 1 0 0 0 0 0 1 1 0 0
2357 1 1 1 0 0 0 1 0 0 0 0 0 0
2362 3 0 0 1 0 0 1 0 0 0 0 0 0
2365 1 0 0 0 0 0 1 0 0 0 0 0 0
2371 1 0 0 1 0 0 0 0 0 0 0 0 0
2372 5 1 1 2 0 0 1 0 0 0 0 0 0
2380 3 0 0 1 0 0 1 0 0 0 0 0 0
2387 1 0 0 0 0 0 1 0 0 0 0 0 0
2390 3 0 0 0 0 0 1 0 0 0 0 0 0
2394 3 0 0 0 0 0 1 0 0 0 0 0 0
2395 1 0 0 0 0 0 1 1 0 0 0 0 0
2396 1 0 0 0 0 0 1 0 0 0 0 0 0
2397 1 0 0 0 0 0 0 0 0 0 0 0 0
2401 1 0 0 0 0 0 1 0 0 0 0 0 0
2406 8 0 0 7 1 0 0 0 0 0 0 0 0
2538 1 0 0 1 0 0 0 0 0 0 0 0 0
2598 1 0 0 0 0 0 1 1 1 0 0 0 0
2600 2 0 0 0 0 0 0 0 0 0 0 0 0
2602 15 1 1 0 0 0 3 0 0 3 1 0 0
2604 2 0 0 0 0 0 0 0 0 0 0 0 0
2606 107 0 0 21 0 0 0 0 0 40 10 0 0
2607 19 0 0 0 0 0 0 0 0 0 0 0 0
2615 13 1 1 2 2 2 0 0 0 2 0 2 2
2640 2 1 1 1 0 0 0 0 0 1 0 0 0
2650 4 1 1 2 0 0 0 0 0 2 1 0 0
2652 2 0 0 0 0 0 1 0 0 0 0 0 0
2653 1 0 0 0 0 0 0 0 0 0 0 0 0
2687 5 2 2 2 0 0 0 0 0 2 1 0 0
2689 2 0 0 0 0 0 1 0 0 0 0 0 0
2690 2 0 0 0 0 0 1 0 0 0 0 0 0
2691 1 0 0 0 0 0 0 0 0 0 0 0 0
2727 5 0 0 1 0 0 0 0 0 1 0 0 0
2749 3 0 0 1 0 0 0 0 0 1 0 0 0
fn=handle_preload_list
183 3 0 0 1 0 0 0 0 0 1 0 0 0
806 1 0 0 0 0 0 1 1 1 0 0 0 0
810 2 0 0 0 0 0 1 0 0 0 0 0 0
811 2 0 0 1 0 0 1 0 0 0 0 0 0
812 1 0 0 0 0 0 1 0 0 0 0 0 0
814 1 0 0 1 0 0 0 0 0 0 0 0 0
816 6 1 1 0 0 0 1 0 0 0 0 0 0
817 3 0 0 1 0 0 0 0 0 1 0 0 0
825 3 0 0 1 0 0 0 0 0 0 0 0 0
869 13 2 2 1 1 1 8 1 1 0 0 0 0
870 3 0 0 0 0 0 0 0 0 0 0 0 0
874 5 0 0 2 0 0 0 0 0 2 0 0 0
877 4 1 1 0 0 0 1 0 0 0 0 0 0
878 3 0 0 0 0 0 0 0 0 1 1 0 0
880 4 1 1 0 0 0 1 0 0 0 0 0 0
881 2 0 0 0 0 0 1 0 0 0 0 0 0
887 1 0 0 0 0 0 0 0 0 0 0 0 0
889 2 0 0 1 0 0 0 0 0 0 0 0 0
891 2 1 1 1 0 0 0 0 0 1 0 0 0
892 1 0 0 0 0 0 0 0 0 0 0 0 0
895 9 0 0 7 0 0 0 0 0 0 0 0 0
fn=init_tls
734 4 1 1 0 0 0 3 0 0 0 0 0 0
736 2 0 0 1 1 0 1 0 0 0 0 0 0
740 3 0 0 1 1 0 0 0 0 1 0 0 0
746 2 0 0 0 0 0 1 1 1 0 0 0 0
749 1 0 0 0 0 0 1 0 0 0 0 0 0
750 1 0 0 0 0 0 0 0 0 0 0 0 0
751 1 0 0 0 0 0 0 0 0 0 0 0 0
755 1 0 0 0 0 0 0 0 0 0 0 0 0
757 1 0 0 0 0 0 1 0 0 0 0 0 0
761 2 1 1 1 1 1 0 0 0 1 0 0 0
762 2 0 0 0 0 0 0 0 0 0 0 0 0
763 18 0 0 1 0 0 0 0 0 8 6 0 0
764 7 1 1 7 0 0 0 0 0 0 0 0 0
765 14 1 1 7 3 0 0 0 0 7 5 0 0
769 9 0 0 0 0 0 3 0 0 0 0 0 0
771 3 0 0 0 0 0 0 0 0 0 0 0 0
773 3 0 0 1 0 0 0 0 0 1 0 0 0
776 2 0 0 0 0 0 1 0 0 0 0 0 0
779 1 0 0 0 0 0 1 0 0 0 0 0 0
786 2 1 1 0 0 0 1 0 0 0 0 0 0
787 2 0 0 0 0 0 0 0 0 1 0 0 0
793 2 0 0 1 0 0 1 0 0 0 0 0 0
797 1 0 0 0 0 0 1 0 0 0 0 0 0
800 5 0 0 4 0 0 0 0 0 0 0 0 0
fn=map_doit
641 6 1 1 0 0 0 2 0 0 0 0 0 0
643 4 0 0 1 0 0 0 0 0 0 0 0 0
644 6 0 0 2 0 0 2 0 0 0 0 0 0
646 3 0 0 3 0 0 0 0 0 0 0 0 0
fn=version_check_doit
674 6 2 2 0 0 0 2 0 0 0 0 0 0
676 6 0 0 2 0 0 1 0 0 1 1 0 0
680 3 0 0 3 0 0 0 0 0 0 0 0 0
fl=./elf/./get-dynamic-info.h
fn=_dl_start
45 75 0 0 19 5 5 0 0 0 19 2 0 0
49 36 0 0 0 0 0 0 0 0 18 12 0 0
51 10 0 0 0 0 0 0 0 0 5 0 0 0
52 5 1 1 0 0 0 0 0 0 0 0 0 0
54 20 0 0 0 0 0 0 0 0 5 1 0 0
55 16 0 0 0 0 0 0 0 0 0 0 0 0
56 5 0 0 0 0 0 0 0 0 1 1 0 0
59 4 1 1 0 0 0 0 0 0 1 1 0 0
62 4 1 1 0 0 0 0 0 0 1 0 0 0
64 4 0 0 0 0 0 0 0 0 0 0 0 0
68 18 0 0 0 0 0 18 7 7 0 0 0 0
72 3 0 0 0 0 0 0 0 0 1 0 0 0
84 4 0 0 2 0 0 0 0 0 1 0 0 0
85 3 0 0 1 0 0 0 0 0 1 1 0 0
86 4 1 1 2 0 0 0 0 0 1 0 0 0
87 4 0 0 2 0 0 0 0 0 1 0 0 0
88 5 0 0 2 0 0 0 0 0 1 0 0 0
89 3 1 1 1 0 0 0 0 0 1 1 0 0
90 4 0 0 2 0 0 0 0 0 1 0 0 0
91 4 0 0 2 0 0 0 0 0 1 0 0 0
103 10 2 2 2 0 0 1 0 0 2 1 0 0
110 3 0 0 1 1 1 0 0 0 1 1 0 0
123 3 2 2 2 0 0 0 0 0 1 0 0 0
129 3 0 0 1 0 0 0 0 0 1 0 0 0
130 3 0 0 2 0 0 0 0 0 1 0 0 0
133 2 0 0 1 0 0 0 0 0 1 0 0 0
134 3 0 0 1 0 0 0 0 0 1 0 0 0
139 5 1 1 2 0 0 0 0 0 2 0 0 0
142 5 0 0 2 0 0 0 0 0 2 0 0 0
fn=dl_main
39 4 0 0 2 0 0 0 0 0 1 0 0 0
43 1 0 0 0 0 0 0 0 0 0 0 0 0
45 115 0 0 29 8 8 0 0 0 29 2 0 0
49 56 1 1 0 0 0 0 0 0 28 9 0 0
51 12 0 0 0 0 0 0 0 0 6 0 0 0
52 6 0 0 0 0 0 0 0 0 0 0 0 0
54 25 0 0 0 0 0 0 0 0 6 1 0 0
55 21 0 0 0 0 0 0 0 0 0 0 0 0
56 5 1 1 0 0 0 0 0 0 1 0 0 0
59 4 0 0 0 0 0 0 0 0 1 1 0 0
62 4 1 1 0 0 0 0 0 0 1 0 0 0
64 4 0 0 0 0 0 0 0 0 0 0 0 0
68 28 0 0 0 0 0 28 8 8 0 0 0 0
72 7 1 1 4 0 0 0 0 0 2 1 0 0
84 3 0 0 1 0 0 0 0 0 1 1 0 0
85 5 1 1 3 0 0 0 0 0 1 0 0 0
86 5 0 0 3 0 0 0 0 0 1 0 0 0
87 5 0 0 3 0 0 0 0 0 1 0 0 0
88 4 0 0 2 0 0 0 0 0 1 1 0 0
89 5 1 1 3 0 0 0 0 0 1 0 0 0
90 5 0 0 3 0 0 0 0 0 1 0 0 0
91 5 1 1 3 0 0 0 0 0 1 0 0 0
103 9 0 0 3 0 0 1 0 0 2 0 0 0
110 3 0 0 1 0 0 0 0 0 1 1 0 0
115 2 1 1 1 0 0 0 0 0 1 0 0 0
122 3 0 0 2 0 0 0 0 0 1 0 0 0
123 4 1 1 3 0 0 0 0 0 1 0 0 0
129 3 0 0 1 0 0 0 0 0 1 1 0 0
147 4 0 0 2 0 0 0 0 0 1 0 0 0
152 2 1 1 1 0 0 1 1 1 0 0 0 0
154 2 0 0 0 0 0 0 0 0 1 1 0 0
156 2 0 0 0 0 0 0 0 0 1 1 0 0
158 2 0 0 0 0 0 0 0 0 1 0 0 0
159 2 0 0 1 0 0 1 0 0 0 0 0 0
162 4 1 1 2 0 0 0 0 0 1 0 0 0
164 3 0 0 1 0 0 1 0 0 0 0 0 0
165 2 0 0 0 0 0 0 0 0 1 1 0 0
174 2 0 0 1 0 0 0 0 0 0 0 0 0
175 3 1 1 0 0 0 0 0 0 1 1 0 0
180 2 0 0 0 0 0 0 0 0 1 0 0 0
181 3 1 1 2 0 0 1 0 0 0 0 0 0
184 3 0 0 2 0 0 0 0 0 1 1 0 0
fl=./elf/./setup-vdso.h
fn=dl_main
24 2 0 0 1 0 0 0 0 0 1 1 0 0
fl=./iconv/./iconv/gconv_simple.c
fn=__gconv_btwoc_ascii
49 128 1 1 0 0 0 0 0 0 0 0 0 0
51 512 0 0 0 0 0 0 0 0 0 0 0 0
54 128 0 0 128 0 0 0 0 0 0 0 0 0
fl=./io/../sysdeps/posix/isatty.c
fn=isatty
24 7 1 1 1 0 0 2 0 0 0 0 0 0
27 4 1 1 0 0 0 1 0 0 0 0 0 0
28 6 0 0 4 0 0 0 0 0 1 0 0 0
fl=./io/../sysdeps/unix/sysv/linux/access.c
fn=access
25 1 0 0 0 0 0 0 0 0 0 0 0 0
27 7 0 0 0 0 0 1 0 0 1 1 0 0
31 1 0 0 1 0 0 0 0 0 0 0 0 0
fl=./io/../sysdeps/unix/sysv/linux/close_nocancel.c
fn=__GI___close_nocancel
25 6 1 1 0 0 0 0 0 0 0 0 0 0
26 24 0 0 0 0 0 0 0 0 6 0 0 0
27 6 0 0 6 0 0 0 0 0 0 0 0 0
fl=./io/../sysdeps/unix/sysv/linux/fstat64.c
fn=fstat
30 8 2 2 0 0 0 0 0 0 0 0 0 0
39 32 2 2 0 0 0 0 0 0 8 1 0 0
72 8 0 0 8 0 0 0 0 0 0 0 0 0
fl=./io/../sysdeps/unix/sysv/linux/fstatat64.c
fn=fstatat
91 6 0 0 0 0 0 0 0 0 0 0 0 0
146 6 0 0 0 0 0 0 0 0 0 0 0 0
160 4 1 1 0 0 0 2 0 0 0 0 0 0
161 11 0 0 2 0 0 0 0 0 3 3 0 0
162 1 0 0 1 0 0 0 0 0 0 0 0 0
fl=./io/../sysdeps/unix/sysv/linux/open64_nocancel.c
fn=__open_nocancel
28 48 1 1 0 0 0 24 1 1 0 0 0 0
31 84 0 0 0 0 0 0 0 0 24 0 0 0
39 102 1 1 0 0 0 6 0 0 12 4 0 0
41 24 0 0 24 0 0 0 0 0 0 0 0 0
fl=./io/../sysdeps/unix/sysv/linux/pread64_nocancel.c
fn=__pread64_nocancel
25 4 0 0 0 0 0 0 0 0 0 0 0 0
26 8 0 0 0 0 0 0 0 0 2 0 0 0
27 2 0 0 2 0 0 0 0 0 0 0 0 0
fl=./io/../sysdeps/unix/sysv/linux/read.c
fn=read
25 19 1 1 0 0 0 0 0 0 0 0 0 0
26 114 0 0 19 0 0 0 0 0 38 5 0 0
27 19 0 0 19 0 0 0 0 0 0 0 0 0
fl=./io/../sysdeps/unix/sysv/linux/read_nocancel.c
fn=__read_nocancel
25 5 1 1 0 0 0 0 0 0 0 0 0 0
26 20 0 0 0 0 0 0 0 0 5 0 0 0
27 5 0 0 5 0 0 0 0 0 0 0 0 0
fl=./io/../sysdeps/unix/sysv/linux/stat64.c
fn=stat
28 6 0 0 0 0 0 0 0 0 0 0 0 0
29 12 0 0 0 0 0 0 0 0 0 0 0 0
fl=./io/../sysdeps/unix/sysv/linux/write.c
fn=write
25 2672 75 1 0 0 0 0 0 0 0 0 0 0
26 16032 0 0 2672 0 0 0 0 0 5344 0 0 0
27 2672 0 0 2672 0 0 0 0 0 0 0 0 0
fl=./libio/../include/printf_buffer.h
fn=vsnprintf
124 13350 0 0 0 0 0 4450 12 0 0 0 0 0
127 4450 0 0 0 0 0 4450 0 0 0 0 0 0
128 4450 0 0 0 0 0 4450 5 0 0 0 0 0
137 8900 0 0 0 0 0 4450 0 0 0 0 0 0
fl=./libio/../include/sys/sysmacros.h
fn=_IO_file_doallocate
47 6 0 0 0 0 0 0 0 0 0 0 0 0
fl=./libio/./libio/filedoalloc.c
fn=_IO_file_doallocate
68 2 0 0 2 2 0 0 0 0 0 0 0 0
69 2 0 0 1 0 0 1 0 0 0 0 0 0
70 1 0 0 0 0 0 1 0 0 0 0 0 0
78 22 2 2 2 0 0 10 0 0 0 0 0 0
84 18 1 1 6 2 0 2 0 0 4 0 2 2
86 8 0 0 2 0 0 0 0 0 2 1 0 0
89 2 1 1 0 0 0 0 0 0 1 1 0 0
91 5 1 1 1 0 0 0 0 0 1 0 0 0
97 8 0 0 2 0 0 0 0 0 2 0 0 0
101 6 0 0 0 0 0 2 0 0 0 0 0 0
102 4 0 0 0 0 0 0 0 0 2 0 0 0
104 8 1 1 0 0 0 2 0 0 0 0 0 0
105 2 0 0 0 0 0 0 0 0 0 0 0 0
106 18 0 0 14 0 0 0 0 0 2 1 0 0
fl=./libio/./libio/fileops.c
fn=_IO_do_write@@GLIBC_2.2.5
424 32065 1 1 0 0 0 16032 0 0 0 0 0 0
426 18707 0 0 0 0 0 0 0 0 2673 7 0 0
427 21377 0 0 18705 0 0 0 0 0 0 0 0 0
434 5344 78 1 2672 0 0 0 0 0 2672 385 0 0
441 10688 0 0 5344 0 0 0 0 0 2672 4 0 0
444 2672 0 0 2672 0 0 0 0 0 0 0 0 0
449 13360 0 0 2672 155 0 2672 0 0 0 0 2672 1
450 13360 75 1 2672 0 0 0 0 0 2672 0 0 0
452 8016 0 0 2672 0 0 5344 0 0 0 0 0 0
453 5344 0 0 0 0 0 2672 0 0 0 0 0 0
454 2672 0 0 0 0 0 2672 0 0 0 0 0 0
455 8016 1 1 2672 0 0 0 0 0 2672 0 0 0
456 13360 0 0 5344 0 0 0 0 0 2672 2 0 0
fn=_IO_file_overflow@@GLIBC_2.2.5
732 5400 44 2 0 0 0 2700 0 0 0 0 0 0
733 2700 0 0 675 0 0 0 0 0 675 0 0 0
740 3373 0 0 675 0 0 0 0 0 1349 5 0 0
743 2 1 1 0 0 0 0 0 0 1 1 0 0
745 2 1 1 0 0 0 1 0 0 0 0 0 0
746 6 0 0 1 0 0 2 0 0 0 0 0 0
755 3 1 1 1 0 0 0 0 0 1 0 0 0
764 3 0 0 1 0 0 0 0 0 1 0 0 0
765 1 0 0 0 0 0 0 0 0 0 0 0 0
766 1 0 0 0 0 0 1 0 0 0 0 0 0
767 1 0 0 0 0 0 1 0 0 0 0 0 0
768 1 0 0 0 0 0 1 0 0 0 0 0 0
769 3 0 0 1 0 0 2 0 0 0 0 0 0
771 3 0 0 0 0 0 1 0 0 0 0 0 0
772 5 1 1 1 0 0 0 0 0 1 1 0 0
775 1350 1 1 0 0 0 0 0 0 675 3 0 0
776 1142 0 0 0 0 0 0 0 0 0 0 0 0
777 1245 0 0 674 0 0 0 0 0 0 0 0 0
778 208 0 0 104 0 0 0 0 0 104 2 0 0
779 832 108 1 104 0 0 104 0 0 208 4 0 0
781 520 1 0 104 0 0 208 0 0 0 0 0 0
782 312 0 0 104 0 0 0 0 0 104 0 0 0
783 416 0 0 0 0 0 0 0 0 104 0 0 0
787 104 0 0 0 0 0 0 0 0 0 0 0 0
788 3479 0 0 2804 0 0 0 0 0 0 0 0 0
fn=_IO_file_read
1131 19 19 1 0 0 0 0 0 0 0 0 0 0
1133 19 0 0 19 0 0 0 0 0 0 0 0 0
1134 57 13 0 19 0 0 0 0 0 19 0 0 0
fn=_IO_file_setbuf@@GLIBC_2.2.5
382 12 1 1 0 0 0 4 0 0 0 0 0 0
383 6 0 0 0 0 0 2 0 0 2 0 0 0
386 2 0 0 2 0 0 0 0 0 0 0 0 0
388 6 0 0 0 0 0 6 0 0 0 0 0 0
390 4 0 0 0 0 0 0 0 0 0 0 0 0
391 6 0 0 6 0 0 0 0 0 0 0 0 0
fn=_IO_file_stat
1147 2 1 1 0 0 0 0 0 0 0 0 0 0
1148 4 0 0 2 0 0 0 0 0 0 0 0 0
fn=_IO_file_sync@@GLIBC_2.2.5
793 14077 1 1 0 0 0 6033 0 0 0 0 0 0
798 8044 0 0 4022 1 1 0 0 0 2011 5 0 0
799 13986 1 1 1998 0 0 1998 0 0 3996 4 0 0
800 2011 1 1 2011 0 0 0 0 0 0 0 0 0
801 4022 0 0 2011 0 0 0 0 0 2011 6 0 0
812 4022 1 1 0 0 0 2011 0 0 0 0 0 0
816 10055 0 0 8044 0 0 0 0 0 0 0 0 0
fn=_IO_file_underflow@@GLIBC_2.2.5
462 190 1 1 0 0 0 114 0 0 0 0 0 0
466 57 0 0 19 0 0 0 0 0 19 7 0 0
467 2 0 0 0 0 0 0 0 0 0 0 0 0
469 38 0 0 0 0 0 0 0 0 19 0 0 0
475 57 0 0 38 0 0 0 0 0 19 0 0 0
478 38 1 1 19 0 0 0 0 0 19 1 0 0
481 3 1 1 1 0 0 0 0 0 1 1 0 0
486 2 1 1 0 0 0 1 0 0 0 0 0 0
490 40 0 0 1 0 0 0 0 0 19 2 0 0
506 38 0 0 0 0 0 19 0 0 0 0 0 0
512 114 1 1 19 0 0 57 0 0 0 0 0 0
517 95 0 0 57 0 0 19 0 0 0 0 19 1
519 38 0 0 0 0 0 0 0 0 19 1 0 0
522 7 0 0 1 0 0 1 0 0 0 0 0 0
526 18 0 0 18 0 0 0 0 0 0 0 0 0
532 1 1 1 0 0 0 1 0 0 0 0 0 0
535 54 0 0 18 0 0 0 0 0 18 2 0 0
537 36 1 1 36 17 0 0 0 0 0 0 0 0
538 152 0 0 133 0 0 0 0 0 0 0 0 0
fn=_IO_file_write@@GLIBC_2.2.5
1174 21376 668 1 0 0 0 13360 0 0 0 0 0 0
1175 5344 0 0 0 0 0 0 0 0 0 0 0 0
1176 16032 0 0 0 0 0 0 0 0 5344 2 0 0
1180 8016 1 1 2672 0 0 0 0 0 0 0 0 0
1181 8016 0 0 2672 0 0 2672 0 0 2672 241 0 0
1182 5344 0 0 0 0 0 0 0 0 2672 0 0 0
1187 2672 0 0 0 0 0 0 0 0 0 0 0 0
1188 2672 0 0 0 0 0 0 0 0 0 0 0 0
1190 8016 0 0 0 0 0 0 0 0 0 0 0 0
1191 8016 0 0 2672 0 0 0 0 0 2672 2 0 0
1194 16032 0 0 16032 0 0 0 0 0 0 0 0 0
fn=_IO_file_xsputn@@GLIBC_2.2.5
1198 9445068 1 1 0 0 0 6296712 0 0 0 0 0 0
1200 241 1 1 0 0 0 0 0 0 0 0 0 0
1204 4197808 1 1 0 0 0 0 0 0 1049452 1 0 0
1205 1049452 0 0 0 0 0 0 0 0 0 0 0 0
1211 4197808 0 0 1049452 0 0 0 0 0 1049452 0 0 0
1213 2098904 0 0 1049452 0 0 0 0 0 0 0 0 0
1228 3148356 0 0 1049452 0 0 0 0 0 1049452 241 0 0
1229 2098422 0 0 0 0 0 0 0 0 0 0 0 0
1234 2098422 0 0 0 0 0 0 0 0 0 0 0 0
1236 5246055 0 0 0 0 0 3147633 0 0 0 0 0 0
1237 1049211 0 0 0 0 0 0 0 0 0 0 0 0
1238 3147633 0 0 1049211 0 0 0 0 0 0 0 0 0
1240 2098422 0 0 0 0 0 0 0 0 1049211 396 0 0
1244 3426 1 0 1142 0 0 571 0 0 571 0 571 1
1250 1142 0 0 1142 0 0 0 0 0 0 0 0 0
1251 2855 10 1 0 0 0 0 0 0 571 0 0 0
1253 1713 0 0 0 0 0 0 0 0 571 0 0 0
1264 1142 0 0 0 0 0 0 0 0 571 2 0 0
1265 2284 0 0 0 0 0 571 0 0 0 0 0 0
1267 1713 0 0 0 0 0 0 0 0 0 0 0 0
1268 9445068 1 1 7346164 0 0 0 0 0 0 0 0 0
fl=./libio/./libio/genops.c
fn=_IO_cleanup
776 6 0 0 0 0 0 3 0 0 0 0 0 0
777 10 2 2 5 0 0 2 0 0 1 1 0 0
780 13 1 1 4 0 0 0 0 0 4 3 0 0
784 3 0 0 0 0 0 3 0 0 0 0 0 0
785 36 2 2 15 0 0 6 0 0 6 2 0 0
792 7 0 0 0 0 0 0 0 0 3 2 0 0
794 6 0 0 2 0 0 0 0 0 2 1 0 0
796 8 1 1 2 0 0 0 0 0 2 0 0 0
798 4 0 0 0 0 0 2 0 0 0 0 0 0
800 6 0 0 4 0 0 2 0 0 0 0 0 0
801 2 0 0 0 0 0 2 0 0 0 0 0 0
805 10 0 0 4 0 0 2 0 0 0 0 2 1
807 6 0 0 2 0 0 0 0 0 2 0 0 0
814 3 0 0 0 0 0 3 0 0 0 0 0 0
816 31 2 2 8 0 0 6 0 0 8 0 0 0
817 3 1 1 0 0 0 3 0 0 0 0 0 0
821 7 0 0 2 0 0 2 0 0 2 0 0 0
822 2 0 0 0 0 0 1 0 0 0 0 0 0
842 12 2 2 1 0 0 7 0 0 0 0 0 0
843 2 0 0 0 0 0 1 0 0 0 0 0 0
855 12 1 1 9 0 0 0 0 0 1 0 0 0
fn=_IO_default_setbuf
330 10 0 0 2 0 0 0 0 0 2 2 0 0
332 2 0 0 0 0 0 2 0 0 0 0 0 0
333 2 0 0 0 0 0 2 0 0 0 0 0 0
337 4 0 0 0 0 0 2 0 0 0 0 0 0
452 20 1 1 0 0 0 10 0 0 0 0 0 0
453 10 1 1 4 0 0 2 0 0 2 0 2 1
455 8 0 0 0 0 0 0 0 0 2 1 0 0
457 6 1 1 2 0 0 2 0 0 0 0 0 0
458 4 1 1 0 0 0 0 0 0 0 0 0 0
462 2 0 0 0 0 0 0 0 0 0 0 0 0
466 8 0 0 0 0 0 6 0 0 0 0 0 0
467 2 0 0 0 0 0 0 0 0 0 0 0 0
468 12 0 0 12 0 0 0 0 0 0 0 0 0
fn=_IO_default_uflow
361 114 2 1 0 0 0 57 0 0 0 0 0 0
362 57 0 0 38 0 0 19 0 0 0 0 19 1
363 38 0 0 0 0 0 0 0 0 19 0 0 0
365 72 0 0 36 0 0 18 0 0 0 0 0 0
366 76 0 0 76 0 0 0 0 0 0 0 0 0
fn=_IO_default_xsputn
371 6281 2 1 0 0 0 3997 0 0 0 0 0 0
373 1142 0 0 0 0 0 0 0 0 0 0 0 0
374 2284 0 0 0 0 0 0 0 0 571 2 0 0
375 571 2 1 571 0 0 0 0 0 0 0 0 0
379 2284 1 1 1142 0 0 0 0 0 571 0 0 0
381 571 0 0 0 0 0 0 0 0 0 0 0 0
382 1142 0 0 0 0 0 0 0 0 0 0 0 0
384 1142 0 0 0 0 0 0 0 0 571 3 0 0
389 2501 118 2 0 0 0 0 0 0 788 80 0 0
393 8178 1 1 0 0 0 0 0 0 2650 756 0 0
394 4592 108 1 2079 1 0 2079 0 0 0 0 0 0
395 2718 24 1 0 0 0 571 0 0 217 2 0 0
397 571 0 0 0 0 0 0 0 0 0 0 0 0
399 1142 0 0 0 0 0 0 0 0 571 102 0 0
404 4568 0 0 3997 0 0 0 0 0 0 0 0 0
fn=_IO_doallocbuf
343 16 1 1 0 0 0 8 0 0 0 0 0 0
344 4 0 0 2 0 0 0 0 0 2 2 0 0
346 6 0 0 2 0 0 0 0 0 2 1 0 0
347 10 1 1 4 1 0 2 0 0 2 2 2 1
350 12 1 1 10 0 0 0 0 0 0 0 0 0
fn=_IO_flush_all
686 12 1 1 1 0 0 7 0 0 0 0 0 0
687 3 1 1 0 0 0 0 0 0 0 0 0 0
691 6 1 1 0 0 0 3 0 0 0 0 0 0
692 9 2 2 4 1 1 2 0 0 1 1 0 0
695 12 0 0 4 1 0 0 0 0 4 2 0 0
697 3 1 1 0 0 0 3 0 0 0 0 0 0
698 36 1 1 15 2 0 6 0 0 6 4 0 0
700 21 2 2 9 2 0 0 0 0 6 3 0 0
708 33 2 2 12 0 0 6 0 0 9 2 0 0
709 3 0 0 0 0 0 3 0 0 0 0 0 0
713 7 2 2 2 0 0 2 0 0 2 1 0 0
714 2 0 0 0 0 0 1 0 0 0 0 0 0
718 12 0 0 9 0 0 0 0 0 1 0 0 0
fn=_IO_setb
329 22 2 2 0 0 0 10 0 0 0 0 0 0
330 8 0 0 4 0 0 0 0 0 2 2 0 0
332 2 0 0 0 0 0 2 0 0 0 0 0 0
333 2 0 0 0 0 0 2 0 0 0 0 0 0
335 12 0 0 0 0 0 2 0 0 0 0 0 0
338 12 0 0 12 0 0 0 0 0 0 0 0 0
fn=_IO_sputbackc
635 488089 233 1 0 0 0 209181 0 0 0 0 0 0
638 209181 0 0 139454 0 0 0 0 0 69727 0 0 0
639 139454 59 1 69727 0 0 0 0 0 69727 3 0 0
641 139454 80 1 0 0 0 69727 0 0 0 0 0 0
642 69727 0 0 0 0 0 0 0 0 0 0 0 0
647 69727 0 0 0 0 0 0 0 0 0 0 0 0
648 69727 0 0 69727 0 0 0 0 0 0 0 0 0
651 348635 0 0 278908 0 0 0 0 0 0 0 0 0
fn=_IO_switch_to_get_mode
164 114 12 1 0 0 0 57 0 0 0 0 0 0
165 57 0 0 38 0 0 0 0 0 19 3 0 0
168 57 3 1 19 0 0 0 0 0 19 0 0 0
172 38 0 0 19 0 0 19 0 0 0 0 0 0
173 38 0 0 19 0 0 0 0 0 19 3 0 0
176 19 0 0 0 0 0 19 0 0 0 0 0 0
178 38 1 1 0 0 0 38 0 0 0 0 0 0
180 38 0 0 0 0 0 19 0 0 0 0 0 0
181 19 0 0 0 0 0 0 0 0 0 0 0 0
182 76 0 0 76 0 0 0 0 0 0 0 0 0
fn=__overflow
199 520 1 1 0 0 0 208 0 0 0 0 0 0
201 312 0 0 104 0 0 0 0 0 104 7 0 0
203 312 1 1 208 0 0 0 0 0 0 0 104 1
204 208 0 0 208 0 0 0 0 0 0 0 0 0
fn=__uflow
173 19 0 0 19 0 0 0 0 0 0 0 0 0
299 114 13 1 0 0 0 57 0 0 0 0 0 0
300 94 12 0 19 19 0 1 0 0 37 5 0 0
305 57 0 0 19 0 0 0 0 0 19 0 0 0
308 57 13 1 19 0 0 0 0 0 19 0 0 0
310 38 0 0 0 0 0 0 0 0 19 0 0 0
316 38 0 0 19 0 0 0 0 0 19 3 0 0
321 57 1 1 19 19 1 0 0 0 19 3 0 0
323 76 0 0 38 1 0 0 0 0 0 0 19 1
324 57 0 0 57 0 0 0 0 0 0 0 0 0
fl=./libio/./libio/getc.c
fn=getc
34 976185 2 2 0 0 0 418365 0 0 0 0 0 0
37 278910 0 0 139455 383 0 0 0 0 139455 12 0 0
38 836692 1 1 418346 1649 63 139436 0 0 139455 184 0 0
43 697256 1 1 557801 0 0 0 0 0 0 0 0 0
fl=./libio/./libio/iofflush.c
fn=fflush
32 12054 27 2 0 0 0 6027 0 0 0 0 0 0
33 4018 0 0 0 0 0 0 0 0 2009 1 0 0
39 24108 737 4 10045 9 1 4018 0 0 4018 528 0 0
40 10045 0 0 4018 244 0 2009 0 0 0 0 2009 1
44 10045 0 0 8036 0 0 0 0 0 0 0 0 0
fl=./libio/./libio/iofwrite.c
fn=fwrite
31 9445068 1 1 0 0 0 6296712 0 0 0 0 0 0
32 2098904 0 0 0 0 0 0 0 0 0 0 0 0
35 6296712 0 0 0 0 0 0 0 0 1049452 61020 0 0
37 14692328 42 2 6296712 678 0 3148356 0 0 2098904 0 0 0
38 5247259 1 1 1049452 122 0 1 0 0 2098903 8 0 0
39 7346164 0 0 3148356 504 0 2098904 0 0 0 0 1049452 1
45 4197808 0 0 0 0 0 0 0 0 1049452 126 0 0
46 1049452 0 0 0 0 0 0 0 0 0 0 0 0
49 9445068 0 0 7346164 0 0 0 0 0 0 0 0 0
fl=./libio/./libio/ioungetc.c
fn=ungetc
31 627544 1 1 0 0 0 278908 0 0 0 0 0 0
34 139456 0 0 0 0 0 0 0 0 69728 1 0 0
35 1 1 1 0 0 0 0 0 0 0 0 0 0
36 139454 0 0 69727 0 0 0 0 0 69727 6 0 0
37 209181 0 0 0 0 0 0 0 0 0 0 0 0
42 348636 2 2 278909 0 0 0 0 0 0 0 0 0
fl=./libio/./libio/libioP.h
fn=_IO_cleanup
1025 5 1 1 0 0 0 0 0 0 0 0 0 0
1026 4 0 0 0 0 0 0 0 0 2 0 0 0
fn=_IO_default_setbuf
1025 6 0 0 0 0 0 0 0 0 0 0 0 0
1026 4 0 0 0 0 0 0 0 0 2 2 0 0
fn=_IO_default_uflow
1025 57 2 1 0 0 0 0 0 0 0 0 0 0
1026 38 0 0 0 0 0 0 0 0 19 1 0 0
fn=_IO_default_xsputn
1025 571 0 0 0 0 0 0 0 0 0 0 0 0
fn=_IO_do_write@@GLIBC_2.2.5
1025 8016 1 1 0 0 0 0 0 0 0 0 0 0
1026 5344 0 0 0 0 0 0 0 0 2672 2 0 0
fn=_IO_doallocbuf
1025 6 0 0 0 0 0 0 0 0 0 0 0 0
1026 4 0 0 0 0 0 0 0 0 2 1 0 0
fn=_IO_file_doallocate
1025 6 0 0 0 0 0 0 0 0 0 0 0 0
1026 4 0 0 0 0 0 0 0 0 2 0 0 0
fn=_IO_file_underflow@@GLIBC_2.2.5
1025 76 1 1 0 0 0 0 0 0 0 0 0 0
1026 38 0 0 0 0 0 0 0 0 19 0 0 0
fn=_IO_file_xsputn@@GLIBC_2.2.5
1025 1713 0 0 0 0 0 0 0 0 0 0 0 0
1026 1142 0 0 0 0 0 0 0 0 571 4 0 0
fn=_IO_flush_all
1025 2 0 0 0 0 0 0 0 0 0 0 0 0
fn=__overflow
1025 312 0 0 0 0 0 0 0 0 0 0 0 0
1026 208 0 0 0 0 0 0 0 0 104 0 0 0
fn=__uflow
1025 57 0 0 0 0 0 0 0 0 0 0 0 0
1026 38 0 0 0 0 0 0 0 0 19 0 0 0
fn=fflush
979 4018 0 0 2009 0 0 0 0 0 2009 0 0 0
980 16072 0 0 6027 0 0 4018 0 0 4018 0 0 0
1025 6027 0 0 0 0 0 0 0 0 0 0 0 0
1026 4018 0 0 0 0 0 0 0 0 2009 247 0 0
fn=fwrite
979 2098904 0 0 1049452 0 0 0 0 0 1049452 874 0 0
980 9445068 2 2 3148356 0 0 2098904 0 0 2098904 1126 0 0
1025 2098904 0 0 0 0 0 0 0 0 0 0 0 0
1026 2098904 1 1 0 0 0 0 0 0 1049452 0 0 0
fl=./libio/./libio/putc.c
fn=putc
25 1454868 2 2 0 0 0 646608 0 0 0 0 0 0
28 323304 0 0 161652 129 0 0 0 0 161652 92 0 0
29 1131564 25 1 323304 0 0 323096 594 1 161652 104 0 0
34 969808 1 1 808156 0 0 0 0 0 0 0 0 0
fl=./libio/./libio/vsnprintf.c
fn=vsnprintf
63 8900 0 0 0 0 0 0 0 0 4450 0 0 0
66 4450 0 0 0 0 0 4450 0 0 0 0 0 0
75 13350 0 0 8900 0 0 0 0 0 4450 0 0 0
76 4450 0 0 0 0 0 4450 0 0 0 0 0 0
87 8900 0 0 0 0 0 4450 0 0 0 0 0 0
96 17800 184 1 0 0 0 4450 0 0 0 0 0 0
102 48950 194 2 4450 0 0 13350 0 0 0 0 0 0
104 26700 8 1 22250 0 0 0 0 0 4450 0 0 0
fl=./libio/./libio/vtables.c
fn=check_stdfiles_vtables
545 1 1 1 0 0 0 0 0 0 0 0 0 0
546 4 0 0 2 2 0 0 0 0 1 1 0 0
547 3 1 1 2 1 0 0 0 0 1 0 0 0
548 3 0 0 2 1 0 0 0 0 1 0 0 0
550 1 0 0 1 0 0 0 0 0 0 0 0 0
fl=./locale/./locale/newlocale.c
fn=newlocale
43 15 2 2 1 0 0 8 0 0 0 0 0 0
55 2 0 0 0 0 0 0 0 0 1 1 0 0
56 1 0 0 0 0 0 1 0 0 0 0 0 0
63 2 1 1 0 0 0 0 0 0 1 0 0 0
66 3 0 0 0 0 0 0 0 0 1 0 0 0
73 4 2 2 2 0 0 0 0 0 2 1 0 0
75 1 0 0 0 0 0 0 0 0 0 0 0 0
277 12 1 1 9 0 0 0 0 0 1 0 0 0
fl=./locale/./locale/uselocale.c
fn=uselocale
30 8902 2 1 0 0 0 0 0 0 0 0 0 0
31 26706 2 1 17804 121 0 0 0 0 0 0 0 0
33 17804 0 0 0 0 0 0 0 0 8902 0 0 0
36 17804 0 0 0 0 0 0 0 0 0 0 0 0
37 8902 0 0 0 0 0 8902 0 0 0 0 0 0
65 26706 0 0 17804 192 0 8902 0 0 0 0 0 0
66 26706 0 0 17804 0 0 8902 0 0 0 0 0 0
68 26706 2 1 17804 113 0 8902 0 0 0 0 0 0
72 26706 0 0 0 0 0 0 0 0 0 0 0 0
73 8902 0 0 8902 0 0 0 0 0 0 0 0 0
fl=./malloc/../string/bits/string_fortified.h
fn=tcache_init.part.0
59 88 1 1 0 0 0 81 9 9 80 8 0 0
fl=./malloc/../sysdeps/unix/sysv/linux/not-cancel.h
fn=ptmalloc_init.part.0
97 6 1 1 0 0 0 0 0 0 0 0 0 0
fl=./malloc/./malloc/arena.c
fn=free
153 180165 0 0 0 0 0 0 0 0 60055 370 0 0
fn=malloc
153 14266 0 0 0 0 0 0 0 0 7133 37 0 0
264 1 1 1 0 0 0 1 0 0 0 0 0 0
fn=ptmalloc_init.part.0
262 8 1 1 1 0 0 4 0 0 0 0 0 0
267 1 0 0 0 0 0 1 0 0 0 0 0 0
292 2 1 1 1 1 0 0 0 0 1 1 0 0
296 3 0 0 1 1 0 1 1 0 0 0 0 0
300 4 0 0 0 0 0 1 0 0 0 0 0 0
301 4 1 1 0 0 0 1 0 0 0 0 0 0
302 4 0 0 0 0 0 1 0 0 0 0 0 0
303 4 0 0 0 0 0 1 0 0 0 0 0 0
304 4 1 1 0 0 0 1 0 0 0 0 0 0
305 4 0 0 0 0 0 1 0 0 0 0 0 0
306 4 0 0 0 0 0 1 0 0 0 0 0 0
308 4 1 1 0 0 0 1 0 0 0 0 0 0
309 4 0 0 0 0 0 1 0 0 0 0 0 0
310 4 0 0 0 0 0 1 0 0 0 0 0 0
313 4 0 0 0 0 0 1 0 0 0 0 0 0
314 4 1 1 0 0 0 1 0 0 0 0 0 0
316 2 0 0 1 1 1 0 0 0 1 0 0 0
326 8 0 0 6 0 0 0 0 0 1 0 0 0
fl=./malloc/./malloc/malloc.c
fn=_int_free
1792 9164 0 0 9164 2 0 0 0 0 0 0 0 0
1992 27141 13 1 9047 0 0 0 0 0 9047 0 0 0
3163 101782 1 1 50891 0 0 50891 0 0 0 0 0 0
3165 203564 0 0 50891 462 0 50891 0 0 0 0 0 0
3166 50891 0 0 0 0 0 50891 0 0 0 0 0 0
3167 101782 0 0 0 0 0 50891 0 0 0 0 0 0
4495 420385 1 1 0 0 0 240220 58 0 0 0 0 0
4499 180165 1 1 60055 0 0 0 0 0 0 0 0 0
4505 240220 0 0 0 0 0 0 0 0 60055 0 0 0
4506 120110 0 0 0 0 0 0 0 0 60055 0 0 0
4510 300275 0 0 0 0 0 0 0 0 60055 0 0 0
4517 120110 0 0 0 0 0 0 0 0 0 0 0 0
4518 360330 1 1 180165 135 0 0 0 0 120110 61 0 0
4521 59998 0 0 0 0 0 0 0 0 0 0 0 0
4527 179994 0 0 119996 1099 1 0 0 0 59998 0 0 0
4547 299990 1 1 119996 322 0 0 0 0 59998 2189 0 0
4550 50891 0 0 0 0 0 0 0 0 0 0 0 0
4561 18328 0 0 0 0 0 0 0 0 9164 68 0 0
4572 36188 0 0 9047 1704 0 0 0 0 9047 0 0 0
4574 27141 0 0 9047 14 0 0 0 0 9047 0 0 0
4593 9047 0 0 0 0 0 0 0 0 0 0 0 0
4595 9047 0 0 0 0 0 9047 1 0 0 0 0 0
4596 9047 0 0 0 0 0 0 0 0 0 0 0 0
4600 27141 0 0 9047 0 0 0 0 0 0 0 0 0
4602 18094 0 0 9047 0 0 0 0 0 9047 2 0 0
4606 18094 0 0 0 0 0 0 0 0 9047 197 0 0
4608 27141 0 0 0 0 0 9047 0 0 0 0 0 0
4609 9047 0 0 0 0 0 9047 0 0 0 0 0 0
4628 36188 0 0 0 0 0 0 0 0 9047 2 0 0
4637 234 0 0 117 0 0 0 0 0 117 2 0 0
4640 234 0 0 117 2 0 0 0 0 0 0 0 0
4643 234 2 1 0 0 0 0 0 0 117 0 0 0
4646 234 0 0 0 0 0 0 0 0 0 0 0 0
4658 360213 1 1 300158 0 0 0 0 0 0 0 0 0
fn=_int_free_maybe_consolidate
4770 1287 10 1 117 6 0 819 1 0 0 0 0 0
4776 234 0 0 0 0 0 0 0 0 117 14 0 0
4798 1287 2 1 1053 0 0 0 0 0 117 13 0 0
fn=_int_free_merge_chunk
1992 351 0 0 117 0 0 0 0 0 117 0 0 0
4665 936 2 1 0 0 0 702 0 0 0 0 0 0
4666 117 0 0 0 0 0 0 0 0 0 0 0 0
4670 702 0 0 117 8 0 0 0 0 117 0 0 0
4673 468 1 1 117 2 0 0 0 0 234 6 0 0
4675 351 2 1 117 8 0 0 0 0 0 0 0 0
4678 351 0 0 117 60 0 0 0 0 117 0 0 0
4681 234 0 0 0 0 0 0 0 0 0 0 0 0
4682 234 0 0 0 0 0 0 0 0 117 0 0 0
4683 234 0 0 117 2 0 0 0 0 117 0 0 0
4689 234 2 1 117 0 0 0 0 0 117 15 0 0
4691 12 0 0 12 0 0 0 0 0 0 0 0 0
4692 12 0 0 0 0 0 0 0 0 0 0 0 0
4693 12 0 0 0 0 0 0 0 0 0 0 0 0
4694 48 0 0 12 3 0 0 0 0 12 1 0 0
4696 24 0 0 0 0 0 12 0 0 0 0 0 0
4701 351 0 0 0 0 0 0 0 0 0 0 0 0
4702 819 0 0 702 0 0 0 0 0 0 0 0 0
4714 234 0 0 117 0 0 0 0 0 117 0 0 0
4720 234 0 0 117 47 0 0 0 0 117 7 0 0
4721 12 1 1 0 0 0 6 0 0 0 0 0 0
4722 12 0 0 0 0 0 0 0 0 0 0 0 0
4724 111 0 0 111 0 0 0 0 0 0 0 0 0
4732 117 0 0 0 0 0 0 0 0 0 0 0 0
4733 468 2 1 117 0 0 0 0 0 0 0 0 0
4734 234 0 0 117 5 0 0 0 0 117 0 0 0
4736 117 0 0 0 0 0 117 1 0 0 0 0 0
4738 234 0 0 0 0 0 0 0 0 117 18 0 0
4740 171 1 1 0 0 0 57 4 0 0 0 0 0
4743 117 0 0 0 0 0 117 0 0 0 0 0 0
4744 117 0 0 0 0 0 117 0 0 0 0 0 0
4746 351 0 0 0 0 0 117 0 0 0 0 0 0
4747 117 1 0 0 0 0 117 0 0 0 0 0 0
fn=_int_malloc
1326 14268 0 0 0 0 0 0 0 0 7134 0 0 0
1345 42804 0 0 0 0 0 0 0 0 7134 5 0 0
1794 4864 1 1 4864 0 0 0 0 0 0 0 0 0
1985 2280 0 0 760 0 0 0 0 0 760 39 0 0
2008 20 1 1 5 0 0 0 0 0 5 1 0 0
2017 2 1 1 2 0 0 0 0 0 0 0 0 0
2552 24 1 1 8 4 0 8 0 0 0 0 0 0
2553 4 1 1 0 0 0 4 0 0 0 0 0 0
2564 8 1 1 4 3 0 0 0 0 4 2 0 0
2589 16 0 0 4 0 0 4 0 0 0 0 0 0
2590 8 0 0 0 0 0 4 0 0 0 0 0 0
2599 40 1 1 9 0 0 0 0 0 10 2 0 0
2605 9 0 0 6 0 0 0 0 0 3 0 0 0
2608 12 1 1 0 0 0 0 0 0 4 3 0 0
2669 12 1 1 4 0 0 4 0 0 0 0 0 0
2677 8 0 0 4 0 0 0 0 0 4 0 0 0
2678 12 0 0 4 0 0 4 0 0 0 0 0 0
2691 12 1 1 4 0 0 0 0 0 4 0 0 0
2693 4 0 0 4 0 0 0 0 0 0 0 0 0
2699 20 0 0 4 0 0 4 0 0 0 0 0 0
2707 8 0 0 0 0 0 0 0 0 4 3 0 0
2709 16 2 2 0 0 0 8 0 0 0 0 0 0
2710 12 0 0 4 0 0 0 0 0 4 0 0 0
2711 4 0 0 0 0 0 0 0 0 0 0 0 0
2712 4 0 0 0 0 0 0 0 0 0 0 0 0
2715 8 0 0 0 0 0 0 0 0 4 0 0 0
2744 24 1 1 10 1 1 0 0 0 4 2 0 0
2745 1 1 1 0 0 0 1 0 0 0 0 0 0
2746 8 0 0 0 0 0 4 0 0 0 0 0 0
2752 32 0 0 4 0 0 0 0 0 7 0 0 0
2753 18 0 0 3 0 0 3 0 0 0 0 0 0
2755 4 1 1 2 0 0 0 0 0 2 2 0 0
2782 2 0 0 0 0 0 0 0 0 0 0 0 0
2783 1 0 0 0 0 0 0 0 0 0 0 0 0
2795 3 1 1 0 0 0 0 0 0 1 1 0 0
2814 2 0 0 1 0 0 0 0 0 0 0 0 0
2817 2 0 0 0 0 0 0 0 0 0 0 0 0
2818 6 1 1 1 0 0 0 0 0 0 0 0 0
2820 1 0 0 0 0 0 0 0 0 1 0 0 0
2821 6 0 0 0 0 0 4 0 0 0 0 0 0
2833 5 0 0 3 0 0 0 0 0 1 0 0 0
2873 1 0 0 0 0 0 0 0 0 0 0 0 0
2875 1 0 0 0 0 0 1 0 0 0 0 0 0
2876 5 0 0 0 0 0 1 1 1 0 0 0 0
2877 1 0 0 1 0 0 0 0 0 0 0 0 0
2888 3 1 1 1 0 0 0 0 0 1 1 0 0
2921 12 1 1 8 0 0 0 0 0 4 2 0 0
2922 4 0 0 0 0 0 4 0 0 0 0 0 0
2926 4 0 0 4 0 0 0 0 0 0 0 0 0
2930 20 1 1 8 0 0 0 0 0 4 0 0 0
2932 4 0 0 0 0 0 0 0 0 0 0 0 0
2933 4 0 0 0 0 0 0 0 0 0 0 0 0
2934 4 0 0 0 0 0 4 0 0 0 0 0 0
2935 28 0 0 0 0 0 4 0 0 0 0 0 0
2936 8 0 0 0 0 0 4 4 4 0 0 0 0
2938 4 0 0 0 0 0 0 0 0 0 0 0 0
3159 958 1 1 0 0 0 479 0 0 0 0 0 0
3163 4784 2 1 2392 2 0 2392 0 0 0 0 0 0
3165 7970 0 0 2720 0 0 3048 0 0 0 0 0 0
3166 3199 1 1 807 0 0 2392 0 0 0 0 0 0
3167 4784 0 0 0 0 0 2392 0 0 0 0 0 0
3168 958 0 0 0 0 0 0 0 0 0 0 0 0
3178 236 0 0 236 0 0 0 0 0 0 0 0 0
3182 472 0 0 0 0 0 0 0 0 236 0 0 0
3186 944 1 1 236 0 0 236 0 0 0 0 0 0
3190 472 0 0 472 0 0 0 0 0 0 0 0 0
3191 472 0 0 0 0 0 236 0 0 0 0 0 0
3199 236 1 1 236 0 0 0 0 0 0 0 0 0
3846 78474 41 2 7134 0 0 49938 45 0 0 0 0 0
3882 1 0 0 0 0 0 0 0 0 0 0 0 0
3887 14268 45 1 0 0 0 0 0 0 7134 13 0 0
3914 21078 0 0 2270 0 0 0 0 0 7134 167 0 0
3916 18656 0 0 0 0 0 0 0 0 0 0 0 0
3917 260 0 0 0 0 0 0 0 0 0 0 0 0
3919 9204 0 0 6934 29 0 0 0 0 0 0 0 0
3921 13868 0 0 0 0 0 0 0 0 6934 274 0 0
3923 520 0 0 0 0 0 0 0 0 260 1 0 0
3926 520 1 1 260 0 0 0 0 0 260 21 0 0
3927 1300 0 0 260 39 0 260 0 0 0 0 0 0
3930 20022 2 2 0 0 0 0 0 0 0 0 0 0
3932 520 0 0 260 8 0 0 0 0 0 0 0 0
3933 520 0 0 0 0 0 0 0 0 260 0 0 0
3939 520 0 0 0 0 0 0 0 0 0 0 0 0
3940 1560 1 1 780 0 0 0 0 0 520 0 0 0
3945 2365 0 0 520 0 0 0 0 0 0 0 0 0
3946 8577 1 1 1629 0 0 0 0 0 3474 264 0 0
3948 3170 0 0 0 0 0 0 0 0 1585 0 0 0
3950 3170 0 0 1585 0 0 0 0 0 1585 6 0 0
3951 9510 0 0 1585 587 0 1585 0 0 0 0 0 0
3977 400 1 1 0 0 0 0 0 0 200 9 0 0
3979 10138 0 0 0 0 0 0 0 0 0 0 0 0
3980 13618 220 1 0 0 0 0 0 0 0 0 0 0
3982 20427 0 0 6809 110 0 0 0 0 6809 79 0 0
3984 89 0 0 89 3 0 0 0 0 0 0 0 0
3985 178 0 0 89 1 0 0 0 0 89 0 0 0
3987 89 0 0 89 0 0 0 0 0 0 0 0 0
3988 89 0 0 0 0 0 89 0 0 0 0 0 0
3989 89 0 0 0 0 0 89 0 0 0 0 0 0
3991 267 1 1 0 0 0 0 0 0 89 3 0 0
3997 178 0 0 0 0 0 0 0 0 0 0 0 0
3998 534 1 1 267 0 0 0 0 0 178 0 0 0
4003 1882 0 0 178 0 0 0 0 0 479 60 0 0
4004 1016 0 0 0 0 0 0 0 0 508 31 0 0
4006 958 0 0 0 0 0 0 0 0 479 13 0 0
4008 479 0 0 479 0 0 0 0 0 0 0 0 0
4009 479 0 0 479 4 0 0 0 0 0 0 0 0
4010 958 0 0 0 0 0 0 0 0 479 2 0 0
4012 479 0 0 0 0 0 479 0 0 0 0 0 0
4013 479 0 0 0 0 0 479 5 0 0 0 0 0
4020 89 0 0 0 0 0 0 0 0 0 0 0 0
4039 510 1 1 0 0 0 0 0 0 102 53 0 0
4040 195 0 0 65 3 0 0 0 0 65 25 0 0
4041 126 0 0 0 0 0 42 0 0 0 0 0 0
4058 20353 27 0 6784 0 0 0 0 0 0 0 0 0
4059 20355 0 0 0 0 0 6785 31 0 0 0 0 0
4060 20355 34 1 13570 0 0 0 0 0 6785 1 0 0
4069 3750 0 0 0 0 0 1875 0 0 0 0 0 0
4070 37998 35 2 7766 41 0 6785 0 0 8094 532 0 0
4072 2811 0 0 2811 3 0 0 0 0 0 0 0 0
4073 5622 0 0 2811 17 0 0 0 0 0 0 0 0
4074 2811 0 0 0 0 0 0 0 0 0 0 0 0
4076 5622 0 0 0 0 0 0 0 0 2811 2 0 0
4077 8433 2 1 2811 3 0 0 0 0 2811 2 0 0
4079 2811 0 0 2811 19 0 0 0 0 0 0 0 0
4080 11244 0 0 0 0 0 0 0 0 2811 0 0 0
4082 11244 0 0 2811 0 0 0 0 0 2811 0 0 0
4084 5622 2 1 2811 0 0 0 0 0 2811 14 0 0
4085 5622 0 0 2811 0 0 0 0 0 2811 0 0 0
4087 5622 0 0 0 0 0 0 0 0 2811 0 0 0
4098 11244 0 0 0 0 0 0 0 0 2811 123 0 0
4099 3640 1 1 1820 0 0 0 0 0 1820 38 0 0
4100 3570 0 0 0 0 0 0 0 0 1785 147 0 0
4101 1785 0 0 0 0 0 0 0 0 0 0 0 0
4104 1490 0 0 0 0 0 0 0 0 0 0 0 0
4105 1490 42 1 0 0 0 0 0 0 0 0 0 0
4106 1490 0 0 0 0 0 1490 0 0 0 0 0 0
4107 4470 0 0 0 0 0 1490 0 0 0 0 0 0
4108 4470 46 1 0 0 0 1490 519 0 0 0 0 0
4109 2980 0 0 0 0 0 0 0 0 1490 91 0 0
4111 1486 0 0 0 0 0 743 131 0 0 0 0 0
4115 11920 0 0 0 0 0 1490 0 0 0 0 0 0
4117 4470 0 0 0 0 0 1490 13 0 0 0 0 0
4118 1490 0 0 0 0 0 1490 0 0 0 0 0 0
4121 1833 0 0 0 0 0 0 0 0 0 0 0 0
4122 4470 0 0 0 0 0 1490 19 0 0 0 0 0
4123 1490 0 0 0 0 0 0 0 0 0 0 0 0
4127 1321 0 0 0 0 0 1321 0 0 0 0 0 0
4128 1321 0 0 0 0 0 1321 0 0 0 0 0 0
4132 2642 0 0 0 0 0 0 0 0 1321 89 0 0
4134 686 0 0 0 0 0 343 0 0 0 0 0 0
4135 1029 0 0 0 0 0 0 0 0 343 3 0 0
4140 686 0 0 0 0 0 0 0 0 343 10 0 0
4141 2045 0 0 1356 0 0 0 0 0 339 15 0 0
4144 196 0 0 0 0 0 0 0 0 0 0 0 0
4161 1983 5 2 0 0 0 0 0 0 978 64 0 0
4163 1860 1 0 0 0 0 930 0 0 0 0 0 0
4164 3720 0 0 0 0 0 0 0 0 0 0 0 0
4165 930 0 0 930 43 0 0 0 0 0 0 0 0
4169 536 7 2 0 0 0 48 0 0 73 20 0 0
4170 143 8 1 0 0 0 0 0 0 0 0 0 0
4171 48 0 0 48 38 0 0 0 0 0 0 0 0
4174 96 0 0 0 0 0 0 0 0 48 11 0 0
4177 1 0 0 0 0 0 0 0 0 0 0 0 0
4179 4 0 0 2 0 0 0 0 0 1 0 0 0
4180 2 0 0 0 0 0 0 0 0 1 0 0 0
4186 4 1 1 0 0 0 1 0 0 0 0 0 0
4187 1 0 0 1 0 0 0 0 0 0 0 0 0
4188 3 0 0 0 0 0 2 0 0 0 0 0 0
4218 188 0 0 0 0 0 47 0 0 0 0 0 0
4221 6846 4 2 1956 15 0 0 0 0 0 0 0 0
4222 978 0 0 0 0 0 978 0 0 0 0 0 0
4223 978 0 0 0 0 0 978 0 0 0 0 0 0
4224 978 0 0 0 0 0 978 2 0 0 0 0 0
4225 978 0 0 0 0 0 978 0 0 0 0 0 0
4230 1956 0 0 1956 0 0 0 0 0 0 0 0 0
4231 1956 0 0 0 0 0 0 0 0 978 42 0 0
4232 19 0 0 19 6 0 0 0 0 0 0 0 0
4233 76 0 0 0 0 0 0 0 0 19 5 0 0
4240 3912 15 2 1956 0 0 0 0 0 978 9 0 0
4246 280 0 0 0 0 0 0 0 0 140 3 0 0
4248 236 0 0 0 0 0 0 0 0 0 0 0 0
4257 15138 24 1 0 0 0 0 0 0 5046 66 0 0
4259 244 0 0 0 0 0 0 0 0 0 0 0 0
4262 183 0 0 61 42 0 0 0 0 61 12 0 0
4263 5050 63 1 4 0 0 0 0 0 4 2 0 0
4266 4 0 0 4 0 0 0 0 0 0 0 0 0
4267 24 0 0 4 0 0 0 0 0 4 0 0 0
4273 8 1 1 4 0 0 0 0 0 4 2 0 0
4278 12 0 0 0 0 0 4 0 0 0 0 0 0
4279 12 0 0 0 0 0 8 2 0 0 0 0 0
4282 16 0 0 8 0 0 0 0 0 4 1 0 0
4284 1 0 0 1 0 0 0 0 0 0 0 0 0
4285 3 1 1 0 0 0 0 0 0 1 1 0 0
4291 3 0 0 0 0 0 0 0 0 0 0 0 0
4295 12 1 1 3 0 0 0 0 0 0 0 0 0
4296 6 0 0 3 0 0 0 0 0 3 0 0 0
4299 3 0 0 0 0 0 3 0 0 0 0 0 0
4300 3 0 0 0 0 0 3 0 0 0 0 0 0
4301 3 0 0 0 0 0 3 0 0 0 0 0 0
4302 6 0 0 0 0 0 0 0 0 3 2 0 0
4304 2 0 0 0 0 0 1 0 0 0 0 0 0
4307 24 1 1 0 0 0 3 0 0 0 0 0 0
4309 9 0 0 0 0 0 3 0 0 0 0 0 0
4310 3 0 0 0 0 0 3 0 0 0 0 0 0
4313 5 0 0 0 0 0 0 0 0 0 0 0 0
4330 5043 0 0 0 0 0 0 0 0 0 0 0 0
4331 10086 0 0 0 0 0 0 0 0 0 0 0 0
4332 10086 0 0 0 0 0 0 0 0 0 0 0 0
4333 10086 0 0 5043 49 0 0 0 0 0 0 0 0
4334 30255 0 0 0 0 0 0 0 0 0 0 0 0
4339 20519 24 1 0 0 0 0 0 0 5208 228 0 0
4343 51153 3 2 0 0 0 0 0 0 18546 179 0 0
4346 55596 90 1 13899 0 0 0 0 0 13899 157 0 0
4348 332 0 0 0 0 0 0 0 0 0 0 0 0
4349 166 0 0 0 0 0 0 0 0 0 0 0 0
4353 4352 0 0 0 0 0 0 0 0 2176 328 0 0
4355 1615 0 0 0 0 0 0 0 0 0 0 0 0
4357 3230 0 0 0 0 0 0 0 0 1615 8 0 0
4361 561 0 0 561 46 0 0 0 0 0 0 0 0
4364 1122 0 0 0 0 0 0 0 0 561 164 0 0
4366 825 5 0 0 0 0 165 0 0 0 0 0 0
4367 165 0 0 0 0 0 0 0 0 0 0 0 0
4368 165 0 0 0 0 0 0 0 0 0 0 0 0
4373 1584 1 0 396 32 0 0 0 0 0 0 0 0
4376 810 1 1 6 0 0 0 0 0 396 44 0 0
4378 1188 8 1 0 0 0 396 0 0 0 0 0 0
4381 1188 0 0 0 0 0 792 11 0 0 0 0 0
4384 1584 0 0 792 0 0 0 0 0 396 73 0 0
4386 69 0 0 69 0 0 0 0 0 0 0 0 0
4387 207 11 1 0 0 0 0 0 0 69 2 0 0
4394 327 0 0 0 0 0 0 0 0 0 0 0 0
4399 1308 0 0 327 0 0 0 0 0 0 0 0 0
4400 654 2 1 327 0 0 0 0 0 327 0 0 0
4403 327 0 0 0 0 0 327 16 0 0 0 0 0
4404 327 0 0 0 0 0 327 0 0 0 0 0 0
4405 327 0 0 0 0 0 327 0 0 0 0 0 0
4408 654 0 0 0 0 0 0 0 0 327 14 0 0
4409 314 0 0 0 0 0 314 0 0 0 0 0 0
4410 654 0 0 0 0 0 0 0 0 327 13 0 0
4412 64 0 0 0 0 0 32 3 0 0 0 0 0
4415 2616 2 1 0 0 0 327 0 0 0 0 0 0
4417 981 0 0 0 0 0 327 0 0 0 0 0 0
4418 327 0 0 0 0 0 327 0 0 0 0 0 0
4421 396 0 0 0 0 0 0 0 0 0 0 0 0
4443 4647 20 1 4647 0 0 0 0 0 0 0 0 0
4444 9294 0 0 4647 41 0 0 0 0 0 0 0 0
4446 9294 0 0 4647 34 0 0 0 0 4647 0 0 0
4449 13941 0 0 0 0 0 0 0 0 4647 49 0 0
4451 4640 0 0 0 0 0 0 0 0 0 0 0 0
4452 9280 0 0 0 0 0 0 0 0 0 0 0 0
4453 4640 0 0 0 0 0 4640 0 0 0 0 0 0
4454 37120 28 1 0 0 0 4640 0 0 0 0 0 0
4456 9280 0 0 0 0 0 4640 2788 2788 0 0 0 0
4459 9288 0 0 0 0 0 0 0 0 0 0 0 0
4460 13944 1 1 0 0 0 4648 49 0 0 0 0 0
4461 4648 0 0 0 0 0 0 0 0 0 0 0 0
4466 28 0 0 7 0 0 7 0 0 7 4 0 0
4468 6 2 1 0 0 0 3 0 0 0 0 0 0
4470 9 0 0 3 0 0 0 0 0 3 0 0 0
4471 6 0 0 0 0 0 0 0 0 0 0 0 0
4482 4 0 0 0 0 0 0 0 0 0 0 0 0
4487 85608 44 2 64206 0 0 0 0 0 7134 5 0 0
fn=alloc_perturb
1985 18414 30 1 6138 0 0 0 0 0 6138 0 0 0
1987 6138 0 0 6138 0 0 0 0 0 0 0 0 0
fn=free
3359 441259 1 1 0 0 0 240220 0 0 0 0 0 0
3363 161858 0 0 0 0 0 0 0 0 80929 3768 0 0
3371 120110 0 0 120110 304 0 0 0 0 0 0 0 0
3373 60055 0 0 0 0 0 0 0 0 0 0 0 0
3375 180165 1 1 60055 6083 0 0 0 0 60055 2 0 0
3392 180165 0 0 120110 220 0 0 0 0 60055 1593 0 0
3398 180165 1 1 0 0 0 60055 4 0 0 0 0 0
3401 60055 0 0 0 0 0 60055 0 0 0 0 0 0
3402 381204 1 1 321149 0 0 0 0 0 0 0 0 0
fn=malloc
1326 120116 0 0 0 0 0 0 0 0 60058 1109 0 0
1345 272655 0 0 0 0 0 0 0 0 60058 8086 0 0
3178 105850 0 0 52925 1630 0 0 0 0 0 0 0 0
3182 105850 0 0 0 0 0 0 0 0 52925 0 0 0
3186 211700 0 0 52925 6649 0 52925 0 0 0 0 0 0
3190 105850 0 0 0 0 0 52925 0 0 0 0 0 0
3191 52925 0 0 0 0 0 52925 0 0 0 0 0 0
3248 4 1 1 2 0 0 1 0 0 1 0 0 0
3294 480464 2 2 0 0 0 240232 341 0 0 0 0 0
3301 120116 0 0 60058 330 1 0 0 0 60058 9456 0 0
3311 64846 0 0 0 0 0 0 0 0 0 0 0 0
3313 240232 1 1 120116 0 0 0 0 0 60058 4 0 0
3316 120116 0 0 60058 0 0 0 0 0 60058 237 0 0
3318 179994 1 1 59998 375 0 0 0 0 59998 3673 0 0
3326 14266 0 0 7133 1 0 0 0 0 7133 29 0 0
3328 28532 22 1 0 0 0 7133 26 0 0 0 0 0
3329 35665 0 0 7133 0 0 0 0 0 7133 29 0 0
3354 360348 34 1 300290 0 0 0 0 0 0 0 0 0
fn=malloc_consolidate
4811 405 5 2 0 0 0 270 0 0 0 0 0 0
4826 45 0 0 0 0 0 45 0 0 0 0 0 0
4828 90 0 0 0 0 0 45 0 0 0 0 0 0
4839 45 0 0 0 0 0 0 0 0 0 0 0 0
4841 900 0 0 900 0 0 0 0 0 450 0 0 0
4842 900 0 0 0 0 0 0 0 0 450 34 0 0
4845 3606 3 1 0 0 0 0 0 0 1803 14 0 0
4849 5409 0 0 1803 115 0 0 0 0 0 0 0 0
4850 7212 0 0 0 0 0 0 0 0 1803 0 0 0
4855 9015 2 1 1803 19 0 0 0 0 0 0 0 0
4858 3606 0 0 0 0 0 0 0 0 0 0 0 0
4859 1803 0 0 0 0 0 0 0 0 0 0 0 0
4860 5409 0 0 1803 24 0 0 0 0 0 0 0 0
4862 3606 0 0 0 0 0 0 0 0 1803 74 0 0
4863 60 0 0 60 0 0 0 0 0 0 0 0 0
4864 60 0 0 0 0 0 0 0 0 0 0 0 0
4865 60 0 0 0 0 0 0 0 0 0 0 0 0
4866 240 0 0 60 0 0 0 0 0 60 1 0 0
4868 720 0 0 300 0 0 360 0 0 0 0 0 0
4871 3606 6 1 1803 0 0 0 0 0 1803 13 0 0
4874 3606 3 1 1803 409 0 0 0 0 1803 177 0 0
4875 794 1 1 0 0 0 0 0 0 0 0 0 0
4876 6352 0 0 2382 0 0 2382 0 0 0 0 0 0
4878 2018 0 0 0 0 0 1009 0 0 0 0 0 0
4880 1803 0 0 1803 0 0 0 0 0 0 0 0 0
4881 3606 0 0 0 0 0 1803 0 0 0 0 0 0
4882 3606 0 0 1803 0 0 1803 0 0 0 0 0 0
4884 3606 0 0 0 0 0 0 0 0 1803 13 0 0
4885 422 0 0 0 0 0 211 0 0 0 0 0 0
4889 5409 0 0 0 0 0 1803 0 0 0 0 0 0
4891 1803 0 0 0 0 0 1803 0 0 0 0 0 0
4892 3391 0 0 0 0 0 2597 0 0 0 0 0 0
4901 5374 0 0 0 0 0 0 0 0 1803 41 0 0
4904 1350 0 0 450 0 0 0 0 0 450 66 0 0
4905 360 0 0 315 0 0 0 0 0 0 0 0 0
fn=ptmalloc_init.part.0
1946 385 1 1 0 0 0 0 0 0 127 7 0 0
1949 381 0 0 0 0 0 127 33 32 0 0 0 0
1957 1 0 0 0 0 0 1 0 0 0 0 0 0
1958 1 0 0 0 0 0 1 1 1 0 0 0 0
1960 1 0 0 0 0 0 1 0 0 0 0 0 0
3143 2 0 0 0 0 0 0 0 0 1 1 0 0
fn=tcache_init.part.0
3242 4 1 1 0 0 0 2 0 0 0 0 0 0
3251 8 0 0 3 0 0 0 0 0 2 0 0 0
3252 3 1 1 0 0 0 1 0 0 0 0 0 0
3253 2 0 0 0 0 0 0 0 0 1 1 0 0
3261 4 0 0 2 0 0 0 0 0 2 0 0 0
3270 2 0 0 1 0 0 1 0 0 0 0 0 0
3274 3 0 0 3 0 0 0 0 0 0 0 0 0
fn=unlink_chunk.isra.0
1608 2544 13 1 0 0 0 1272 0 0 0 0 0 0
1610 6360 0 0 2544 34 0 0 0 0 1272 2 0 0
1613 2544 0 0 2544 5 0 0 0 0 0 0 0 0
1614 2544 0 0 1272 0 0 0 0 0 0 0 0 0
1616 5088 18 1 2544 42 0 0 0 0 2544 4 0 0
1619 1272 0 0 0 0 0 1272 0 0 0 0 0 0
1620 1272 0 0 0 0 0 1272 0 0 0 0 0 0
1621 3321 0 0 259 3 0 0 0 0 1531 133 0 0
1623 96 0 0 48 0 0 0 0 0 48 2 0 0
1624 144 0 0 96 0 0 0 0 0 48 0 0 0
1627 96 0 0 48 2 0 0 0 0 48 2 0 0
1641 48 0 0 0 0 0 48 0 0 0 0 0 0
1642 48 1 1 0 0 0 48 0 0 0 0 0 0
1645 2544 14 0 2544 0 0 0 0 0 0 0 0 0
fl=./malloc/./malloc/morecore.c
fn=__glibc_morecore
25 15 1 1 0 0 0 5 0 0 0 0 0 0
26 10 0 0 5 0 0 0 0 0 5 0 0 0
29 5 0 0 0 0 0 5 0 0 0 0 0 0
30 10 0 0 0 0 0 0 0 0 5 0 0 0
34 10 0 0 10 0 0 0 0 0 0 0 0 0
fl=./malloc/./malloc/scratch_buffer_set_array_size.c
fn=__libc_scratch_buffer_set_array_size
30 65 1 1 0 0 0 20 0 0 0 0 0 0
34 5 0 0 0 0 0 0 0 0 0 0 0 0
35 10 0 0 0 0 0 0 0 0 5 2 0 0
45 10 0 0 5 0 0 0 0 0 5 2 0 0
46 5 0 0 0 0 0 0 0 0 0 0 0 0
63 30 1 1 25 0 0 0 0 0 0 0 0 0
fl=./math/../sysdeps/x86_64/fpu/multiarch/e_asin.c
fn=__acos_finite@GLIBC_2.15
35 1 1 1 0 0 0 0 0 0 0 0 0 0
fn=__asin_finite@GLIBC_2.15
27 2 1 1 1 0 0 0 0 0 0 0 0 0
fl=./math/../sysdeps/x86_64/fpu/multiarch/e_atan2.c
fn=__atan2_finite@GLIBC_2.15
26 2 1 1 1 0 0 0 0 0 0 0 0 0
fl=./math/../sysdeps/x86_64/fpu/multiarch/e_exp.c
fn=__exp_finite@GLIBC_2.15
27 2 2 2 1 0 0 0 0 0 0 0 0 0
fl=./math/../sysdeps/x86_64/fpu/multiarch/e_exp2f.c
fn=exp2f@@GLIBC_2.27
27 2 1 1 1 0 0 0 0 0 0 0 0 0
fl=./math/../sysdeps/x86_64/fpu/multiarch/e_expf.c
fn=expf@@GLIBC_2.27
27 2 1 1 1 0 0 0 0 0 0 0 0 0
fl=./math/../sysdeps/x86_64/fpu/multiarch/e_log.c
fn=__log_finite@GLIBC_2.15
27 2 2 2 1 0 0 0 0 0 0 0 0 0
fl=./math/../sysdeps/x86_64/fpu/multiarch/e_log2.c
fn=log2@@GLIBC_2.29
27 2 1 1 1 0 0 0 0 0 0 0 0 0
fl=./math/../sysdeps/x86_64/fpu/multiarch/e_log2f.c
fn=log2f@@GLIBC_2.27
27 2 1 1 1 0 0 0 0 0 0 0 0 0
fl=./math/../sysdeps/x86_64/fpu/multiarch/e_logf.c
fn=logf@@GLIBC_2.27
27 2 1 1 1 0 0 0 0 0 0 0 0 0
fl=./math/../sysdeps/x86_64/fpu/multiarch/e_pow.c
fn=__pow_finite@GLIBC_2.15
27 2 1 1 1 0 0 0 0 0 0 0 0 0
fl=./math/../sysdeps/x86_64/fpu/multiarch/e_powf.c
fn=powf@@GLIBC_2.27
30 1 1 1 0 0 0 0 0 0 0 0 0 0
fl=./math/../sysdeps/x86_64/fpu/multiarch/ifunc-avx-fma4.h
fn=__atan2_finite@GLIBC_2.15
32 5 0 0 2 0 0 0 0 0 1 0 0 0
33 2 1 1 1 0 0 0 0 0 1 1 0 0
fn=__exp_finite@GLIBC_2.15
32 5 0 0 2 0 0 0 0 0 1 0 0 0
33 2 0 0 1 0 0 0 0 0 1 1 0 0
fn=__log_finite@GLIBC_2.15
32 5 0 0 2 0 0 0 0 0 1 0 0 0
33 2 0 0 1 0 0 0 0 0 1 1 0 0
fn=cos
32 5 1 1 2 0 0 0 0 0 1 0 0 0
33 2 0 0 1 0 0 0 0 0 1 1 0 0
fn=sin
32 5 0 0 2 0 0 0 0 0 1 0 0 0
33 2 0 0 1 0 0 0 0 0 1 1 0 0
fl=./math/../sysdeps/x86_64/fpu/multiarch/ifunc-fma.h
fn=__log1p
29 4 0 0 2 0 0 0 0 0 1 0 0 0
30 3 0 0 1 0 0 0 0 0 0 0 0 0
fn=cosf
29 4 0 0 2 0 0 0 0 0 1 0 0 0
30 3 0 0 1 0 0 0 0 0 0 0 0 0
fn=exp2f@@GLIBC_2.27
29 4 0 0 2 0 0 0 0 0 1 0 0 0
30 3 0 0 1 0 0 0 0 0 0 0 0 0
fn=expf@@GLIBC_2.27
29 4 1 1 2 0 0 0 0 0 1 0 0 0
30 3 0 0 1 0 0 0 0 0 0 0 0 0
fn=expm1
29 4 0 0 2 0 0 0 0 0 1 0 0 0
30 3 1 1 1 0 0 0 0 0 0 0 0 0
fn=log2@@GLIBC_2.29
29 4 0 0 2 0 0 0 0 0 1 0 0 0
30 3 0 0 1 0 0 0 0 0 0 0 0 0
fn=log2f@@GLIBC_2.27
29 4 0 0 2 0 0 0 0 0 1 0 0 0
30 3 1 1 1 0 0 0 0 0 0 0 0 0
fn=logf@@GLIBC_2.27
29 4 0 0 2 0 0 0 0 0 1 0 0 0
30 3 0 0 1 0 0 0 0 0 0 0 0 0
fn=powf@@GLIBC_2.27
29 4 0 0 2 0 0 0 0 0 1 0 0 0
30 4 0 0 2 0 0 0 0 0 0 0 0 0
fn=sincosf
29 4 1 1 2 0 0 0 0 0 1 0 0 0
30 3 0 0 1 0 0 0 0 0 0 0 0 0
fn=sinf
29 4 0 0 2 0 0 0 0 0 1 0 0 0
30 3 0 0 1 0 0 0 0 0 0 0 0 0
fl=./math/../sysdeps/x86_64/fpu/multiarch/ifunc-fma4.h
fn=__acos_finite@GLIBC_2.15
31 4 0 0 2 0 0 0 0 0 1 0 0 0
32 2 1 1 1 0 0 0 0 0 1 1 0 0
35 1 0 0 1 0 0 0 0 0 0 0 0 0
fn=__asin_finite@GLIBC_2.15
31 4 0 0 2 0 0 0 0 0 1 0 0 0
32 2 0 0 1 0 0 0 0 0 1 1 0 0
fn=__pow_finite@GLIBC_2.15
31 4 1 1 2 0 0 0 0 0 1 0 0 0
32 2 0 0 1 0 0 0 0 0 1 1 0 0
fn=sincos
31 4 1 1 2 0 0 0 0 0 1 0 0 0
32 2 0 0 1 0 0 0 0 0 1 1 0 0
fl=./math/../sysdeps/x86_64/fpu/multiarch/s_cosf.c
fn=cosf
26 2 1 1 1 0 0 0 0 0 0 0 0 0
fl=./math/../sysdeps/x86_64/fpu/multiarch/s_expm1.c
fn=expm1
26 2 1 1 1 0 0 0 0 0 0 0 0 0
fl=./math/../sysdeps/x86_64/fpu/multiarch/s_fma.c
fn=fma
49 6 2 2 3 0 0 0 0 0 1 1 0 0
fl=./math/../sysdeps/x86_64/fpu/multiarch/s_log1p.c
fn=__log1p
26 2 1 1 1 0 0 0 0 0 0 0 0 0
fl=./math/../sysdeps/x86_64/fpu/multiarch/s_sin.c
fn=cos
34 2 1 1 1 0 0 0 0 0 0 0 0 0
fn=sin
27 2 1 1 1 0 0 0 0 0 0 0 0 0
fl=./math/../sysdeps/x86_64/fpu/multiarch/s_sincos.c
fn=sincos
26 2 1 1 1 0 0 0 0 0 0 0 0 0
fl=./math/../sysdeps/x86_64/fpu/multiarch/s_sincosf.c
fn=sincosf
26 2 1 1 1 0 0 0 0 0 0 0 0 0
fl=./math/../sysdeps/x86_64/fpu/multiarch/s_sinf.c
fn=sinf
26 2 1 1 1 0 0 0 0 0 0 0 0 0
fl=./misc/../sysdeps/unix/syscall-template.S
fn=mprotect
117 35 2 2 0 0 0 0 0 0 7 2 0 0
122 7 0 0 7 0 0 0 0 0 0 0 0 0
fn=munmap
117 5 0 0 0 0 0 0 0 0 1 0 0 0
122 1 0 0 1 0 0 0 0 0 0 0 0 0
fl=./misc/../sysdeps/unix/sysv/linux/brk.c
fn=brk
36 5 1 1 0 0 0 0 0 0 0 0 0 0
37 10 0 0 5 0 0 5 0 0 0 0 0 0
38 10 0 0 0 0 0 0 0 0 5 0 0 0
44 5 0 0 0 0 0 0 0 0 0 0 0 0
45 5 0 0 5 0 0 0 0 0 0 0 0 0
fl=./misc/../sysdeps/unix/sysv/linux/brk_call.h
fn=brk
24 10 0 0 0 0 0 0 0 0 0 0 0 0
fl=./misc/../sysdeps/unix/sysv/linux/mmap64.c
fn=mmap
47 182 1 1 0 0 0 78 1 1 0 0 0 0
50 52 0 0 0 0 0 0 0 0 26 0 0 0
53 107 1 1 5 0 0 0 0 0 40 12 0 0
58 156 0 0 0 0 0 0 0 0 26 0 0 0
60 104 0 0 104 0 0 0 0 0 0 0 0 0
fl=./misc/../sysdeps/unix/sysv/linux/setvmaname.c
fn=__set_vma_name
33 12 2 2 0 0 0 4 0 0 0 0 0 0
35 11 0 0 5 0 0 0 0 0 3 1 0 0
40 7 0 0 1 0 0 1 1 1 1 1 0 0
47 1 1 1 0 0 0 1 0 0 0 0 0 0
49 6 0 0 5 0 0 0 0 0 0 0 0 0
fl=./misc/./misc/init-misc.c
fn=__init_misc
30 5 1 1 0 0 0 3 0 0 0 0 0 0
31 6 0 0 1 0 0 0 0 0 2 0 0 0
33 3 1 1 0 0 0 1 0 0 0 0 0 0
37 5 0 0 1 0 0 1 1 0 0 0 0 0
38 3 0 0 2 0 0 1 0 0 0 0 0 0
40 4 0 0 4 0 0 0 0 0 0 0 0 0
fl=./misc/./misc/sbrk.c
fn=sbrk
37 40 3 1 0 0 0 20 0 0 0 0 0 0
40 10 0 0 10 6 0 0 0 0 0 0 0 0
43 10 4 1 5 3 0 0 0 0 5 4 0 0
58 10 0 0 0 0 0 0 0 0 5 1 0 0
59 4 1 1 0 0 0 1 0 0 1 0 0 0
62 10 0 0 0 0 0 0 0 0 5 3 0 0
63 2 0 0 1 0 0 0 0 0 0 0 0 0
66 16 1 1 0 0 0 0 0 0 8 5 0 0
74 12 0 0 0 0 0 4 0 0 4 0 0 0
78 35 0 0 25 0 0 0 0 0 0 0 0 0
fl=./nptl/../sysdeps/nptl/futex-internal.h
fn=__pthread_once_slow
209 8 1 1 0 0 0 0 0 0 1 1 0 0
fl=./nptl/../sysdeps/unix/sysv/linux/x86/elision-conf.c
fn=__lll_elision_init
92 8 1 1 1 0 0 3 0 0 0 0 0 0
96 5 1 1 0 0 0 1 0 0 0 0 0 0
98 4 0 0 0 0 0 1 0 0 0 0 0 0
100 4 0 0 0 0 0 1 0 0 0 0 0 0
102 4 0 0 0 0 0 1 0 0 0 0 0 0
104 4 1 1 0 0 0 1 0 0 0 0 0 0
107 3 0 0 1 1 1 0 0 0 1 0 0 0
108 1 0 0 0 0 0 1 1 1 0 0 0 0
109 6 0 0 5 0 0 0 0 0 1 0 0 0
fl=./nptl/./nptl/alloca_cutoff.c
fn=__libc_alloca_cutoff
27 4450 155 1 0 0 0 0 0 0 0 0 0 0
28 40050 1 1 4450 253 0 0 0 0 4450 4 0 0
35 4450 0 0 4450 0 0 0 0 0 0 0 0 0
fl=./nptl/./nptl/cleanup_compat.c
fn=_pthread_cleanup_pop@@GLIBC_2.34
40 1 0 0 0 0 0 0 0 0 0 0 0 0
43 2 0 0 1 0 0 1 0 0 0 0 0 0
47 2 0 0 0 0 0 0 0 0 1 1 0 0
49 1 1 1 1 0 0 0 0 0 0 0 0 0
fn=_pthread_cleanup_push@@GLIBC_2.34
25 1 1 1 0 0 0 0 0 0 0 0 0 0
28 1 0 0 0 0 0 1 0 0 0 0 0 0
29 1 0 0 0 0 0 1 0 0 0 0 0 0
30 2 1 1 1 1 0 1 0 0 0 0 0 0
32 1 0 0 0 0 0 1 0 0 0 0 0 0
33 1 0 0 1 0 0 0 0 0 0 0 0 0
fl=./nptl/./nptl/libc-cleanup.c
fn=__libc_cleanup_pop_restore
54 2 0 0 0 0 0 0 0 0 0 0 0 0
55 2 0 0 2 0 0 0 0 0 0 0 0 0
57 4 0 0 2 0 0 2 0 0 0 0 0 0
59 2 0 0 2 0 0 0 0 0 0 0 0 0
60 6 1 1 2 0 0 0 0 0 2 2 0 0
71 2 0 0 2 0 0 0 0 0 0 0 0 0
fn=__libc_cleanup_push_defer
24 2 1 1 0 0 0 0 0 0 0 0 0 0
25 2 0 0 2 0 0 0 0 0 0 0 0 0
27 4 0 0 2 0 0 2 0 0 0 0 0 0
29 4 0 0 2 1 0 0 0 0 0 0 0 0
32 4 0 0 0 0 0 0 0 0 2 1 0 0
46 6 1 1 0 0 0 2 0 0 0 0 0 0
48 2 0 0 0 0 0 2 0 0 0 0 0 0
49 2 0 0 2 0 0 0 0 0 0 0 0 0
fl=./nptl/./nptl/pthread_mutex_conf.c
fn=__pthread_tunables_init
55 8 1 1 1 0 0 3 0 0 0 0 0 0
56 5 1 1 0 0 0 1 0 0 0 0 0 0
58 4 0 0 0 0 0 1 0 0 0 0 0 0
60 4 0 0 0 0 0 1 0 0 0 0 0 0
62 6 1 1 5 0 0 0 0 0 1 0 0 0
fl=./nptl/./nptl/pthread_mutex_lock.c
fn=pthread_mutex_lock@@GLIBC_2.2.5
44 1 1 1 1 0 0 0 0 0 0 0 0 0
45 7 0 0 2 0 0 0 0 0 3 0 0 0
46 1 0 0 0 0 0 1 0 0 0 0 0 0
77 5 1 1 0 0 0 2 0 0 0 0 0 0
80 3 0 0 1 0 0 0 0 0 0 0 0 0
82 1 0 0 0 0 0 0 0 0 0 0 0 0
84 2 1 1 0 0 0 0 0 0 1 1 0 0
88 2 0 0 0 0 0 0 0 0 1 1 0 0
97 2 1 1 0 0 0 0 0 0 1 1 0 0
108 4 1 1 1 0 0 0 0 0 1 1 0 0
112 1 0 0 1 1 0 0 0 0 0 0 0 0
115 2 0 0 1 0 0 0 0 0 1 1 0 0
124 1 0 0 0 0 0 0 0 0 0 0 0 0
130 3 0 0 1 0 0 0 0 0 1 0 0 0
131 2 1 1 0 0 0 1 0 0 0 0 0 0
179 1 1 1 1 0 0 0 0 0 0 0 0 0
182 1 0 0 0 0 0 1 0 0 0 0 0 0
184 1 0 0 1 0 0 0 0 0 0 0 0 0
187 1 0 0 0 0 0 0 0 0 0 0 0 0
190 3 0 0 3 0 0 0 0 0 0 0 0 0
fl=./nptl/./nptl/pthread_mutex_unlock.c
fn=pthread_mutex_unlock@@GLIBC_2.2.5
39 1 0 0 1 0 0 0 0 0 0 0 0 0
40 4 0 0 1 0 0 0 0 0 2 0 0 0
41 1 0 0 0 0 0 1 0 0 0 0 0 0
51 3 0 0 1 0 0 0 0 0 0 0 0 0
52 2 1 1 0 0 0 0 0 0 1 0 0 0
57 2 0 0 0 0 0 0 0 0 1 1 0 0
62 1 0 0 0 0 0 1 0 0 0 0 0 0
65 1 0 0 1 0 0 0 0 0 0 0 0 0
70 1 0 0 0 0 0 0 0 0 0 0 0 0
72 1 0 0 0 0 0 0 0 0 0 0 0 0
74 2 1 1 0 0 0 0 0 0 1 1 0 0
80 4 1 1 1 0 0 0 0 0 1 0 0 0
84 3 0 0 2 0 0 0 0 0 1 1 0 0
87 2 0 0 1 0 0 0 0 0 1 0 0 0
367 4 1 1 0 0 0 1 0 0 0 0 0 0
369 2 0 0 2 0 0 0 0 0 0 0 0 0
fl=./nptl/./nptl/pthread_once.c
fn=__pthread_once_slow
68 11 2 2 1 0 0 5 0 0 0 0 0 0
76 1 0 0 1 0 0 0 0 0 0 0 0 0
80 2 0 0 0 0 0 0 0 0 1 1 0 0
88 2 0 0 1 1 1 0 0 0 0 0 0 0
92 2 0 0 1 0 0 0 0 0 1 0 0 0
101 4 1 1 0 0 0 0 0 0 1 1 0 0
114 13 2 2 0 0 0 7 0 0 0 0 0 0
116 1 0 0 0 0 0 1 0 0 0 0 1 1
118 3 0 0 0 0 0 1 0 0 0 0 0 0
124 1 0 0 0 0 0 1 0 0 0 0 0 0
132 10 0 0 7 0 0 0 0 0 1 0 0 0
fn=pthread_once@@GLIBC_2.34
136 4832 234 1 0 0 0 0 0 0 0 0 0 0
139 4832 0 0 4832 102 0 0 0 0 0 0 0 0
140 9664 0 0 0 0 0 0 0 0 4832 1 0 0
143 1 0 0 0 0 0 0 0 0 0 0 0 0
144 9662 0 0 4831 0 0 0 0 0 0 0 0 0
fl=./posix/../malloc/dynarray-skeleton.c
fn=__unregister_atfork
243 5 0 0 5 2 1 0 0 0 0 0 0 0
fl=./posix/../sysdeps/unix/sysv/linux/_exit.c
fn=_Exit
27 2 1 1 1 0 0 0 0 0 0 0 0 0
30 4 0 0 0 0 0 0 0 0 0 0 0 0
fl=./posix/./posix/register-atfork.c
fn=__unregister_atfork
71 10 1 1 0 0 0 0 0 0 5 3 0 0
82 30 1 1 0 0 0 10 0 0 0 0 0 0
83 20 0 0 5 1 1 0 0 0 5 0 0 0
109 20 1 1 10 0 0 0 0 0 10 0 0 0
110 15 0 0 15 0 0 0 0 0 0 0 0 0
fl=./resource/../sysdeps/unix/sysv/linux/getrlimit64.c
fn=getrlimit
38 2 1 1 0 0 0 0 0 0 0 0 0 0
39 7 0 0 0 0 0 0 0 0 1 0 0 0
40 1 0 0 1 0 0 0 0 0 0 0 0 0
fl=./setjmp/../sysdeps/x86_64/bsd-_setjmp.S
fn=_setjmp
28 1 1 1 0 0 0 0 0 0 0 0 0 0
30 1 0 0 0 0 0 0 0 0 0 0 0 0
32 1 0 0 0 0 0 0 0 0 0 0 0 0
fl=./setjmp/../sysdeps/x86_64/setjmp.S
fn=__sigsetjmp
31 14 2 2 0 0 0 0 0 0 0 0 0 0
33 14 0 0 0 0 0 14 0 0 0 0 0 0
42 14 0 0 0 0 0 0 0 0 0 0 0 0
43 28 0 0 14 0 0 0 0 0 0 0 0 0
44 14 0 0 0 0 0 14 0 0 0 0 0 0
48 14 0 0 0 0 0 14 0 0 0 0 0 0
49 14 0 0 0 0 0 14 0 0 0 0 0 0
50 14 0 0 0 0 0 14 1 1 0 0 0 0
51 14 0 0 0 0 0 14 0 0 0 0 0 0
52 14 0 0 0 0 0 0 0 0 0 0 0 0
54 28 1 1 14 0 0 0 0 0 0 0 0 0
56 14 0 0 0 0 0 14 0 0 0 0 0 0
57 14 1 1 14 0 0 0 0 0 0 0 0 0
58 14 0 0 0 0 0 0 0 0 0 0 0 0
60 28 0 0 14 0 0 0 0 0 0 0 0 0
62 14 0 0 0 0 0 14 0 0 0 0 0 0
67 1 0 0 1 1 0 0 0 0 0 0 0 0
68 1 0 0 0 0 0 0 0 0 1 1 0 0
70 13 0 0 0 0 0 0 0 0 0 0 0 0
73 13 0 0 0 0 0 0 0 0 0 0 0 0
74 13 0 0 0 0 0 13 0 0 0 0 0 0
81 13 0 0 0 0 0 0 0 0 0 0 0 0
82 13 0 0 13 0 0 0 0 0 0 0 0 0
85 1 1 1 0 0 0 0 0 0 0 0 0 0
fl=./setjmp/./setjmp/sigjmp.c
fn=__sigjmp_save
28 6 0 0 0 0 0 2 0 0 0 0 0 0
29 1 0 0 0 0 0 1 0 0 0 0 0 0
30 2 0 0 0 0 0 0 0 0 1 0 0 0
34 4 0 0 3 0 0 0 0 0 0 0 0 0
fl=./stdio-common/../include/../locale/localeinfo.h
fn=__printf_fp_l_buffer
331 13350 141 1 13350 309 0 0 0 0 0 0 0 0
fl=./stdio-common/../include/printf_buffer.h
fn=__printf_fp_buffer_1.isra.0
163 26700 209 1 13350 0 0 0 0 0 8900 117 0 0
fl=./stdio-common/../include/rounding-mode.h
fn=__printf_fp_buffer_1.isra.0
52 13264 7 1 0 0 0 0 0 0 4450 6 0 0
58 4364 0 0 0 0 0 0 0 0 2182 2 0 0
fl=./stdio-common/../string/bits/string_fortified.h
fn=__printf_buffer_write
29 13350 0 0 0 0 0 4450 0 0 0 0 0 0
fn=__printf_fp_buffer_1.isra.0
29 18030 1 1 8832 0 0 9198 0 0 0 0 0 0
fl=./stdio-common/../sysdeps/generic/get-rounding-mode.h
fn=__printf_fp_buffer_1.isra.0
94 4450 17 1 0 0 0 4450 0 0 0 0 0 0
95 31150 188 1 4450 0 0 0 0 0 13350 433 0 0
fl=./stdio-common/../sysdeps/pthread/allocalim.h
fn=__printf_fp_buffer_1.isra.0
27 8900 0 0 0 0 0 4450 0 0 0 0 0 0
29 22250 0 0 0 0 0 4450 0 0 4450 0 0 0
fl=./stdio-common/./stdio-common/Xprintf_buffer_done.c
fn=__printf_buffer_done
25 4450 1 1 0 0 0 0 0 0 0 0 0 0
26 13350 0 0 4450 0 0 0 0 0 4450 4449 0 0
31 8900 1 1 8900 0 0 0 0 0 0 0 0 0
33 53400 0 0 4450 0 0 0 0 0 8900 422 0 0
40 4450 0 0 4450 0 0 0 0 0 0 0 0 0
fl=./stdio-common/./stdio-common/Xprintf_buffer_write.c
fn=__printf_buffer_write
27 106800 13 1 0 0 0 66750 0 0 0 0 0 0
28 40050 0 0 13350 0 0 0 0 0 13350 4562 0 0
31 44500 0 0 0 0 0 0 0 0 17800 7 0 0
33 22250 68 1 8900 0 0 0 0 0 4450 2 0 0
36 4450 0 0 0 0 0 0 0 0 0 0 0 0
37 8900 0 0 0 0 0 0 0 0 0 0 0 0
40 13350 0 0 4450 0 0 4450 0 0 0 0 0 0
41 4450 0 0 0 0 0 0 0 0 0 0 0 0
44 80100 9 1 80100 0 0 0 0 0 0 0 0 0
fl=./stdio-common/./stdio-common/printf-parse.h
fn=__printf_buffer
82 40050 1 1 0 0 0 13350 100 0 0 0 0 0
fl=./stdio-common/./stdio-common/printf_fp.c
fn=__printf_fp_buffer_1.isra.0
91 26700 8 1 8900 0 0 0 0 0 8900 18 0 0
93 26700 0 0 8900 0 0 0 0 0 8900 85 0 0
95 18004 1 1 17868 0 0 68 0 0 0 0 0 0
96 340 0 0 0 0 0 136 0 0 0 0 0 0
101 17664 0 0 0 0 0 0 0 0 8832 0 0 0
105 61824 28 1 17664 0 0 8832 0 0 0 0 0 0
107 35328 0 0 26496 0 0 8832 0 0 0 0 0 0
108 8832 0 0 8832 0 0 0 0 0 0 0 0 0
110 17664 0 0 8832 0 0 8832 0 0 0 0 0 0
111 44489 253 1 17664 0 0 0 0 0 17993 1170 0 0
112 658 0 0 0 0 0 329 0 0 0 0 0 0
117 329 1 1 0 0 0 329 0 0 0 0 0 0
118 9161 0 0 0 0 0 0 0 0 0 0 0 0
122 25509 0 0 0 0 0 8503 0 0 0 0 0 0
123 17006 0 0 0 0 0 0 0 0 8503 3127 0 0
124 29115 145 1 11646 0 0 11646 0 0 0 0 0 0
127 204 0 0 68 0 0 0 0 0 0 0 0 0
138 80100 56 2 4450 0 0 57850 445 0 0 0 0 0
159 35600 1 1 4450 0 0 4450 0 0 0 0 0 0
177 4450 0 0 0 0 0 4450 0 0 0 0 0 0
187 4450 0 0 0 0 0 4450 192 0 0 0 0 0
221 8900 0 0 0 0 0 0 0 0 4450 0 0 0
222 4450 0 0 0 0 0 4450 0 0 0 0 0 0
226 13350 1 1 4450 0 0 0 0 0 4450 2 0 0
230 75650 632 3 13350 261 1 4450 96 0 8900 2 0 0
234 4450 0 0 0 0 0 0 0 0 0 0 0 0
266 22250 161 2 4450 0 0 0 0 0 0 0 0 0
267 4450 0 0 0 0 0 0 0 0 0 0 0 0
268 8900 0 0 0 0 0 0 0 0 0 0 0 0
271 75650 145 1 4450 0 0 4450 0 0 8900 2 0 0
272 71200 41 1 4450 0 0 4450 0 0 8900 1 0 0
273 71200 368 2 4450 115 0 4450 0 0 8900 138 0 0
279 4450 0 0 0 0 0 4450 0 0 0 0 0 0
280 8900 0 0 0 0 0 0 0 0 4450 17 0 0
283 4433 0 0 0 0 0 0 0 0 0 0 0 0
293 4433 0 0 0 0 0 0 0 0 0 0 0 0
294 31031 39 1 0 0 0 4433 0 0 0 0 0 0
297 13299 0 0 0 0 0 0 0 0 4433 2 0 0
301 17732 0 0 0 0 0 0 0 0 0 0 0 0
305 17732 0 0 0 0 0 4433 83 0 0 0 0 0
306 4433 0 0 0 0 0 0 0 0 0 0 0 0
308 26598 1 1 0 0 0 0 0 0 0 0 0 0
309 39897 70 1 8866 0 0 4433 0 0 0 0 0 0
310 8866 0 0 0 0 0 0 0 0 4433 0 0 0
311 31065 9 1 13333 0 0 8866 0 0 0 0 0 0
313 8866 202 1 0 0 0 0 0 0 4433 0 0 0
318 57629 0 0 0 0 0 0 0 0 0 0 0 0
322 341341 1 1 110825 711 4 0 0 0 57629 4792 0 0
324 25386 89 1 4433 0 0 0 0 0 8260 4 0 0
327 14346 0 0 9564 0 0 0 0 0 4782 0 0 0
337 8260 47 1 8260 0 0 0 0 0 0 0 0 0
368 9564 0 0 4782 0 0 4782 0 0 0 0 0 0
369 19128 0 0 4782 101 0 0 0 0 0 0 0 0
375 20868 0 0 6956 0 0 3478 0 0 0 0 0 0
377 3478 0 0 3478 0 0 0 0 0 0 0 0 0
380 6956 0 0 6956 0 0 0 0 0 0 0 0 0
381 6956 0 0 0 0 0 0 0 0 3478 0 0 0
382 10434 1 1 0 0 0 3478 0 0 0 0 0 0
385 70862 1 1 29562 0 0 8260 0 0 24780 562 0 0
388 17664 47 1 4416 0 0 4416 0 0 0 0 0 0
389 17664 0 0 13248 0 0 0 0 0 0 0 0 0
390 22080 0 0 0 0 0 0 0 0 0 0 0 0
391 17664 1 1 0 0 0 0 0 0 0 0 0 0
394 57629 0 0 0 0 0 0 0 0 0 0 0 0
396 115258 0 0 0 0 0 0 0 0 57629 4864 0 0
397 8866 0 0 4433 0 0 4433 0 0 0 0 0 0
403 12710 0 0 3844 0 0 0 0 0 4433 27 0 0
407 53466 168 3 17743 0 0 0 0 0 8911 123 0 0
411 17664 0 0 4416 0 0 0 0 0 0 0 0 0
413 8832 0 0 0 0 0 0 0 0 4416 0 0 0
429 79 73 1 0 0 0 0 0 0 0 0 0 0
430 79 73 1 79 0 0 0 0 0 0 0 0 0
434 553 0 0 0 0 0 0 0 0 0 0 0 0
439 8674 1 1 4337 0 0 0 0 0 0 0 0 0
442 35091 0 0 0 0 0 0 0 0 8753 4 0 0
452 158 0 0 0 0 0 0 0 0 79 0 0 0
458 17348 1 1 0 0 0 8674 0 0 0 0 0 0
460 13011 0 0 4337 0 0 0 0 0 0 0 0 0
461 26022 0 0 13011 0 0 4337 0 0 0 0 0 0
463 27016 1 1 13011 0 0 0 0 0 4337 562 0 0
470 474 1 1 0 0 0 158 0 0 0 0 0 0
471 158 0 0 0 0 0 0 0 0 0 0 0 0
473 158 0 0 79 0 0 0 0 0 0 0 0 0
474 474 0 0 237 0 0 79 0 0 0 0 0 0
477 8911 0 0 79 0 0 4416 0 0 0 0 0 0
478 395 58 1 158 0 0 0 0 0 79 2 0 0
483 34 0 0 0 0 0 0 0 0 17 17 0 0
655 51 0 0 0 0 0 0 0 0 17 0 0 0
659 51 0 0 0 0 0 17 0 0 0 0 0 0
660 85 0 0 34 0 0 34 0 0 0 0 0 0
661 34 0 0 0 0 0 17 0 0 0 0 0 0
665 13350 0 0 8900 0 0 4450 0 0 0 0 0 0
674 26700 1 1 17800 93 1 4450 0 0 0 0 0 0
676 8900 0 0 0 0 0 0 0 0 4450 1 0 0
680 8900 0 0 4450 0 0 4450 0 0 0 0 0 0
686 8900 0 0 4450 0 0 0 0 0 4450 8 0 0
688 8900 79 1 0 0 0 4450 0 0 0 0 0 0
689 8900 0 0 0 0 0 0 0 0 4450 69 0 0
692 13350 1 1 4450 0 0 0 0 0 4450 127 0 0
694 40050 129 2 8900 0 0 22250 0 0 0 0 0 0
696 8900 0 0 0 0 0 4450 0 0 0 0 0 0
738 17800 1 1 4450 0 0 0 0 0 8900 8 0 0
746 13350 1 1 4450 0 0 4450 0 0 0 0 0 0
759 75650 2 2 8900 0 0 4450 0 0 8900 4 0 0
760 8900 0 0 0 0 0 4450 0 0 0 0 0 0
763 13350 0 0 4450 0 0 0 0 0 4450 0 0 0
766 81532 85 2 13350 0 0 0 0 0 16794 4678 0 0
769 37032 0 0 0 0 0 24688 0 0 0 0 0 0
771 4450 0 0 0 0 0 4450 0 0 0 0 0 0
773 26700 23 1 13350 0 0 0 0 0 8900 355 0 0
775 13350 0 0 4450 0 0 4450 0 0 0 0 0 0
787 4450 0 0 0 0 0 0 0 0 0 0 0 0
788 22250 133 1 4450 0 0 8900 0 0 0 0 0 0
789 22250 0 0 4450 0 0 4450 0 0 0 0 0 0
790 35600 0 0 0 0 0 0 0 0 17800 3438 0 0
792 8900 0 0 0 0 0 0 0 0 0 0 0 0
793 8900 70 0 0 0 0 8900 0 0 0 0 0 0
794 26700 0 0 0 0 0 0 0 0 8900 1058 0 0
795 17800 0 0 0 0 0 8900 0 0 0 0 0 0
796 3459 1 1 1153 0 0 0 0 0 1153 6 0 0
805 22250 7 1 17800 0 0 0 0 0 4450 10 0 0
806 17800 26 1 0 0 0 8900 0 0 0 0 0 0
808 31150 0 0 4450 0 0 0 0 0 4450 15 0 0
809 2039 6 0 0 0 0 0 0 0 0 0 0 0
810 13591 229 1 6787 0 0 0 0 0 4519 71 0 0
813 4078 0 0 2039 0 0 0 0 0 2039 1 0 0
818 136 0 0 34 0 0 0 0 0 68 3 0 0
830 4364 0 0 0 0 0 0 0 0 2182 0 0 0
834 4080 98 1 0 0 0 0 0 0 0 0 0 0
835 12472 153 1 2608 0 0 0 0 0 2608 146 0 0
837 142 0 0 0 0 0 142 0 0 0 0 0 0
838 284 0 0 0 0 0 0 0 0 0 0 0 0
840 6546 89 1 2182 0 0 0 0 0 2182 4 0 0
842 4364 0 0 2182 0 0 0 0 0 2182 0 0 0
844 4364 0 0 0 0 0 2182 0 0 0 0 0 0
855 4364 0 0 2182 0 0 0 0 0 2182 0 0 0
924 19896 0 0 4364 0 0 0 0 0 4450 0 0 0
931 4536 177 1 0 0 0 0 0 0 2268 214 0 0
935 13350 112 1 4450 0 0 0 0 0 4450 6 0 0
980 31150 64 1 13350 0 0 0 0 0 4450 0 0 0
983 8900 79 1 0 0 0 4450 0 0 0 0 0 0
987 22250 0 0 4450 0 0 0 0 0 8900 4 0 0
991 13350 0 0 4450 0 0 0 0 0 0 0 0 0
994 17800 1 1 4450 0 0 4450 0 0 0 0 0 0
996 35600 16 1 8900 0 0 0 0 0 8900 16 0 0
999 17800 178 1 8900 0 0 0 0 0 4450 0 0 0
1001 13350 0 0 0 0 0 0 0 0 4450 2 0 0
1003 8900 1 1 0 0 0 0 0 0 4450 2 0 0
1006 8900 0 0 0 0 0 0 0 0 4450 0 0 0
1009 13350 0 0 4450 0 0 0 0 0 4450 2 0 0
1022 17800 46 1 4450 0 0 4450 0 0 0 0 0 0
1024 13350 0 0 8900 0 0 0 0 0 4450 340 0 0
1028 13350 1 1 4450 0 0 0 0 0 4450 2 0 0
1030 48950 0 0 40050 0 0 0 0 0 4450 0 0 0
fn=__printf_fp_l_buffer
1099 84550 420 2 4450 0 0 40050 278 0 0 0 0 0
1102 13350 0 0 4450 0 0 0 0 0 4450 2 0 0
1111 4450 0 0 0 0 0 4450 0 0 0 0 0 0
1112 8900 0 0 0 0 0 4450 138 0 0 0 0 0
1115 22250 198 1 4450 0 0 13350 0 0 0 0 0 0
1116 22250 0 0 8900 65 0 0 0 0 4450 2 0 0
1117 13350 4 1 0 0 0 0 0 0 4450 2 0 0
1122 31150 202 1 13350 0 0 4450 0 0 0 0 0 0
1126 4450 0 0 0 0 0 0 0 0 0 0 0 0
1147 48950 145 1 40050 0 0 0 0 0 4450 0 0 0
fn=hack_digit
88 83970 0 0 0 0 0 50382 0 0 0 0 0 0
91 50382 0 0 16794 0 0 0 0 0 16794 12 0 0
93 50382 1 1 16794 0 0 0 0 0 16794 72 0 0
95 33724 1 1 33656 0 0 0 0 0 0 0 0 0
96 340 0 0 0 0 0 136 0 0 0 0 0 0
101 33452 0 0 0 0 0 0 0 0 16726 9 0 0
105 117082 1 1 33452 0 0 16726 47 0 0 0 0 0
107 66904 1 1 50178 0 0 16726 0 0 0 0 0 0
108 16726 0 0 16726 0 0 0 0 0 0 0 0 0
110 33452 0 0 16726 0 0 16726 0 0 0 0 0 0
111 100664 0 0 33452 0 0 0 0 0 33760 323 0 0
112 616 0 0 0 0 0 308 0 0 0 0 0 0
117 308 0 0 0 0 0 308 0 0 0 0 0 0
118 33144 0 0 0 0 0 0 0 0 0 0 0 0
122 65672 0 0 16418 0 0 16418 0 0 0 0 0 0
123 32836 0 0 0 0 0 0 0 0 16418 4582 0 0
124 63040 0 0 25216 0 0 25216 0 0 0 0 0 0
127 68 0 0 0 0 0 0 0 0 0 0 0 0
128 83970 0 0 67176 0 0 0 0 0 0 0 0 0
fl=./stdio-common/./stdio-common/vfprintf-internal.c
fn=__printf_buffer
263 13350 0 0 0 0 0 0 0 0 4450 255 0 0
264 13350 0 0 0 0 0 0 0 0 0 0 0 0
266 4450 1 1 0 0 0 4450 0 0 0 0 0 0
600 66750 1 1 0 0 0 35600 102 0 0 0 0 0
627 22250 1 1 13350 0 0 8900 0 0 0 0 0 0
631 4450 0 0 0 0 0 4450 0 0 0 0 0 0
634 4450 0 0 0 0 0 4450 0 0 0 0 0 0
638 17800 0 0 8900 0 0 8900 126 0 0 0 0 0
642 4450 0 0 0 0 0 4450 136 0 0 0 0 0
653 13350 0 0 0 0 0 4450 0 0 0 0 0 0
654 8900 0 0 0 0 0 0 0 0 0 0 0 0
655 13350 0 0 4450 0 0 0 0 0 4450 0 0 0
659 8900 0 0 4450 0 0 0 0 0 4450 0 0 0
663 35600 253 1 13350 178 1 4450 0 0 13350 116 0 0
683 4450 0 0 0 0 0 4450 0 0 0 0 0 0
684 4450 41 1 0 0 0 4450 0 0 0 0 0 0
685 4450 0 0 0 0 0 4450 0 0 0 0 0 0
686 4450 0 0 0 0 0 4450 0 0 0 0 0 0
687 4450 0 0 0 0 0 0 0 0 0 0 0 0
690 8900 0 0 0 0 0 0 0 0 0 0 4450 1
691 4450 0 0 0 0 0 0 0 0 0 0 0 0
692 4450 0 0 0 0 0 0 0 0 0 0 0 0
693 4450 0 0 0 0 0 0 0 0 0 0 0 0
694 4450 0 0 0 0 0 4450 0 0 0 0 0 0
695 4450 0 0 0 0 0 0 0 0 0 0 0 0
698 4450 0 0 0 0 0 4450 0 0 0 0 0 0
699 4450 0 0 0 0 0 4450 0 0 0 0 0 0
705 62300 241 3 13350 246 2 0 0 0 4450 0 0 0
709 4450 26 1 0 0 0 0 0 0 0 0 0 0
744 8900 1 1 8900 0 0 0 0 0 0 0 0 0
813 4450 0 0 0 0 0 0 0 0 0 0 0 0
814 13350 0 0 4450 0 0 0 0 0 4450 6 0 0
818 8900 1 1 0 0 0 0 0 0 0 0 0 0
819 17800 1 1 4450 0 0 0 0 0 4450 137 0 0
834 31150 0 0 8900 0 0 4450 0 0 4450 0 0 0
837 26700 0 0 4450 0 0 0 0 0 0 0 0 0
855 62300 21 1 13350 267 2 0 0 0 4450 0 4450 1
891 8900 141 1 0 0 0 0 0 0 0 0 0 0
973 22250 227 1 4450 0 0 4450 0 0 4450 0 0 0
976 151300 290 2 31150 0 0 26700 132 0 0 0 0 0
996 48950 39 1 13350 0 0 8900 0 0 8900 0 0 0
997 8900 0 0 0 0 0 4450 0 0 0 0 0 0
1001 4450 0 0 0 0 0 0 0 0 0 0 0 0
1018 4450 0 0 4450 0 0 0 0 0 0 0 0 0
1024 4450 0 0 0 0 0 0 0 0 0 0 0 0
1028 13350 47 1 0 0 0 4450 0 0 0 0 0 0
1029 8900 0 0 0 0 0 0 0 0 0 0 0 0
1031 8900 0 0 4450 0 0 0 0 0 4450 2 0 0
1044 48950 198 1 40050 0 0 0 0 0 4450 0 0 0
fl=./stdlib/../include/rounding-mode.h
fn=round_and_return
46 1840 175 2 0 0 0 0 0 0 1104 150 0 0
52 1070 92 2 0 0 0 0 0 0 368 180 0 0
fl=./stdlib/../stdlib/gmp.h
fn=round_and_return
453 167 5 1 0 0 0 0 0 0 0 0 0 0
454 167 0 0 0 0 0 167 0 0 0 0 0 0
fl=./stdlib/../string/bits/string_fortified.h
fn=____strtod_l_internal
29 3630 2 2 726 0 0 1452 0 0 0 0 0 0
fl=./stdlib/../sysdeps/generic/get-rounding-mode.h
fn=round_and_return
94 368 0 0 0 0 0 368 0 0 0 0 0 0
95 3312 2 1 368 0 0 0 0 0 736 0 0 0
fl=./stdlib/../sysdeps/ieee754/dbl-64/dbl2mpn.c
fn=__mpn_extract_double
33 13350 253 1 0 0 0 0 0 0 0 0 0 0
35 4450 0 0 0 0 0 0 0 0 0 0 0 0
37 13350 0 0 0 0 0 4450 0 0 0 0 0 0
38 22250 0 0 0 0 0 4450 0 0 0 0 0 0
47 13350 112 1 0 0 0 4450 0 0 0 0 0 0
56 13350 0 0 0 0 0 0 0 0 4450 2 0 0
103 8900 0 0 0 0 0 4450 0 0 0 0 0 0
107 8900 0 0 4450 0 0 0 0 0 0 0 0 0
fl=./stdlib/../sysdeps/ieee754/dbl-64/mpn2dbl.c
fn=__mpn_construct_double
29 368 2 1 0 0 0 0 0 0 0 0 0 0
33 368 0 0 0 0 0 0 0 0 0 0 0 0
39 368 0 0 368 0 0 0 0 0 0 0 0 0
40 3680 0 0 0 0 0 0 0 0 0 0 0 0
46 368 1 1 0 0 0 0 0 0 0 0 0 0
47 736 0 0 368 0 0 0 0 0 0 0 0 0
fl=./stdlib/../sysdeps/x86_64/lshift.S
fn=__mpn_lshift
28 5544 2 1 0 0 0 0 0 0 0 0 0 0
29 5544 0 0 0 0 0 0 0 0 0 0 0 0
30 5544 0 0 0 0 0 0 0 0 0 0 0 0
32 5544 0 0 0 0 0 0 0 0 0 0 0 0
33 5544 0 0 0 0 0 0 0 0 0 0 0 0
34 5544 0 0 0 0 0 0 0 0 5544 15 0 0
46 5544 0 0 0 0 0 0 0 0 0 0 0 0
47 5544 0 0 0 0 0 0 0 0 5544 0 0 0
48 5544 0 0 5544 0 0 0 0 0 0 0 0 0
49 5544 0 0 0 0 0 0 0 0 0 0 0 0
50 5544 1 1 0 0 0 0 0 0 0 0 0 0
51 5544 0 0 0 0 0 0 0 0 0 0 0 0
52 5544 0 0 0 0 0 0 0 0 5544 12 0 0
58 5544 0 0 0 0 0 0 0 0 0 0 0 0
59 5544 0 0 0 0 0 5544 0 0 0 0 0 0
60 5544 0 0 5544 0 0 0 0 0 0 0 0 0
fl=./stdlib/../sysdeps/x86_64/mul_1.S
fn=__mpn_mul_1
31 28535 188 1 0 0 0 0 0 0 0 0 0 0
32 28535 0 0 0 0 0 28535 0 0 0 0 0 0
35 28535 0 0 0 0 0 0 0 0 0 0 0 0
36 28535 0 0 28535 0 0 0 0 0 0 0 0 0
37 28535 0 0 0 0 0 0 0 0 0 0 0 0
38 28535 149 1 0 0 0 0 0 0 0 0 0 0
39 28535 0 0 0 0 0 0 0 0 0 0 0 0
41 28535 0 0 0 0 0 0 0 0 0 0 0 0
42 28535 0 0 0 0 0 0 0 0 0 0 0 0
44 28535 0 0 0 0 0 0 0 0 0 0 0 0
45 28535 0 0 0 0 0 0 0 0 28535 0 0 0
46 28535 0 0 0 0 0 0 0 0 0 0 0 0
47 28535 0 0 0 0 0 0 0 0 28535 2 0 0
48 25057 0 0 0 0 0 0 0 0 25057 70 0 0
50 25057 0 0 0 0 0 0 0 0 0 0 0 0
51 25057 0 0 0 0 0 0 0 0 25057 1 0 0
52 25057 0 0 0 0 0 25057 0 0 0 0 0 0
53 25057 0 0 0 0 0 0 0 0 0 0 0 0
79 3478 126 1 0 0 0 0 0 0 0 0 0 0
80 3478 0 0 0 0 0 0 0 0 0 0 0 0
81 3478 0 0 0 0 0 0 0 0 0 0 0 0
82 3478 0 0 0 0 0 0 0 0 0 0 0 0
83 3478 0 0 0 0 0 0 0 0 0 0 0 0
84 3478 1 1 0 0 0 0 0 0 0 0 0 0
85 3478 0 0 3478 0 0 0 0 0 0 0 0 0
86 3478 0 0 0 0 0 0 0 0 0 0 0 0
87 3478 0 0 0 0 0 0 0 0 0 0 0 0
113 3478 76 1 0 0 0 0 0 0 0 0 0 0
114 3478 0 0 0 0 0 0 0 0 0 0 0 0
115 3478 0 0 0 0 0 0 0 0 3478 0 0 0
117 3478 0 0 0 0 0 3478 0 0 0 0 0 0
118 3478 0 0 0 0 0 0 0 0 0 0 0 0
119 3478 0 0 0 0 0 0 0 0 0 0 0 0
120 3478 50 1 0 0 0 3478 0 0 0 0 0 0
121 3478 0 0 0 0 0 0 0 0 0 0 0 0
122 28535 29 0 0 0 0 0 0 0 0 0 0 0
124 28535 0 0 28535 0 0 0 0 0 0 0 0 0
127 28535 0 0 28535 0 0 0 0 0 0 0 0 0
fl=./stdlib/../sysdeps/x86_64/rshift.S
fn=__mpn_rshift
28 8832 55 1 0 0 0 0 0 0 0 0 0 0
29 8832 0 0 0 0 0 0 0 0 0 0 0 0
30 8832 0 0 0 0 0 0 0 0 0 0 0 0
31 8832 0 0 0 0 0 0 0 0 8832 8 0 0
44 8832 0 0 0 0 0 0 0 0 0 0 0 0
45 8832 157 1 0 0 0 0 0 0 8832 8 0 0
61 8832 0 0 0 0 0 0 0 0 8832 81 0 0
62 8832 0 0 8832 0 0 0 0 0 0 0 0 0
63 8832 0 0 8832 0 0 0 0 0 0 0 0 0
64 8832 0 0 0 0 0 0 0 0 0 0 0 0
65 8832 0 0 0 0 0 0 0 0 0 0 0 0
66 8832 0 0 0 0 0 0 0 0 0 0 0 0
67 8832 0 0 0 0 0 0 0 0 8832 6 0 0
72 8832 253 1 0 0 0 0 0 0 0 0 0 0
73 8832 0 0 0 0 0 8832 0 0 0 0 0 0
74 8832 0 0 0 0 0 0 0 0 0 0 0 0
75 8832 0 0 0 0 0 8832 0 0 0 0 0 0
76 8832 0 0 8832 0 0 0 0 0 0 0 0 0
fl=./stdlib/./stdlib/cmp.c
fn=__mpn_cmp
31 8260 157 1 0 0 0 0 0 0 0 0 0 0
35 16520 0 0 0 0 0 0 0 0 8260 319 0 0
37 8260 253 1 8260 0 0 0 0 0 0 0 0 0
38 8260 0 0 8260 0 0 0 0 0 0 0 0 0
39 16520 0 0 0 0 0 0 0 0 8260 0 0 0
47 41300 0 0 8260 0 0 0 0 0 0 0 0 0
fl=./stdlib/./stdlib/cxa_atexit.c
fn=__cxa_atexit
41 26 2 1 0 0 0 0 0 0 13 1 0 0
43 104 0 0 13 2 0 0 0 0 13 0 0 0
44 26 0 0 0 0 0 13 0 0 0 0 0 0
46 26 0 0 0 0 0 0 0 0 13 0 0 0
52 39 0 0 13 0 0 0 0 0 0 0 0 0
53 13 0 0 0 0 0 13 0 0 0 0 0 0
54 13 0 0 0 0 0 13 6 6 0 0 0 0
55 13 2 1 0 0 0 13 0 0 0 0 0 0
56 13 0 0 0 0 0 13 0 0 0 0 0 0
57 52 0 0 26 0 0 0 0 0 26 0 0 0
58 13 0 0 0 0 0 0 0 0 0 0 0 0
67 91 2 1 0 0 0 65 0 0 0 0 0 0
69 78 0 0 78 0 0 0 0 0 0 0 0 0
fn=__new_exitfn
80 65 2 1 0 0 0 39 0 0 0 0 0 0
81 13 0 0 0 0 0 0 0 0 0 0 0 0
86 26 0 0 13 2 1 0 0 0 13 0 0 0
91 82 0 0 14 2 0 0 0 0 14 3 0 0
93 52 1 1 13 2 0 0 0 0 13 6 0 0
94 60 0 0 12 1 0 0 0 0 12 5 0 0
101 1 0 0 0 0 0 1 0 0 0 0 0 0
104 24 0 0 0 0 0 0 0 0 12 0 0 0
122 1 0 0 0 0 0 0 0 0 0 0 0 0
123 1 1 1 0 0 0 1 0 0 0 0 0 0
129 36 1 0 0 0 0 0 0 0 0 0 0 0
130 24 0 0 0 0 0 12 0 0 0 0 0 0
134 1 0 0 0 0 0 0 0 0 0 0 0 0
136 13 1 1 0 0 0 13 1 0 0 0 0 0
137 13 0 0 13 0 0 0 0 0 0 0 0 0
141 65 0 0 52 0 0 0 0 0 0 0 0 0
fl=./stdlib/./stdlib/cxa_finalize.c
fn=__cxa_finalize
30 50 1 1 0 0 0 30 0 0 0 0 0 0
33 35 0 0 5 0 0 0 0 0 10 0 0 0
36 35 2 2 10 0 0 0 0 0 10 2 0 0
40 196 0 0 5 0 0 0 0 0 60 17 0 0
41 132 1 1 66 5 0 0 0 0 66 13 0 0
43 22 0 0 11 0 0 11 0 0 0 0 0 0
45 11 0 0 11 0 0 0 0 0 0 0 0 0
76 11 0 0 0 0 0 11 0 0 0 0 0 0
78 33 0 0 22 0 0 0 0 0 0 0 0 0
81 44 0 0 22 0 0 0 0 0 22 0 0 0
82 33 0 0 0 0 0 11 0 0 0 0 11 11
83 44 0 0 11 0 0 0 0 0 11 0 0 0
87 33 0 0 22 0 0 0 0 0 11 2 0 0
93 35 2 2 10 1 0 0 0 0 10 3 0 0
97 30 0 0 5 1 0 0 0 0 5 3 0 0
105 10 0 0 0 0 0 5 0 0 0 0 0 0
106 20 0 0 10 0 0 0 0 0 10 0 0 0
107 40 0 0 35 0 0 0 0 0 0 0 0 0
fl=./stdlib/./stdlib/cxa_thread_atexit_impl.c
fn=__call_tls_dtors
148 5 1 1 0 0 0 3 0 0 0 0 0 0
149 4 1 1 2 0 0 0 0 0 1 1 0 0
165 4 1 1 4 0 0 0 0 0 0 0 0 0
fl=./stdlib/./stdlib/divrem.c
fn=__mpn_divrem
46 357812 13 1 0 0 0 178906 54 0 0 0 0 0
47 25558 0 0 0 0 0 25558 0 0 0 0 0 0
49 51116 0 0 0 0 0 0 0 0 25558 94 0 0
62 25558 1 1 25558 0 0 0 0 0 0 0 0 0
63 25558 0 0 25558 0 0 0 0 0 0 0 0 0
65 51116 0 0 0 0 0 0 0 0 25558 1269 0 0
67 1175 0 0 0 0 0 0 0 0 0 0 0 0
68 2350 59 1 0 0 0 1175 0 0 0 0 0 0
72 217969 0 0 0 0 0 0 0 0 45743 5177 0 0
73 60555 1 1 20185 0 0 20185 0 0 0 0 0 0
76 51116 0 0 0 0 0 0 0 0 25558 12 0 0
79 25558 0 0 0 0 0 25558 0 0 0 0 0 0
81 25558 0 0 0 0 0 0 0 0 0 0 0 0
234 230022 1 1 204464 0 0 0 0 0 0 0 0 0
fl=./stdlib/./stdlib/exit.c
fn=__run_exit_handlers
38 12 1 1 0 0 0 8 1 0 0 0 0 0
40 2 0 0 0 0 0 0 0 0 1 1 0 0
41 2 1 1 0 0 0 1 1 0 0 0 0 0
43 5 1 1 1 1 0 0 0 0 1 0 0 0
54 2 0 0 2 1 0 0 0 0 0 0 0 0
56 2 0 0 0 0 0 0 0 0 1 0 0 0
60 1 0 0 0 0 0 1 1 0 0 0 0 0
64 42 0 0 14 1 0 0 0 0 14 2 0 0
66 26 1 1 0 0 0 13 0 0 0 0 0 0
67 13 0 0 13 0 0 0 0 0 0 0 0 0
69 113 0 0 13 2 0 0 0 0 37 5 0 0
94 2 0 0 0 0 0 0 0 0 0 0 0 0
101 2 0 0 0 0 0 2 0 0 0 0 0 0
102 2 1 1 2 0 0 0 0 0 0 0 0 0
103 2 0 0 2 0 0 0 0 0 0 0 0 0
104 6 0 0 2 0 0 0 0 0 0 0 0 0
107 8 0 0 4 0 0 0 0 0 4 0 0 0
108 6 0 0 0 0 0 2 0 0 0 0 2 2
109 8 1 1 2 0 0 0 0 0 2 2 0 0
113 6 1 1 2 0 0 0 0 0 2 2 0 0
119 3 1 1 2 0 0 1 0 0 0 0 0 0
120 2 0 0 0 0 0 0 0 0 1 1 0 0
126 4 1 1 2 0 0 0 0 0 2 1 0 0
128 2 0 0 1 0 0 0 0 0 1 0 0 0
129 2 0 0 0 0 0 1 0 0 0 0 0 0
131 2 0 0 0 0 0 1 0 0 0 0 0 0
fn=exit
137 3 1 1 0 0 0 1 0 0 0 0 0 0
138 4 0 0 0 0 0 1 0 0 0 0 0 0
fl=./stdlib/./stdlib/getenv.c
fn=getenv
24 9 2 2 0 0 0 6 0 0 0 0 0 0
25 8 0 0 3 3 1 0 0 0 2 1 0 0
28 2 0 0 0 0 0 1 0 0 0 0 0 0
29 331 0 0 83 11 0 0 0 0 83 2 0 0
31 164 1 1 82 36 0 0 0 0 82 24 0 0
32 90 0 0 0 0 0 15 0 0 15 3 0 0
37 9 0 0 7 0 0 0 0 0 0 0 0 0
fl=./stdlib/./stdlib/mul.c
fn=__mpn_mul
48 59126 28 2 3478 0 0 24346 99 0 0 0 0 0
54 6956 0 0 0 0 0 0 0 0 3478 0 0 0
66 6956 0 0 0 0 0 0 0 0 3478 2 0 0
71 3478 34 1 3478 0 0 0 0 0 0 0 0 0
72 6956 0 0 0 0 0 0 0 0 3478 0 0 0
81 13912 0 0 6956 0 0 6956 124 0 0 0 0 0
83 3478 0 0 0 0 0 3478 0 0 0 0 0 0
84 3478 0 0 0 0 0 0 0 0 0 0 0 0
88 6956 31 1 0 0 0 0 0 0 3478 2 0 0
141 3478 1 1 0 0 0 3478 0 0 0 0 0 0
142 38258 0 0 31302 0 0 0 0 0 3478 0 0 0
fl=./stdlib/./stdlib/secure-getenv.c
fn=secure_getenv
28 1 1 1 0 0 0 0 0 0 0 0 0 0
29 5 0 0 2 2 0 0 0 0 1 0 0 0
fl=./stdlib/./stdlib/strtod_l.c
fn=____strtod_l_internal
508 4416 2 1 0 0 0 2944 79 0 0 0 0 0
514 368 0 0 0 0 0 368 0 0 0 0 0 0
553 368 0 0 0 0 0 0 0 0 0 0 0 0
561 1104 132 1 736 85 0 368 0 0 0 0 0 0
563 736 0 0 0 0 0 0 0 0 368 0 0 0
587 368 0 0 0 0 0 368 1 0 0 0 0 0
595 736 0 0 368 46 0 368 0 0 0 0 0 0
596 1104 230 1 0 0 0 736 42 0 0 0 0 0
597 1104 0 0 368 0 0 0 0 0 368 0 0 0
601 368 0 0 0 0 0 368 0 0 0 0 0 0
602 368 0 0 0 0 0 368 0 0 0 0 0 0
607 368 0 0 0 0 0 0 0 0 0 0 0 0
610 1472 0 0 368 0 0 0 0 0 0 0 0 0
611 1840 0 0 1104 37 0 0 0 0 368 0 0 0
614 736 2 1 0 0 0 0 0 0 368 1 0 0
619 736 0 0 0 0 0 0 0 0 368 1 0 0
632 2208 0 0 368 0 0 0 0 0 368 0 0 0
633 736 2 1 368 0 0 0 0 0 368 26 0 0
641 1104 0 0 0 0 0 0 0 0 368 189 0 0
689 736 0 0 0 0 0 0 0 0 368 65 0 0
708 1840 2 1 368 0 0 368 0 0 368 0 0 0
732 736 0 0 736 0 0 0 0 0 0 0 0 0
775 4928 0 0 0 0 0 0 0 0 1324 297 0 0
776 736 0 0 368 0 0 0 0 0 368 0 0 0
779 1912 2 1 0 0 0 0 0 0 0 0 0 0
788 736 0 0 0 0 0 0 0 0 368 7 0 0
801 1912 0 0 956 0 0 0 0 0 0 0 0 0
804 1472 80 1 368 0 0 0 0 0 736 2 0 0
846 736 0 0 0 0 0 0 0 0 0 0 0 0
855 2944 0 0 368 0 0 0 0 0 736 2 0 0
856 736 0 0 368 0 0 0 0 0 368 2 0 0
862 1104 1 1 736 0 0 0 0 0 0 0 0 0
863 368 0 0 368 0 0 0 0 0 0 0 0 0
864 1840 80 1 0 0 0 0 0 0 368 2 0 0
865 4048 2 1 0 0 0 0 0 0 1104 4 0 0
868 1472 2 1 0 0 0 0 0 0 736 78 0 0
870 736 0 0 0 0 0 0 0 0 0 0 0 0
871 736 0 0 736 0 0 0 0 0 0 0 0 0
874 736 0 0 0 0 0 0 0 0 368 3 0 0
877 78 0 0 0 0 0 0 0 0 0 0 0 0
880 1104 0 0 1104 96 1 0 0 0 0 0 0 0
881 736 0 0 0 0 0 0 0 0 0 0 0 0
882 1840 229 1 368 0 0 0 0 0 736 0 0 0
980 736 80 1 0 0 0 0 0 0 0 0 0 0
1013 736 0 0 0 0 0 0 0 0 368 4 0 0
1015 863 0 0 412 0 0 0 0 0 412 53 0 0
1017 44 0 0 0 0 0 0 0 0 0 0 0 0
1018 39 0 0 0 0 0 0 0 0 0 0 0 0
1020 117 0 0 0 0 0 0 0 0 39 5 0 0
1023 166 0 0 0 0 0 0 0 0 44 2 0 0
1042 1104 22 2 368 0 0 0 0 0 368 19 0 0
1043 368 0 0 0 0 0 368 0 0 0 0 0 0
1045 68 0 0 0 0 0 0 0 0 34 0 0 0
1048 736 0 0 0 0 0 0 0 0 368 152 0 0
1072 736 88 1 368 0 0 0 0 0 0 0 0 0
1081 736 80 1 368 0 0 0 0 0 368 5 0 0
1175 3680 1 1 0 0 0 0 0 0 0 0 0 0
1176 368 0 0 0 0 0 0 0 0 0 0 0 0
1177 1104 2 1 0 0 0 368 0 0 0 0 0 0
1180 1472 0 0 0 0 0 0 0 0 368 1 0 0
1192 736 0 0 0 0 0 0 0 0 368 2 0 0
1195 736 0 0 0 0 0 0 0 0 368 6 0 0
1198 5152 55 2 736 0 0 2576 44 0 0 0 0 0
1204 2208 0 0 1472 0 0 0 0 0 368 2 0 0
1224 368 0 0 368 0 0 0 0 0 0 0 0 0
1248 1104 47 1 368 0 0 0 0 0 0 0 0 0
1249 1472 77 1 0 0 0 368 0 0 0 0 0 0
1253 736 0 0 0 0 0 0 0 0 368 44 0 0
1259 736 0 0 0 0 0 0 0 0 368 0 0 0
1291 736 0 0 0 0 0 0 0 0 368 5 0 0
1294 35 3 1 0 0 0 0 0 0 0 0 0 0
1296 15 0 0 0 0 0 0 0 0 5 0 0 0
1298 25 0 0 0 0 0 0 0 0 0 0 0 0
1306 25 0 0 5 0 0 5 0 0 0 0 0 0
1310 10 0 0 0 0 0 0 0 0 5 2 0 0
1325 40 4 1 5 0 0 5 0 0 0 0 0 0
1330 363 0 0 0 0 0 0 0 0 0 0 0 0
1353 726 80 1 0 0 0 363 0 0 0 0 0 0
1354 726 0 0 363 0 0 363 0 0 0 0 0 0
1355 363 72 1 0 0 0 0 0 0 0 0 0 0
1357 2178 0 0 363 0 0 0 0 0 726 0 0 0
1366 726 0 0 0 0 0 0 0 0 363 40 0 0
1369 1089 2 1 363 0 0 0 0 0 363 0 0 0
1370 1815 0 0 363 0 0 0 0 0 0 0 0 0
1399 1089 2 1 0 0 0 0 0 0 0 0 0 0
1402 3267 0 0 0 0 0 363 0 0 363 0 0 0
1410 1815 0 0 0 0 0 363 0 0 0 0 0 0
1413 363 0 0 0 0 0 0 0 0 0 0 0 0
1414 363 0 0 0 0 0 0 0 0 0 0 0 0
1417 1384 80 1 0 0 0 0 0 0 692 94 0 0
1420 363 0 0 0 0 0 0 0 0 0 0 0 0
1422 726 0 0 0 0 0 0 0 0 363 5 0 0
1424 726 0 0 363 67 1 0 0 0 0 0 0 0
1425 1089 0 0 363 69 1 0 0 0 0 0 0 0
1430 2178 0 0 0 0 0 726 0 0 0 0 0 0
1440 692 0 0 0 0 0 0 0 0 0 0 0 0
1441 692 0 0 0 0 0 0 0 0 0 0 0 0
1443 1384 0 0 0 0 0 0 0 0 692 4 0 0
1445 1815 125 2 1089 0 0 0 0 0 363 0 0 0
1449 3267 2 1 2178 0 0 726 0 0 0 0 0 0
1466 1815 0 0 363 0 0 363 0 0 0 0 0 0
1468 1452 0 0 726 0 0 0 0 0 363 5 0 0
1472 1815 94 1 363 0 0 363 0 0 0 0 0 0
1473 2178 0 0 726 0 0 363 0 0 0 0 0 0
1474 726 0 0 0 0 0 0 0 0 363 2 0 0
1485 1089 1 1 363 0 0 726 0 0 0 0 0 0
1487 726 0 0 0 0 0 0 0 0 363 153 0 0
1494 363 2 1 363 0 0 0 0 0 0 0 0 0
1495 363 0 0 363 0 0 0 0 0 0 0 0 0
1496 2178 77 1 0 0 0 0 0 0 363 0 0 0
1500 3267 0 0 363 0 0 0 0 0 363 2 0 0
1538 7623 388 3 1452 0 0 363 0 0 726 1 0 0
1540 363 0 0 0 0 0 0 0 0 0 0 0 0
1542 3267 38 1 726 0 0 363 0 0 0 0 0 0
1543 726 0 0 0 0 0 0 0 0 0 0 0 0
1544 726 0 0 0 0 0 0 0 0 0 0 0 0
1770 4048 2 1 3312 0 0 0 0 0 368 52 0 0
fn=round_and_return
215 5888 64 1 368 0 0 2576 0 0 0 0 0 0
218 736 0 0 0 0 0 0 0 0 368 4 0 0
226 368 0 0 0 0 0 0 0 0 0 0 0 0
233 368 0 0 368 0 0 0 0 0 0 0 0 0
313 736 225 1 0 0 0 0 0 0 368 0 0 0
316 736 77 1 368 0 0 368 40 0 0 0 0 0
319 801 0 0 0 0 0 0 0 0 368 10 0 0
320 736 0 0 0 0 0 0 0 0 0 0 0 0
328 334 0 0 0 0 0 0 0 0 167 0 0 0
338 334 0 0 0 0 0 0 0 0 167 2 0 0
350 861 0 0 0 0 0 0 0 0 180 4 0 0
352 710 12 0 710 170 2 0 0 0 0 0 0 0
355 2602 17 2 736 0 0 0 0 0 368 1 0 0
356 2576 0 0 2208 0 0 0 0 0 0 0 0 0
fn=str_to_mpn.isra.0
365 7310 75 1 731 0 0 5117 33 0 0 0 0 0
374 1462 0 0 0 0 0 0 0 0 0 0 0 0
375 731 0 0 0 0 0 0 0 0 0 0 0 0
378 731 0 0 0 0 0 731 0 0 0 0 0 0
379 4386 77 1 0 0 0 0 0 0 731 145 0 0
382 3296 72 1 0 0 0 0 0 0 1648 7 0 0
413 6592 0 0 1648 0 0 0 0 0 1648 8 0 0
416 726 0 0 0 0 0 0 0 0 363 50 0 0
423 363 0 0 0 0 0 0 0 0 0 0 0 0
426 5307 0 0 363 0 0 0 0 0 0 0 0 0
427 3296 0 0 0 0 0 0 0 0 0 0 0 0
429 3296 0 0 0 0 0 0 0 0 1648 376 0 0
431 2924 38 1 1462 0 0 0 0 0 731 7 0 0
438 2193 0 0 731 92 1 0 0 0 0 0 0 0
440 2193 0 0 731 0 0 0 0 0 731 7 0 0
442 731 0 0 0 0 0 731 1 0 0 0 0 0
443 731 94 1 0 0 0 731 0 0 0 0 0 0
458 6579 0 0 5117 0 0 0 0 0 0 0 0 0
fn=strtod_l
1782 736 230 1 0 0 0 0 0 0 0 0 0 0
1783 736 0 0 0 0 0 0 0 0 0 0 0 0
fl=./string/../include/rtld-malloc.h
fn=strdup
56 12 0 0 6 0 0 6 0 0 0 0 6 1
fl=./string/../string/strcspn.c
fn=strcspn
32 6 1 1 0 0 0 2 0 0 0 0 0 0
33 3 0 0 1 1 1 0 0 0 1 0 0 0
34 2 0 0 1 0 0 0 0 0 1 0 0 0
39 6 0 0 0 0 0 4 2 2 0 0 0 0
40 4 1 1 0 0 0 4 1 1 0 0 0 0
41 4 0 0 0 0 0 4 1 1 0 0 0 0
42 4 0 0 0 0 0 4 0 0 0 0 0 0
44 1 0 0 0 0 0 0 0 0 0 0 0 0
47 9 1 1 3 0 0 3 0 0 0 0 0 0
48 6 0 0 0 0 0 0 0 0 3 2 0 0
51 4 0 0 2 0 0 0 0 0 1 0 0 0
52 4 0 0 2 0 0 0 0 0 1 0 0 0
53 4 1 1 2 0 0 0 0 0 1 0 0 0
54 4 0 0 2 0 0 0 0 0 1 0 0 0
56 3 0 0 0 0 0 0 0 0 0 0 0 0
61 13 0 0 0 0 0 0 0 0 0 0 0 0
62 26 0 0 26 0 0 0 0 0 0 0 0 0
63 26 1 1 26 0 0 0 0 0 0 0 0 0
64 26 0 0 26 0 0 0 0 0 0 0 0 0
65 13 0 0 13 0 0 0 0 0 0 0 0 0
67 78 0 0 13 0 0 0 0 0 13 10 0 0
69 1 0 0 0 0 0 0 0 0 0 0 0 0
70 4 0 0 0 0 0 0 0 0 1 0 0 0
71 3 0 0 3 0 0 0 0 0 0 0 0 0
fl=./string/../sysdeps/x86/cacheinfo.c
fn=__x86_cacheinfo
86 1 1 1 0 0 0 0 0 0 0 0 0 0
fl=./string/../sysdeps/x86/cacheinfo.h
fn=__x86_cacheinfo
59 1 0 0 1 1 0 0 0 0 0 0 0 0
62 3 1 1 1 1 0 0 0 0 1 0 0 0
64 3 0 0 0 0 0 1 0 0 0 0 0 0
65 1 0 0 0 0 0 1 1 1 0 0 0 0
71 3 0 0 1 0 0 0 0 0 1 0 0 0
73 3 1 1 0 0 0 1 0 0 0 0 0 0
74 1 0 0 0 0 0 1 0 0 0 0 0 0
78 2 0 0 1 0 0 1 1 1 0 0 0 0
80 2 0 0 1 0 0 1 0 0 0 0 0 0
81 2 0 0 1 0 0 1 0 0 0 0 0 0
82 2 0 0 1 0 0 1 0 0 0 0 0 0
84 2 1 1 1 1 0 0 0 0 1 1 0 0
86 2 0 0 1 0 0 0 0 0 0 0 0 0
fl=./string/../sysdeps/x86_64/multiarch/../multiarch/memcmp-sse2.S
fn=bcmp
59 1 1 1 0 0 0 0 0 0 0 0 0 0
71 1 0 0 0 0 0 0 0 0 0 0 0 0
72 1 0 0 0 0 0 0 0 0 1 0 0 0
94 1 0 0 0 0 0 0 0 0 0 0 0 0
95 1 0 0 0 0 0 0 0 0 1 1 0 0
140 1 1 1 1 0 0 0 0 0 0 0 0 0
141 1 0 0 1 0 0 0 0 0 0 0 0 0
143 1 0 0 0 0 0 0 0 0 0 0 0 0
144 1 0 0 0 0 0 0 0 0 1 0 0 0
146 1 0 0 1 0 0 0 0 0 0 0 0 0
147 1 0 0 1 0 0 0 0 0 0 0 0 0
149 1 0 0 0 0 0 0 0 0 0 0 0 0
150 1 0 0 0 0 0 0 0 0 1 1 0 0
197 1 0 0 0 0 0 0 0 0 0 0 0 0
198 1 0 0 0 0 0 0 0 0 0 0 0 0
199 1 0 0 0 0 0 0 0 0 0 0 0 0
200 1 0 0 0 0 0 0 0 0 0 0 0 0
201 1 0 0 0 0 0 0 0 0 0 0 0 0
202 1 0 0 1 0 0 0 0 0 0 0 0 0
fl=./string/../sysdeps/x86_64/multiarch/../multiarch/memset-vec-unaligned-erms.S
fn=memset
132 12 1 1 0 0 0 0 0 0 0 0 0 0
133 60 0 0 0 0 0 0 0 0 0 0 0 0
138 12 0 0 0 0 0 0 0 0 0 0 0 0
139 12 0 0 0 0 0 0 0 0 12 7 0 0
142 5 0 0 0 0 0 0 0 0 0 0 0 0
143 5 0 0 0 0 0 0 0 0 5 3 0 0
145 1 0 0 0 0 0 1 1 1 0 0 0 0
146 1 0 0 0 0 0 1 0 0 0 0 0 0
147 1 0 0 1 0 0 0 0 0 0 0 0 0
244 4 1 1 0 0 0 4 3 3 0 0 0 0
245 4 0 0 0 0 0 4 0 0 0 0 0 0
257 4 0 0 0 0 0 0 0 0 0 0 0 0
260 4 0 0 0 0 0 0 0 0 0 0 0 0
261 4 0 0 0 0 0 0 0 0 4 0 0 0
273 4 0 0 0 0 0 4 2 2 0 0 0 0
274 4 0 0 0 0 0 4 2 2 0 0 0 0
287 4 0 0 0 0 0 0 0 0 0 0 0 0
288 4 0 0 0 0 0 0 0 0 0 0 0 0
290 4 0 0 0 0 0 0 0 0 4 1 0 0
293 3 0 0 0 0 0 0 0 0 0 0 0 0
296 6 0 0 0 0 0 0 0 0 0 0 0 0
299 93 0 0 0 0 0 93 34 34 0 0 0 0
300 93 0 0 0 0 0 93 0 0 0 0 0 0
301 93 0 0 0 0 0 93 52 52 0 0 0 0
302 93 0 0 0 0 0 93 6 6 0 0 0 0
303 93 0 0 0 0 0 0 0 0 0 0 0 0
304 93 0 0 0 0 0 0 0 0 0 0 0 0
305 93 0 0 0 0 0 0 0 0 93 18 0 0
308 4 0 0 0 0 0 4 1 1 0 0 0 0
309 4 0 0 0 0 0 4 0 0 0 0 0 0
310 4 0 0 0 0 0 4 0 0 0 0 0 0
311 4 0 0 0 0 0 4 0 0 0 0 0 0
316 4 0 0 4 0 0 0 0 0 0 0 0 0
350 7 1 1 0 0 0 0 0 0 0 0 0 0
352 7 0 0 0 0 0 0 0 0 0 0 0 0
353 7 0 0 0 0 0 0 0 0 7 6 0 0
392 7 1 1 0 0 0 7 2 2 0 0 0 0
393 7 0 0 0 0 0 7 1 1 0 0 0 0
395 7 0 0 7 0 0 0 0 0 0 0 0 0
fl=./string/../sysdeps/x86_64/multiarch/../multiarch/strchr-sse2.S
fn=index
32 28 1 1 0 0 0 0 0 0 0 0 0 0
33 28 0 0 0 0 0 0 0 0 0 0 0 0
34 28 0 0 0 0 0 0 0 0 0 0 0 0
35 28 0 0 0 0 0 0 0 0 0 0 0 0
36 28 1 1 0 0 0 0 0 0 0 0 0 0
37 28 0 0 0 0 0 0 0 0 0 0 0 0
38 28 0 0 0 0 0 0 0 0 0 0 0 0
39 28 0 0 0 0 0 0 0 0 0 0 0 0
40 28 0 0 0 0 0 0 0 0 28 0 0 0
41 28 0 0 28 4 4 0 0 0 0 0 0 0
42 28 0 0 0 0 0 0 0 0 0 0 0 0
43 28 0 0 0 0 0 0 0 0 0 0 0 0
44 28 0 0 0 0 0 0 0 0 0 0 0 0
45 28 0 0 0 0 0 0 0 0 0 0 0 0
46 28 0 0 0 0 0 0 0 0 0 0 0 0
47 28 0 0 0 0 0 0 0 0 0 0 0 0
48 28 0 0 0 0 0 0 0 0 0 0 0 0
49 28 0 0 0 0 0 0 0 0 28 5 0 0
50 23 0 0 0 0 0 0 0 0 0 0 0 0
54 23 0 0 0 0 0 0 0 0 0 0 0 0
55 23 1 1 0 0 0 0 0 0 0 0 0 0
56 23 0 0 23 0 0 0 0 0 0 0 0 0
57 23 0 0 0 0 0 0 0 0 0 0 0 0
59 23 0 0 23 0 0 0 0 0 0 0 0 0
63 5 0 0 5 1 1 0 0 0 0 0 0 0
64 5 0 0 0 0 0 0 0 0 0 0 0 0
65 5 0 0 0 0 0 0 0 0 0 0 0 0
66 5 0 0 0 0 0 0 0 0 0 0 0 0
67 5 0 0 0 0 0 0 0 0 0 0 0 0
68 5 0 0 0 0 0 0 0 0 0 0 0 0
69 5 0 0 5 1 1 0 0 0 0 0 0 0
70 5 0 0 0 0 0 0 0 0 0 0 0 0
71 5 0 0 0 0 0 0 0 0 0 0 0 0
72 5 0 0 0 0 0 0 0 0 0 0 0 0
73 5 0 0 0 0 0 0 0 0 0 0 0 0
74 5 1 1 0 0 0 0 0 0 0 0 0 0
75 5 0 0 0 0 0 0 0 0 0 0 0 0
76 5 0 0 5 0 0 0 0 0 0 0 0 0
77 5 0 0 0 0 0 0 0 0 0 0 0 0
78 5 0 0 0 0 0 0 0 0 0 0 0 0
79 5 0 0 0 0 0 0 0 0 0 0 0 0
80 5 0 0 0 0 0 0 0 0 0 0 0 0
81 5 0 0 0 0 0 0 0 0 0 0 0 0
82 5 0 0 0 0 0 0 0 0 0 0 0 0
83 5 0 0 0 0 0 0 0 0 0 0 0 0
84 5 0 0 0 0 0 0 0 0 0 0 0 0
85 5 0 0 0 0 0 0 0 0 0 0 0 0
86 5 0 0 0 0 0 0 0 0 5 4 0 0
138 5 1 1 0 0 0 0 0 0 0 0 0 0
142 5 0 0 0 0 0 0 0 0 0 0 0 0
143 5 0 0 0 0 0 0 0 0 0 0 0 0
144 5 0 0 5 0 0 0 0 0 0 0 0 0
145 5 0 0 0 0 0 0 0 0 0 0 0 0
147 5 0 0 5 0 0 0 0 0 0 0 0 0
fl=./string/../sysdeps/x86_64/multiarch/../multiarch/strcmp-sse2.S
fn=strcmp
98 2394 3 1 0 0 0 0 0 0 0 0 0 0
131 2394 0 0 0 0 0 0 0 0 0 0 0 0
132 2394 0 0 0 0 0 0 0 0 0 0 0 0
134 2394 0 0 0 0 0 0 0 0 0 0 0 0
135 2394 0 0 0 0 0 0 0 0 0 0 0 0
156 2394 0 0 0 0 0 0 0 0 0 0 0 0
157 2394 0 0 0 0 0 0 0 0 2278 140 0 0
158 2239 0 0 0 0 0 0 0 0 0 0 0 0
159 2239 0 0 0 0 0 0 0 0 2239 63 0 0
160 2143 0 0 2143 123 54 0 0 0 0 0 0 0
161 2143 4 1 2143 25 10 0 0 0 0 0 0 0
162 2143 0 0 2143 0 0 0 0 0 0 0 0 0
163 2143 0 0 2143 0 0 0 0 0 0 0 0 0
180 2143 0 0 0 0 0 0 0 0 0 0 0 0
181 2143 0 0 0 0 0 0 0 0 0 0 0 0
182 2143 0 0 0 0 0 0 0 0 0 0 0 0
183 2143 0 0 0 0 0 0 0 0 0 0 0 0
184 2143 0 0 0 0 0 0 0 0 0 0 0 0
185 2143 0 0 0 0 0 0 0 0 0 0 0 0
186 2143 0 0 0 0 0 0 0 0 2143 91 0 0
191 38 0 0 0 0 0 0 0 0 0 0 0 0
192 114 0 0 0 0 0 0 0 0 0 0 0 0
201 289 2 1 0 0 0 0 0 0 0 0 0 0
202 289 0 0 0 0 0 0 0 0 0 0 0 0
203 289 0 0 0 0 0 0 0 0 0 0 0 0
204 289 0 0 0 0 0 0 0 0 0 0 0 0
205 289 0 0 0 0 0 0 0 0 0 0 0 0
206 289 0 0 0 0 0 0 0 0 0 0 0 0
207 289 0 0 0 0 0 0 0 0 0 0 0 0
208 289 0 0 0 0 0 0 0 0 289 13 0 0
209 208 0 0 0 0 0 0 0 0 208 98 0 0
210 89 0 0 0 0 0 0 0 0 0 0 0 0
211 89 0 0 0 0 0 0 0 0 0 0 0 0
212 89 0 0 0 0 0 0 0 0 0 0 0 0
214 208 0 0 0 0 0 0 0 0 0 0 0 0
215 208 0 0 0 0 0 0 0 0 0 0 0 0
216 208 0 0 0 0 0 0 0 0 0 0 0 0
217 208 0 0 208 8 2 0 0 0 0 0 0 0
218 208 0 0 0 0 0 0 0 0 0 0 0 0
219 208 0 0 0 0 0 0 0 0 0 0 208 144
229 81 2 1 81 17 3 0 0 0 0 0 0 0
230 81 0 0 0 0 0 0 0 0 0 0 0 0
231 81 0 0 0 0 0 0 0 0 0 0 0 0
233 81 0 0 81 0 0 0 0 0 0 0 0 0
239 81 0 0 0 0 0 0 0 0 0 0 0 0
240 81 0 0 0 0 0 0 0 0 0 0 0 0
241 81 0 0 0 0 0 0 0 0 0 0 0 0
242 81 0 0 0 0 0 0 0 0 0 0 0 0
243 81 0 0 0 0 0 0 0 0 0 0 0 0
248 81 0 0 0 0 0 0 0 0 81 6 0 0
250 74 0 0 0 0 0 0 0 0 0 0 0 0
251 74 0 0 0 0 0 0 0 0 0 0 0 0
252 148 0 0 0 0 0 0 0 0 0 0 0 0
260 75 2 1 75 16 1 0 0 0 0 0 0 0
261 75 0 0 75 0 0 0 0 0 0 0 0 0
264 75 0 0 0 0 0 0 0 0 0 0 0 0
265 75 0 0 0 0 0 0 0 0 0 0 0 0
266 75 0 0 0 0 0 0 0 0 0 0 0 0
267 75 0 0 0 0 0 0 0 0 0 0 0 0
268 75 0 0 0 0 0 0 0 0 0 0 0 0
269 75 0 0 0 0 0 0 0 0 75 3 0 0
275 1 0 0 0 0 0 0 0 0 0 0 0 0
276 1 0 0 1 0 0 0 0 0 0 0 0 0
277 1 0 0 1 1 1 0 0 0 0 0 0 0
280 1 0 0 0 0 0 0 0 0 0 0 0 0
281 1 0 0 0 0 0 0 0 0 0 0 0 0
282 1 0 0 0 0 0 0 0 0 0 0 0 0
283 1 1 1 0 0 0 0 0 0 0 0 0 0
284 1 0 0 0 0 0 0 0 0 0 0 0 0
285 1 0 0 0 0 0 0 0 0 1 0 0 0
290 1 0 0 0 0 0 0 0 0 0 0 0 0
291 1 0 0 0 0 0 0 0 0 0 0 0 0
300 6 0 0 0 0 0 0 0 0 0 0 0 0
301 6 0 0 6 0 0 0 0 0 0 0 0 0
302 6 0 0 6 1 1 0 0 0 0 0 0 0
303 6 0 0 0 0 0 0 0 0 0 0 0 0
304 6 0 0 0 0 0 0 0 0 0 0 0 0
306 6 0 0 0 0 0 0 0 0 0 0 0 0
307 6 0 0 0 0 0 0 0 0 0 0 0 0
308 6 1 1 0 0 0 0 0 0 0 0 0 0
309 6 0 0 0 0 0 0 0 0 0 0 0 0
310 6 0 0 0 0 0 0 0 0 0 0 0 0
311 6 0 0 0 0 0 0 0 0 0 0 0 0
312 6 0 0 0 0 0 0 0 0 6 1 0 0
313 6 0 0 6 0 0 0 0 0 0 0 0 0
316 6 0 0 0 0 0 0 0 0 0 0 0 0
317 6 0 0 0 0 0 0 0 0 0 0 0 0
318 6 0 0 0 0 0 0 0 0 0 0 0 0
324 6 0 0 0 0 0 0 0 0 0 0 0 0
325 6 0 0 0 0 0 0 0 0 0 0 0 0
326 12 0 0 0 0 0 0 0 0 0 0 0 0
330 6 1 1 0 0 0 0 0 0 0 0 0 0
331 6 0 0 0 0 0 0 0 0 6 0 0 0
334 6 0 0 6 0 0 0 0 0 0 0 0 0
335 6 0 0 6 0 0 0 0 0 0 0 0 0
336 6 0 0 0 0 0 0 0 0 0 0 0 0
338 6 0 0 0 0 0 0 0 0 0 0 0 0
339 6 0 0 0 0 0 0 0 0 0 0 0 0
340 6 0 0 0 0 0 0 0 0 0 0 0 0
344 6 0 0 0 0 0 0 0 0 0 0 0 0
345 6 0 0 0 0 0 0 0 0 0 0 0 0
346 6 0 0 0 0 0 0 0 0 0 0 0 0
347 6 0 0 0 0 0 0 0 0 0 0 0 0
348 6 0 0 0 0 0 0 0 0 0 0 0 0
349 6 1 1 0 0 0 0 0 0 6 3 0 0
424 1 1 1 0 0 0 0 0 0 0 0 0 0
425 1 0 0 1 0 0 0 0 0 0 0 0 0
426 1 0 0 1 1 1 0 0 0 0 0 0 0
427 1 0 0 0 0 0 0 0 0 0 0 0 0
428 1 0 0 0 0 0 0 0 0 0 0 0 0
430 1 0 0 0 0 0 0 0 0 0 0 0 0
431 1 0 0 0 0 0 0 0 0 0 0 0 0
432 1 1 1 0 0 0 0 0 0 0 0 0 0
433 1 0 0 0 0 0 0 0 0 0 0 0 0
434 1 0 0 0 0 0 0 0 0 0 0 0 0
435 1 0 0 0 0 0 0 0 0 0 0 0 0
436 1 0 0 0 0 0 0 0 0 1 0 0 0
437 1 0 0 1 0 0 0 0 0 0 0 0 0
440 1 0 0 0 0 0 0 0 0 0 0 0 0
441 1 0 0 0 0 0 0 0 0 0 0 0 0
442 1 0 0 0 0 0 0 0 0 0 0 0 0
448 1 0 0 0 0 0 0 0 0 0 0 0 0
449 1 0 0 0 0 0 0 0 0 0 0 0 0
450 2 0 0 0 0 0 0 0 0 0 0 0 0
454 1 1 1 0 0 0 0 0 0 0 0 0 0
455 1 0 0 0 0 0 0 0 0 1 0 0 0
458 1 0 0 1 1 0 0 0 0 0 0 0 0
459 1 0 0 1 0 0 0 0 0 0 0 0 0
460 1 0 0 0 0 0 0 0 0 0 0 0 0
462 1 0 0 0 0 0 0 0 0 0 0 0 0
463 1 0 0 0 0 0 0 0 0 0 0 0 0
464 1 0 0 0 0 0 0 0 0 0 0 0 0
468 1 0 0 0 0 0 0 0 0 0 0 0 0
469 1 0 0 0 0 0 0 0 0 0 0 0 0
470 1 0 0 0 0 0 0 0 0 0 0 0 0
471 1 0 0 0 0 0 0 0 0 0 0 0 0
472 1 0 0 0 0 0 0 0 0 0 0 0 0
473 1 1 1 0 0 0 0 0 0 1 1 0 0
542 1 1 1 0 0 0 0 0 0 0 0 0 0
543 1 0 0 1 1 1 0 0 0 0 0 0 0
544 1 0 0 1 0 0 0 0 0 0 0 0 0
545 1 0 0 0 0 0 0 0 0 0 0 0 0
546 1 0 0 0 0 0 0 0 0 0 0 0 0
548 1 0 0 0 0 0 0 0 0 0 0 0 0
549 1 0 0 0 0 0 0 0 0 0 0 0 0
550 1 1 1 0 0 0 0 0 0 0 0 0 0
551 1 0 0 0 0 0 0 0 0 0 0 0 0
552 1 0 0 0 0 0 0 0 0 0 0 0 0
553 1 0 0 0 0 0 0 0 0 0 0 0 0
554 1 0 0 0 0 0 0 0 0 1 0 0 0
555 1 0 0 1 0 0 0 0 0 0 0 0 0
559 1 0 0 0 0 0 0 0 0 0 0 0 0
560 1 0 0 0 0 0 0 0 0 0 0 0 0
561 1 0 0 0 0 0 0 0 0 0 0 0 0
567 1 0 0 0 0 0 0 0 0 0 0 0 0
568 1 0 0 0 0 0 0 0 0 0 0 0 0
569 2 0 0 0 0 0 0 0 0 0 0 0 0
573 2 1 1 0 0 0 0 0 0 0 0 0 0
574 2 0 0 0 0 0 0 0 0 2 0 0 0
577 2 0 0 2 0 0 0 0 0 0 0 0 0
578 2 0 0 2 1 1 0 0 0 0 0 0 0
579 2 0 0 0 0 0 0 0 0 0 0 0 0
581 2 0 0 0 0 0 0 0 0 0 0 0 0
582 2 0 0 0 0 0 0 0 0 0 0 0 0
583 2 0 0 0 0 0 0 0 0 0 0 0 0
587 2 0 0 0 0 0 0 0 0 0 0 0 0
588 2 0 0 0 0 0 0 0 0 0 0 0 0
589 2 0 0 0 0 0 0 0 0 0 0 0 0
590 2 0 0 0 0 0 0 0 0 0 0 0 0
591 2 0 0 0 0 0 0 0 0 0 0 0 0
592 2 1 1 0 0 0 0 0 0 2 2 0 0
599 2 0 0 0 0 0 0 0 0 0 0 0 0
600 2 0 0 0 0 0 0 0 0 0 0 0 0
602 2 0 0 0 0 0 0 0 0 0 0 0 0
603 2 0 0 0 0 0 0 0 0 2 0 0 0
605 2 0 0 2 0 0 0 0 0 0 0 0 0
606 2 0 0 2 0 0 0 0 0 0 0 0 0
607 2 0 0 0 0 0 0 0 0 0 0 0 0
609 2 0 0 0 0 0 0 0 0 0 0 0 0
610 2 0 0 0 0 0 0 0 0 0 0 0 0
611 2 0 0 0 0 0 0 0 0 0 0 0 0
615 2 0 0 0 0 0 0 0 0 0 0 0 0
616 2 0 0 0 0 0 0 0 0 0 0 0 0
617 2 0 0 0 0 0 0 0 0 0 0 0 0
618 2 0 0 0 0 0 0 0 0 0 0 0 0
619 2 1 1 0 0 0 0 0 0 0 0 0 0
620 2 0 0 0 0 0 0 0 0 2 1 0 0
627 1 0 0 0 0 0 0 0 0 0 0 0 0
628 1 0 0 0 0 0 0 0 0 0 0 0 0
629 1 0 0 0 0 0 0 0 0 0 0 0 0
661 2 1 1 0 0 0 0 0 0 0 0 0 0
662 2 0 0 2 1 0 0 0 0 0 0 0 0
663 2 0 0 2 0 0 0 0 0 0 0 0 0
664 2 0 0 0 0 0 0 0 0 0 0 0 0
665 2 0 0 0 0 0 0 0 0 0 0 0 0
667 2 0 0 0 0 0 0 0 0 0 0 0 0
668 2 0 0 0 0 0 0 0 0 0 0 0 0
669 2 1 1 0 0 0 0 0 0 0 0 0 0
670 2 0 0 0 0 0 0 0 0 0 0 0 0
671 2 0 0 0 0 0 0 0 0 0 0 0 0
672 2 0 0 0 0 0 0 0 0 0 0 0 0
673 2 0 0 0 0 0 0 0 0 2 1 0 0
674 1 0 0 1 0 0 0 0 0 0 0 0 0
678 1 0 0 0 0 0 0 0 0 0 0 0 0
679 1 0 0 0 0 0 0 0 0 0 0 0 0
680 1 0 0 0 0 0 0 0 0 0 0 0 0
686 1 0 0 0 0 0 0 0 0 0 0 0 0
687 1 0 0 0 0 0 0 0 0 0 0 0 0
688 2 0 0 0 0 0 0 0 0 0 0 0 0
692 1 1 1 0 0 0 0 0 0 0 0 0 0
693 1 0 0 0 0 0 0 0 0 1 0 0 0
696 1 0 0 1 0 0 0 0 0 0 0 0 0
697 1 0 0 1 0 0 0 0 0 0 0 0 0
698 1 0 0 0 0 0 0 0 0 0 0 0 0
700 1 0 0 0 0 0 0 0 0 0 0 0 0
701 1 0 0 0 0 0 0 0 0 0 0 0 0
702 1 0 0 0 0 0 0 0 0 0 0 0 0
706 1 0 0 0 0 0 0 0 0 0 0 0 0
707 1 0 0 0 0 0 0 0 0 0 0 0 0
708 1 0 0 0 0 0 0 0 0 0 0 0 0
709 1 0 0 0 0 0 0 0 0 0 0 0 0
710 1 0 0 0 0 0 0 0 0 0 0 0 0
711 1 1 1 0 0 0 0 0 0 1 1 0 0
780 5 1 1 0 0 0 0 0 0 0 0 0 0
781 5 0 0 5 1 1 0 0 0 0 0 0 0
782 5 0 0 5 0 0 0 0 0 0 0 0 0
783 5 0 0 0 0 0 0 0 0 0 0 0 0
784 5 0 0 0 0 0 0 0 0 0 0 0 0
786 5 0 0 0 0 0 0 0 0 0 0 0 0
787 5 0 0 0 0 0 0 0 0 0 0 0 0
788 5 1 1 0 0 0 0 0 0 0 0 0 0
789 5 0 0 0 0 0 0 0 0 0 0 0 0
790 5 0 0 0 0 0 0 0 0 0 0 0 0
791 5 0 0 0 0 0 0 0 0 0 0 0 0
792 5 0 0 0 0 0 0 0 0 5 1 0 0
793 4 0 0 4 0 0 0 0 0 0 0 0 0
797 4 0 0 0 0 0 0 0 0 0 0 0 0
798 4 0 0 0 0 0 0 0 0 0 0 0 0
799 4 0 0 0 0 0 0 0 0 0 0 0 0
805 4 0 0 0 0 0 0 0 0 0 0 0 0
806 4 0 0 0 0 0 0 0 0 0 0 0 0
807 8 0 0 0 0 0 0 0 0 0 0 0 0
811 7 1 1 0 0 0 0 0 0 0 0 0 0
812 7 0 0 0 0 0 0 0 0 7 0 0 0
815 7 0 0 7 0 0 0 0 0 0 0 0 0
816 7 0 0 7 1 1 0 0 0 0 0 0 0
817 7 0 0 0 0 0 0 0 0 0 0 0 0
819 7 0 0 0 0 0 0 0 0 0 0 0 0
820 7 0 0 0 0 0 0 0 0 0 0 0 0
821 7 0 0 0 0 0 0 0 0 0 0 0 0
825 7 0 0 0 0 0 0 0 0 0 0 0 0
826 7 0 0 0 0 0 0 0 0 0 0 0 0
827 7 0 0 0 0 0 0 0 0 0 0 0 0
828 7 0 0 0 0 0 0 0 0 0 0 0 0
829 7 0 0 0 0 0 0 0 0 0 0 0 0
830 7 1 1 0 0 0 0 0 0 7 2 0 0
837 6 0 0 0 0 0 0 0 0 0 0 0 0
838 6 0 0 0 0 0 0 0 0 0 0 0 0
840 6 0 0 0 0 0 0 0 0 0 0 0 0
841 6 0 0 0 0 0 0 0 0 6 0 0 0
843 6 0 0 6 0 0 0 0 0 0 0 0 0
844 6 0 0 6 2 1 0 0 0 0 0 0 0
845 6 0 0 0 0 0 0 0 0 0 0 0 0
847 6 0 0 0 0 0 0 0 0 0 0 0 0
848 6 0 0 0 0 0 0 0 0 0 0 0 0
849 6 0 0 0 0 0 0 0 0 0 0 0 0
853 6 0 0 0 0 0 0 0 0 0 0 0 0
854 6 0 0 0 0 0 0 0 0 0 0 0 0
855 6 0 0 0 0 0 0 0 0 0 0 0 0
856 6 0 0 0 0 0 0 0 0 0 0 0 0
857 6 1 1 0 0 0 0 0 0 0 0 0 0
858 6 0 0 0 0 0 0 0 0 6 3 0 0
865 3 0 0 0 0 0 0 0 0 0 0 0 0
866 3 0 0 0 0 0 0 0 0 0 0 0 0
867 3 0 0 0 0 0 0 0 0 0 0 0 0
899 3 1 1 0 0 0 0 0 0 0 0 0 0
900 3 0 0 3 1 1 0 0 0 0 0 0 0
901 3 0 0 3 2 2 0 0 0 0 0 0 0
902 3 0 0 0 0 0 0 0 0 0 0 0 0
903 3 0 0 0 0 0 0 0 0 0 0 0 0
905 3 0 0 0 0 0 0 0 0 0 0 0 0
906 3 0 0 0 0 0 0 0 0 0 0 0 0
907 3 1 1 0 0 0 0 0 0 0 0 0 0
908 3 0 0 0 0 0 0 0 0 0 0 0 0
909 3 0 0 0 0 0 0 0 0 0 0 0 0
910 3 0 0 0 0 0 0 0 0 0 0 0 0
911 3 0 0 0 0 0 0 0 0 3 0 0 0
912 2 0 0 2 0 0 0 0 0 0 0 0 0
916 2 0 0 0 0 0 0 0 0 0 0 0 0
917 2 0 0 0 0 0 0 0 0 0 0 0 0
918 2 0 0 0 0 0 0 0 0 0 0 0 0
924 2 0 0 0 0 0 0 0 0 0 0 0 0
925 2 0 0 0 0 0 0 0 0 0 0 0 0
926 4 0 0 0 0 0 0 0 0 0 0 0 0
930 2 1 1 0 0 0 0 0 0 0 0 0 0
931 2 0 0 0 0 0 0 0 0 2 0 0 0
934 2 0 0 2 2 2 0 0 0 0 0 0 0
935 2 0 0 2 0 0 0 0 0 0 0 0 0
936 2 0 0 0 0 0 0 0 0 0 0 0 0
938 2 0 0 0 0 0 0 0 0 0 0 0 0
939 2 0 0 0 0 0 0 0 0 0 0 0 0
940 2 0 0 0 0 0 0 0 0 0 0 0 0
944 2 0 0 0 0 0 0 0 0 0 0 0 0
945 2 0 0 0 0 0 0 0 0 0 0 0 0
946 2 0 0 0 0 0 0 0 0 0 0 0 0
947 2 0 0 0 0 0 0 0 0 0 0 0 0
948 2 0 0 0 0 0 0 0 0 0 0 0 0
949 2 1 1 0 0 0 0 0 0 2 1 0 0
956 1 0 0 0 0 0 0 0 0 0 0 0 0
957 1 0 0 0 0 0 0 0 0 0 0 0 0
959 1 0 0 0 0 0 0 0 0 0 0 0 0
960 1 0 0 0 0 0 0 0 0 1 0 0 0
962 1 0 0 1 0 0 0 0 0 0 0 0 0
963 1 0 0 1 0 0 0 0 0 0 0 0 0
964 1 0 0 0 0 0 0 0 0 0 0 0 0
966 1 0 0 0 0 0 0 0 0 0 0 0 0
967 1 0 0 0 0 0 0 0 0 0 0 0 0
968 1 0 0 0 0 0 0 0 0 0 0 0 0
972 1 0 0 0 0 0 0 0 0 0 0 0 0
973 1 0 0 0 0 0 0 0 0 0 0 0 0
974 1 0 0 0 0 0 0 0 0 0 0 0 0
975 1 0 0 0 0 0 0 0 0 0 0 0 0
976 1 1 1 0 0 0 0 0 0 0 0 0 0
977 1 0 0 0 0 0 0 0 0 1 1 0 0
1018 10 1 1 0 0 0 0 0 0 0 0 0 0
1019 10 0 0 10 2 2 0 0 0 0 0 0 0
1020 10 0 0 10 2 2 0 0 0 0 0 0 0
1021 10 0 0 0 0 0 0 0 0 0 0 0 0
1022 10 0 0 0 0 0 0 0 0 0 0 0 0
1024 10 0 0 0 0 0 0 0 0 0 0 0 0
1025 10 0 0 0 0 0 0 0 0 0 0 0 0
1026 10 1 1 0 0 0 0 0 0 0 0 0 0
1027 10 0 0 0 0 0 0 0 0 0 0 0 0
1028 10 0 0 0 0 0 0 0 0 0 0 0 0
1029 10 0 0 0 0 0 0 0 0 0 0 0 0
1030 10 0 0 0 0 0 0 0 0 10 2 0 0
1031 9 0 0 9 0 0 0 0 0 0 0 0 0
1035 9 0 0 0 0 0 0 0 0 0 0 0 0
1036 9 0 0 0 0 0 0 0 0 0 0 0 0
1037 9 0 0 0 0 0 0 0 0 0 0 0 0
1043 9 0 0 0 0 0 0 0 0 0 0 0 0
1044 9 0 0 0 0 0 0 0 0 0 0 0 0
1045 18 0 0 0 0 0 0 0 0 0 0 0 0
1049 15 1 1 0 0 0 0 0 0 0 0 0 0
1050 15 0 0 0 0 0 0 0 0 15 0 0 0
1053 15 0 0 15 3 3 0 0 0 0 0 0 0
1054 15 0 0 15 2 2 0 0 0 0 0 0 0
1055 15 0 0 0 0 0 0 0 0 0 0 0 0
1057 15 0 0 0 0 0 0 0 0 0 0 0 0
1058 15 0 0 0 0 0 0 0 0 0 0 0 0
1059 15 0 0 0 0 0 0 0 0 0 0 0 0
1063 15 0 0 0 0 0 0 0 0 0 0 0 0
1064 15 0 0 0 0 0 0 0 0 0 0 0 0
1065 15 0 0 0 0 0 0 0 0 0 0 0 0
1066 15 0 0 0 0 0 0 0 0 0 0 0 0
1067 15 0 0 0 0 0 0 0 0 0 0 0 0
1068 15 1 1 0 0 0 0 0 0 15 5 0 0
1075 7 0 0 0 0 0 0 0 0 0 0 0 0
1076 7 0 0 0 0 0 0 0 0 0 0 0 0
1078 7 0 0 0 0 0 0 0 0 0 0 0 0
1079 7 0 0 0 0 0 0 0 0 7 0 0 0
1081 7 0 0 7 1 1 0 0 0 0 0 0 0
1082 7 0 0 7 0 0 0 0 0 0 0 0 0
1083 7 0 0 0 0 0 0 0 0 0 0 0 0
1085 7 0 0 0 0 0 0 0 0 0 0 0 0
1086 7 0 0 0 0 0 0 0 0 0 0 0 0
1087 7 0 0 0 0 0 0 0 0 0 0 0 0
1091 7 0 0 0 0 0 0 0 0 0 0 0 0
1092 7 0 0 0 0 0 0 0 0 0 0 0 0
1093 7 0 0 0 0 0 0 0 0 0 0 0 0
1094 7 0 0 0 0 0 0 0 0 0 0 0 0
1095 7 1 1 0 0 0 0 0 0 0 0 0 0
1096 7 0 0 0 0 0 0 0 0 7 3 0 0
1103 6 0 0 0 0 0 0 0 0 0 0 0 0
1104 6 0 0 0 0 0 0 0 0 0 0 0 0
1105 6 0 0 0 0 0 0 0 0 0 0 0 0
1137 15 1 1 0 0 0 0 0 0 0 0 0 0
1138 15 0 0 15 0 0 0 0 0 0 0 0 0
1139 15 0 0 15 1 1 0 0 0 0 0 0 0
1140 15 0 0 0 0 0 0 0 0 0 0 0 0
1141 15 0 0 0 0 0 0 0 0 0 0 0 0
1143 15 0 0 0 0 0 0 0 0 0 0 0 0
1144 15 0 0 0 0 0 0 0 0 0 0 0 0
1145 15 2 1 0 0 0 0 0 0 0 0 0 0
1146 15 0 0 0 0 0 0 0 0 0 0 0 0
1147 15 0 0 0 0 0 0 0 0 0 0 0 0
1148 15 0 0 0 0 0 0 0 0 0 0 0 0
1149 15 0 0 0 0 0 0 0 0 15 3 0 0
1150 4 0 0 4 0 0 0 0 0 0 0 0 0
1154 4 0 0 0 0 0 0 0 0 0 0 0 0
1155 4 0 0 0 0 0 0 0 0 0 0 0 0
1156 4 0 0 0 0 0 0 0 0 0 0 0 0
1162 4 0 0 0 0 0 0 0 0 0 0 0 0
1163 4 0 0 0 0 0 0 0 0 0 0 0 0
1164 8 0 0 0 0 0 0 0 0 0 0 0 0
1168 4 2 1 0 0 0 0 0 0 0 0 0 0
1169 4 0 0 0 0 0 0 0 0 4 0 0 0
1172 4 0 0 4 1 1 0 0 0 0 0 0 0
1173 4 0 0 4 0 0 0 0 0 0 0 0 0
1174 4 0 0 0 0 0 0 0 0 0 0 0 0
1176 4 0 0 0 0 0 0 0 0 0 0 0 0
1177 4 0 0 0 0 0 0 0 0 0 0 0 0
1178 4 0 0 0 0 0 0 0 0 0 0 0 0
1182 4 0 0 0 0 0 0 0 0 0 0 0 0
1183 4 0 0 0 0 0 0 0 0 0 0 0 0
1184 4 0 0 0 0 0 0 0 0 0 0 0 0
1185 4 0 0 0 0 0 0 0 0 0 0 0 0
1186 4 0 0 0 0 0 0 0 0 0 0 0 0
1187 4 2 1 0 0 0 0 0 0 4 2 0 0
1256 13 2 1 0 0 0 0 0 0 0 0 0 0
1257 13 0 0 13 1 1 0 0 0 0 0 0 0
1258 13 0 0 13 1 0 0 0 0 0 0 0 0
1259 13 0 0 0 0 0 0 0 0 0 0 0 0
1260 13 0 0 0 0 0 0 0 0 0 0 0 0
1262 13 0 0 0 0 0 0 0 0 0 0 0 0
1263 13 0 0 0 0 0 0 0 0 0 0 0 0
1264 13 2 1 0 0 0 0 0 0 0 0 0 0
1265 13 0 0 0 0 0 0 0 0 0 0 0 0
1266 13 0 0 0 0 0 0 0 0 0 0 0 0
1267 13 0 0 0 0 0 0 0 0 0 0 0 0
1268 13 0 0 0 0 0 0 0 0 13 3 0 0
1269 3 0 0 3 0 0 0 0 0 0 0 0 0
1273 3 0 0 0 0 0 0 0 0 0 0 0 0
1274 3 0 0 0 0 0 0 0 0 0 0 0 0
1275 3 0 0 0 0 0 0 0 0 0 0 0 0
1281 3 0 0 0 0 0 0 0 0 0 0 0 0
1282 3 0 0 0 0 0 0 0 0 0 0 0 0
1283 6 0 0 0 0 0 0 0 0 0 0 0 0
1287 3 2 1 0 0 0 0 0 0 0 0 0 0
1288 3 0 0 0 0 0 0 0 0 3 0 0 0
1291 3 0 0 3 0 0 0 0 0 0 0 0 0
1292 3 0 0 3 1 1 0 0 0 0 0 0 0
1293 3 0 0 0 0 0 0 0 0 0 0 0 0
1295 3 0 0 0 0 0 0 0 0 0 0 0 0
1296 3 0 0 0 0 0 0 0 0 0 0 0 0
1297 3 0 0 0 0 0 0 0 0 0 0 0 0
1301 3 0 0 0 0 0 0 0 0 0 0 0 0
1302 3 0 0 0 0 0 0 0 0 0 0 0 0
1303 3 0 0 0 0 0 0 0 0 0 0 0 0
1304 3 0 0 0 0 0 0 0 0 0 0 0 0
1305 3 0 0 0 0 0 0 0 0 0 0 0 0
1306 3 2 1 0 0 0 0 0 0 3 3 0 0
1375 14 1 1 0 0 0 0 0 0 0 0 0 0
1376 14 0 0 14 2 0 0 0 0 0 0 0 0
1377 14 0 0 14 2 0 0 0 0 0 0 0 0
1378 14 0 0 0 0 0 0 0 0 0 0 0 0
1379 14 0 0 0 0 0 0 0 0 0 0 0 0
1381 14 0 0 0 0 0 0 0 0 0 0 0 0
1382 14 0 0 0 0 0 0 0 0 0 0 0 0
1383 14 1 1 0 0 0 0 0 0 0 0 0 0
1384 14 0 0 0 0 0 0 0 0 0 0 0 0
1385 14 0 0 0 0 0 0 0 0 0 0 0 0
1386 14 0 0 0 0 0 0 0 0 0 0 0 0
1387 14 0 0 0 0 0 0 0 0 14 4 0 0
1388 10 0 0 10 0 0 0 0 0 0 0 0 0
1392 10 0 0 0 0 0 0 0 0 0 0 0 0
1393 10 0 0 0 0 0 0 0 0 0 0 0 0
1394 10 0 0 0 0 0 0 0 0 0 0 0 0
1400 10 0 0 0 0 0 0 0 0 0 0 0 0
1401 10 0 0 0 0 0 0 0 0 0 0 0 0
1402 20 0 0 0 0 0 0 0 0 0 0 0 0
1406 12 1 1 0 0 0 0 0 0 0 0 0 0
1407 12 0 0 0 0 0 0 0 0 12 0 0 0
1410 12 0 0 12 3 2 0 0 0 0 0 0 0
1411 12 0 0 12 6 2 0 0 0 0 0 0 0
1412 12 0 0 0 0 0 0 0 0 0 0 0 0
1414 12 0 0 0 0 0 0 0 0 0 0 0 0
1415 12 0 0 0 0 0 0 0 0 0 0 0 0
1416 12 0 0 0 0 0 0 0 0 0 0 0 0
1420 12 0 0 0 0 0 0 0 0 0 0 0 0
1421 12 0 0 0 0 0 0 0 0 0 0 0 0
1422 12 0 0 0 0 0 0 0 0 0 0 0 0
1423 12 0 0 0 0 0 0 0 0 0 0 0 0
1424 12 0 0 0 0 0 0 0 0 0 0 0 0
1425 12 1 1 0 0 0 0 0 0 12 4 0 0
1432 4 0 0 0 0 0 0 0 0 0 0 0 0
1433 4 0 0 0 0 0 0 0 0 0 0 0 0
1435 4 0 0 0 0 0 0 0 0 0 0 0 0
1436 4 0 0 0 0 0 0 0 0 4 0 0 0
1438 4 0 0 4 0 0 0 0 0 0 0 0 0
1439 4 0 0 4 0 0 0 0 0 0 0 0 0
1440 4 0 0 0 0 0 0 0 0 0 0 0 0
1442 4 0 0 0 0 0 0 0 0 0 0 0 0
1443 4 0 0 0 0 0 0 0 0 0 0 0 0
1444 4 0 0 0 0 0 0 0 0 0 0 0 0
1448 4 0 0 0 0 0 0 0 0 0 0 0 0
1449 4 0 0 0 0 0 0 0 0 0 0 0 0
1450 4 0 0 0 0 0 0 0 0 0 0 0 0
1451 4 0 0 0 0 0 0 0 0 0 0 0 0
1452 4 1 1 0 0 0 0 0 0 0 0 0 0
1453 4 0 0 0 0 0 0 0 0 4 2 0 0
1460 2 0 0 0 0 0 0 0 0 0 0 0 0
1461 2 0 0 0 0 0 0 0 0 0 0 0 0
1462 2 0 0 0 0 0 0 0 0 0 0 0 0
1494 30 1 1 0 0 0 0 0 0 0 0 0 0
1495 30 0 0 30 2 2 0 0 0 0 0 0 0
1496 30 0 0 30 2 1 0 0 0 0 0 0 0
1497 30 0 0 0 0 0 0 0 0 0 0 0 0
1498 30 0 0 0 0 0 0 0 0 0 0 0 0
1500 30 0 0 0 0 0 0 0 0 0 0 0 0
1501 30 0 0 0 0 0 0 0 0 0 0 0 0
1502 30 1 1 0 0 0 0 0 0 0 0 0 0
1503 30 0 0 0 0 0 0 0 0 0 0 0 0
1504 30 0 0 0 0 0 0 0 0 0 0 0 0
1505 30 0 0 0 0 0 0 0 0 0 0 0 0
1506 30 0 0 0 0 0 0 0 0 30 16 0 0
1507 9 0 0 9 0 0 0 0 0 0 0 0 0
1511 9 0 0 0 0 0 0 0 0 0 0 0 0
1512 9 0 0 0 0 0 0 0 0 0 0 0 0
1513 9 0 0 0 0 0 0 0 0 0 0 0 0
1519 9 0 0 0 0 0 0 0 0 0 0 0 0
1520 9 0 0 0 0 0 0 0 0 0 0 0 0
1521 18 0 0 0 0 0 0 0 0 0 0 0 0
1525 10 1 1 0 0 0 0 0 0 0 0 0 0
1526 10 0 0 0 0 0 0 0 0 10 0 0 0
1529 10 0 0 10 2 1 0 0 0 0 0 0 0
1530 10 0 0 10 1 1 0 0 0 0 0 0 0
1531 10 0 0 0 0 0 0 0 0 0 0 0 0
1533 10 0 0 0 0 0 0 0 0 0 0 0 0
1534 10 0 0 0 0 0 0 0 0 0 0 0 0
1535 10 0 0 0 0 0 0 0 0 0 0 0 0
1539 10 0 0 0 0 0 0 0 0 0 0 0 0
1540 10 0 0 0 0 0 0 0 0 0 0 0 0
1541 10 0 0 0 0 0 0 0 0 0 0 0 0
1542 10 0 0 0 0 0 0 0 0 0 0 0 0
1543 10 0 0 0 0 0 0 0 0 0 0 0 0
1544 10 1 1 0 0 0 0 0 0 10 3 0 0
1551 1 0 0 0 0 0 0 0 0 0 0 0 0
1552 1 0 0 0 0 0 0 0 0 0 0 0 0
1554 1 0 0 0 0 0 0 0 0 0 0 0 0
1555 1 0 0 0 0 0 0 0 0 1 0 0 0
1557 1 0 0 1 0 0 0 0 0 0 0 0 0
1558 1 0 0 1 1 0 0 0 0 0 0 0 0
1559 1 0 0 0 0 0 0 0 0 0 0 0 0
1561 1 0 0 0 0 0 0 0 0 0 0 0 0
1562 1 0 0 0 0 0 0 0 0 0 0 0 0
1563 1 0 0 0 0 0 0 0 0 0 0 0 0
1567 1 0 0 0 0 0 0 0 0 0 0 0 0
1568 1 0 0 0 0 0 0 0 0 0 0 0 0
1569 1 0 0 0 0 0 0 0 0 0 0 0 0
1570 1 0 0 0 0 0 0 0 0 0 0 0 0
1571 1 1 1 0 0 0 0 0 0 0 0 0 0
1572 1 0 0 0 0 0 0 0 0 1 0 0 0
1579 1 0 0 0 0 0 0 0 0 0 0 0 0
1580 1 0 0 0 0 0 0 0 0 0 0 0 0
1581 1 0 0 0 0 0 0 0 0 0 0 0 0
1613 32 2 1 0 0 0 0 0 0 0 0 0 0
1614 32 0 0 32 4 2 0 0 0 0 0 0 0
1615 32 0 0 32 5 3 0 0 0 0 0 0 0
1616 32 0 0 0 0 0 0 0 0 0 0 0 0
1617 32 0 0 0 0 0 0 0 0 0 0 0 0
1619 32 0 0 0 0 0 0 0 0 0 0 0 0
1620 32 0 0 0 0 0 0 0 0 0 0 0 0
1621 32 2 1 0 0 0 0 0 0 0 0 0 0
1622 32 0 0 0 0 0 0 0 0 0 0 0 0
1623 32 0 0 0 0 0 0 0 0 0 0 0 0
1624 32 0 0 0 0 0 0 0 0 0 0 0 0
1625 32 0 0 0 0 0 0 0 0 32 14 0 0
1626 10 0 0 10 0 0 0 0 0 0 0 0 0
1630 10 0 0 0 0 0 0 0 0 0 0 0 0
1631 10 0 0 0 0 0 0 0 0 0 0 0 0
1632 10 0 0 0 0 0 0 0 0 0 0 0 0
1638 10 0 0 0 0 0 0 0 0 0 0 0 0
1639 10 0 0 0 0 0 0 0 0 0 0 0 0
1640 20 0 0 0 0 0 0 0 0 0 0 0 0
1644 12 2 1 0 0 0 0 0 0 0 0 0 0
1645 12 0 0 0 0 0 0 0 0 12 1 0 0
1648 12 0 0 12 2 2 0 0 0 0 0 0 0
1649 12 0 0 12 5 3 0 0 0 0 0 0 0
1650 12 0 0 0 0 0 0 0 0 0 0 0 0
1652 12 0 0 0 0 0 0 0 0 0 0 0 0
1653 12 0 0 0 0 0 0 0 0 0 0 0 0
1654 12 0 0 0 0 0 0 0 0 0 0 0 0
1658 12 0 0 0 0 0 0 0 0 0 0 0 0
1659 12 0 0 0 0 0 0 0 0 0 0 0 0
1660 12 0 0 0 0 0 0 0 0 0 0 0 0
1661 12 0 0 0 0 0 0 0 0 0 0 0 0
1662 12 0 0 0 0 0 0 0 0 0 0 0 0
1663 12 3 1 0 0 0 0 0 0 12 5 0 0
1670 4 0 0 0 0 0 0 0 0 0 0 0 0
1671 4 0 0 0 0 0 0 0 0 0 0 0 0
1673 4 0 0 0 0 0 0 0 0 0 0 0 0
1674 4 0 0 0 0 0 0 0 0 4 0 0 0
1676 4 0 0 4 0 0 0 0 0 0 0 0 0
1677 4 0 0 4 2 2 0 0 0 0 0 0 0
1678 4 0 0 0 0 0 0 0 0 0 0 0 0
1680 4 0 0 0 0 0 0 0 0 0 0 0 0
1681 4 0 0 0 0 0 0 0 0 0 0 0 0
1682 4 0 0 0 0 0 0 0 0 0 0 0 0
1686 4 0 0 0 0 0 0 0 0 0 0 0 0
1687 4 0 0 0 0 0 0 0 0 0 0 0 0
1688 4 0 0 0 0 0 0 0 0 0 0 0 0
1689 4 0 0 0 0 0 0 0 0 0 0 0 0
1690 4 1 1 0 0 0 0 0 0 0 0 0 0
1691 4 0 0 0 0 0 0 0 0 4 2 0 0
1698 2 0 0 0 0 0 0 0 0 0 0 0 0
1699 2 0 0 0 0 0 0 0 0 0 0 0 0
1700 2 0 0 0 0 0 0 0 0 0 0 0 0
1732 26 1 1 0 0 0 0 0 0 0 0 0 0
1733 26 0 0 26 5 1 0 0 0 0 0 0 0
1734 26 0 0 26 2 2 0 0 0 0 0 0 0
1735 26 0 0 0 0 0 0 0 0 0 0 0 0
1736 26 0 0 0 0 0 0 0 0 0 0 0 0
1738 26 0 0 0 0 0 0 0 0 0 0 0 0
1739 26 0 0 0 0 0 0 0 0 0 0 0 0
1740 26 1 1 0 0 0 0 0 0 0 0 0 0
1741 26 0 0 0 0 0 0 0 0 0 0 0 0
1742 26 0 0 0 0 0 0 0 0 0 0 0 0
1743 26 0 0 0 0 0 0 0 0 0 0 0 0
1744 26 0 0 0 0 0 0 0 0 26 5 0 0
1745 16 0 0 16 0 0 0 0 0 0 0 0 0
1749 16 0 0 0 0 0 0 0 0 0 0 0 0
1750 16 0 0 0 0 0 0 0 0 0 0 0 0
1751 16 0 0 0 0 0 0 0 0 0 0 0 0
1757 16 0 0 0 0 0 0 0 0 0 0 0 0
1758 16 0 0 0 0 0 0 0 0 0 0 0 0
1759 32 0 0 0 0 0 0 0 0 0 0 0 0
1763 17 1 1 0 0 0 0 0 0 0 0 0 0
1764 17 0 0 0 0 0 0 0 0 17 0 0 0
1767 17 0 0 17 2 1 0 0 0 0 0 0 0
1768 17 0 0 17 7 4 0 0 0 0 0 0 0
1769 17 0 0 0 0 0 0 0 0 0 0 0 0
1771 17 0 0 0 0 0 0 0 0 0 0 0 0
1772 17 0 0 0 0 0 0 0 0 0 0 0 0
1773 17 0 0 0 0 0 0 0 0 0 0 0 0
1777 17 0 0 0 0 0 0 0 0 0 0 0 0
1778 17 0 0 0 0 0 0 0 0 0 0 0 0
1779 17 0 0 0 0 0 0 0 0 0 0 0 0
1780 17 0 0 0 0 0 0 0 0 0 0 0 0
1781 17 0 0 0 0 0 0 0 0 0 0 0 0
1782 17 1 1 0 0 0 0 0 0 17 7 0 0
1789 2 0 0 0 0 0 0 0 0 0 0 0 0
1790 2 0 0 0 0 0 0 0 0 0 0 0 0
1792 2 0 0 0 0 0 0 0 0 0 0 0 0
1793 2 0 0 0 0 0 0 0 0 2 0 0 0
1795 2 0 0 2 0 0 0 0 0 0 0 0 0
1796 2 0 0 2 0 0 0 0 0 0 0 0 0
1797 2 0 0 0 0 0 0 0 0 0 0 0 0
1799 2 0 0 0 0 0 0 0 0 0 0 0 0
1800 2 0 0 0 0 0 0 0 0 0 0 0 0
1801 2 0 0 0 0 0 0 0 0 0 0 0 0
1805 2 0 0 0 0 0 0 0 0 0 0 0 0
1806 2 0 0 0 0 0 0 0 0 0 0 0 0
1807 2 0 0 0 0 0 0 0 0 0 0 0 0
1808 2 0 0 0 0 0 0 0 0 0 0 0 0
1809 2 1 1 0 0 0 0 0 0 0 0 0 0
1810 2 0 0 0 0 0 0 0 0 2 1 0 0
1817 1 0 0 0 0 0 0 0 0 0 0 0 0
1818 1 0 0 0 0 0 0 0 0 0 0 0 0
1819 1 0 0 0 0 0 0 0 0 0 0 0 0
1851 26 2 1 0 0 0 0 0 0 0 0 0 0
1852 26 0 0 26 4 1 0 0 0 0 0 0 0
1853 26 0 0 26 4 2 0 0 0 0 0 0 0
1854 26 0 0 0 0 0 0 0 0 0 0 0 0
1855 26 0 0 0 0 0 0 0 0 0 0 0 0
1857 26 0 0 0 0 0 0 0 0 0 0 0 0
1858 26 0 0 0 0 0 0 0 0 0 0 0 0
1859 26 2 1 0 0 0 0 0 0 0 0 0 0
1860 26 0 0 0 0 0 0 0 0 0 0 0 0
1861 26 0 0 0 0 0 0 0 0 0 0 0 0
1862 26 0 0 0 0 0 0 0 0 0 0 0 0
1863 26 0 0 0 0 0 0 0 0 26 13 0 0
1864 16 0 0 16 0 0 0 0 0 0 0 0 0
1868 16 0 0 0 0 0 0 0 0 0 0 0 0
1869 16 0 0 0 0 0 0 0 0 0 0 0 0
1870 16 0 0 0 0 0 0 0 0 0 0 0 0
1876 16 0 0 0 0 0 0 0 0 0 0 0 0
1877 16 0 0 0 0 0 0 0 0 0 0 0 0
1878 32 0 0 0 0 0 0 0 0 0 0 0 0
1882 20 1 1 0 0 0 0 0 0 0 0 0 0
1883 20 0 0 0 0 0 0 0 0 20 1 0 0
1886 20 0 0 20 4 4 0 0 0 0 0 0 0
1887 20 0 0 20 4 2 0 0 0 0 0 0 0
1888 20 0 0 0 0 0 0 0 0 0 0 0 0
1890 20 0 0 0 0 0 0 0 0 0 0 0 0
1891 20 0 0 0 0 0 0 0 0 0 0 0 0
1892 20 0 0 0 0 0 0 0 0 0 0 0 0
1896 20 0 0 0 0 0 0 0 0 0 0 0 0
1897 20 0 0 0 0 0 0 0 0 0 0 0 0
1898 20 0 0 0 0 0 0 0 0 0 0 0 0
1899 20 0 0 0 0 0 0 0 0 0 0 0 0
1900 20 0 0 0 0 0 0 0 0 0 0 0 0
1901 20 1 1 0 0 0 0 0 0 20 10 0 0
1908 5 0 0 0 0 0 0 0 0 0 0 0 0
1909 5 0 0 0 0 0 0 0 0 0 0 0 0
1911 5 0 0 0 0 0 0 0 0 0 0 0 0
1912 5 0 0 0 0 0 0 0 0 5 0 0 0
1914 5 0 0 5 1 1 0 0 0 0 0 0 0
1915 5 0 0 5 1 1 0 0 0 0 0 0 0
1916 5 0 0 0 0 0 0 0 0 0 0 0 0
1918 5 0 0 0 0 0 0 0 0 0 0 0 0
1919 5 0 0 0 0 0 0 0 0 0 0 0 0
1920 5 0 0 0 0 0 0 0 0 0 0 0 0
1924 5 0 0 0 0 0 0 0 0 0 0 0 0
1925 5 0 0 0 0 0 0 0 0 0 0 0 0
1926 5 0 0 0 0 0 0 0 0 0 0 0 0
1927 5 0 0 0 0 0 0 0 0 0 0 0 0
1928 5 1 1 0 0 0 0 0 0 0 0 0 0
1929 5 0 0 0 0 0 0 0 0 5 1 0 0
1936 4 0 0 0 0 0 0 0 0 0 0 0 0
1937 4 0 0 0 0 0 0 0 0 0 0 0 0
1938 4 0 0 0 0 0 0 0 0 0 0 0 0
1942 1 0 0 0 0 0 0 0 0 0 0 0 0
1943 1 0 0 0 0 0 0 0 0 0 0 0 0
1944 1 0 0 0 0 0 0 0 0 0 0 0 0
1945 1 0 0 0 0 0 0 0 0 1 0 0 0
1952 1 0 0 0 0 0 0 0 0 0 0 0 0
1953 1 0 0 0 0 0 0 0 0 0 0 0 0
1954 1 0 0 0 0 0 0 0 0 0 0 0 0
1970 24 1 1 0 0 0 0 0 0 0 0 0 0
1971 24 0 0 24 2 2 0 0 0 0 0 0 0
1972 24 0 0 24 4 2 0 0 0 0 0 0 0
1973 24 0 0 0 0 0 0 0 0 0 0 0 0
1974 24 0 0 0 0 0 0 0 0 0 0 0 0
1976 24 0 0 0 0 0 0 0 0 0 0 0 0
1977 24 0 0 0 0 0 0 0 0 0 0 0 0
1978 24 1 1 0 0 0 0 0 0 0 0 0 0
1979 24 0 0 0 0 0 0 0 0 0 0 0 0
1980 24 0 0 0 0 0 0 0 0 0 0 0 0
1981 24 0 0 0 0 0 0 0 0 0 0 0 0
1982 24 0 0 0 0 0 0 0 0 24 10 0 0
1984 8 0 0 8 0 0 0 0 0 0 0 0 0
1988 8 0 0 0 0 0 0 0 0 0 0 0 0
1989 8 0 0 0 0 0 0 0 0 0 0 0 0
1990 8 0 0 0 0 0 0 0 0 0 0 0 0
1996 8 0 0 0 0 0 0 0 0 0 0 0 0
1997 8 0 0 0 0 0 0 0 0 0 0 0 0
1999 16 0 0 0 0 0 0 0 0 0 0 0 0
2003 11 1 1 0 0 0 0 0 0 0 0 0 0
2004 11 0 0 0 0 0 0 0 0 11 0 0 0
2007 11 0 0 11 2 1 0 0 0 0 0 0 0
2008 11 0 0 11 4 4 0 0 0 0 0 0 0
2009 11 0 0 0 0 0 0 0 0 0 0 0 0
2011 11 0 0 0 0 0 0 0 0 0 0 0 0
2012 11 0 0 0 0 0 0 0 0 0 0 0 0
2013 11 0 0 0 0 0 0 0 0 0 0 0 0
2017 11 0 0 0 0 0 0 0 0 0 0 0 0
2018 11 0 0 0 0 0 0 0 0 0 0 0 0
2019 11 0 0 0 0 0 0 0 0 0 0 0 0
2020 11 0 0 0 0 0 0 0 0 0 0 0 0
2021 11 0 0 0 0 0 0 0 0 0 0 0 0
2022 11 1 1 0 0 0 0 0 0 11 6 0 0
2029 5 0 0 0 0 0 0 0 0 0 0 0 0
2030 5 0 0 0 0 0 0 0 0 0 0 0 0
2032 5 0 0 0 0 0 0 0 0 0 0 0 0
2033 5 0 0 0 0 0 0 0 0 5 0 0 0
2035 5 0 0 5 1 1 0 0 0 0 0 0 0
2036 5 0 0 5 0 0 0 0 0 0 0 0 0
2037 5 0 0 0 0 0 0 0 0 0 0 0 0
2039 5 0 0 0 0 0 0 0 0 0 0 0 0
2040 5 0 0 0 0 0 0 0 0 0 0 0 0
2041 5 0 0 0 0 0 0 0 0 0 0 0 0
2045 5 0 0 0 0 0 0 0 0 0 0 0 0
2046 5 0 0 0 0 0 0 0 0 0 0 0 0
2047 5 0 0 0 0 0 0 0 0 0 0 0 0
2048 5 0 0 0 0 0 0 0 0 0 0 0 0
2049 5 1 1 0 0 0 0 0 0 0 0 0 0
2050 5 0 0 0 0 0 0 0 0 5 2 0 0
2057 3 0 0 0 0 0 0 0 0 0 0 0 0
2058 3 0 0 0 0 0 0 0 0 0 0 0 0
2059 3 0 0 0 0 0 0 0 0 0 0 0 0
2093 174 1 0 0 0 0 0 0 0 0 0 0 0
2095 289 1 1 0 0 0 0 0 0 0 0 0 0
2096 289 0 0 0 0 0 0 0 0 0 0 0 0
2097 289 0 0 0 0 0 0 0 0 0 0 0 0
2098 289 0 0 0 0 0 0 0 0 289 52 0 0
2099 178 0 0 0 0 0 0 0 0 0 0 0 0
2104 2394 4 1 0 0 0 0 0 0 0 0 0 0
2110 2394 0 0 2394 0 0 0 0 0 0 0 0 0
2111 2394 0 0 2394 0 0 0 0 0 0 0 0 0
2119 2394 0 0 0 0 0 0 0 0 0 0 0 0
2120 2394 0 0 2394 0 0 0 0 0 0 0 0 0
fn=strncmp
98 1 0 0 0 0 0 0 0 0 0 0 0 0
125 1 0 0 0 0 0 0 0 0 0 0 0 0
126 1 0 0 0 0 0 0 0 0 1 0 0 0
127 1 0 0 0 0 0 0 0 0 0 0 0 0
128 1 0 0 0 0 0 0 0 0 1 0 0 0
129 1 0 0 0 0 0 0 0 0 0 0 0 0
131 1 0 0 0 0 0 0 0 0 0 0 0 0
132 1 0 0 0 0 0 0 0 0 0 0 0 0
134 1 1 1 0 0 0 0 0 0 0 0 0 0
135 1 0 0 0 0 0 0 0 0 0 0 0 0
156 1 0 0 0 0 0 0 0 0 0 0 0 0
157 1 0 0 0 0 0 0 0 0 0 0 0 0
158 1 0 0 0 0 0 0 0 0 0 0 0 0
159 1 0 0 0 0 0 0 0 0 1 0 0 0
160 1 0 0 1 0 0 0 0 0 0 0 0 0
161 1 0 0 1 1 1 0 0 0 0 0 0 0
162 1 0 0 1 0 0 0 0 0 0 0 0 0
163 1 0 0 1 0 0 0 0 0 0 0 0 0
180 1 0 0 0 0 0 0 0 0 0 0 0 0
181 1 0 0 0 0 0 0 0 0 0 0 0 0
182 1 0 0 0 0 0 0 0 0 0 0 0 0
183 1 0 0 0 0 0 0 0 0 0 0 0 0
184 1 0 0 0 0 0 0 0 0 0 0 0 0
185 1 0 0 0 0 0 0 0 0 0 0 0 0
186 1 1 1 0 0 0 0 0 0 1 1 0 0
2104 1 1 1 0 0 0 0 0 0 0 0 0 0
2107 1 0 0 0 0 0 0 0 0 0 0 0 0
2108 1 0 0 0 0 0 0 0 0 1 0 0 0
2110 1 0 0 1 0 0 0 0 0 0 0 0 0
2111 1 0 0 1 0 0 0 0 0 0 0 0 0
2119 1 0 0 0 0 0 0 0 0 0 0 0 0
2120 1 0 0 1 0 0 0 0 0 0 0 0 0
fl=./string/../sysdeps/x86_64/multiarch/../multiarch/strlen-sse2.S
fn=strlen
57 30 1 1 0 0 0 0 0 0 0 0 0 0
101 30 0 0 0 0 0 0 0 0 0 0 0 0
102 30 0 0 0 0 0 0 0 0 0 0 0 0
103 30 0 0 0 0 0 0 0 0 0 0 0 0
104 30 0 0 0 0 0 0 0 0 0 0 0 0
105 30 0 0 0 0 0 0 0 0 0 0 0 0
106 30 0 0 0 0 0 0 0 0 0 0 0 0
107 30 0 0 0 0 0 0 0 0 0 0 0 0
109 30 0 0 0 0 0 0 0 0 0 0 0 0
111 30 0 0 0 0 0 0 0 0 30 1 0 0
142 29 0 0 29 3 3 0 0 0 0 0 0 0
143 29 0 0 0 0 0 0 0 0 0 0 0 0
144 29 0 0 0 0 0 0 0 0 0 0 0 0
145 29 0 0 0 0 0 0 0 0 0 0 0 0
146 29 0 0 0 0 0 0 0 0 29 10 0 0
147 15 0 0 0 0 0 0 0 0 0 0 0 0
149 15 0 0 15 0 0 0 0 0 0 0 0 0
153 14 1 1 0 0 0 0 0 0 0 0 0 0
154 14 0 0 14 0 0 0 0 0 0 0 0 0
155 14 0 0 14 0 0 0 0 0 0 0 0 0
156 14 0 0 14 1 1 0 0 0 0 0 0 0
157 14 0 0 0 0 0 0 0 0 0 0 0 0
158 14 0 0 0 0 0 0 0 0 0 0 0 0
159 14 0 0 0 0 0 0 0 0 0 0 0 0
160 14 0 0 0 0 0 0 0 0 0 0 0 0
161 14 0 0 0 0 0 0 0 0 0 0 0 0
162 14 0 0 0 0 0 0 0 0 0 0 0 0
163 14 0 0 0 0 0 0 0 0 0 0 0 0
164 14 0 0 0 0 0 0 0 0 0 0 0 0
169 112 1 1 14 0 0 0 0 0 14 0 0 0
173 1 0 0 0 0 0 0 0 0 0 0 0 0
174 14 1 1 4 0 0 0 0 0 0 0 0 0
175 6 0 0 0 0 0 0 0 0 1 1 0 0
190 1 0 0 0 0 0 0 0 0 0 0 0 0
191 1 0 0 0 0 0 0 0 0 0 0 0 0
192 2 0 0 0 0 0 0 0 0 0 0 0 0
243 1 1 1 1 0 0 0 0 0 0 0 0 0
244 1 0 0 1 0 0 0 0 0 0 0 0 0
245 1 0 0 1 0 0 0 0 0 0 0 0 0
246 1 0 0 1 0 0 0 0 0 0 0 0 0
247 1 0 0 0 0 0 0 0 0 0 0 0 0
248 1 0 0 0 0 0 0 0 0 0 0 0 0
249 1 0 0 0 0 0 0 0 0 0 0 0 0
250 1 0 0 0 0 0 0 0 0 1 1 0 0
266 1 1 1 0 0 0 0 0 0 0 0 0 0
268 1 0 0 0 0 0 0 0 0 0 0 0 0
269 14 1 1 4 0 0 0 0 0 0 0 0 0
271 1 0 0 0 0 0 0 0 0 0 0 0 0
272 1 0 0 0 0 0 0 0 0 0 0 0 0
273 1 0 0 0 0 0 0 0 0 0 0 0 0
275 1 0 0 1 0 0 0 0 0 0 0 0 0
fl=./string/../sysdeps/x86_64/multiarch/ifunc-avx2.h
fn=memrchr
38 4 1 1 0 0 0 0 0 0 1 1 0 0
40 3 0 0 2 0 0 0 0 0 0 0 0 0
41 2 0 0 1 0 0 0 0 0 1 0 0 0
42 3 0 0 1 0 0 0 0 0 1 0 0 0
45 2 0 0 0 0 0 0 0 0 0 0 0 0
46 2 0 0 0 0 0 0 0 0 1 1 0 0
49 3 0 0 0 0 0 0 0 0 1 0 0 0
52 6 0 0 0 0 0 0 0 0 0 0 0 0
fn=rindex
38 4 0 0 0 0 0 0 0 0 1 1 0 0
40 3 1 1 2 0 0 0 0 0 0 0 0 0
41 2 0 0 1 0 0 0 0 0 1 0 0 0
42 3 0 0 1 0 0 0 0 0 1 0 0 0
45 2 0 0 0 0 0 0 0 0 0 0 0 0
46 2 0 0 0 0 0 0 0 0 1 1 0 0
49 3 0 0 0 0 0 0 0 0 1 0 0 0
52 6 1 1 0 0 0 0 0 0 0 0 0 0
fn=strchrnul
38 4 0 0 0 0 0 0 0 0 1 1 0 0
40 3 1 1 2 0 0 0 0 0 0 0 0 0
41 2 0 0 1 0 0 0 0 0 1 0 0 0
42 3 0 0 1 0 0 0 0 0 1 0 0 0
45 2 0 0 0 0 0 0 0 0 0 0 0 0
46 2 0 0 0 0 0 0 0 0 1 1 0 0
49 3 0 0 0 0 0 0 0 0 1 0 0 0
52 6 1 1 0 0 0 0 0 0 0 0 0 0
fn=strlen
38 12 2 1 0 0 0 0 0 0 3 2 0 0
40 9 0 0 6 3 0 0 0 0 0 0 0 0
41 6 0 0 3 0 0 0 0 0 3 0 0 0
42 9 0 0 3 1 0 0 0 0 3 0 0 0
45 6 0 0 0 0 0 0 0 0 0 0 0 0
46 6 0 0 0 0 0 0 0 0 3 1 0 0
49 9 0 0 0 0 0 0 0 0 3 0 0 0
52 18 2 1 0 0 0 0 0 0 0 0 0 0
fn=strnlen
38 8 0 0 0 0 0 0 0 0 2 2 0 0
40 6 1 1 4 1 0 0 0 0 0 0 0 0
41 4 0 0 2 0 0 0 0 0 2 0 0 0
42 6 0 0 2 0 0 0 0 0 2 0 0 0
45 4 0 0 0 0 0 0 0 0 0 0 0 0
46 4 0 0 0 0 0 0 0 0 2 2 0 0
49 6 0 0 0 0 0 0 0 0 2 0 0 0
52 12 1 1 0 0 0 0 0 0 0 0 0 0
fl=./string/../sysdeps/x86_64/multiarch/ifunc-evex.h
fn=memchr
37 8 0 0 0 0 0 0 0 0 2 1 0 0
38 6 0 0 4 1 0 0 0 0 0 0 0 0
39 6 2 1 2 0 0 0 0 0 2 0 0 0
42 4 0 0 0 0 0 0 0 0 0 0 0 0
43 4 0 0 0 0 0 0 0 0 2 2 0 0
45 4 0 0 0 0 0 0 0 0 0 0 0 0
51 6 0 0 0 0 0 0 0 0 2 0 0 0
54 8 0 0 0 0 0 0 0 0 0 0 0 0
fl=./string/../sysdeps/x86_64/multiarch/ifunc-memcmp.h
fn=bcmp
34 15 0 0 6 1 0 0 0 0 3 0 0 0
35 6 0 0 3 2 0 0 0 0 3 0 0 0
36 6 0 0 0 0 0 0 0 0 3 0 0 0
37 9 2 1 3 0 0 0 0 0 3 0 0 0
40 6 0 0 0 0 0 0 0 0 0 0 0 0
41 6 0 0 0 0 0 0 0 0 3 3 0 0
44 9 0 0 0 0 0 0 0 0 3 0 0 0
47 12 0 0 0 0 0 0 0 0 0 0 0 0
fl=./string/../sysdeps/x86_64/multiarch/ifunc-memmove.h
fn=memcpy@@GLIBC_2.14
56 4 0 0 0 0 0 0 0 0 2 0 0 0
57 6 0 0 4 0 0 0 0 0 0 0 0 0
60 6 0 0 2 0 0 0 0 0 0 0 0 0
61 4 2 1 0 0 0 0 0 0 2 2 0 0
74 4 0 0 0 0 0 0 0 0 2 0 0 0
77 4 0 0 0 0 0 0 0 0 2 0 0 0
85 4 0 0 0 0 0 0 0 0 2 2 0 0
93 4 2 1 0 0 0 0 0 0 2 2 0 0
96 10 4 2 2 0 0 0 0 0 0 0 0 0
fn=memmove
56 2 0 0 0 0 0 0 0 0 1 0 0 0
57 3 0 0 2 0 0 0 0 0 0 0 0 0
60 3 1 1 1 0 0 0 0 0 0 0 0 0
61 2 1 1 0 0 0 0 0 0 1 1 0 0
74 2 0 0 0 0 0 0 0 0 1 0 0 0
77 2 0 0 0 0 0 0 0 0 1 0 0 0
85 2 0 0 0 0 0 0 0 0 1 1 0 0
93 2 0 0 0 0 0 0 0 0 1 1 0 0
96 5 1 1 1 0 0 0 0 0 0 0 0 0
fn=mempcpy
56 2 0 0 0 0 0 0 0 0 1 0 0 0
57 3 0 0 2 0 0 0 0 0 0 0 0 0
60 3 0 0 1 0 0 0 0 0 0 0 0 0
61 2 1 1 0 0 0 0 0 0 1 1 0 0
74 2 0 0 0 0 0 0 0 0 1 0 0 0
77 2 0 0 0 0 0 0 0 0 1 0 0 0
85 2 0 0 0 0 0 0 0 0 1 1 0 0
93 2 1 1 0 0 0 0 0 0 1 1 0 0
96 5 1 1 1 0 0 0 0 0 0 0 0 0
fl=./string/../sysdeps/x86_64/multiarch/ifunc-memset.h
fn=memset
54 5 1 1 2 0 0 0 0 0 1 0 0 0
57 3 0 0 1 0 0 0 0 0 0 0 0 0
58 2 1 1 0 0 0 0 0 0 1 1 0 0
64 2 0 0 0 0 0 0 0 0 0 0 0 0
73 2 0 0 0 0 0 0 0 0 1 0 0 0
75 2 0 0 0 0 0 0 0 0 1 0 0 0
85 2 0 0 0 0 0 0 0 0 1 0 0 0
93 2 0 0 0 0 0 0 0 0 1 0 0 0
96 5 0 0 1 0 0 0 0 0 0 0 0 0
fl=./string/../sysdeps/x86_64/multiarch/ifunc-sse4_2.h
fn=strcspn
36 5 1 1 2 0 0 0 0 0 0 0 0 0
fn=strpbrk
36 5 0 0 2 1 0 0 0 0 0 0 0 0
fn=strspn
36 5 0 0 2 0 0 0 0 0 0 0 0 0
fl=./string/../sysdeps/x86_64/multiarch/ifunc-strcasecmp.h
fn=strcasecmp
36 4 0 0 0 0 0 0 0 0 1 1 0 0
37 2 1 1 2 0 0 0 0 0 0 0 0 0
38 3 1 1 1 0 0 0 0 0 1 0 0 0
41 2 0 0 0 0 0 0 0 0 0 0 0 0
42 2 0 0 0 0 0 0 0 0 1 1 0 0
45 3 0 0 0 0 0 0 0 0 1 0 0 0
48 5 0 0 0 0 0 0 0 0 1 0 0 0
fn=strcasecmp_l
36 4 0 0 0 0 0 0 0 0 1 1 0 0
37 2 0 0 2 0 0 0 0 0 0 0 0 0
38 3 1 1 1 0 0 0 0 0 1 0 0 0
41 2 0 0 0 0 0 0 0 0 0 0 0 0
42 2 0 0 0 0 0 0 0 0 1 1 0 0
45 3 0 0 0 0 0 0 0 0 1 0 0 0
48 5 1 1 0 0 0 0 0 0 1 0 0 0
fn=strncasecmp
36 4 0 0 0 0 0 0 0 0 1 1 0 0
37 2 1 1 2 0 0 0 0 0 0 0 0 0
38 3 1 1 1 0 0 0 0 0 1 0 0 0
41 2 0 0 0 0 0 0 0 0 0 0 0 0
42 2 0 0 0 0 0 0 0 0 1 1 0 0
45 3 0 0 0 0 0 0 0 0 1 0 0 0
48 5 0 0 0 0 0 0 0 0 1 0 0 0
fn=strncasecmp_l
36 4 0 0 0 0 0 0 0 0 1 1 0 0
37 2 0 0 2 0 0 0 0 0 0 0 0 0
38 3 1 1 1 0 0 0 0 0 1 0 0 0
41 2 0 0 0 0 0 0 0 0 0 0 0 0
42 2 0 0 0 0 0 0 0 0 1 0 0 0
45 3 0 0 0 0 0 0 0 0 1 0 0 0
48 5 1 1 0 0 0 0 0 0 1 0 0 0
fl=./string/../sysdeps/x86_64/multiarch/ifunc-strcpy.h
fn=stpcpy
38 4 0 0 2 0 0 0 0 0 0 0 0 0
39 3 1 1 1 0 0 0 0 0 1 0 0 0
42 2 0 0 0 0 0 0 0 0 0 0 0 0
43 2 0 0 0 0 0 0 0 0 1 1 0 0
46 3 0 0 0 0 0 0 0 0 1 0 0 0
49 3 0 0 0 0 0 0 0 0 1 1 0 0
fn=strcat
38 4 0 0 2 0 0 0 0 0 0 0 0 0
39 3 0 0 1 0 0 0 0 0 1 0 0 0
42 2 0 0 0 0 0 0 0 0 0 0 0 0
43 2 0 0 0 0 0 0 0 0 1 1 0 0
46 3 0 0 0 0 0 0 0 0 1 0 0 0
49 3 0 0 0 0 0 0 0 0 1 1 0 0
fn=strcpy
38 4 0 0 2 0 0 0 0 0 0 0 0 0
39 3 0 0 1 0 0 0 0 0 1 0 0 0
42 2 0 0 0 0 0 0 0 0 0 0 0 0
43 2 0 0 0 0 0 0 0 0 1 1 0 0
46 3 0 0 0 0 0 0 0 0 1 0 0 0
49 3 0 0 0 0 0 0 0 0 1 1 0 0
fl=./string/../sysdeps/x86_64/multiarch/ifunc-strncpy.h
fn=stpncpy
35 5 0 0 2 0 0 0 0 0 1 0 0 0
36 3 0 0 1 0 0 0 0 0 1 0 0 0
39 2 0 0 0 0 0 0 0 0 0 0 0 0
40 2 0 0 0 0 0 0 0 0 1 1 0 0
43 3 0 0 0 0 0 0 0 0 1 1 0 0
46 4 0 0 0 0 0 0 0 0 0 0 0 0
fn=strncpy
35 5 1 1 2 0 0 0 0 0 1 0 0 0
36 3 0 0 1 0 0 0 0 0 1 0 0 0
39 2 0 0 0 0 0 0 0 0 0 0 0 0
40 2 0 0 0 0 0 0 0 0 1 1 0 0
43 3 0 0 0 0 0 0 0 0 1 0 0 0
46 4 0 0 0 0 0 0 0 0 0 0 0 0
fl=./string/../sysdeps/x86_64/multiarch/memchr-avx2.S
fn=__memchr_avx2
61 4450 1 1 0 0 0 0 0 0 0 0 0 0
68 4450 0 0 0 0 0 0 0 0 0 0 0 0
70 4450 0 0 0 0 0 0 0 0 4450 0 0 0
73 4450 0 0 0 0 0 0 0 0 0 0 0 0
74 4450 0 0 0 0 0 0 0 0 0 0 0 0
76 4450 0 0 0 0 0 0 0 0 0 0 0 0
77 4450 0 0 0 0 0 0 0 0 0 0 0 0
78 4450 0 0 0 0 0 0 0 0 0 0 0 0
79 4450 0 0 0 0 0 0 0 0 4450 0 0 0
82 4450 0 0 4450 0 0 0 0 0 0 0 0 0
83 4450 0 0 0 0 0 0 0 0 0 0 0 0
86 4450 0 0 0 0 0 0 0 0 0 0 0 0
87 4450 0 0 0 0 0 0 0 0 4450 3 0 0
101 4450 1 1 0 0 0 0 0 0 0 0 0 0
106 4450 0 0 0 0 0 0 0 0 0 0 0 0
113 4450 0 0 0 0 0 0 0 0 0 0 0 0
114 4450 0 0 0 0 0 0 0 0 4450 0 0 0
115 4450 0 0 0 0 0 0 0 0 0 0 0 0
116 4450 0 0 4450 0 0 0 0 0 0 0 0 0
fl=./string/../sysdeps/x86_64/multiarch/memchr.c
fn=memchr
29 4 2 1 2 0 0 0 0 0 0 0 0 0
fl=./string/../sysdeps/x86_64/multiarch/memcmp-avx2-movbe.S
fn=__memcmp_avx2_movbe
73 41535 1 1 0 0 0 0 0 0 0 0 0 0
80 41535 0 0 0 0 0 0 0 0 0 0 0 0
81 41535 0 0 0 0 0 0 0 0 41535 472 0 0
84 1 0 0 1 0 0 0 0 0 0 0 0 0
85 1 0 0 1 0 0 0 0 0 0 0 0 0
86 1 0 0 0 0 0 0 0 0 0 0 0 0
90 1 0 0 0 0 0 0 0 0 0 0 0 0
91 1 1 1 0 0 0 0 0 0 1 1 0 0
93 1 0 0 0 0 0 0 0 0 0 0 0 0
94 1 0 0 0 0 0 0 0 0 1 0 0 0
97 1 0 0 1 0 0 0 0 0 0 0 0 0
98 1 0 0 1 0 0 0 0 0 0 0 0 0
99 1 0 0 0 0 0 0 0 0 0 0 0 0
102 1 0 0 0 0 0 0 0 0 0 0 0 0
103 1 0 0 0 0 0 0 0 0 1 0 0 0
106 1 0 0 0 0 0 0 0 0 0 0 0 0
107 1 0 0 0 0 0 0 0 0 1 0 0 0
110 1 0 0 1 0 0 0 0 0 0 0 0 0
111 1 0 0 1 0 0 0 0 0 0 0 0 0
112 1 0 0 0 0 0 0 0 0 0 0 0 0
113 1 0 0 0 0 0 0 0 0 0 0 0 0
114 1 1 1 0 0 0 0 0 0 1 0 0 0
115 1 0 0 1 0 0 0 0 0 0 0 0 0
116 1 0 0 1 0 0 0 0 0 0 0 0 0
117 1 0 0 0 0 0 0 0 0 0 0 0 0
118 1 0 0 0 0 0 0 0 0 0 0 0 0
119 1 0 0 0 0 0 0 0 0 1 0 0 0
122 1 0 0 0 0 0 0 0 0 0 0 0 0
123 1 0 0 0 0 0 0 0 0 1 0 0 0
129 1 0 0 1 0 0 0 0 0 0 0 0 0
130 1 0 0 1 0 0 0 0 0 0 0 0 0
131 1 0 0 0 0 0 0 0 0 0 0 0 0
132 1 0 0 0 0 0 0 0 0 0 0 0 0
136 1 1 1 1 0 0 0 0 0 0 0 0 0
137 1 0 0 1 0 0 0 0 0 0 0 0 0
139 1 0 0 1 0 0 0 0 0 0 0 0 0
140 1 0 0 1 0 0 0 0 0 0 0 0 0
141 1 0 0 1 0 0 0 0 0 0 0 0 0
142 1 0 0 1 0 0 0 0 0 0 0 0 0
145 1 0 0 0 0 0 0 0 0 0 0 0 0
146 1 0 0 0 0 0 0 0 0 0 0 0 0
147 1 0 0 0 0 0 0 0 0 0 0 0 0
148 1 0 0 0 0 0 0 0 0 0 0 0 0
149 1 0 0 0 0 0 0 0 0 0 0 0 0
150 1 0 0 0 0 0 0 0 0 1 0 0 0
152 2 0 0 1 0 0 0 0 0 0 0 0 0
156 21208 1249 1 0 0 0 0 0 0 0 0 0 0
166 21208 0 0 21208 0 0 0 0 0 0 0 0 0
167 21208 0 0 21208 0 0 0 0 0 0 0 0 0
168 21208 0 0 0 0 0 0 0 0 0 0 0 0
171 42416 0 0 21208 0 0 0 0 0 0 0 0 0
401 41534 1 1 0 0 0 0 0 0 0 0 0 0
402 41534 0 0 0 0 0 0 0 0 41534 11 0 0
407 39300 0 0 0 0 0 0 0 0 0 0 0 0
408 39300 0 0 0 0 0 0 0 0 0 0 0 0
409 39300 0 0 0 0 0 0 0 0 0 0 0 0
410 39300 0 0 0 0 0 0 0 0 0 0 0 0
411 39300 0 0 0 0 0 0 0 0 39300 944 0 0
414 39044 0 0 39044 5 0 0 0 0 0 0 0 0
415 39044 0 0 39044 1471 0 0 0 0 0 0 0 0
416 39044 0 0 0 0 0 0 0 0 0 0 0 0
417 39044 0 0 0 0 0 0 0 0 0 0 0 0
420 39044 0 0 0 0 0 0 0 0 0 0 0 0
421 39044 0 0 0 0 0 0 0 0 39044 14827 0 0
422 17836 0 0 0 0 0 0 0 0 0 0 0 0
423 35672 0 0 17836 0 0 0 0 0 0 0 0 0
429 256 2 1 0 0 0 0 0 0 0 0 0 0
430 256 0 0 0 0 0 0 0 0 256 0 0 0
432 256 0 0 0 0 0 0 0 0 0 0 0 0
433 256 0 0 0 0 0 0 0 0 256 6 0 0
435 254 0 0 0 0 0 0 0 0 0 0 0 0
436 254 0 0 0 0 0 0 0 0 254 38 0 0
438 211 0 0 211 2 0 0 0 0 0 0 0 0
439 211 0 0 211 0 0 0 0 0 0 0 0 0
440 211 0 0 0 0 0 0 0 0 0 0 0 0
441 211 0 0 0 0 0 0 0 0 0 0 0 0
442 211 0 0 211 0 0 0 0 0 0 0 0 0
443 211 0 0 211 0 0 0 0 0 0 0 0 0
444 211 0 0 0 0 0 0 0 0 0 0 0 0
445 211 0 0 0 0 0 0 0 0 0 0 0 0
446 211 0 0 0 0 0 0 0 0 0 0 0 0
448 211 0 0 0 0 0 0 0 0 211 23 0 0
450 26 0 0 26 0 0 0 0 0 0 0 0 0
454 2234 1 1 0 0 0 0 0 0 2234 0 0 0
455 2234 0 0 2234 0 0 0 0 0 0 0 0 0
456 2234 0 0 2234 0 0 0 0 0 0 0 0 0
457 2234 0 0 0 0 0 0 0 0 0 0 0 0
459 2234 0 0 2234 0 0 0 0 0 0 0 0 0
463 187 0 0 0 0 0 0 0 0 0 0 0 0
464 187 0 0 0 0 0 0 0 0 0 0 0 0
466 187 0 0 187 0 0 0 0 0 0 0 0 0
476 2 0 0 2 0 0 0 0 0 0 0 0 0
477 2 0 0 2 0 0 0 0 0 0 0 0 0
478 2 0 0 0 0 0 0 0 0 0 0 0 0
479 2 0 0 0 0 0 0 0 0 2 2 0 0
553 43 1 1 43 0 0 0 0 0 0 0 0 0
554 43 0 0 43 0 0 0 0 0 0 0 0 0
555 43 0 0 0 0 0 0 0 0 0 0 0 0
556 43 0 0 0 0 0 0 0 0 0 0 0 0
557 43 0 0 0 0 0 0 0 0 0 0 0 0
558 43 0 0 0 0 0 0 0 0 0 0 0 0
559 43 0 0 43 0 0 0 0 0 0 0 0 0
560 43 0 0 43 0 0 0 0 0 0 0 0 0
561 43 0 0 0 0 0 0 0 0 0 0 0 0
562 43 0 0 0 0 0 0 0 0 0 0 0 0
564 43 0 0 0 0 0 0 0 0 0 0 0 0
566 43 0 0 43 0 0 0 0 0 0 0 0 0
fl=./string/../sysdeps/x86_64/multiarch/memcmp.c
fn=bcmp
29 12 2 1 3 0 0 0 0 0 0 0 0 0
fl=./string/../sysdeps/x86_64/multiarch/memcmpeq.c
fn=memcpy@@GLIBC_2.14
29 2 2 1 0 0 0 0 0 0 0 0 0 0
fl=./string/../sysdeps/x86_64/multiarch/memmove-vec-unaligned-erms.S
fn=???
251 2904 0 0 0 0 0 0 0 0 0 0 0 0
fn=__memcpy_avx_unaligned_erms
255 83194 1 1 0 0 0 0 0 0 0 0 0 0
256 83194 0 0 0 0 0 0 0 0 0 0 0 0
262 1132405 0 0 0 0 0 0 0 0 0 0 0 0
263 1132405 0 0 0 0 0 0 0 0 1132405 3871 0 0
265 986 0 0 986 0 0 0 0 0 0 0 0 0
266 986 0 0 0 0 0 0 0 0 0 0 0 0
267 986 0 0 0 0 0 0 0 0 986 120 0 0
270 898 0 0 898 0 0 0 0 0 0 0 0 0
271 898 0 0 0 0 0 898 28 0 0 0 0 0
272 898 0 0 0 0 0 898 126 0 0 0 0 0
275 1796 0 0 898 0 0 0 0 0 0 0 0 0
305 1131419 0 0 0 0 0 0 0 0 0 0 0 0
306 1131419 0 0 0 0 0 0 0 0 1131419 1805 0 0
308 1121224 0 0 0 0 0 0 0 0 0 0 0 0
309 1121224 0 0 0 0 0 0 0 0 1121224 254362 0 0
311 873512 0 0 0 0 0 0 0 0 0 0 0 0
315 873512 0 0 0 0 0 0 0 0 873512 34858 0 0
316 810954 0 0 0 0 0 0 0 0 0 0 0 0
317 810954 0 0 0 0 0 0 0 0 810954 0 0 0
318 810954 0 0 810954 648 0 0 0 0 0 0 0 0
319 810954 0 0 0 0 0 0 0 0 810954 345543 0 0
320 313278 0 0 313278 0 0 0 0 0 0 0 0 0
321 313278 0 0 0 0 0 313278 3088 113 0 0 0 0
323 810954 0 0 0 0 0 810954 2298 16 0 0 0 0
325 810954 0 0 810954 0 0 0 0 0 0 0 0 0
331 62558 0 0 62558 4553 0 0 0 0 0 0 0 0
332 62558 0 0 62558 0 0 0 0 0 0 0 0 0
333 62558 0 0 0 0 0 62558 2153 436 0 0 0 0
334 62558 0 0 0 0 0 62558 0 0 0 0 0 0
335 62558 0 0 62558 0 0 0 0 0 0 0 0 0
342 10195 1 1 10195 215 0 0 0 0 0 0 0 0
343 10195 0 0 10195 0 0 0 0 0 0 0 0 0
344 10195 0 0 0 0 0 10195 0 0 0 0 0 0
345 10195 0 0 0 0 0 10195 97 0 0 0 0 0
347 10195 0 0 10195 0 0 0 0 0 0 0 0 0
364 247712 2 1 247712 2735 1 0 0 0 0 0 0 0
365 247712 0 0 247712 0 0 0 0 0 0 0 0 0
366 247712 0 0 0 0 0 247712 8267 293 0 0 0 0
367 247712 0 0 0 0 0 247712 1734 65 0 0 0 0
368 247712 0 0 247712 0 0 0 0 0 0 0 0 0
375 88 0 0 88 0 0 0 0 0 0 0 0 0
376 88 0 0 88 0 0 0 0 0 0 0 0 0
377 88 0 0 0 0 0 88 24 1 0 0 0 0
378 88 0 0 0 0 0 88 15 0 0 0 0 0
379 88 0 0 0 0 0 88 17 0 0 0 0 0
380 88 0 0 0 0 0 88 0 0 0 0 0 0
381 176 0 0 88 0 0 0 0 0 0 0 0 0
386 88 38 1 88 82 0 0 0 0 0 0 0 0
387 88 0 0 0 0 0 0 0 0 88 0 0 0
392 88 0 0 0 0 0 0 0 0 0 0 0 0
393 88 0 0 0 0 0 0 0 0 88 0 0 0
395 88 0 0 88 0 0 0 0 0 0 0 0 0
396 88 0 0 0 0 0 0 0 0 0 0 0 0
397 88 0 0 0 0 0 0 0 0 88 3 0 0
fn=__memcpy_chk_avx_unaligned_erms
249 726 0 0 0 0 0 0 0 0 0 0 0 0
250 726 0 0 0 0 0 0 0 0 0 0 0 0
251 726 0 0 0 0 0 0 0 0 726 96 0 0
fn=__mempcpy_avx_unaligned_erms
242 1049211 1 1 0 0 0 0 0 0 0 0 0 0
243 1049211 0 0 0 0 0 0 0 0 0 0 0 0
244 1049211 0 0 0 0 0 0 0 0 0 0 0 0
245 1049211 0 0 0 0 0 0 0 0 0 0 0 0
fn=memcpy
210 33 2 1 0 0 0 0 0 0 0 0 0 0
211 33 0 0 0 0 0 0 0 0 0 0 0 0
217 60 0 0 0 0 0 0 0 0 0 0 0 0
218 60 0 0 0 0 0 0 0 0 60 23 0 0
220 32 0 0 32 2 1 0 0 0 0 0 0 0
221 32 0 0 0 0 0 0 0 0 0 0 0 0
222 32 0 0 0 0 0 0 0 0 32 20 0 0
224 15 0 0 15 0 0 0 0 0 0 0 0 0
225 15 0 0 0 0 0 15 3 3 0 0 0 0
226 15 0 0 0 0 0 15 2 2 0 0 0 0
228 15 0 0 15 0 0 0 0 0 0 0 0 0
308 28 1 1 0 0 0 0 0 0 0 0 0 0
309 28 0 0 0 0 0 0 0 0 28 15 0 0
311 7 0 0 0 0 0 0 0 0 0 0 0 0
315 7 0 0 0 0 0 0 0 0 7 0 0 0
316 7 0 0 0 0 0 0 0 0 0 0 0 0
317 7 0 0 0 0 0 0 0 0 7 5 0 0
318 1 0 0 1 1 1 0 0 0 0 0 0 0
319 1 0 0 0 0 0 0 0 0 1 1 0 0
323 1 0 0 0 0 0 1 1 1 0 0 0 0
325 7 0 0 7 0 0 0 0 0 0 0 0 0
364 21 1 1 21 0 0 0 0 0 0 0 0 0
365 21 0 0 21 0 0 0 0 0 0 0 0 0
366 21 0 0 0 0 0 21 6 6 0 0 0 0
367 21 0 0 0 0 0 21 1 1 0 0 0 0
368 21 0 0 21 0 0 0 0 0 0 0 0 0
375 15 0 0 15 0 0 0 0 0 0 0 0 0
376 15 0 0 15 0 0 0 0 0 0 0 0 0
377 15 0 0 0 0 0 15 4 4 0 0 0 0
378 15 0 0 0 0 0 15 1 1 0 0 0 0
379 15 0 0 0 0 0 15 5 5 0 0 0 0
380 15 0 0 0 0 0 15 0 0 0 0 0 0
381 15 0 0 15 0 0 0 0 0 0 0 0 0
392 17 1 0 0 0 0 0 0 0 0 0 0 0
393 17 0 0 0 0 0 0 0 0 17 2 0 0
395 15 0 0 15 0 0 0 0 0 0 0 0 0
396 15 2 1 0 0 0 0 0 0 0 0 0 0
397 15 0 0 0 0 0 0 0 0 15 10 0 0
417 2 1 1 0 0 0 0 0 0 0 0 0 0
418 2 0 0 0 0 0 0 0 0 0 0 0 0
422 2 0 0 0 0 0 0 0 0 0 0 0 0
424 2 0 0 0 0 0 0 0 0 2 0 0 0
440 2 0 0 0 0 0 0 0 0 0 0 0 0
443 2 0 0 0 0 0 0 0 0 0 0 0 0
445 2 0 0 0 0 0 0 0 0 0 0 0 0
447 2 0 0 0 0 0 0 0 0 0 0 0 0
451 2 0 0 0 0 0 0 0 0 0 0 0 0
452 2 0 0 0 0 0 0 0 0 2 0 0 0
461 2 0 0 2 2 2 0 0 0 0 0 0 0
462 2 0 0 2 1 1 0 0 0 0 0 0 0
464 2 0 0 0 0 0 0 0 0 0 0 0 0
466 2 0 0 0 0 0 0 0 0 0 0 0 0
467 2 0 0 2 0 0 0 0 0 0 0 0 0
468 2 1 1 2 1 1 0 0 0 0 0 0 0
471 2 0 0 0 0 0 0 0 0 0 0 0 0
473 2 0 0 0 0 0 0 0 0 0 0 0 0
475 2 0 0 0 0 0 0 0 0 0 0 0 0
477 2 0 0 0 0 0 0 0 0 0 0 0 0
483 7 0 0 7 0 0 0 0 0 0 0 0 0
484 7 0 0 7 2 2 0 0 0 0 0 0 0
485 7 0 0 7 0 0 0 0 0 0 0 0 0
486 7 0 0 7 2 2 0 0 0 0 0 0 0
487 7 0 0 0 0 0 0 0 0 0 0 0 0
488 7 0 0 0 0 0 7 1 1 0 0 0 0
489 7 0 0 0 0 0 7 4 4 0 0 0 0
490 7 0 0 0 0 0 7 0 0 0 0 0 0
491 7 0 0 0 0 0 7 3 3 0 0 0 0
492 7 0 0 0 0 0 0 0 0 0 0 0 0
493 7 0 0 0 0 0 0 0 0 0 0 0 0
494 7 0 0 0 0 0 0 0 0 7 5 0 0
496 2 1 1 0 0 0 2 1 1 0 0 0 0
497 2 0 0 0 0 0 2 0 0 0 0 0 0
498 2 0 0 0 0 0 2 0 0 0 0 0 0
499 2 0 0 0 0 0 2 0 0 0 0 0 0
501 2 0 0 0 0 0 2 0 0 0 0 0 0
505 2 0 0 2 0 0 0 0 0 0 0 0 0
fn=mempcpy
197 27 0 0 0 0 0 0 0 0 0 0 0 0
198 27 0 0 0 0 0 0 0 0 0 0 0 0
199 27 0 0 0 0 0 0 0 0 0 0 0 0
200 27 0 0 0 0 0 0 0 0 0 0 0 0
fl=./string/../sysdeps/x86_64/multiarch/memmove.c
fn=memmove
29 1 1 1 0 0 0 0 0 0 0 0 0 0
fl=./string/../sysdeps/x86_64/multiarch/mempcpy.c
fn=mempcpy
33 1 1 1 0 0 0 0 0 0 0 0 0 0
fl=./string/../sysdeps/x86_64/multiarch/memrchr.c
fn=memrchr
29 3 1 1 1 0 0 0 0 0 0 0 0 0
fl=./string/../sysdeps/x86_64/multiarch/memset.c
fn=memset
29 1 1 1 0 0 0 0 0 0 0 0 0 0
fl=./string/../sysdeps/x86_64/multiarch/stpcpy.c
fn=stpcpy
33 3 1 1 1 0 0 0 0 0 0 0 0 0
fl=./string/../sysdeps/x86_64/multiarch/stpncpy.c
fn=stpncpy
31 3 2 2 1 0 0 0 0 0 0 0 0 0
fl=./string/../sysdeps/x86_64/multiarch/strcasecmp.c
fn=strcasecmp
31 3 0 0 1 0 0 0 0 0 0 0 0 0
fl=./string/../sysdeps/x86_64/multiarch/strcasecmp_l.c
fn=strcasecmp_l
31 3 1 1 1 0 0 0 0 0 0 0 0 0
fl=./string/../sysdeps/x86_64/multiarch/strcat.c
fn=strcat
29 3 1 1 1 0 0 0 0 0 0 0 0 0
fl=./string/../sysdeps/x86_64/multiarch/strchr-avx2.S
fn=__strchrnul_avx2
53 8900 1 1 0 0 0 0 0 0 0 0 0 0
55 8900 0 0 0 0 0 0 0 0 0 0 0 0
56 8900 0 0 0 0 0 0 0 0 0 0 0 0
57 8900 0 0 0 0 0 0 0 0 0 0 0 0
58 8900 0 0 0 0 0 0 0 0 0 0 0 0
59 8900 0 0 0 0 0 0 0 0 0 0 0 0
62 8900 0 0 0 0 0 0 0 0 0 0 0 0
63 8900 1 1 0 0 0 0 0 0 8900 0 0 0
67 8900 0 0 8900 0 0 0 0 0 0 0 0 0
68 8900 0 0 0 0 0 0 0 0 0 0 0 0
69 8900 0 0 0 0 0 0 0 0 0 0 0 0
70 8900 0 0 0 0 0 0 0 0 0 0 0 0
71 8900 0 0 0 0 0 0 0 0 0 0 0 0
72 8900 0 0 0 0 0 0 0 0 0 0 0 0
73 8900 0 0 0 0 0 0 0 0 8900 3 0 0
74 8900 0 0 0 0 0 0 0 0 0 0 0 0
87 8900 0 0 0 0 0 0 0 0 0 0 0 0
89 17800 0 0 8900 0 0 0 0 0 0 0 0 0
fl=./string/../sysdeps/x86_64/multiarch/strchr.c
fn=index
42 4 0 0 0 0 0 0 0 0 0 0 0 0
43 2 1 1 2 0 0 0 0 0 0 0 0 0
44 3 0 0 1 0 0 0 0 0 1 0 0 0
47 2 0 0 0 0 0 0 0 0 0 0 0 0
48 2 0 0 0 0 0 0 0 0 1 0 0 0
51 3 0 0 0 0 0 0 0 0 1 0 0 0
54 3 0 0 0 0 0 0 0 0 1 0 0 0
65 3 2 2 1 0 0 0 0 0 0 0 0 0
fl=./string/../sysdeps/x86_64/multiarch/strchrnul.c
fn=strchrnul
31 3 0 0 1 0 0 0 0 0 0 0 0 0
fl=./string/../sysdeps/x86_64/multiarch/strcmp-avx2.S
fn=__strncmp_avx2
206 15 1 1 0 0 0 0 0 0 0 0 0 0
230 15 0 0 0 0 0 0 0 0 0 0 0 0
235 15 0 0 0 0 0 0 0 0 15 0 0 0
249 15 0 0 0 0 0 0 0 0 0 0 0 0
274 15 0 0 0 0 0 0 0 0 0 0 0 0
275 15 0 0 0 0 0 0 0 0 0 0 0 0
276 15 0 0 0 0 0 0 0 0 0 0 0 0
278 15 0 0 0 0 0 0 0 0 0 0 0 0
279 15 1 1 0 0 0 0 0 0 15 2 0 0
283 15 0 0 15 0 0 0 0 0 0 0 0 0
287 15 0 0 15 4 0 0 0 0 0 0 0 0
289 15 0 0 0 0 0 0 0 0 0 0 0 0
291 15 0 0 0 0 0 0 0 0 0 0 0 0
294 15 0 0 0 0 0 0 0 0 0 0 0 0
296 15 0 0 0 0 0 0 0 0 0 0 0 0
297 15 0 0 0 0 0 0 0 0 15 5 0 0
308 15 0 0 0 0 0 0 0 0 0 0 0 0
318 15 0 0 15 0 0 0 0 0 0 0 0 0
319 15 0 0 15 0 0 0 0 0 0 0 0 0
322 15 0 0 0 0 0 0 0 0 0 0 0 0
326 30 0 0 15 0 0 0 0 0 0 0 0 0
331 15 0 0 0 0 0 0 0 0 0 0 0 0
332 15 0 0 0 0 0 0 0 0 0 0 0 0
333 15 0 0 0 0 0 0 0 0 15 5 0 0
fl=./string/../sysdeps/x86_64/multiarch/strcmp.c
fn=strcmp
47 4 0 0 0 0 0 0 0 0 0 0 0 0
48 2 0 0 2 0 0 0 0 0 0 0 0 0
49 3 1 1 1 0 0 0 0 0 1 0 0 0
52 2 0 0 0 0 0 0 0 0 0 0 0 0
53 2 1 1 0 0 0 0 0 0 1 1 0 0
56 3 0 0 0 0 0 0 0 0 1 0 0 0
59 3 0 0 0 0 0 0 0 0 1 0 0 0
79 3 1 1 1 0 0 0 0 0 0 0 0 0
fl=./string/../sysdeps/x86_64/multiarch/strcpy.c
fn=strcpy
29 3 1 1 1 0 0 0 0 0 0 0 0 0
fl=./string/../sysdeps/x86_64/multiarch/strcspn.c
fn=strcspn
29 2 1 1 1 0 0 0 0 0 0 0 0 0
fl=./string/../sysdeps/x86_64/multiarch/strlen-avx2.S
fn=__strlen_avx2
52 591511 1 1 0 0 0 0 0 0 0 0 0 0
65 591511 0 0 0 0 0 0 0 0 0 0 0 0
66 591511 0 0 0 0 0 0 0 0 0 0 0 0
67 591511 0 0 0 0 0 0 0 0 0 0 0 0
70 591511 0 0 0 0 0 0 0 0 0 0 0 0
72 591511 0 0 0 0 0 0 0 0 0 0 0 0
73 591511 0 0 0 0 0 0 0 0 591511 876 0 0
76 591511 0 0 591511 2487 16 0 0 0 0 0 0 0
77 591511 0 0 0 0 0 0 0 0 0 0 0 0
85 591511 0 0 0 0 0 0 0 0 0 0 0 0
86 591511 0 0 0 0 0 0 0 0 591511 2 0 0
87 591511 0 0 0 0 0 0 0 0 0 0 0 0
92 1183022 0 0 591511 0 0 0 0 0 0 0 0 0
fl=./string/../sysdeps/x86_64/multiarch/strlen.c
fn=strlen
29 9 1 1 3 0 0 0 0 0 0 0 0 0
fl=./string/../sysdeps/x86_64/multiarch/strncase.c
fn=strncasecmp
31 3 0 0 1 0 0 0 0 0 0 0 0 0
fl=./string/../sysdeps/x86_64/multiarch/strncase_l.c
fn=strncasecmp_l
31 3 1 1 1 0 0 0 0 0 0 0 0 0
fl=./string/../sysdeps/x86_64/multiarch/strncmp.c
fn=strncmp
43 4 0 0 0 0 0 0 0 0 1 1 0 0
44 2 0 0 2 0 0 0 0 0 0 0 0 0
45 3 1 1 1 0 0 0 0 0 1 0 0 0
48 2 0 0 0 0 0 0 0 0 0 0 0 0
49 2 0 0 0 0 0 0 0 0 1 1 0 0
52 3 0 0 0 0 0 0 0 0 1 0 0 0
55 5 1 1 0 0 0 0 0 0 1 0 0 0
67 3 1 1 1 0 0 0 0 0 0 0 0 0
fl=./string/../sysdeps/x86_64/multiarch/strncpy.c
fn=strncpy
29 3 1 1 1 0 0 0 0 0 0 0 0 0
fl=./string/../sysdeps/x86_64/multiarch/strnlen.c
fn=strnlen
31 6 1 1 2 0 0 0 0 0 0 0 0 0
fl=./string/../sysdeps/x86_64/multiarch/strpbrk.c
fn=strpbrk
29 2 1 1 1 0 0 0 0 0 0 0 0 0
fl=./string/../sysdeps/x86_64/multiarch/strrchr-avx2.S
fn=__strrchr_avx2
53 1 1 1 0 0 0 0 0 0 0 0 0 0
54 1 0 0 0 0 0 0 0 0 0 0 0 0
55 1 0 0 0 0 0 0 0 0 0 0 0 0
57 1 0 0 0 0 0 0 0 0 0 0 0 0
58 1 1 1 0 0 0 0 0 0 0 0 0 0
62 1 0 0 0 0 0 0 0 0 0 0 0 0
63 1 0 0 0 0 0 0 0 0 0 0 0 0
64 1 0 0 0 0 0 0 0 0 1 0 0 0
67 1 0 0 1 1 0 0 0 0 0 0 0 0
69 1 0 0 0 0 0 0 0 0 0 0 0 0
70 1 0 0 0 0 0 0 0 0 0 0 0 0
71 1 0 0 0 0 0 0 0 0 0 0 0 0
72 1 0 0 0 0 0 0 0 0 1 1 0 0
97 1 1 1 0 0 0 0 0 0 0 0 0 0
98 1 0 0 0 0 0 0 0 0 0 0 0 0
99 1 0 0 0 0 0 0 0 0 0 0 0 0
100 1 0 0 0 0 0 0 0 0 0 0 0 0
101 1 0 0 0 0 0 0 0 0 1 1 0 0
127 1 0 0 0 0 0 0 0 0 0 0 0 0
128 1 0 0 0 0 0 0 0 0 0 0 0 0
132 2 0 0 1 0 0 0 0 0 0 0 0 0
156 1 1 1 0 0 0 0 0 0 0 0 0 0
159 1 0 0 0 0 0 0 0 0 0 0 0 0
160 1 0 0 1 0 0 0 0 0 0 0 0 0
161 1 0 0 0 0 0 0 0 0 0 0 0 0
162 1 1 1 0 0 0 0 0 0 0 0 0 0
163 1 0 0 0 0 0 0 0 0 0 0 0 0
164 1 0 0 0 0 0 0 0 0 1 1 0 0
fl=./string/../sysdeps/x86_64/multiarch/strrchr.c
fn=rindex
28 3 0 0 1 0 0 0 0 0 0 0 0 0
fl=./string/../sysdeps/x86_64/multiarch/strspn.c
fn=strspn
29 2 1 1 1 0 0 0 0 0 0 0 0 0
fl=./string/./string/strdup.c
fn=strdup
40 36 1 1 0 0 0 18 0 0 0 0 0 0
41 12 0 0 0 0 0 6 0 0 0 0 0 0
44 12 1 1 0 0 0 0 0 0 6 0 0 0
47 24 0 0 0 0 0 0 0 0 0 0 0 0
48 18 0 0 18 0 0 0 0 0 0 0 0 0
fl=./termios/../sysdeps/unix/sysv/linux/tcgetattr.c
fn=tcgetattr
34 8 1 1 1 0 0 2 0 0 0 0 0 0
38 11 3 3 1 0 0 1 0 0 1 1 0 0
77 6 0 0 4 0 0 0 0 0 1 0 0 0
fl=./time/../sysdeps/unix/sysv/linux/clock_gettime.c
fn=clock_gettime@@GLIBC_2.17
30 3996 1 1 0 0 0 0 0 0 0 0 0 0
38 7992 0 0 7992 438 0 0 0 0 0 0 0 0
40 7992 0 0 0 0 0 0 0 0 3996 8 0 0
44 7992 0 0 3996 0 0 0 0 0 0 0 0 0
68 7992 0 0 0 0 0 0 0 0 0 0 0 0
69 7992 1 1 0 0 0 0 0 0 3996 0 0 0
fl=./wcsmbs/../sysdeps/x86_64/multiarch/ifunc-avx2.h
fn=wcschr
38 8 1 1 0 0 0 0 0 0 2 2 0 0
40 6 0 0 4 0 0 0 0 0 0 0 0 0
41 4 0 0 2 0 0 0 0 0 2 0 0 0
42 6 0 0 2 0 0 0 0 0 2 0 0 0
45 4 0 0 0 0 0 0 0 0 0 0 0 0
46 4 0 0 0 0 0 0 0 0 2 2 0 0
49 6 0 0 0 0 0 0 0 0 2 0 0 0
52 12 1 1 0 0 0 0 0 0 0 0 0 0
fn=wcscmp
38 4 0 0 0 0 0 0 0 0 1 1 0 0
40 3 0 0 2 0 0 0 0 0 0 0 0 0
41 2 1 1 1 0 0 0 0 0 1 0 0 0
42 3 0 0 1 0 0 0 0 0 1 0 0 0
45 2 0 0 0 0 0 0 0 0 0 0 0 0
46 2 0 0 0 0 0 0 0 0 1 1 0 0
49 3 0 0 0 0 0 0 0 0 1 0 0 0
52 6 1 1 0 0 0 0 0 0 0 0 0 0
fl=./wcsmbs/../sysdeps/x86_64/multiarch/ifunc-evex.h
fn=wmemchr
37 8 0 0 0 0 0 0 0 0 2 2 0 0
38 6 1 1 4 0 0 0 0 0 0 0 0 0
39 6 0 0 2 0 0 0 0 0 2 0 0 0
42 4 0 0 0 0 0 0 0 0 0 0 0 0
43 4 1 1 0 0 0 0 0 0 2 2 0 0
45 4 0 0 0 0 0 0 0 0 0 0 0 0
51 6 0 0 0 0 0 0 0 0 2 0 0 0
54 8 0 0 0 0 0 0 0 0 0 0 0 0
fl=./wcsmbs/../sysdeps/x86_64/multiarch/ifunc-memcmp.h
fn=wmemcmp
34 5 1 1 2 0 0 0 0 0 1 0 0 0
35 2 0 0 1 0 0 0 0 0 1 0 0 0
36 2 0 0 0 0 0 0 0 0 1 0 0 0
37 3 0 0 1 0 0 0 0 0 1 0 0 0
40 2 0 0 0 0 0 0 0 0 0 0 0 0
41 2 0 0 0 0 0 0 0 0 1 1 0 0
44 3 0 0 0 0 0 0 0 0 1 0 0 0
47 4 0 0 0 0 0 0 0 0 0 0 0 0
fl=./wcsmbs/../sysdeps/x86_64/multiarch/ifunc-wcs.h
fn=wcpncpy
39 4 1 1 0 0 0 0 0 0 1 1 0 0
40 3 0 0 2 0 0 0 0 0 0 0 0 0
41 3 0 0 1 0 0 0 0 0 1 0 0 0
44 2 0 0 0 0 0 0 0 0 0 0 0 0
45 3 0 0 0 0 0 0 0 0 1 1 0 0
48 4 0 0 0 0 0 0 0 0 0 0 0 0
fn=wcscat
39 4 0 0 0 0 0 0 0 0 1 1 0 0
40 3 0 0 2 0 0 0 0 0 0 0 0 0
41 3 0 0 1 0 0 0 0 0 1 0 0 0
44 2 0 0 0 0 0 0 0 0 0 0 0 0
45 3 0 0 0 0 0 0 0 0 1 1 0 0
48 4 0 0 0 0 0 0 0 0 0 0 0 0
fn=wcsncpy
39 4 0 0 0 0 0 0 0 0 1 1 0 0
40 3 0 0 2 0 0 0 0 0 0 0 0 0
41 3 0 0 1 0 0 0 0 0 1 0 0 0
44 2 0 0 0 0 0 0 0 0 0 0 0 0
45 3 0 0 0 0 0 0 0 0 1 1 0 0
48 4 0 0 0 0 0 0 0 0 0 0 0 0
fl=./wcsmbs/../sysdeps/x86_64/multiarch/ifunc-wcslen.h
fn=wcslen
40 4 0 0 0 0 0 0 0 0 1 1 0 0
41 2 0 0 2 0 0 0 0 0 0 0 0 0
42 3 1 1 1 0 0 0 0 0 1 0 0 0
45 2 0 0 0 0 0 0 0 0 0 0 0 0
46 2 0 0 0 0 0 0 0 0 1 1 0 0
49 3 0 0 0 0 0 0 0 0 1 0 0 0
52 3 0 0 0 0 0 0 0 0 1 0 0 0
fn=wcsnlen
40 4 0 0 0 0 0 0 0 0 1 1 0 0
41 2 1 1 2 0 0 0 0 0 0 0 0 0
42 3 0 0 1 0 0 0 0 0 1 0 0 0
45 2 1 1 0 0 0 0 0 0 0 0 0 0
46 2 0 0 0 0 0 0 0 0 1 1 0 0
49 3 0 0 0 0 0 0 0 0 1 0 0 0
52 3 0 0 0 0 0 0 0 0 1 0 0 0
fl=./wcsmbs/../sysdeps/x86_64/multiarch/ifunc-wmemset.h
fn=wmemset
36 10 0 0 4 0 0 0 0 0 2 0 0 0
37 6 1 1 2 0 0 0 0 0 2 2 0 0
fl=./wcsmbs/../sysdeps/x86_64/multiarch/wcpcpy.c
fn=wcpncpy
31 1 1 1 0 0 0 0 0 0 0 0 0 0
fl=./wcsmbs/../sysdeps/x86_64/multiarch/wcpncpy.c
fn=wcpncpy
31 1 0 0 1 0 0 0 0 0 0 0 0 0
fl=./wcsmbs/../sysdeps/x86_64/multiarch/wcscat.c
fn=wcscat
31 2 1 1 1 0 0 0 0 0 0 0 0 0
fn=wcschr
31 2 1 1 0 0 0 0 0 0 0 0 0 0
fl=./wcsmbs/../sysdeps/x86_64/multiarch/wcschr.c
fn=wcschr
31 4 0 0 2 0 0 0 0 0 0 0 0 0
fl=./wcsmbs/../sysdeps/x86_64/multiarch/wcscmp.c
fn=wcscmp
30 3 1 1 1 0 0 0 0 0 0 0 0 0
fl=./wcsmbs/../sysdeps/x86_64/multiarch/wcscpy.c
fn=wcscpy
42 4 0 0 0 0 0 0 0 0 1 1 0 0
43 2 1 1 2 0 0 0 0 0 0 0 0 0
44 3 0 0 1 0 0 0 0 0 1 0 0 0
46 2 1 1 0 0 0 0 0 0 0 0 0 0
47 3 0 0 0 0 0 0 0 0 1 1 0 0
50 3 0 0 0 0 0 0 0 0 1 0 0 0
60 2 1 1 1 0 0 0 0 0 0 0 0 0
fl=./wcsmbs/../sysdeps/x86_64/multiarch/wcslen.c
fn=wcslen
29 3 2 2 1 0 0 0 0 0 0 0 0 0
fl=./wcsmbs/../sysdeps/x86_64/multiarch/wcsncpy.c
fn=wcsncpy
31 2 1 1 1 0 0 0 0 0 0 0 0 0
fl=./wcsmbs/../sysdeps/x86_64/multiarch/wcsnlen.c
fn=wcsnlen
30 3 1 1 1 0 0 0 0 0 0 0 0 0
fl=./wcsmbs/../sysdeps/x86_64/multiarch/wmemchr.c
fn=wmemchr
31 4 1 1 2 0 0 0 0 0 0 0 0 0
fl=./wcsmbs/../sysdeps/x86_64/multiarch/wmemcmp.c
fn=wmemcmp
29 4 1 1 1 0 0 0 0 0 0 0 0 0
fl=./wcsmbs/../sysdeps/x86_64/multiarch/wmemset.c
fn=wmemset
31 4 1 1 2 0 0 0 0 0 0 0 0 0
fl=./wcsmbs/./wcsmbs/btowc.c
fn=btowc
32 2560 1 1 256 0 0 1280 0 0 0 0 0 0
37 1792 1 1 0 0 0 0 0 0 256 0 0 0
42 512 0 0 0 0 0 0 0 0 256 6 0 0
46 384 0 0 384 1 0 0 0 0 0 0 0 0
47 256 1 1 256 2 0 0 0 0 0 0 0 0
48 256 0 0 128 1 0 0 0 0 128 2 0 0
52 512 0 0 128 0 0 0 0 0 128 0 0 0
55 1152 0 0 384 0 0 128 0 0 128 0 128 1
94 1792 1 1 1408 0 0 0 0 0 128 0 0 0
fl=./wcsmbs/./wcsmbs/wctob.c
fn=wctob
30 1280 1 1 128 0 0 640 0 0 0 0 0 0
39 384 0 0 0 0 0 0 0 0 128 0 0 0
44 256 0 0 0 0 0 0 0 0 128 0 0 0
45 128 0 0 0 0 0 0 0 0 0 0 0 0
79 1152 1 1 896 0 0 0 0 0 128 0 0 0
fl=./wcsmbs/./wcsmbsload.h
fn=btowc
69 128 0 0 128 1 0 0 0 0 0 0 0 0
70 384 0 0 128 1 0 0 0 0 128 0 0 0
fl=./wctype/./wctype/wctype_l.c
fn=wctype_l
26 110 1 1 0 0 0 60 0 0 0 0 0 0
29 20 1 1 0 0 0 10 0 0 0 0 0 0
32 30 0 0 20 1 0 10 0 0 0 0 0 0
33 68 0 0 0 0 0 0 0 0 0 0 0 0
35 174 0 0 0 0 0 58 0 0 0 0 0 0
37 410 1 1 0 0 0 49 0 0 107 12 0 0
40 48 0 0 0 0 0 0 0 0 0 0 0 0
41 96 0 0 48 0 0 0 0 0 48 0 0 0
45 20 0 0 20 1 0 0 0 0 0 0 0 0
46 10 0 0 10 2 0 0 0 0 0 0 0 0
47 80 0 0 70 0 0 0 0 0 0 0 0 0
fl=???
fn=(below main)
0 12 1 1 2 1 0 3 0 0 0 0 1 1
fn=???
0 47824987 8030 331 15409170 17067 10 3991690 290 13 1952506 308117 8814564 935945
fn=Compra::Compra(Compra const&)
0 82641 261 6 41067 413 0 10140 285 221 3549 204 0 0
fn=Compra::Compra(int, int, int, int const*, int const*, int)
0 37230 5 5 15810 0 0 5865 0 0 1530 177 0 0
fn=Compra::imprimir_consulta(int) const
0 6815 105 7 1740 82 0 986 0 0 203 31 0 0
fn=Compra::ordenar_por_id_produto()
0 52380 6 6 27975 0 0 3810 0 0 3315 532 0 0
fn=Compra::~Compra()
0 18288 2 0 7620 134 0 3048 0 0 1524 3 0 0
fn=ConjuntoIds::ConjuntoIds()
0 80685 59 2 22005 0 0 22005 0 0 0 0 0 0
fn=ConjuntoIds::ConjuntoIds(ConjuntoIds const&)
0 172438 1 1 49268 0 0 49268 0 0 0 0 0 0
fn=ConjuntoIds::ConjuntoIds(ConjuntoIds&&)
0 11018 0 0 3148 0 0 3148 0 0 0 0 0 0
fn=ConjuntoIds::append(int)
0 736582 0 0 157839 0 0 210452 0 0 0 0 0 0
fn=ConjuntoIds::complemento(ConjuntoIds const&, ConjuntoIds const&)
0 729688 7 6 190684 9 0 132120 0 0 67530 2133 0 0
fn=ConjuntoIds::conjunto_vazio()
0 6290 2 2 1710 174 0 574 0 0 571 6 0 0
fn=ConjuntoIds::inserir(int)
0 152469038 431 5 66211285 1671 0 10701910 32 0 27856666 105992 0 0
fn=ConjuntoIds::intersect(ConjuntoIds const&, ConjuntoIds const&)
0 2515512 1236 6 755561 150 0 382868 0 0 228963 11510 0 0
fn=ConjuntoIds::intersect_multiplo(Vetor<ConjuntoIds> const&)
0 62173 5 5 13379 0 0 13379 0 0 3148 195 0 0
fn=ConjuntoIds::operator=(ConjuntoIds const&)
0 364868 1 1 130310 0 0 104248 0 0 0 0 0 0
fn=ConjuntoIds::operator=(ConjuntoIds&&)
0 40614 0 0 14505 0 0 11604 0 0 0 0 0 0
fn=ConjuntoIds::operator[](int) const
0 4931836 0 0 1761370 37142 0 1409096 0 0 0 0 0 0
fn=ConjuntoIds::remover(int)
0 78251 2 2 29173 1084 0 17364 6 0 6143 1472 0 0
fn=ConjuntoIds::tamanho() const
0 3096810 1 1 929043 0 0 929043 0 0 0 0 0 0
fn=ConjuntoIds::uniao(ConjuntoIds const&, ConjuntoIds const&)
0 164606 339 7 44066 9 0 29357 0 0 13606 1574 0 0
fn=ConjuntoIds::~ConjuntoIds()
0 224829 1 1 61317 0 0 61317 1 0 0 0 0 0
fn=ConsultaEvaluator::ConsultaEvaluator(Sistema const*)
0 13079 0 0 4756 0 0 4756 0 0 0 0 0 0
fn=ConsultaEvaluator::avaliar(std::__cxx11::basic_string<char, std::char_traits<char>, std::allocator<char> > const&, Vetor<std::__cxx11::basic_string<char, std::char_traits<char>, std::allocator<char> > > const&)
0 33694 63 3 13079 133 0 9512 0 0 2378 2 0 0
fn=ConsultaEvaluator::avaliar_and(std::__cxx11::basic_string<char, std::char_traits<char>, std::allocator<char> > const&, Vetor<std::__cxx11::basic_string<char, std::char_traits<char>, std::allocator<char> > > const&)
0 81848 80 5 16527 0 0 18888 0 0 3148 754 0 0
fn=ConsultaEvaluator::avaliar_expr(std::__cxx11::basic_string<char, std::char_traits<char>, std::allocator<char> > const&, Vetor<std::__cxx11::basic_string<char, std::char_traits<char>, std::allocator<char> > > const&)
0 18090 55 2 5226 0 0 4824 0 0 402 0 0 0
fn=ConsultaEvaluator::avaliar_rpn(std::__cxx11::basic_string<char, std::char_traits<char>, std::allocator<char> > const&, Vetor<TokenExpr> const&)
0 99162 1168 16 22938 0 0 20268 0 0 5718 1212 0 0
fn=ConsultaEvaluator::para_rpn(Vetor<TokenExpr> const&) const
0 75120 73 7 21186 0 0 14412 0 0 5952 1355 0 0
fn=ConsultaEvaluator::resolver_filtro(std::__cxx11::basic_string<char, std::char_traits<char>, std::allocator<char> > const&, FiltroAtomico const&)
0 71760 255 2 32890 314 0 20930 0 0 2990 61 0 0
fn=ConsultaEvaluator::universo(std::__cxx11::basic_string<char, std::char_traits<char>, std::allocator<char> > const&) const
0 2208 75 1 960 0 0 576 0 0 96 2 0 0
fn=EntradaVetorInt::EntradaVetorInt()
0 21456 1 1 5364 0 0 5364 0 0 0 0 0 0
fn=EntradaVetorInt::EntradaVetorInt(EntradaVetorInt const&)
0 79760 1 1 27916 180 0 19940 491 301 0 0 0 0
fn=EntradaVetorInt::operator=(EntradaVetorInt const&)
0 318200 0 0 127280 1343 0 79550 0 0 0 0 0 0
fn=EntradaVetorInt::~EntradaVetorInt()
0 69312 0 0 17328 0 0 17328 0 0 0 0 0 0
fn=EntradaVetorString::EntradaVetorString()
0 5542 107 2 1630 0 0 1630 0 0 0 0 0 0
fn=EntradaVetorString::EntradaVetorString(EntradaVetorString const&)
0 19458 14 2 5922 0 0 5076 0 0 0 0 0 0
fn=EntradaVetorString::operator=(EntradaVetorString const&)
0 213192 15 0 71064 0 0 50760 0 0 0 0 0 0
fn=EntradaVetorString::~EntradaVetorString()
0 17580 0 0 4688 0 0 4688 0 0 0 0 0 0
fn=FiltroAtomico::FiltroAtomico()
0 91352 1 1 24040 0 0 24040 0 0 0 0 0 0
fn=FiltroAtomico::FiltroAtomico(FiltroAtomico const&)
0 274040 3 3 96720 0 0 64480 686 4 0 0 0 0
fn=FiltroAtomico::operator=(FiltroAtomico&&)
0 45312 1 1 16992 0 0 9912 0 0 0 0 0 0
fn=FiltroAtomico::~FiltroAtomico()
0 244492 1 1 64340 0 0 64340 0 0 0 0 0 0
fn=HistoricoCompras::HistoricoCompras()
0 15 0 0 4 0 0 4 0 0 0 0 0 0
fn=HistoricoCompras::ao_cadastrar_produto(int)
0 6900 160 3 1650 0 0 1500 0 0 450 7 0 0
fn=HistoricoCompras::ao_cadastrar_usuario(int)
0 6407 3 3 1639 0 0 1490 0 0 447 13 0 0
fn=HistoricoCompras::imprimir_produtos_usuario(int) const
0 1571492 487 5 311560 5941 0 293321 0 0 54552 4826 0 0
fn=HistoricoCompras::imprimir_usuarios_produto(int) const
0 1535405 215 5 303474 6219 0 285590 0 0 53501 4735 0 0
fn=HistoricoCompras::inserir_ou_somar(Vetor<ParIdQtd>&, int, int)
0 186534 6 6 73436 751 0 36801 0 0 20119 3080 0 0
fn=HistoricoCompras::registrar_compra(int, int const*, int const*, int)
0 42585 4 4 16065 0 0 5355 0 0 1020 311 0 0
fn=HistoricoCompras::~HistoricoCompras()
0 15 0 0 4 0 0 4 0 0 0 0 0 0
fn=IndiceInvertido::IndiceInvertido()
0 88 1 1 24 0 0 24 0 0 0 0 0 0
fn=IndiceInvertido::buscar(std::__cxx11::basic_string<char, std::char_traits<char>, std::allocator<char> > const&) const
0 13507 68 0 4156 0 0 4156 0 0 0 0 0 0
fn=IndiceInvertido::inserir(std::__cxx11::basic_string<char, std::char_traits<char>, std::allocator<char> > const&, int)
0 20332 7 1 5980 1 0 7176 0 0 0 0 0 0
fn=IndiceInvertido::~IndiceInvertido()
0 88 0 0 24 0 0 24 0 0 0 0 0 0
fn=IndiceInvertidoInt::IndiceInvertidoInt()
0 110 1 1 30 0 0 30 0 0 0 0 0 0
fn=IndiceInvertidoInt::buscar(int) const
0 9828 133 0 3024 0 0 3024 0 0 0 0 0 0
fn=IndiceInvertidoInt::inserir(int, int)
0 55301 16 2 16265 0 0 19518 0 0 0 0 0 0
fn=IndiceInvertidoInt::~IndiceInvertidoInt()
0 110 1 1 30 0 0 30 0 0 0 0 0 0
fn=IndiceOrdenado<double>::IndiceOrdenado()
0 9 0 0 3 0 0 3 0 0 0 0 0 0
fn=IndiceOrdenado<double>::No::No(double const&)
0 3450 2 2 1350 0 0 1200 0 0 0 0 0 0
fn=IndiceOrdenado<double>::No::~No()
0 1800 0 0 450 0 0 450 0 0 0 0 0 0
fn=IndiceOrdenado<double>::altura(IndiceOrdenado<double>::No*) const
0 48974 8 1 19686 208 0 12552 0 0 4184 360 0 0
fn=IndiceOrdenado<double>::atualizar_altura(IndiceOrdenado<double>::No*)
0 33956 2 2 13452 0 0 8968 0 0 1121 269 0 0
fn=IndiceOrdenado<double>::balanceamento(IndiceOrdenado<double>::No*) const
0 28159 1 1 9710 0 0 5826 0 0 971 64 0 0
fn=IndiceOrdenado<double>::balancear(IndiceOrdenado<double>::No*)
0 22819 107 3 8480 0 0 5606 0 0 1827 115 0 0
fn=IndiceOrdenado<double>::buscar_faixa(double const&, double const&) const
0 2834 95 0 1199 27 0 872 0 0 0 0 0 0
fn=IndiceOrdenado<double>::destruir_rec(IndiceOrdenado<double>::No*)
0 6763 1 1 2254 134 0 1804 0 0 451 132 0 0
fn=IndiceOrdenado<double>::faixa_rec(IndiceOrdenado<double>::No*, double const&, double const&, ConjuntoIds&) const
0 394798 5 5 169290 4522 0 74306 0 0 32411 5189 0 0
fn=IndiceOrdenado<double>::inserir(double const&, int)
0 3000 1 1 1200 0 0 1050 0 0 0 0 0 0
fn=IndiceOrdenado<double>::inserir_rec(IndiceOrdenado<double>::No*, double const&, int)
0 45624 156 5 19346 325 0 11667 11 0 2369 604 0 0
fn=IndiceOrdenado<double>::rotacionar_direita(IndiceOrdenado<double>::No*)
0 1829 1 1 885 0 0 531 0 0 0 0 0 0
fn=IndiceOrdenado<double>::rotacionar_esquerda(IndiceOrdenado<double>::No*)
0 1643 7 2 795 0 0 477 0 0 0 0 0 0
fn=IndiceOrdenado<double>::~IndiceOrdenado()
0 14 0 0 5 1 0 3 0 0 0 0 0 0
fn=IndiceOrdenado<int>::IndiceOrdenado()
0 36 1 1 12 0 0 12 0 0 0 0 0 0
fn=IndiceOrdenado<int>::No::No(int const&)
0 20125 654 1 7875 0 0 7000 6 0 0 0 0 0
fn=IndiceOrdenado<int>::No::~No()
0 10500 0 0 2625 0 0 2625 0 0 0 0 0 0
fn=IndiceOrdenado<int>::altura(IndiceOrdenado<int>::No*) const
0 1317556 1 1 539912 4345 0 333276 0 0 111092 4193 0 0
fn=IndiceOrdenado<int>::atualizar_altura(IndiceOrdenado<int>::No*)
0 849146 96 3 338436 91 0 225624 1 0 28203 3041 0 0
fn=IndiceOrdenado<int>::balanceamento(IndiceOrdenado<int>::No*) const
0 792947 151 1 273430 0 0 164058 0 0 27343 138 0 0
fn=IndiceOrdenado<int>::balancear(IndiceOrdenado<int>::No*)
0 650632 4 4 242991 0 0 161538 0 0 53926 1356 0 0
fn=IndiceOrdenado<int>::buscar_faixa(int const&, int const&) const
0 17862 126 3 7557 259 0 5496 0 0 0 0 0 0
fn=IndiceOrdenado<int>::destruir_rec(IndiceOrdenado<int>::No*)
0 39427 3 3 13141 840 0 10516 6 0 2629 616 0 0
fn=IndiceOrdenado<int>::faixa_rec(IndiceOrdenado<int>::No*, int const&, int const&, ConjuntoIds&) const
0 6236880 133 5 2627185 79726 0 1179703 0 0 501439 70538 0 0
fn=IndiceOrdenado<int>::inserir(int const&, int)
0 46780 1 1 18712 4 0 16373 0 0 0 0 0 0
fn=IndiceOrdenado<int>::inserir_rec(IndiceOrdenado<int>::No*, int const&, int)
0 789960 5 5 348764 2313 0 191371 45 0 45936 8372 0 0
fn=IndiceOrdenado<int>::remover(int const&, int)
0 29070 0 0 12240 3 0 9180 0 0 0 0 0 0
fn=IndiceOrdenado<int>::remover_rec(IndiceOrdenado<int>::No*, int const&, int)
0 424648 2 2 193490 3379 0 89846 8 0 29914 6812 0 0
fn=IndiceOrdenado<int>::rotacionar_direita(IndiceOrdenado<int>::No*)
0 4030 30 2 1950 0 0 1170 0 0 0 0 0 0
fn=IndiceOrdenado<int>::rotacionar_esquerda(IndiceOrdenado<int>::No*)
0 19778 54 2 9570 0 0 5742 0 0 0 0 0 0
fn=IndiceOrdenado<int>::~IndiceOrdenado()
0 56 1 1 20 0 0 12 0 0 0 0 0 0
fn=MapaVetorInt::MapaVetorInt()
0 110 0 0 30 0 0 30 0 0 0 0 0 0
fn=MapaVetorInt::buscar(int) const
0 26982 234 2 8370 0 0 5958 0 0 2178 69 0 0
fn=MapaVetorInt::buscar_pos(int) const
0 845260 147 3 309950 6957 0 107834 0 0 62152 13325 0 0
fn=MapaVetorInt::inserir(int, int)
0 534325 9 9 177387 0 0 106878 0 0 29366 810 0 0
fn=MapaVetorInt::~MapaVetorInt()
0 110 0 0 30 1 0 30 0 0 0 0 0 0
fn=MapaVetorString::MapaVetorString()
0 88 1 1 24 0 0 24 0 0 0 0 0 0
fn=MapaVetorString::buscar(std::__cxx11::basic_string<char, std::char_traits<char>, std::allocator<char> > const&) const
0 43638 190 2 11429 0 0 9351 0 0 3117 124 0 0
fn=MapaVetorString::buscar_pos(std::__cxx11::basic_string<char, std::char_traits<char>, std::allocator<char> > const&) const
0 273056 811 3 80103 0 0 46171 0 0 17661 3751 0 0
fn=MapaVetorString::inserir(std::__cxx11::basic_string<char, std::char_traits<char>, std::allocator<char> > const&, int)
0 272702 162 9 92975 1 0 49484 0 0 15209 364 0 0
fn=MapaVetorString::~MapaVetorString()
0 88 0 0 24 0 0 24 0 0 0 0 0 0
fn=Metricas::Metricas()
0 68 2 2 5 0 0 12 0 0 9 8 0 0
fn=Metricas::reset()
0 104 2 2 37 0 0 13 0 0 9 6 0 0
fn=MetricasOperacao::MetricasOperacao()
0 88 1 1 32 0 0 32 3 3 0 0 0 0
fn=MetricasOperacao::reset()
0 88 0 0 32 0 0 32 0 0 0 0 0 0
fn=Produto::Produto(Produto const&)
0 20502 3 3 8040 52 0 4422 111 100 0 0 0 0
fn=Produto::Produto(int, std::__cxx11::basic_string<char, std::char_traits<char>, std::allocator<char> > const&, double, int, std::__cxx11::basic_string<char, std::char_traits<char>, std::allocator<char> > const&, std::__cxx11::basic_string<char, std::char_traits<char>, std::allocator<char> > const&, std::__cxx11::basic_string<char, std::char_traits<char>, std::allocator<char> > const&)
0 7350 4 4 2550 0 0 2400 0 0 0 0 0 0
fn=Produto::decrementar(int)
0 10710 0 0 4590 0 0 3060 0 0 0 0 0 0
fn=Produto::get_qtd() const
0 24480 1 1 12240 693 0 6120 0 0 0 0 0 0
fn=Produto::imprimir_consulta(int) const
0 520650 425 7 62300 3570 0 111250 0 0 0 0 0 0
fn=Produto::incrementar(int)
0 10710 1 1 4590 0 0 3060 0 0 0 0 0 0
fn=Produto::tem_estoque(int) const
0 8415 1 1 3825 715 0 2295 0 0 0 0 0 0
fn=Produto::~Produto()
0 13248 1 0 3312 0 0 3312 0 0 0 0 0 0
fn=Reposicao::Reposicao(Reposicao const&)
0 80613 6 6 39546 401 0 9633 261 221 3549 48 0 0
fn=Reposicao::Reposicao(int, int, int const*, int const*, int)
0 36465 6 6 15300 0 0 5610 0 0 1530 23 0 0
fn=Reposicao::imprimir_consulta(int) const
0 5951680 132 7 1541060 47495 0 850240 0 0 185990 26823 0 0
fn=Reposicao::ordenar_por_id_produto()
0 54360 255 7 28965 0 0 4008 0 0 3315 550 0 0
fn=Reposicao::~Reposicao()
0 18288 2 0 7620 131 0 3048 0 0 1524 0 0 0
fn=Sistema::Sistema()
0 127 9 9 34 0 0 34 0 0 0 0 0 0
fn=Sistema::atualizar_indice_qtd_produto(int, int, int)
0 38250 1 1 9180 0 0 10710 0 0 0 0 0 0
fn=Sistema::avaliar_filtro(std::__cxx11::basic_string<char, std::char_traits<char>, std::allocator<char> > const&, FiltroAtomico const&) const
0 171525 1151 19 47668 104 0 35902 0 0 17271 1024 0 0
fn=Sistema::cadastrar_produto(std::__cxx11::basic_string<char, std::char_traits<char>, std::allocator<char> > const&, double, int, std::__cxx11::basic_string<char, std::char_traits<char>, std::allocator<char> > const&, std::__cxx11::basic_string<char, std::char_traits<char>, std::allocator<char> > const&, std::__cxx11::basic_string<char, std::char_traits<char>, std::allocator<char> > const&)
0 17700 92 10 5850 8 0 4050 0 0 150 2 0 0
fn=Sistema::cadastrar_usuario(std::__cxx11::basic_string<char, std::char_traits<char>, std::allocator<char> > const&, int, std::__cxx11::basic_string<char, std::char_traits<char>, std::allocator<char> > const&, std::__cxx11::basic_string<char, std::char_traits<char>, std::allocator<char> > const&, std::__cxx11::basic_string<char, std::char_traits<char>, std::allocator<char> > const&)
0 17284 34 10 5811 4 0 3874 0 0 149 2 0 0
fn=Sistema::consultar_compras(Vetor<std::__cxx11::basic_string<char, std::char_traits<char>, std::allocator<char> > > const&)
0 17118 472 7 2278 0 0 3827 0 0 584 125 0 0
fn=Sistema::consultar_produtos(Vetor<std::__cxx11::basic_string<char, std::char_traits<char>, std::allocator<char> > > const&)
0 162503 42 7 38349 58 0 31321 0 0 5327 365 0 0
fn=Sistema::consultar_reposicoes(Vetor<std::__cxx11::basic_string<char, std::char_traits<char>, std::allocator<char> > > const&)
0 683932 315 6 135484 208 0 110774 0 0 27344 412 0 0
fn=Sistema::consultar_usuarios(Vetor<std::__cxx11::basic_string<char, std::char_traits<char>, std::allocator<char> > > const&)
0 165613 569 6 40359 66 0 32759 0 0 5551 351 0 0
fn=Sistema::filtro_compra_exato(std::__cxx11::basic_string<char, std::char_traits<char>, std::allocator<char> > const&, std::__cxx11::basic_string<char, std::char_traits<char>, std::allocator<char> > const&) const
0 19039 71 6 3965 0 0 5085 0 0 1211 98 0 0
fn=Sistema::filtro_produto_exato(std::__cxx11::basic_string<char, std::char_traits<char>, std::allocator<char> > const&, std::__cxx11::basic_string<char, std::char_traits<char>, std::allocator<char> > const&) const
0 33171 606 9 8037 0 0 7445 0 0 2709 98 0 0
fn=Sistema::filtro_reposicao_exato(std::__cxx11::basic_string<char, std::char_traits<char>, std::allocator<char> > const&, std::__cxx11::basic_string<char, std::char_traits<char>, std::allocator<char> > const&) const
0 21968 106 4 4782 0 0 6117 0 0 1138 3 0 0
fn=Sistema::filtro_usuario_exato(std::__cxx11::basic_string<char, std::char_traits<char>, std::allocator<char> > const&, std::__cxx11::basic_string<char, std::char_traits<char>, std::allocator<char> > const&) const
0 30795 529 7 6331 0 0 7032 0 0 2313 12 0 0
fn=Sistema::registrar_compra(int, int, int const*, int const*, int)
0 100725 13 13 37485 46 0 15810 1 0 4080 536 0 0
fn=Sistema::registrar_reposicao(int, int const*, int const*, int)
0 73185 10 10 27030 26 0 13005 0 0 2295 556 0 0
fn=Sistema::universo_da_consulta(std::__cxx11::basic_string<char, std::char_traits<char>, std::allocator<char> > const&) const
0 200237 11 5 118795 50 0 20549 0 0 19973 356 0 0
fn=Sistema::~Sistema()
0 119 8 8 30 1 0 30 0 0 0 0 0 0
fn=TokenExpr::TokenExpr()
0 21816 0 0 5454 0 0 5454 0 0 0 0 0 0
fn=TokenExpr::TokenExpr(TokenExpr const&)
0 129720 0 0 45402 0 0 32430 676 6 0 0 0 0
fn=TokenExpr::~TokenExpr()
0 99648 102 2 24912 0 0 24912 0 0 0 0 0 0
fn=Usuario::Usuario(Usuario const&)
0 18847 2 2 6817 35 0 4010 72 69 0 0 0 0
fn=Usuario::Usuario(int, int, std::__cxx11::basic_string<char, std::char_traits<char>, std::allocator<char> > const&, std::__cxx11::basic_string<char, std::char_traits<char>, std::allocator<char> > const&, std::__cxx11::basic_string<char, std::char_traits<char>, std::allocator<char> > const&, std::__cxx11::basic_string<char, std::char_traits<char>, std::allocator<char> > const&)
0 6705 4 4 2235 0 0 2086 0 0 0 0 0 0
fn=Usuario::imprimir_consulta(int) const
0 414656 525 6 51832 3585 0 84816 0 0 0 0 0 0
fn=Usuario::~Usuario()
0 13200 1 1 3300 0 0 3300 0 0 0 0 0 0
fn=Vetor<Compra>::Vetor()
0 13 1 1 5 0 0 5 0 0 0 0 0 0
fn=Vetor<Compra>::destruir_elementos()
0 6711 1 0 3589 0 0 531 0 0 515 10 0 0
fn=Vetor<Compra>::expandir()
0 151 1 1 54 0 0 28 0 0 7 4 0 0
fn=Vetor<Compra>::operator[](int)
0 377 31 1 145 0 0 87 0 0 0 0 0 0
fn=Vetor<Compra>::push_back(Compra const&)
0 11496 2 2 4597 1 0 2557 0 0 255 9 0 0
fn=Vetor<Compra>::reservar(int)
0 6629 3 3 2408 0 0 602 0 0 266 11 0 0
fn=Vetor<Compra>::~Vetor()
0 15 1 1 5 0 0 4 0 0 0 0 0 0
fn=Vetor<ConjuntoIds>::Vetor()
0 15457 46 2 5945 0 0 5945 0 0 0 0 0 0
fn=Vetor<ConjuntoIds>::destruir_elementos()
0 70562 1 1 30678 0 0 9818 0 0 5062 1681 0 0
fn=Vetor<ConjuntoIds>::expandir()
0 22591 5 1 7134 0 0 4756 0 0 1189 163 0 0
fn=Vetor<ConjuntoIds>::operator[](int)
0 14430 2 1 5550 0 0 3330 0 0 0 0 0 0
fn=Vetor<ConjuntoIds>::operator[](int) const
0 20462 0 0 7870 0 0 4722 0 0 0 0 0 0
fn=Vetor<ConjuntoIds>::pop_back()
0 18408 0 0 7788 0 0 2832 0 0 708 2 0 0
fn=Vetor<ConjuntoIds>::push_back(ConjuntoIds const&)
0 156207 246 3 62245 208 0 35109 0 0 3392 1528 0 0
fn=Vetor<ConjuntoIds>::reservar(int)
0 55883 53 4 23780 0 0 16646 0 0 2378 135 0 0
fn=Vetor<ConjuntoIds>::tamanho() const
0 27768 0 0 13884 0 0 6942 0 0 0 0 0 0
fn=Vetor<ConjuntoIds>::~Vetor()
0 17835 0 0 5945 0 0 4756 0 0 0 0 0 0
fn=Vetor<EntradaVetorInt>::Vetor()
0 130 0 0 50 0 0 50 0 0 0 0 0 0
fn=Vetor<EntradaVetorInt>::destruir_elementos()
0 64963 3 1 28301 5 0 4219 0 0 4065 74 0 0
fn=Vetor<EntradaVetorInt>::expandir()
0 1444 1 0 516 3 0 268 0 0 67 7 0 0
fn=Vetor<EntradaVetorInt>::operator[](int)
0 648928 0 0 202790 0 0 121674 0 0 0 0 0 0
fn=Vetor<EntradaVetorInt>::operator[](int) const
0 572912 0 0 179035 0 0 107421 0 0 0 0 0 0
fn=Vetor<EntradaVetorInt>::push_back(EntradaVetorInt const&)
0 86025 4 4 32251 2 0 17947 0 0 1788 78 0 0
fn=Vetor<EntradaVetorInt>::reservar(int)
0 71550 14 4 21140 2 0 5338 0 0 2334 96 0 0
fn=Vetor<EntradaVetorInt>::tamanho() const
0 78448 312 2 39224 217 0 19612 0 0 0 0 0 0
fn=Vetor<EntradaVetorInt>::~Vetor()
0 150 1 1 50 0 0 40 0 0 0 0 0 0
fn=Vetor<EntradaVetorString>::Vetor()
0 104 1 1 40 0 0 40 0 0 0 0 0 0
fn=Vetor<EntradaVetorString>::destruir_elementos()
0 14016 13 3 6082 2 0 942 0 0 878 36 0 0
fn=Vetor<EntradaVetorString>::expandir()
0 504 8 2 176 1 0 96 0 0 24 10 0 0
fn=Vetor<EntradaVetorString>::operator[](int)
0 372720 152 2 116475 0 0 69885 0 0 0 0 0 0
fn=Vetor<EntradaVetorString>::operator[](int) const
0 201728 158 1 63040 52 0 37824 0 0 0 0 0 0
fn=Vetor<EntradaVetorString>::push_back(EntradaVetorString const&)
0 15720 4 4 5892 2 0 3284 0 0 326 30 0 0
fn=Vetor<EntradaVetorString>::reservar(int)
0 17320 25 5 5160 0 0 1376 0 0 568 36 0 0
fn=Vetor<EntradaVetorString>::tamanho() const
0 38368 1 1 19184 318 0 9592 0 0 0 0 0 0
fn=Vetor<EntradaVetorString>::~Vetor()
0 120 1 1 40 0 0 32 0 0 0 0 0 0
fn=Vetor<FiltroAtomico>::Vetor()
0 10231 527 1 3935 0 0 3935 0 0 0 0 0 0
fn=Vetor<FiltroAtomico>::destruir_elementos()
0 51942 25 2 18888 0 0 6296 0 0 3148 4 0 0
fn=Vetor<FiltroAtomico>::expandir()
0 14953 12 2 4722 0 0 3148 0 0 787 354 0 0
fn=Vetor<FiltroAtomico>::operator[](int)
0 28332 1 1 7870 0 0 4722 0 0 0 0 0 0
fn=Vetor<FiltroAtomico>::push_back(FiltroAtomico const&)
0 81061 110 2 29119 0 0 16527 0 0 1574 901 0 0
fn=Vetor<FiltroAtomico>::reservar(int)
0 40924 15 3 15740 0 0 11018 0 0 1574 1 0 0
fn=Vetor<FiltroAtomico>::tamanho() const
0 18888 1 1 9444 0 0 4722 0 0 0 0 0 0
fn=Vetor<FiltroAtomico>::~Vetor()
0 11805 1 1 3935 0 0 3148 0 0 0 0 0 0
fn=Vetor<ParIdQtd>::Vetor()
0 3887 0 0 1495 0 0 1495 0 0 0 0 0 0
fn=Vetor<ParIdQtd>::Vetor(Vetor<ParIdQtd> const&)
0 15257 2 2 5621 103 0 4818 91 1 803 19 0 0
fn=Vetor<ParIdQtd>::destruir_elementos()
0 34640 144 0 17916 75 0 4740 0 0 4084 482 0 0
fn=Vetor<ParIdQtd>::expandir()
0 9700 247 1 3280 0 0 1912 0 0 478 57 0 0
fn=Vetor<ParIdQtd>::operator[](int)
0 151736 0 0 58360 0 0 35016 0 0 0 0 0 0
fn=Vetor<ParIdQtd>::operator[](int) const
0 1177410 219 1 452850 0 0 271710 0 0 0 0 0 0
fn=Vetor<ParIdQtd>::push_back(ParIdQtd const&)
0 51330 1 1 23158 0 0 9550 144 5 1512 249 0 0
fn=Vetor<ParIdQtd>::reservar(int)
0 38996 2 2 17568 13 0 6764 55 37 1948 230 0 0
fn=Vetor<ParIdQtd>::tamanho() const
0 876664 1 1 438332 6832 0 219166 0 0 0 0 0 0
fn=Vetor<ParIdQtd>::~Vetor()
0 16530 2 0 5510 0 0 4408 0 0 0 0 0 0
fn=Vetor<Produto>::Vetor()
0 13 0 0 5 0 0 5 0 0 0 0 0 0
fn=Vetor<Produto>::destruir_elementos()
0 6552 3 2 2854 0 0 426 0 0 410 26 0 0
fn=Vetor<Produto>::expandir()
0 151 1 1 54 0 0 28 0 0 7 2 0 0
fn=Vetor<Produto>::operator[](int)
0 156880 404 1 49025 15 0 29415 0 0 0 0 0 0
fn=Vetor<Produto>::push_back(Produto const&)
0 7221 4 4 2707 3 0 1507 0 0 150 12 0 0
fn=Vetor<Produto>::reservar(int)
0 8162 4 4 2408 1 0 602 0 0 266 13 0 0
fn=Vetor<Produto>::~Vetor()
0 15 0 0 5 0 0 4 0 0 0 0 0 0
fn=Vetor<Reposicao>::Vetor()
0 13 1 1 5 0 0 5 0 0 0 0 0 0
fn=Vetor<Reposicao>::destruir_elementos()
0 6711 2 1 3589 2 0 531 0 0 515 13 0 0
fn=Vetor<Reposicao>::expandir()
0 151 2 2 54 0 0 28 0 0 7 3 0 0
fn=Vetor<Reposicao>::operator[](int)
0 345410 73 0 132850 104 0 79710 0 0 0 0 0 0
fn=Vetor<Reposicao>::push_back(Reposicao const&)
0 11496 5 4 4597 2 0 2557 0 0 255 11 0 0
fn=Vetor<Reposicao>::reservar(int)
0 6629 4 4 2408 1 0 602 0 0 266 15 0 0
fn=Vetor<Reposicao>::~Vetor()
0 15 0 0 5 0 0 4 0 0 0 0 0 0
fn=Vetor<TokenExpr>::Vetor()
0 15678 1 1 6030 0 0 6030 32 0 0 0 0 0
fn=Vetor<TokenExpr>::destruir_elementos()
0 142704 1 1 57708 0 0 15156 0 0 9108 1430 0 0
fn=Vetor<TokenExpr>::expandir()
0 36378 1 1 12132 0 0 7272 0 0 1818 317 0 0
fn=Vetor<TokenExpr>::operator[](int)
0 6432 0 0 2010 0 0 1206 0 0 0 0 0 0
fn=Vetor<TokenExpr>::operator[](int) const
0 58176 0 0 18180 0 0 10908 0 0 0 0 0 0
fn=Vetor<TokenExpr>::pop_back()
0 11658 18 0 4422 0 0 1608 0 0 402 402 0 0
fn=Vetor<TokenExpr>::push_back(TokenExpr const&)
0 199278 310 4 74502 0 0 42198 0 0 4038 1262 0 0
fn=Vetor<TokenExpr>::reservar(int)
0 166788 93 4 58392 0 0 30348 5 0 6084 1242 0 0
fn=Vetor<TokenExpr>::tamanho() const
0 47616 33 1 23808 0 0 11904 0 0 0 0 0 0
fn=Vetor<TokenExpr>::~Vetor()
0 18090 0 0 6030 0 0 4824 0 0 0 0 0 0
fn=Vetor<Usuario>::Vetor()
0 13 2 2 5 0 0 5 0 0 0 0 0 0
fn=Vetor<Usuario>::destruir_elementos()
0 6536 5 3 2847 0 0 425 0 0 409 11 0 0
fn=Vetor<Usuario>::expandir()
0 151 2 2 54 1 0 28 0 0 7 2 0 0
fn=Vetor<Usuario>::operator[](int)
0 75392 231 1 23560 1 0 14136 0 0 0 0 0 0
fn=Vetor<Usuario>::push_back(Usuario const&)
0 7173 4 4 2689 2 0 1497 0 0 149 8 0 0
fn=Vetor<Usuario>::reservar(int)
0 8162 13 6 2408 1 0 602 0 0 266 13 0 0
fn=Vetor<Usuario>::~Vetor()
0 15 0 0 5 0 0 4 0 0 0 0 0 0
fn=Vetor<Vetor<ParIdQtd> >::Vetor()
0 26 1 1 10 0 0 10 0 0 0 0 0 0
fn=Vetor<Vetor<ParIdQtd> >::destruir_elementos()
0 10679 4 2 5701 0 0 851 0 0 819 33 0 0
fn=Vetor<Vetor<ParIdQtd> >::expandir()
0 302 13 2 108 0 0 56 0 0 14 3 0 0
fn=Vetor<Vetor<ParIdQtd> >::operator[](int)
0 19890 3 1 7650 11 0 4590 0 0 0 0 0 0
fn=Vetor<Vetor<ParIdQtd> >::operator[](int) const
0 119106 413 0 45810 113 0 27486 0 0 0 0 0 0
fn=Vetor<Vetor<ParIdQtd> >::push_back(Vetor<ParIdQtd> const&)
0 13497 4 4 5396 0 0 3004 0 0 299 15 0 0
fn=Vetor<Vetor<ParIdQtd> >::reservar(int)
0 13258 7 4 4816 0 0 1204 0 0 532 45 0 0
fn=Vetor<Vetor<ParIdQtd> >::tamanho() const
0 4784 2 2 2392 10 0 1196 0 0 0 0 0 0
fn=Vetor<Vetor<ParIdQtd> >::~Vetor()
0 30 1 1 10 0 0 8 0 0 0 0 0 0
fn=Vetor<int>::Vetor()
0 108615 2 2 41775 0 0 41775 3 0 0 0 0 0
fn=Vetor<int>::Vetor(Vetor<int> const&)
0 5561429 211 4 2752257 6136 0 586607 9085 760 254188 6465 0 0
fn=Vetor<int>::destruir_elementos()
0 3894643 200 2 2729411 1086 0 186921 1 0 666776 23486 0 0
fn=Vetor<int>::expandir()
0 244961 5 1 84074 0 0 47540 25 0 11885 3076 0 0
fn=Vetor<int>::operator=(Vetor<int> const&)
0 3003755 82 4 1471653 4766 0 505332 215 1 155080 11516 0 0
fn=Vetor<int>::operator[](int)
0 122822622 0 0 47239470 0 0 28343682 0 0 0 0 0 0
fn=Vetor<int>::operator[](int) const
0 4579562 62 0 1761370 0 0 1056822 0 0 0 0 0 0
fn=Vetor<int>::pop_back()
0 24480 0 0 10710 0 0 4590 0 0 1530 0 0 0
fn=Vetor<int>::push_back(int const&)
0 4944372 1 1 2243120 0 0 904379 5670 25 148749 8452 0 0
fn=Vetor<int>::reservar(int)
0 3686827 3 3 1730730 0 0 426964 3994 49 177827 9171 0 0
fn=Vetor<int>::tamanho() const
0 3238376 2 2 1619188 436 0 809594 4 0 0 0 0 0
fn=Vetor<int>::~Vetor()
0 321885 0 0 107295 237 0 85836 3 0 0 0 0 0
fn=Vetor<std::__cxx11::basic_string<char, std::char_traits<char>, std::allocator<char> > >::Vetor()
0 15457 2 2 5945 0 0 5945 0 0 0 0 0 0
fn=Vetor<std::__cxx11::basic_string<char, std::char_traits<char>, std::allocator<char> > >::destruir_elementos()
0 218998 1 1 107202 0 0 23278 0 0 16310 3183 0 0
fn=Vetor<std::__cxx11::basic_string<char, std::char_traits<char>, std::allocator<char> > >::expandir()
0 46923 1 1 15982 0 0 9180 0 0 2295 706 0 0
fn=Vetor<std::__cxx11::basic_string<char, std::char_traits<char>, std::allocator<char> > >::operator[](int) const
0 255138 1 1 98130 0 0 58878 0 0 0 0 0 0
fn=Vetor<std::__cxx11::basic_string<char, std::char_traits<char>, std::allocator<char> > >::push_back(std::__cxx11::basic_string<char, std::char_traits<char>, std::allocator<char> > const&)
0 329895 649 4 131499 0 0 74075 0 0 7178 2789 0 0
fn=Vetor<std::__cxx11::basic_string<char, std::char_traits<char>, std::allocator<char> > >::reservar(int)
0 249065 71 4 96732 0 0 43426 0 0 10238 2526 0 0
fn=Vetor<std::__cxx11::basic_string<char, std::char_traits<char>, std::allocator<char> > >::tamanho() const
0 97376 0 0 48688 0 0 24344 0 0 0 0 0 0
fn=Vetor<std::__cxx11::basic_string<char, std::char_traits<char>, std::allocator<char> > >::~Vetor()
0 17835 0 0 5945 0 0 4756 0 0 0 0 0 0
fn=_GLOBAL__sub_I_g_metricas
0 6 1 1 2 0 0 2 0 0 0 0 0 0
fn=__cpu_indicator_init
0 367 40 40 48 2 1 14 0 0 101 29 0 0
fn=__cxa_get_globals
0 16 1 1 4 0 0 4 0 0 0 0 0 0
fn=__cxa_guard_acquire
0 21 2 2 7 0 0 3 0 0 3 1 0 0
fn=__cxa_guard_release
0 6 1 1 3 0 0 1 0 0 1 0 0 0
fn=__gnu_cxx::stdio_sync_filebuf<char, std::char_traits<char> >::overflow(int)
0 1131564 116 2 161652 0 0 0 0 0 161652 0 0 0
fn=__gnu_cxx::stdio_sync_filebuf<char, std::char_traits<char> >::sync()
0 6012 1 1 2004 3 0 0 0 0 0 0 0 0
fn=__gnu_cxx::stdio_sync_filebuf<char, std::char_traits<char> >::uflow()
0 836724 0 0 278908 0 0 278908 0 0 0 0 0 0
fn=__gnu_cxx::stdio_sync_filebuf<char, std::char_traits<char> >::underflow()
0 906464 3 2 278912 0 0 209184 0 0 0 0 0 0
fn=__gnu_cxx::stdio_sync_filebuf<char, std::char_traits<char> >::xsputn(char const*, long)
0 6296712 1 1 1049452 140 0 0 0 0 0 0 0 0
fn=__gnu_cxx::stdio_sync_filebuf<wchar_t, std::char_traits<wchar_t> >::sync()
0 15 1 1 5 2 0 0 0 0 0 0 0 0
fn=__static_initialization_and_destruction_0()
0 9 1 1 2 0 0 2 0 0 0 0 0 0
fn=atributo_suporta_faixa(std::__cxx11::basic_string<char, std::char_traits<char>, std::allocator<char> > const&, std::__cxx11::basic_string<char, std::char_traits<char>, std::allocator<char> > const&)
0 106667 1139 4 17073 0 0 20063 0 0 10323 104 0 0
fn=bool std::operator< <char, std::char_traits<char>, std::allocator<char> >(std::__cxx11::basic_string<char, std::char_traits<char>, std::allocator<char> > const&, std::__cxx11::basic_string<char, std::char_traits<char>, std::allocator<char> > const&)
0 95270 0 0 27220 0 0 27220 0 0 0 0 0 0
fn=bool std::operator==<char, std::char_traits<char>, std::allocator<char> >(std::__cxx11::basic_string<char, std::char_traits<char>, std::allocator<char> > const&, char const*)
0 1613446 3 3 378384 0 0 436638 0 0 87292 13715 0 0
fn=bool std::operator==<char, std::char_traits<char>, std::allocator<char> >(std::__cxx11::basic_string<char, std::char_traits<char>, std::allocator<char> > const&, std::__cxx11::basic_string<char, std::char_traits<char>, std::allocator<char> > const&)
0 84684 338 1 18843 0 0 22942 0 0 4099 16 0 0
fn=bool std::operator><char, std::char_traits<char>, std::allocator<char> >(std::__cxx11::basic_string<char, std::char_traits<char>, std::allocator<char> > const&, std::__cxx11::basic_string<char, std::char_traits<char>, std::allocator<char> > const&)
0 55875 5 0 14900 0 0 14900 0 0 0 0 0 0
fn=eh_numerico(std::__cxx11::basic_string<char, std::char_traits<char>, std::allocator<char> > const&)
0 156624 1 1 54311 0 0 27737 0 0 23632 2406 0 0
fn=eh_operador(std::__cxx11::basic_string<char, std::char_traits<char>, std::allocator<char> > const&)
0 158824 1 1 27406 0 0 27406 0 0 16266 8 0 0
fn=ler_filtro(std::__cxx11::basic_string<char, std::char_traits<char>, std::allocator<char> > const&, Vetor<std::__cxx11::basic_string<char, std::char_traits<char>, std::allocator<char> > > const&, int&)
0 233422 137 7 70960 0 0 55774 0 0 9370 224 0 0
fn=ler_pares(std::__cxx11::basic_stringstream<char, std::char_traits<char>, std::allocator<char> >&, Vetor<int>&, Vetor<int>&)
0 61710 4 3 11730 0 0 12750 0 0 2550 513 0 0
fn=main
0 226249 2142 34 7217 1 0 48406 0 0 13945 1227 0 0
fn=metricas_iniciar()
0 9 2 2 2 0 0 2 0 0 0 0 0 0
fn=metricas_marcar_inicio()
0 99900 1 1 19980 0 0 35964 2 0 3996 3 0 0
fn=metricas_registrar(TipoOperacao, long long)
0 91908 402 2 23976 776 0 13986 0 0 3996 0 0 0
fn=metricas_registrar_insercao_indice()
0 62442 1 1 20814 12 0 13876 0 0 0 0 0 0
fn=operator delete(void*)
0 161858 1 1 0 0 0 0 0 0 0 0 0 0
fn=operator delete[](void*)
0 6096 2 1 0 0 0 0 0 0 0 0 0 0
fn=operator new(unsigned long)
0 960880 3 2 180165 0 0 180165 83 0 60055 349 0 0
fn=operator new(unsigned long, void*)
0 5121880 1 1 1920705 0 0 1920705 0 0 0 0 0 0
fn=operator new[](unsigned long)
0 6096 255 1 0 0 0 0 0 0 0 0 0 0
fn=parse_double(std::__cxx11::basic_string<char, std::char_traits<char>, std::allocator<char> > const&)
0 8066 216 3 1962 0 0 2180 5 0 218 0 0 0
fn=parse_expr(std::__cxx11::basic_string<char, std::char_traits<char>, std::allocator<char> > const&, Vetor<std::__cxx11::basic_string<char, std::char_traits<char>, std::allocator<char> > > const&)
0 136182 90 11 22956 0 0 27606 0 0 7746 421 0 0
fn=parse_filtros_and(std::__cxx11::basic_string<char, std::char_traits<char>, std::allocator<char> > const&, Vetor<std::__cxx11::basic_string<char, std::char_traits<char>, std::allocator<char> > > const&)
0 62173 4 4 15740 0 0 13379 0 0 3148 1320 0 0
fn=parse_int(std::__cxx11::basic_string<char, std::char_traits<char>, std::allocator<char> > const&)
0 74550 290 4 17040 0 0 19170 259 0 2130 0 0 0
fn=std::__cxx11::basic_string<char, std::char_traits<char>, std::allocator<char> >::_M_append(char const*, unsigned long)
0 332721 86 3 73746 0 0 62154 0 0 41436 229 0 0
fn=std::__cxx11::basic_string<char, std::char_traits<char>, std::allocator<char> >::_M_assign(std::__cxx11::basic_string<char, std::char_traits<char>, std::allocator<char> > const&)
0 827755 4 4 241993 659 0 172540 187 0 103524 731 0 0
fn=std::__cxx11::basic_string<char, std::char_traits<char>, std::allocator<char> >::_M_create(unsigned long&, unsigned long)
0 23820 2 2 1984 0 0 3 0 0 3971 1986 0 0
fn=std::__cxx11::basic_string<char, std::char_traits<char>, std::allocator<char> >::_M_mutate(unsigned long, unsigned long, char const*, unsigned long)
0 198 8 6 56 0 0 47 0 0 21 10 0 0
fn=std::__cxx11::basic_string<char, std::char_traits<char>, std::allocator<char> >::_M_replace(unsigned long, unsigned long, char const*, unsigned long)
0 116282 155 5 19746 0 0 15358 0 0 13164 279 0 0
fn=std::__cxx11::basic_string<char, std::char_traits<char>, std::allocator<char> >::basic_string()
0 114804 2 2 19134 0 0 57402 1 0 0 0 0 0
fn=std::__cxx11::basic_string<char, std::char_traits<char>, std::allocator<char> >::basic_string(char const*, std::allocator<char> const&)
0 23780 2 2 3567 0 0 5945 0 0 1189 0 0 0
fn=std::__cxx11::basic_string<char, std::char_traits<char>, std::allocator<char> >::basic_string(std::__cxx11::basic_string<char, std::char_traits<char>, std::allocator<char> > const&)
0 338080 326 1 84520 543 0 42260 3198 717 0 0 0 0
fn=std::__cxx11::basic_string<char, std::char_traits<char>, std::allocator<char> >::compare(std::__cxx11::basic_string<char, std::char_traits<char>, std::allocator<char> > const&) const
0 249116 3 2 84240 2377 0 42120 1 0 29056 53 0 0
fn=std::__cxx11::basic_string<char, std::char_traits<char>, std::allocator<char> >::data() const
0 98616 1 1 65744 0 0 0 0 0 0 0 0 0
fn=std::__cxx11::basic_string<char, std::char_traits<char>, std::allocator<char> >::empty() const
0 16616 1 1 8308 0 0 0 0 0 0 0 0 0
fn=std::__cxx11::basic_string<char, std::char_traits<char>, std::allocator<char> >::operator=(char const*)
0 39492 16 2 8776 0 0 8776 0 0 0 0 0 0
fn=std::__cxx11::basic_string<char, std::char_traits<char>, std::allocator<char> >::operator=(std::__cxx11::basic_string<char, std::char_traits<char>, std::allocator<char> > const&)
0 189794 0 0 51762 0 0 51762 0 0 0 0 0 0
fn=std::__cxx11::basic_string<char, std::char_traits<char>, std::allocator<char> >::operator=(std::__cxx11::basic_string<char, std::char_traits<char>, std::allocator<char> >&&)
0 145892 13 4 39670 0 0 32568 0 0 19824 1083 0 0
fn=std::__cxx11::basic_string<char, std::char_traits<char>, std::allocator<char> >::operator[](unsigned long) const
0 19820 0 0 9910 0 0 0 0 0 0 0 0 0
fn=std::__cxx11::basic_string<char, std::char_traits<char>, std::allocator<char> >::size() const
0 301206 91 1 200804 116 0 0 0 0 0 0 0 0
fn=std::__cxx11::basic_string<char, std::char_traits<char>, std::allocator<char> >::~basic_string()
0 375499 4 2 125165 1944 0 0 0 0 62583 124 0 0
fn=std::__cxx11::basic_stringbuf<char, std::char_traits<char>, std::allocator<char> >::_M_pbump(char*, char*, long)
0 60844 2 2 4346 0 0 13038 0 0 4346 906 0 0
fn=std::__cxx11::basic_stringbuf<char, std::char_traits<char>, std::allocator<char> >::_M_sync(char*, unsigned long, unsigned long)
0 150129 441 4 28057 0 0 26076 0 0 17384 1136 0 0
fn=std::__cxx11::basic_stringbuf<char, std::char_traits<char>, std::allocator<char> >::underflow()
0 69536 387 2 21730 0 0 0 0 0 17384 23 0 0
fn=std::__cxx11::basic_stringstream<char, std::char_traits<char>, std::allocator<char> >::basic_stringstream(std::__cxx11::basic_string<char, std::char_traits<char>, std::allocator<char> > const&, std::_Ios_Openmode)
0 506748 173 9 96788 385 0 177418 397 0 21693 1873 0 0
fn=std::__cxx11::basic_stringstream<char, std::char_traits<char>, std::allocator<char> >::~basic_stringstream()
0 171475 745 4 30422 1520 0 49787 582 0 4346 21 0 0
fn=std::__cxx11::messages<char>::messages(unsigned long)
0 21 2 2 5 1 0 9 0 0 0 0 0 0
fn=std::__cxx11::messages<wchar_t>::messages(unsigned long)
0 21 1 1 5 1 0 9 1 1 0 0 0 0
fn=std::__cxx11::moneypunct<char, false>::_M_initialize_moneypunct(__locale_struct*, char const*)
0 114 6 6 38 2 1 31 0 0 13 10 0 0
fn=std::__cxx11::moneypunct<char, true>::_M_initialize_moneypunct(__locale_struct*, char const*)
0 115 5 5 38 0 0 31 0 0 13 8 0 0
fn=std::__cxx11::moneypunct<wchar_t, false>::_M_initialize_moneypunct(__locale_struct*, char const*)
0 109 5 5 30 0 0 31 0 0 14 5 0 0
fn=std::__cxx11::moneypunct<wchar_t, true>::_M_initialize_moneypunct(__locale_struct*, char const*)
0 109 6 6 30 0 0 31 0 0 14 10 0 0
fn=std::__cxx11::numpunct<char>::_M_initialize_numpunct(__locale_struct*)
0 417 5 5 138 5 3 76 0 0 64 18 0 0
fn=std::__cxx11::numpunct<wchar_t>::_M_initialize_numpunct(__locale_struct*)
0 353 5 5 75 1 1 75 3 3 64 15 0 0
fn=std::__new_allocator<char>::~__new_allocator()
0 8323 1 0 2378 0 0 2378 0 0 0 0 0 0
fn=std::__num_base::_S_format_float(std::ios_base const&, char*, char)
0 102350 680 3 8900 0 0 17800 0 0 22250 94 0 0
fn=std::__timepunct<char>::_M_initialize_timepunct(__locale_struct*)
0 132 13 13 27 3 0 30 0 0 2 1 0 0
fn=std::__timepunct<char>::__timepunct(std::__timepunct_cache<char>*, unsigned long)
0 24 2 2 5 0 0 10 0 0 0 0 0 0
fn=std::__timepunct<wchar_t>::_M_initialize_timepunct(__locale_struct*)
0 129 13 13 26 2 0 29 0 0 2 1 0 0
fn=std::__timepunct<wchar_t>::__timepunct(std::__timepunct_cache<wchar_t>*, unsigned long)
0 24 2 2 5 1 0 10 1 1 0 0 0 0
fn=std::basic_ios<char, std::char_traits<char> >::_M_cache_locale(std::locale const&)
0 417344 10 3 208672 1812 0 117378 0 0 0 0 0 0
fn=std::basic_ios<char, std::char_traits<char> >::clear(std::_Ios_Iostate)
0 54215 1 1 23235 0 0 7745 0 0 15490 102 0 0
fn=std::basic_ios<char, std::char_traits<char> >::init(std::basic_streambuf<char, std::char_traits<char> >*)
0 313008 746 2 52168 0 0 130420 0 0 0 0 0 0
fn=std::basic_ios<char, std::char_traits<char> >::operator bool() const
0 49624 1 1 24812 0 0 0 0 0 0 0 0 0
fn=std::basic_ios<wchar_t, std::char_traits<wchar_t> >::_M_cache_locale(std::locale const&)
0 128 2 2 64 0 0 36 0 0 0 0 0 0
fn=std::basic_ios<wchar_t, std::char_traits<wchar_t> >::init(std::basic_streambuf<wchar_t, std::char_traits<wchar_t> >*)
0 96 2 2 16 0 0 44 0 0 0 0 0 0
fn=std::basic_istream<char, std::char_traits<char> >& std::getline<char, std::char_traits<char>, std::allocator<char> >(std::basic_istream<char, std::char_traits<char> >&, std::__cxx11::basic_string<char, std::char_traits<char>, std::allocator<char> >&)
0 49981 110 2 17993 897 0 7997 0 0 3999 3 0 0
fn=std::basic_istream<char, std::char_traits<char> >& std::getline<char, std::char_traits<char>, std::allocator<char> >(std::basic_istream<char, std::char_traits<char> >&, std::__cxx11::basic_string<char, std::char_traits<char>, std::allocator<char> >&, char)
0 3454706 1771 12 1201361 185 0 438369 488 0 623552 2128 139455 4
fn=std::basic_istream<char, std::char_traits<char> >& std::operator>><char, std::char_traits<char>, std::allocator<char> >(std::basic_istream<char, std::char_traits<char> >&, std::__cxx11::basic_string<char, std::char_traits<char>, std::allocator<char> >&)
0 1534359 348 13 520339 462 2 200386 0 0 217143 13974 1488 1
fn=std::basic_ostream<char, std::char_traits<char> >& std::__ostream_insert<char, std::char_traits<char> >(std::basic_ostream<char, std::char_traits<char> >&, char const*, long)
0 32013195 812 6 13479240 280 0 7301255 0 0 2808175 316123 561635 1
fn=std::basic_ostream<char, std::char_traits<char> >& std::operator<< <char, std::char_traits<char> >(std::basic_ostream<char, std::char_traits<char> >&, std::_Setprecision)
0 31150 1 1 13350 0 0 4450 0 0 0 0 0 0
fn=std::basic_ostream<char, std::char_traits<char> >& std::operator<< <char, std::char_traits<char>, std::allocator<char> >(std::basic_ostream<char, std::char_traits<char> >&, std::__cxx11::basic_string<char, std::char_traits<char>, std::allocator<char> > const&)
0 146592 0 0 73296 9683 0 0 0 0 0 0 0 0
fn=std::basic_ostream<char, std::char_traits<char> >& std::operator<< <std::char_traits<char> >(std::basic_ostream<char, std::char_traits<char> >&, char const*)
0 10499740 152 2 2099948 0 0 2624935 0 0 524987 2 0 0
fn=std::basic_ostream<char, std::char_traits<char> >& std::operator<< <std::char_traits<char> >(std::basic_ostream<char, std::char_traits<char> >&, char)
0 2748084 2 2 1131564 0 0 646608 0 0 161652 98 0 0
fn=std::basic_ostream<wchar_t, std::char_traits<wchar_t> >::flush()
0 174 4 4 83 10 0 26 0 0 23 5 5 2
fn=std::basic_ostream<wchar_t, std::char_traits<wchar_t> >::sentry::sentry(std::basic_ostream<wchar_t, std::char_traits<wchar_t> >&)
0 97 2 2 35 1 0 25 0 0 9 3 0 0
fn=std::char_traits<char>::compare(char const*, char const*, unsigned long)
0 557190 256 1 185730 0 0 154775 0 0 30955 552 0 0
fn=std::char_traits<char>::length(char const*)
0 582540 59 2 174762 0 0 174762 35 0 0 0 0 0
fn=std::chrono::_V2::system_clock::now()
0 63936 2 2 27972 0 0 11988 0 0 3996 0 0 0
fn=std::chrono::duration<long, std::ratio<1l, 1000000000l> > std::chrono::__duration_cast_impl<std::chrono::duration<long, std::ratio<1l, 1000000000l> >, std::ratio<1l, 1l>, long, true, true>::__cast<long, std::ratio<1l, 1000000000l> >(std::chrono::duration<long, std::ratio<1l, 1000000000l> > const&)
0 91908 1 1 27972 0 0 23976 0 0 3996 5 0 0
fn=std::chrono::duration<long, std::ratio<1l, 1000000000l> >::count() const
0 63936 796 0 31968 0 0 15984 0 0 0 0 0 0
fn=std::chrono::duration<long, std::ratio<1l, 1000000000l> >::duration<long, void>(long const&)
0 47952 0 0 19980 0 0 15984 0 0 0 0 0 0
fn=std::chrono::time_point<std::chrono::_V2::system_clock, std::chrono::duration<long, std::ratio<1l, 1000000000l> > >::time_since_epoch() const
0 31968 0 0 15984 0 0 7992 0 0 0 0 0 0
fn=std::codecvt<char, char, __mbstate_t>::codecvt(unsigned long)
0 19 2 2 5 1 0 7 1 1 0 0 0 0
fn=std::codecvt<wchar_t, char, __mbstate_t>::codecvt(unsigned long)
0 19 2 2 5 0 0 7 2 2 0 0 0 0
fn=std::ctype<char>::_M_widen_init() const
0 754 11 11 60 3 0 41 5 0 18 11 0 0
fn=std::ctype<char>::ctype(unsigned short const*, bool, unsigned long)
0 121 5 5 9 2 0 80 9 9 65 20 0 0
fn=std::ctype<wchar_t>::_M_convert_to_wmask(unsigned short) const
0 146 6 6 12 0 0 0 0 0 60 14 0 0
fn=std::ctype<wchar_t>::_M_initialize_ctype()
0 2736 5 5 6 0 0 811 20 20 528 16 0 0
fn=std::ctype<wchar_t>::ctype(unsigned long)
0 21 2 2 4 0 0 8 1 1 0 0 0 0
fn=std::defaultfloat(std::ios_base&)
0 53400 0 0 17800 0 0 13350 0 0 0 0 0 0
fn=std::enable_if<std::chrono::__is_duration<std::chrono::duration<long, std::ratio<1l, 1000000000l> > >::value, std::chrono::duration<long, std::ratio<1l, 1000000000l> > >::type std::chrono::duration_cast<std::chrono::duration<long, std::ratio<1l, 1000000000l> >, long, std::ratio<1l, 1000000000l> >(std::chrono::duration<long, std::ratio<1l, 1000000000l> > const&)
0 39960 1 1 11988 0 0 11988 0 0 0 0 0 0
fn=std::error_category::error_category()
0 10 1 1 4 0 0 2 0 0 0 0 0 0
fn=std::error_category::~error_category()
0 4 0 0 2 0 0 0 0 0 0 0 0 0
fn=std::fixed(std::ios_base&)
0 57850 121 1 17800 0 0 13350 0 0 0 0 0 0
fn=std::future_category()
0 3 1 1 1 0 0 0 0 0 0 0 0 0
fn=std::ios_base::Init::Init()
0 272 29 29 51 12 1 146 16 3 3 1 0 0
fn=std::ios_base::Init::~Init()
0 26 3 3 11 8 0 8 0 0 2 1 0 0
fn=std::ios_base::_M_call_callbacks(std::ios_base::event)
0 69536 540 2 26076 0 0 17384 0 0 4346 14 0 0
fn=std::ios_base::_M_dispose_callbacks()
0 78228 1 1 26076 0 0 21730 0 0 4346 91 0 0
fn=std::ios_base::_M_init()
0 365288 79 3 104368 322 1 117414 185 0 13046 0 0 0
fn=std::ios_base::ios_base()
0 261240 5 3 4354 71 0 104496 624 18 34832 2889 0 0
fn=std::ios_base::setf(std::_Ios_Fmtflags, std::_Ios_Fmtflags)
0 146850 43 3 44500 0 0 40050 0 0 0 0 0 0
fn=std::ios_base::unsetf(std::_Ios_Fmtflags)
0 80100 0 0 17800 0 0 22250 0 0 0 0 0 0
fn=std::ios_base::~ios_base()
0 91266 8 3 17384 412 0 21730 0 0 4346 5 0 0
fn=std::istream& std::istream::_M_extract<double>(double&)
0 20444 51 4 6910 84 0 3530 0 0 1472 4 368 230
fn=std::istream::operator>>(double&)
0 736 125 1 0 0 0 0 0 0 0 0 0 0
fn=std::istream::operator>>(int&)
0 410326 529 5 122398 689 0 70280 0 0 39564 338 6254 2
fn=std::istream::sentry::sentry(std::istream&, bool)
0 1138894 5 5 463773 1662 1 160852 0 0 184101 8234 0 0
fn=std::istreambuf_iterator<char, std::char_traits<char> > std::num_get<char, std::istreambuf_iterator<char, std::char_traits<char> > >::_M_extract_int<long>(std::istreambuf_iterator<char, std::char_traits<char> >, std::istreambuf_iterator<char, std::char_traits<char> >, std::ios_base&, std::_Ios_Iostate&, long&) const
0 1474052 2625 26 364458 1533 1 247870 211 0 234298 10484 2639 1
fn=std::locale::_Impl::_Impl(unsigned long)
0 673 56 56 89 39 1 385 50 49 108 30 0 0
fn=std::locale::_Impl::_M_install_facet(std::locale::id const*, std::locale::facet const*)
0 12192 6 6 3584 0 0 288 0 0 3232 53 0 0
fn=std::locale::facet::_S_create_c_locale(__locale_struct*&, char const*, __locale_struct*)
0 14 1 1 3 0 0 4 0 0 1 0 0 0
fn=std::locale::facet::_S_get_c_locale()
0 72480 2 1 19328 0 0 14496 0 0 4832 39 0 0
fn=std::locale::facet::_S_get_c_name()
0 21 1 1 7 0 0 0 0 0 0 0 0 0
fn=std::locale::id::_M_id() const
0 3291198 2 2 1097066 520 7 96 0 0 548509 236 0 0
fn=std::locale::locale()
0 478544 820 3 152264 0 0 152264 201 1 21752 17 0 0
fn=std::locale::locale(std::locale const&)
0 72604 1 1 31116 0 0 10372 0 0 10372 3 0 0
fn=std::locale::locale(std::locale::_Impl*)
0 3 1 1 1 0 0 1 1 0 0 0 0 0
fn=std::locale::operator=(std::locale const&)
0 300058 2 2 104368 0 0 52184 0 0 26092 17 0 0
fn=std::locale::~locale()
0 385320 294 2 160550 140 0 64220 0 0 32110 546 0 0
fn=std::messages<char>::messages(unsigned long)
0 21 2 2 5 0 0 9 1 1 0 0 0 0
fn=std::messages<wchar_t>::messages(unsigned long)
0 21 2 2 5 0 0 9 0 0 0 0 0 0
fn=std::moneypunct<char, false>::_M_initialize_moneypunct(__locale_struct*, char const*)
0 114 4 4 38 0 0 31 1 0 13 7 0 0
fn=std::moneypunct<char, true>::_M_initialize_moneypunct(__locale_struct*, char const*)
0 115 6 6 38 0 0 31 1 0 13 6 0 0
fn=std::moneypunct<wchar_t, false>::_M_initialize_moneypunct(__locale_struct*, char const*)
0 109 5 5 30 0 0 31 0 0 14 2 0 0
fn=std::moneypunct<wchar_t, true>::_M_initialize_moneypunct(__locale_struct*, char const*)
0 109 6 6 30 0 0 31 0 0 14 8 0 0
fn=std::num_get<char, std::istreambuf_iterator<char, std::char_traits<char> > >::_M_extract_float(std::istreambuf_iterator<char, std::char_traits<char> >, std::istreambuf_iterator<char, std::char_traits<char> >, std::ios_base&, std::_Ios_Iostate&, std::string&) const
0 137906 774 21 38272 18 0 22514 18 0 25986 1491 218 1
fn=std::num_get<char, std::istreambuf_iterator<char, std::char_traits<char> > >::do_get(std::istreambuf_iterator<char, std::char_traits<char> >, std::istreambuf_iterator<char, std::char_traits<char> >, std::ios_base&, std::_Ios_Iostate&, double&) const
0 38722 478 8 12294 19 0 9568 0 0 2726 10 0 0
fn=std::num_get<char, std::istreambuf_iterator<char, std::char_traits<char> > >::do_get(std::istreambuf_iterator<char, std::char_traits<char> >, std::istreambuf_iterator<char, std::char_traits<char> >, std::ios_base&, std::_Ios_Iostate&, long&) const
0 12508 72 1 0 0 0 0 0 0 0 0 0 0
fn=std::num_put<char, std::ostreambuf_iterator<char, std::char_traits<char> > >::do_put(std::ostreambuf_iterator<char, std::char_traits<char> >, std::ios_base&, char, double) const
0 17800 1 1 0 0 0 0 0 0 0 0 0 0
fn=std::num_put<char, std::ostreambuf_iterator<char, std::char_traits<char> > >::do_put(std::ostreambuf_iterator<char, std::char_traits<char> >, std::ios_base&, char, long) const
0 1450101 766 1 0 0 0 0 0 0 0 0 0 0
fn=std::numpunct<char>::_M_initialize_numpunct(__locale_struct*)
0 417 5 5 138 0 0 76 0 0 64 15 0 0
fn=std::numpunct<wchar_t>::_M_initialize_numpunct(__locale_struct*)
0 353 5 5 75 0 0 75 0 0 64 19 0 0
fn=std::operator&(std::_Ios_Fmtflags, std::_Ios_Fmtflags)
0 120150 0 0 53400 0 0 40050 0 0 0 0 0 0
fn=std::operator&=(std::_Ios_Fmtflags&, std::_Ios_Fmtflags)
0 151300 0 0 62300 0 0 44500 0 0 0 0 0 0
fn=std::operator|(std::_Ios_Fmtflags, std::_Ios_Fmtflags)
0 40050 0 0 17800 0 0 13350 0 0 0 0 0 0
fn=std::operator|(std::_Ios_Openmode, std::_Ios_Openmode)
0 39114 2 2 17384 0 0 13038 0 0 0 0 0 0
fn=std::operator|=(std::_Ios_Fmtflags&, std::_Ios_Fmtflags)
0 75650 0 0 31150 0 0 22250 0 0 0 0 0 0
fn=std::operator~(std::_Ios_Fmtflags)
0 71200 2 2 26700 0 0 17800 0 0 0 0 0 0
fn=std::ostream& std::ostream::_M_insert<double>(double)
0 258100 5 5 106800 0 0 44500 0 0 26700 5 4450 4450
fn=std::ostream& std::ostream::_M_insert<long>(long)
0 28035300 10 7 11117446 662 0 4350306 0 0 2900204 12 483367 1
fn=std::ostream::flush()
0 82133 98 3 40063 290 0 12020 0 0 10018 7 2004 2
fn=std::ostream::operator<<(double)
0 8900 1 1 0 0 0 0 0 0 0 0 0 0
fn=std::ostream::operator<<(int)
0 5317037 1 1 1450101 0 0 0 0 0 483367 0 0 0
fn=std::ostream::operator<<(std::ios_base& (*)(std::ios_base&))
0 124600 1 1 44500 0 0 26700 0 0 0 0 8900 8900
fn=std::ostream::put(char)
0 7112688 355 5 3233040 0 0 1131564 0 0 808260 205 161652 1
fn=std::ostream::sentry::sentry(std::ostream&)
0 26688363 3 3 9704859 524 0 7278643 0 0 2426215 4637 0 0
fn=std::ostreambuf_iterator<char, std::char_traits<char> > std::num_put<char, std::ostreambuf_iterator<char, std::char_traits<char> > >::_M_insert_float<double>(std::ostreambuf_iterator<char, std::char_traits<char> >, std::ios_base&, char, char, double) const
0 654150 773 13 160200 21 0 129050 0 0 57850 10 4450 1
fn=std::ostreambuf_iterator<char, std::char_traits<char> > std::num_put<char, std::ostreambuf_iterator<char, std::char_traits<char> > >::_M_insert_int<long>(std::ostreambuf_iterator<char, std::char_traits<char> >, std::ios_base&, char, long) const
0 44471699 208 7 9183973 230 0 8700606 0 0 4350303 2648 483367 1
fn=std::setprecision(int)
0 31150 65 0 13350 0 0 8900 0 0 0 0 0 0
fn=std::string::_Rep::_M_clone(std::allocator<char> const&, unsigned long)
0 9568 231 2 2944 0 0 2576 0 0 736 8 0 0
fn=std::string::_Rep::_M_destroy(std::allocator<char> const&)
0 736 2 1 0 0 0 0 0 0 0 0 0 0
fn=std::string::_Rep::_S_create(unsigned long, unsigned long, std::allocator<char> const&)
0 9568 82 3 1104 0 0 1840 23 2 1104 123 0 0
fn=std::string::push_back(char)
0 13248 195 4 5152 0 0 3312 0 0 1472 5 0 0
fn=std::string::reserve(unsigned long)
0 11776 240 3 4416 19 0 2208 7 0 1104 3 0 0
fn=std::uncaught_exception()
0 18 1 1 6 1 0 4 0 0 0 0 0 0
fn=tem_operador_booleano(Vetor<std::__cxx11::basic_string<char, std::char_traits<char>, std::allocator<char> > > const&)
0 112089 53 2 31400 0 0 21064 0 0 11927 844 0 0
fn=tokenizar_resto(std::__cxx11::basic_stringstream<char, std::char_traits<char>, std::allocator<char> >&)
0 179142 97 3 41791 0 0 33424 0 0 9556 6 0 0
fn=void std::__convert_to_v<double>(char const*, double&, std::_Ios_Iostate&, __locale_struct* const&)
0 13248 4 3 4784 72 0 2576 0 0 1840 354 0 0
fn=void std::__cxx11::basic_string<char, std::char_traits<char>, std::allocator<char> >::_M_construct<char const*>(char const*, char const*, std::forward_iterator_tag)
0 46371 345 3 13079 0 0 10701 0 0 4756 56 0 0
fn=void std::__cxx11::basic_string<char, std::char_traits<char>, std::allocator<char> >::_M_construct<char*>(char*, char*, std::forward_iterator_tag)
0 1568112 4 3 444778 0 0 369726 1461 37 167894 10595 0 0
summary: 788571141 71829 3337 270413128 338880 7800 127650645 57524 7688 76443652 1913390 11742914 950585
