desc: I1 cache:         65536 B, 64 B, 8-way associative
desc: D1 cache:         32768 B, 64 B, 8-way associative
desc: LL cache:         12582912 B, 64 B, 12-way associative
cmd: /home/mrsantos/Desktop/2026-1/ed/tp3/bin/tp3_hash.out
events: Ir I1mr ILmr Dr D1mr DLmr Dw D1mw DLmw Bc Bcm Bi Bim
fl=./csu/../csu/libc-start.c
fn=__libc_start_main@@GLIBC_2.34
128 2 1 1 2 1 0 0 0 0 0 0 0 0
134 3 0 0 1 1 0 0 0 0 1 0 0 0
135 7 0 0 3 1 0 2 0 0 0 0 1 1
138 1 0 0 1 1 0 0 0 0 0 0 0 0
139 2 1 1 0 0 0 0 0 0 1 0 0 0
142 3 0 0 2 1 0 0 0 0 0 0 0 0
143 2 0 0 2 0 0 0 0 0 0 0 0 0
144 16 0 0 3 0 0 1 0 0 3 1 0 0
145 8 1 1 2 1 0 4 0 0 0 0 2 2
242 13 1 1 0 0 0 7 0 0 0 0 0 0
311 3 0 0 0 0 0 0 0 0 1 0 0 0
312 3 0 0 0 0 0 1 0 0 0 0 0 0
337 6 1 1 2 0 0 1 0 0 1 0 0 0
340 2 0 0 0 0 0 0 0 0 1 1 0 0
343 2 0 0 2 0 0 0 0 0 0 0 0 0
350 2 0 0 1 0 0 1 0 0 0 0 0 0
352 2 0 0 0 0 0 0 0 0 1 0 0 0
360 4 0 0 1 0 0 1 0 0 0 0 0 0
fl=./csu/../sysdeps/nptl/libc_start_call_main.h
fn=(below main)
29 9 1 1 1 0 0 5 0 0 0 0 0 0
44 3 1 1 0 0 0 1 0 0 0 0 0 0
46 2 0 0 0 0 0 0 0 0 1 0 0 0
51 2 0 0 1 1 0 1 0 0 0 0 0 0
52 2 0 0 1 1 0 1 0 0 0 0 0 0
55 2 0 0 0 0 0 1 0 0 0 0 0 0
58 6 1 1 5 0 0 1 0 0 0 0 1 1
74 2 1 0 0 0 0 1 0 0 0 0 0 0
fl=./csu/./csu/init-first.c
fn=_init_first
46 6 1 1 0 0 0 2 0 0 0 0 0 0
51 2 0 0 1 0 0 0 0 0 1 0 0 0
55 5 1 1 4 2 1 0 0 0 1 0 0 0
61 1 0 0 0 0 0 1 1 0 0 0 0 0
62 1 0 0 0 0 0 1 0 0 0 0 0 0
63 2 0 0 1 1 0 1 1 1 0 0 0 0
71 2 0 0 0 0 0 0 0 0 0 0 0 0
72 3 0 0 2 0 0 0 0 0 0 0 0 0
fl=./ctype/./ctype/ctype-info.c
fn=__ctype_init
29 1 1 1 0 0 0 0 0 0 0 0 0 0
31 7 1 1 5 4 0 1 0 0 0 0 0 0
33 4 0 0 2 1 0 1 0 0 0 0 0 0
35 4 0 0 2 0 0 1 0 0 0 0 0 0
36 1 0 0 1 0 0 0 0 0 0 0 0 0
fl=./debug/../sysdeps/x86_64/multiarch/ifunc-memmove.h
fn=__memcpy_chk
56 2 0 0 0 0 0 0 0 0 1 0 0 0
57 3 1 1 2 0 0 0 0 0 0 0 0 0
60 3 0 0 1 0 0 0 0 0 0 0 0 0
61 2 1 1 0 0 0 0 0 0 1 1 0 0
74 2 0 0 0 0 0 0 0 0 1 0 0 0
77 2 0 0 0 0 0 0 0 0 1 0 0 0
85 2 0 0 0 0 0 0 0 0 1 1 0 0
93 2 1 1 0 0 0 0 0 0 1 1 0 0
96 5 2 2 1 0 0 0 0 0 0 0 0 0
fn=__memmove_chk
56 2 0 0 0 0 0 0 0 0 1 0 0 0
57 3 0 0 2 0 0 0 0 0 0 0 0 0
60 3 0 0 1 0 0 0 0 0 0 0 0 0
61 2 1 1 0 0 0 0 0 0 1 1 0 0
74 2 0 0 0 0 0 0 0 0 1 0 0 0
77 2 1 1 0 0 0 0 0 0 1 0 0 0
85 2 0 0 0 0 0 0 0 0 1 1 0 0
93 2 0 0 0 0 0 0 0 0 1 1 0 0
96 5 0 0 1 0 0 0 0 0 0 0 0 0
fn=__mempcpy_chk
56 2 0 0 0 0 0 0 0 0 1 0 0 0
57 3 1 1 2 0 0 0 0 0 0 0 0 0
60 3 0 0 1 0 0 0 0 0 0 0 0 0
61 2 1 1 0 0 0 0 0 0 1 1 0 0
74 2 0 0 0 0 0 0 0 0 1 0 0 0
77 2 0 0 0 0 0 0 0 0 1 0 0 0
85 2 0 0 0 0 0 0 0 0 1 1 0 0
93 2 1 1 0 0 0 0 0 0 1 1 0 0
96 5 2 2 1 0 0 0 0 0 0 0 0 0
fl=./debug/../sysdeps/x86_64/multiarch/ifunc-memset.h
fn=__memset_chk
54 5 0 0 2 0 0 0 0 0 1 0 0 0
57 3 0 0 1 0 0 0 0 0 0 0 0 0
58 2 1 1 0 0 0 0 0 0 1 1 0 0
64 2 1 1 0 0 0 0 0 0 0 0 0 0
73 2 0 0 0 0 0 0 0 0 1 0 0 0
75 2 0 0 0 0 0 0 0 0 1 0 0 0
85 2 0 0 0 0 0 0 0 0 1 0 0 0
93 2 0 0 0 0 0 0 0 0 1 0 0 0
96 5 0 0 1 0 0 0 0 0 0 0 0 0
fl=./debug/../sysdeps/x86_64/multiarch/memcpy_chk.c
fn=__memcpy_chk
29 1 1 1 0 0 0 0 0 0 0 0 0 0
fl=./debug/../sysdeps/x86_64/multiarch/memmove_chk.c
fn=__memmove_chk
29 1 0 0 0 0 0 0 0 0 0 0 0 0
fl=./debug/../sysdeps/x86_64/multiarch/mempcpy_chk.c
fn=__mempcpy_chk
29 1 1 1 0 0 0 0 0 0 0 0 0 0
fl=./debug/../sysdeps/x86_64/multiarch/memset_chk.c
fn=__memset_chk
29 1 0 0 0 0 0 0 0 0 0 0 0 0
fl=./elf/../bits/stdlib-bsearch.h
fn=intel_check_word.constprop.0
27 96 0 0 0 0 0 0 0 0 0 0 0 0
28 48 0 0 0 0 0 0 0 0 0 0 0 0
29 744 0 0 0 0 0 0 0 0 372 38 0 0
31 648 0 0 0 0 0 0 0 0 0 0 0 0
32 348 0 0 0 0 0 0 0 0 0 0 0 0
35 264 0 0 0 0 0 0 0 0 0 0 0 0
37 120 1 1 0 0 0 0 0 0 0 0 0 0
fl=./elf/../elf/dl-tls.c
fn=_dl_add_to_slotinfo
1017 27 1 1 0 0 0 15 0 0 0 0 0 0
1023 3 0 0 3 0 0 0 0 0 0 0 0 0
1026 3 0 0 3 2 0 0 0 0 0 0 0 0
1027 3 0 0 0 0 0 0 0 0 0 0 0 0
1031 9 1 1 3 2 0 0 0 0 3 0 0 0
1065 6 0 0 0 0 0 0 0 0 3 3 0 0
1068 6 0 0 0 0 0 3 1 0 0 0 0 0
1069 9 0 0 3 0 0 3 0 0 0 0 0 0
1072 18 1 1 18 0 0 0 0 0 0 0 0 0
fn=_dl_allocate_tls_init
523 11 1 1 0 0 0 8 0 0 0 0 0 0
524 2 0 0 0 0 0 0 0 0 1 0 0 0
528 2 0 0 1 1 0 1 0 0 0 0 0 0
531 1 0 0 0 0 0 0 0 0 0 0 0 0
534 2 1 1 1 1 0 1 0 0 0 0 1 1
537 3 0 0 2 1 0 0 0 0 1 0 0 0
549 1 0 0 1 0 0 0 0 0 0 0 0 0
554 27 1 1 4 0 0 1 0 0 4 0 0 0
560 9 1 1 0 0 0 0 0 0 4 3 0 0
563 9 0 0 3 1 0 0 0 0 0 0 0 0
564 6 0 0 0 0 0 0 0 0 3 0 0 0
570 9 1 1 6 0 0 0 0 0 3 0 0 0
571 6 0 0 0 0 0 0 0 0 0 0 0 0
573 24 0 0 9 3 0 3 1 1 0 0 0 0
576 6 0 0 0 0 0 0 0 0 3 0 0 0
577 6 0 0 3 0 0 0 0 0 0 0 0 0
580 6 1 1 0 0 0 0 0 0 3 0 0 0
581 12 0 0 6 3 0 0 0 0 3 0 0 0
583 6 0 0 0 0 0 0 0 0 3 0 0 0
584 6 0 0 3 0 0 0 0 0 0 0 0 0
593 3 0 0 0 0 0 3 0 0 0 0 0 0
601 6 0 0 3 0 0 0 0 0 3 2 0 0
603 30 0 0 6 0 0 9 0 0 0 0 0 0
609 3 0 0 3 0 0 0 0 0 0 0 0 0
615 2 0 0 1 0 0 1 0 0 0 0 1 1
618 2 0 0 1 0 0 1 0 0 0 0 0 0
621 9 0 0 8 0 0 0 0 0 0 0 0 0
fn=_dl_allocate_tls_storage
365 1 0 0 1 0 0 0 0 0 0 0 0 0
369 1 1 1 0 0 0 0 0 0 0 0 0 0
370 1 0 0 0 0 0 0 0 0 0 0 0 0
371 2 0 0 0 0 0 0 0 0 1 0 0 0
374 1 0 0 0 0 0 1 1 1 0 0 0 0
380 2 0 0 0 0 0 1 0 0 0 0 0 0
417 7 2 2 0 0 0 4 0 0 0 0 0 0
419 1 0 0 1 0 0 0 0 0 0 0 0 0
430 1 0 0 1 0 0 0 0 0 0 0 0 0
431 1 0 0 0 0 0 0 0 0 0 0 0 0
432 2 0 0 0 0 0 0 0 0 1 0 0 0
440 6 0 0 0 0 0 0 0 0 0 0 0 0
441 1 1 1 0 0 0 0 0 0 0 0 0 0
445 305 0 0 0 0 0 297 37 37 296 10 0 0
464 1 0 0 0 0 0 1 1 1 0 0 0 0
470 7 0 0 5 0 0 0 0 0 0 0 0 0
fn=_dl_assign_tls_modid
125 12 1 1 0 0 0 3 0 0 0 0 0 0
128 6 0 0 3 0 0 0 0 0 3 0 0 0
141 3 0 0 3 0 0 0 0 0 0 0 0 0
181 3 0 0 0 0 0 0 0 0 0 0 0 0
183 3 1 1 0 0 0 3 0 0 0 0 0 0
186 3 0 0 0 0 0 3 0 0 0 0 0 0
187 6 0 0 6 0 0 0 0 0 0 0 0 0
fn=_dl_count_modids
192 1 1 1 0 0 0 0 0 0 0 0 0 0
194 2 0 0 1 0 0 0 0 0 1 0 0 0
195 1 0 0 1 0 0 0 0 0 0 0 0 0
210 2 0 0 1 0 0 0 0 0 0 0 0 0
fn=_dl_determine_tlsoffset
216 9 1 1 0 0 0 6 0 0 0 0 0 0
217 1 0 0 0 0 0 0 0 0 0 0 0 0
218 1 0 0 0 0 0 0 0 0 0 0 0 0
219 1 0 0 0 0 0 0 0 0 0 0 0 0
222 4 0 0 1 0 0 1 0 0 1 0 0 0
225 2 0 0 1 0 0 0 0 0 1 0 0 0
259 1 0 0 0 0 0 0 0 0 0 0 0 0
261 25 1 1 7 1 1 0 0 0 4 2 0 0
263 9 1 1 4 0 0 1 0 0 3 0 0 0
265 9 1 1 3 1 0 0 0 0 0 0 0 0
266 6 0 0 3 0 0 0 0 0 0 0 0 0
268 6 0 0 0 0 0 0 0 0 0 0 0 0
270 15 0 0 3 0 0 0 0 0 3 3 0 0
281 3 0 0 0 0 0 3 0 0 0 0 0 0
286 24 0 0 0 0 0 0 0 0 0 0 0 0
288 6 0 0 0 0 0 0 0 0 3 3 0 0
289 3 0 0 0 0 0 0 0 0 0 0 0 0
294 3 0 0 0 0 0 0 0 0 0 0 0 0
301 1 0 0 0 0 0 1 0 0 0 0 0 0
302 7 2 2 1 0 0 0 0 0 0 0 0 0
304 2 0 0 0 0 0 1 0 0 0 0 0 0
354 1 0 0 0 0 0 1 0 0 0 0 0 0
355 8 0 0 7 0 0 0 0 0 0 0 0 0
fn=_dl_tls_static_surplus_init
83 3 0 0 0 0 0 0 0 0 0 0 0 0
97 8 1 1 0 0 0 4 0 0 0 0 0 0
100 6 0 0 1 0 0 1 0 0 0 0 0 0
101 5 0 0 1 0 0 1 0 0 0 0 0 0
102 3 0 0 0 0 0 0 0 0 0 0 0 0
104 4 1 1 0 0 0 0 0 0 1 0 0 0
107 1 0 0 0 0 0 0 0 0 0 0 0 0
109 1 0 0 0 0 0 1 0 0 0 0 0 0
111 3 0 0 0 0 0 1 0 0 0 0 0 0
112 6 0 0 5 0 0 0 0 0 0 0 0 0
fl=./elf/../include/list.h
fn=__tls_init_tp
43 2 1 1 1 1 0 1 0 0 0 0 0 0
44 2 0 0 0 0 0 1 0 0 0 0 0 0
45 1 0 0 0 0 0 1 0 0 0 0 0 0
47 1 0 0 0 0 0 1 0 0 0 0 0 0
fl=./elf/../include/rtld-malloc.h
fn=__minimal_calloc
56 17 0 0 17 0 0 0 0 0 0 0 17 1
fn=_dl_allocate_tls_storage
44 2 0 0 1 0 0 1 0 0 0 0 1 1
56 1 0 0 1 0 0 1 0 0 0 0 1 1
fn=_dl_check_map_versions
44 18 1 1 6 0 0 6 0 0 0 0 6 1
fn=_dl_find_object_init
56 2 0 0 1 0 0 1 0 0 0 0 1 1
fn=_dl_important_hwcaps
56 4 0 0 2 0 0 2 0 0 0 0 2 2
fn=_dl_init_paths
56 5 0 0 3 0 0 3 0 0 0 0 3 3
fn=_dl_map_object_deps
56 12 0 0 6 0 0 6 0 0 0 0 6 3
fn=_dl_new_object
44 18 0 0 6 0 0 6 1 1 0 0 6 1
56 15 1 1 5 0 0 5 0 0 0 0 5 1
fn=do_lookup_x
44 13 0 0 3 0 0 6 0 0 0 0 3 2
fn=fillin_rpath.isra.0
50 2 1 1 2 0 0 1 0 0 0 0 1 1
51 1 0 0 0 0 0 0 0 0 0 0 0 0
56 2 0 0 1 0 0 1 0 0 0 0 1 1
fn=init_tls
44 2 0 0 1 0 0 1 0 0 0 0 1 1
fl=./elf/../include/scratch_buffer.h
fn=_dl_map_object_deps
77 2 0 0 0 0 0 1 1 1 0 0 0 0
78 1 0 0 0 0 0 1 0 0 0 0 0 0
85 3 1 1 1 0 0 0 0 0 1 1 0 0
131 20 1 1 0 0 0 10 0 0 0 0 0 0
fl=./elf/../misc/sbrk.c
fn=sbrk
37 6 1 1 0 0 0 3 0 0 0 0 0 0
40 1 0 0 1 0 0 0 0 0 0 0 0 0
58 2 0 0 0 0 0 0 0 0 1 0 0 0
62 2 0 0 0 0 0 0 0 0 1 1 0 0
78 5 1 1 4 0 0 0 0 0 0 0 0 0
fl=./elf/../nptl/nptl-stack.h
fn=__libc_early_init
61 8 1 1 2 1 0 0 0 0 0 0 0 0
fl=./elf/../sysdeps/generic/_itoa.h
fn=_dl_check_map_versions
76 36 0 0 12 0 0 24 0 0 0 0 0 0
fl=./elf/../sysdeps/generic/dl-cache.h
fn=_dl_load_cache_lookup
125 4 1 1 4 0 0 0 0 0 0 0 0 0
194 1 0 0 1 0 0 0 0 0 0 0 0 0
195 5 0 0 0 0 0 0 0 0 1 1 0 0
fl=./elf/../sysdeps/generic/dl-call_tls_init_tp.h
fn=init_tls
31 8 0 0 0 0 0 2 0 0 1 0 0 0
33 1 0 0 0 0 0 1 0 0 0 0 0 0
fl=./elf/../sysdeps/generic/dl-debug.h
fn=dl_main
29 4 0 0 2 0 0 0 0 0 1 0 0 0
30 1 0 0 0 0 0 1 0 0 0 0 0 0
fl=./elf/../sysdeps/generic/dl-hash.h
fn=__rtld_malloc_init_real
43 1 0 0 0 0 0 0 0 0 0 0 0 0
44 1 0 0 0 0 0 0 0 0 0 0 0 0
45 19 0 0 6 1 1 0 0 0 6 4 0 0
48 18 0 0 0 0 0 0 0 0 0 0 0 0
62 24 0 0 0 0 0 0 0 0 0 0 0 0
67 1 0 0 0 0 0 0 0 0 0 0 0 0
72 1 0 0 0 0 0 1 0 0 0 0 0 0
fl=./elf/../sysdeps/generic/dl-new-hash.h
fn=_dl_lookup_symbol_x
69 1954 0 0 0 0 0 0 0 0 0 0 0 0
70 3908 0 0 0 0 0 0 0 0 0 0 0 0
74 42543 0 0 42543 1516 1261 0 0 0 0 0 0 0
77 85086 0 0 0 0 0 0 0 0 42543 1002 0 0
80 41561 0 0 41561 504 437 0 0 0 0 0 0 0
81 83122 0 0 0 0 0 0 0 0 41561 982 0 0
87 972 1 1 0 0 0 0 0 0 0 0 0 0
88 972 0 0 0 0 0 0 0 0 0 0 0 0
89 1944 0 0 0 0 0 0 0 0 0 0 0 0
90 972 0 0 0 0 0 0 0 0 0 0 0 0
99 40589 0 0 0 0 0 0 0 0 0 0 0 0
101 40589 0 0 0 0 0 0 0 0 0 0 0 0
102 81178 0 0 0 0 0 0 0 0 0 0 0 0
104 40589 2 1 0 0 0 0 0 0 0 0 0 0
105 40589 0 0 0 0 0 0 0 0 0 0 0 0
fl=./elf/../sysdeps/generic/dl-protected.h
fn=do_lookup_x
29 7752 0 0 0 0 0 0 0 0 1938 0 0 0
fl=./elf/../sysdeps/generic/ldsodefs.h
fn=_dl_relocate_object
79 62 1 1 30 0 0 0 0 0 0 0 0 0
140 10383 0 0 3461 0 0 0 0 0 0 0 0 0
fn=_dl_start
79 6 1 1 3 0 0 0 0 0 0 0 0 0
fn=do_lookup_x
139 3876 0 0 1938 0 0 0 0 0 0 0 0 0
140 5814 0 0 0 0 0 0 0 0 0 0 0 0
fl=./elf/../sysdeps/nptl/dl-mutex.c
fn=__rtld_mutex_init
30 7 1 1 0 0 0 4 0 0 0 0 0 0
37 1 0 0 1 0 0 0 0 0 0 0 0 0
40 7 0 0 0 0 0 1 0 0 0 0 0 0
44 2 1 1 0 0 0 0 0 0 1 0 0 0
45 9 0 0 3 0 0 1 0 0 1 0 0 0
47 6 0 0 0 0 0 1 0 0 0 0 0 0
51 2 1 1 0 0 0 0 0 0 1 0 0 0
52 7 0 0 3 0 0 1 0 0 1 0 0 0
53 6 0 0 5 0 0 0 0 0 0 0 0 0
fl=./elf/../sysdeps/nptl/dl-tls_init_tp.c
fn=__tls_init_tp
68 5 0 0 0 0 0 2 0 0 0 0 0 0
69 1 0 0 1 0 0 0 0 0 0 0 0 0
72 1 0 0 0 0 0 0 0 0 0 0 0 0
75 4 0 0 0 0 0 1 0 0 0 0 0 0
76 2 0 0 0 0 0 1 0 0 0 0 0 0
77 1 1 1 0 0 0 1 0 0 0 0 0 0
82 2 0 0 1 0 0 1 0 0 0 0 0 0
87 4 0 0 0 0 0 1 0 0 0 0 0 0
90 1 0 0 0 0 0 1 0 0 0 0 0 0
93 3 0 0 0 0 0 0 0 0 0 0 0 0
105 4 1 1 0 0 0 1 0 0 0 0 0 0
121 3 0 0 2 1 0 1 1 0 0 0 0 0
128 2 0 0 1 0 0 1 0 0 0 0 0 0
129 3 0 0 3 0 0 0 0 0 0 0 0 0
fn=__tls_pre_init_tp
53 3 1 1 0 0 0 0 0 0 0 0 0 0
56 10 1 1 0 0 0 3 1 1 0 0 0 0
61 2 0 0 0 0 0 1 0 0 0 0 0 0
62 1 1 1 0 0 0 1 0 0 0 0 0 0
64 1 0 0 1 0 0 0 0 0 0 0 0 0
fn=rtld_mutex_dummy
42 178 0 0 0 0 0 0 0 0 0 0 0 0
44 356 0 0 178 0 0 0 0 0 0 0 0 0
fl=./elf/../sysdeps/nptl/pthread_early_init.h
fn=__libc_early_init
33 6 1 1 0 0 0 1 0 0 1 0 0 0
34 1 0 0 1 0 0 0 0 0 0 0 0 0
38 5 0 0 0 0 0 0 0 0 0 0 0 0
45 2 0 0 2 1 0 0 0 0 0 0 0 0
46 1 0 0 0 0 0 0 0 0 0 0 0 0
48 2 0 0 0 0 0 0 0 0 0 0 0 0
52 5 1 1 0 0 0 1 0 0 0 0 0 0
53 1 0 0 0 0 0 1 1 1 0 0 0 0
54 1 0 0 0 0 0 1 1 1 0 0 0 0
56 1 0 0 0 0 0 1 0 0 0 0 0 0
fl=./elf/../sysdeps/posix/dl-fileid.h
fn=_dl_map_object_from_fd
37 20 0 0 0 0 0 5 1 1 5 0 0 0
40 20 0 0 15 1 1 5 0 0 0 0 0 0
49 60 0 0 30 1 1 0 0 0 30 9 0 0
fl=./elf/../sysdeps/unix/sysv/linux/brk.c
fn=brk
36 1 1 1 0 0 0 0 0 0 0 0 0 0
37 1 0 0 0 0 0 1 1 1 0 0 0 0
38 2 0 0 0 0 0 0 0 0 1 0 0 0
44 1 0 0 0 0 0 0 0 0 0 0 0 0
45 1 0 0 1 0 0 0 0 0 0 0 0 0
fl=./elf/../sysdeps/unix/sysv/linux/brk_call.h
fn=brk
24 2 0 0 0 0 0 0 0 0 0 0 0 0
fl=./elf/../sysdeps/unix/sysv/linux/dl-osinfo.h
fn=dl_main
39 2 0 0 1 1 0 0 0 0 0 0 0 0
52 1 0 0 1 1 1 0 0 0 0 0 0 0
fl=./elf/../sysdeps/unix/sysv/linux/dl-parse_auxv.h
fn=_dl_sysdep_parse_arguments
32 2 0 0 0 0 0 1 0 0 0 0 0 0
33 1 0 0 0 0 0 1 0 0 0 0 0 0
34 1 0 0 0 0 0 1 0 0 0 0 0 0
41 93 1 1 24 6 6 0 0 0 23 6 0 0
42 44 0 0 0 0 0 0 0 0 22 0 0 0
43 44 0 0 22 0 0 22 0 0 0 0 0 0
45 1 0 0 0 0 0 1 0 0 0 0 0 0
46 2 0 0 1 0 0 1 0 0 0 0 0 0
47 2 0 0 1 0 0 1 0 0 0 0 0 0
48 2 0 0 1 0 0 1 0 0 0 0 0 0
49 1 0 0 0 0 0 1 0 0 0 0 0 0
51 2 1 1 1 0 0 1 0 0 0 0 0 0
52 2 0 0 1 0 0 1 1 1 0 0 0 0
53 2 0 0 1 0 0 1 0 0 0 0 0 0
54 2 1 1 1 0 0 1 0 0 0 0 0 0
56 2 0 0 1 0 0 1 0 0 0 0 0 0
fl=./elf/../sysdeps/unix/sysv/linux/dl-sysdep.c
fn=_dl_sysdep_parse_arguments
78 7 1 1 0 0 0 4 0 0 0 0 0 0
79 2 0 0 1 0 0 1 1 1 0 0 0 0
80 2 0 0 0 0 0 1 0 0 0 0 0 0
81 3 0 0 0 0 0 1 1 1 0 0 0 0
82 82 0 0 0 0 0 0 0 0 0 0 0 0
83 167 1 1 83 11 11 0 0 0 83 10 0 0
86 2 1 1 0 0 0 1 1 1 0 0 0 0
90 56 0 0 0 0 0 52 7 7 52 10 0 0
93 5 0 0 3 0 0 1 0 0 0 0 0 0
94 2 0 0 1 0 0 1 0 0 0 0 0 0
95 3 1 1 2 0 0 1 0 0 0 0 0 0
96 6 0 0 5 0 0 0 0 0 0 0 0 0
fn=_dl_sysdep_start
102 6 1 1 0 0 0 2 0 0 0 0 0 0
103 1 0 0 0 0 0 1 0 0 0 0 0 0
106 2 0 0 0 0 0 1 1 1 0 0 0 0
110 2 0 0 1 0 0 1 0 0 0 0 0 0
113 1 0 0 0 0 0 1 0 0 0 0 0 0
115 2 0 0 0 0 0 1 0 0 0 0 0 0
122 3 1 1 1 0 0 0 0 0 1 0 0 0
123 2 0 0 0 0 0 2 0 0 0 0 0 0
125 5 0 0 0 0 0 1 0 0 1 0 0 0
137 3 0 0 1 0 0 0 0 0 1 0 0 0
140 5 1 1 3 0 0 1 0 0 0 0 1 1
143 4 0 0 4 1 0 0 0 0 0 0 0 0
fn=_dl_sysdep_start_cleanup
147 1 1 1 0 0 0 0 0 0 0 0 0 0
148 1 0 0 1 0 0 0 0 0 0 0 0 0
fl=./elf/../sysdeps/unix/sysv/linux/dl-vdso-setup.h
fn=dl_main
30 1 0 0 0 0 0 1 0 0 0 0 0 0
33 1 1 1 0 0 0 1 0 0 0 0 0 0
36 1 0 0 0 0 0 1 0 0 0 0 0 0
39 1 0 0 0 0 0 1 0 0 0 0 0 0
45 1 0 0 0 0 0 1 0 0 0 0 0 0
fl=./elf/../sysdeps/unix/sysv/linux/dl-vdso.h
fn=dl_main
40 2 1 1 1 0 0 0 0 0 0 0 0 0
41 5 0 0 0 0 0 2 0 0 1 0 0 0
55 2 0 0 0 0 0 0 0 0 0 0 0 0
fl=./elf/../sysdeps/unix/sysv/linux/rseq-internal.h
fn=__tls_init_tp
32 3 0 0 1 0 0 0 0 0 1 1 0 0
34 7 1 1 0 0 0 0 0 0 0 0 0 0
37 2 0 0 0 0 0 0 0 0 1 1 0 0
40 1 0 0 0 0 0 1 0 0 0 0 0 0
fl=./elf/../sysdeps/unix/sysv/linux/x86/dl-hwcap2.h
fn=update_active.constprop.0
25 2 0 0 1 0 0 0 0 0 1 1 0 0
fl=./elf/../sysdeps/unix/sysv/linux/x86/dl-minsigstacksize.h
fn=get_common_indices.constprop.0
24 2 2 2 1 0 0 0 0 0 1 0 0 0
27 2 0 0 1 0 0 0 0 0 1 0 0 0
28 2 0 0 1 0 0 0 0 0 1 0 0 0
65 3 0 0 0 0 0 0 0 0 0 0 0 0
72 1 0 0 0 0 0 0 0 0 0 0 0 0
74 1 0 0 0 0 0 1 0 0 0 0 0 0
fl=./elf/../sysdeps/x86/cpu-features.c
fn=get_common_indices.constprop.0
398 3 1 1 0 0 0 2 0 0 0 0 0 0
402 4 0 0 0 0 0 0 0 0 1 0 0 0
405 5 0 0 0 0 0 3 0 0 0 0 0 0
409 1 0 0 0 0 0 1 0 0 0 0 0 0
410 4 0 0 0 0 0 1 0 0 0 0 0 0
411 4 1 1 0 0 0 1 0 0 0 0 0 0
412 4 0 0 0 0 0 1 0 0 0 0 0 0
413 3 0 0 0 0 0 1 0 0 0 0 0 0
414 2 0 0 1 0 0 0 0 0 1 0 0 0
421 2 0 0 1 0 0 0 0 0 1 0 0 0
423 9 0 0 0 0 0 4 1 1 0 0 0 0
428 8 2 2 0 0 0 4 1 1 0 0 0 0
435 2 0 0 1 0 0 0 0 0 1 0 0 0
436 7 0 0 0 0 0 4 1 1 0 0 0 0
442 2 0 0 1 0 0 0 0 0 1 1 0 0
457 3 0 0 3 0 0 0 0 0 0 0 0 0
fn=init_cpu_features.constprop.0
376 3 0 0 0 0 0 0 0 0 0 0 0 0
377 2 0 0 0 0 0 0 0 0 1 0 0 0
378 6 0 0 0 0 0 4 0 0 0 0 0 0
383 2 1 1 0 0 0 0 0 0 1 1 0 0
384 6 1 1 0 0 0 4 0 0 0 0 0 0
389 2 0 0 0 0 0 0 0 0 1 0 0 0
390 7 1 1 0 0 0 4 0 0 0 0 0 0
682 8 1 1 0 0 0 6 0 0 0 0 0 0
685 1 0 0 0 0 0 1 0 0 0 0 0 0
686 1 1 1 0 0 0 1 0 0 0 0 0 0
687 1 0 0 0 0 0 1 0 0 0 0 0 0
690 1 0 0 0 0 0 1 1 1 0 0 0 0
699 3 0 0 0 0 0 1 0 0 0 0 0 0
702 6 1 1 0 0 0 0 0 0 3 1 0 0
703 1 0 0 0 0 0 0 0 0 0 0 0 0
706 2 0 0 0 0 0 1 0 0 0 0 0 0
708 6 2 2 0 0 0 1 0 0 0 0 0 0
713 1 0 0 0 0 0 1 0 0 0 0 0 0
715 3 0 0 1 0 0 0 0 0 1 1 0 0
717 9 2 2 3 1 1 1 0 0 1 0 0 0
721 7 0 0 1 1 1 0 0 0 1 0 1 1
774 3 0 0 2 0 0 0 0 0 1 1 0 0
781 2 1 1 0 0 0 1 0 0 0 0 0 0
799 1 1 1 0 0 0 1 0 0 0 0 0 0
832 2 0 0 0 0 0 0 0 0 1 1 0 0
866 4 1 1 0 0 0 0 0 0 1 1 0 0
869 2 0 0 0 0 0 1 0 0 0 0 0 0
870 1 1 1 0 0 0 0 0 0 0 0 0 0
878 2 1 1 1 0 0 0 0 0 1 0 0 0
885 2 0 0 1 0 0 0 0 0 1 0 0 0
887 2 0 0 0 0 0 1 0 0 0 0 0 0
891 2 0 0 0 0 0 0 0 0 1 0 0 0
897 2 0 0 1 0 0 0 0 0 1 1 0 0
899 1 1 1 0 0 0 0 0 0 0 0 0 0
1001 3 1 1 1 0 0 0 0 0 1 0 0 0
1002 2 0 0 0 0 0 1 0 0 0 0 0 0
1005 2 0 0 0 0 0 0 0 0 1 0 0 0
1006 2 0 0 0 0 0 1 0 0 0 0 0 0
1012 1 0 0 0 0 0 1 0 0 0 0 0 0
1013 1 0 0 0 0 0 1 0 0 0 0 0 0
1014 1 0 0 0 0 0 1 0 0 0 0 0 0
1015 2 1 1 1 0 0 1 0 0 0 0 0 0
1019 4 0 0 0 0 0 1 0 0 0 0 0 0
1022 4 0 0 0 0 0 1 0 0 0 0 0 0
1028 3 0 0 1 0 0 0 0 0 1 1 0 0
1041 2 0 0 0 0 0 0 0 0 0 0 0 0
1042 4 1 1 1 0 0 0 0 0 1 1 0 0
1081 1 0 0 0 0 0 1 0 0 0 0 0 0
1082 2 1 1 1 0 0 0 0 0 1 1 0 0
1086 3 0 0 1 0 0 0 0 0 1 1 0 0
1103 2 1 1 0 0 0 0 0 0 0 0 0 0
1104 2 0 0 0 0 0 0 0 0 1 0 0 0
1106 3 0 0 0 0 0 0 0 0 1 0 0 0
1107 2 0 0 1 0 0 0 0 0 0 0 0 0
1109 3 0 0 0 0 0 0 0 0 1 0 0 0
1110 2 0 0 0 0 0 0 0 0 0 0 0 0
1113 2 0 0 0 0 0 1 0 0 0 0 0 0
1127 4 0 0 0 0 0 1 0 0 0 0 0 0
1129 4 0 0 0 0 0 1 0 0 0 0 0 0
1135 4 0 0 0 0 0 1 0 0 0 0 0 0
1142 8 0 0 7 0 0 0 0 0 0 0 0 0
fn=update_active.constprop.0
72 8 2 2 0 0 0 6 0 0 0 0 0 0
76 1 0 0 1 0 0 0 0 0 0 0 0 0
84 3 1 1 1 0 0 0 0 0 0 0 0 0
85 3 0 0 0 0 0 0 0 0 0 0 0 0
86 1 0 0 1 0 0 0 0 0 0 0 0 0
94 4 0 0 1 0 0 1 0 0 0 0 0 0
95 1 0 0 1 0 0 0 0 0 0 0 0 0
103 4 0 0 1 0 0 1 0 0 0 0 0 0
104 1 0 0 1 0 0 0 0 0 0 0 0 0
109 4 0 0 0 0 0 1 0 0 0 0 0 0
112 4 0 0 1 0 0 1 0 0 0 0 0 0
113 1 0 0 1 0 0 0 0 0 0 0 0 0
116 5 1 1 1 0 0 2 1 1 0 0 0 0
117 2 1 1 1 0 0 1 0 0 0 0 0 0
121 5 0 0 1 0 0 2 0 0 0 0 0 0
122 3 0 0 2 0 0 0 0 0 0 0 0 0
123 3 1 1 2 0 0 0 0 0 0 0 0 0
124 2 0 0 1 0 0 1 0 0 0 0 0 0
128 5 0 0 1 0 0 1 0 0 0 0 0 0
129 5 1 1 2 0 0 1 0 0 0 0 0 0
130 3 0 0 2 1 1 0 0 0 0 0 0 0
132 2 0 0 0 0 0 0 0 0 1 0 0 0
133 4 0 0 0 0 0 1 0 0 0 0 0 0
147 2 0 0 0 0 0 0 0 0 1 1 0 0
151 7 2 2 0 0 0 4 0 0 0 0 0 0
152 4 0 0 0 0 0 1 0 0 0 0 0 0
154 3 0 0 0 0 0 0 0 0 1 1 0 0
158 4 1 1 0 0 0 1 0 0 1 0 0 0
161 1 0 0 0 0 0 0 0 0 0 0 0 0
164 2 0 0 0 0 0 0 0 0 1 1 0 0
166 2 0 0 0 0 0 1 0 0 0 0 0 0
170 1 0 0 0 0 0 0 0 0 0 0 0 0
171 1 1 1 1 1 1 0 0 0 0 0 0 0
178 4 1 1 1 0 0 1 0 0 0 0 0 0
180 5 0 0 1 0 0 1 0 0 0 0 0 0
186 4 0 0 0 0 0 1 0 0 0 0 0 0
188 5 1 1 2 0 0 1 0 0 0 0 0 0
190 4 0 0 0 0 0 2 0 0 0 0 0 0
195 5 0 0 0 0 0 1 0 0 1 1 0 0
244 3 0 0 1 0 0 0 0 0 0 0 0 0
245 3 0 0 1 0 0 0 0 0 1 1 0 0
261 4 1 1 0 0 0 0 0 0 1 0 0 0
277 2 0 0 0 0 0 0 0 0 1 1 0 0
281 2 0 0 0 0 0 1 0 0 0 0 0 0
282 1 1 1 1 0 0 0 0 0 0 0 0 0
285 4 0 0 1 0 0 1 0 0 0 0 0 0
289 2 0 0 0 0 0 0 0 0 1 0 0 0
293 3 1 1 0 0 0 0 0 0 0 0 0 0
294 2 0 0 0 0 0 0 0 0 1 0 0 0
296 1 0 0 0 0 0 0 0 0 0 0 0 0
297 1 0 0 0 0 0 0 0 0 0 0 0 0
300 2 0 0 0 0 0 1 0 0 0 0 0 0
302 1 0 0 0 0 0 1 0 0 0 0 0 0
305 2 0 0 0 0 0 0 0 0 1 1 0 0
356 5 1 1 0 0 0 0 0 0 1 1 0 0
360 3 1 1 1 0 0 0 0 0 1 1 0 0
369 1 0 0 0 0 0 1 0 0 0 0 0 0
370 8 0 0 7 0 0 0 0 0 0 0 0 0
fl=./elf/../sysdeps/x86/dl-cacheinfo.h
fn=get_common_cache_info.constprop.0
571 11 1 1 0 0 0 6 0 0 0 0 0 0
586 1 0 0 1 0 0 0 0 0 0 0 0 0
587 1 0 0 1 0 0 0 0 0 0 0 0 0
588 2 0 0 1 0 0 1 0 0 0 0 0 0
589 1 1 1 1 0 0 0 0 0 0 0 0 0
590 2 0 0 1 0 0 1 0 0 0 0 0 0
596 3 0 0 0 0 0 1 0 0 0 0 0 0
598 7 1 1 3 0 0 2 0 0 0 0 0 0
601 2 0 0 0 0 0 0 0 0 1 0 0 0
613 1 0 0 0 0 0 0 0 0 0 0 0 0
618 3 1 1 1 0 0 0 0 0 1 0 0 0
622 2 0 0 0 0 0 0 0 0 1 1 0 0
627 5 1 1 1 0 0 0 0 0 1 1 0 0
630 24 2 2 0 0 0 5 0 0 1 1 0 0
637 8 0 0 0 0 0 0 0 0 4 0 0 0
640 26 0 0 0 0 0 0 0 0 7 5 0 0
645 2 1 1 0 0 0 0 0 0 1 0 0 0
649 3 0 0 0 0 0 0 0 0 0 0 0 0
650 2 0 0 0 0 0 0 0 0 0 0 0 0
654 2 0 0 0 0 0 0 0 0 1 0 0 0
658 3 0 0 0 0 0 0 0 0 0 0 0 0
661 4 0 0 0 0 0 1 0 0 0 0 0 0
662 1 0 0 0 0 0 0 0 0 0 0 0 0
667 4 0 0 0 0 0 0 0 0 2 1 0 0
673 4 0 0 0 0 0 0 0 0 2 0 0 0
681 6 0 0 0 0 0 0 0 0 0 0 0 0
683 2 0 0 0 0 0 0 0 0 1 0 0 0
685 4 0 0 0 0 0 0 0 0 2 1 0 0
687 12 1 1 0 0 0 0 0 0 1 0 0 0
689 1 0 0 0 0 0 0 0 0 0 0 0 0
690 1 0 0 0 0 0 0 0 0 0 0 0 0
691 9 0 0 1 0 0 0 0 0 2 0 0 0
693 4 1 1 0 0 0 0 0 0 2 1 0 0
696 7 1 1 4 0 0 0 0 0 1 0 0 0
701 1 0 0 0 0 0 0 0 0 0 0 0 0
703 4 1 1 0 0 0 0 0 0 0 0 0 0
704 3 0 0 0 0 0 0 0 0 0 0 0 0
705 1 0 0 0 0 0 0 0 0 0 0 0 0
708 2 0 0 0 0 0 0 0 0 1 1 0 0
711 2 1 1 0 0 0 0 0 0 1 0 0 0
718 1 0 0 0 0 0 0 0 0 0 0 0 0
720 4 0 0 0 0 0 0 0 0 0 0 0 0
721 1 0 0 0 0 0 0 0 0 0 0 0 0
726 2 0 0 0 0 0 0 0 0 0 0 0 0
731 2 0 0 0 0 0 0 0 0 1 0 0 0
732 1 0 0 0 0 0 0 0 0 0 0 0 0
733 2 0 0 0 0 0 0 0 0 1 0 0 0
734 1 0 0 0 0 0 0 0 0 0 0 0 0
759 3 0 0 0 0 0 0 0 0 0 0 0 0
770 5 0 0 1 0 0 0 0 0 2 0 0 0
771 5 0 0 0 0 0 1 0 0 0 0 0 0
775 2 1 1 1 0 0 0 0 0 1 1 0 0
782 1 0 0 0 0 0 1 0 0 0 0 0 0
783 2 0 0 1 0 0 1 0 0 0 0 0 0
784 1 0 0 0 0 0 1 0 0 0 0 0 0
785 7 0 0 7 0 0 0 0 0 0 0 0 0
fn=handle_intel.constprop.0
250 108 0 0 0 0 0 72 0 0 0 0 0 0
255 24 1 1 12 0 0 0 0 0 12 0 0 0
261 12 0 0 0 0 0 12 0 0 0 0 0 0
262 12 0 0 0 0 0 12 0 0 0 0 0 0
267 48 0 0 0 0 0 12 0 0 0 0 0 0
271 24 0 0 0 0 0 0 0 0 12 11 0 0
276 24 1 1 0 0 0 0 0 0 0 0 0 0
279 60 0 0 0 0 0 12 0 0 0 0 0 0
281 24 0 0 0 0 0 0 0 0 12 0 0 0
284 60 1 1 0 0 0 12 0 0 0 0 0 0
286 24 0 0 0 0 0 0 0 0 12 12 0 0
305 96 0 0 84 0 0 0 0 0 0 0 0 0
fn=init_cpu_features.constprop.0
792 1 0 0 0 0 0 1 0 0 0 0 0 0
793 1 0 0 0 0 0 1 0 0 0 0 0 0
795 1 0 0 0 0 0 1 0 0 0 0 0 0
809 2 0 0 0 0 0 0 0 0 1 1 0 0
811 3 1 1 0 0 0 2 0 0 0 0 0 0
812 3 1 1 0 0 0 1 0 0 0 0 0 0
813 3 0 0 0 0 0 2 0 0 0 0 0 0
814 2 0 0 0 0 0 2 0 0 0 0 0 0
817 3 0 0 0 0 0 2 0 0 0 0 0 0
819 3 1 1 0 0 0 2 0 0 0 0 0 0
820 2 0 0 1 0 0 1 0 0 0 0 0 0
822 3 0 0 0 0 0 2 0 0 0 0 0 0
824 3 0 0 0 0 0 2 0 0 0 0 0 0
825 1 0 0 0 0 0 1 0 0 0 0 0 0
827 3 0 0 0 0 0 2 0 0 0 0 0 0
829 3 1 1 0 0 0 2 0 0 0 0 0 0
830 2 0 0 1 0 0 1 0 0 0 0 0 0
832 3 0 0 0 0 0 2 0 0 0 0 0 0
834 3 0 0 0 0 0 1 0 0 0 0 0 0
836 3 1 1 0 0 0 2 0 0 0 0 0 0
838 5 0 0 1 0 0 1 0 0 0 0 0 0
894 2 1 1 1 0 0 1 1 1 0 0 0 0
895 2 0 0 1 0 0 1 0 0 0 0 0 0
896 2 0 0 1 0 0 1 0 0 0 0 0 0
897 2 1 1 1 0 0 1 0 0 0 0 0 0
898 2 0 0 1 0 0 1 0 0 0 0 0 0
899 2 0 0 1 0 0 1 0 0 0 0 0 0
900 1 0 0 0 0 0 1 1 1 0 0 0 0
901 1 0 0 0 0 0 1 0 0 0 0 0 0
902 1 0 0 0 0 0 1 0 0 0 0 0 0
903 1 1 1 0 0 0 1 0 0 0 0 0 0
904 1 0 0 0 0 0 1 0 0 0 0 0 0
905 1 0 0 0 0 0 1 0 0 0 0 0 0
907 1 0 0 1 0 0 0 0 0 0 0 0 0
910 3 0 0 0 0 0 0 0 0 0 0 0 0
924 3 0 0 1 0 0 0 0 0 0 0 0 0
925 7 1 1 5 0 0 2 0 0 0 0 0 0
930 2 0 0 0 0 0 0 0 0 0 0 0 0
931 6 0 0 2 0 0 0 0 0 0 0 0 0
932 2 0 0 0 0 0 0 0 0 0 0 0 0
939 3 0 0 1 0 0 0 0 0 1 0 0 0
959 6 1 1 0 0 0 0 0 0 0 0 0 0
968 2 0 0 0 0 0 0 0 0 0 0 0 0
969 2 0 0 0 0 0 0 0 0 1 1 0 0
974 12 2 2 0 0 0 0 0 0 0 0 0 0
987 5 0 0 2 0 0 1 0 0 0 0 0 0
995 7 1 1 1 0 0 1 0 0 0 0 0 0
997 2 0 0 0 0 0 0 0 0 1 1 0 0
1000 5 0 0 1 0 0 1 0 0 0 0 0 0
1002 2 0 0 0 0 0 0 0 0 1 1 0 0
1005 5 1 1 1 0 0 1 0 0 0 0 0 0
1006 5 0 0 0 0 0 1 0 0 1 0 0 0
1010 6 0 0 1 0 0 2 0 0 0 0 0 0
1011 3 0 0 1 0 0 0 0 0 1 1 0 0
1017 7 0 0 1 0 0 3 0 0 0 0 0 0
1020 11 2 2 2 0 0 5 0 0 0 0 0 0
1021 10 1 1 2 0 0 5 0 0 0 0 0 0
1022 13 2 2 2 0 0 6 0 0 0 0 0 0
1025 10 0 0 1 0 0 5 0 0 0 0 0 0
1027 10 1 1 1 0 0 5 0 0 0 0 0 0
1040 4 0 0 3 0 0 0 0 0 0 0 0 0
1042 2 0 0 1 0 0 1 0 0 0 0 0 0
1043 2 1 1 1 0 0 1 0 0 0 0 0 0
1044 1 0 0 0 0 0 1 0 0 0 0 0 0
1045 1 0 0 0 0 0 1 0 0 0 0 0 0
1046 1 1 1 0 0 0 1 0 0 0 0 0 0
1047 1 0 0 0 0 0 1 0 0 0 0 0 0
fn=intel_check_word.constprop.0
110 648 1 1 324 6 6 0 0 0 324 6 0 0
113 324 0 0 0 0 0 0 0 0 324 41 0 0
119 216 0 0 0 0 0 96 0 0 0 0 0 0
123 48 1 1 0 0 0 0 0 0 24 0 0 0
125 12 0 0 0 0 0 0 0 0 0 0 0 0
129 120 1 1 0 0 0 0 0 0 0 0 0 0
131 144 0 0 0 0 0 0 0 0 72 2 0 0
133 60 0 0 0 0 0 0 0 0 0 0 0 0
135 120 0 0 0 0 0 0 0 0 60 0 0 0
143 120 1 1 0 0 0 0 0 0 60 2 0 0
152 12 0 0 0 0 0 0 0 0 0 0 0 0
155 138 1 1 0 0 0 0 0 0 12 5 0 0
158 99 0 0 0 0 0 0 0 0 33 1 0 0
162 58 0 0 0 0 0 0 0 0 0 0 0 0
164 189 1 1 0 0 0 0 0 0 35 6 0 0
167 120 0 0 0 0 0 0 0 0 20 3 0 0
168 72 0 0 0 0 0 0 0 0 18 4 0 0
169 60 0 0 0 0 0 0 0 0 15 3 0 0
170 48 0 0 0 0 0 0 0 0 12 4 0 0
172 11 1 1 0 0 0 0 0 0 0 0 0 0
174 22 0 0 0 0 0 0 0 0 11 4 0 0
176 12 1 1 0 0 0 0 0 0 0 0 0 0
177 16 0 0 0 0 0 0 0 0 0 0 0 0
178 12 0 0 0 0 0 0 0 0 0 0 0 0
179 20 0 0 0 0 0 0 0 0 0 0 0 0
180 14 1 1 0 0 0 0 0 0 7 3 0 0
181 12 0 0 0 0 0 0 0 0 0 0 0 0
183 8 0 0 0 0 0 0 0 0 4 0 0 0
184 12 0 0 0 0 0 0 0 0 0 0 0 0
187 21 0 0 0 0 0 0 0 0 0 0 0 0
190 2 0 0 0 0 0 0 0 0 0 0 0 0
194 192 0 0 0 0 0 0 0 0 48 6 0 0
202 168 1 1 48 0 0 0 0 0 0 0 0 0
216 48 0 0 0 0 0 0 0 0 0 0 0 0
246 144 0 0 120 0 0 0 0 0 0 0 0 0
fl=./elf/../sysdeps/x86/dl-get-cpu-features.c
fn=__x86_cpu_features
39 3 0 0 1 1 0 0 0 0 1 0 0 0
71 3 1 1 1 0 0 0 0 0 0 0 0 0
fn=_dl_x86_init_cpu_features
37 1 1 1 0 0 0 0 0 0 0 0 0 0
39 3 0 0 1 0 0 0 0 0 1 1 0 0
41 1 0 0 0 0 0 0 0 0 0 0 0 0
fl=./elf/../sysdeps/x86/dl-isa-level.h
fn=_dl_load_cache_lookup
28 24 0 0 8 0 0 8 0 0 0 0 0 0
fl=./elf/../sysdeps/x86/dl-procinfo.h
fn=_dl_load_cache_lookup
39 8 1 1 0 0 0 0 0 0 4 0 0 0
42 28 0 0 0 0 0 8 0 0 4 3 0 0
fl=./elf/../sysdeps/x86/dl-prop.h
fn=_dl_map_object_from_fd
149 20 0 0 10 0 0 0 0 0 10 9 0 0
fn=_dl_process_pt_gnu_property
95 36 1 1 0 0 0 0 0 0 9 0 0 0
102 18 0 0 0 0 0 0 0 0 9 0 0 0
115 18 0 0 0 0 0 0 0 0 9 4 0 0
118 9 0 0 9 2 2 0 0 0 0 0 0 0
252 6 1 1 0 0 0 0 0 0 3 0 0 0
253 3 0 0 0 0 0 3 0 0 0 0 0 0
254 12 0 0 0 0 0 0 0 0 6 0 0 0
255 6 0 0 0 0 0 6 0 0 0 0 0 0
257 36 0 0 9 0 0 9 0 0 0 0 0 0
258 3 0 0 3 0 0 0 0 0 0 0 0 0
260 9 0 0 3 0 0 0 0 0 0 0 0 0
fn=dl_main
36 2 0 0 2 0 0 0 0 0 0 0 0 0
37 24 1 1 0 0 0 0 0 0 8 5 0 0
40 10 0 0 10 0 0 0 0 0 0 0 0 0
49 40 1 1 13 0 0 0 0 0 14 1 0 0
53 33 0 0 7 1 0 0 0 0 6 0 0 0
71 2 0 0 1 0 0 1 0 0 0 0 0 0
149 4 0 0 2 0 0 0 0 0 2 2 0 0
235 4 1 1 4 0 0 0 0 0 0 0 0 0
236 2 0 0 2 0 0 0 0 0 0 0 0 0
fl=./elf/../sysdeps/x86/get-isa-level.h
fn=_dl_hwcaps_subdirs_active
30 4 0 0 0 0 0 0 0 0 1 1 0 0
31 1 0 0 1 0 0 0 0 0 0 0 0 0
32 3 0 0 1 0 0 0 0 0 1 0 0 0
36 3 0 0 0 0 0 0 0 0 1 0 0 0
39 4 1 1 1 0 0 0 0 0 1 0 0 0
40 4 0 0 1 0 0 0 0 0 1 0 0 0
45 4 0 0 0 0 0 0 0 0 1 0 0 0
48 2 0 0 0 0 0 0 0 0 1 0 0 0
51 5 0 0 1 0 0 0 0 0 1 0 0 0
53 4 1 1 0 0 0 0 0 0 1 0 0 0
54 2 0 0 0 0 0 0 0 0 1 0 0 0
55 2 0 0 0 0 0 0 0 0 1 0 0 0
58 4 0 0 0 0 0 0 0 0 1 1 0 0
fn=update_active.constprop.0
28 1 0 0 0 0 0 0 0 0 0 0 0 0
30 4 0 0 0 0 0 0 0 0 0 0 0 0
31 1 0 0 1 0 0 0 0 0 0 0 0 0
32 3 0 0 0 0 0 0 0 0 1 0 0 0
36 3 0 0 0 0 0 0 0 0 1 1 0 0
38 1 0 0 0 0 0 0 0 0 0 0 0 0
39 2 1 1 0 0 0 0 0 0 1 0 0 0
40 4 1 1 1 0 0 0 0 0 1 0 0 0
45 4 0 0 0 0 0 0 0 0 0 0 0 0
47 1 0 0 0 0 0 0 0 0 0 0 0 0
48 2 0 0 0 0 0 0 0 0 1 0 0 0
51 5 1 1 1 0 0 0 0 0 1 0 0 0
53 4 0 0 0 0 0 0 0 0 1 0 0 0
54 2 0 0 0 0 0 0 0 0 0 0 0 0
55 2 0 0 0 0 0 0 0 0 1 0 0 0
57 1 0 0 0 0 0 0 0 0 0 0 0 0
58 4 0 0 0 0 0 0 0 0 1 1 0 0
fl=./elf/../sysdeps/x86_64/dl-cet.c
fn=_dl_cet_check
145 2 0 0 1 1 0 0 0 0 1 0 0 0
157 2 0 0 1 0 0 0 0 0 1 1 0 0
173 1 1 1 0 0 0 0 0 0 0 0 0 0
179 1 0 0 0 0 0 1 0 0 0 0 0 0
275 2 0 0 0 0 0 0 0 0 1 0 0 0
276 1 0 0 0 0 0 1 0 0 0 0 0 0
277 2 0 0 1 0 0 0 0 0 0 0 0 0
282 4 0 0 1 0 0 1 0 0 0 0 0 0
283 3 0 0 0 0 0 1 0 0 0 0 0 0
285 2 0 0 1 0 0 1 0 0 0 0 0 0
293 5 1 1 1 0 0 0 0 0 1 0 0 0
296 1 0 0 0 0 0 1 0 0 0 0 0 0
300 2 0 0 0 0 0 0 0 0 1 0 0 0
301 1 0 0 0 0 0 1 0 0 0 0 0 0
302 2 0 0 0 0 0 0 0 0 0 0 0 0
303 2 1 1 0 0 0 0 0 0 1 0 0 0
304 2 0 0 0 0 0 1 0 0 0 0 0 0
305 2 0 0 0 0 0 0 0 0 0 0 0 0
308 1 0 0 0 0 0 1 0 0 0 0 0 0
310 1 0 0 0 0 0 1 0 0 0 0 0 0
313 2 0 0 0 0 0 0 0 0 1 0 0 0
361 8 1 1 0 0 0 4 0 0 0 0 0 0
363 6 0 0 5 0 0 0 0 0 0 0 0 0
fn=_dl_cet_setup_features
331 1 1 1 0 0 0 0 0 0 0 0 0 0
334 2 0 0 0 0 0 0 0 0 1 0 0 0
350 1 0 0 1 0 0 0 0 0 0 0 0 0
fl=./elf/../sysdeps/x86_64/dl-hwcaps-subdirs.c
fn=_dl_hwcaps_subdirs_active
29 1 1 1 0 0 0 0 0 0 0 0 0 0
38 3 0 0 0 0 0 0 0 0 0 0 0 0
43 1 0 0 0 0 0 0 0 0 0 0 0 0
48 1 0 0 0 0 0 0 0 0 0 0 0 0
52 1 0 0 1 0 0 0 0 0 0 0 0 0
fl=./elf/../sysdeps/x86_64/dl-irel.h
fn=_dl_fixup
32 4 2 1 0 0 0 4 0 0 0 0 4 4
fl=./elf/../sysdeps/x86_64/dl-machine.h
fn=_dl_fixup
234 110 0 0 0 0 0 110 0 0 0 0 0 0
fn=_dl_relocate_object
81 30 0 0 4 0 0 0 0 0 4 2 0 0
87 8 1 1 6 2 0 0 0 0 2 2 0 0
91 6 0 0 2 2 2 0 0 0 2 0 0 0
97 2 0 0 0 0 0 2 0 0 0 0 0 0
108 6 0 0 2 0 0 0 0 0 2 0 0 0
129 4 0 0 2 0 0 0 0 0 2 0 0 0
132 4 0 0 0 0 0 2 0 0 0 0 0 0
134 8 0 0 2 1 0 0 0 0 0 0 0 0
267 6956 2 2 0 0 0 0 0 0 0 0 0 0
274 6956 0 0 0 0 0 0 0 0 3478 0 0 0
278 6956 0 0 0 0 0 0 0 0 3478 4 0 0
287 28203 3 3 10590 3 1 0 0 0 6991 30 0 0
290 6975 1 1 3445 0 0 0 0 0 0 0 0 0
291 136 0 0 0 0 0 0 0 0 68 14 0 0
292 13848 0 0 0 0 0 0 0 0 3462 4 0 0
295 4 1 1 0 0 0 0 0 0 2 0 0 0
296 6 0 0 2 0 0 0 0 0 2 2 0 0
307 4 1 1 0 0 0 4 0 0 0 0 0 0
314 10 1 1 4 0 0 2 0 0 0 0 2 2
317 20868 1 1 3478 9 3 0 0 0 3478 0 3478 597
320 72 0 0 0 0 0 72 0 0 0 0 0 0
323 72 0 0 0 0 0 0 0 0 0 0 0 0
346 8 1 1 0 0 0 0 0 0 4 0 0 0
347 12 0 0 8 3 0 4 3 2 0 0 0 0
352 6 0 0 2 0 0 0 0 0 2 2 0 0
354 4 0 0 4 0 0 0 0 0 0 0 0 0
363 4 0 0 2 0 0 2 1 0 0 0 0 0
393 35 1 1 0 0 0 21 0 0 0 0 0 0
400 51 1 1 17 0 0 0 0 0 17 0 0 0
402 68 0 0 17 0 0 0 0 0 17 0 0 0
406 51 1 1 34 3 3 0 0 0 0 0 0 0
415 34 0 0 17 0 0 17 5 5 0 0 0 0
423 9684 1 1 6231 353 353 3453 1172 445 0 0 0 0
436 7 0 0 0 0 0 4 0 0 1 0 0 0
460 6 1 1 2 0 0 0 0 0 2 0 0 0
464 8 0 0 2 0 0 4 0 0 0 0 0 0
465 8 1 1 4 1 0 0 0 0 0 0 0 0
466 10 0 0 6 0 0 0 0 0 2 0 0 0
467 4 1 1 0 0 0 0 0 0 2 2 0 0
476 136 1 1 136 0 0 0 0 0 0 0 0 0
478 68 0 0 0 0 0 68 0 0 0 0 68 68
479 68 0 0 0 0 0 68 3 1 0 0 0 0
498 3063 0 0 1021 127 127 0 0 0 0 0 0 0
499 1021 0 0 0 0 0 1021 278 273 0 0 0 0
503 2042 0 0 0 0 0 0 0 0 1021 0 0 0
504 2042 0 0 1021 128 128 0 0 0 0 0 0 0
514 2224 0 0 1112 0 0 0 0 0 0 0 0 0
518 2224 0 0 0 0 0 0 0 0 1112 0 0 0
521 3336 0 0 1112 0 0 0 0 0 1112 0 0 0
522 1112 0 0 1112 139 139 0 0 0 0 0 0 0
730 14 0 0 0 0 0 0 0 0 7 3 0 0
734 8 1 1 4 3 0 0 0 0 4 0 0 0
fn=_dl_start
55 1 0 0 0 0 0 0 0 0 0 0 0 0
278 9 0 0 0 0 0 0 0 0 3 0 0 0
287 27 0 0 9 3 3 1 1 1 3 0 0 0
290 6 0 0 3 0 0 0 0 0 0 0 0 0
291 12 0 0 0 0 0 0 0 0 3 0 0 0
317 8 0 0 0 0 0 0 0 0 4 3 0 0
323 2 0 0 0 0 0 2 1 1 0 0 0 0
fn=_dl_sysdep_start
220 1 0 0 0 0 0 1 0 0 0 0 0 0
fl=./elf/../sysdeps/x86_64/dl-runtime.h
fn=_dl_fixup
28 110 0 0 0 0 0 0 0 0 0 0 0 0
fl=./elf/../sysdeps/x86_64/dl-trampoline.h
fn=_dl_runtime_resolve_xsave
71 110 3 1 0 0 0 0 0 0 0 0 0 0
76 110 0 0 0 0 0 110 0 0 0 0 0 0
79 110 0 0 0 0 0 0 0 0 0 0 0 0
81 110 0 0 0 0 0 0 0 0 0 0 0 0
91 110 0 0 110 5 0 0 0 0 0 0 0 0
97 110 0 0 0 0 0 110 2 0 0 0 0 0
98 110 0 0 0 0 0 110 0 0 0 0 0 0
99 110 1 1 0 0 0 110 0 0 0 0 0 0
100 110 0 0 0 0 0 110 0 0 0 0 0 0
101 110 0 0 0 0 0 110 0 0 0 0 0 0
102 110 0 0 0 0 0 110 0 0 0 0 0 0
103 110 0 0 0 0 0 110 0 0 0 0 0 0
107 110 0 0 0 0 0 0 0 0 0 0 0 0
108 110 0 0 0 0 0 0 0 0 0 0 0 0
111 110 0 0 0 0 0 110 4 0 0 0 0 0
112 110 0 0 0 0 0 110 0 0 0 0 0 0
114 110 0 0 0 0 0 110 0 0 0 0 0 0
115 110 0 0 0 0 0 110 0 0 0 0 0 0
116 110 1 1 0 0 0 110 0 0 0 0 0 0
117 110 0 0 0 0 0 110 0 0 0 0 0 0
118 110 0 0 0 0 0 110 0 0 0 0 0 0
119 110 0 0 0 0 0 110 0 0 0 0 0 0
121 110 0 0 110 0 0 3630 17 0 0 0 0 0
128 110 0 0 110 0 0 0 0 0 0 0 0 0
129 110 0 0 110 0 0 0 0 0 0 0 0 0
130 110 0 0 0 0 0 110 3 0 0 0 0 0
131 110 0 0 0 0 0 0 0 0 0 0 0 0
136 110 0 0 0 0 0 0 0 0 0 0 0 0
137 110 0 0 0 0 0 0 0 0 0 0 0 0
138 110 0 0 3960 0 0 0 0 0 0 0 0 0
140 110 2 1 110 0 0 0 0 0 0 0 0 0
141 110 0 0 110 0 0 0 0 0 0 0 0 0
142 110 0 0 110 0 0 0 0 0 0 0 0 0
143 110 0 0 110 0 0 0 0 0 0 0 0 0
144 110 0 0 110 0 0 0 0 0 0 0 0 0
145 110 0 0 110 0 0 0 0 0 0 0 0 0
146 110 0 0 110 0 0 0 0 0 0 0 0 0
148 110 0 0 0 0 0 0 0 0 0 0 0 0
150 110 0 0 110 0 0 0 0 0 0 0 0 0
154 110 0 0 0 0 0 0 0 0 0 0 0 0
156 110 0 0 0 0 0 0 0 0 0 0 110 110
fl=./elf/../sysdeps/x86_64/tls_get_addr.S
fn=__tls_get_addr
29 2 1 1 0 0 0 0 0 0 0 0 0 0
30 2 0 0 2 0 0 0 0 0 0 0 0 0
31 2 0 0 2 1 0 0 0 0 0 0 0 0
33 2 0 0 2 1 0 0 0 0 0 0 0 0
34 2 0 0 0 0 0 0 0 0 2 0 0 0
35 2 0 0 2 1 0 0 0 0 0 0 0 0
38 2 0 0 0 0 0 0 0 0 0 0 0 0
39 2 1 1 2 0 0 0 0 0 0 0 0 0
43 2 0 0 0 0 0 0 0 0 0 0 0 0
44 2 0 0 0 0 0 0 0 0 2 0 0 0
45 2 0 0 2 0 0 0 0 0 0 0 0 0
46 2 0 0 2 0 0 0 0 0 0 0 0 0
fl=./elf/./dl-find_object.h
fn=_dl_find_object_from_map
95 14 1 1 7 4 0 7 2 1 0 0 0 0
96 14 1 1 7 0 0 7 0 0 0 0 0 0
97 7 0 0 0 0 0 7 3 3 0 0 0 0
103 35 0 0 14 6 0 0 0 0 0 0 0 0
104 203 0 0 0 0 0 0 0 0 70 4 0 0
105 140 1 1 70 59 8 0 0 0 70 21 0 0
107 21 0 0 14 3 0 7 0 0 0 0 0 0
112 7 0 0 7 0 0 0 0 0 0 0 0 0
fl=./elf/./dl-hwcaps.h
fn=_dl_important_hwcaps
43 9 1 1 0 0 0 6 0 0 0 0 0 0
45 7 0 0 0 0 0 6 0 0 0 0 0 0
46 1 0 0 0 0 0 0 0 0 0 0 0 0
77 8 0 0 3 0 0 5 0 0 0 0 0 0
78 8 1 1 3 0 0 5 0 0 0 0 0 0
79 7 2 2 0 0 0 2 0 0 0 0 0 0
fl=./elf/./dl-load.h
fn=_dl_map_object_from_fd
91 40 0 0 20 0 0 0 0 0 20 3 0 0
92 16 1 1 8 0 0 0 0 0 4 0 0 0
93 20 1 1 4 0 0 0 0 0 4 0 0 0
94 16 0 0 4 0 0 0 0 0 0 0 0 0
96 16 0 0 0 0 0 4 0 0 0 0 0 0
fl=./elf/./dl-main.h
fn=dl_main
109 5 1 1 4 0 0 1 0 0 0 0 0 0
fl=./elf/./dl-map-segments.h
fn=_dl_map_object_from_fd
28 15 0 0 5 0 0 0 0 0 5 0 0 0
29 45 1 1 15 0 0 10 1 1 0 0 0 0
81 5 0 0 5 0 0 0 0 0 0 0 0 0
101 5 0 0 0 0 0 5 0 0 0 0 0 0
102 15 0 0 5 0 0 0 0 0 5 0 0 0
105 15 0 0 5 0 0 5 0 0 0 0 0 0
106 10 0 0 0 0 0 5 0 0 0 0 0 0
108 10 1 1 5 0 0 0 0 0 5 2 0 0
125 5 1 1 5 0 0 0 0 0 0 0 0 0
135 120 1 1 20 0 0 0 0 0 20 4 0 0
137 60 0 0 30 0 0 0 0 0 15 0 0 0
139 150 0 0 60 0 0 15 0 0 15 2 0 0
149 80 0 0 40 0 0 0 0 0 20 11 0 0
155 10 1 1 5 0 0 0 0 0 0 0 0 0
156 5 0 0 0 0 0 0 0 0 0 0 0 0
157 15 0 0 5 0 0 0 0 0 0 0 0 0
158 10 0 0 0 0 0 0 0 0 0 0 0 0
160 10 0 0 0 0 0 0 0 0 0 0 0 0
165 10 0 0 0 0 0 0 0 0 5 0 0 0
168 15 0 0 5 0 0 0 0 0 5 0 0 0
176 35 0 0 5 0 0 10 0 0 0 0 0 0
182 10 0 0 0 0 0 0 0 0 5 2 0 0
186 16 2 2 2 0 0 2 0 0 0 0 0 0
189 4 0 0 0 0 0 0 0 0 2 2 0 0
194 20 1 1 0 0 0 0 0 0 0 0 0 0
fl=./elf/./dl-sym-post.h
fn=lookup_malloc_symbol
41 8 0 0 0 0 0 0 0 0 4 0 0 0
53 12 0 0 4 0 0 0 0 0 4 0 0 0
fl=./elf/./dl-tunable-types.h
fn=__GI___tunable_set_val
84 5 0 0 0 0 0 0 0 0 0 0 0 0
fl=./elf/./elf/dl-audit.c
fn=_dl_audit_activity_map
29 7 1 1 0 0 0 5 0 0 0 0 0 0
30 1 0 0 1 0 0 0 0 0 0 0 0 0
31 3 0 0 1 0 0 0 0 0 1 1 0 0
37 6 1 1 6 0 0 0 0 0 0 0 0 0
fn=_dl_audit_activity_nsid
41 3 2 1 0 0 0 0 0 0 0 0 0 0
45 12 0 0 3 1 0 0 0 0 0 0 0 0
46 3 0 0 3 1 0 0 0 0 0 0 0 0
47 15 2 1 3 0 0 0 0 0 6 0 0 0
fn=_dl_audit_objclose
97 7 1 1 0 0 0 0 0 0 0 0 0 0
98 28 0 0 14 0 0 0 0 0 7 3 0 0
fn=_dl_audit_objopen
77 5 1 1 0 0 0 0 0 0 0 0 0 0
78 20 0 0 10 0 0 0 0 0 5 0 0 0
fn=_dl_audit_preinit
118 1 1 1 0 0 0 0 0 0 0 0 0 0
119 4 0 0 2 1 0 0 0 0 1 0 0 0
fl=./elf/./elf/dl-cache.c
fn=_dl_cache_libcmp
357 88 1 1 0 0 0 0 0 0 0 0 0 0
358 530 1 1 44 0 0 0 0 0 243 10 0 0
360 714 0 0 0 0 0 0 0 0 238 5 0 0
362 248 1 1 0 0 0 0 0 0 5 0 0 0
368 20 0 0 0 0 0 0 0 0 0 0 0 0
369 15 0 0 0 0 0 0 0 0 0 0 0 0
370 214 0 0 199 0 0 0 0 0 5 2 0 0
372 214 0 0 199 3 3 0 0 0 5 2 0 0
374 10 0 0 0 0 0 0 0 0 5 2 0 0
380 466 0 0 0 0 0 0 0 0 233 0 0 0
382 466 0 0 0 0 0 0 0 0 233 39 0 0
383 117 1 1 39 0 0 0 0 0 0 0 0 0
386 194 0 0 0 0 0 0 0 0 0 0 0 0
387 194 0 0 0 0 0 0 0 0 0 0 0 0
390 59 0 0 49 34 34 0 0 0 0 0 0 0
fn=_dl_load_cache_lookup
191 78 0 0 0 0 0 0 0 0 0 0 0 0
205 4 0 0 4 0 0 0 0 0 0 0 0 0
208 32 2 2 4 0 0 12 0 0 0 0 0 0
210 40 0 0 12 0 0 12 0 0 0 0 0 0
211 8 1 1 0 0 0 0 0 0 0 0 0 0
213 20 0 0 0 0 0 4 0 0 0 0 0 0
220 90 0 0 4 0 0 0 0 0 39 2 0 0
222 235 1 1 8 0 0 12 0 0 0 0 0 0
223 78 0 0 39 31 31 0 0 0 0 0 0 0
227 117 1 1 39 0 0 0 0 0 39 0 0 0
231 117 0 0 39 0 0 39 0 0 0 0 0 0
232 78 0 0 0 0 0 0 0 0 39 2 0 0
240 18 0 0 0 0 0 0 0 0 9 3 0 0
242 10 0 0 5 0 0 0 0 0 0 0 0 0
245 10 0 0 0 0 0 0 0 0 5 0 0 0
247 30 0 0 0 0 0 5 0 0 0 0 0 0
249 5 0 0 0 0 0 0 0 0 0 0 0 0
259 8 0 0 4 0 0 0 0 0 4 2 0 0
269 12 1 1 8 0 0 0 0 0 4 0 0 0
270 16 0 0 4 0 0 0 0 0 4 0 0 0
286 28 1 1 0 0 0 0 0 0 4 0 0 0
295 8 0 0 4 0 0 0 0 0 4 0 0 0
298 8 0 0 4 0 0 0 0 0 4 0 0 0
301 4 0 0 0 0 0 0 0 0 0 0 0 0
302 12 1 1 4 0 0 0 0 0 4 2 0 0
330 8 0 0 0 0 0 4 0 0 0 0 0 0
346 35 0 0 0 0 0 0 0 0 35 20 0 0
347 17 1 1 0 0 0 0 0 0 0 0 0 0
349 18 0 0 0 0 0 0 0 0 0 0 0 0
403 40 1 1 0 0 0 28 1 1 0 0 0 0
405 8 0 0 4 0 0 0 0 0 4 0 0 0
408 12 1 1 4 0 0 0 0 0 4 2 0 0
411 5 1 1 0 0 0 1 0 0 0 0 0 0
419 5 1 1 1 0 0 0 0 0 2 0 0 0
420 8 1 1 3 1 1 0 0 0 2 1 0 0
423 6 1 1 0 0 0 0 0 0 1 0 0 0
424 1 0 0 1 0 0 0 0 0 0 0 0 0
431 1 1 1 0 0 0 1 0 0 0 0 0 0
432 2 0 0 0 0 0 1 0 0 0 0 0 0
477 9 0 0 3 0 0 0 0 0 3 0 0 0
482 12 0 0 4 0 0 0 0 0 4 0 0 0
485 12 0 0 4 0 0 4 0 0 0 0 0 0
500 8 0 0 4 0 0 0 0 0 4 0 0 0
512 12 0 0 4 0 0 4 0 0 0 0 0 0
513 60 1 1 4 0 0 0 0 0 8 2 0 0
514 16 1 1 4 0 0 4 0 0 0 0 0 0
515 4 0 0 0 0 0 4 0 0 0 0 0 0
516 32 0 0 28 0 0 0 0 0 0 0 0 0
fn=_dl_unload_cache
525 3 1 1 0 0 0 1 0 0 0 0 0 0
526 4 0 0 1 1 0 0 0 0 1 1 0 0
528 2 0 0 1 0 0 1 0 0 0 0 0 0
529 1 0 0 0 0 0 1 0 0 0 0 0 0
533 1 0 0 0 0 0 1 0 0 0 0 0 0
535 2 1 1 2 0 0 0 0 0 0 0 0 0
fl=./elf/./elf/dl-call-libc-early-init.c
fn=_dl_call_libc_early_init
27 7 1 1 0 0 0 3 0 0 0 0 0 0
29 2 0 0 0 0 0 0 0 0 1 0 0 0
33 5 0 0 0 0 0 1 0 0 0 0 0 0
37 2 0 0 0 0 0 0 0 0 1 0 0 0
39 4 1 1 3 0 0 0 0 0 1 0 0 0
40 2 0 0 0 0 0 0 0 0 0 0 1 1
41 3 0 0 3 0 0 0 0 0 0 0 0 0
fl=./elf/./elf/dl-call_fini.c
fn=_dl_call_fini
24 56 1 1 0 0 0 28 0 0 0 0 0 0
28 14 0 0 7 1 0 0 0 0 7 0 0 0
32 7 1 1 7 0 0 0 0 0 0 0 0 0
34 7 0 0 7 7 0 0 0 0 0 0 0 0
35 14 0 0 0 0 0 0 0 0 7 2 0 0
38 10 0 0 10 5 0 0 0 0 0 0 0 0
39 15 0 0 10 3 0 0 0 0 0 0 0 0
42 44 0 0 0 0 0 0 0 0 11 1 0 0
43 6 0 0 6 5 0 6 0 0 0 0 6 6
47 7 1 1 7 5 0 0 0 0 0 0 0 0
48 14 0 0 0 0 0 0 0 0 7 2 0 0
49 15 0 0 10 3 0 0 0 0 0 0 5 5
50 37 0 0 30 0 0 0 0 0 0 0 0 0
fl=./elf/./elf/dl-catch.c
fn=_dl_catch_error
254 12 1 1 0 0 0 4 0 0 0 0 0 0
256 2 0 0 0 0 0 1 0 0 0 0 0 0
257 2 0 0 1 0 0 1 0 0 0 0 0 0
258 2 0 0 1 0 0 1 0 0 0 0 0 0
259 2 0 0 1 0 0 1 0 0 0 0 0 0
261 6 1 1 5 0 0 0 0 0 0 0 0 0
fn=_dl_catch_exception
58 39 0 0 13 1 1 0 0 0 13 6 0 0
59 26 1 1 13 0 0 13 0 0 0 0 0 0
69 26 0 0 13 0 0 0 0 0 13 0 0 0
70 65 0 0 13 0 0 26 0 0 0 0 0 0
204 104 1 1 0 0 0 65 2 2 0 0 0 0
207 26 0 0 0 0 0 0 0 0 13 0 0 0
214 13 0 0 0 0 0 0 0 0 0 0 0 0
228 13 1 1 0 0 0 13 2 2 0 0 0 0
229 26 0 0 0 0 0 13 0 0 0 0 0 0
235 78 1 1 0 0 0 13 0 0 13 0 0 0
237 39 0 0 26 0 0 13 0 0 0 0 13 2
239 52 0 0 13 0 0 26 0 0 0 0 0 0
248 39 0 0 39 0 0 0 0 0 0 0 0 0
fn=_dl_receive_error
58 2 1 1 1 0 0 0 0 0 1 0 0 0
59 1 0 0 1 0 0 0 0 0 0 0 0 0
69 2 0 0 1 0 0 0 0 0 1 0 0 0
70 2 0 0 0 0 0 2 0 0 0 0 0 0
186 7 1 1 0 0 0 3 0 0 0 0 0 0
188 1 0 0 1 0 0 0 0 0 0 0 0 0
192 1 0 0 0 0 0 1 0 0 0 0 0 0
194 1 0 0 0 0 0 1 0 0 0 0 1 1
197 1 0 0 0 0 0 1 0 0 0 0 0 0
198 4 0 0 4 0 0 0 0 0 0 0 0 0
fl=./elf/./elf/dl-debug.c
fn=_dl_debug_initialize
56 3 1 1 0 0 0 0 0 0 0 0 0 0
57 1 1 1 0 0 0 0 0 0 0 0 0 0
59 2 0 0 0 0 0 0 0 0 1 0 0 0
61 2 0 0 0 0 0 0 0 0 0 0 0 0
63 3 0 0 1 1 1 0 0 0 1 0 0 0
64 1 0 0 0 0 0 1 0 0 0 0 0 0
85 3 0 0 1 0 0 0 0 0 1 1 0 0
90 3 1 1 1 1 1 1 0 0 0 0 0 0
91 2 0 0 0 0 0 1 0 0 0 0 0 0
92 1 0 0 0 0 0 1 0 0 0 0 0 0
95 3 0 0 2 0 0 0 0 0 1 1 0 0
96 6 1 1 1 0 0 1 0 0 0 0 0 0
99 2 0 0 0 0 0 0 0 0 1 1 0 0
107 2 0 0 1 0 0 0 0 0 0 0 0 0
fn=_dl_debug_state
116 2 1 1 0 0 0 0 0 0 0 0 0 0
117 2 0 0 2 0 0 0 0 0 0 0 0 0
fn=_dl_debug_update
38 6 0 0 0 0 0 0 0 0 0 0 0 0
40 12 0 0 0 0 0 0 0 0 6 6 0 0
41 6 0 0 0 0 0 0 0 0 0 0 0 0
44 12 1 1 6 1 0 0 0 0 6 0 0 0
48 6 0 0 6 0 0 0 0 0 0 0 0 0
fl=./elf/./elf/dl-deps.c
fn=_dl_map_object_deps
128 3 0 0 0 0 0 2 1 1 0 0 0 0
129 5 1 1 0 0 0 2 0 0 0 0 0 0
130 6 0 0 0 0 0 1 0 0 0 0 0 0
132 3 0 0 0 0 0 1 0 0 0 0 0 0
136 8 1 1 2 0 0 2 0 0 0 0 0 0
143 13 1 1 0 0 0 8 1 1 0 0 0 0
144 20 2 2 1 1 1 0 0 0 2 2 0 0
160 9 1 1 0 0 0 0 0 0 2 0 0 0
161 1 0 0 1 0 0 0 0 0 0 0 0 0
164 1 1 1 0 0 0 1 0 0 0 0 0 0
182 1 0 0 1 0 0 0 0 0 0 0 0 0
183 6 0 0 4 0 0 0 0 0 0 0 0 0
184 1 0 0 0 0 0 1 0 0 0 0 0 0
188 15 0 0 7 0 0 1 0 0 0 0 0 0
190 27 1 1 0 0 0 15 0 0 0 0 0 0
193 7 0 0 0 0 0 7 0 0 0 0 0 0
197 21 1 1 7 3 0 0 0 0 7 6 0 0
198 46 1 1 20 0 0 0 0 0 20 2 0 0
201 20 0 0 5 0 0 0 0 0 5 0 0 0
205 10 0 0 5 0 0 0 0 0 0 0 0 0
208 22 0 0 11 3 1 0 0 0 11 4 0 0
210 20 1 1 15 0 0 0 0 0 5 3 0 0
215 5 1 1 0 0 0 5 1 1 0 0 0 0
216 5 0 0 0 0 0 5 0 0 0 0 0 0
217 10 0 0 5 0 0 5 0 0 0 0 0 0
218 10 0 0 5 0 0 5 0 0 0 0 0 0
219 5 0 0 0 0 0 5 0 0 0 0 0 0
221 631 0 0 169 9 0 0 0 0 154 19 0 0
222 298 0 0 0 0 0 0 0 0 149 11 0 0
228 113 1 1 24 0 0 16 1 1 12 11 0 0
230 12 0 0 0 0 0 12 0 0 0 0 0 0
232 48 1 1 0 0 0 12 0 0 0 0 0 0
233 24 0 0 12 0 0 0 0 0 12 0 0 0
242 12 0 0 12 0 0 0 0 0 0 0 0 0
244 24 1 1 12 0 0 0 0 0 12 5 0 0
249 35 1 1 5 0 0 0 0 0 5 5 0 0
252 5 0 0 0 0 0 5 0 0 0 0 0 0
253 5 0 0 0 0 0 5 0 0 0 0 0 0
254 5 0 0 0 0 0 5 0 0 0 0 0 0
255 10 0 0 5 0 0 5 0 0 0 0 0 0
256 5 0 0 0 0 0 5 0 0 0 0 0 0
257 5 0 0 5 0 0 0 0 0 0 0 0 0
259 20 0 0 5 0 0 5 0 0 0 0 0 0
263 36 0 0 12 0 0 0 0 0 12 3 0 0
264 27 0 0 0 0 0 9 0 0 0 0 0 0
266 411 1 1 0 0 0 0 0 0 137 7 0 0
417 14 1 1 0 0 0 0 0 0 7 2 0 0
419 25 0 0 0 0 0 15 1 1 0 0 0 0
422 10 0 0 0 0 0 0 0 0 0 0 0 0
423 20 1 1 10 0 0 0 0 0 5 0 0 0
429 5 0 0 0 0 0 5 1 1 0 0 0 0
430 25 0 0 0 0 0 10 0 0 0 0 0 0
431 25 0 0 0 0 0 5 0 0 0 0 0 0
434 5 0 0 0 0 0 5 0 0 0 0 0 0
435 10 0 0 10 0 0 0 0 0 0 0 0 0
439 21 1 1 7 0 0 0 0 0 7 6 0 0
441 7 0 0 7 0 0 0 0 0 0 0 0 0
442 32 0 0 6 0 0 0 0 0 13 11 0 0
448 5 1 1 1 0 0 0 0 0 1 0 0 0
449 1 0 0 0 0 0 1 0 0 0 0 0 0
452 4 0 0 1 0 0 1 0 0 1 1 0 0
463 5 1 1 1 0 0 2 0 0 0 0 0 0
465 4 0 0 2 0 0 0 0 0 1 0 0 0
470 5 1 1 2 0 0 1 0 0 0 0 0 0
471 1 0 0 0 0 0 1 0 0 0 0 0 0
472 2 0 0 0 0 0 0 0 0 0 0 0 0
474 25 0 0 7 0 0 0 0 0 8 2 0 0
478 7 1 1 7 0 0 0 0 0 0 0 0 0
483 14 0 0 0 0 0 0 0 0 7 6 0 0
485 21 0 0 0 0 0 7 1 1 0 0 0 0
490 7 0 0 7 0 0 0 0 0 0 0 0 0
494 2 1 1 0 0 0 0 0 0 0 0 0 0
495 3 0 0 1 0 0 0 0 0 1 1 0 0
532 2 1 1 0 0 0 0 0 0 1 0 0 0
533 2 0 0 0 0 0 0 0 0 1 1 0 0
547 9 1 1 2 0 0 3 0 0 0 0 0 0
552 9 1 1 1 0 0 2 0 0 0 0 0 0
553 5 1 1 2 0 0 1 0 0 0 0 0 0
557 1 0 0 0 0 0 1 0 0 0 0 0 0
559 2 0 0 1 0 0 1 0 0 0 0 0 0
560 1 0 0 1 0 0 0 0 0 0 0 0 0
561 3 0 0 1 0 0 0 0 0 1 1 0 0
568 3 1 1 1 0 0 0 0 0 1 1 0 0
571 2 0 0 0 0 0 0 0 0 1 0 0 0
574 8 0 0 7 0 0 0 0 0 0 0 0 0
fn=openaux
61 72 0 0 0 0 0 24 1 1 0 0 0 0
64 132 0 0 48 0 0 24 0 0 0 0 0 0
65 12 0 0 12 0 0 0 0 0 0 0 0 0
68 12 1 1 12 0 0 0 0 0 0 0 0 0
69 36 0 0 36 0 0 0 0 0 0 0 0 0
fl=./elf/./elf/dl-environ.c
fn=_dl_next_ld_env_entry
28 3 1 1 0 0 0 0 0 0 0 0 0 0
29 3 0 0 3 0 0 0 0 0 0 0 0 0
32 250 0 0 84 0 0 0 0 0 83 2 0 0
34 164 0 0 82 0 0 0 0 0 82 29 0 0
35 38 0 0 19 0 0 0 0 0 19 9 0 0
37 2 0 0 0 0 0 0 0 0 0 0 0 0
40 4 0 0 0 0 0 2 0 0 0 0 0 0
42 2 0 0 2 0 0 0 0 0 0 0 0 0
45 80 0 0 0 0 0 0 0 0 0 0 0 0
fl=./elf/./elf/dl-find_object.c
fn=_dl_find_object_init
561 5 1 1 0 0 0 3 0 0 0 0 0 0
564 1 0 0 1 1 0 0 0 0 0 0 0 0
566 2 0 0 1 0 0 0 0 0 1 1 0 0
567 3 1 1 0 0 0 1 0 0 0 0 0 0
579 2 1 1 0 0 0 1 0 0 0 0 0 0
580 3 0 0 1 0 0 1 0 0 0 0 0 0
582 2 0 0 0 0 0 0 0 0 1 0 0 0
585 2 0 0 0 0 0 0 0 0 1 0 0 0
590 1 1 1 0 0 0 1 0 0 0 0 0 0
591 1 0 0 0 0 0 1 0 0 0 0 0 0
594 3 0 0 1 0 0 0 0 0 1 1 0 0
596 2 1 1 0 0 0 1 0 0 0 0 0 0
599 6 1 1 3 0 0 1 0 0 0 0 0 0
601 1 0 0 0 0 0 0 0 0 0 0 0 0
604 4 0 0 4 0 0 0 0 0 0 0 0 0
fn=_dlfo_process_initial
474 8 0 0 0 0 0 4 0 0 0 0 0 0
475 2 0 0 2 0 0 0 0 0 0 0 0 0
477 2 0 0 0 0 0 0 0 0 0 0 0 0
478 4 1 1 2 0 0 0 0 0 2 0 0 0
504 24 1 1 4 1 0 0 0 0 4 1 0 0
505 34 0 0 2 0 0 0 0 0 16 4 0 0
506 14 0 0 14 1 0 0 0 0 0 0 0 0
508 52 1 1 12 2 0 0 0 0 26 2 0 0
511 48 0 0 12 0 0 0 0 0 12 4 0 0
513 36 1 1 12 1 1 0 0 0 12 3 0 0
515 12 0 0 0 0 0 6 0 0 0 0 0 0
516 12 0 0 0 0 0 0 0 0 0 0 0 0
517 24 0 0 0 0 0 0 0 0 0 0 0 0
529 2 0 0 0 0 0 2 0 0 0 0 0 0
531 8 0 0 6 0 0 0 0 0 0 0 0 0
fn=_dlfo_sort_mappings
536 1 1 1 0 0 0 0 0 0 0 0 0 0
537 2 0 0 0 0 0 0 0 0 1 0 0 0
540 24 1 1 5 0 0 0 0 0 5 2 0 0
544 10 0 0 5 0 0 0 0 0 0 0 0 0
545 70 1 1 0 0 0 0 0 0 20 9 0 0
546 75 0 0 15 0 0 0 0 0 15 10 0 0
548 5 0 0 0 0 0 0 0 0 0 0 0 0
549 5 0 0 0 0 0 0 0 0 0 0 0 0
553 20 0 0 10 0 0 0 0 0 0 0 0 0
554 25 0 0 10 0 0 10 0 0 0 0 0 0
555 10 0 0 0 0 0 10 0 0 0 0 0 0
557 1 0 0 1 0 0 0 0 0 0 0 0 0
fl=./elf/./elf/dl-fini.c
fn=_dl_fini
26 11 1 1 0 0 0 7 0 0 0 0 0 0
43 1 0 0 0 0 0 0 0 0 0 0 0 0
46 13 1 1 1 1 0 0 0 0 2 1 0 0
49 2 0 0 1 1 0 1 0 0 0 0 1 1
51 1 1 1 1 1 0 0 0 0 0 0 0 0
54 2 0 0 0 0 0 0 0 0 1 0 0 0
56 5 0 0 2 1 0 0 0 0 1 0 0 0
61 1 0 0 0 0 0 1 0 0 0 0 0 0
63 4 0 0 0 0 0 2 0 0 0 0 0 0
68 18 3 3 2 0 0 0 0 0 2 2 0 0
73 25 0 0 8 2 0 0 0 0 8 4 0 0
75 14 0 0 7 7 0 0 0 0 7 0 0 0
77 14 0 0 0 0 0 0 0 0 7 4 0 0
79 14 0 0 0 0 0 7 0 0 0 0 0 0
80 7 0 0 0 0 0 7 7 0 0 0 0 0
81 7 0 0 0 0 0 0 0 0 0 0 0 0
85 7 1 1 7 6 0 0 0 0 0 0 0 0
87 6 0 0 0 0 0 0 0 0 1 1 0 0
88 6 0 0 0 0 0 0 0 0 1 1 0 0
94 6 1 1 0 0 0 2 0 0 0 0 0 0
103 2 0 0 1 0 0 1 0 0 0 0 1 1
108 41 1 1 15 0 0 0 0 0 8 3 0 0
110 7 0 0 7 0 0 0 0 0 0 0 0 0
112 14 0 0 7 0 0 0 0 0 7 4 0 0
114 28 1 1 0 0 0 21 0 0 0 0 0 0
117 14 0 0 0 0 0 7 0 0 0 0 0 0
122 7 0 0 7 0 0 0 0 0 0 0 0 0
126 5 0 0 1 0 0 1 0 0 0 0 0 0
132 6 0 0 2 0 0 1 0 0 2 1 0 0
134 1 0 0 0 0 0 0 0 0 0 0 0 0
138 2 0 0 1 0 0 0 0 0 1 0 0 0
145 8 0 0 7 0 0 0 0 0 0 0 0 0
fl=./elf/./elf/dl-hwcaps.c
fn=_dl_important_hwcaps
52 16 1 1 0 0 0 4 0 0 4 2 0 0
54 2 0 0 0 0 0 0 0 0 0 0 0 0
55 4 0 0 2 0 0 0 0 0 0 0 0 0
56 2 0 0 0 0 0 0 0 0 0 0 0 0
57 2 0 0 0 0 0 0 0 0 0 0 0 0
77 16 2 2 0 0 0 4 0 0 4 2 0 0
80 16 0 0 4 0 0 6 1 1 0 0 0 0
84 2 0 0 0 0 0 2 0 0 0 0 0 0
86 6 0 0 2 0 0 2 0 0 0 0 0 0
87 2 0 0 0 0 0 0 0 0 0 0 0 0
88 2 0 0 0 0 0 0 0 0 0 0 0 0
100 5 0 0 0 0 0 3 1 1 0 0 0 0
102 3 1 1 1 0 0 0 0 0 1 0 0 0
105 1 0 0 0 0 0 1 0 0 0 0 0 0
108 1 0 0 0 0 0 0 0 0 0 0 0 0
112 5 1 1 0 0 0 2 0 0 1 0 0 0
125 12 0 0 0 0 0 3 0 0 3 2 0 0
127 10 0 0 4 0 0 2 1 1 0 0 0 0
128 4 0 0 2 0 0 2 0 0 0 0 0 0
129 4 0 0 0 0 0 2 0 0 0 0 0 0
130 2 0 0 0 0 0 0 0 0 0 0 0 0
133 3 1 1 1 0 0 0 0 0 1 0 0 0
142 13 0 0 7 0 0 1 0 0 2 0 0 0
143 11 0 0 0 0 0 1 0 0 1 1 0 0
145 8 1 1 1 0 0 5 0 0 0 0 0 0
151 5 1 1 2 0 0 0 0 0 0 0 0 0
155 4 1 1 2 0 0 1 0 0 0 0 0 0
156 3 0 0 1 0 0 0 0 0 1 1 0 0
157 3 0 0 0 0 0 0 0 0 1 0 0 0
161 1 0 0 1 0 0 0 0 0 0 0 0 0
162 2 0 0 1 0 0 1 0 0 0 0 0 0
163 2 0 0 0 0 0 2 0 0 0 0 0 0
172 14 2 2 0 0 0 9 2 2 0 0 0 0
174 2 0 0 0 0 0 2 1 1 0 0 0 0
175 3 0 0 0 0 0 0 0 0 0 0 0 0
185 2 1 1 0 0 0 1 0 0 0 0 0 0
186 3 0 0 0 0 0 0 0 0 0 0 0 0
189 3 0 0 1 0 0 1 1 1 0 0 0 0
193 2 0 0 1 0 0 0 0 0 0 0 0 0
194 2 0 0 0 0 0 0 0 0 1 0 0 0
201 1 0 0 0 0 0 0 0 0 0 0 0 0
202 5 0 0 2 0 0 1 0 0 0 0 0 0
208 2 0 0 1 0 0 1 0 0 0 0 0 0
209 1 0 0 0 0 0 1 0 0 0 0 0 0
213 3 1 1 2 0 0 1 0 0 0 0 0 0
216 9 0 0 7 0 0 0 0 0 0 0 0 0
fl=./elf/./elf/dl-hwcaps_split.c
fn=_dl_hwcaps_split
25 5 1 1 0 0 0 3 0 0 0 0 0 0
26 3 0 0 1 0 0 0 0 0 1 1 0 0
27 1 0 0 0 0 0 0 0 0 0 0 0 0
47 4 1 1 4 0 0 0 0 0 0 0 0 0
fn=_dl_hwcaps_split_masked
26 44 1 1 11 0 0 0 0 0 11 9 0 0
30 24 1 1 12 0 0 12 0 0 0 0 0 0
34 78 1 1 18 1 1 0 0 0 18 6 0 0
35 12 0 0 0 0 0 6 0 0 0 0 0 0
36 24 0 0 0 0 0 0 0 0 12 3 0 0
41 36 0 0 0 0 0 9 1 1 0 0 0 0
42 18 0 0 0 0 0 0 0 0 9 2 0 0
43 12 1 1 0 0 0 3 0 0 0 0 0 0
45 6 0 0 0 0 0 0 0 0 0 0 0 0
51 110 1 1 0 0 0 66 0 0 0 0 0 0
55 5 0 0 0 0 0 0 0 0 0 0 0 0
56 18 0 0 9 0 0 9 0 0 0 0 0 0
57 27 0 0 0 0 0 9 0 0 0 0 0 0
58 24 0 0 6 0 0 0 0 0 9 3 0 0
60 6 0 0 0 0 0 0 0 0 0 0 0 0
62 88 1 1 77 0 0 0 0 0 0 0 0 0
67 12 0 0 0 0 0 0 0 0 6 4 0 0
fl=./elf/./elf/dl-init.c
fn=_dl_init
29 16 1 1 8 0 0 0 0 0 8 1 0 0
35 40 1 1 8 0 0 0 0 0 8 0 0 0
37 41 1 1 1 0 0 2 0 0 8 2 0 0
81 13 1 1 0 0 0 6 0 0 0 0 0 0
82 1 0 0 1 1 0 0 0 0 0 0 0 0
83 1 0 0 1 0 0 0 0 0 0 0 0 0
86 3 0 0 1 0 0 0 0 0 1 1 0 0
89 2 0 0 0 0 0 1 0 0 0 0 0 0
94 4 1 1 0 0 0 0 0 0 1 0 0 0
119 1 0 0 1 0 0 0 0 0 0 0 0 0
120 32 0 0 0 0 0 6 0 0 8 5 0 0
121 14 0 0 14 4 0 0 0 0 0 0 0 0
127 8 0 0 7 1 0 0 0 0 0 0 0 0
fn=call_init.part.0
26 84 2 2 0 0 0 42 1 0 0 0 0 0
43 21 0 0 7 0 0 7 0 0 0 0 0 0
46 21 0 0 14 7 0 0 0 0 7 2 0 0
47 2 1 1 0 0 0 0 0 0 1 1 0 0
51 12 0 0 6 0 0 0 0 0 6 0 0 0
59 18 1 1 6 4 0 0 0 0 6 1 0 0
60 24 0 0 8 4 0 4 0 0 0 0 4 4
63 6 0 0 6 5 0 0 0 0 0 0 0 0
64 12 0 0 0 0 0 0 0 0 6 1 0 0
70 15 0 0 10 4 0 0 0 0 0 0 0 0
72 10 0 0 10 0 0 0 0 0 0 0 0 0
73 117 1 1 0 0 0 0 0 0 28 12 0 0
74 92 0 0 23 6 0 23 0 0 0 0 23 23
76 56 0 0 49 1 0 0 0 0 0 0 0 0
fl=./elf/./elf/dl-load.c
fn=_dl_dst_count
238 108 1 1 0 0 0 72 0 0 0 0 0 0
241 24 0 0 0 0 0 12 1 1 0 0 0 0
244 24 0 0 0 0 0 0 0 0 12 0 0 0
245 12 0 0 0 0 0 0 0 0 0 0 0 0
264 108 1 1 84 0 0 0 0 0 0 0 0 0
fn=_dl_init_paths
706 13 2 2 0 0 0 8 0 0 0 0 0 0
720 4 0 0 0 0 0 2 1 1 0 0 0 0
725 1 0 0 0 0 0 1 0 0 0 0 0 0
727 3 1 1 0 0 0 0 0 0 1 0 0 0
734 3 0 0 0 0 0 0 0 0 0 0 0 0
735 2 0 0 1 0 0 0 0 0 0 0 0 0
739 4 0 0 0 0 0 1 1 1 0 0 0 0
741 4 1 1 2 0 0 0 0 0 1 0 0 0
747 1 0 0 0 0 0 1 0 0 0 0 0 0
748 1 0 0 0 0 0 1 0 0 0 0 0 0
756 8 1 1 0 0 0 4 0 0 0 0 0 0
758 8 0 0 0 0 0 4 2 2 0 0 0 0
759 4 0 0 0 0 0 4 0 0 0 0 0 0
761 5 0 0 0 0 0 4 1 1 0 0 0 0
762 7 0 0 3 1 1 4 1 1 0 0 0 0
763 4 0 0 0 0 0 0 0 0 0 0 0 0
766 13 0 0 3 1 1 0 0 0 3 0 0 0
767 10 1 1 1 0 0 1 0 0 4 3 0 0
768 18 0 0 4 0 0 5 0 0 0 0 0 0
770 32 2 2 6 0 0 5 0 0 4 1 0 0
776 1 0 0 0 0 0 1 0 0 0 0 0 0
777 1 0 0 0 0 0 1 0 0 0 0 0 0
782 1 0 0 1 0 0 0 0 0 0 0 0 0
785 3 0 0 0 0 0 0 0 0 0 0 0 0
787 4 1 1 1 0 0 0 0 0 1 0 0 0
789 3 0 0 1 0 0 0 0 0 1 1 0 0
806 1 0 0 0 0 0 1 0 0 0 0 0 0
808 3 1 1 1 0 0 0 0 0 1 1 0 0
822 2 1 1 0 0 0 1 0 0 0 0 0 0
825 5 1 1 2 0 0 0 0 0 2 1 0 0
827 23 4 4 2 0 0 2 0 0 2 2 0 0
831 2 0 0 0 0 0 0 0 0 0 0 0 0
832 60 1 1 15 0 0 0 0 0 15 10 0 0
833 14 0 0 0 0 0 0 0 0 0 0 0 0
834 28 0 0 0 0 0 0 0 0 0 0 0 0
836 1 0 0 0 0 0 1 0 0 0 0 0 0
837 1 0 0 0 0 0 0 0 0 0 0 0 0
838 2 0 0 0 0 0 0 0 0 1 0 0 0
844 6 0 0 1 0 0 1 0 0 0 0 0 0
847 3 0 0 2 0 0 0 0 0 1 0 0 0
853 1 0 0 0 0 0 1 0 0 0 0 0 0
857 8 0 0 7 0 0 0 0 0 0 0 0 0
fn=_dl_map_object
682 43 3 3 13 0 0 0 0 0 13 10 0 0
685 4 0 0 0 0 0 0 0 0 2 0 0 0
688 6 1 1 2 0 0 0 0 0 2 2 0 0
691 2 0 0 0 0 0 2 0 0 0 0 0 0
692 1 0 0 0 0 0 0 0 0 0 0 0 0
696 20 1 1 0 0 0 12 0 0 0 0 0 0
1967 156 2 2 0 0 0 117 5 5 0 0 0 0
1969 5 0 0 0 0 0 5 0 0 0 0 0 0
1975 26 0 0 0 0 0 0 0 0 13 0 0 0
1976 52 0 0 13 1 1 0 0 0 13 0 0 0
1979 272 1 1 56 0 0 26 0 0 56 5 0 0
1984 357 1 1 102 0 0 0 0 0 51 0 0 0
1986 255 0 0 0 0 0 51 2 2 51 6 0 0
1990 86 0 0 43 0 0 0 0 0 43 0 0 0
1991 129 0 0 43 0 0 0 0 0 43 11 0 0
1994 110 0 0 66 0 0 0 0 0 22 3 0 0
1995 66 1 1 22 0 0 0 0 0 0 0 0 0
1996 110 0 0 0 0 0 22 0 0 22 3 0 0
2010 20 1 1 5 0 0 0 0 0 5 0 0 0
2011 15 0 0 5 0 0 5 0 0 0 0 0 0
2019 15 0 0 5 0 0 0 0 0 5 0 0 0
2034 5 0 0 0 0 0 5 1 1 0 0 0 0
2036 25 0 0 0 0 0 5 0 0 5 3 0 0
2040 16 2 2 0 0 0 8 0 0 0 0 0 0
2042 8 0 0 4 0 0 0 0 0 4 0 0 0
2049 16 0 0 4 0 0 0 0 0 8 2 0 0
2053 4 1 1 4 0 0 0 0 0 0 0 0 0
2054 4 0 0 0 0 0 4 0 0 0 0 0 0
2058 15 1 1 5 0 0 0 0 0 5 3 0 0
2059 5 0 0 0 0 0 0 0 0 0 0 0 0
2073 20 2 2 16 0 0 0 0 0 4 0 0 0
2074 28 2 2 8 0 0 0 0 0 8 3 0 0
2075 4 0 0 0 0 0 0 0 0 0 0 0 0
2084 8 1 1 0 0 0 0 0 0 4 3 0 0
2099 8 1 1 4 0 0 0 0 0 4 0 0 0
2100 64 1 1 8 0 0 16 0 0 4 2 0 0
2106 12 1 1 0 0 0 0 0 0 4 2 0 0
2107 4 0 0 0 0 0 0 0 0 0 0 0 0
2115 4 1 1 0 0 0 4 0 0 0 0 0 0
2129 8 1 1 4 0 0 0 0 0 4 1 0 0
2131 12 0 0 4 0 0 0 0 0 4 4 0 0
2135 12 1 1 0 0 0 4 0 0 0 0 0 0
2137 8 0 0 0 0 0 0 0 0 4 0 0 0
2141 8 0 0 0 0 0 0 0 0 4 1 0 0
2149 8 0 0 4 0 0 0 0 0 4 0 0 0
2172 36 1 1 0 0 0 8 0 0 0 0 0 0
2176 12 0 0 4 0 0 0 0 0 4 0 0 0
2177 4 0 0 0 0 0 4 0 0 0 0 0 0
2194 8 0 0 4 0 0 0 0 0 4 3 0 0
2200 1 0 0 0 0 0 1 0 0 0 0 0 0
2201 4 0 0 0 0 0 1 0 0 0 0 0 0
2202 2 1 1 0 0 0 0 0 0 1 0 0 0
2203 2 0 0 0 0 0 0 0 0 1 0 0 0
2207 9 1 1 0 0 0 2 0 0 0 0 0 0
2210 3 0 0 1 0 0 0 0 0 1 0 0 0
2222 20 0 0 5 0 0 0 0 0 0 0 0 0
2267 10 0 0 5 0 0 5 0 0 0 0 0 0
2268 88 1 1 19 0 0 25 0 0 0 0 0 0
2270 122 1 1 96 0 0 0 0 0 0 0 0 0
fn=_dl_map_object_from_fd
944 70 2 2 0 0 0 50 2 2 0 0 0 0
959 20 0 0 5 0 0 5 0 0 5 4 0 0
989 95 1 1 30 0 0 0 0 0 25 9 0 0
990 40 1 1 20 0 0 0 0 0 20 0 0 0
1008 10 1 1 5 0 0 0 0 0 5 3 0 0
1036 20 1 1 5 0 0 5 0 0 5 0 0 0
1046 10 0 0 5 0 0 0 0 0 5 0 0 0
1053 40 1 1 25 0 0 5 0 0 0 0 0 0
1054 10 0 0 0 0 0 0 0 0 5 0 0 0
1065 10 0 0 5 0 0 5 4 4 0 0 0 0
1066 15 0 0 5 0 0 5 0 0 0 0 0 0
1067 10 0 0 5 0 0 5 0 0 0 0 0 0
1069 15 0 0 0 0 0 0 0 0 0 0 0 0
1070 20 1 1 10 0 0 0 0 0 5 1 0 0
1071 8 0 0 0 0 0 4 0 0 0 0 0 0
1074 17 2 2 1 0 0 1 0 0 2 2 0 0
1075 6 0 0 1 0 0 1 1 1 1 1 0 0
1086 5 0 0 0 0 0 5 0 0 0 0 0 0
1088 5 0 0 0 0 0 5 0 0 0 0 0 0
1090 110 2 2 10 0 0 5 0 0 10 3 0 0
1091 5 0 0 0 0 0 0 0 0 0 0 0 0
1092 5 0 0 0 0 0 5 0 0 0 0 0 0
1093 5 0 0 0 0 0 5 0 0 0 0 0 0
1094 5 0 0 0 0 0 0 0 0 0 0 0 0
1100 210 0 0 10 0 0 0 0 0 65 0 0 0
1101 507 3 3 60 11 11 0 0 0 252 62 0 0
1107 10 1 1 5 0 0 0 0 0 5 0 0 0
1114 13 0 0 8 0 0 5 0 0 0 0 0 0
1115 15 0 0 5 1 1 5 0 0 0 0 0 0
1116 50 1 1 10 0 0 5 0 0 0 0 0 0
1121 2 0 0 1 0 0 1 0 0 0 0 0 0
1122 1 0 0 0 0 0 0 0 0 0 0 0 0
1127 155 0 0 65 2 2 5 0 0 20 0 0 0
1135 100 1 1 20 0 0 0 0 0 0 0 0 0
1136 130 1 1 0 0 0 20 5 5 0 0 0 0
1137 100 1 1 20 4 4 20 0 0 0 0 0 0
1138 20 0 0 0 0 0 20 0 0 0 0 0 0
1139 40 0 0 20 1 1 20 3 2 0 0 0 0
1141 140 0 0 20 1 1 0 0 0 0 0 0 0
1143 40 0 0 0 0 0 20 0 0 0 0 0 0
1156 40 0 0 0 0 0 0 0 0 20 5 0 0
1157 75 0 0 30 0 0 15 0 0 0 0 0 0
1162 20 0 0 0 0 0 0 0 0 0 0 0 0
1163 205 0 0 40 0 0 40 2 2 0 0 0 0
1176 9 1 1 3 1 1 0 0 0 3 0 0 0
1180 12 0 0 0 0 0 3 3 3 0 0 0 0
1181 3 0 0 3 0 0 0 0 0 0 0 0 0
1185 15 0 0 0 0 0 3 1 1 0 0 0 0
1186 6 1 1 3 0 0 3 0 0 0 0 0 0
1189 3 0 0 0 0 0 3 2 2 0 0 0 0
1194 12 0 0 3 0 0 0 0 0 3 2 0 0
1209 10 1 1 5 0 0 5 0 0 0 0 0 0
1210 5 0 0 0 0 0 0 0 0 0 0 0 0
1213 15 0 0 10 1 1 5 1 1 0 0 0 0
1218 35 1 1 25 0 0 0 0 0 5 0 0 0
1228 95 1 1 0 0 0 0 0 0 20 9 0 0
1229 40 0 0 0 0 0 20 0 0 0 0 0 0
1235 10 0 0 0 0 0 0 0 0 5 0 0 0
1245 20 0 0 10 0 0 0 0 0 10 0 0 0
1252 35 1 1 15 0 0 5 0 0 0 0 0 0
1264 5 1 1 0 0 0 0 0 0 0 0 0 0
1268 20 1 1 10 0 0 0 0 0 5 0 0 0
1269 15 0 0 5 0 0 5 0 0 0 0 0 0
1275 14 1 1 2 0 0 0 0 0 0 0 0 0
1276 10 1 1 0 0 0 0 0 0 5 5 0 0
1278 10 0 0 0 0 0 0 0 0 5 5 0 0
1288 15 0 0 5 0 0 0 0 0 5 0 0 0
1307 15 0 0 5 0 0 5 0 0 0 0 0 0
1309 30 1 1 10 0 0 0 0 0 5 0 0 0
1361 15 0 0 5 2 2 0 0 0 5 2 0 0
1362 6 0 0 3 0 0 3 0 0 0 0 0 0
1368 170 1 1 15 0 0 0 0 0 65 5 0 0
1369 280 1 1 60 50 50 0 0 0 110 38 0 0
1375 80 0 0 0 0 0 5 0 0 0 0 0 0
1380 20 1 1 5 0 0 5 0 0 5 0 0 0
1393 10 1 1 5 0 0 0 0 0 5 0 0 0
1395 20 0 0 10 0 0 5 0 0 0 0 0 0
1397 10 0 0 5 0 0 0 0 0 5 0 0 0
1413 10 0 0 0 0 0 5 0 0 0 0 0 0
1417 10 0 0 5 0 0 0 0 0 5 0 0 0
1418 10 1 1 5 0 0 0 0 0 5 5 0 0
1435 10 0 0 5 0 0 0 0 0 5 2 0 0
1436 1 0 0 0 0 0 1 0 0 0 0 0 0
1439 10 0 0 5 0 0 5 0 0 0 0 0 0
1444 10 0 0 5 0 0 0 0 0 5 0 0 0
1449 10 0 0 5 0 0 0 0 0 5 0 0 0
1461 40 1 1 15 0 0 0 0 0 5 3 0 0
1462 12 1 1 4 0 0 0 0 0 4 1 0 0
1463 27 0 0 9 0 0 3 0 0 6 3 0 0
1464 9 0 0 3 0 0 0 0 0 0 0 0 0
1465 5 0 0 1 0 0 1 0 0 0 0 0 0
1471 10 0 0 5 0 0 0 0 0 5 2 0 0
1472 12 0 0 3 0 0 0 0 0 3 1 0 0
1477 6 0 0 0 0 0 3 0 0 0 0 0 0
1484 15 1 1 5 0 0 5 0 0 0 0 0 0
1487 10 0 0 5 0 0 0 0 0 5 0 0 0
1491 15 0 0 5 0 0 5 0 0 0 0 0 0
1492 15 0 0 5 0 0 0 0 0 5 4 0 0
1510 10 1 1 0 0 0 0 0 0 5 3 0 0
1514 35 1 1 15 0 0 0 0 0 5 0 0 0
1515 20 1 1 5 0 0 5 0 0 0 0 0 0
1519 45 1 1 35 0 0 0 0 0 0 0 0 0
fn=_dl_process_pt_gnu_property
868 18 1 1 0 0 0 0 0 0 0 0 0 0
869 12 0 0 12 0 0 0 0 0 0 0 0 0
870 6 0 0 6 0 0 0 0 0 0 0 0 0
876 12 0 0 6 0 0 0 0 0 6 0 0 0
882 30 0 0 0 0 0 0 0 0 6 0 0 0
885 18 1 1 6 5 5 0 0 0 6 0 0 0
886 12 0 0 6 1 1 0 0 0 6 0 0 0
887 12 0 0 6 0 0 0 0 0 6 0 0 0
890 18 0 0 6 0 0 0 0 0 6 0 0 0
891 18 1 1 0 0 0 0 0 0 6 0 0 0
895 6 0 0 0 0 0 0 0 0 0 0 0 0
896 12 0 0 0 0 0 0 0 0 0 0 0 0
900 18 1 1 9 0 0 0 0 0 0 0 0 0
901 9 0 0 9 0 0 0 0 0 0 0 0 0
904 18 0 0 0 0 0 0 0 0 9 0 0 0
907 9 0 0 0 0 0 0 0 0 0 0 0 0
908 36 0 0 0 0 0 0 0 0 9 0 0 0
918 18 0 0 0 0 0 0 0 0 0 0 0 0
920 24 0 0 0 0 0 0 0 0 6 4 0 0
fn=expand_dynamic_string_token
241 6 0 0 0 0 0 2 1 1 0 0 0 0
244 4 0 0 0 0 0 0 0 0 2 1 0 0
385 20 1 1 0 0 0 12 0 0 0 0 0 0
399 4 0 0 0 0 0 0 0 0 0 0 0 0
410 14 1 1 12 0 0 0 0 0 0 0 0 0
fn=fillin_rpath.isra.0
468 17 2 2 0 0 0 12 0 0 0 0 0 0
472 1 0 0 0 0 0 0 0 0 0 0 0 0
474 12 1 1 4 0 0 2 0 0 2 1 0 0
481 2 0 0 1 0 0 0 0 0 1 0 0 0
483 6 0 0 1 0 0 2 0 0 0 0 0 0
487 2 0 0 0 0 0 0 0 0 1 0 0 0
492 3 0 0 0 0 0 1 0 0 0 0 0 0
493 2 0 0 0 0 0 0 0 0 1 1 0 0
500 5 1 1 1 0 0 0 0 0 2 2 0 0
505 2 1 1 0 0 0 1 0 0 0 0 0 0
509 15 0 0 5 0 0 0 0 0 5 2 0 0
510 8 1 1 4 0 0 0 0 0 4 4 0 0
528 4 1 1 1 0 0 1 0 0 1 1 0 0
532 4 0 0 2 0 0 0 0 0 0 0 0 0
534 2 1 1 0 0 0 0 0 0 1 0 0 0
538 1 0 0 0 0 0 1 0 0 0 0 0 0
539 2 0 0 1 0 0 0 0 0 0 0 0 0
540 4 0 0 0 0 0 2 0 0 0 0 0 0
541 1 0 0 0 0 0 1 0 0 0 0 0 0
543 2 0 0 1 0 0 0 0 0 1 1 0 0
549 4 0 0 1 0 0 0 0 0 0 0 0 0
550 14 1 1 1 0 0 0 0 0 4 1 0 0
551 4 1 1 0 0 0 3 0 0 0 0 0 0
553 2 0 0 1 0 0 1 0 0 0 0 0 0
554 3 1 1 1 0 0 0 0 0 1 1 0 0
555 1 0 0 0 0 0 1 0 0 0 0 0 0
561 2 0 0 1 0 0 1 0 0 0 0 0 0
562 1 0 0 0 0 0 1 0 0 0 0 0 0
565 3 0 0 0 0 0 1 0 0 0 0 0 0
571 1 0 0 0 0 0 1 0 0 0 0 0 0
574 8 0 0 7 0 0 0 0 0 0 0 0 0
fn=open_path
1812 44 2 2 0 0 0 36 2 2 0 0 0 0
1813 8 0 0 4 0 0 4 0 0 0 0 0 0
1816 4 0 0 0 0 0 4 0 0 0 0 0 0
1817 4 0 0 0 0 0 4 0 0 0 0 0 0
1819 8 0 0 0 0 0 0 0 0 4 0 0 0
1822 8 0 0 0 0 0 0 0 0 0 0 0 0
1824 88 2 2 12 1 1 8 0 0 8 4 0 0
1827 8 0 0 8 0 0 0 0 0 0 0 0 0
1831 4 0 0 0 0 0 0 0 0 0 0 0 0
1835 24 0 0 4 0 0 4 0 0 4 0 0 0
1842 24 1 1 12 0 0 8 1 1 0 0 0 0
1843 88 1 1 24 0 0 8 0 0 20 3 0 0
1846 24 0 0 12 0 0 0 0 0 12 4 0 0
1851 66 1 1 36 0 0 12 0 0 0 0 0 0
1854 12 0 0 0 0 0 0 0 0 0 0 0 0
1860 18 0 0 6 0 0 0 0 0 6 0 0 0
1863 48 1 1 18 0 0 6 0 0 0 0 0 0
1865 18 0 0 6 0 0 0 0 0 6 2 0 0
1867 6 0 0 0 0 0 0 0 0 3 2 0 0
1872 6 1 1 0 0 0 0 0 0 3 0 0 0
1873 21 0 0 9 0 0 0 0 0 3 2 0 0
1879 9 1 1 3 0 0 3 0 0 0 0 0 0
1881 26 0 0 3 0 0 7 0 0 3 2 0 0
1882 2 0 0 1 1 1 0 0 0 0 0 0 0
1884 3 0 0 0 0 0 0 0 0 0 0 0 0
1891 38 3 3 8 0 0 12 0 0 0 0 0 0
1893 13 0 0 4 0 0 0 0 0 3 1 0 0
1937 32 1 1 8 0 0 4 2 2 12 0 0 0
1941 4 0 0 4 0 0 0 0 0 0 0 0 0
1943 16 0 0 12 0 0 0 0 0 4 0 0 0
1946 12 0 0 8 0 0 0 0 0 4 0 0 0
1960 36 1 1 28 0 0 0 0 0 0 0 0 0
fn=open_verify.constprop.0
1572 132 1 1 0 0 0 88 1 1 0 0 0 0
1604 33 0 0 11 0 0 0 0 0 11 0 0 0
1609 12 1 1 0 0 0 0 0 0 0 0 0 0
1623 55 0 0 0 0 0 11 0 0 0 0 0 0
1625 22 1 1 0 0 0 0 0 0 11 2 0 0
1633 5 0 0 0 0 0 5 0 0 0 0 0 0
1634 15 0 0 0 0 0 5 0 0 0 0 0 0
1639 30 0 0 0 0 0 5 0 0 0 0 0 0
1641 10 1 1 0 0 0 0 0 0 5 1 0 0
1643 10 0 0 5 0 0 5 0 0 0 0 0 0
1645 10 0 0 0 0 0 0 0 0 5 0 0 0
1651 10 0 0 0 0 0 0 0 0 5 0 0 0
1668 74 4 4 23 1 1 0 0 0 23 9 0 0
1749 10 0 0 5 0 0 0 0 0 5 2 0 0
1754 10 1 1 5 0 0 0 0 0 5 0 0 0
1760 20 0 0 5 0 0 0 0 0 5 2 0 0
1766 10 0 0 5 1 1 0 0 0 5 0 0 0
1772 20 0 0 5 0 0 0 0 0 0 0 0 0
1773 20 1 1 5 0 0 0 0 0 5 1 0 0
1777 16 3 3 1 0 0 0 0 0 2 2 0 0
1778 5 0 0 0 0 0 1 0 0 1 1 0 0
1799 99 0 0 77 0 0 0 0 0 0 0 0 0
fl=./elf/./elf/dl-lookup-direct.c
fn=_dl_lookup_direct
32 15 0 0 9 0 0 0 0 0 3 3 0 0
33 9 1 1 0 0 0 0 0 0 0 0 0 0
35 6 0 0 3 3 3 0 0 0 0 0 0 0
36 6 0 0 3 0 0 0 0 0 3 0 0 0
48 9 0 0 3 0 0 3 0 0 3 0 0 0
51 6 0 0 6 0 0 0 0 0 0 0 0 0
53 21 1 1 6 0 0 6 0 0 3 0 0 0
57 9 0 0 9 2 0 0 0 0 0 0 0 0
58 21 0 0 9 1 0 0 0 0 3 0 0 0
59 15 0 0 6 0 0 3 0 0 3 0 0 0
74 39 2 2 0 0 0 27 0 0 0 0 0 0
76 6 0 0 3 0 0 0 0 0 3 1 0 0
78 21 0 0 9 2 0 0 0 0 0 0 0 0
79 6 0 0 0 0 0 0 0 0 3 1 0 0
81 12 1 1 3 0 0 3 0 0 0 0 0 0
84 25 0 0 5 3 1 0 0 0 5 2 0 0
86 12 0 0 3 0 0 0 0 0 0 0 0 0
93 6 2 2 0 0 0 0 0 0 2 2 0 0
115 3 0 0 0 0 0 0 0 0 0 0 0 0
116 27 0 0 21 0 0 0 0 0 0 0 0 0
fl=./elf/./elf/dl-lookup.c
fn=_dl_lookup_symbol_x
772 25402 4 2 0 0 0 17586 20 2 0 0 0 0
774 3908 0 0 0 0 0 1954 0 0 0 0 0 0
775 7816 0 0 0 0 0 1954 0 0 0 0 0 0
778 1954 0 0 1954 6 0 0 0 0 0 0 0 0
782 7778 0 0 1935 0 0 0 0 0 3889 26 0 0
785 3908 2 1 1954 0 0 0 0 0 1954 0 0 0
787 3908 0 0 3908 8 0 0 0 0 0 0 0 0
791 27436 0 0 16 0 0 5862 0 0 1970 2 0 0
792 33218 5 2 13678 0 0 13678 7 1 1954 5 0 0
797 9770 0 0 3908 0 0 0 0 0 1954 4 0 0
799 96 1 1 16 0 0 0 0 0 32 2 0 0
816 1954 0 0 0 0 0 1954 0 0 0 0 0 0
817 48 1 1 0 0 0 0 0 0 0 0 0 0
820 3908 0 0 1954 0 0 0 0 0 0 0 0 0
821 13550 0 0 1934 0 0 0 0 0 3872 649 0 0
828 2002 1 1 1938 0 0 0 0 0 0 0 0 0
856 7752 1 1 1938 0 0 0 0 0 1938 0 0 0
870 5814 0 0 1938 17 1 0 0 0 1938 5 0 0
871 2 1 1 0 0 0 1 0 0 0 0 0 0
873 3876 0 0 1938 0 0 0 0 0 1938 12 0 0
890 7752 0 0 1938 0 0 0 0 0 0 0 0 0
892 17586 2 1 13678 0 0 0 0 0 0 0 0 0
fn=check_match
70 29175 2 1 3890 115 64 11670 28 1 0 0 0 0
73 15560 2 1 3890 243 183 0 0 0 1950 7 0 0
78 16 0 0 0 0 0 0 0 0 0 0 0 0
86 9700 0 0 0 0 0 0 0 0 1940 0 0 0
89 4618 0 0 246 0 0 123 1 0 2063 66 0 0
93 1940 2 1 1940 10 0 0 0 0 0 0 0 0
94 3880 0 0 0 0 0 0 0 0 1940 4 0 0
96 3874 0 0 0 0 0 0 0 0 1937 1 0 0
115 3874 0 0 3874 90 18 0 0 0 0 0 0 0
116 15496 2 1 5811 24 0 0 0 0 1937 13 0 0
117 9675 3 2 3870 12 0 1935 0 0 1935 13 0 0
118 4 0 0 2 0 0 0 0 0 0 0 0 0
119 4 0 0 0 0 0 0 0 0 2 2 0 0
144 6 0 0 0 0 0 0 0 0 3 0 0 0
146 18 0 0 6 3 1 0 0 0 3 2 0 0
147 12 0 0 0 0 0 0 0 0 0 0 0 0
150 2 0 0 0 0 0 0 0 0 1 0 0 0
151 7 0 0 3 0 0 1 0 0 1 0 0 0
153 3 0 0 1 0 0 1 0 0 0 0 0 0
161 1937 0 0 0 0 0 0 0 0 0 0 0 0
162 15560 0 0 13615 0 0 0 0 0 0 0 0 0
fn=do_lookup_x
170 300 1 1 2 0 0 0 0 0 0 0 0 0
171 307 1 1 76 0 0 2 0 0 0 0 0 0
172 940 1 1 250 47 47 0 0 0 250 70 0 0
174 98 0 0 0 0 0 0 0 0 0 0 0 0
175 294 0 0 0 0 0 0 0 0 98 41 0 0
176 530 2 2 2 0 0 0 0 0 0 0 0 0
179 152 0 0 0 0 0 152 0 0 0 0 0 0
180 152 0 0 0 0 0 152 0 0 0 0 0 0
181 82 0 0 0 0 0 82 19 11 0 0 0 0
182 152 0 0 0 0 0 152 24 24 0 0 0 0
183 70 0 0 0 0 0 0 0 0 0 0 0 0
222 492 1 1 164 0 0 328 0 0 0 0 0 0
224 738 0 0 82 2 0 246 0 0 0 0 82 1
226 164 0 0 82 2 1 0 0 0 0 0 0 0
227 82 0 0 82 0 0 0 0 0 0 0 0 0
228 328 0 0 164 0 0 0 0 0 82 1 0 0
230 2694 1 1 127 0 0 405 0 0 0 0 0 0
231 486 1 1 0 0 0 0 0 0 0 0 0 0
234 352 0 0 176 0 0 0 0 0 176 22 0 0
235 176 1 1 176 68 25 0 0 0 0 0 0 0
254 352 0 0 0 0 0 0 0 0 176 84 0 0
257 95 0 0 0 0 0 0 0 0 0 0 0 0
258 285 0 0 0 0 0 0 0 0 95 44 0 0
259 322 1 1 0 0 0 0 0 0 0 0 0 0
262 1377 2 2 648 0 0 0 0 0 81 14 0 0
269 12 1 1 0 0 0 8 0 0 0 0 0 0
272 4 0 0 0 0 0 0 0 0 2 0 0 0
279 298 1 1 6 0 0 2 0 0 94 2 0 0
280 276 0 0 92 4 1 0 0 0 92 28 0 0
281 350 1 1 210 5 0 0 0 0 0 0 0 0
285 20 1 1 6 0 0 6 0 0 0 0 2 1
286 2 0 0 0 0 0 2 0 0 0 0 0 0
287 2 0 0 0 0 0 0 0 0 0 0 0 0
288 4 1 1 2 0 0 2 0 0 0 0 0 0
289 8 0 0 6 0 0 2 0 0 0 0 0 0
300 3 0 0 2 0 0 0 0 0 0 0 0 0
302 2 1 1 0 0 0 0 0 0 1 0 0 0
305 1 0 0 0 0 0 1 0 0 0 0 0 0
306 1 0 0 0 0 0 1 0 0 0 0 0 0
307 2 0 0 1 0 0 1 0 0 0 0 0 0
310 164 0 0 0 0 0 0 0 0 82 13 0 0
311 492 0 0 164 0 0 0 0 0 0 0 0 0
318 328 0 0 82 0 0 0 0 0 82 10 0 0
329 574 1 1 246 0 0 82 0 0 0 0 0 0
331 164 0 0 164 0 0 82 0 0 0 0 82 1
333 246 0 0 164 0 0 82 0 0 0 0 0 0
334 164 0 0 0 0 0 82 0 0 0 0 0 0
347 27356 3 2 3908 0 0 19540 17 2 0 0 0 0
348 1954 0 0 1954 6 0 0 0 0 0 0 0 0
353 1954 0 0 0 0 0 0 0 0 0 0 0 0
354 1954 0 0 1954 0 0 0 0 0 0 0 0 0
358 12526 2 1 12526 34 0 0 0 0 0 0 0 0
361 12526 0 0 0 0 0 0 0 0 6263 0 0 0
365 16446 0 0 1960 0 0 0 0 0 6269 364 0 0
386 12522 2 1 6261 27 0 0 0 0 6261 31 0 0
390 12522 0 0 6261 3 0 0 0 0 6261 17 0 0
396 18783 0 0 6261 31 0 0 0 0 6261 0 0 0
400 6261 0 0 0 0 0 6261 0 0 0 0 0 0
401 6261 0 0 0 0 0 6261 0 0 0 0 0 0
404 31305 0 0 18783 79 0 0 0 0 6261 6 0 0
405 18783 1 1 12522 14 0 0 0 0 0 0 0 0
408 6261 0 0 6261 0 0 0 0 0 0 0 0 0
409 12522 0 0 0 0 0 0 0 0 6261 0 0 0
411 6261 0 0 6261 954 135 0 0 0 0 0 0 0
412 5862 0 0 0 0 0 1954 0 0 0 0 0 0
413 12522 0 0 12522 0 0 0 0 0 0 0 0 0
415 13678 2 1 1954 0 0 3908 0 0 0 0 0 0
416 25044 0 0 12522 0 0 0 0 0 0 0 0 0
419 43827 0 0 6261 0 0 0 0 0 6261 2025 0 0
422 3978 0 0 3978 1187 189 0 0 0 0 0 0 0
423 5967 3 1 1989 0 0 0 0 0 0 0 0 0
424 3978 0 0 0 0 0 0 0 0 1989 4 0 0
426 3970 0 0 1985 0 0 0 0 0 0 0 0 0
429 24740 3 1 4948 1738 475 0 0 0 4948 2193 0 0
431 5835 0 0 1945 0 0 0 0 0 0 0 0 0
432 49065 6 2 13655 0 0 25565 31 3 0 0 0 0
433 3890 0 0 0 0 0 0 0 0 0 0 0 0
436 5835 0 0 0 0 0 0 0 0 1945 13 0 0
439 9049 0 0 8 0 0 0 0 0 3011 45 0 0
461 15496 2 1 11622 0 0 0 0 0 0 0 0 0
470 385 2 2 337 0 0 0 0 0 48 4 0 0
472 2 0 0 0 0 0 0 0 0 1 1 0 0
476 3876 4 1 0 0 0 0 0 0 1938 0 0 0
483 10224 0 0 1938 0 0 0 0 0 3174 401 0 0
487 3837 4 1 1279 5 0 0 0 0 1279 5 0 0
491 1 1 1 0 0 0 1 0 0 0 0 0 0
499 3712 0 0 1856 0 0 1856 0 0 0 0 0 0
500 1856 0 0 0 0 0 1856 0 0 0 0 0 0
501 1938 0 0 0 0 0 0 0 0 0 0 0 0
518 12975 0 0 0 0 0 0 0 0 4325 16 0 0
521 16 0 0 0 0 0 0 0 0 0 0 0 0
522 15632 1 1 13678 0 0 0 0 0 0 0 0 0
fl=./elf/./elf/dl-minimal-malloc.c
fn=__minimal_calloc
80 85 1 1 0 0 0 0 0 0 0 0 0 0
84 17 0 0 0 0 0 0 0 0 0 0 0 0
87 17 0 0 0 0 0 0 0 0 0 0 0 0
88 51 0 0 0 0 0 0 0 0 17 11 0 0
fn=__minimal_free
97 3 1 1 0 0 0 0 0 0 0 0 0 0
99 12 0 0 6 0 0 0 0 0 3 0 0 0
fn=__minimal_malloc
36 336 2 2 0 0 0 168 1 1 0 0 0 0
37 126 0 0 42 4 1 0 0 0 42 1 0 0
42 3 1 1 0 0 0 1 0 0 0 0 0 0
43 2 1 1 1 0 0 0 0 0 0 0 0 0
44 2 0 0 0 0 0 0 0 0 0 0 0 0
48 167 0 0 41 0 0 42 0 0 0 0 0 0
51 282 0 0 0 0 0 0 0 0 81 6 0 0
56 12 0 0 3 0 0 0 0 0 0 0 0 0
57 12 0 0 0 0 0 0 0 0 3 0 0 0
59 3 1 1 0 0 0 0 0 0 0 0 0 0
60 24 0 0 0 0 0 3 0 0 0 0 0 0
62 6 0 0 0 0 0 0 0 0 3 0 0 0
64 12 0 0 0 0 0 3 0 0 0 0 0 0
65 9 0 0 3 0 0 0 0 0 3 1 0 0
67 8 0 0 0 0 0 3 0 0 0 0 0 0
70 43 1 1 1 0 0 42 0 0 0 0 0 0
71 46 0 0 0 0 0 42 0 0 0 0 0 0
73 252 0 0 210 0 0 0 0 0 0 0 0 0
fl=./elf/./elf/dl-minimal.c
fn=__rtld_malloc_init_real
76 10 1 1 0 0 0 6 0 0 0 0 0 0
86 2 1 1 0 0 0 1 0 0 0 0 0 0
87 1 0 0 0 0 0 1 0 0 0 0 0 0
89 1 0 0 0 0 0 1 0 0 0 0 0 0
91 6 1 1 0 0 0 1 0 0 0 0 0 0
92 5 0 0 0 0 0 1 0 0 0 0 0 0
93 5 0 0 0 0 0 1 0 0 0 0 0 0
94 4 1 1 0 0 0 1 0 0 0 0 0 0
99 1 0 0 0 0 0 1 0 0 0 0 0 0
100 1 0 0 0 0 0 1 0 0 0 0 0 0
101 1 0 0 0 0 0 1 0 0 0 0 0 0
102 1 0 0 0 0 0 1 0 0 0 0 0 0
103 8 0 0 7 0 0 0 0 0 0 0 0 0
fn=__rtld_malloc_init_stubs
42 1 1 1 0 0 0 0 0 0 0 0 0 0
43 2 1 1 0 0 0 1 1 1 0 0 0 0
44 2 0 0 0 0 0 1 0 0 0 0 0 0
45 2 0 0 0 0 0 1 0 0 0 0 0 0
46 2 0 0 0 0 0 1 0 0 0 0 0 0
47 1 0 0 1 0 0 0 0 0 0 0 0 0
fn=lookup_malloc_symbol
61 36 1 1 0 0 0 16 0 0 0 0 0 0
63 4 0 0 0 0 0 4 0 0 0 0 0 0
64 28 0 0 4 0 0 12 0 0 0 0 0 0
68 28 1 1 16 0 0 0 0 0 4 0 0 0
69 28 0 0 12 0 0 0 0 0 4 0 0 0
71 4 0 0 0 0 0 4 0 0 0 0 0 0
72 24 0 0 20 0 0 0 0 0 0 0 0 0
fn=strsep
239 2 1 1 0 0 0 0 0 0 0 0 0 0
242 4 0 0 2 1 1 0 0 0 2 0 0 0
244 2 0 0 2 0 0 0 0 0 0 0 0 0
245 4 0 0 0 0 0 0 0 0 2 1 0 0
247 2 0 0 0 0 0 0 0 0 0 0 0 0
249 47 1 1 15 0 0 0 0 0 15 4 0 0
251 28 0 0 0 0 0 0 0 0 0 0 0 0
254 56 0 0 28 0 0 0 0 0 28 6 0 0
256 84 0 0 28 0 0 0 0 0 28 3 0 0
264 14 0 0 0 0 0 0 0 0 0 0 0 0
267 1 0 0 0 0 0 1 0 0 0 0 0 0
271 4 0 0 2 0 0 0 0 0 0 0 0 0
fl=./elf/./elf/dl-misc.c
fn=_dl_higher_prime_number
87 2 0 0 0 0 0 0 0 0 0 0 0 0
124 2 0 0 0 0 0 0 0 0 0 0 0 0
125 2 0 0 0 0 0 0 0 0 0 0 0 0
127 26 1 1 0 0 0 0 0 0 12 11 0 0
129 80 0 0 0 0 0 0 0 0 0 0 0 0
130 30 0 0 10 4 2 0 0 0 10 3 0 0
131 6 0 0 0 0 0 0 0 0 0 0 0 0
133 7 0 0 0 0 0 0 0 0 0 0 0 0
145 2 0 0 2 0 0 0 0 0 0 0 0 0
146 2 0 0 2 0 0 0 0 0 0 0 0 0
fn=_dl_name_match_p
68 812 1 1 0 0 0 348 1 0 0 0 0 0
69 464 0 0 116 0 0 116 0 0 116 0 0 0
70 20 0 0 0 0 0 0 0 0 0 0 0 0
72 116 0 0 116 0 0 0 0 0 0 0 0 0
74 458 0 0 0 0 0 0 0 0 229 40 0 0
75 665 1 1 133 0 0 133 0 0 133 21 0 0
80 113 0 0 113 0 0 0 0 0 0 0 0 0
82 96 0 0 0 0 0 0 0 0 0 0 0 0
83 464 0 0 464 0 0 0 0 0 0 0 0 0
fn=_dl_sysdep_read_whole_file
36 11 1 1 0 0 0 5 0 0 0 0 0 0
39 3 0 0 0 0 0 1 0 0 0 0 0 0
40 2 1 1 0 0 0 0 0 0 1 1 0 0
42 6 0 0 0 0 0 1 0 0 1 0 0 0
44 2 0 0 1 0 0 1 0 0 0 0 0 0
47 2 1 1 0 0 0 0 0 0 1 1 0 0
49 8 0 0 0 0 0 1 0 0 0 0 0 0
60 3 0 0 0 0 0 1 0 0 0 0 0 0
63 8 0 0 6 0 0 0 0 0 0 0 0 0
fl=./elf/./elf/dl-object.c
fn=_dl_add_to_namespace_list
31 54 1 1 0 0 0 24 1 1 0 0 0 0
33 18 0 0 6 0 0 6 0 0 0 0 6 2
35 53 1 1 6 0 0 0 0 0 6 1 0 0
38 80 0 0 20 0 0 0 0 0 20 15 0 0
40 5 0 0 0 0 0 5 0 0 0 0 0 0
42 5 0 0 0 0 0 5 0 0 0 0 0 0
45 2 1 1 0 0 0 1 0 0 0 0 0 0
46 18 0 0 6 0 0 0 0 0 0 0 0 0
47 12 0 0 6 0 0 6 0 0 0 0 0 0
48 12 0 0 0 0 0 6 0 0 0 0 0 0
50 12 0 0 6 0 0 0 0 0 0 0 6 1
51 30 0 0 24 0 0 0 0 0 0 0 0 0
fn=_dl_new_object
59 90 1 1 0 0 0 60 2 2 0 0 0 0
62 12 0 0 0 0 0 0 0 0 6 1 0 0
64 2 1 1 0 0 0 0 0 0 1 1 0 0
66 3 1 1 1 0 0 0 0 0 1 0 0 0
67 2 0 0 0 0 0 0 0 0 1 0 0 0
71 6 0 0 0 0 0 2 0 0 0 0 0 0
77 2 1 1 0 0 0 0 0 0 0 0 0 0
80 10 0 0 5 0 0 0 0 0 0 0 0 0
83 26 1 1 0 0 0 16 0 0 0 0 0 0
87 10 0 0 0 0 0 0 0 0 0 0 0 0
92 5 0 0 0 0 0 0 0 0 0 0 0 0
95 12 0 0 0 0 0 0 0 0 6 0 0 0
98 6 0 0 0 0 0 6 4 4 0 0 0 0
99 6 0 0 0 0 0 6 6 6 0 0 0 0
100 12 0 0 6 0 0 0 0 0 0 0 0 0
103 12 0 0 0 0 0 6 2 2 0 0 0 0
104 42 1 1 18 0 0 18 0 0 0 0 0 0
106 6 1 1 0 0 0 6 0 0 0 0 0 0
119 28 0 0 17 0 0 0 0 0 11 6 0 0
123 5 0 0 0 0 0 0 0 0 0 0 0 0
125 1 0 0 0 0 0 0 0 0 0 0 0 0
127 42 0 0 12 6 6 12 0 0 0 0 0 0
130 12 0 0 6 0 0 0 0 0 6 3 0 0
131 12 1 1 0 0 0 6 6 6 0 0 0 0
132 6 1 1 0 0 0 6 0 0 0 0 0 0
136 6 0 0 0 0 0 6 0 0 0 0 0 0
139 40 0 0 0 0 0 0 0 0 15 10 0 0
141 20 1 1 0 0 0 16 4 4 1 1 0 0
149 12 1 1 0 0 0 6 0 0 0 0 0 0
150 6 0 0 0 0 0 6 6 6 0 0 0 0
153 1 0 0 0 0 0 0 0 0 0 0 0 0
155 36 0 0 6 1 1 0 0 0 6 1 0 0
157 20 0 0 0 0 0 5 4 4 0 0 0 0
160 14 1 1 0 0 0 0 0 0 6 0 0 0
164 24 0 0 6 0 0 0 0 0 6 1 0 0
168 35 1 1 5 0 0 0 0 0 10 5 0 0
176 1 1 1 0 0 0 1 0 0 0 0 0 0
179 12 0 0 0 0 0 6 0 0 0 0 0 0
189 24 0 0 12 0 0 0 0 0 6 1 0 0
191 20 0 0 0 0 0 10 0 0 0 0 0 0
195 15 0 0 0 0 0 0 0 0 5 0 0 0
199 10 0 0 0 0 0 0 0 0 0 0 0 0
200 10 0 0 0 0 0 0 0 0 5 0 0 0
208 5 0 0 0 0 0 0 0 0 0 0 0 0
212 5 1 1 0 0 0 0 0 0 0 0 0 0
245 20 0 0 10 0 0 5 0 0 0 0 0 0
250 168 0 0 0 0 0 0 0 0 0 0 0 0
251 168 0 0 84 0 0 0 0 0 84 24 0 0
255 10 0 0 0 0 0 0 0 0 0 0 0 0
256 5 0 0 0 0 0 5 0 0 0 0 0 0
259 5 0 0 0 0 0 5 1 1 0 0 0 0
263 54 1 1 42 0 0 0 0 0 0 0 0 0
fl=./elf/./elf/dl-reloc.c
fn=_dl_relocate_object
170 14184 1 1 3546 1729 1351 0 0 0 3546 31 0 0
171 6922 1 1 0 0 0 0 0 0 3461 3 0 0
174 23464 1 1 3461 7 0 0 0 0 5301 814 0 0
175 19444 2 2 1621 0 0 0 0 0 8101 5 0 0
177 1621 0 0 1621 0 0 0 0 0 0 0 0 0
178 6482 1 1 1621 0 0 1621 0 0 0 0 0 0
182 3680 0 0 0 0 0 0 0 0 1840 0 0 0
183 1840 0 0 0 0 0 1840 0 0 0 0 0 0
184 1840 0 0 0 0 0 1840 0 0 0 0 0 0
186 14726 2 2 7360 1 0 6 0 0 1840 68 0 0
187 9170 1 1 1834 65 0 1834 0 0 0 0 0 0
188 3668 0 0 0 0 0 0 0 0 1834 0 0 0
190 12977 2 2 3680 0 0 5565 2 0 6 0 0 0
193 1840 0 0 1840 0 0 0 0 0 0 0 0 0
194 12880 1 1 5520 0 0 1840 1 0 0 0 0 0
196 1621 1 1 1621 0 0 0 0 0 0 0 0 0
207 88 1 1 0 0 0 64 0 0 0 0 0 0
208 16 0 0 8 0 0 0 0 0 8 1 0 0
220 14 0 0 0 0 0 0 0 0 0 0 0 0
221 21 0 0 0 0 0 7 0 0 0 0 0 0
224 28 1 1 0 0 0 7 0 0 0 0 0 0
226 21 0 0 0 0 0 0 0 0 7 0 0 0
228 7 0 0 7 0 0 0 0 0 0 0 0 0
229 21 0 0 7 2 0 0 0 0 7 5 0 0
251 35 2 2 14 0 0 0 0 0 7 5 0 0
252 14 1 1 7 7 0 0 0 0 7 4 0 0
253 3 0 0 0 0 0 0 0 0 0 0 0 0
255 14 0 0 0 0 0 0 0 0 7 0 0 0
262 21 1 1 7 2 0 0 0 0 7 0 0 0
301 10279 9 9 1220 241 201 51 0 0 3530 433 0 0
304 35 0 0 14 1 0 0 0 0 14 0 0 0
328 7 0 0 7 1 0 0 0 0 0 0 0 0
331 14 0 0 0 0 0 0 0 0 7 0 0 0
348 21 0 0 7 4 0 0 0 0 7 6 0 0
350 64 0 0 56 4 0 0 0 0 0 0 0 0
356 42 1 1 21 2 0 0 0 0 0 0 0 0
359 14 0 0 0 0 0 0 0 0 0 0 0 0
363 14 1 1 0 0 0 0 0 0 7 0 0 0
364 42 0 0 0 0 0 7 1 0 7 4 0 0
fl=./elf/./elf/dl-runtime.c
fn=_dl_fixup
46 1210 7 2 0 0 0 660 0 0 0 0 0 0
48 550 0 0 440 14 0 0 0 0 110 62 0 0
49 330 3 1 220 0 0 0 0 0 0 0 0 0
54 110 0 0 110 6 0 0 0 0 0 0 0 0
55 440 0 0 110 5 0 0 0 0 0 0 0 0
56 770 0 0 110 106 0 110 3 0 0 0 0 0
58 220 0 0 110 13 0 0 0 0 0 0 0 0
63 220 0 0 0 0 0 0 0 0 110 7 0 0
67 220 0 0 110 109 58 0 0 0 110 1 0 0
69 110 0 0 0 0 0 0 0 0 0 0 0 0
71 330 3 1 110 5 0 0 0 0 110 4 0 0
75 330 0 0 220 100 1 0 0 0 0 0 0 0
76 440 0 0 110 4 0 0 0 0 0 0 0 0
77 330 0 0 110 22 0 0 0 0 110 16 0 0
84 110 3 1 0 0 0 0 0 0 0 0 0 0
85 330 0 0 110 0 0 0 0 0 110 10 0 0
95 1210 0 0 220 5 0 330 0 0 0 0 0 0
99 550 3 1 330 0 0 0 0 0 110 0 0 0
109 1100 0 0 440 0 0 110 0 0 220 0 0 0
124 440 2 1 110 0 0 0 0 0 110 4 0 0
125 8 0 0 0 0 0 4 0 0 0 0 0 0
133 330 0 0 110 0 0 0 0 0 110 8 0 0
159 330 0 0 110 1 0 0 0 0 110 2 0 0
163 880 3 1 770 0 0 0 0 0 0 0 0 0
fl=./elf/./elf/dl-setup_hash.c
fn=_dl_setup_hash
25 14 1 1 0 0 0 0 0 0 0 0 0 0
28 21 1 1 7 0 0 0 0 0 7 0 0 0
31 21 0 0 14 0 0 0 0 0 7 0 0 0
32 14 0 0 7 6 6 7 1 1 0 0 0 0
33 7 0 0 7 0 0 0 0 0 0 0 0 0
34 7 0 0 7 0 0 0 0 0 0 0 0 0
36 21 0 0 0 0 0 0 0 0 7 0 0 0
37 7 0 0 0 0 0 7 0 0 0 0 0 0
38 21 1 1 7 0 0 7 0 0 0 0 0 0
40 7 0 0 0 0 0 7 0 0 0 0 0 0
41 14 0 0 0 0 0 0 0 0 0 0 0 0
43 7 0 0 0 0 0 7 0 0 0 0 0 0
45 21 0 0 0 0 0 7 0 0 0 0 0 0
50 7 0 0 7 0 0 0 0 0 0 0 0 0
fl=./elf/./elf/dl-sort-maps.c
fn=_dl_sort_maps
140 64 0 0 14 0 0 12 1 0 14 2 0 0
181 2 0 0 0 0 0 2 0 0 0 0 0 0
182 4 0 0 2 0 0 0 0 0 0 0 0 0
183 52 0 0 0 0 0 0 0 0 16 12 0 0
184 28 2 1 28 0 0 0 0 0 0 0 0 0
211 34 4 2 2 1 0 0 0 0 4 1 0 0
216 4 0 0 0 0 0 2 0 0 0 0 0 0
218 2 0 0 0 0 0 2 0 0 0 0 0 0
219 10 0 0 0 0 0 0 0 0 0 0 0 0
221 44 2 1 0 0 0 0 0 0 12 0 0 0
223 14 0 0 14 0 0 0 0 0 0 0 0 0
226 40 0 0 12 0 0 0 0 0 14 13 0 0
244 8 2 1 2 0 0 0 0 0 2 2 0 0
263 8 2 1 0 0 0 2 0 0 0 0 0 0
276 8 2 1 2 0 0 0 0 0 4 2 0 0
283 2 2 1 0 0 0 0 0 0 0 0 0 0
298 26 1 0 0 0 0 14 2 0 0 0 0 0
306 6 2 1 2 2 0 0 0 0 2 2 0 0
310 18 4 2 14 0 0 0 0 0 0 0 0 0
fn=_dl_sort_maps_init
289 4 2 2 0 0 0 1 0 0 0 0 0 0
290 4 0 0 0 0 0 1 0 0 0 0 0 0
291 1 0 0 0 0 0 1 0 0 0 0 0 0
292 3 0 0 1 0 0 0 0 0 0 0 0 0
293 2 0 0 2 0 0 0 0 0 0 0 0 0
fn=dfs_traversal.part.0
135 126 2 1 0 0 0 70 1 0 0 0 0 0
140 70 0 0 35 0 0 0 0 0 35 4 0 0
143 14 0 0 14 0 0 0 0 0 0 0 0 0
145 42 0 0 14 3 0 0 0 0 14 3 0 0
147 186 0 0 48 7 0 0 0 0 46 19 0 0
156 49 3 1 7 0 0 0 0 0 21 11 0 0
171 42 0 0 14 0 0 14 0 0 0 0 0 0
172 14 0 0 0 0 0 14 0 0 0 0 0 0
173 90 1 1 84 0 0 2 0 0 0 0 0 0
fl=./elf/./elf/dl-tunables.c
fn=__GI___tunable_set_val
72 50 1 1 5 0 0 0 0 0 10 0 0 0
82 5 0 0 5 0 0 0 0 0 0 0 0 0
93 40 1 1 10 0 0 0 0 0 5 0 0 0
94 25 0 0 10 0 0 0 0 0 5 0 0 0
97 10 0 0 0 0 0 0 0 0 5 2 0 0
100 35 0 0 0 0 0 0 0 0 0 0 0 0
104 10 0 0 0 0 0 0 0 0 5 2 0 0
111 10 0 0 0 0 0 0 0 0 5 0 0 0
112 10 0 0 0 0 0 0 0 0 5 2 0 0
115 25 1 1 0 0 0 5 0 0 0 0 0 0
116 5 0 0 0 0 0 5 0 0 0 0 0 0
117 5 0 0 0 0 0 5 0 0 0 0 0 0
118 5 0 0 0 0 0 5 0 0 0 0 0 0
153 30 1 1 0 0 0 10 0 0 0 0 0 0
157 15 0 0 15 0 0 0 0 0 0 0 0 0
fn=__GI___tunables_init
42 415 1 1 83 0 0 0 0 0 166 1 0 0
45 82 0 0 0 0 0 0 0 0 0 0 0 0
48 7854 0 0 1122 41 41 0 0 0 2244 96 0 0
52 164 0 0 0 0 0 0 0 0 82 0 0 0
56 328 1 1 0 0 0 0 0 0 0 0 0 0
128 1 0 0 0 0 0 0 0 0 0 0 0 0
261 10 2 2 0 0 0 6 0 0 0 0 0 0
267 4 0 0 1 0 0 0 0 0 1 0 0 0
281 13448 0 0 0 0 0 0 0 0 3362 82 0 0
283 2 0 0 0 0 0 0 0 0 0 0 0 0
287 24354 1 1 6724 41 41 0 0 0 6724 896 0 0
304 8 1 1 7 0 0 0 0 0 0 0 0 0
fn=__tunable_get_val
387 78 1 1 0 0 0 0 0 0 0 0 0 0
390 462 1 1 39 35 31 0 0 0 75 17 0 0
399 50 0 0 36 15 0 14 0 0 0 0 0 0
400 14 0 0 0 0 0 0 0 0 0 0 0 0
409 31 1 1 0 0 0 25 0 0 0 0 0 0
416 234 0 0 39 4 0 0 0 0 39 31 0 0
418 39 0 0 39 0 0 0 0 0 0 0 0 0
fl=./elf/./elf/dl-tunables.h
fn=__GI___tunable_set_val
141 10 0 0 0 0 0 0 0 0 5 3 0 0
142 10 1 1 0 0 0 0 0 0 0 0 0 0
151 5 0 0 0 0 0 0 0 0 0 0 0 0
fn=__GI___tunables_init
160 1556 1 1 1038 1 1 0 0 0 68 8 0 0
161 3828 0 0 0 0 0 0 0 0 985 80 0 0
fl=./elf/./elf/dl-version.c
fn=_dl_check_all_versions
392 7 1 1 0 0 0 5 1 0 0 0 0 0
394 1 0 0 0 0 0 0 0 0 0 0 0 0
396 26 0 0 7 0 0 0 0 0 8 6 0 0
397 7 0 0 0 0 0 0 0 0 0 0 0 0
398 63 1 1 7 0 0 7 0 0 7 7 0 0
401 7 0 0 6 0 0 0 0 0 0 0 0 0
fn=_dl_check_map_versions
36 202 0 0 24 0 0 0 0 0 65 7 0 0
37 53 0 0 53 0 0 0 0 0 0 0 0 0
38 337 1 1 0 0 0 65 0 0 65 6 0 0
56 200 0 0 150 0 0 0 0 0 50 22 0 0
64 150 0 0 50 0 0 0 0 0 50 0 0 0
70 150 1 1 50 1 0 0 0 0 50 0 0 0
86 50 0 0 50 1 0 0 0 0 0 0 0 0
87 100 0 0 0 0 0 0 0 0 50 0 0 0
89 50 0 0 50 0 0 0 0 0 0 0 0 0
94 1980 0 0 865 33 33 150 0 0 865 5 0 0
108 1730 0 0 865 13 12 0 0 0 865 53 0 0
110 50 1 1 50 1 1 0 0 0 0 0 0 0
113 400 1 1 150 0 0 100 0 0 50 0 0 0
120 2445 1 1 815 13 13 0 0 0 815 0 0 0
124 815 0 0 0 0 0 0 0 0 0 0 0 0
155 70 0 0 0 0 0 42 1 0 0 0 0 0
156 7 0 0 0 0 0 7 0 0 0 0 0 0
164 12 1 1 0 0 0 7 1 0 0 0 0 0
170 21 0 0 7 0 0 0 0 0 7 0 0 0
172 35 1 1 14 1 0 0 0 0 7 0 0 0
174 7 0 0 7 2 0 0 0 0 0 0 0 0
175 7 0 0 7 0 0 0 0 0 0 0 0 0
177 14 0 0 0 0 0 0 0 0 7 2 0 0
180 15 1 1 10 0 0 0 0 0 0 0 0 0
184 40 0 0 5 5 5 25 0 0 5 0 0 0
198 7 0 0 0 0 0 0 0 0 0 0 0 0
200 36 1 1 24 1 1 0 0 0 0 0 0 0
208 36 0 0 12 0 0 0 0 0 12 0 0 0
213 36 0 0 12 2 2 0 0 0 0 0 0 0
215 38 0 0 0 0 0 0 0 0 0 0 0 0
217 200 1 1 100 12 12 50 0 0 0 0 0 0
218 355 1 1 272 0 0 0 0 0 50 14 0 0
221 100 0 0 50 0 0 50 0 0 0 0 0 0
224 150 0 0 100 0 0 0 0 0 50 7 0 0
225 5 0 0 1 0 0 1 0 0 1 0 0 0
228 26 1 1 13 0 0 12 0 0 0 0 0 0
231 200 0 0 50 0 0 0 0 0 0 0 0 0
234 150 0 0 50 0 0 0 0 0 50 15 0 0
239 38 0 0 0 0 0 0 0 0 0 0 0 0
243 36 0 0 12 0 0 0 0 0 12 6 0 0
248 7 0 0 0 0 0 0 0 0 0 0 0 0
257 30 2 2 15 0 0 0 0 0 7 2 0 0
260 10 0 0 10 0 0 0 0 0 0 0 0 0
263 551 0 0 139 10 10 5 0 0 0 0 0 0
266 412 0 0 134 4 4 5 0 0 134 25 0 0
270 129 0 0 0 0 0 0 0 0 0 0 0 0
274 18 1 1 6 0 0 0 0 0 6 1 0 0
279 6 0 0 0 0 0 6 2 0 0 0 0 0
280 24 1 1 6 0 0 6 0 0 0 0 0 0
281 18 0 0 6 0 0 0 0 0 6 0 0 0
291 6 0 0 0 0 0 6 0 0 0 0 0 0
294 32 0 0 19 3 0 6 1 0 6 0 0 0
296 12 0 0 0 0 0 0 0 0 6 1 0 0
299 20 1 1 10 0 0 0 0 0 0 0 0 0
301 7 0 0 0 0 0 0 0 0 0 0 0 0
303 36 0 0 12 0 0 0 0 0 0 0 0 0
306 150 1 1 50 0 0 0 0 0 0 0 0 0
308 200 0 0 0 0 0 0 0 0 50 18 0 0
310 250 0 0 50 0 0 50 0 0 0 0 0 0
311 100 0 0 0 0 0 50 19 19 0 0 0 0
312 150 0 0 50 0 0 50 2 2 0 0 0 0
313 150 0 0 50 0 0 50 1 1 0 0 0 0
316 150 0 0 50 0 0 0 0 0 50 17 0 0
321 38 0 0 0 0 0 0 0 0 0 0 0 0
324 36 0 0 12 0 0 0 0 0 12 3 0 0
329 7 1 1 0 0 0 0 0 0 0 0 0 0
334 12 0 0 0 0 0 0 0 0 6 1 0 0
337 10 0 0 5 0 0 0 0 0 0 0 0 0
341 129 0 0 129 0 0 0 0 0 0 0 0 0
343 268 0 0 134 0 0 0 0 0 134 12 0 0
347 129 0 0 129 0 0 0 0 0 0 0 0 0
348 645 0 0 129 0 0 129 33 33 0 0 0 0
349 387 0 0 129 0 0 129 0 0 0 0 0 0
350 129 0 0 0 0 0 129 17 17 0 0 0 0
353 402 0 0 134 0 0 0 0 0 134 8 0 0
357 129 0 0 0 0 0 0 0 0 0 0 0 0
365 10 0 0 0 0 0 0 0 0 5 1 0 0
366 10 1 1 5 0 0 0 0 0 5 0 0 0
367 10 0 0 5 1 0 0 0 0 5 4 0 0
368 4 0 0 2 0 0 0 0 0 2 1 0 0
370 4 1 1 3 0 0 0 0 0 1 1 0 0
372 124 0 0 32 0 0 0 0 0 31 1 0 0
373 60 1 1 0 0 0 0 0 0 30 3 0 0
375 2 0 0 1 0 0 0 0 0 0 0 0 0
376 7 0 0 0 0 0 1 0 0 1 1 0 0
387 63 1 1 56 0 0 0 0 0 0 0 0 0
fl=./elf/./elf/do-rel.h
fn=_dl_relocate_object
49 42 1 1 14 3 0 0 0 0 0 0 0 0
50 42 0 0 14 0 0 14 0 0 0 0 0 0
51 7 0 0 7 0 0 0 0 0 0 0 0 0
53 70 0 0 28 2 0 0 0 0 0 0 0 0
72 8 0 0 0 0 0 0 0 0 0 0 0 0
73 9 1 1 0 0 0 7 1 0 0 0 0 0
80 42 0 0 14 0 0 0 0 0 14 12 0 0
83 3352 1 1 0 0 0 2 0 0 1114 2 0 0
85 4448 1 1 1112 418 418 0 0 0 1112 2 0 0
96 12 0 0 2 1 0 0 0 0 0 0 0 0
97 4 0 0 0 0 0 0 0 0 2 2 0 0
114 36 1 1 0 0 0 0 0 0 0 0 0 0
123 3091 0 0 0 0 0 0 0 0 1033 24 0 0
124 2042 0 0 1021 131 129 0 0 0 0 0 0 0
126 36 1 1 12 7 0 0 0 0 12 1 0 0
129 40 0 0 20 4 0 10 1 0 10 1 0 0
131 14214 1 1 3568 1 0 0 0 0 3550 31 0 0
133 17700 0 0 10620 2176 1212 0 0 0 0 0 0 0
134 14160 0 0 3540 0 0 3540 0 0 0 0 0 0
135 10620 0 0 7080 1 0 3540 0 0 0 0 0 0
136 14160 0 0 3540 2 0 0 0 0 0 0 0 0
138 10620 1 1 0 0 0 0 0 0 3540 8 0 0
141 272 0 0 68 0 0 68 0 0 0 0 0 0
142 68 1 1 0 0 0 68 1 0 0 0 0 0
143 68 0 0 0 0 0 0 0 0 0 0 0 0
147 3472 0 0 0 0 0 3472 0 0 0 0 0 0
150 10439 1 1 3472 0 0 0 0 0 3472 14 0 0
151 216 2 2 72 1 0 0 0 0 72 4 0 0
164 24 1 1 12 1 0 0 0 0 6 3 0 0
165 285 0 0 9 0 0 6 0 0 87 29 0 0
166 252 1 1 84 0 0 0 0 0 84 9 0 0
169 204 0 0 136 0 0 0 0 0 0 0 0 0
171 272 0 0 68 0 0 68 0 0 0 0 0 0
172 68 0 0 68 0 0 0 0 0 0 0 0 0
173 136 0 0 68 0 0 0 0 0 0 0 0 0
180 31 1 1 9 0 0 0 0 0 8 6 0 0
182 42 1 1 12 2 2 6 0 0 0 0 0 0
183 12 0 0 12 0 0 0 0 0 0 0 0 0
185 18 0 0 0 0 0 0 0 0 6 0 0 0
193 6 0 0 0 0 0 6 0 0 0 0 0 0
196 18 0 0 6 0 0 0 0 0 6 0 0 0
211 7 1 1 4 0 0 0 0 0 1 1 0 0
fn=_dl_start
49 6 0 0 2 0 0 0 0 0 0 0 0 0
50 4 0 0 2 0 0 0 0 0 0 0 0 0
51 1 0 0 1 0 0 0 0 0 0 0 0 0
53 10 1 1 4 0 0 0 0 0 0 0 0 0
56 4 0 0 0 0 0 0 0 0 2 2 0 0
61 13 1 1 0 0 0 0 0 0 5 3 0 0
63 9 1 1 3 1 1 0 0 0 0 0 0 0
64 6 0 0 0 0 0 0 0 0 0 0 0 0
65 3 0 0 3 0 0 0 0 0 0 0 0 0
fl=./elf/./elf/get-dynamic-info.h
fn=_dl_map_object_from_fd
39 10 0 0 0 0 0 0 0 0 5 0 0 0
43 5 0 0 0 0 0 0 0 0 0 0 0 0
45 567 0 0 143 39 39 0 0 0 143 10 0 0
49 276 0 0 0 0 0 0 0 0 138 41 0 0
51 74 1 1 0 0 0 0 0 0 37 4 0 0
52 37 0 0 0 0 0 0 0 0 0 0 0 0
53 6 0 0 0 0 0 0 0 0 0 0 0 0
54 129 1 1 0 0 0 0 0 0 31 5 0 0
55 109 0 0 0 0 0 0 0 0 0 0 0 0
56 25 1 1 0 0 0 0 0 0 5 2 0 0
59 20 1 1 0 0 0 0 0 0 5 0 0 0
62 20 0 0 0 0 0 0 0 0 5 0 0 0
64 20 0 0 0 0 0 0 0 0 0 0 0 0
68 138 0 0 0 0 0 138 33 33 0 0 0 0
72 20 0 0 5 0 0 0 0 0 10 0 0 0
84 17 1 1 7 0 0 0 0 0 5 2 0 0
85 20 0 0 10 0 0 0 0 0 5 0 0 0
86 20 0 0 10 0 0 0 0 0 5 2 0 0
87 20 0 0 10 0 0 0 0 0 5 0 0 0
88 17 0 0 7 3 3 0 0 0 5 2 0 0
89 19 1 1 9 1 1 0 0 0 5 1 0 0
90 19 0 0 9 1 1 0 0 0 5 1 0 0
91 20 0 0 10 0 0 0 0 0 5 0 0 0
103 40 1 1 10 0 0 5 0 0 10 0 0 0
110 16 0 0 5 0 0 0 0 0 5 3 0 0
115 8 0 0 4 0 0 0 0 0 4 0 0 0
122 8 0 0 4 0 0 0 0 0 4 0 0 0
123 15 1 1 10 0 0 0 0 0 5 0 0 0
129 15 0 0 5 0 0 0 0 0 5 4 0 0
130 6 0 0 4 0 0 0 0 0 2 0 0 0
147 15 0 0 5 0 0 0 0 0 5 3 0 0
152 4 0 0 2 0 0 2 1 1 0 0 0 0
154 4 0 0 0 0 0 0 0 0 2 2 0 0
156 4 0 0 0 0 0 0 0 0 2 2 0 0
158 4 0 0 0 0 0 0 0 0 2 2 0 0
159 4 0 0 0 0 0 2 0 0 0 0 0 0
162 15 1 1 5 0 0 0 0 0 5 2 0 0
164 9 1 1 3 0 0 3 0 0 0 0 0 0
165 6 0 0 0 0 0 0 0 0 3 0 0 0
174 6 0 0 3 0 0 0 0 0 0 0 0 0
175 9 1 1 0 0 0 0 0 0 3 3 0 0
180 6 0 0 0 0 0 0 0 0 3 2 0 0
181 6 0 0 2 0 0 2 0 0 0 0 0 0
184 10 0 0 5 0 0 0 0 0 5 5 0 0
fl=./elf/./elf/libc-dl-profstub.c
fn=_dl_mcount_wrapper_check
36 128 1 1 0 0 0 0 0 0 0 0 0 0
37 384 1 1 256 0 0 0 0 0 128 2 0 0
38 128 0 0 128 0 0 0 0 0 0 0 0 0
fl=./elf/./elf/libc_early_init.c
fn=__libc_early_init
33 9 1 1 1 0 0 3 0 0 0 0 0 0
35 1 0 0 0 0 0 1 0 0 0 0 0 0
38 2 0 0 1 1 0 1 1 1 0 0 0 0
41 2 0 0 0 0 0 2 1 1 0 0 0 0
47 4 0 0 2 0 0 0 0 0 1 0 0 0
49 2 0 0 2 0 0 0 0 0 0 0 0 0
fl=./elf/./elf/rtld.c
fn=_dl_start
85 8 0 0 0 0 0 2 1 1 0 0 0 0
458 2 0 0 0 0 0 1 0 0 0 0 0 0
476 3 0 0 0 0 0 1 0 0 0 0 0 0
477 1 0 0 0 0 0 1 0 0 0 0 0 0
478 2 0 0 1 0 0 1 1 1 0 0 0 0
488 1 0 0 0 0 0 1 0 0 0 0 0 0
494 4 2 1 1 0 0 1 0 0 0 0 0 0
496 2 0 0 1 0 0 0 0 0 1 0 0 0
517 16 2 2 0 0 0 8 2 2 0 0 0 0
543 1 0 0 0 0 0 1 1 1 0 0 0 0
546 2 1 1 0 0 0 1 1 1 0 0 0 0
547 4 0 0 1 1 1 0 0 0 0 0 0 0
563 190 5 5 24 5 5 5 0 0 57 24 0 0
565 1 0 0 1 0 0 0 0 0 0 0 0 0
578 1 1 1 0 0 0 1 0 0 0 0 0 0
585 9 1 1 7 2 0 0 0 0 0 0 0 0
fn=dl_main
85 17 2 2 0 0 0 1 0 0 0 0 0 0
92 12 1 1 0 0 0 0 0 0 0 0 0 0
93 2 0 0 0 0 0 1 1 0 0 0 0 0
101 9 0 0 4 0 0 0 0 0 0 0 0 0
197 2 0 0 0 0 0 1 0 0 0 0 0 0
199 1 0 0 0 0 0 1 0 0 0 0 0 0
224 3 0 0 3 0 0 0 0 0 0 0 0 0
225 5 0 0 3 0 0 0 0 0 1 1 0 0
226 4 1 1 0 0 0 0 0 0 2 1 0 0
296 3 1 1 0 0 0 3 0 0 0 0 0 0
302 1 0 0 0 0 0 1 0 0 0 0 0 0
303 1 0 0 0 0 0 1 0 0 0 0 0 0
837 1 0 0 1 0 0 0 0 0 0 0 0 0
839 1 0 0 0 0 0 1 0 0 0 0 0 0
848 1 1 1 0 0 0 1 0 0 0 0 0 0
850 1 0 0 0 0 0 1 0 0 0 0 0 0
855 1 0 0 0 0 0 1 0 0 0 0 0 0
1115 1 0 0 1 0 0 0 0 0 0 0 0 0
1116 1 1 1 1 0 0 0 0 0 0 0 0 0
1118 1 0 0 0 0 0 1 0 0 0 0 0 0
1122 3 0 0 2 1 1 1 1 1 0 0 0 0
1124 1 0 0 1 0 0 0 0 0 0 0 0 0
1125 1 0 0 1 0 0 0 0 0 0 0 0 0
1140 1 0 0 0 0 0 0 0 0 0 0 0 0
1143 46 4 4 0 0 0 0 0 0 14 11 0 0
1144 117 1 1 22 6 6 0 0 0 29 7 9 5
1148 3 1 1 1 0 0 1 0 0 0 0 0 0
1153 3 0 0 2 0 0 1 0 0 0 0 0 0
1154 9 1 1 2 0 0 1 0 0 0 0 0 0
1163 2 0 0 0 0 0 1 0 0 0 0 0 0
1164 2 0 0 2 1 1 0 0 0 0 0 0 0
1166 1 0 0 0 0 0 1 0 0 0 0 0 0
1173 3 1 1 1 0 0 0 0 0 1 0 0 0
1191 2 0 0 0 0 0 1 0 0 0 0 0 0
1199 8 0 0 4 0 0 0 0 0 0 0 0 0
1200 17 0 0 5 1 1 0 0 0 0 0 0 0
1201 8 0 0 4 0 0 0 0 0 4 3 0 0
1202 1 0 0 0 0 0 1 0 0 0 0 0 0
1204 12 0 0 4 0 0 0 0 0 0 0 0 0
1205 14 0 0 0 0 0 0 0 0 7 3 0 0
1209 8 0 0 4 3 3 0 0 0 0 0 0 0
1210 8 0 0 4 0 0 0 0 0 4 0 0 0
1211 4 0 0 0 0 0 4 0 0 0 0 0 0
1215 12 0 0 0 0 0 0 0 0 0 0 0 0
1243 2 1 1 1 0 0 1 1 1 0 0 0 0
1247 3 0 0 2 1 1 1 0 0 0 0 0 0
1253 28 0 0 1 0 0 0 0 0 13 1 0 0
1254 61 0 0 13 0 0 0 0 0 24 13 0 0
1260 17 0 0 0 0 0 1 0 0 0 0 0 0
1266 4 0 0 2 1 1 0 0 0 1 1 0 0
1269 3 1 1 2 0 0 0 0 0 1 1 0 0
1271 3 0 0 1 0 0 0 0 0 1 0 0 0
1346 13 2 2 0 0 0 9 1 1 0 0 0 0
1351 1 0 0 0 0 0 0 0 0 0 0 0 0
1352 1 0 0 0 0 0 1 0 0 0 0 0 0
1357 1 0 0 0 0 0 1 1 1 0 0 0 0
1373 3 0 0 2 0 0 1 0 0 0 0 0 0
1374 4 1 1 2 0 0 0 0 0 1 1 0 0
1637 10 1 1 0 0 0 3 0 0 0 0 0 0
1639 2 0 0 0 0 0 0 0 0 1 0 0 0
1640 3 1 1 0 0 0 1 0 0 0 0 0 0
1641 2 0 0 1 0 0 1 0 0 0 0 0 0
1642 3 0 0 2 0 0 1 0 0 0 0 0 0
1646 2 0 0 0 0 0 1 0 0 0 0 0 0
1647 2 0 0 1 0 0 0 0 0 1 0 0 0
1672 3 1 1 1 0 0 0 0 0 1 0 0 0
1673 5 0 0 1 0 0 1 0 0 1 0 0 0
1674 3 0 0 2 0 0 0 0 0 0 0 0 0
1675 3 0 0 3 0 0 0 0 0 0 0 0 0
1678 1 0 0 0 0 0 1 0 0 0 0 0 0
1680 1 1 1 0 0 0 1 1 1 0 0 0 0
1681 1 0 0 0 0 0 1 0 0 0 0 0 0
1683 2 0 0 1 0 0 0 0 0 1 0 0 0
1684 2 0 0 0 0 0 1 0 0 0 0 0 0
1688 2 0 0 1 0 0 0 0 0 1 0 0 0
1690 2 1 1 0 0 0 0 0 0 1 0 0 0
1698 4 0 0 2 0 0 0 0 0 1 1 0 0
1705 2 1 1 1 0 0 1 0 0 0 0 0 0
1708 2 1 1 1 0 0 0 0 0 1 0 0 0
1733 4 1 1 1 0 0 1 0 0 0 0 0 0
1735 1 0 0 0 0 0 1 0 0 0 0 0 0
1740 2 0 0 1 0 0 0 0 0 1 1 0 0
1743 4 1 1 2 0 0 1 0 0 0 0 0 0
1744 4 0 0 1 0 0 1 0 0 0 0 0 0
1745 3 1 1 2 0 0 1 0 0 0 0 0 0
1746 1 0 0 0 0 0 1 0 0 0 0 0 0
1747 1 0 0 1 0 0 0 0 0 0 0 0 0
1748 1 0 0 1 0 0 0 0 0 0 0 0 0
1759 2 0 0 1 1 1 0 0 0 1 0 0 0
1760 2 0 0 1 0 0 0 0 0 1 0 0 0
1762 2 1 1 1 0 0 0 0 0 0 0 0 0
1764 1 0 0 0 0 0 1 0 0 0 0 0 0
1765 3 0 0 1 0 0 1 0 0 0 0 0 0
1770 5 1 1 0 0 0 0 0 0 1 1 0 0
1771 5 0 0 1 1 1 0 0 0 1 1 0 0
1773 3 2 2 2 1 1 1 1 1 0 0 0 0
1779 2 0 0 1 1 1 0 0 0 1 1 0 0
1788 2 1 1 1 0 0 0 0 0 1 0 0 0
1792 1 0 0 0 0 0 0 0 0 0 0 0 0
1793 2 0 0 1 0 0 0 0 0 1 0 0 0
1817 2 1 1 0 0 0 2 0 0 0 0 0 0
1823 1 0 0 0 0 0 1 0 0 0 0 0 0
1824 1 0 0 0 0 0 1 0 0 0 0 0 0
1825 1 0 0 0 0 0 0 0 0 0 0 0 0
1829 3 0 0 1 0 0 1 0 0 0 0 0 0
1834 3 1 1 2 0 0 0 0 0 1 0 0 0
1836 1 0 0 0 0 0 0 0 0 0 0 0 0
1838 2 0 0 1 0 0 0 0 0 1 1 0 0
1842 5 1 1 2 0 0 1 0 0 0 0 0 0
1847 2 0 0 1 0 0 0 0 0 1 0 0 0
1863 6 1 1 0 0 0 1 0 0 1 0 0 0
1939 4 0 0 2 0 0 0 0 0 1 1 0 0
1943 19 2 2 1 0 0 0 0 0 2 1 0 0
1944 1 0 0 0 0 0 0 0 0 0 0 0 0
1947 3 0 0 0 0 0 1 0 0 0 0 0 0
1948 1 1 1 1 0 0 0 0 0 0 0 0 0
1949 2 0 0 0 0 0 0 0 0 1 0 0 0
1950 2 0 0 0 0 0 0 0 0 1 0 0 0
1955 3 0 0 1 0 0 0 0 0 1 1 0 0
1965 9 1 1 2 0 0 1 0 0 0 0 0 0
1971 31 1 1 1 0 0 0 0 0 8 6 0 0
1972 18 0 0 15 0 0 0 0 0 0 0 0 0
1975 3 0 0 2 0 0 1 0 0 0 0 0 0
1976 2 1 1 0 0 0 0 0 0 1 0 0 0
1977 1 0 0 0 0 0 1 0 0 0 0 0 0
1979 26 0 0 1 0 0 0 0 0 6 0 0 0
1980 12 0 0 6 0 0 0 0 0 6 5 0 0
1984 2 1 1 0 0 0 0 0 0 1 0 0 0
1990 1 1 1 0 0 0 1 0 0 0 0 0 0
1992 3 0 0 1 0 0 1 0 0 0 0 0 0
1993 2 0 0 0 0 0 0 0 0 1 0 0 0
1995 2 0 0 0 0 0 1 0 0 0 0 0 0
1997 3 0 0 0 0 0 0 0 0 1 1 0 0
1999 3 1 1 1 0 0 0 0 0 0 0 0 0
2000 1 0 0 1 0 0 0 0 0 0 0 0 0
2001 2 0 0 0 0 0 0 0 0 1 1 0 0
2013 2 0 0 0 0 0 0 0 0 1 0 0 0
2014 2 0 0 1 0 0 1 0 0 0 0 0 0
2015 3 0 0 1 0 0 0 0 0 1 1 0 0
2026 5 0 0 1 0 0 1 0 0 0 0 0 0
2027 4 0 0 0 0 0 1 0 0 0 0 0 0
2028 5 1 1 0 0 0 1 0 0 0 0 0 0
2038 2 0 0 1 0 0 1 0 0 0 0 0 0
2039 2 0 0 1 0 0 0 0 0 1 1 0 0
2040 4 1 1 0 0 0 2 0 0 0 0 0 0
2042 2 0 0 0 0 0 0 0 0 1 0 0 0
2047 3 0 0 1 0 0 0 0 0 1 0 0 0
2246 3 0 0 1 0 0 1 0 0 0 0 0 0
2250 3 0 0 1 0 0 2 1 0 0 0 0 0
2256 2 1 1 1 0 0 1 0 0 0 0 0 0
2259 2 0 0 1 0 0 0 0 0 1 0 0 0
2267 2 0 0 2 0 0 0 0 0 0 0 0 0
2279 3 1 1 1 0 0 0 0 0 0 0 0 0
2282 3 0 0 1 0 0 1 0 0 0 0 0 0
2284 3 0 0 1 0 0 0 0 0 1 1 0 0
2285 6 0 0 1 0 0 1 0 0 0 0 0 0
2292 2 0 0 2 1 0 0 0 0 0 0 0 0
2293 30 0 0 3 1 0 1 1 0 8 3 0 0
2295 14 1 1 14 4 0 0 0 0 0 0 0 0
2300 14 0 0 14 8 0 0 0 0 0 0 0 0
2302 16 0 0 0 0 0 0 0 0 8 4 0 0
2304 1 1 1 0 0 0 1 1 0 0 0 0 0
2305 1 0 0 1 0 0 0 0 0 0 0 0 0
2308 7 0 0 7 1 0 0 0 0 0 0 0 0
2310 14 0 0 0 0 0 0 0 0 7 1 0 0
2311 48 0 0 12 7 0 6 0 0 0 0 0 0
2315 20 1 1 10 6 0 0 0 0 10 4 0 0
2316 9 0 0 0 0 0 3 0 0 0 0 0 0
2325 2 0 0 1 0 0 0 0 0 1 0 0 0
2329 4 0 0 2 1 0 0 0 0 2 0 0 0
2331 1 0 0 1 1 0 0 0 0 0 0 0 0
2338 4 1 1 1 0 0 1 0 0 0 0 0 0
2341 2 0 0 1 1 0 0 0 0 1 1 0 0
2345 3 1 1 2 1 0 0 0 0 1 0 0 0
2347 2 0 0 1 0 0 0 0 0 1 1 0 0
2357 1 1 1 0 0 0 1 0 0 0 0 0 0
2362 3 0 0 1 0 0 1 0 0 0 0 0 0
2365 1 0 0 0 0 0 1 0 0 0 0 0 0
2371 1 0 0 1 0 0 0 0 0 0 0 0 0
2372 5 1 1 2 0 0 1 0 0 0 0 0 0
2380 3 0 0 1 0 0 1 0 0 0 0 0 0
2387 1 0 0 0 0 0 1 0 0 0 0 0 0
2390 3 0 0 0 0 0 1 0 0 0 0 0 0
2394 3 0 0 0 0 0 1 0 0 0 0 0 0
2395 1 0 0 0 0 0 1 1 0 0 0 0 0
2396 1 0 0 0 0 0 1 0 0 0 0 0 0
2397 1 0 0 0 0 0 0 0 0 0 0 0 0
2401 1 0 0 0 0 0 1 0 0 0 0 0 0
2406 8 0 0 7 2 0 0 0 0 0 0 0 0
2538 1 0 0 1 0 0 0 0 0 0 0 0 0
2598 1 0 0 0 0 0 1 1 1 0 0 0 0
2600 2 0 0 0 0 0 0 0 0 0 0 0 0
2602 15 1 1 0 0 0 3 0 0 3 1 0 0
2604 2 0 0 0 0 0 0 0 0 0 0 0 0
2606 107 0 0 21 0 0 0 0 0 40 10 0 0
2607 19 0 0 0 0 0 0 0 0 0 0 0 0
2615 13 1 1 2 2 2 0 0 0 2 0 2 2
2640 2 1 1 1 0 0 0 0 0 1 0 0 0
2650 4 1 1 2 0 0 0 0 0 2 1 0 0
2652 2 0 0 0 0 0 1 0 0 0 0 0 0
2653 1 0 0 0 0 0 0 0 0 0 0 0 0
2687 5 2 2 2 0 0 0 0 0 2 1 0 0
2689 2 0 0 0 0 0 1 0 0 0 0 0 0
2690 2 0 0 0 0 0 1 0 0 0 0 0 0
2691 1 0 0 0 0 0 0 0 0 0 0 0 0
2727 5 0 0 1 0 0 0 0 0 1 0 0 0
2749 3 0 0 1 0 0 0 0 0 1 0 0 0
fn=handle_preload_list
183 3 0 0 1 0 0 0 0 0 1 0 0 0
806 1 0 0 0 0 0 1 0 0 0 0 0 0
810 2 0 0 0 0 0 1 0 0 0 0 0 0
811 2 0 0 1 0 0 1 0 0 0 0 0 0
812 1 0 0 0 0 0 1 0 0 0 0 0 0
814 1 0 0 1 0 0 0 0 0 0 0 0 0
816 6 1 1 0 0 0 1 0 0 0 0 0 0
817 3 0 0 1 0 0 0 0 0 1 0 0 0
825 3 0 0 1 0 0 0 0 0 0 0 0 0
869 13 2 2 1 1 1 8 1 1 0 0 0 0
870 3 0 0 0 0 0 0 0 0 0 0 0 0
874 5 0 0 2 0 0 0 0 0 2 0 0 0
877 4 1 1 0 0 0 1 0 0 0 0 0 0
878 3 0 0 0 0 0 0 0 0 1 1 0 0
880 4 1 1 0 0 0 1 0 0 0 0 0 0
881 2 0 0 0 0 0 1 0 0 0 0 0 0
887 1 0 0 0 0 0 0 0 0 0 0 0 0
889 2 0 0 1 0 0 0 0 0 0 0 0 0
891 2 1 1 1 0 0 0 0 0 1 0 0 0
892 1 0 0 0 0 0 0 0 0 0 0 0 0
895 9 0 0 7 0 0 0 0 0 0 0 0 0
fn=init_tls
734 4 1 1 0 0 0 3 0 0 0 0 0 0
736 2 0 0 1 1 0 1 0 0 0 0 0 0
740 3 0 0 1 1 0 0 0 0 1 0 0 0
746 2 0 0 0 0 0 1 1 1 0 0 0 0
749 1 0 0 0 0 0 1 0 0 0 0 0 0
750 1 0 0 0 0 0 0 0 0 0 0 0 0
751 1 0 0 0 0 0 0 0 0 0 0 0 0
755 1 0 0 0 0 0 0 0 0 0 0 0 0
757 1 0 0 0 0 0 1 0 0 0 0 0 0
761 2 1 1 1 1 1 0 0 0 1 0 0 0
762 2 0 0 0 0 0 0 0 0 0 0 0 0
763 18 0 0 1 0 0 0 0 0 8 6 0 0
764 7 1 1 7 0 0 0 0 0 0 0 0 0
765 14 1 1 7 3 0 0 0 0 7 5 0 0
769 9 0 0 0 0 0 3 0 0 0 0 0 0
771 3 0 0 0 0 0 0 0 0 0 0 0 0
773 3 0 0 1 0 0 0 0 0 1 0 0 0
776 2 0 0 0 0 0 1 0 0 0 0 0 0
779 1 0 0 0 0 0 1 0 0 0 0 0 0
786 2 1 1 0 0 0 1 0 0 0 0 0 0
787 2 0 0 0 0 0 0 0 0 1 0 0 0
793 2 0 0 1 0 0 1 0 0 0 0 0 0
797 1 0 0 0 0 0 1 0 0 0 0 0 0
800 5 0 0 4 0 0 0 0 0 0 0 0 0
fn=map_doit
641 6 1 1 0 0 0 2 0 0 0 0 0 0
643 4 0 0 1 0 0 0 0 0 0 0 0 0
644 6 0 0 2 0 0 2 1 1 0 0 0 0
646 3 0 0 3 0 0 0 0 0 0 0 0 0
fn=version_check_doit
674 6 2 2 0 0 0 2 0 0 0 0 0 0
676 6 0 0 2 0 0 1 0 0 1 1 0 0
680 3 0 0 3 0 0 0 0 0 0 0 0 0
fl=./elf/./get-dynamic-info.h
fn=_dl_start
45 75 0 0 19 5 5 0 0 0 19 2 0 0
49 36 0 0 0 0 0 0 0 0 18 12 0 0
51 10 0 0 0 0 0 0 0 0 5 0 0 0
52 5 1 1 0 0 0 0 0 0 0 0 0 0
54 20 0 0 0 0 0 0 0 0 5 1 0 0
55 16 0 0 0 0 0 0 0 0 0 0 0 0
56 5 0 0 0 0 0 0 0 0 1 1 0 0
59 4 1 1 0 0 0 0 0 0 1 1 0 0
62 4 1 1 0 0 0 0 0 0 1 0 0 0
64 4 0 0 0 0 0 0 0 0 0 0 0 0
68 18 0 0 0 0 0 18 7 7 0 0 0 0
72 3 0 0 0 0 0 0 0 0 1 0 0 0
84 4 0 0 2 0 0 0 0 0 1 0 0 0
85 3 0 0 1 0 0 0 0 0 1 1 0 0
86 4 1 1 2 0 0 0 0 0 1 0 0 0
87 4 0 0 2 0 0 0 0 0 1 0 0 0
88 5 0 0 2 0 0 0 0 0 1 0 0 0
89 3 1 1 1 0 0 0 0 0 1 1 0 0
90 4 0 0 2 0 0 0 0 0 1 0 0 0
91 4 0 0 2 0 0 0 0 0 1 0 0 0
103 10 2 2 2 0 0 1 0 0 2 1 0 0
110 3 0 0 1 1 1 0 0 0 1 1 0 0
123 3 2 2 2 0 0 0 0 0 1 0 0 0
129 3 0 0 1 0 0 0 0 0 1 0 0 0
130 3 0 0 2 0 0 0 0 0 1 0 0 0
133 2 0 0 1 0 0 0 0 0 1 0 0 0
134 3 0 0 1 0 0 0 0 0 1 0 0 0
139 5 1 1 2 0 0 0 0 0 2 0 0 0
142 5 0 0 2 0 0 0 0 0 2 0 0 0
fn=dl_main
39 4 0 0 2 0 0 0 0 0 1 0 0 0
43 1 0 0 0 0 0 0 0 0 0 0 0 0
45 115 0 0 29 8 8 0 0 0 29 2 0 0
49 56 1 1 0 0 0 0 0 0 28 9 0 0
51 12 0 0 0 0 0 0 0 0 6 0 0 0
52 6 0 0 0 0 0 0 0 0 0 0 0 0
54 25 0 0 0 0 0 0 0 0 6 1 0 0
55 21 0 0 0 0 0 0 0 0 0 0 0 0
56 5 1 1 0 0 0 0 0 0 1 0 0 0
59 4 0 0 0 0 0 0 0 0 1 1 0 0
62 4 1 1 0 0 0 0 0 0 1 0 0 0
64 4 0 0 0 0 0 0 0 0 0 0 0 0
68 28 0 0 0 0 0 28 8 8 0 0 0 0
72 7 1 1 4 0 0 0 0 0 2 1 0 0
84 3 0 0 1 0 0 0 0 0 1 1 0 0
85 5 1 1 3 0 0 0 0 0 1 0 0 0
86 5 0 0 3 0 0 0 0 0 1 0 0 0
87 5 0 0 3 0 0 0 0 0 1 0 0 0
88 4 0 0 2 0 0 0 0 0 1 1 0 0
89 5 1 1 3 0 0 0 0 0 1 0 0 0
90 5 0 0 3 0 0 0 0 0 1 0 0 0
91 5 1 1 3 0 0 0 0 0 1 0 0 0
103 9 0 0 3 0 0 1 0 0 2 0 0 0
110 3 0 0 1 0 0 0 0 0 1 1 0 0
115 2 1 1 1 0 0 0 0 0 1 0 0 0
122 3 0 0 2 0 0 0 0 0 1 0 0 0
123 4 1 1 3 0 0 0 0 0 1 0 0 0
129 3 0 0 1 0 0 0 0 0 1 1 0 0
147 4 0 0 2 0 0 0 0 0 1 0 0 0
152 2 1 1 1 0 0 1 1 1 0 0 0 0
154 2 0 0 0 0 0 0 0 0 1 1 0 0
156 2 0 0 0 0 0 0 0 0 1 1 0 0
158 2 0 0 0 0 0 0 0 0 1 0 0 0
159 2 0 0 1 0 0 1 0 0 0 0 0 0
162 4 1 1 2 0 0 0 0 0 1 0 0 0
164 3 0 0 1 0 0 1 0 0 0 0 0 0
165 2 0 0 0 0 0 0 0 0 1 1 0 0
174 2 0 0 1 0 0 0 0 0 0 0 0 0
175 3 1 1 0 0 0 0 0 0 1 1 0 0
180 2 0 0 0 0 0 0 0 0 1 0 0 0
181 3 1 1 2 0 0 1 0 0 0 0 0 0
184 3 0 0 2 0 0 0 0 0 1 1 0 0
fl=./elf/./setup-vdso.h
fn=dl_main
24 2 0 0 1 0 0 0 0 0 1 1 0 0
fl=./iconv/./iconv/gconv_simple.c
fn=__gconv_btwoc_ascii
49 128 1 1 0 0 0 0 0 0 0 0 0 0
51 512 0 0 0 0 0 0 0 0 0 0 0 0
54 128 0 0 128 0 0 0 0 0 0 0 0 0
fl=./io/../sysdeps/posix/isatty.c
fn=isatty
24 7 1 1 1 0 0 2 0 0 0 0 0 0
27 4 1 1 0 0 0 1 0 0 0 0 0 0
28 6 0 0 4 0 0 0 0 0 1 0 0 0
fl=./io/../sysdeps/unix/sysv/linux/access.c
fn=access
25 1 0 0 0 0 0 0 0 0 0 0 0 0
27 7 0 0 0 0 0 1 0 0 1 1 0 0
31 1 0 0 1 0 0 0 0 0 0 0 0 0
fl=./io/../sysdeps/unix/sysv/linux/close_nocancel.c
fn=__GI___close_nocancel
25 6 1 1 0 0 0 0 0 0 0 0 0 0
26 24 0 0 0 0 0 0 0 0 6 0 0 0
27 6 0 0 6 0 0 0 0 0 0 0 0 0
fl=./io/../sysdeps/unix/sysv/linux/fstat64.c
fn=fstat
30 8 2 2 0 0 0 0 0 0 0 0 0 0
39 32 2 2 0 0 0 0 0 0 8 1 0 0
72 8 0 0 8 0 0 0 0 0 0 0 0 0
fl=./io/../sysdeps/unix/sysv/linux/fstatat64.c
fn=fstatat
91 6 0 0 0 0 0 0 0 0 0 0 0 0
146 6 0 0 0 0 0 0 0 0 0 0 0 0
160 4 1 1 0 0 0 2 0 0 0 0 0 0
161 11 0 0 2 0 0 0 0 0 3 3 0 0
162 1 0 0 1 0 0 0 0 0 0 0 0 0
fl=./io/../sysdeps/unix/sysv/linux/open64_nocancel.c
fn=__open_nocancel
28 48 1 1 0 0 0 24 1 1 0 0 0 0
31 84 0 0 0 0 0 0 0 0 24 0 0 0
39 102 1 1 0 0 0 6 0 0 12 4 0 0
41 24 0 0 24 0 0 0 0 0 0 0 0 0
fl=./io/../sysdeps/unix/sysv/linux/pread64_nocancel.c
fn=__pread64_nocancel
25 4 0 0 0 0 0 0 0 0 0 0 0 0
26 8 0 0 0 0 0 0 0 0 2 0 0 0
27 2 0 0 2 0 0 0 0 0 0 0 0 0
fl=./io/../sysdeps/unix/sysv/linux/read.c
fn=read
25 17 2 1 0 0 0 0 0 0 0 0 0 0
26 102 0 0 17 0 0 0 0 0 34 0 0 0
27 17 0 0 17 0 0 0 0 0 0 0 0 0
fl=./io/../sysdeps/unix/sysv/linux/read_nocancel.c
fn=__read_nocancel
25 5 1 1 0 0 0 0 0 0 0 0 0 0
26 20 0 0 0 0 0 0 0 0 5 0 0 0
27 5 0 0 5 0 0 0 0 0 0 0 0 0
fl=./io/../sysdeps/unix/sysv/linux/stat64.c
fn=stat
28 6 0 0 0 0 0 0 0 0 0 0 0 0
29 12 0 0 0 0 0 0 0 0 0 0 0 0
fl=./io/../sysdeps/unix/sysv/linux/write.c
fn=write
25 2915 16 1 0 0 0 0 0 0 0 0 0 0
26 17490 0 0 2915 0 0 0 0 0 5830 0 0 0
27 2915 0 0 2915 0 0 0 0 0 0 0 0 0
fl=./libio/../include/printf_buffer.h
fn=vsnprintf
124 5724 0 0 0 0 0 1908 7 0 0 0 0 0
127 1908 0 0 0 0 0 1908 0 0 0 0 0 0
128 1908 0 0 0 0 0 1908 0 0 0 0 0 0
137 3816 0 0 0 0 0 1908 0 0 0 0 0 0
fl=./libio/../include/sys/sysmacros.h
fn=_IO_file_doallocate
47 6 0 0 0 0 0 0 0 0 0 0 0 0
fl=./libio/./libio/filedoalloc.c
fn=_IO_file_doallocate
68 2 0 0 2 2 0 0 0 0 0 0 0 0
69 2 0 0 1 0 0 1 0 0 0 0 0 0
70 1 0 0 0 0 0 1 0 0 0 0 0 0
78 22 2 2 2 0 0 10 0 0 0 0 0 0
84 18 1 1 6 2 0 2 0 0 4 0 2 2
86 8 0 0 2 0 0 0 0 0 2 1 0 0
89 2 1 1 0 0 0 0 0 0 1 1 0 0
91 5 1 1 1 0 0 0 0 0 1 0 0 0
97 8 0 0 2 0 0 0 0 0 2 0 0 0
101 6 0 0 0 0 0 2 0 0 0 0 0 0
102 4 0 0 0 0 0 0 0 0 2 0 0 0
104 8 1 1 0 0 0 2 0 0 0 0 0 0
105 2 0 0 0 0 0 0 0 0 0 0 0 0
106 18 0 0 14 0 0 0 0 0 2 1 0 0
fl=./libio/./libio/fileops.c
fn=_IO_do_write@@GLIBC_2.2.5
424 34981 1 1 0 0 0 17490 0 0 0 0 0 0
426 20408 0 0 0 0 0 0 0 0 2916 7 0 0
427 23321 0 0 20406 0 0 0 0 0 0 0 0 0
434 5830 18 1 2915 0 0 0 0 0 2915 187 0 0
441 11660 0 0 5830 0 0 0 0 0 2915 4 0 0
444 2915 0 0 2915 0 0 0 0 0 0 0 0 0
449 14575 0 0 2915 134 0 2915 4 0 0 0 2915 1
450 14575 16 1 2915 0 0 0 0 0 2915 0 0 0
452 8745 0 0 2915 0 0 5830 0 0 0 0 0 0
453 5830 0 0 0 0 0 2915 0 0 0 0 0 0
454 2915 0 0 0 0 0 2915 0 0 0 0 0 0
455 8745 1 1 2915 0 0 0 0 0 2915 0 0 0
456 14575 0 0 5830 0 0 0 0 0 2915 2 0 0
fn=_IO_file_overflow@@GLIBC_2.2.5
732 7344 74 2 0 0 0 3672 0 0 0 0 0 0
733 3672 0 0 918 0 0 0 0 0 918 0 0 0
740 4588 0 0 918 0 0 0 0 0 1835 6 0 0
743 2 1 1 0 0 0 0 0 0 1 1 0 0
745 2 1 1 0 0 0 1 0 0 0 0 0 0
746 6 0 0 1 0 0 2 0 0 0 0 0 0
755 3 1 1 1 0 0 0 0 0 1 0 0 0
764 3 0 0 1 0 0 0 0 0 1 0 0 0
765 1 0 0 0 0 0 0 0 0 0 0 0 0
766 1 0 0 0 0 0 1 0 0 0 0 0 0
767 1 0 0 0 0 0 1 0 0 0 0 0 0
768 1 0 0 0 0 0 1 0 0 0 0 0 0
769 3 0 0 1 0 0 2 0 0 0 0 0 0
771 3 0 0 0 0 0 1 0 0 0 0 0 0
772 5 1 1 1 0 0 0 0 0 1 1 0 0
775 1836 1 1 0 0 0 0 0 0 918 16 0 0
776 1826 0 0 0 0 0 0 0 0 0 0 0 0
777 1830 0 0 917 0 0 0 0 0 0 0 0 0
778 10 0 0 5 0 0 0 0 0 5 2 0 0
779 40 10 1 5 0 0 5 0 0 10 4 0 0
781 25 5 0 5 0 0 10 0 0 0 0 0 0
782 15 0 0 5 0 0 0 0 0 5 0 0 0
783 20 0 0 0 0 0 0 0 0 5 0 0 0
787 5 0 0 0 0 0 0 0 0 0 0 0 0
788 4595 0 0 3677 0 0 0 0 0 0 0 0 0
fn=_IO_file_read
1131 17 17 1 0 0 0 0 0 0 0 0 0 0
1133 17 0 0 17 0 0 0 0 0 0 0 0 0
1134 51 9 0 17 0 0 0 0 0 17 0 0 0
fn=_IO_file_setbuf@@GLIBC_2.2.5
382 12 1 1 0 0 0 4 0 0 0 0 0 0
383 6 0 0 0 0 0 2 0 0 2 0 0 0
386 2 0 0 2 0 0 0 0 0 0 0 0 0
388 6 0 0 0 0 0 6 0 0 0 0 0 0
390 4 0 0 0 0 0 0 0 0 0 0 0 0
391 6 0 0 6 0 0 0 0 0 0 0 0 0
fn=_IO_file_stat
1147 2 1 1 0 0 0 0 0 0 0 0 0 0
1148 4 0 0 2 0 0 0 0 0 0 0 0 0
fn=_IO_file_sync@@GLIBC_2.2.5
793 14077 1 1 0 0 0 6033 0 0 0 0 0 0
798 8044 0 0 4022 1 1 0 0 0 2011 5 0 0
799 13986 1 1 1998 0 0 1998 0 0 3996 4 0 0
800 2011 1 1 2011 0 0 0 0 0 0 0 0 0
801 4022 0 0 2011 0 0 0 0 0 2011 6 0 0
812 4022 1 1 0 0 0 2011 0 0 0 0 0 0
816 10055 0 0 8044 0 0 0 0 0 0 0 0 0
fn=_IO_file_underflow@@GLIBC_2.2.5
462 170 2 1 0 0 0 102 0 0 0 0 0 0
466 51 0 0 17 0 0 0 0 0 17 0 0 0
467 2 0 0 0 0 0 0 0 0 0 0 0 0
469 34 0 0 0 0 0 0 0 0 17 0 0 0
475 51 0 0 34 0 0 0 0 0 17 0 0 0
478 34 2 1 17 0 0 0 0 0 17 1 0 0
481 3 1 1 1 0 0 0 0 0 1 1 0 0
486 2 1 1 0 0 0 1 0 0 0 0 0 0
490 36 0 0 1 0 0 0 0 0 17 2 0 0
506 34 0 0 0 0 0 17 0 0 0 0 0 0
512 102 2 1 17 0 0 51 0 0 0 0 0 0
517 85 0 0 51 0 0 17 0 0 0 0 17 1
519 34 0 0 0 0 0 0 0 0 17 1 0 0
522 7 0 0 1 0 0 1 0 0 0 0 0 0
526 16 0 0 16 0 0 0 0 0 0 0 0 0
532 1 1 1 0 0 0 1 0 0 0 0 0 0
535 48 0 0 16 0 0 0 0 0 16 2 0 0
537 32 1 1 32 15 0 0 0 0 0 0 0 0
538 136 0 0 119 0 0 0 0 0 0 0 0 0
fn=_IO_file_write@@GLIBC_2.2.5
1174 23320 395 1 0 0 0 14575 0 0 0 0 0 0
1175 5830 0 0 0 0 0 0 0 0 0 0 0 0
1176 17490 0 0 0 0 0 0 0 0 5830 2 0 0
1180 8745 1 1 2915 0 0 0 0 0 0 0 0 0
1181 8745 0 0 2915 0 0 2915 3 0 2915 85 0 0
1182 5830 0 0 0 0 0 0 0 0 2915 0 0 0
1187 2915 0 0 0 0 0 0 0 0 0 0 0 0
1188 2915 0 0 0 0 0 0 0 0 0 0 0 0
1190 8745 0 0 0 0 0 0 0 0 0 0 0 0
1191 8745 0 0 2915 0 0 0 0 0 2915 2 0 0
1194 17490 0 0 17490 0 0 0 0 0 0 0 0 0
fn=_IO_file_xsputn@@GLIBC_2.2.5
1198 10831239 1 1 0 0 0 7220826 0 0 0 0 0 0
1200 282 1 1 0 0 0 0 0 0 0 0 0 0
1204 4813884 1 1 0 0 0 0 0 0 1203471 0 0 0
1205 1203471 0 0 0 0 0 0 0 0 0 0 0 0
1211 4813884 0 0 1203471 0 0 0 0 0 1203471 0 0 0
1213 2406942 0 0 1203471 0 0 0 0 0 0 0 0 0
1228 3610413 0 0 1203471 0 0 0 0 0 1203471 282 0 0
1229 2406378 0 0 0 0 0 0 0 0 0 0 0 0
1234 2406378 0 0 0 0 0 0 0 0 0 0 0 0
1236 6015945 0 0 0 0 0 3609567 0 0 0 0 0 0
1237 1203189 0 0 0 0 0 0 0 0 0 0 0 0
1238 3609567 0 0 1203189 0 0 0 0 0 0 0 0 0
1240 2406378 0 0 0 0 0 0 0 0 1203189 706 0 0
1244 5478 1 0 1826 0 0 913 0 0 913 0 913 1
1250 1826 0 0 1826 0 0 0 0 0 0 0 0 0
1251 4565 66 1 0 0 0 0 0 0 913 0 0 0
1253 2739 0 0 0 0 0 0 0 0 913 0 0 0
1264 1826 0 0 0 0 0 0 0 0 913 2 0 0
1265 3652 0 0 0 0 0 913 0 0 0 0 0 0
1267 2739 0 0 0 0 0 0 0 0 0 0 0 0
1268 10831239 1 1 8424297 0 0 0 0 0 0 0 0 0
fl=./libio/./libio/genops.c
fn=_IO_cleanup
776 6 0 0 0 0 0 3 0 0 0 0 0 0
777 10 2 2 5 0 0 2 0 0 1 1 0 0
780 13 1 1 4 0 0 0 0 0 4 3 0 0
784 3 0 0 0 0 0 3 0 0 0 0 0 0
785 36 2 2 15 0 0 6 0 0 6 3 0 0
792 7 0 0 0 0 0 0 0 0 3 2 0 0
794 6 0 0 2 0 0 0 0 0 2 1 0 0
796 8 1 1 2 0 0 0 0 0 2 0 0 0
798 4 0 0 0 0 0 2 0 0 0 0 0 0
800 6 0 0 4 0 0 2 0 0 0 0 0 0
801 2 0 0 0 0 0 2 0 0 0 0 0 0
805 10 0 0 4 0 0 2 0 0 0 0 2 1
807 6 0 0 2 0 0 0 0 0 2 0 0 0
814 3 0 0 0 0 0 3 0 0 0 0 0 0
816 31 2 2 8 0 0 6 0 0 8 0 0 0
817 3 1 1 0 0 0 3 0 0 0 0 0 0
821 7 0 0 2 0 0 2 0 0 2 0 0 0
822 2 0 0 0 0 0 1 0 0 0 0 0 0
842 12 2 2 1 0 0 7 0 0 0 0 0 0
843 2 0 0 0 0 0 1 0 0 0 0 0 0
855 12 1 1 9 0 0 0 0 0 1 0 0 0
fn=_IO_default_setbuf
330 10 0 0 2 0 0 0 0 0 2 2 0 0
332 2 0 0 0 0 0 2 0 0 0 0 0 0
333 2 0 0 0 0 0 2 0 0 0 0 0 0
337 4 0 0 0 0 0 2 0 0 0 0 0 0
452 20 1 1 0 0 0 10 0 0 0 0 0 0
453 10 1 1 4 0 0 2 0 0 2 0 2 1
455 8 0 0 0 0 0 0 0 0 2 1 0 0
457 6 1 1 2 0 0 2 0 0 0 0 0 0
458 4 1 1 0 0 0 0 0 0 0 0 0 0
462 2 0 0 0 0 0 0 0 0 0 0 0 0
466 8 0 0 0 0 0 6 0 0 0 0 0 0
467 2 0 0 0 0 0 0 0 0 0 0 0 0
468 12 0 0 12 0 0 0 0 0 0 0 0 0
fn=_IO_default_uflow
361 102 2 1 0 0 0 51 0 0 0 0 0 0
362 51 0 0 34 0 0 17 0 0 0 0 17 1
363 34 0 0 0 0 0 0 0 0 17 0 0 0
365 64 0 0 32 0 0 16 0 0 0 0 0 0
366 68 0 0 68 0 0 0 0 0 0 0 0 0
fn=_IO_default_xsputn
371 10043 1 1 0 0 0 6391 0 0 0 0 0 0
373 1826 0 0 0 0 0 0 0 0 0 0 0 0
374 3652 0 0 0 0 0 0 0 0 913 2 0 0
375 913 2 1 913 0 0 0 0 0 0 0 0 0
379 3652 1 1 1826 0 0 0 0 0 913 0 0 0
381 913 0 0 0 0 0 0 0 0 0 0 0 0
382 1826 0 0 0 0 0 0 0 0 0 0 0 0
384 1826 0 0 0 0 0 0 0 0 913 1 0 0
389 3818 148 2 0 0 0 0 0 0 1079 63 0 0
393 9270 1 1 0 0 0 0 0 0 2870 787 0 0
394 4246 9 1 1957 0 0 1957 1 1 0 0 0 0
395 3984 44 1 0 0 0 913 0 0 166 2 0 0
397 913 0 0 0 0 0 0 0 0 0 0 0 0
399 1826 0 0 0 0 0 0 0 0 913 137 0 0
404 7304 0 0 6391 0 0 0 0 0 0 0 0 0
fn=_IO_doallocbuf
343 16 1 1 0 0 0 8 0 0 0 0 0 0
344 4 0 0 2 0 0 0 0 0 2 2 0 0
346 6 0 0 2 0 0 0 0 0 2 1 0 0
347 10 1 1 4 1 0 2 0 0 2 2 2 1
350 12 1 1 10 0 0 0 0 0 0 0 0 0
fn=_IO_flush_all
686 12 1 1 1 0 0 7 0 0 0 0 0 0
687 3 1 1 0 0 0 0 0 0 0 0 0 0
691 6 1 1 0 0 0 3 0 0 0 0 0 0
692 9 2 2 4 1 1 2 0 0 1 1 0 0
695 12 0 0 4 1 0 0 0 0 4 2 0 0
697 3 1 1 0 0 0 3 0 0 0 0 0 0
698 36 1 1 15 2 0 6 0 0 6 4 0 0
700 21 2 2 9 2 0 0 0 0 6 2 0 0
708 33 2 2 12 0 0 6 0 0 9 3 0 0
709 3 0 0 0 0 0 3 0 0 0 0 0 0
713 7 2 2 2 0 0 2 0 0 2 0 0 0
714 2 0 0 0 0 0 1 0 0 0 0 0 0
718 12 0 0 9 0 0 0 0 0 1 0 0 0
fn=_IO_setb
329 22 2 2 0 0 0 10 0 0 0 0 0 0
330 8 0 0 4 0 0 0 0 0 2 2 0 0
332 2 0 0 0 0 0 2 0 0 0 0 0 0
333 2 0 0 0 0 0 2 0 0 0 0 0 0
335 12 0 0 0 0 0 2 0 0 0 0 0 0
338 12 0 0 12 0 0 0 0 0 0 0 0 0
fn=_IO_sputbackc
635 435575 15 1 0 0 0 186675 0 0 0 0 0 0
638 186675 0 0 124450 0 0 0 0 0 62225 0 0 0
639 124450 15 1 62225 0 0 0 0 0 62225 3 0 0
641 124450 2 1 0 0 0 62225 0 0 0 0 0 0
642 62225 0 0 0 0 0 0 0 0 0 0 0 0
647 62225 0 0 0 0 0 0 0 0 0 0 0 0
648 62225 0 0 62225 0 0 0 0 0 0 0 0 0
651 311125 0 0 248900 0 0 0 0 0 0 0 0 0
fn=_IO_switch_to_get_mode
164 102 10 1 0 0 0 51 0 0 0 0 0 0
165 51 0 0 34 0 0 0 0 0 17 3 0 0
168 51 9 1 17 0 0 0 0 0 17 0 0 0
172 34 0 0 17 0 0 17 0 0 0 0 0 0
173 34 0 0 17 0 0 0 0 0 17 3 0 0
176 17 0 0 0 0 0 17 0 0 0 0 0 0
178 34 1 1 0 0 0 34 0 0 0 0 0 0
180 34 0 0 0 0 0 17 0 0 0 0 0 0
181 17 0 0 0 0 0 0 0 0 0 0 0 0
182 68 0 0 68 0 0 0 0 0 0 0 0 0
fn=__overflow
199 25 1 1 0 0 0 10 0 0 0 0 0 0
201 15 0 0 5 0 0 0 0 0 5 4 0 0
203 15 5 1 10 0 0 0 0 0 0 0 5 1
204 10 0 0 10 0 0 0 0 0 0 0 0 0
fn=__uflow
173 17 0 0 17 0 0 0 0 0 0 0 0 0
299 102 10 1 0 0 0 51 0 0 0 0 0 0
300 84 9 0 17 17 0 1 0 0 33 6 0 0
305 51 0 0 17 0 0 0 0 0 17 0 0 0
308 51 10 1 17 0 0 0 0 0 17 0 0 0
310 34 0 0 0 0 0 0 0 0 17 0 0 0
316 34 0 0 17 0 0 0 0 0 17 3 0 0
321 51 1 1 17 17 1 0 0 0 17 3 0 0
323 68 0 0 34 1 0 0 0 0 0 0 17 1
324 51 0 0 51 0 0 0 0 0 0 0 0 0
fl=./libio/./libio/getc.c
fn=getc
34 871157 2 2 0 0 0 373353 0 0 0 0 0 0
37 248902 0 0 124451 155 0 0 0 0 124451 11 0 0
38 746672 1 1 373336 1302 63 124434 0 0 124451 17 0 0
43 622238 9 1 497787 0 0 0 0 0 0 0 0 0
fl=./libio/./libio/iofflush.c
fn=fflush
32 12054 78 2 0 0 0 6027 0 0 0 0 0 0
33 4018 0 0 0 0 0 0 0 0 2009 1 0 0
39 24108 165 4 10045 8 1 4018 0 0 4018 919 0 0
40 10045 0 0 4018 66 0 2009 0 0 0 0 2009 1
44 10045 0 0 8036 0 0 0 0 0 0 0 0 0
fl=./libio/./libio/iofwrite.c
fn=fwrite
31 10831239 1 1 0 0 0 7220826 0 0 0 0 0 0
32 2406942 0 0 0 0 0 0 0 0 0 0 0 0
35 7220826 0 0 0 0 0 0 0 0 1203471 28518 0 0
37 16848594 112 2 7220826 298 0 3610413 0 0 2406942 0 0 0
38 6017354 1 1 1203471 87 0 1 0 0 2406941 8 0 0
39 8424297 0 0 3610413 331 0 2406942 0 0 0 0 1203471 1
45 4813884 0 0 0 0 0 0 0 0 1203471 61 0 0
46 1203471 0 0 0 0 0 0 0 0 0 0 0 0
49 10831239 0 0 8424297 0 0 0 0 0 0 0 0 0
fl=./libio/./libio/ioungetc.c
fn=ungetc
31 560026 1 1 0 0 0 248900 0 0 0 0 0 0
34 124452 0 0 0 0 0 0 0 0 62226 1 0 0
35 1 1 1 0 0 0 0 0 0 0 0 0 0
36 124450 0 0 62225 0 0 0 0 0 62225 5 0 0
37 186675 0 0 0 0 0 0 0 0 0 0 0 0
42 311126 2 2 248901 0 0 0 0 0 0 0 0 0
fl=./libio/./libio/libioP.h
fn=_IO_cleanup
1025 5 1 1 0 0 0 0 0 0 0 0 0 0
1026 4 0 0 0 0 0 0 0 0 2 0 0 0
fn=_IO_default_setbuf
1025 6 0 0 0 0 0 0 0 0 0 0 0 0
1026 4 0 0 0 0 0 0 0 0 2 0 0 0
fn=_IO_default_uflow
1025 51 1 1 0 0 0 0 0 0 0 0 0 0
1026 34 0 0 0 0 0 0 0 0 17 0 0 0
fn=_IO_default_xsputn
1025 913 0 0 0 0 0 0 0 0 0 0 0 0
fn=_IO_do_write@@GLIBC_2.2.5
1025 8745 1 1 0 0 0 0 0 0 0 0 0 0
1026 5830 0 0 0 0 0 0 0 0 2915 1 0 0
fn=_IO_doallocbuf
1025 6 0 0 0 0 0 0 0 0 0 0 0 0
1026 4 0 0 0 0 0 0 0 0 2 1 0 0
fn=_IO_file_doallocate
1025 6 0 0 0 0 0 0 0 0 0 0 0 0
1026 4 0 0 0 0 0 0 0 0 2 0 0 0
fn=_IO_file_underflow@@GLIBC_2.2.5
1025 68 1 1 0 0 0 0 0 0 0 0 0 0
1026 34 0 0 0 0 0 0 0 0 17 0 0 0
fn=_IO_file_xsputn@@GLIBC_2.2.5
1025 2739 0 0 0 0 0 0 0 0 0 0 0 0
1026 1826 0 0 0 0 0 0 0 0 913 4 0 0
fn=_IO_flush_all
1025 2 0 0 0 0 0 0 0 0 0 0 0 0
fn=__overflow
1025 15 0 0 0 0 0 0 0 0 0 0 0 0
1026 10 0 0 0 0 0 0 0 0 5 0 0 0
fn=__uflow
1025 51 0 0 0 0 0 0 0 0 0 0 0 0
1026 34 0 0 0 0 0 0 0 0 17 0 0 0
fn=fflush
979 4018 0 0 2009 0 0 0 0 0 2009 0 0 0
980 16072 0 0 6027 0 0 4018 0 0 4018 0 0 0
1025 6027 0 0 0 0 0 0 0 0 0 0 0 0
1026 4018 0 0 0 0 0 0 0 0 2009 170 0 0
fn=fwrite
979 2406942 0 0 1203471 0 0 0 0 0 1203471 610 0 0
980 10831239 2 2 3610413 0 0 2406942 0 0 2406942 1889 0 0
1025 2406942 0 0 0 0 0 0 0 0 0 0 0 0
1026 2406942 1 1 0 0 0 0 0 0 1203471 0 0 0
fl=./libio/./libio/putc.c
fn=putc
25 1756953 2 2 0 0 0 780868 0 0 0 0 0 0
28 390434 0 0 195217 86 0 0 0 0 195217 71 0 0
29 1366519 1 1 390434 0 0 390424 450 2 195217 5 0 0
34 1171297 1 1 976080 0 0 0 0 0 0 0 0 0
fl=./libio/./libio/vsnprintf.c
fn=vsnprintf
63 3816 0 0 0 0 0 0 0 0 1908 0 0 0
66 1908 0 0 0 0 0 1908 0 0 0 0 0 0
75 5724 0 0 3816 0 0 0 0 0 1908 0 0 0
76 1908 0 0 0 0 0 1908 0 0 0 0 0 0
87 3816 0 0 0 0 0 1908 0 0 0 0 0 0
96 7632 95 1 0 0 0 1908 0 0 0 0 0 0
102 20988 97 2 1908 0 0 5724 6 0 0 0 0 0
104 11448 4 1 9540 0 0 0 0 0 1908 3 0 0
fl=./libio/./libio/vtables.c
fn=check_stdfiles_vtables
545 1 1 1 0 0 0 0 0 0 0 0 0 0
546 4 0 0 2 2 0 0 0 0 1 1 0 0
547 3 1 1 2 1 0 0 0 0 1 0 0 0
548 3 0 0 2 1 0 0 0 0 1 0 0 0
550 1 0 0 1 0 0 0 0 0 0 0 0 0
fl=./locale/./locale/newlocale.c
fn=newlocale
43 15 2 2 1 0 0 8 0 0 0 0 0 0
55 2 0 0 0 0 0 0 0 0 1 1 0 0
56 1 0 0 0 0 0 1 0 0 0 0 0 0
63 2 1 1 0 0 0 0 0 0 1 0 0 0
66 3 0 0 0 0 0 0 0 0 1 0 0 0
73 4 2 2 2 0 0 0 0 0 2 1 0 0
75 1 0 0 0 0 0 0 0 0 0 0 0 0
277 12 1 1 9 0 0 0 0 0 1 0 0 0
fl=./locale/./locale/uselocale.c
fn=uselocale
30 3818 5 1 0 0 0 0 0 0 0 0 0 0
31 11454 2 1 7636 88 0 0 0 0 0 0 0 0
33 7636 0 0 0 0 0 0 0 0 3818 2 0 0
36 7636 0 0 0 0 0 0 0 0 0 0 0 0
37 3818 0 0 0 0 0 3818 0 0 0 0 0 0
65 11454 0 0 7636 148 0 3818 0 0 0 0 0 0
66 11454 0 0 7636 0 0 3818 0 0 0 0 0 0
68 11454 2 1 7636 90 0 3818 0 0 0 0 0 0
72 11454 0 0 0 0 0 0 0 0 0 0 0 0
73 3818 0 0 3818 0 0 0 0 0 0 0 0 0
fl=./malloc/../string/bits/string_fortified.h
fn=tcache_init.part.0
59 88 1 1 0 0 0 81 9 9 80 8 0 0
fl=./malloc/../sysdeps/unix/sysv/linux/not-cancel.h
fn=ptmalloc_init.part.0
97 6 1 1 0 0 0 0 0 0 0 0 0 0
fl=./malloc/./malloc/arena.c
fn=free
153 115080 0 0 0 0 0 0 0 0 38360 18 0 0
fn=malloc
153 25490 0 0 0 0 0 0 0 0 12745 39 0 0
264 1 1 1 0 0 0 1 0 0 0 0 0 0
fn=ptmalloc_init.part.0
262 8 1 1 1 0 0 4 0 0 0 0 0 0
267 1 0 0 0 0 0 1 0 0 0 0 0 0
292 2 1 1 1 1 0 0 0 0 1 1 0 0
296 3 0 0 1 1 0 1 1 0 0 0 0 0
300 4 0 0 0 0 0 1 0 0 0 0 0 0
301 4 1 1 0 0 0 1 0 0 0 0 0 0
302 4 0 0 0 0 0 1 0 0 0 0 0 0
303 4 0 0 0 0 0 1 0 0 0 0 0 0
304 4 1 1 0 0 0 1 0 0 0 0 0 0
305 4 0 0 0 0 0 1 0 0 0 0 0 0
306 4 0 0 0 0 0 1 0 0 0 0 0 0
308 4 1 1 0 0 0 1 0 0 0 0 0 0
309 4 0 0 0 0 0 1 0 0 0 0 0 0
310 4 0 0 0 0 0 1 0 0 0 0 0 0
313 4 0 0 0 0 0 1 0 0 0 0 0 0
314 4 1 1 0 0 0 1 0 0 0 0 0 0
316 2 0 0 1 1 1 0 0 0 1 0 0 0
326 8 0 0 6 0 0 0 0 0 1 0 0 0
fl=./malloc/./malloc/malloc.c
fn=_int_free
1792 13030 0 0 13030 77 0 0 0 0 0 0 0 0
1992 36051 43 1 12017 0 0 0 0 0 12017 0 0 0
3163 50660 1 1 25330 0 0 25330 0 0 0 0 0 0
3165 101320 0 0 25330 413 0 25330 0 0 0 0 0 0
3166 25330 0 0 0 0 0 25330 0 0 0 0 0 0
3167 50660 0 0 0 0 0 25330 0 0 0 0 0 0
4495 268520 1 1 0 0 0 153440 97 0 0 0 0 0
4499 115080 1 1 38360 0 0 0 0 0 0 0 0 0
4505 153440 0 0 0 0 0 0 0 0 38360 0 0 0
4506 76720 0 0 0 0 0 0 0 0 38360 0 0 0
4510 191800 0 0 0 0 0 0 0 0 38360 0 0 0
4517 76720 0 0 0 0 0 0 0 0 0 0 0 0
4518 230160 1 1 115080 120 0 0 0 0 76720 835 0 0
4521 37588 0 0 0 0 0 0 0 0 0 0 0 0
4527 112764 0 0 75176 1736 1 0 0 0 37588 0 0 0
4547 187940 1 1 75176 324 0 0 0 0 37588 1333 0 0
4550 25330 0 0 0 0 0 0 0 0 0 0 0 0
4561 26060 0 0 0 0 0 0 0 0 13030 127 0 0
4572 48068 0 0 12017 2587 0 0 0 0 12017 0 0 0
4574 36051 0 0 12017 15 0 0 0 0 12017 0 0 0
4593 12017 0 0 0 0 0 0 0 0 0 0 0 0
4595 12017 0 0 0 0 0 12017 0 0 0 0 0 0
4596 12017 0 0 0 0 0 0 0 0 0 0 0 0
4600 36051 0 0 12017 0 0 0 0 0 0 0 0 0
4602 24034 0 0 12017 0 0 0 0 0 12017 0 0 0
4606 24034 0 0 0 0 0 0 0 0 12017 151 0 0
4608 36051 0 0 0 0 0 12017 0 0 0 0 0 0
4609 12017 0 0 0 0 0 12017 0 0 0 0 0 0
4628 48068 0 0 0 0 0 0 0 0 12017 2 0 0
4637 2026 0 0 1013 0 0 0 0 0 1013 2 0 0
4640 2026 0 0 1013 4 0 0 0 0 0 0 0 0
4643 2026 58 1 0 0 0 0 0 0 1013 0 0 0
4646 2026 0 0 0 0 0 0 0 0 0 0 0 0
4658 229147 1 1 190787 0 0 0 0 0 0 0 0 0
fn=_int_free_maybe_consolidate
4770 11143 89 1 1013 11 0 7091 0 0 0 0 0 0
4776 2026 0 0 0 0 0 0 0 0 1013 6 0 0
4778 772 0 0 193 0 0 0 0 0 193 2 0 0
4781 579 0 0 0 0 0 0 0 0 193 2 0 0
4784 965 58 2 579 183 0 0 0 0 193 2 0 0
4785 10 0 0 6 0 0 0 0 0 2 0 0 0
4798 11135 42 1 9111 0 0 0 0 0 1011 4 0 0
fn=_int_free_merge_chunk
1992 3039 0 0 1013 0 0 0 0 0 1013 0 0 0
4665 8104 7 1 0 0 0 6078 1 0 0 0 0 0
4666 1013 0 0 0 0 0 0 0 0 0 0 0 0
4670 6078 0 0 1013 91 0 0 0 0 1013 0 0 0
4673 4052 1 1 1013 81 0 0 0 0 2026 6 0 0
4675 3039 19 1 1013 18 0 0 0 0 0 0 0 0
4678 3039 0 0 1013 242 0 0 0 0 1013 0 0 0
4681 2026 0 0 0 0 0 0 0 0 0 0 0 0
4682 2026 0 0 0 0 0 0 0 0 1013 0 0 0
4683 2026 0 0 1013 79 0 0 0 0 1013 0 0 0
4689 2026 1 1 1013 0 0 0 0 0 1013 419 0 0
4691 305 0 0 305 0 0 0 0 0 0 0 0 0
4692 305 0 0 0 0 0 0 0 0 0 0 0 0
4693 305 0 0 0 0 0 0 0 0 0 0 0 0
4694 1220 0 0 305 92 0 0 0 0 305 0 0 0
4696 610 0 0 0 0 0 305 0 0 0 0 0 0
4701 3039 0 0 0 0 0 0 0 0 0 0 0 0
4702 7091 0 0 6078 0 0 0 0 0 0 0 0 0
4714 2026 0 0 1013 0 0 0 0 0 1013 226 0 0
4720 1640 0 0 820 164 0 0 0 0 820 343 0 0
4721 448 7 1 0 0 0 224 0 0 0 0 0 0
4722 448 0 0 0 0 0 0 0 0 0 0 0 0
4724 596 0 0 596 0 0 0 0 0 0 0 0 0
4732 820 0 0 0 0 0 0 0 0 0 0 0 0
4733 3280 1 1 820 0 0 0 0 0 0 0 0 0
4734 1640 0 0 820 9 0 0 0 0 820 0 0 0
4736 820 0 0 0 0 0 820 2 0 0 0 0 0
4738 1640 0 0 0 0 0 0 0 0 820 32 0 0
4740 1764 57 1 0 0 0 588 4 0 0 0 0 0
4743 820 0 0 0 0 0 820 0 0 0 0 0 0
4744 820 0 0 0 0 0 820 0 0 0 0 0 0
4746 2460 0 0 0 0 0 820 0 0 0 0 0 0
4747 820 1 0 0 0 0 820 0 0 0 0 0 0
4756 193 0 0 0 0 0 0 0 0 0 0 0 0
4757 579 0 0 0 0 0 193 0 0 0 0 0 0
4758 386 0 0 0 0 0 193 0 0 0 0 0 0
fn=_int_malloc
1326 25492 0 0 0 0 0 0 0 0 12746 62 0 0
1345 76476 0 0 0 0 0 0 0 0 12746 1 0 0
1794 12742 1 1 12742 0 0 0 0 0 0 0 0 0
1985 2205 0 0 735 1 0 0 0 0 735 32 0 0
2008 28 1 1 7 0 0 0 0 0 7 1 0 0
2017 2 1 1 2 0 0 0 0 0 0 0 0 0
2552 36 1 1 12 7 0 12 0 0 0 0 0 0
2553 6 1 1 0 0 0 6 0 0 0 0 0 0
2564 12 1 1 6 5 0 0 0 0 6 3 0 0
2589 24 0 0 6 0 0 6 0 0 0 0 0 0
2590 12 0 0 0 0 0 6 0 0 0 0 0 0
2599 64 1 1 15 0 0 0 0 0 16 2 0 0
2605 15 0 0 10 0 0 0 0 0 5 0 0 0
2608 18 1 1 0 0 0 0 0 0 6 3 0 0
2669 18 1 1 6 0 0 6 0 0 0 0 0 0
2677 12 0 0 6 0 0 0 0 0 6 0 0 0
2678 18 0 0 6 0 0 6 0 0 0 0 0 0
2691 18 1 1 6 0 0 0 0 0 6 0 0 0
2693 6 0 0 6 0 0 0 0 0 0 0 0 0
2699 30 0 0 6 0 0 6 0 0 0 0 0 0
2707 12 0 0 0 0 0 0 0 0 6 3 0 0
2709 24 3 2 0 0 0 12 0 0 0 0 0 0
2710 18 0 0 6 0 0 0 0 0 6 4 0 0
2711 6 0 0 0 0 0 0 0 0 0 0 0 0
2712 6 0 0 0 0 0 0 0 0 0 0 0 0
2715 12 0 0 0 0 0 0 0 0 6 0 0 0
2744 38 2 1 16 1 1 0 0 0 6 2 0 0
2745 1 1 1 0 0 0 1 0 0 0 0 0 0
2746 12 0 0 0 0 0 6 0 0 0 0 0 0
2752 48 0 0 6 0 0 0 0 0 11 0 0 0
2753 30 0 0 5 0 0 5 0 0 0 0 0 0
2755 4 1 1 2 0 0 0 0 0 2 2 0 0
2782 2 0 0 0 0 0 0 0 0 0 0 0 0
2783 1 0 0 0 0 0 0 0 0 0 0 0 0
2795 3 1 1 0 0 0 0 0 0 1 1 0 0
2814 2 0 0 1 0 0 0 0 0 0 0 0 0
2817 2 0 0 0 0 0 0 0 0 0 0 0 0
2818 6 1 1 1 0 0 0 0 0 0 0 0 0
2820 1 0 0 0 0 0 0 0 0 1 0 0 0
2821 6 0 0 0 0 0 4 0 0 0 0 0 0
2833 5 0 0 3 0 0 0 0 0 1 0 0 0
2873 1 0 0 0 0 0 0 0 0 0 0 0 0
2875 1 0 0 0 0 0 1 0 0 0 0 0 0
2876 5 0 0 0 0 0 1 1 1 0 0 0 0
2877 1 0 0 1 0 0 0 0 0 0 0 0 0
2888 3 1 1 1 0 0 0 0 0 1 1 0 0
2921 18 1 1 12 0 0 0 0 0 6 2 0 0
2922 6 0 0 0 0 0 6 0 0 0 0 0 0
2926 6 0 0 6 0 0 0 0 0 0 0 0 0
2930 30 1 1 12 0 0 0 0 0 6 1 0 0
2932 6 0 0 0 0 0 0 0 0 0 0 0 0
2933 6 0 0 0 0 0 0 0 0 0 0 0 0
2934 6 0 0 0 0 0 6 0 0 0 0 0 0
2935 42 0 0 0 0 0 6 0 0 0 0 0 0
2936 12 0 0 0 0 0 6 6 6 0 0 0 0
2938 6 0 0 0 0 0 0 0 0 0 0 0 0
3159 394 1 1 0 0 0 197 1 0 0 0 0 0
3163 904 1 1 452 0 0 452 0 0 0 0 0 0
3165 1779 0 0 526 0 0 600 0 0 0 0 0 0
3166 723 1 1 271 0 0 452 0 0 0 0 0 0
3167 904 0 0 0 0 0 452 0 0 0 0 0 0
3168 394 0 0 0 0 0 0 0 0 0 0 0 0
3178 74 0 0 74 0 0 0 0 0 0 0 0 0
3182 148 0 0 0 0 0 0 0 0 74 0 0 0
3186 296 1 1 74 0 0 74 0 0 0 0 0 0
3190 148 0 0 148 0 0 0 0 0 0 0 0 0
3191 148 0 0 0 0 0 74 0 0 0 0 0 0
3199 74 0 0 74 0 0 0 0 0 0 0 0 0
3846 140206 46 2 12746 0 0 89222 180 0 0 0 0 0
3882 1 0 0 0 0 0 0 0 0 0 0 0 0
3887 25492 5 1 0 0 0 0 0 0 12746 2 0 0
3914 25504 0 0 4 0 0 0 0 0 12746 670 0 0
3916 46700 0 0 0 0 0 0 0 0 0 0 0 0
3917 37 0 0 0 0 0 0 0 0 0 0 0 0
3919 11683 0 0 11679 16 0 0 0 0 0 0 0 0
3921 23358 0 0 0 0 0 0 0 0 11679 39 0 0
3923 74 0 0 0 0 0 0 0 0 37 0 0 0
3926 74 1 1 37 0 0 0 0 0 37 0 0 0
3927 185 0 0 37 6 0 37 0 0 0 0 0 0
3930 34926 2 2 0 0 0 0 0 0 0 0 0 0
3932 74 0 0 37 0 0 0 0 0 0 0 0 0
3933 74 0 0 0 0 0 0 0 0 37 0 0 0
3939 74 0 0 0 0 0 0 0 0 0 0 0 0
3940 222 1 1 111 0 0 0 0 0 74 0 0 0
3945 292 0 0 74 0 0 0 0 0 0 0 0 0
3946 1021 1 1 195 0 0 0 0 0 413 41 0 0
3948 362 0 0 0 0 0 0 0 0 181 0 0 0
3950 362 0 0 181 0 0 0 0 0 181 4 0 0
3951 1086 0 0 181 46 0 181 0 0 0 0 0 0
3977 2134 1 1 0 0 0 0 0 0 1067 6 0 0
3979 25078 0 0 0 0 0 0 0 0 0 0 0 0
3980 23860 82 1 0 0 0 0 0 0 0 0 0 0
3982 35790 0 0 11930 140 0 0 0 0 11930 70 0 0
3984 62 0 0 62 12 0 0 0 0 0 0 0 0
3985 124 0 0 62 25 0 0 0 0 62 0 0 0
3987 62 0 0 62 16 0 0 0 0 0 0 0 0
3988 62 0 0 0 0 0 62 0 0 0 0 0 0
3989 62 0 0 0 0 0 62 0 0 0 0 0 0
3991 186 2 1 0 0 0 0 0 0 62 2 0 0
3997 124 0 0 0 0 0 0 0 0 0 0 0 0
3998 372 2 1 186 0 0 0 0 0 124 0 0 0
4003 901 0 0 124 0 0 0 0 0 197 25 0 0
4004 468 0 0 0 0 0 0 0 0 234 25 0 0
4006 394 0 0 0 0 0 0 0 0 197 6 0 0
4008 197 0 0 197 0 0 0 0 0 0 0 0 0
4009 197 0 0 197 99 0 0 0 0 0 0 0 0
4010 394 0 0 0 0 0 0 0 0 197 3 0 0
4012 197 0 0 0 0 0 197 0 0 0 0 0 0
4013 197 0 0 0 0 0 197 167 0 0 0 0 0
4020 62 0 0 0 0 0 0 0 0 0 0 0 0
4039 4040 1 1 0 0 0 0 0 0 808 40 0 0
4040 2337 22 0 779 318 0 0 0 0 779 142 0 0
4041 147 0 0 0 0 0 49 22 0 0 0 0 0
4058 37939 22 0 12646 2 0 0 0 0 0 0 0 0
4059 37941 0 0 0 0 0 12647 14 0 0 0 0 0
4060 37941 16 1 25294 3 0 0 0 0 12647 1 0 0
4069 4020 0 0 0 0 0 2010 0 0 0 0 0 0
4070 66738 21 3 13644 309 0 12647 0 0 13718 651 0 0
4072 2561 0 0 2561 4 0 0 0 0 0 0 0 0
4073 5122 0 0 2561 103 0 0 0 0 0 0 0 0
4074 2561 0 0 0 0 0 0 0 0 0 0 0 0
4076 5122 0 0 0 0 0 0 0 0 2561 2 0 0
4077 7683 76 1 2561 104 0 0 0 0 2561 1 0 0
4079 2561 0 0 2561 202 0 0 0 0 0 0 0 0
4080 10244 0 0 0 0 0 0 0 0 2561 0 0 0
4082 10244 0 0 2561 0 0 0 0 0 2561 0 0 0
4084 5122 48 1 2561 154 0 0 0 0 2561 0 0 0
4085 5122 0 0 2561 0 0 0 0 0 2561 0 0 0
4087 5122 0 0 0 0 0 0 0 0 2561 0 0 0
4098 10244 0 0 0 0 0 0 0 0 2561 62 0 0
4099 3134 2 1 1567 0 0 0 0 0 1567 29 0 0
4100 3084 0 0 0 0 0 0 0 0 1542 123 0 0
4101 1542 0 0 0 0 0 0 0 0 0 0 0 0
4104 1414 0 0 0 0 0 0 0 0 0 0 0 0
4105 1414 26 1 0 0 0 0 0 0 0 0 0 0
4106 1414 0 0 0 0 0 1414 0 0 0 0 0 0
4107 4242 0 0 0 0 0 1414 0 0 0 0 0 0
4108 4242 35 1 0 0 0 1414 526 0 0 0 0 0
4109 2828 0 0 0 0 0 0 0 0 1414 80 0 0
4111 1920 0 0 0 0 0 960 233 0 0 0 0 0
4115 11312 0 0 0 0 0 1414 0 0 0 0 0 0
4117 4242 0 0 0 0 0 1414 10 0 0 0 0 0
4118 1414 0 0 0 0 0 1414 0 0 0 0 0 0
4121 1566 0 0 0 0 0 0 0 0 0 0 0 0
4122 4242 0 0 0 0 0 1414 11 0 0 0 0 0
4123 1414 0 0 0 0 0 0 0 0 0 0 0 0
4127 1147 0 0 0 0 0 1147 0 0 0 0 0 0
4128 1147 0 0 0 0 0 1147 0 0 0 0 0 0
4132 2294 0 0 0 0 0 0 0 0 1147 137 0 0
4134 304 0 0 0 0 0 152 0 0 0 0 0 0
4135 456 0 0 0 0 0 0 0 0 152 3 0 0
4140 304 0 0 0 0 0 0 0 0 152 0 0 0
4141 444 0 0 296 0 0 0 0 0 74 2 0 0
4161 2161 22 2 0 0 0 0 0 0 995 182 0 0
4163 1586 29 0 0 0 0 793 0 0 0 0 0 0
4164 3172 0 0 0 0 0 0 0 0 0 0 0 0
4165 793 0 0 793 110 0 0 0 0 0 0 0 0
4169 1952 32 2 0 0 0 202 0 0 235 20 0 0
4170 601 57 1 0 0 0 0 0 0 0 0 0 0
4171 202 0 0 202 113 0 0 0 0 0 0 0 0
4174 404 0 0 0 0 0 0 0 0 202 15 0 0
4177 5 0 0 0 0 0 0 0 0 0 0 0 0
4179 20 0 0 10 1 0 0 0 0 5 0 0 0
4180 10 0 0 0 0 0 0 0 0 5 2 0 0
4186 12 1 1 0 0 0 3 0 0 0 0 0 0
4187 3 0 0 3 0 0 0 0 0 0 0 0 0
4188 9 0 0 0 0 0 6 0 0 0 0 0 0
4192 6 1 1 2 0 0 0 0 0 2 2 0 0
4193 4 0 0 0 0 0 0 0 0 2 0 0 0
4199 2 0 0 0 0 0 0 0 0 2 0 0 0
4205 8 0 0 0 0 0 2 0 0 0 0 0 0
4206 2 0 0 2 1 0 0 0 0 0 0 0 0
4207 4 1 1 2 0 0 0 0 0 2 0 0 0
4209 2 0 0 0 0 0 2 0 0 0 0 0 0
4210 6 0 0 2 0 0 2 0 0 0 0 0 0
4212 2 0 0 2 0 0 0 0 0 0 0 0 0
4213 4 0 0 2 0 0 0 0 0 2 2 0 0
4218 788 0 0 0 0 0 197 1 0 0 0 0 0
4221 6965 77 2 1990 46 0 0 0 0 0 0 0 0
4222 995 0 0 0 0 0 995 0 0 0 0 0 0
4223 995 0 0 0 0 0 995 0 0 0 0 0 0
4224 995 0 0 0 0 0 995 37 0 0 0 0 0
4225 995 0 0 0 0 0 995 0 0 0 0 0 0
4230 1990 0 0 1990 0 0 0 0 0 0 0 0 0
4231 1990 0 0 0 0 0 0 0 0 995 25 0 0
4240 3980 60 1 1990 0 0 0 0 0 995 11 0 0
4246 888 0 0 0 0 0 0 0 0 444 30 0 0
4248 74 0 0 0 0 0 0 0 0 0 0 0 0
4257 33243 19 1 0 0 0 0 0 0 11081 38 0 0
4259 2804 0 0 0 0 0 0 0 0 0 0 0 0
4262 2103 0 0 701 327 0 0 0 0 701 61 0 0
4263 11081 39 1 0 0 0 0 0 0 0 0 0 0
4313 4 1 1 0 0 0 0 0 0 0 0 0 0
4330 11083 0 0 0 0 0 0 0 0 0 0 0 0
4331 22166 0 0 0 0 0 0 0 0 0 0 0 0
4332 22166 0 0 0 0 0 0 0 0 0 0 0 0
4333 22166 0 0 11083 212 0 0 0 0 0 0 0 0
4334 66492 0 0 0 0 0 0 0 0 0 0 0 0
4339 44466 7 1 0 0 0 0 0 0 11242 264 0 0
4343 113349 22 2 0 0 0 0 0 0 41088 206 0 0
4346 122252 13 1 30563 0 0 0 0 0 30563 80 0 0
4348 224 0 0 0 0 0 0 0 0 0 0 0 0
4349 112 0 0 0 0 0 0 0 0 0 0 0 0
4353 4296 0 0 0 0 0 0 0 0 2148 302 0 0
4355 1431 0 0 0 0 0 0 0 0 0 0 0 0
4357 2862 0 0 0 0 0 0 0 0 1431 8 0 0
4361 717 0 0 717 44 0 0 0 0 0 0 0 0
4364 1434 0 0 0 0 0 0 0 0 717 185 0 0
4366 795 10 0 0 0 0 159 0 0 0 0 0 0
4367 159 0 0 0 0 0 0 0 0 0 0 0 0
4368 159 0 0 0 0 0 0 0 0 0 0 0 0
4373 2232 1 0 558 109 0 0 0 0 0 0 0 0
4376 1116 0 0 0 0 0 0 0 0 558 71 0 0
4378 1674 2 1 0 0 0 558 0 0 0 0 0 0
4381 1674 0 0 0 0 0 1116 6 0 0 0 0 0
4384 2232 0 0 1116 0 0 0 0 0 558 150 0 0
4386 254 0 0 254 0 0 0 0 0 0 0 0 0
4387 762 23 1 0 0 0 0 0 0 254 2 0 0
4394 304 0 0 0 0 0 0 0 0 0 0 0 0
4399 1216 0 0 304 0 0 0 0 0 0 0 0 0
4400 608 3 1 304 0 0 0 0 0 304 0 0 0
4403 304 0 0 0 0 0 304 41 0 0 0 0 0
4404 304 0 0 0 0 0 304 0 0 0 0 0 0
4405 304 0 0 0 0 0 304 0 0 0 0 0 0
4408 608 0 0 0 0 0 0 0 0 304 20 0 0
4409 137 0 0 0 0 0 137 0 0 0 0 0 0
4410 608 0 0 0 0 0 0 0 0 304 2 0 0
4412 82 0 0 0 0 0 41 3 0 0 0 0 0
4415 2432 1 1 0 0 0 304 0 0 0 0 0 0
4417 912 0 0 0 0 0 304 1 0 0 0 0 0
4418 304 0 0 0 0 0 304 0 0 0 0 0 0
4421 558 0 0 0 0 0 0 0 0 0 0 0 0
4443 10525 26 1 10525 0 0 0 0 0 0 0 0 0
4444 21050 0 0 10525 239 0 0 0 0 0 0 0 0
4446 21050 0 0 10525 72 0 0 0 0 10525 0 0 0
4449 31575 0 0 0 0 0 0 0 0 10525 39 0 0
4451 10517 0 0 0 0 0 0 0 0 0 0 0 0
4452 21034 0 0 0 0 0 0 0 0 0 0 0 0
4453 10517 0 0 0 0 0 10517 0 0 0 0 0 0
4454 84136 77 1 0 0 0 10517 0 0 0 0 0 0
4456 21034 0 0 0 0 0 10517 6798 6367 0 0 0 0
4459 21034 0 0 0 0 0 0 0 0 0 0 0 0
4460 31569 1 1 0 0 0 10523 73 0 0 0 0 0
4461 10523 0 0 0 0 0 0 0 0 0 0 0 0
4466 32 0 0 8 0 0 8 0 0 8 8 0 0
4468 4 1 1 0 0 0 2 0 0 0 0 0 0
4470 6 0 0 2 0 0 0 0 0 2 0 0 0
4471 4 0 0 0 0 0 0 0 0 0 0 0 0
4482 6 0 0 0 0 0 0 0 0 0 0 0 0
4487 152952 88 2 114714 3 0 0 0 0 12746 0 0 0
fn=alloc_perturb
1985 35811 68 1 11937 1 0 0 0 0 11937 0 0 0
1987 11937 0 0 11937 0 0 0 0 0 0 0 0 0
fn=free
3359 285258 1 1 0 0 0 153440 0 0 0 0 0 0
3363 110196 0 0 0 0 0 0 0 0 55098 2369 0 0
3371 76720 0 0 76720 325 0 0 0 0 0 0 0 0
3373 38360 0 0 0 0 0 0 0 0 0 0 0 0
3375 115080 1 1 38360 6971 0 0 0 0 38360 3 0 0
3392 115080 0 0 76720 154 0 0 0 0 38360 807 0 0
3398 115080 1 1 0 0 0 38360 6 0 0 0 0 0
3401 38360 0 0 0 0 0 38360 0 0 0 0 0 0
3402 246898 1 1 208538 0 0 0 0 0 0 0 0 0
fn=malloc
1326 76726 0 0 0 0 0 0 0 0 38363 1745 0 0
1345 190157 0 0 0 0 0 0 0 0 38363 2446 0 0
3178 51236 0 0 25618 1448 0 0 0 0 0 0 0 0
3182 51236 0 0 0 0 0 0 0 0 25618 0 0 0
3186 102472 0 0 25618 4034 0 25618 0 0 0 0 0 0
3190 51236 0 0 0 0 0 25618 0 0 0 0 0 0
3191 25618 0 0 0 0 0 25618 0 0 0 0 0 0
3248 4 1 1 2 0 0 1 0 0 1 0 0 0
3294 306904 2 2 0 0 0 153452 88 0 0 0 0 0
3301 76726 0 0 38363 79 1 0 0 0 38363 5518 0 0
3311 73410 0 0 0 0 0 0 0 0 0 0 0 0
3313 153452 1 1 76726 309 0 0 0 0 38363 4 0 0
3316 76726 0 0 38363 0 0 0 0 0 38363 2930 0 0
3318 112764 1 1 37588 574 0 0 0 0 37588 5430 0 0
3326 25490 0 0 12745 310 0 0 0 0 12745 9 0 0
3328 50980 25 1 0 0 0 12745 16 0 0 0 0 0
3329 63725 0 0 12745 5 0 0 0 0 12745 0 0 0
3354 230178 38 1 191815 2 0 0 0 0 0 0 0 0
fn=malloc_consolidate
4811 459 68 2 0 0 0 306 22 0 0 0 0 0
4826 51 0 0 0 0 0 51 0 0 0 0 0 0
4828 102 0 0 0 0 0 51 0 0 0 0 0 0
4839 51 0 0 0 0 0 0 0 0 0 0 0 0
4841 1020 0 0 1020 2 0 0 0 0 510 1 0 0
4842 1020 0 0 0 0 0 0 0 0 510 46 0 0
4845 3744 20 1 0 0 0 0 0 0 1872 4 0 0
4849 5616 0 0 1872 392 0 0 0 0 0 0 0 0
4850 7488 0 0 0 0 0 0 0 0 1872 0 0 0
4855 9360 20 1 1872 32 0 0 0 0 0 0 0 0
4858 3744 0 0 0 0 0 0 0 0 0 0 0 0
4859 1872 0 0 0 0 0 0 0 0 0 0 0 0
4860 5616 0 0 1872 109 0 0 0 0 0 0 0 0
4862 3744 0 0 0 0 0 0 0 0 1872 18 0 0
4863 10 0 0 10 0 0 0 0 0 0 0 0 0
4864 10 0 0 0 0 0 0 0 0 0 0 0 0
4865 10 0 0 0 0 0 0 0 0 0 0 0 0
4866 40 0 0 10 0 0 0 0 0 10 1 0 0
4868 120 0 0 50 0 0 60 0 0 0 0 0 0
4871 3744 34 1 1872 25 0 0 0 0 1872 12 0 0
4874 3744 33 1 1872 486 0 0 0 0 1872 70 0 0
4875 1272 1 1 0 0 0 0 0 0 0 0 0 0
4876 10176 0 0 3816 0 0 3816 1 0 0 0 0 0
4878 1200 0 0 0 0 0 600 0 0 0 0 0 0
4880 1872 0 0 1872 0 0 0 0 0 0 0 0 0
4881 3744 0 0 0 0 0 1872 0 0 0 0 0 0
4882 3744 0 0 1872 0 0 1872 0 0 0 0 0 0
4884 3744 0 0 0 0 0 0 0 0 1872 14 0 0
4885 1336 0 0 0 0 0 668 0 0 0 0 0 0
4889 5616 0 0 0 0 0 1872 0 0 0 0 0 0
4891 1872 0 0 0 0 0 1872 0 0 0 0 0 0
4892 4416 0 0 0 0 0 3144 0 0 0 0 0 0
4901 5571 0 0 0 0 0 0 0 0 1872 55 0 0
4904 1530 0 0 510 0 0 0 0 0 510 71 0 0
4905 408 0 0 357 0 0 0 0 0 0 0 0 0
fn=ptmalloc_init.part.0
1946 385 1 1 0 0 0 0 0 0 127 7 0 0
1949 381 0 0 0 0 0 127 33 32 0 0 0 0
1957 1 0 0 0 0 0 1 0 0 0 0 0 0
1958 1 0 0 0 0 0 1 1 1 0 0 0 0
1960 1 0 0 0 0 0 1 0 0 0 0 0 0
3143 2 0 0 0 0 0 0 0 0 1 1 0 0
fn=systrim.constprop.0
2957 12 1 1 0 0 0 8 0 0 0 0 0 0
2966 6 0 0 4 0 0 0 0 0 0 0 0 0
2968 2 0 0 0 0 0 0 0 0 0 0 0 0
2969 4 0 0 0 0 0 0 0 0 2 0 0 0
2970 1 0 0 0 0 0 0 0 0 0 0 0 0
2974 6 0 0 2 0 0 0 0 0 2 0 0 0
2975 2 0 0 0 0 0 0 0 0 0 0 0 0
2978 10 1 1 4 4 0 0 0 0 0 0 0 0
2980 4 0 0 0 0 0 0 0 0 2 1 0 0
2987 3 0 0 0 0 0 1 0 0 0 0 0 0
2988 4 0 0 1 0 0 0 0 0 1 0 0 0
3000 3 1 1 0 0 0 1 0 0 0 0 0 0
3001 2 0 0 0 0 0 1 0 0 0 0 0 0
3003 1 0 0 0 0 0 0 0 0 0 0 0 0
3005 2 0 0 0 0 0 0 0 0 0 0 0 0
3009 2 0 0 0 0 0 0 0 0 1 0 0 0
3012 1 0 0 1 0 0 0 0 0 0 0 0 0
3013 4 0 0 1 0 0 1 0 0 0 0 0 0
3015 2 0 0 0 0 0 0 0 0 0 0 0 0
3020 12 0 0 10 0 0 0 0 0 0 0 0 0
fn=tcache_init.part.0
3242 4 1 1 0 0 0 2 0 0 0 0 0 0
3251 8 0 0 3 0 0 0 0 0 2 0 0 0
3252 3 1 1 0 0 0 1 0 0 0 0 0 0
3253 2 0 0 0 0 0 0 0 0 1 1 0 0
3261 4 0 0 2 0 0 0 0 0 2 0 0 0
3270 2 0 0 1 0 0 1 0 0 0 0 0 0
3274 3 0 0 3 0 0 0 0 0 0 0 0 0
fn=unlink_chunk.isra.0
1608 4738 48 1 0 0 0 2369 0 0 0 0 0 0
1610 11845 0 0 4738 260 0 0 0 0 2369 109 0 0
1613 4738 0 0 4738 17 0 0 0 0 0 0 0 0
1614 4738 0 0 2369 0 0 0 0 0 0 0 0 0
1616 9476 63 1 4738 336 0 0 0 0 4738 262 0 0
1619 2369 0 0 0 0 0 2369 0 0 0 0 0 0
1620 2369 0 0 0 0 0 2369 0 0 0 0 0 0
1621 8284 0 0 1182 26 0 0 0 0 3551 134 0 0
1623 404 0 0 202 2 0 0 0 0 202 7 0 0
1624 606 0 0 404 0 0 0 0 0 202 0 0 0
1627 404 0 0 202 2 0 0 0 0 202 0 0 0
1641 202 0 0 0 0 0 202 0 0 0 0 0 0
1642 202 10 1 0 0 0 202 0 0 0 0 0 0
1645 4738 16 0 4738 0 0 0 0 0 0 0 0 0
fl=./malloc/./malloc/morecore.c
fn=__glibc_morecore
25 30 1 1 0 0 0 10 0 0 0 0 0 0
26 20 0 0 10 0 0 0 0 0 10 1 0 0
29 10 0 0 0 0 0 10 0 0 0 0 0 0
30 20 0 0 0 0 0 0 0 0 10 1 0 0
34 20 0 0 20 0 0 0 0 0 0 0 0 0
fl=./malloc/./malloc/scratch_buffer_set_array_size.c
fn=__libc_scratch_buffer_set_array_size
30 65 1 1 0 0 0 20 0 0 0 0 0 0
34 5 0 0 0 0 0 0 0 0 0 0 0 0
35 10 0 0 0 0 0 0 0 0 5 2 0 0
45 10 0 0 5 0 0 0 0 0 5 2 0 0
46 5 0 0 0 0 0 0 0 0 0 0 0 0
63 30 1 1 25 0 0 0 0 0 0 0 0 0
fl=./math/../sysdeps/x86_64/fpu/multiarch/e_asin.c
fn=__acos_finite@GLIBC_2.15
35 1 1 1 0 0 0 0 0 0 0 0 0 0
fn=__asin_finite@GLIBC_2.15
27 2 1 1 1 0 0 0 0 0 0 0 0 0
fl=./math/../sysdeps/x86_64/fpu/multiarch/e_atan2.c
fn=__atan2_finite@GLIBC_2.15
26 2 1 1 1 0 0 0 0 0 0 0 0 0
fl=./math/../sysdeps/x86_64/fpu/multiarch/e_exp.c
fn=__exp_finite@GLIBC_2.15
27 2 2 2 1 0 0 0 0 0 0 0 0 0
fl=./math/../sysdeps/x86_64/fpu/multiarch/e_exp2f.c
fn=exp2f@@GLIBC_2.27
27 2 1 1 1 0 0 0 0 0 0 0 0 0
fl=./math/../sysdeps/x86_64/fpu/multiarch/e_expf.c
fn=expf@@GLIBC_2.27
27 2 1 1 1 0 0 0 0 0 0 0 0 0
fl=./math/../sysdeps/x86_64/fpu/multiarch/e_log.c
fn=__log_finite@GLIBC_2.15
27 2 2 2 1 0 0 0 0 0 0 0 0 0
fl=./math/../sysdeps/x86_64/fpu/multiarch/e_log2.c
fn=log2@@GLIBC_2.29
27 2 1 1 1 0 0 0 0 0 0 0 0 0
fl=./math/../sysdeps/x86_64/fpu/multiarch/e_log2f.c
fn=log2f@@GLIBC_2.27
27 2 1 1 1 0 0 0 0 0 0 0 0 0
fl=./math/../sysdeps/x86_64/fpu/multiarch/e_logf.c
fn=logf@@GLIBC_2.27
27 2 1 1 1 0 0 0 0 0 0 0 0 0
fl=./math/../sysdeps/x86_64/fpu/multiarch/e_pow.c
fn=__pow_finite@GLIBC_2.15
27 2 1 1 1 0 0 0 0 0 0 0 0 0
fl=./math/../sysdeps/x86_64/fpu/multiarch/e_powf.c
fn=powf@@GLIBC_2.27
30 1 1 1 0 0 0 0 0 0 0 0 0 0
fl=./math/../sysdeps/x86_64/fpu/multiarch/ifunc-avx-fma4.h
fn=__atan2_finite@GLIBC_2.15
32 5 0 0 2 0 0 0 0 0 1 0 0 0
33 2 1 1 1 0 0 0 0 0 1 1 0 0
fn=__exp_finite@GLIBC_2.15
32 5 0 0 2 0 0 0 0 0 1 0 0 0
33 2 0 0 1 0 0 0 0 0 1 1 0 0
fn=__log_finite@GLIBC_2.15
32 5 0 0 2 0 0 0 0 0 1 0 0 0
33 2 0 0 1 0 0 0 0 0 1 1 0 0
fn=cos
32 5 1 1 2 0 0 0 0 0 1 0 0 0
33 2 0 0 1 0 0 0 0 0 1 1 0 0
fn=sin
32 5 0 0 2 0 0 0 0 0 1 0 0 0
33 2 0 0 1 0 0 0 0 0 1 1 0 0
fl=./math/../sysdeps/x86_64/fpu/multiarch/ifunc-fma.h
fn=__log1p
29 4 0 0 2 0 0 0 0 0 1 0 0 0
30 3 0 0 1 0 0 0 0 0 0 0 0 0
fn=cosf
29 4 0 0 2 0 0 0 0 0 1 0 0 0
30 3 0 0 1 0 0 0 0 0 0 0 0 0
fn=exp2f@@GLIBC_2.27
29 4 0 0 2 0 0 0 0 0 1 0 0 0
30 3 0 0 1 0 0 0 0 0 0 0 0 0
fn=expf@@GLIBC_2.27
29 4 1 1 2 0 0 0 0 0 1 0 0 0
30 3 0 0 1 0 0 0 0 0 0 0 0 0
fn=expm1
29 4 0 0 2 0 0 0 0 0 1 0 0 0
30 3 1 1 1 0 0 0 0 0 0 0 0 0
fn=log2@@GLIBC_2.29
29 4 0 0 2 0 0 0 0 0 1 0 0 0
30 3 0 0 1 0 0 0 0 0 0 0 0 0
fn=log2f@@GLIBC_2.27
29 4 0 0 2 0 0 0 0 0 1 0 0 0
30 3 1 1 1 0 0 0 0 0 0 0 0 0
fn=logf@@GLIBC_2.27
29 4 0 0 2 0 0 0 0 0 1 0 0 0
30 3 0 0 1 0 0 0 0 0 0 0 0 0
fn=powf@@GLIBC_2.27
29 4 0 0 2 0 0 0 0 0 1 0 0 0
30 4 0 0 2 0 0 0 0 0 0 0 0 0
fn=sincosf
29 4 1 1 2 0 0 0 0 0 1 0 0 0
30 3 0 0 1 0 0 0 0 0 0 0 0 0
fn=sinf
29 4 0 0 2 0 0 0 0 0 1 0 0 0
30 3 0 0 1 0 0 0 0 0 0 0 0 0
fl=./math/../sysdeps/x86_64/fpu/multiarch/ifunc-fma4.h
fn=__acos_finite@GLIBC_2.15
31 4 0 0 2 0 0 0 0 0 1 0 0 0
32 2 1 1 1 0 0 0 0 0 1 1 0 0
35 1 0 0 1 0 0 0 0 0 0 0 0 0
fn=__asin_finite@GLIBC_2.15
31 4 0 0 2 0 0 0 0 0 1 0 0 0
32 2 0 0 1 0 0 0 0 0 1 1 0 0
fn=__pow_finite@GLIBC_2.15
31 4 1 1 2 0 0 0 0 0 1 0 0 0
32 2 0 0 1 0 0 0 0 0 1 1 0 0
fn=sincos
31 4 1 1 2 0 0 0 0 0 1 0 0 0
32 2 0 0 1 0 0 0 0 0 1 1 0 0
fl=./math/../sysdeps/x86_64/fpu/multiarch/s_cosf.c
fn=cosf
26 2 1 1 1 0 0 0 0 0 0 0 0 0
fl=./math/../sysdeps/x86_64/fpu/multiarch/s_expm1.c
fn=expm1
26 2 1 1 1 0 0 0 0 0 0 0 0 0
fl=./math/../sysdeps/x86_64/fpu/multiarch/s_fma.c
fn=fma
49 6 2 2 3 0 0 0 0 0 1 1 0 0
fl=./math/../sysdeps/x86_64/fpu/multiarch/s_log1p.c
fn=__log1p
26 2 1 1 1 0 0 0 0 0 0 0 0 0
fl=./math/../sysdeps/x86_64/fpu/multiarch/s_sin.c
fn=cos
34 2 1 1 1 0 0 0 0 0 0 0 0 0
fn=sin
27 2 1 1 1 0 0 0 0 0 0 0 0 0
fl=./math/../sysdeps/x86_64/fpu/multiarch/s_sincos.c
fn=sincos
26 2 1 1 1 0 0 0 0 0 0 0 0 0
fl=./math/../sysdeps/x86_64/fpu/multiarch/s_sincosf.c
fn=sincosf
26 2 1 1 1 0 0 0 0 0 0 0 0 0
fl=./math/../sysdeps/x86_64/fpu/multiarch/s_sinf.c
fn=sinf
26 2 1 1 1 0 0 0 0 0 0 0 0 0
fl=./misc/../sysdeps/unix/syscall-template.S
fn=mprotect
117 35 2 2 0 0 0 0 0 0 7 2 0 0
122 7 0 0 7 0 0 0 0 0 0 0 0 0
fn=munmap
117 5 0 0 0 0 0 0 0 0 1 0 0 0
122 1 0 0 1 0 0 0 0 0 0 0 0 0
fl=./misc/../sysdeps/unix/sysv/linux/brk.c
fn=brk
36 8 1 1 0 0 0 0 0 0 0 0 0 0
37 16 0 0 8 0 0 8 0 0 0 0 0 0
38 16 0 0 0 0 0 0 0 0 8 0 0 0
44 8 0 0 0 0 0 0 0 0 0 0 0 0
45 8 0 0 8 0 0 0 0 0 0 0 0 0
fl=./misc/../sysdeps/unix/sysv/linux/brk_call.h
fn=brk
24 16 0 0 0 0 0 0 0 0 0 0 0 0
fl=./misc/../sysdeps/unix/sysv/linux/mmap64.c
fn=mmap
47 182 1 1 0 0 0 78 2 2 0 0 0 0
50 52 0 0 0 0 0 0 0 0 26 0 0 0
53 107 1 1 5 0 0 0 0 0 40 12 0 0
58 156 0 0 0 0 0 0 0 0 26 0 0 0
60 104 0 0 104 0 0 0 0 0 0 0 0 0
fl=./misc/../sysdeps/unix/sysv/linux/setvmaname.c
fn=__set_vma_name
33 12 2 2 0 0 0 4 1 1 0 0 0 0
35 11 0 0 5 0 0 0 0 0 3 1 0 0
40 7 0 0 1 0 0 1 0 0 1 1 0 0
47 1 1 1 0 0 0 1 0 0 0 0 0 0
49 6 0 0 5 0 0 0 0 0 0 0 0 0
fl=./misc/./misc/init-misc.c
fn=__init_misc
30 5 1 1 0 0 0 3 0 0 0 0 0 0
31 6 0 0 1 0 0 0 0 0 2 0 0 0
33 3 1 1 0 0 0 1 0 0 0 0 0 0
37 5 0 0 1 0 0 1 1 0 0 0 0 0
38 3 0 0 2 0 0 1 0 0 0 0 0 0
40 4 0 0 4 0 0 0 0 0 0 0 0 0
fl=./misc/./misc/sbrk.c
fn=sbrk
37 80 2 1 0 0 0 40 0 0 0 0 0 0
40 20 0 0 20 12 0 0 0 0 0 0 0 0
43 20 6 1 10 6 0 0 0 0 10 8 0 0
58 20 0 0 0 0 0 0 0 0 10 1 0 0
59 4 1 1 0 0 0 1 0 0 1 0 0 0
62 20 0 0 0 0 0 0 0 0 10 3 0 0
63 2 0 0 1 0 0 0 0 0 0 0 0 0
66 28 1 1 0 0 0 0 0 0 14 8 0 0
68 2 0 0 0 0 0 0 0 0 0 0 0 0
74 21 0 0 0 0 0 7 0 0 7 0 0 0
78 70 0 0 50 0 0 0 0 0 0 0 0 0
fl=./nptl/../sysdeps/nptl/futex-internal.h
fn=__pthread_once_slow
209 8 1 1 0 0 0 0 0 0 1 1 0 0
fl=./nptl/../sysdeps/unix/sysv/linux/x86/elision-conf.c
fn=__lll_elision_init
92 8 1 1 1 0 0 3 0 0 0 0 0 0
96 5 1 1 0 0 0 1 0 0 0 0 0 0
98 4 0 0 0 0 0 1 0 0 0 0 0 0
100 4 0 0 0 0 0 1 0 0 0 0 0 0
102 4 0 0 0 0 0 1 0 0 0 0 0 0
104 4 1 1 0 0 0 1 0 0 0 0 0 0
107 3 0 0 1 1 1 0 0 0 1 0 0 0
108 1 0 0 0 0 0 1 1 1 0 0 0 0
109 6 0 0 5 0 0 0 0 0 1 0 0 0
fl=./nptl/./nptl/alloca_cutoff.c
fn=__libc_alloca_cutoff
27 1908 90 1 0 0 0 0 0 0 0 0 0 0
28 17172 20 1 1908 135 0 0 0 0 1908 4 0 0
35 1908 0 0 1908 0 0 0 0 0 0 0 0 0
fl=./nptl/./nptl/cleanup_compat.c
fn=_pthread_cleanup_pop@@GLIBC_2.34
40 1 0 0 0 0 0 0 0 0 0 0 0 0
43 2 0 0 1 0 0 1 0 0 0 0 0 0
47 2 0 0 0 0 0 0 0 0 1 1 0 0
49 1 1 1 1 0 0 0 0 0 0 0 0 0
fn=_pthread_cleanup_push@@GLIBC_2.34
25 1 1 1 0 0 0 0 0 0 0 0 0 0
28 1 0 0 0 0 0 1 0 0 0 0 0 0
29 1 0 0 0 0 0 1 0 0 0 0 0 0
30 2 1 1 1 1 0 1 0 0 0 0 0 0
32 1 0 0 0 0 0 1 0 0 0 0 0 0
33 1 0 0 1 0 0 0 0 0 0 0 0 0
fl=./nptl/./nptl/libc-cleanup.c
fn=__libc_cleanup_pop_restore
54 2 0 0 0 0 0 0 0 0 0 0 0 0
55 2 0 0 2 0 0 0 0 0 0 0 0 0
57 4 0 0 2 0 0 2 0 0 0 0 0 0
59 2 0 0 2 0 0 0 0 0 0 0 0 0
60 6 1 1 2 0 0 0 0 0 2 2 0 0
71 2 0 0 2 0 0 0 0 0 0 0 0 0
fn=__libc_cleanup_push_defer
24 2 1 1 0 0 0 0 0 0 0 0 0 0
25 2 0 0 2 0 0 0 0 0 0 0 0 0
27 4 0 0 2 0 0 2 0 0 0 0 0 0
29 4 0 0 2 1 0 0 0 0 0 0 0 0
32 4 0 0 0 0 0 0 0 0 2 1 0 0
46 6 1 1 0 0 0 2 0 0 0 0 0 0
48 2 0 0 0 0 0 2 0 0 0 0 0 0
49 2 0 0 2 0 0 0 0 0 0 0 0 0
fl=./nptl/./nptl/pthread_mutex_conf.c
fn=__pthread_tunables_init
55 8 1 1 1 0 0 3 0 0 0 0 0 0
56 5 1 1 0 0 0 1 0 0 0 0 0 0
58 4 0 0 0 0 0 1 0 0 0 0 0 0
60 4 0 0 0 0 0 1 0 0 0 0 0 0
62 6 1 1 5 0 0 0 0 0 1 0 0 0
fl=./nptl/./nptl/pthread_mutex_lock.c
fn=pthread_mutex_lock@@GLIBC_2.2.5
44 1 1 1 1 0 0 0 0 0 0 0 0 0
45 7 0 0 2 0 0 0 0 0 3 0 0 0
46 1 0 0 0 0 0 1 0 0 0 0 0 0
77 5 1 1 0 0 0 2 1 0 0 0 0 0
80 3 0 0 1 0 0 0 0 0 0 0 0 0
82 1 0 0 0 0 0 0 0 0 0 0 0 0
84 2 1 1 0 0 0 0 0 0 1 1 0 0
88 2 0 0 0 0 0 0 0 0 1 1 0 0
97 2 1 1 0 0 0 0 0 0 1 0 0 0
108 4 1 1 1 0 0 0 0 0 1 1 0 0
112 1 0 0 1 1 0 0 0 0 0 0 0 0
115 2 0 0 1 0 0 0 0 0 1 1 0 0
124 1 0 0 0 0 0 0 0 0 0 0 0 0
130 3 0 0 1 0 0 0 0 0 1 0 0 0
131 2 1 1 0 0 0 1 0 0 0 0 0 0
179 1 1 1 1 0 0 0 0 0 0 0 0 0
182 1 0 0 0 0 0 1 0 0 0 0 0 0
184 1 0 0 1 0 0 0 0 0 0 0 0 0
187 1 0 0 0 0 0 0 0 0 0 0 0 0
190 3 0 0 3 0 0 0 0 0 0 0 0 0
fl=./nptl/./nptl/pthread_mutex_unlock.c
fn=pthread_mutex_unlock@@GLIBC_2.2.5
39 1 0 0 1 0 0 0 0 0 0 0 0 0
40 4 0 0 1 0 0 0 0 0 2 0 0 0
41 1 0 0 0 0 0 1 0 0 0 0 0 0
51 3 0 0 1 0 0 0 0 0 0 0 0 0
52 2 1 1 0 0 0 0 0 0 1 0 0 0
57 2 0 0 0 0 0 0 0 0 1 1 0 0
62 1 0 0 0 0 0 1 0 0 0 0 0 0
65 1 0 0 1 0 0 0 0 0 0 0 0 0
70 1 0 0 0 0 0 0 0 0 0 0 0 0
72 1 0 0 0 0 0 0 0 0 0 0 0 0
74 2 1 1 0 0 0 0 0 0 1 1 0 0
80 4 1 1 1 0 0 0 0 0 1 0 0 0
84 3 0 0 2 0 0 0 0 0 1 1 0 0
87 2 0 0 1 0 0 0 0 0 1 0 0 0
367 4 1 1 0 0 0 1 0 0 0 0 0 0
369 2 0 0 2 0 0 0 0 0 0 0 0 0
fl=./nptl/./nptl/pthread_once.c
fn=__pthread_once_slow
68 11 2 2 1 0 0 5 0 0 0 0 0 0
76 1 0 0 1 0 0 0 0 0 0 0 0 0
80 2 0 0 0 0 0 0 0 0 1 1 0 0
88 2 0 0 1 1 1 0 0 0 0 0 0 0
92 2 0 0 1 0 0 0 0 0 1 0 0 0
101 4 1 1 0 0 0 0 0 0 1 1 0 0
114 13 2 2 0 0 0 7 0 0 0 0 0 0
116 1 0 0 0 0 0 1 0 0 0 0 1 1
118 3 0 0 0 0 0 1 0 0 0 0 0 0
124 1 0 0 0 0 0 1 0 0 0 0 0 0
132 10 0 0 7 0 0 0 0 0 1 0 0 0
fn=pthread_once@@GLIBC_2.34
136 2132 51 1 0 0 0 0 0 0 0 0 0 0
139 2132 0 0 2132 72 0 0 0 0 0 0 0 0
140 4264 0 0 0 0 0 0 0 0 2132 4 0 0
143 1 0 0 0 0 0 0 0 0 0 0 0 0
144 4262 0 0 2131 0 0 0 0 0 0 0 0 0
fl=./posix/../malloc/dynarray-skeleton.c
fn=__unregister_atfork
243 5 0 0 5 2 1 0 0 0 0 0 0 0
fl=./posix/../sysdeps/unix/sysv/linux/_exit.c
fn=_Exit
27 2 1 1 1 0 0 0 0 0 0 0 0 0
30 4 0 0 0 0 0 0 0 0 0 0 0 0
fl=./posix/./posix/register-atfork.c
fn=__unregister_atfork
71 10 1 1 0 0 0 0 0 0 5 3 0 0
82 30 1 1 0 0 0 10 0 0 0 0 0 0
83 20 0 0 5 1 1 0 0 0 5 0 0 0
109 20 1 1 10 0 0 0 0 0 10 0 0 0
110 15 0 0 15 0 0 0 0 0 0 0 0 0
fl=./resource/../sysdeps/unix/sysv/linux/getrlimit64.c
fn=getrlimit
38 2 1 1 0 0 0 0 0 0 0 0 0 0
39 7 0 0 0 0 0 0 0 0 1 0 0 0
40 1 0 0 1 0 0 0 0 0 0 0 0 0
fl=./setjmp/../sysdeps/x86_64/bsd-_setjmp.S
fn=_setjmp
28 1 1 1 0 0 0 0 0 0 0 0 0 0
30 1 0 0 0 0 0 0 0 0 0 0 0 0
32 1 0 0 0 0 0 0 0 0 0 0 0 0
fl=./setjmp/../sysdeps/x86_64/setjmp.S
fn=__sigsetjmp
31 14 2 2 0 0 0 0 0 0 0 0 0 0
33 14 0 0 0 0 0 14 0 0 0 0 0 0
42 14 0 0 0 0 0 0 0 0 0 0 0 0
43 28 0 0 14 0 0 0 0 0 0 0 0 0
44 14 0 0 0 0 0 14 0 0 0 0 0 0
48 14 0 0 0 0 0 14 0 0 0 0 0 0
49 14 0 0 0 0 0 14 0 0 0 0 0 0
50 14 0 0 0 0 0 14 0 0 0 0 0 0
51 14 0 0 0 0 0 14 0 0 0 0 0 0
52 14 0 0 0 0 0 0 0 0 0 0 0 0
54 28 1 1 14 0 0 0 0 0 0 0 0 0
56 14 0 0 0 0 0 14 1 1 0 0 0 0
57 14 1 1 14 0 0 0 0 0 0 0 0 0
58 14 0 0 0 0 0 0 0 0 0 0 0 0
60 28 0 0 14 0 0 0 0 0 0 0 0 0
62 14 0 0 0 0 0 14 0 0 0 0 0 0
67 1 0 0 1 1 0 0 0 0 0 0 0 0
68 1 0 0 0 0 0 0 0 0 1 1 0 0
70 13 0 0 0 0 0 0 0 0 0 0 0 0
73 13 0 0 0 0 0 0 0 0 0 0 0 0
74 13 0 0 0 0 0 13 0 0 0 0 0 0
81 13 0 0 0 0 0 0 0 0 0 0 0 0
82 13 0 0 13 0 0 0 0 0 0 0 0 0
85 1 1 1 0 0 0 0 0 0 0 0 0 0
fl=./setjmp/./setjmp/sigjmp.c
fn=__sigjmp_save
28 6 0 0 0 0 0 2 0 0 0 0 0 0
29 1 0 0 0 0 0 1 0 0 0 0 0 0
30 2 0 0 0 0 0 0 0 0 1 0 0 0
34 4 0 0 3 0 0 0 0 0 0 0 0 0
fl=./stdio-common/../include/../locale/localeinfo.h
fn=__printf_fp_l_buffer
331 5724 101 1 5724 210 0 0 0 0 0 0 0 0
fl=./stdio-common/../include/printf_buffer.h
fn=__printf_fp_buffer_1.isra.0
163 11448 111 1 5724 0 0 0 0 0 3816 99 0 0
fl=./stdio-common/../include/rounding-mode.h
fn=__printf_fp_buffer_1.isra.0
52 5850 22 1 0 0 0 0 0 0 1908 4 0 0
58 2034 0 0 0 0 0 0 0 0 1017 2 0 0
fl=./stdio-common/../string/bits/string_fortified.h
fn=__printf_buffer_write
29 5724 0 0 0 0 0 1908 0 0 0 0 0 0
fn=__printf_fp_buffer_1.isra.0
29 7852 1 1 3816 0 0 4036 0 0 0 0 0 0
fl=./stdio-common/../sysdeps/generic/get-rounding-mode.h
fn=__printf_fp_buffer_1.isra.0
94 1908 14 1 0 0 0 1908 0 0 0 0 0 0
95 13356 101 1 1908 0 0 0 0 0 5724 217 0 0
fl=./stdio-common/../sysdeps/pthread/allocalim.h
fn=__printf_fp_buffer_1.isra.0
27 3816 0 0 0 0 0 1908 0 0 0 0 0 0
29 9540 0 0 0 0 0 1908 0 0 1908 0 0 0
fl=./stdio-common/./stdio-common/Xprintf_buffer_done.c
fn=__printf_buffer_done
25 1908 15 1 0 0 0 0 0 0 0 0 0 0
26 5724 0 0 1908 0 0 0 0 0 1908 1908 0 0
31 3816 1 1 3816 0 0 0 0 0 0 0 0 0
33 22896 0 0 1908 0 0 0 0 0 3816 229 0 0
40 1908 0 0 1908 0 0 0 0 0 0 0 0 0
fl=./stdio-common/./stdio-common/Xprintf_buffer_write.c
fn=__printf_buffer_write
27 45792 27 1 0 0 0 28620 58 0 0 0 0 0
28 17172 0 0 5724 0 0 0 0 0 5724 1960 0 0
31 19080 0 0 0 0 0 0 0 0 7632 7 0 0
33 9540 8 1 3816 0 0 0 0 0 1908 2 0 0
36 1908 0 0 0 0 0 0 0 0 0 0 0 0
37 3816 0 0 0 0 0 0 0 0 0 0 0 0
40 5724 0 0 1908 0 0 1908 0 0 0 0 0 0
41 1908 0 0 0 0 0 0 0 0 0 0 0 0
44 34344 43 1 34344 0 0 0 0 0 0 0 0 0
fl=./stdio-common/./stdio-common/printf-parse.h
fn=__printf_buffer
82 17172 13 1 0 0 0 5724 61 0 0 0 0 0
fl=./stdio-common/./stdio-common/printf_fp.c
fn=__printf_fp_buffer_1.isra.0
91 11448 48 1 3816 0 0 0 0 0 3816 13 0 0
93 11448 0 0 3816 0 0 0 0 0 3816 1 0 0
95 7632 0 0 7632 0 0 0 0 0 0 0 0 0
101 7632 0 0 0 0 0 0 0 0 3816 0 0 0
105 26712 9 1 7632 0 0 3816 0 0 0 0 0 0
107 15264 0 0 11448 0 0 3816 0 0 0 0 0 0
108 3816 0 0 3816 0 0 0 0 0 0 0 0 0
110 7632 0 0 3816 0 0 3816 0 0 0 0 0 0
111 19161 135 1 7632 0 0 0 0 0 7713 527 0 0
112 162 0 0 0 0 0 81 0 0 0 0 0 0
117 81 8 1 0 0 0 81 0 0 0 0 0 0
118 3897 0 0 0 0 0 0 0 0 0 0 0 0
122 11205 0 0 0 0 0 3735 0 0 0 0 0 0
123 7470 0 0 0 0 0 0 0 0 3735 1276 0 0
124 13055 30 1 5222 0 0 5222 0 0 0 0 0 0
138 34344 96 2 1908 0 0 24804 195 0 0 0 0 0
159 15264 6 1 1908 0 0 1908 0 0 0 0 0 0
177 1908 0 0 0 0 0 1908 50 0 0 0 0 0
187 1908 0 0 0 0 0 1908 0 0 0 0 0 0
221 3816 0 0 0 0 0 0 0 0 1908 0 0 0
222 1908 0 0 0 0 0 1908 0 0 0 0 0 0
226 5724 13 1 1908 0 0 0 0 0 1908 2 0 0
230 32436 301 3 5724 161 1 1908 62 0 3816 2 0 0
234 1908 0 0 0 0 0 0 0 0 0 0 0 0
266 9540 165 2 1908 0 0 0 0 0 0 0 0 0
267 1908 0 0 0 0 0 0 0 0 0 0 0 0
268 3816 0 0 0 0 0 0 0 0 0 0 0 0
271 32436 101 1 1908 0 0 1908 0 0 3816 2 0 0
272 30528 75 1 1908 85 0 1908 0 0 3816 1 0 0
273 30528 223 2 1908 0 0 1908 0 0 3816 112 0 0
279 1908 0 0 0 0 0 1908 0 0 0 0 0 0
280 3816 0 0 0 0 0 0 0 0 1908 0 0 0
283 1908 0 0 0 0 0 0 0 0 0 0 0 0
293 1908 0 0 0 0 0 0 0 0 0 0 0 0
294 13356 1 1 0 0 0 1908 0 0 0 0 0 0
297 5724 0 0 0 0 0 0 0 0 1908 2 0 0
301 7632 0 0 0 0 0 0 0 0 0 0 0 0
305 7632 0 0 0 0 0 1908 65 0 0 0 0 0
306 1908 0 0 0 0 0 0 0 0 0 0 0 0
308 11448 1 1 0 0 0 0 0 0 0 0 0 0
309 17172 33 1 3816 0 0 1908 0 0 0 0 0 0
310 3816 0 0 0 0 0 0 0 0 1908 0 0 0
311 13356 16 1 5724 0 0 3816 0 0 0 0 0 0
313 3816 88 1 0 0 0 0 0 0 1908 0 0 0
318 24804 0 0 0 0 0 0 0 0 0 0 0 0
322 146916 1 1 47700 428 4 0 0 0 24804 2138 0 0
324 11142 72 1 1908 0 0 0 0 0 3663 4 0 0
327 6384 0 0 4256 0 0 0 0 0 2128 0 0 0
337 3663 2 1 3663 0 0 0 0 0 0 0 0 0
368 4256 0 0 2128 0 0 2128 0 0 0 0 0 0
369 8512 0 0 2128 75 0 0 0 0 0 0 0 0
375 9210 0 0 3070 0 0 1535 0 0 0 0 0 0
377 1535 0 0 1535 0 0 0 0 0 0 0 0 0
380 3070 0 0 3070 0 0 0 0 0 0 0 0 0
381 3070 0 0 0 0 0 0 0 0 1535 0 0 0
382 4605 1 1 0 0 0 1535 0 0 0 0 0 0
385 31432 19 1 13117 0 0 3663 0 0 10989 334 0 0
388 7632 28 1 1908 0 0 1908 0 0 0 0 0 0
389 7632 0 0 5724 0 0 0 0 0 0 0 0 0
390 9540 0 0 0 0 0 0 0 0 0 0 0 0
391 7632 1 1 0 0 0 0 0 0 0 0 0 0
394 24804 0 0 0 0 0 0 0 0 0 0 0 0
396 49608 0 0 0 0 0 0 0 0 24804 1954 0 0
397 3816 0 0 1908 0 0 1908 0 0 0 0 0 0
403 5571 0 0 1755 0 0 0 0 0 1908 14 0 0
407 23094 60 3 7665 0 0 0 0 0 3849 114 0 0
411 7632 0 0 1908 0 0 0 0 0 0 0 0 0
413 3816 0 0 0 0 0 0 0 0 1908 2 0 0
429 33 31 1 0 0 0 0 0 0 0 0 0 0
430 33 15 1 33 0 0 0 0 0 0 0 0 0
434 231 0 0 0 0 0 0 0 0 0 0 0 0
439 3750 20 1 1875 0 0 0 0 0 0 0 0 0
442 15165 0 0 0 0 0 0 0 0 3783 4 0 0
452 66 0 0 0 0 0 0 0 0 33 0 0 0
458 7500 92 1 0 0 0 3750 0 0 0 0 0 0
460 5625 0 0 1875 0 0 0 0 0 0 0 0 0
461 11250 0 0 5625 0 0 1875 0 0 0 0 0 0
463 11616 88 1 5625 0 0 0 0 0 1875 213 0 0
470 198 1 1 0 0 0 66 0 0 0 0 0 0
471 66 0 0 0 0 0 0 0 0 0 0 0 0
473 66 1 0 33 0 0 0 0 0 0 0 0 0
474 198 0 0 99 0 0 33 0 0 0 0 0 0
477 3849 0 0 33 0 0 1908 0 0 0 0 0 0
478 165 15 1 66 0 0 0 0 0 33 2 0 0
665 5724 0 0 3816 0 0 1908 0 0 0 0 0 0
674 11448 1 1 7632 73 1 1908 0 0 0 0 0 0
676 3816 0 0 0 0 0 0 0 0 1908 0 0 0
680 3816 0 0 1908 0 0 1908 0 0 0 0 0 0
686 3816 0 0 1908 0 0 0 0 0 1908 4 0 0
688 3816 35 1 0 0 0 1908 0 0 0 0 0 0
689 3816 0 0 0 0 0 0 0 0 1908 47 0 0
692 5724 2 1 1908 0 0 0 0 0 1908 50 0 0
694 17172 74 2 3816 0 0 9540 0 0 0 0 0 0
696 3816 0 0 0 0 0 1908 0 0 0 0 0 0
738 7632 1 1 1908 0 0 0 0 0 3816 6 0 0
746 5724 1 1 1908 0 0 1908 0 0 0 0 0 0
759 32436 2 2 3816 0 0 1908 0 0 3816 55 0 0
760 3816 0 0 0 0 0 1908 0 0 0 0 0 0
763 5724 0 0 1908 0 0 0 0 0 1908 0 0 0
766 35133 74 2 5724 0 0 0 0 0 7259 1984 0 0
769 16053 0 0 0 0 0 10702 0 0 0 0 0 0
771 1908 0 0 0 0 0 1908 0 0 0 0 0 0
773 11448 18 1 5724 0 0 0 0 0 3816 208 0 0
775 5724 0 0 1908 0 0 1908 0 0 0 0 0 0
787 1908 0 0 0 0 0 0 0 0 0 0 0 0
788 9540 81 1 1908 0 0 3816 0 0 0 0 0 0
789 9540 0 0 1908 0 0 1908 0 0 0 0 0 0
790 15264 0 0 0 0 0 0 0 0 7632 1427 0 0
792 3816 0 0 0 0 0 0 0 0 0 0 0 0
793 3816 8 0 0 0 0 3816 0 0 0 0 0 0
794 11448 0 0 0 0 0 0 0 0 3816 420 0 0
795 7632 0 0 0 0 0 3816 0 0 0 0 0 0
796 1287 1 1 429 0 0 0 0 0 429 0 0 0
805 9540 59 1 7632 0 0 0 0 0 1908 11 0 0
806 7632 70 1 0 0 0 3816 0 0 0 0 0 0
808 13356 0 0 1908 0 0 0 0 0 1908 0 0 0
809 843 10 0 0 0 0 0 0 0 0 0 0 0
810 5346 113 1 2673 0 0 0 0 0 1782 40 0 0
813 1686 0 0 843 0 0 0 0 0 843 2 0 0
830 2034 0 0 0 0 0 0 0 0 1017 0 0 0
834 1764 19 1 0 0 0 0 0 0 0 0 0 0
835 6570 74 1 1422 0 0 0 0 0 1422 152 0 0
837 135 0 0 0 0 0 135 0 0 0 0 0 0
838 270 0 0 0 0 0 0 0 0 0 0 0 0
840 3051 41 1 1017 0 0 0 0 0 1017 4 0 0
842 2034 0 0 1017 0 0 0 0 0 1017 0 0 0
844 2034 0 0 0 0 0 1017 0 0 0 0 0 0
855 2034 0 0 1017 0 0 0 0 0 1017 0 0 0
924 8775 0 0 2034 0 0 0 0 0 1908 0 0 0
931 1782 94 1 0 0 0 0 0 0 891 50 0 0
935 5724 65 1 1908 0 0 0 0 0 1908 5 0 0
980 13356 34 1 5724 0 0 0 0 0 1908 0 0 0
983 3816 53 1 0 0 0 1908 0 0 0 0 0 0
987 9540 0 0 1908 0 0 0 0 0 3816 4 0 0
991 5724 0 0 1908 0 0 0 0 0 0 0 0 0
994 7632 1 1 1908 0 0 1908 0 0 0 0 0 0
996 15264 4 1 3816 0 0 0 0 0 3816 4 0 0
999 7632 93 1 3816 0 0 0 0 0 1908 0 0 0
1001 5724 0 0 0 0 0 0 0 0 1908 2 0 0
1003 3816 1 1 0 0 0 0 0 0 1908 2 0 0
1006 3816 0 0 0 0 0 0 0 0 1908 0 0 0
1009 5724 0 0 1908 0 0 0 0 0 1908 2 0 0
1022 7632 34 1 1908 0 0 1908 0 0 0 0 0 0
1024 5724 0 0 3816 0 0 0 0 0 1908 195 0 0
1028 5724 1 1 1908 0 0 0 0 0 1908 2 0 0
1030 20988 0 0 17172 0 0 0 0 0 1908 0 0 0
fn=__printf_fp_l_buffer
1099 36252 195 2 1908 0 0 17172 61 0 0 0 0 0
1102 5724 0 0 1908 0 0 0 0 0 1908 2 0 0
1111 1908 0 0 0 0 0 1908 48 0 0 0 0 0
1112 3816 0 0 0 0 0 1908 0 0 0 0 0 0
1115 9540 108 1 1908 0 0 5724 0 0 0 0 0 0
1116 9540 0 0 3816 67 0 0 0 0 1908 2 0 0
1117 5724 51 1 0 0 0 0 0 0 1908 2 0 0
1122 13356 110 1 5724 0 0 1908 0 0 0 0 0 0
1126 1908 0 0 0 0 0 0 0 0 0 0 0 0
1147 20988 101 1 17172 0 0 0 0 0 1908 0 0 0
fn=hack_digit
88 36295 0 0 0 0 0 21777 14 0 0 0 0 0
91 21777 0 0 7259 0 0 0 0 0 7259 14 0 0
93 21777 21 1 7259 0 0 0 0 0 7259 0 0 0
95 14518 0 0 14518 0 0 0 0 0 0 0 0 0
101 14518 0 0 0 0 0 0 0 0 7259 8 0 0
105 50813 31 1 14518 0 0 7259 0 0 0 0 0 0
107 29036 1 1 21777 0 0 7259 0 0 0 0 0 0
108 7259 0 0 7259 0 0 0 0 0 0 0 0 0
110 14518 0 0 7259 0 0 7259 0 0 0 0 0 0
111 43643 0 0 14518 0 0 0 0 0 14607 103 0 0
112 178 0 0 0 0 0 89 0 0 0 0 0 0
117 89 0 0 0 0 0 89 0 0 0 0 0 0
118 14429 0 0 0 0 0 0 0 0 0 0 0 0
122 28680 0 0 7170 0 0 7170 0 0 0 0 0 0
123 14340 0 0 0 0 0 0 0 0 7170 1881 0 0
124 27905 0 0 11162 0 0 11162 0 0 0 0 0 0
128 36295 0 0 29036 0 0 0 0 0 0 0 0 0
fl=./stdio-common/./stdio-common/vfprintf-internal.c
fn=__printf_buffer
263 5724 0 0 0 0 0 0 0 0 1908 151 0 0
264 5724 0 0 0 0 0 0 0 0 0 0 0 0
266 1908 15 1 0 0 0 1908 0 0 0 0 0 0
600 28620 53 1 0 0 0 15264 77 0 0 0 0 0
627 9540 6 1 5724 0 0 3816 0 0 0 0 0 0
631 1908 0 0 0 0 0 1908 0 0 0 0 0 0
634 1908 0 0 0 0 0 1908 0 0 0 0 0 0
638 7632 0 0 3816 0 0 3816 71 0 0 0 0 0
642 1908 0 0 0 0 0 1908 79 0 0 0 0 0
653 5724 0 0 0 0 0 1908 0 0 0 0 0 0
654 3816 0 0 0 0 0 0 0 0 0 0 0 0
655 5724 0 0 1908 0 0 0 0 0 1908 0 0 0
659 3816 0 0 1908 0 0 0 0 0 1908 0 0 0
663 15264 135 1 5724 83 1 1908 0 0 5724 80 0 0
683 1908 0 0 0 0 0 1908 0 0 0 0 0 0
684 1908 75 1 0 0 0 1908 0 0 0 0 0 0
685 1908 0 0 0 0 0 1908 0 0 0 0 0 0
686 1908 0 0 0 0 0 1908 0 0 0 0 0 0
687 1908 0 0 0 0 0 0 0 0 0 0 0 0
690 3816 0 0 0 0 0 0 0 0 0 0 1908 1
691 1908 0 0 0 0 0 0 0 0 0 0 0 0
692 1908 0 0 0 0 0 0 0 0 0 0 0 0
693 1908 0 0 0 0 0 0 0 0 0 0 0 0
694 1908 0 0 0 0 0 1908 0 0 0 0 0 0
695 1908 0 0 0 0 0 0 0 0 0 0 0 0
698 1908 0 0 0 0 0 1908 0 0 0 0 0 0
699 1908 0 0 0 0 0 1908 0 0 0 0 0 0
705 26712 203 3 5724 146 2 0 0 0 1908 12 0 0
709 1908 44 1 0 0 0 0 0 0 0 0 0 0
744 3816 1 1 3816 0 0 0 0 0 0 0 0 0
813 1908 0 0 0 0 0 0 0 0 0 0 0 0
814 5724 0 0 1908 0 0 0 0 0 1908 4 0 0
818 3816 78 1 0 0 0 0 0 0 0 0 0 0
819 7632 1 1 1908 0 0 0 0 0 1908 60 0 0
834 13356 0 0 3816 0 0 1908 0 0 1908 0 0 0
837 11448 0 0 1908 0 0 0 0 0 0 0 0 0
855 26712 18 1 5724 176 2 0 0 0 1908 0 1908 1
891 3816 101 1 0 0 0 0 0 0 0 0 0 0
973 9540 122 1 1908 0 0 1908 0 0 1908 0 0 0
976 64872 160 2 13356 0 0 11448 0 0 0 0 0 0
996 20988 1 1 5724 0 0 3816 0 0 3816 0 0 0
997 3816 0 0 0 0 0 1908 0 0 0 0 0 0
1001 1908 0 0 0 0 0 0 0 0 0 0 0 0
1018 1908 0 0 1908 0 0 0 0 0 0 0 0 0
1024 1908 0 0 0 0 0 0 0 0 0 0 0 0
1028 5724 2 1 0 0 0 1908 0 0 0 0 0 0
1029 3816 0 0 0 0 0 0 0 0 0 0 0 0
1031 3816 0 0 1908 0 0 0 0 0 1908 2 0 0
1044 20988 108 1 17172 0 0 0 0 0 1908 0 0 0
fl=./stdlib/../include/rounding-mode.h
fn=round_and_return
46 1050 39 2 0 0 0 0 0 0 630 84 0 0
52 612 39 2 0 0 0 0 0 0 210 98 0 0
fl=./stdlib/../stdlib/gmp.h
fn=round_and_return
453 96 2 1 0 0 0 0 0 0 0 0 0 0
454 96 0 0 0 0 0 96 0 0 0 0 0 0
fl=./stdlib/../string/bits/string_fortified.h
fn=____strtod_l_internal
29 2070 2 2 414 0 0 828 0 0 0 0 0 0
fl=./stdlib/../sysdeps/generic/get-rounding-mode.h
fn=round_and_return
94 210 0 0 0 0 0 210 0 0 0 0 0 0
95 1890 2 1 210 0 0 0 0 0 420 0 0 0
fl=./stdlib/../sysdeps/ieee754/dbl-64/dbl2mpn.c
fn=__mpn_extract_double
33 5724 135 1 0 0 0 0 0 0 0 0 0 0
35 1908 0 0 0 0 0 0 0 0 0 0 0 0
37 5724 0 0 0 0 0 1908 0 0 0 0 0 0
38 9540 0 0 0 0 0 1908 0 0 0 0 0 0
47 5724 72 1 0 0 0 1908 77 0 0 0 0 0
56 5724 0 0 0 0 0 0 0 0 1908 2 0 0
103 3816 0 0 0 0 0 1908 0 0 0 0 0 0
107 3816 0 0 1908 0 0 0 0 0 0 0 0 0
fl=./stdlib/../sysdeps/ieee754/dbl-64/mpn2dbl.c
fn=__mpn_construct_double
29 210 36 1 0 0 0 0 0 0 0 0 0 0
33 210 0 0 0 0 0 0 0 0 0 0 0 0
39 210 0 0 210 0 0 0 0 0 0 0 0 0
40 2100 0 0 0 0 0 0 0 0 0 0 0 0
46 210 1 1 0 0 0 0 0 0 0 0 0 0
47 420 0 0 210 0 0 0 0 0 0 0 0 0
fl=./stdlib/../sysdeps/x86_64/lshift.S
fn=__mpn_lshift
28 2532 1 1 0 0 0 0 0 0 0 0 0 0
29 2532 0 0 0 0 0 0 0 0 0 0 0 0
30 2532 0 0 0 0 0 0 0 0 0 0 0 0
32 2532 0 0 0 0 0 0 0 0 0 0 0 0
33 2532 0 0 0 0 0 0 0 0 0 0 0 0
34 2532 0 0 0 0 0 0 0 0 2532 13 0 0
46 2532 0 0 0 0 0 0 0 0 0 0 0 0
47 2532 0 0 0 0 0 0 0 0 2532 0 0 0
48 2532 0 0 2532 0 0 0 0 0 0 0 0 0
49 2532 0 0 0 0 0 0 0 0 0 0 0 0
50 2532 1 1 0 0 0 0 0 0 0 0 0 0
51 2532 0 0 0 0 0 0 0 0 0 0 0 0
52 2532 0 0 0 0 0 0 0 0 2532 10 0 0
58 2532 0 0 0 0 0 0 0 0 0 0 0 0
59 2532 0 0 0 0 0 2532 0 0 0 0 0 0
60 2532 0 0 2532 0 0 0 0 0 0 0 0 0
fl=./stdlib/../sysdeps/x86_64/mul_1.S
fn=__mpn_mul_1
31 12440 101 1 0 0 0 0 0 0 0 0 0 0
32 12440 0 0 0 0 0 12440 0 0 0 0 0 0
35 12440 0 0 0 0 0 0 0 0 0 0 0 0
36 12440 0 0 12440 0 0 0 0 0 0 0 0 0
37 12440 0 0 0 0 0 0 0 0 0 0 0 0
38 12440 104 1 0 0 0 0 0 0 0 0 0 0
39 12440 0 0 0 0 0 0 0 0 0 0 0 0
41 12440 0 0 0 0 0 0 0 0 0 0 0 0
42 12440 0 0 0 0 0 0 0 0 0 0 0 0
44 12440 0 0 0 0 0 0 0 0 0 0 0 0
45 12440 0 0 0 0 0 0 0 0 12440 3 0 0
46 12440 0 0 0 0 0 0 0 0 0 0 0 0
47 12440 0 0 0 0 0 0 0 0 12440 2 0 0
48 10905 0 0 0 0 0 0 0 0 10905 30 0 0
50 10905 0 0 0 0 0 0 0 0 0 0 0 0
51 10905 0 0 0 0 0 0 0 0 10905 0 0 0
52 10905 0 0 0 0 0 10905 0 0 0 0 0 0
53 10905 0 0 0 0 0 0 0 0 0 0 0 0
79 1535 68 1 0 0 0 0 0 0 0 0 0 0
80 1535 0 0 0 0 0 0 0 0 0 0 0 0
81 1535 0 0 0 0 0 0 0 0 0 0 0 0
82 1535 0 0 0 0 0 0 0 0 0 0 0 0
83 1535 0 0 0 0 0 0 0 0 0 0 0 0
84 1535 11 1 0 0 0 0 0 0 0 0 0 0
85 1535 0 0 1535 0 0 0 0 0 0 0 0 0
86 1535 0 0 0 0 0 0 0 0 0 0 0 0
87 1535 0 0 0 0 0 0 0 0 0 0 0 0
113 1535 35 1 0 0 0 0 0 0 0 0 0 0
114 1535 0 0 0 0 0 0 0 0 0 0 0 0
115 1535 0 0 0 0 0 0 0 0 1535 0 0 0
117 1535 0 0 0 0 0 1535 0 0 0 0 0 0
118 1535 0 0 0 0 0 0 0 0 0 0 0 0
119 1535 0 0 0 0 0 0 0 0 0 0 0 0
120 1535 42 1 0 0 0 1535 0 0 0 0 0 0
121 1535 0 0 0 0 0 0 0 0 0 0 0 0
122 12440 11 0 0 0 0 0 0 0 0 0 0 0
124 12440 0 0 12440 0 0 0 0 0 0 0 0 0
127 12440 0 0 12440 0 0 0 0 0 0 0 0 0
fl=./stdlib/../sysdeps/x86_64/rshift.S
fn=__mpn_rshift
28 3816 1 1 0 0 0 0 0 0 0 0 0 0
29 3816 0 0 0 0 0 0 0 0 0 0 0 0
30 3816 0 0 0 0 0 0 0 0 0 0 0 0
31 3816 0 0 0 0 0 0 0 0 3816 8 0 0
44 3816 0 0 0 0 0 0 0 0 0 0 0 0
45 3816 35 1 0 0 0 0 0 0 3816 7 0 0
61 3816 0 0 0 0 0 0 0 0 3816 35 0 0
62 3816 0 0 3816 0 0 0 0 0 0 0 0 0
63 3816 0 0 3816 0 0 0 0 0 0 0 0 0
64 3816 0 0 0 0 0 0 0 0 0 0 0 0
65 3816 0 0 0 0 0 0 0 0 0 0 0 0
66 3816 0 0 0 0 0 0 0 0 0 0 0 0
67 3816 0 0 0 0 0 0 0 0 3816 6 0 0
72 3816 37 1 0 0 0 0 0 0 0 0 0 0
73 3816 0 0 0 0 0 3816 0 0 0 0 0 0
74 3816 0 0 0 0 0 0 0 0 0 0 0 0
75 3816 0 0 0 0 0 3816 0 0 0 0 0 0
76 3816 0 0 3816 0 0 0 0 0 0 0 0 0
fl=./stdlib/./stdlib/cmp.c
fn=__mpn_cmp
31 3663 35 1 0 0 0 0 0 0 0 0 0 0
35 7372 0 0 0 0 0 0 0 0 3686 6 0 0
37 3686 41 1 3686 0 0 0 0 0 0 0 0 0
38 3686 0 0 3686 0 0 0 0 0 0 0 0 0
39 7372 0 0 0 0 0 0 0 0 3686 23 0 0
47 18315 0 0 3663 0 0 0 0 0 0 0 0 0
fl=./stdlib/./stdlib/cxa_atexit.c
fn=__cxa_atexit
41 26 2 1 0 0 0 0 0 0 13 1 0 0
43 104 0 0 13 2 0 0 0 0 13 0 0 0
44 26 0 0 0 0 0 13 0 0 0 0 0 0
46 26 0 0 0 0 0 0 0 0 13 0 0 0
52 39 0 0 13 0 0 0 0 0 0 0 0 0
53 13 0 0 0 0 0 13 0 0 0 0 0 0
54 13 0 0 0 0 0 13 6 6 0 0 0 0
55 13 2 1 0 0 0 13 0 0 0 0 0 0
56 13 0 0 0 0 0 13 0 0 0 0 0 0
57 52 0 0 26 0 0 0 0 0 26 1 0 0
58 13 0 0 0 0 0 0 0 0 0 0 0 0
67 91 2 1 0 0 0 65 0 0 0 0 0 0
69 78 0 0 78 0 0 0 0 0 0 0 0 0
fn=__new_exitfn
80 65 2 1 0 0 0 39 0 0 0 0 0 0
81 13 0 0 0 0 0 0 0 0 0 0 0 0
86 26 0 0 13 2 1 0 0 0 13 0 0 0
91 82 0 0 14 2 0 0 0 0 14 4 0 0
93 52 1 1 13 2 0 0 0 0 13 6 0 0
94 60 0 0 12 1 0 0 0 0 12 5 0 0
101 1 0 0 0 0 0 1 0 0 0 0 0 0
104 24 0 0 0 0 0 0 0 0 12 0 0 0
122 1 0 0 0 0 0 0 0 0 0 0 0 0
123 1 1 1 0 0 0 1 0 0 0 0 0 0
129 36 0 0 0 0 0 0 0 0 0 0 0 0
130 24 0 0 0 0 0 12 0 0 0 0 0 0
134 1 0 0 0 0 0 0 0 0 0 0 0 0
136 13 1 1 0 0 0 13 1 0 0 0 0 0
137 13 0 0 13 0 0 0 0 0 0 0 0 0
141 65 0 0 52 0 0 0 0 0 0 0 0 0
fl=./stdlib/./stdlib/cxa_finalize.c
fn=__cxa_finalize
30 50 1 1 0 0 0 30 0 0 0 0 0 0
33 35 0 0 5 0 0 0 0 0 10 2 0 0
36 35 2 2 10 0 0 0 0 0 10 0 0 0
40 196 0 0 5 0 0 0 0 0 60 14 0 0
41 132 1 1 66 5 0 0 0 0 66 11 0 0
43 22 0 0 11 0 0 11 0 0 0 0 0 0
45 11 0 0 11 0 0 0 0 0 0 0 0 0
76 11 0 0 0 0 0 11 0 0 0 0 0 0
78 33 0 0 22 0 0 0 0 0 0 0 0 0
81 44 0 0 22 0 0 0 0 0 22 0 0 0
82 33 0 0 0 0 0 11 0 0 0 0 11 11
83 44 0 0 11 0 0 0 0 0 11 0 0 0
87 33 0 0 22 0 0 0 0 0 11 2 0 0
93 35 2 2 10 1 0 0 0 0 10 1 0 0
97 30 0 0 5 1 0 0 0 0 5 3 0 0
105 10 0 0 0 0 0 5 0 0 0 0 0 0
106 20 0 0 10 0 0 0 0 0 10 2 0 0
107 40 0 0 35 0 0 0 0 0 0 0 0 0
fl=./stdlib/./stdlib/cxa_thread_atexit_impl.c
fn=__call_tls_dtors
148 5 1 1 0 0 0 3 0 0 0 0 0 0
149 4 1 1 2 0 0 0 0 0 1 1 0 0
165 4 1 1 4 0 0 0 0 0 0 0 0 0
fl=./stdlib/./stdlib/divrem.c
fn=__mpn_divrem
46 155050 36 1 0 0 0 77525 13 0 0 0 0 0
47 11075 0 0 0 0 0 11075 0 0 0 0 0 0
49 22150 0 0 0 0 0 0 0 0 11075 15 0 0
62 11075 1 1 11075 0 0 0 0 0 0 0 0 0
63 11075 0 0 11075 0 0 0 0 0 0 0 0 0
65 22150 0 0 0 0 0 0 0 0 11075 511 0 0
67 514 0 0 0 0 0 0 0 0 0 0 0 0
68 1028 10 1 0 0 0 514 0 0 0 0 0 0
72 95525 0 0 0 0 0 0 0 0 19975 2064 0 0
73 26700 0 0 8900 0 0 8900 0 0 0 0 0 0
76 22150 0 0 0 0 0 0 0 0 11075 12 0 0
79 11075 0 0 0 0 0 11075 0 0 0 0 0 0
81 11075 0 0 0 0 0 0 0 0 0 0 0 0
234 99675 83 1 88600 0 0 0 0 0 0 0 0 0
fl=./stdlib/./stdlib/exit.c
fn=__run_exit_handlers
38 12 1 1 0 0 0 8 1 0 0 0 0 0
40 2 0 0 0 0 0 0 0 0 1 1 0 0
41 2 1 1 0 0 0 1 0 0 0 0 0 0
43 5 1 1 1 1 0 0 0 0 1 0 0 0
54 2 0 0 2 1 0 0 0 0 0 0 0 0
56 2 0 0 0 0 0 0 0 0 1 0 0 0
60 1 0 0 0 0 0 1 1 0 0 0 0 0
64 42 0 0 14 1 0 0 0 0 14 2 0 0
66 26 1 1 0 0 0 13 0 0 0 0 0 0
67 13 0 0 13 0 0 0 0 0 0 0 0 0
69 113 0 0 13 2 0 0 0 0 37 7 0 0
94 2 0 0 0 0 0 0 0 0 0 0 0 0
101 2 0 0 0 0 0 2 0 0 0 0 0 0
102 2 1 1 2 0 0 0 0 0 0 0 0 0
103 2 0 0 2 0 0 0 0 0 0 0 0 0
104 6 0 0 2 0 0 0 0 0 0 0 0 0
107 8 0 0 4 0 0 0 0 0 4 0 0 0
108 6 0 0 0 0 0 2 0 0 0 0 2 2
109 8 1 1 2 0 0 0 0 0 2 2 0 0
113 6 1 1 2 0 0 0 0 0 2 2 0 0
119 3 1 1 2 0 0 1 0 0 0 0 0 0
120 2 0 0 0 0 0 0 0 0 1 1 0 0
126 4 1 1 2 0 0 0 0 0 2 1 0 0
128 2 0 0 1 0 0 0 0 0 1 1 0 0
129 2 0 0 0 0 0 1 0 0 0 0 0 0
131 2 0 0 0 0 0 1 0 0 0 0 0 0
fn=exit
137 3 1 1 0 0 0 1 0 0 0 0 0 0
138 4 0 0 0 0 0 1 0 0 0 0 0 0
fl=./stdlib/./stdlib/getenv.c
fn=getenv
24 9 2 2 0 0 0 6 0 0 0 0 0 0
25 8 0 0 3 3 1 0 0 0 2 1 0 0
28 2 0 0 0 0 0 1 0 0 0 0 0 0
29 331 0 0 83 11 0 0 0 0 83 2 0 0
31 164 1 1 82 33 0 0 0 0 82 24 0 0
32 90 0 0 0 0 0 15 0 0 15 3 0 0
37 9 0 0 7 0 0 0 0 0 0 0 0 0
fl=./stdlib/./stdlib/mul.c
fn=__mpn_mul
48 26095 54 2 1535 0 0 10745 61 0 0 0 0 0
54 3070 0 0 0 0 0 0 0 0 1535 0 0 0
66 3070 0 0 0 0 0 0 0 0 1535 2 0 0
71 1535 28 1 1535 0 0 0 0 0 0 0 0 0
72 3070 0 0 0 0 0 0 0 0 1535 2 0 0
81 6140 0 0 3070 0 0 3070 70 0 0 0 0 0
83 1535 0 0 0 0 0 1535 0 0 0 0 0 0
84 1535 0 0 0 0 0 0 0 0 0 0 0 0
88 3070 20 1 0 0 0 0 0 0 1535 2 0 0
141 1535 1 1 0 0 0 1535 0 0 0 0 0 0
142 16885 0 0 13815 0 0 0 0 0 1535 0 0 0
fl=./stdlib/./stdlib/secure-getenv.c
fn=secure_getenv
28 1 1 1 0 0 0 0 0 0 0 0 0 0
29 5 0 0 2 2 0 0 0 0 1 0 0 0
fl=./stdlib/./stdlib/strtod_l.c
fn=____strtod_l_internal
508 2520 2 1 0 0 0 1680 24 0 0 0 0 0
514 210 0 0 0 0 0 210 0 0 0 0 0 0
553 210 0 0 0 0 0 0 0 0 0 0 0 0
561 630 143 1 420 42 0 210 0 0 0 0 0 0
563 420 0 0 0 0 0 0 0 0 210 0 0 0
587 210 0 0 0 0 0 210 0 0 0 0 0 0
595 420 0 0 210 22 0 210 0 0 0 0 0 0
596 630 143 1 0 0 0 420 39 0 0 0 0 0
597 630 0 0 210 0 0 0 0 0 210 0 0 0
601 210 0 0 0 0 0 210 28 0 0 0 0 0
602 210 0 0 0 0 0 210 0 0 0 0 0 0
607 210 0 0 0 0 0 0 0 0 0 0 0 0
610 840 0 0 210 0 0 0 0 0 0 0 0 0
611 1050 0 0 630 27 0 0 0 0 210 0 0 0
614 420 2 1 0 0 0 0 0 0 210 1 0 0
619 420 0 0 0 0 0 0 0 0 210 1 0 0
632 1260 0 0 210 0 0 0 0 0 210 0 0 0
633 420 2 1 210 0 0 0 0 0 210 0 0 0
641 630 0 0 0 0 0 0 0 0 210 98 0 0
689 420 0 0 0 0 0 0 0 0 210 43 0 0
708 1050 2 1 210 0 0 210 0 0 210 58 0 0
732 420 0 0 420 0 0 0 0 0 0 0 0 0
775 2830 0 0 0 0 0 0 0 0 760 287 0 0
776 420 0 0 210 0 0 0 0 0 210 0 0 0
779 1100 23 1 0 0 0 0 0 0 0 0 0 0
788 420 0 0 0 0 0 0 0 0 210 4 0 0
801 1100 0 0 550 0 0 0 0 0 0 0 0 0
804 840 42 1 210 0 0 0 0 0 420 0 0 0
846 420 0 0 0 0 0 0 0 0 0 0 0 0
855 1680 0 0 210 0 0 0 0 0 420 2 0 0
856 420 0 0 210 0 0 0 0 0 210 2 0 0
862 630 1 1 420 0 0 0 0 0 0 0 0 0
863 210 0 0 210 0 0 0 0 0 0 0 0 0
864 1050 39 1 0 0 0 0 0 0 210 2 0 0
865 2310 1 1 0 0 0 0 0 0 630 4 0 0
868 840 2 1 0 0 0 0 0 0 420 4 0 0
870 420 0 0 0 0 0 0 0 0 0 0 0 0
871 420 0 0 420 0 0 0 0 0 0 0 0 0
874 420 0 0 0 0 0 0 0 0 210 0 0 0
877 42 0 0 0 0 0 0 0 0 0 0 0 0
880 630 0 0 630 42 1 0 0 0 0 0 0 0
881 420 0 0 0 0 0 0 0 0 0 0 0 0
882 1050 38 1 210 0 0 0 0 0 420 0 0 0
980 420 39 1 0 0 0 0 0 0 0 0 0 0
1013 420 0 0 0 0 0 0 0 0 210 2 0 0
1015 489 0 0 234 0 0 0 0 0 234 29 0 0
1017 24 0 0 0 0 0 0 0 0 0 0 0 0
1018 21 0 0 0 0 0 0 0 0 0 0 0 0
1020 63 1 0 0 0 0 0 0 0 21 12 0 0
1023 90 0 0 0 0 0 0 0 0 24 2 0 0
1042 630 12 2 210 0 0 0 0 0 210 10 0 0
1043 210 0 0 0 0 0 210 0 0 0 0 0 0
1045 36 0 0 0 0 0 0 0 0 18 0 0 0
1048 420 0 0 0 0 0 0 0 0 210 66 0 0
1072 420 36 1 210 0 0 0 0 0 0 0 0 0
1081 420 36 1 210 0 0 0 0 0 210 7 0 0
1175 2100 2 1 0 0 0 0 0 0 0 0 0 0
1176 210 0 0 0 0 0 0 0 0 0 0 0 0
1177 630 29 1 0 0 0 210 0 0 0 0 0 0
1180 840 0 0 0 0 0 0 0 0 210 8 0 0
1192 420 0 0 0 0 0 0 0 0 210 1 0 0
1195 420 0 0 0 0 0 0 0 0 210 6 0 0
1198 2940 28 2 420 0 0 1470 24 0 0 0 0 0
1204 1260 0 0 840 0 0 0 0 0 210 2 0 0
1224 210 0 0 210 0 0 0 0 0 0 0 0 0
1248 630 33 1 210 0 0 0 0 0 0 0 0 0
1249 840 39 1 0 0 0 210 0 0 0 0 0 0
1253 420 0 0 0 0 0 0 0 0 210 28 0 0
1259 420 0 0 0 0 0 0 0 0 210 0 0 0
1291 420 0 0 0 0 0 0 0 0 210 3 0 0
1294 21 2 1 0 0 0 0 0 0 0 0 0 0
1296 9 0 0 0 0 0 0 0 0 3 0 0 0
1298 15 0 0 0 0 0 0 0 0 0 0 0 0
1306 15 0 0 3 0 0 3 0 0 0 0 0 0
1310 6 0 0 0 0 0 0 0 0 3 2 0 0
1325 24 2 1 3 0 0 3 0 0 0 0 0 0
1330 207 0 0 0 0 0 0 0 0 0 0 0 0
1353 414 36 1 0 0 0 207 0 0 0 0 0 0
1354 414 0 0 207 0 0 207 0 0 0 0 0 0
1355 207 17 1 0 0 0 0 0 0 0 0 0 0
1357 1242 0 0 207 0 0 0 0 0 414 2 0 0
1366 414 0 0 0 0 0 0 0 0 207 0 0 0
1369 621 2 1 207 0 0 0 0 0 207 0 0 0
1370 1035 0 0 207 0 0 0 0 0 0 0 0 0
1399 621 2 1 0 0 0 0 0 0 0 0 0 0
1402 1863 0 0 0 0 0 207 0 0 207 0 0 0
1410 1035 0 0 0 0 0 207 0 0 0 0 0 0
1413 207 0 0 0 0 0 0 0 0 0 0 0 0
1414 207 0 0 0 0 0 0 0 0 0 0 0 0
1417 792 36 1 0 0 0 0 0 0 396 53 0 0
1420 207 0 0 0 0 0 0 0 0 0 0 0 0
1422 414 0 0 0 0 0 0 0 0 207 12 0 0
1424 414 0 0 207 37 1 0 0 0 0 0 0 0
1425 621 0 0 207 32 1 0 0 0 0 0 0 0
1430 1242 0 0 0 0 0 414 0 0 0 0 0 0
1440 396 0 0 0 0 0 0 0 0 0 0 0 0
1441 396 0 0 0 0 0 0 0 0 0 0 0 0
1443 792 0 0 0 0 0 0 0 0 396 4 0 0
1445 1035 172 2 621 0 0 0 0 0 207 0 0 0
1449 1863 2 1 1242 0 0 414 0 0 0 0 0 0
1466 1035 0 0 207 0 0 207 0 0 0 0 0 0
1468 828 0 0 414 0 0 0 0 0 207 6 0 0
1472 1035 50 1 207 0 0 207 0 0 0 0 0 0
1473 1242 0 0 414 0 0 207 0 0 0 0 0 0
1474 414 0 0 0 0 0 0 0 0 207 4 0 0
1485 621 1 1 207 0 0 414 0 0 0 0 0 0
1487 414 0 0 0 0 0 0 0 0 207 68 0 0
1494 207 21 1 207 0 0 0 0 0 0 0 0 0
1495 207 0 0 207 0 0 0 0 0 0 0 0 0
1496 1242 36 1 0 0 0 0 0 0 207 0 0 0
1500 1863 0 0 207 0 0 0 0 0 207 2 0 0
1538 4347 114 3 828 0 0 207 0 0 414 1 0 0
1540 207 0 0 0 0 0 0 0 0 0 0 0 0
1542 1863 14 1 414 0 0 207 0 0 0 0 0 0
1543 414 0 0 0 0 0 0 0 0 0 0 0 0
1544 414 0 0 0 0 0 0 0 0 0 0 0 0
1770 2310 2 1 1890 0 0 0 0 0 210 32 0 0
fn=round_and_return
215 3360 35 1 210 0 0 1470 0 0 0 0 0 0
218 420 0 0 0 0 0 0 0 0 210 4 0 0
226 210 0 0 0 0 0 0 0 0 0 0 0 0
233 210 0 0 210 0 0 0 0 0 0 0 0 0
313 420 40 1 0 0 0 0 0 0 210 0 0 0
316 420 37 1 210 0 0 210 21 0 0 0 0 0
319 450 0 0 0 0 0 0 0 0 210 5 0 0
320 420 0 0 0 0 0 0 0 0 0 0 0 0
328 192 0 0 0 0 0 0 0 0 96 0 0 0
338 192 0 0 0 0 0 0 0 0 96 2 0 0
350 492 0 0 0 0 0 0 0 0 102 4 0 0
352 408 13 1 408 85 2 0 0 0 0 0 0 0
355 1482 19 1 420 0 0 0 0 0 210 2 0 0
356 1470 0 0 1260 0 0 0 0 0 0 0 0 0
fn=str_to_mpn.isra.0
365 4170 37 1 417 0 0 2919 21 0 0 0 0 0
374 834 0 0 0 0 0 0 0 0 0 0 0 0
375 417 0 0 0 0 0 0 0 0 0 0 0 0
378 417 0 0 0 0 0 417 0 0 0 0 0 0
379 2502 37 1 0 0 0 0 0 0 417 67 0 0
382 1892 36 1 0 0 0 0 0 0 946 26 0 0
413 3784 0 0 946 0 0 0 0 0 946 8 0 0
416 414 0 0 0 0 0 0 0 0 207 2 0 0
423 207 0 0 0 0 0 0 0 0 0 0 0 0
426 3045 0 0 207 0 0 0 0 0 0 0 0 0
427 1892 0 0 0 0 0 0 0 0 0 0 0 0
429 1892 0 0 0 0 0 0 0 0 946 211 0 0
431 1668 14 1 834 0 0 0 0 0 417 6 0 0
438 1251 0 0 417 42 1 0 0 0 0 0 0 0
440 1251 0 0 417 0 0 0 0 0 417 4 0 0
442 417 0 0 0 0 0 417 0 0 0 0 0 0
443 417 50 1 0 0 0 417 0 0 0 0 0 0
458 3753 0 0 2919 0 0 0 0 0 0 0 0 0
fn=strtod_l
1782 420 143 1 0 0 0 0 0 0 0 0 0 0
1783 420 0 0 0 0 0 0 0 0 0 0 0 0
fl=./string/../include/rtld-malloc.h
fn=strdup
56 12 0 0 6 0 0 6 0 0 0 0 6 1
fl=./string/../string/strcspn.c
fn=strcspn
32 6 1 1 0 0 0 2 0 0 0 0 0 0
33 3 0 0 1 1 1 0 0 0 1 0 0 0
34 2 0 0 1 0 0 0 0 0 1 0 0 0
39 6 0 0 0 0 0 4 1 1 0 0 0 0
40 4 1 1 0 0 0 4 1 1 0 0 0 0
41 4 0 0 0 0 0 4 1 1 0 0 0 0
42 4 0 0 0 0 0 4 1 1 0 0 0 0
44 1 0 0 0 0 0 0 0 0 0 0 0 0
47 9 1 1 3 0 0 3 0 0 0 0 0 0
48 6 0 0 0 0 0 0 0 0 3 2 0 0
51 4 0 0 2 0 0 0 0 0 1 0 0 0
52 4 0 0 2 0 0 0 0 0 1 0 0 0
53 4 1 1 2 1 1 0 0 0 1 0 0 0
54 4 0 0 2 0 0 0 0 0 1 0 0 0
56 3 0 0 0 0 0 0 0 0 0 0 0 0
61 13 0 0 0 0 0 0 0 0 0 0 0 0
62 26 0 0 26 0 0 0 0 0 0 0 0 0
63 26 1 1 26 0 0 0 0 0 0 0 0 0
64 26 0 0 26 0 0 0 0 0 0 0 0 0
65 13 0 0 13 0 0 0 0 0 0 0 0 0
67 78 0 0 13 0 0 0 0 0 13 10 0 0
69 1 0 0 0 0 0 0 0 0 0 0 0 0
70 4 0 0 0 0 0 0 0 0 1 0 0 0
71 3 0 0 3 0 0 0 0 0 0 0 0 0
fl=./string/../sysdeps/x86/cacheinfo.c
fn=__x86_cacheinfo
86 1 1 1 0 0 0 0 0 0 0 0 0 0
fl=./string/../sysdeps/x86/cacheinfo.h
fn=__x86_cacheinfo
59 1 0 0 1 1 0 0 0 0 0 0 0 0
62 3 1 1 1 1 0 0 0 0 1 0 0 0
64 3 0 0 0 0 0 1 0 0 0 0 0 0
65 1 0 0 0 0 0 1 1 1 0 0 0 0
71 3 0 0 1 0 0 0 0 0 1 0 0 0
73 3 1 1 0 0 0 1 0 0 0 0 0 0
74 1 0 0 0 0 0 1 0 0 0 0 0 0
78 2 0 0 1 0 0 1 1 1 0 0 0 0
80 2 0 0 1 0 0 1 0 0 0 0 0 0
81 2 0 0 1 0 0 1 0 0 0 0 0 0
82 2 0 0 1 0 0 1 0 0 0 0 0 0
84 2 1 1 1 1 0 0 0 0 1 1 0 0
86 2 0 0 1 0 0 0 0 0 0 0 0 0
fl=./string/../sysdeps/x86_64/multiarch/../multiarch/memcmp-sse2.S
fn=bcmp
59 1 1 1 0 0 0 0 0 0 0 0 0 0
71 1 0 0 0 0 0 0 0 0 0 0 0 0
72 1 0 0 0 0 0 0 0 0 1 0 0 0
94 1 0 0 0 0 0 0 0 0 0 0 0 0
95 1 0 0 0 0 0 0 0 0 1 1 0 0
140 1 1 1 1 0 0 0 0 0 0 0 0 0
141 1 0 0 1 0 0 0 0 0 0 0 0 0
143 1 0 0 0 0 0 0 0 0 0 0 0 0
144 1 0 0 0 0 0 0 0 0 1 0 0 0
146 1 0 0 1 0 0 0 0 0 0 0 0 0
147 1 0 0 1 0 0 0 0 0 0 0 0 0
149 1 0 0 0 0 0 0 0 0 0 0 0 0
150 1 0 0 0 0 0 0 0 0 1 1 0 0
197 1 0 0 0 0 0 0 0 0 0 0 0 0
198 1 0 0 0 0 0 0 0 0 0 0 0 0
199 1 0 0 0 0 0 0 0 0 0 0 0 0
200 1 0 0 0 0 0 0 0 0 0 0 0 0
201 1 0 0 0 0 0 0 0 0 0 0 0 0
202 1 0 0 1 0 0 0 0 0 0 0 0 0
fl=./string/../sysdeps/x86_64/multiarch/../multiarch/memset-vec-unaligned-erms.S
fn=memset
132 12 1 1 0 0 0 0 0 0 0 0 0 0
133 60 0 0 0 0 0 0 0 0 0 0 0 0
138 12 0 0 0 0 0 0 0 0 0 0 0 0
139 12 0 0 0 0 0 0 0 0 12 7 0 0
142 5 0 0 0 0 0 0 0 0 0 0 0 0
143 5 0 0 0 0 0 0 0 0 5 3 0 0
145 1 0 0 0 0 0 1 1 1 0 0 0 0
146 1 0 0 0 0 0 1 0 0 0 0 0 0
147 1 0 0 1 0 0 0 0 0 0 0 0 0
244 4 1 1 0 0 0 4 3 3 0 0 0 0
245 4 0 0 0 0 0 4 0 0 0 0 0 0
257 4 0 0 0 0 0 0 0 0 0 0 0 0
260 4 0 0 0 0 0 0 0 0 0 0 0 0
261 4 0 0 0 0 0 0 0 0 4 0 0 0
273 4 0 0 0 0 0 4 2 2 0 0 0 0
274 4 0 0 0 0 0 4 2 2 0 0 0 0
287 4 0 0 0 0 0 0 0 0 0 0 0 0
288 4 0 0 0 0 0 0 0 0 0 0 0 0
290 4 0 0 0 0 0 0 0 0 4 1 0 0
293 3 0 0 0 0 0 0 0 0 0 0 0 0
296 6 0 0 0 0 0 0 0 0 0 0 0 0
299 93 0 0 0 0 0 93 34 34 0 0 0 0
300 93 0 0 0 0 0 93 0 0 0 0 0 0
301 93 0 0 0 0 0 93 52 52 0 0 0 0
302 93 0 0 0 0 0 93 6 6 0 0 0 0
303 93 0 0 0 0 0 0 0 0 0 0 0 0
304 93 0 0 0 0 0 0 0 0 0 0 0 0
305 93 0 0 0 0 0 0 0 0 93 18 0 0
308 4 0 0 0 0 0 4 1 1 0 0 0 0
309 4 0 0 0 0 0 4 0 0 0 0 0 0
310 4 0 0 0 0 0 4 0 0 0 0 0 0
311 4 0 0 0 0 0 4 0 0 0 0 0 0
316 4 0 0 4 0 0 0 0 0 0 0 0 0
350 7 1 1 0 0 0 0 0 0 0 0 0 0
352 7 0 0 0 0 0 0 0 0 0 0 0 0
353 7 0 0 0 0 0 0 0 0 7 6 0 0
392 7 1 1 0 0 0 7 2 2 0 0 0 0
393 7 0 0 0 0 0 7 1 1 0 0 0 0
395 7 0 0 7 0 0 0 0 0 0 0 0 0
fl=./string/../sysdeps/x86_64/multiarch/../multiarch/strchr-sse2.S
fn=index
32 28 1 1 0 0 0 0 0 0 0 0 0 0
33 28 0 0 0 0 0 0 0 0 0 0 0 0
34 28 0 0 0 0 0 0 0 0 0 0 0 0
35 28 0 0 0 0 0 0 0 0 0 0 0 0
36 28 1 1 0 0 0 0 0 0 0 0 0 0
37 28 0 0 0 0 0 0 0 0 0 0 0 0
38 28 0 0 0 0 0 0 0 0 0 0 0 0
39 28 0 0 0 0 0 0 0 0 0 0 0 0
40 28 0 0 0 0 0 0 0 0 28 0 0 0
41 28 0 0 28 4 4 0 0 0 0 0 0 0
42 28 0 0 0 0 0 0 0 0 0 0 0 0
43 28 0 0 0 0 0 0 0 0 0 0 0 0
44 28 0 0 0 0 0 0 0 0 0 0 0 0
45 28 0 0 0 0 0 0 0 0 0 0 0 0
46 28 0 0 0 0 0 0 0 0 0 0 0 0
47 28 0 0 0 0 0 0 0 0 0 0 0 0
48 28 0 0 0 0 0 0 0 0 0 0 0 0
49 28 0 0 0 0 0 0 0 0 28 5 0 0
50 23 0 0 0 0 0 0 0 0 0 0 0 0
54 23 0 0 0 0 0 0 0 0 0 0 0 0
55 23 1 1 0 0 0 0 0 0 0 0 0 0
56 23 0 0 23 0 0 0 0 0 0 0 0 0
57 23 0 0 0 0 0 0 0 0 0 0 0 0
59 23 0 0 23 0 0 0 0 0 0 0 0 0
63 5 0 0 5 1 1 0 0 0 0 0 0 0
64 5 0 0 0 0 0 0 0 0 0 0 0 0
65 5 0 0 0 0 0 0 0 0 0 0 0 0
66 5 0 0 0 0 0 0 0 0 0 0 0 0
67 5 0 0 0 0 0 0 0 0 0 0 0 0
68 5 0 0 0 0 0 0 0 0 0 0 0 0
69 5 0 0 5 1 1 0 0 0 0 0 0 0
70 5 0 0 0 0 0 0 0 0 0 0 0 0
71 5 0 0 0 0 0 0 0 0 0 0 0 0
72 5 0 0 0 0 0 0 0 0 0 0 0 0
73 5 0 0 0 0 0 0 0 0 0 0 0 0
74 5 1 1 0 0 0 0 0 0 0 0 0 0
75 5 0 0 0 0 0 0 0 0 0 0 0 0
76 5 0 0 5 0 0 0 0 0 0 0 0 0
77 5 0 0 0 0 0 0 0 0 0 0 0 0
78 5 0 0 0 0 0 0 0 0 0 0 0 0
79 5 0 0 0 0 0 0 0 0 0 0 0 0
80 5 0 0 0 0 0 0 0 0 0 0 0 0
81 5 0 0 0 0 0 0 0 0 0 0 0 0
82 5 0 0 0 0 0 0 0 0 0 0 0 0
83 5 0 0 0 0 0 0 0 0 0 0 0 0
84 5 0 0 0 0 0 0 0 0 0 0 0 0
85 5 0 0 0 0 0 0 0 0 0 0 0 0
86 5 0 0 0 0 0 0 0 0 5 4 0 0
138 5 1 1 0 0 0 0 0 0 0 0 0 0
142 5 0 0 0 0 0 0 0 0 0 0 0 0
143 5 0 0 0 0 0 0 0 0 0 0 0 0
144 5 0 0 5 0 0 0 0 0 0 0 0 0
145 5 0 0 0 0 0 0 0 0 0 0 0 0
147 5 0 0 5 0 0 0 0 0 0 0 0 0
fl=./string/../sysdeps/x86_64/multiarch/../multiarch/strcmp-sse2.S
fn=strcmp
98 2394 3 1 0 0 0 0 0 0 0 0 0 0
131 2394 0 0 0 0 0 0 0 0 0 0 0 0
132 2394 0 0 0 0 0 0 0 0 0 0 0 0
134 2394 0 0 0 0 0 0 0 0 0 0 0 0
135 2394 0 0 0 0 0 0 0 0 0 0 0 0
156 2394 0 0 0 0 0 0 0 0 0 0 0 0
157 2394 0 0 0 0 0 0 0 0 2278 141 0 0
158 2239 0 0 0 0 0 0 0 0 0 0 0 0
159 2239 0 0 0 0 0 0 0 0 2239 62 0 0
160 2143 0 0 2143 123 54 0 0 0 0 0 0 0
161 2143 3 1 2143 25 10 0 0 0 0 0 0 0
162 2143 0 0 2143 0 0 0 0 0 0 0 0 0
163 2143 0 0 2143 0 0 0 0 0 0 0 0 0
180 2143 0 0 0 0 0 0 0 0 0 0 0 0
181 2143 0 0 0 0 0 0 0 0 0 0 0 0
182 2143 0 0 0 0 0 0 0 0 0 0 0 0
183 2143 0 0 0 0 0 0 0 0 0 0 0 0
184 2143 0 0 0 0 0 0 0 0 0 0 0 0
185 2143 0 0 0 0 0 0 0 0 0 0 0 0
186 2143 0 0 0 0 0 0 0 0 2143 91 0 0
191 38 0 0 0 0 0 0 0 0 0 0 0 0
192 114 0 0 0 0 0 0 0 0 0 0 0 0
201 289 2 1 0 0 0 0 0 0 0 0 0 0
202 289 0 0 0 0 0 0 0 0 0 0 0 0
203 289 0 0 0 0 0 0 0 0 0 0 0 0
204 289 0 0 0 0 0 0 0 0 0 0 0 0
205 289 0 0 0 0 0 0 0 0 0 0 0 0
206 289 0 0 0 0 0 0 0 0 0 0 0 0
207 289 0 0 0 0 0 0 0 0 0 0 0 0
208 289 0 0 0 0 0 0 0 0 289 13 0 0
209 208 0 0 0 0 0 0 0 0 208 98 0 0
210 89 0 0 0 0 0 0 0 0 0 0 0 0
211 89 0 0 0 0 0 0 0 0 0 0 0 0
212 89 0 0 0 0 0 0 0 0 0 0 0 0
214 208 0 0 0 0 0 0 0 0 0 0 0 0
215 208 0 0 0 0 0 0 0 0 0 0 0 0
216 208 0 0 0 0 0 0 0 0 0 0 0 0
217 208 0 0 208 8 2 0 0 0 0 0 0 0
218 208 0 0 0 0 0 0 0 0 0 0 0 0
219 208 0 0 0 0 0 0 0 0 0 0 208 144
229 81 2 1 81 17 3 0 0 0 0 0 0 0
230 81 0 0 0 0 0 0 0 0 0 0 0 0
231 81 0 0 0 0 0 0 0 0 0 0 0 0
233 81 0 0 81 0 0 0 0 0 0 0 0 0
239 81 0 0 0 0 0 0 0 0 0 0 0 0
240 81 0 0 0 0 0 0 0 0 0 0 0 0
241 81 0 0 0 0 0 0 0 0 0 0 0 0
242 81 0 0 0 0 0 0 0 0 0 0 0 0
243 81 0 0 0 0 0 0 0 0 0 0 0 0
248 81 0 0 0 0 0 0 0 0 81 6 0 0
250 74 0 0 0 0 0 0 0 0 0 0 0 0
251 74 0 0 0 0 0 0 0 0 0 0 0 0
252 148 0 0 0 0 0 0 0 0 0 0 0 0
260 75 2 1 75 16 1 0 0 0 0 0 0 0
261 75 0 0 75 0 0 0 0 0 0 0 0 0
264 75 0 0 0 0 0 0 0 0 0 0 0 0
265 75 0 0 0 0 0 0 0 0 0 0 0 0
266 75 0 0 0 0 0 0 0 0 0 0 0 0
267 75 0 0 0 0 0 0 0 0 0 0 0 0
268 75 0 0 0 0 0 0 0 0 0 0 0 0
269 75 0 0 0 0 0 0 0 0 75 3 0 0
275 1 0 0 0 0 0 0 0 0 0 0 0 0
276 1 0 0 1 0 0 0 0 0 0 0 0 0
277 1 0 0 1 1 1 0 0 0 0 0 0 0
280 1 0 0 0 0 0 0 0 0 0 0 0 0
281 1 0 0 0 0 0 0 0 0 0 0 0 0
282 1 0 0 0 0 0 0 0 0 0 0 0 0
283 1 1 1 0 0 0 0 0 0 0 0 0 0
284 1 0 0 0 0 0 0 0 0 0 0 0 0
285 1 0 0 0 0 0 0 0 0 1 0 0 0
290 1 0 0 0 0 0 0 0 0 0 0 0 0
291 1 0 0 0 0 0 0 0 0 0 0 0 0
300 6 0 0 0 0 0 0 0 0 0 0 0 0
301 6 0 0 6 0 0 0 0 0 0 0 0 0
302 6 0 0 6 1 1 0 0 0 0 0 0 0
303 6 0 0 0 0 0 0 0 0 0 0 0 0
304 6 0 0 0 0 0 0 0 0 0 0 0 0
306 6 0 0 0 0 0 0 0 0 0 0 0 0
307 6 0 0 0 0 0 0 0 0 0 0 0 0
308 6 1 1 0 0 0 0 0 0 0 0 0 0
309 6 0 0 0 0 0 0 0 0 0 0 0 0
310 6 0 0 0 0 0 0 0 0 0 0 0 0
311 6 0 0 0 0 0 0 0 0 0 0 0 0
312 6 0 0 0 0 0 0 0 0 6 1 0 0
313 6 0 0 6 0 0 0 0 0 0 0 0 0
316 6 0 0 0 0 0 0 0 0 0 0 0 0
317 6 0 0 0 0 0 0 0 0 0 0 0 0
318 6 0 0 0 0 0 0 0 0 0 0 0 0
324 6 0 0 0 0 0 0 0 0 0 0 0 0
325 6 0 0 0 0 0 0 0 0 0 0 0 0
326 12 0 0 0 0 0 0 0 0 0 0 0 0
330 6 1 1 0 0 0 0 0 0 0 0 0 0
331 6 0 0 0 0 0 0 0 0 6 0 0 0
334 6 0 0 6 0 0 0 0 0 0 0 0 0
335 6 0 0 6 0 0 0 0 0 0 0 0 0
336 6 0 0 0 0 0 0 0 0 0 0 0 0
338 6 0 0 0 0 0 0 0 0 0 0 0 0
339 6 0 0 0 0 0 0 0 0 0 0 0 0
340 6 0 0 0 0 0 0 0 0 0 0 0 0
344 6 0 0 0 0 0 0 0 0 0 0 0 0
345 6 0 0 0 0 0 0 0 0 0 0 0 0
346 6 0 0 0 0 0 0 0 0 0 0 0 0
347 6 0 0 0 0 0 0 0 0 0 0 0 0
348 6 0 0 0 0 0 0 0 0 0 0 0 0
349 6 1 1 0 0 0 0 0 0 6 3 0 0
424 1 1 1 0 0 0 0 0 0 0 0 0 0
425 1 0 0 1 0 0 0 0 0 0 0 0 0
426 1 0 0 1 1 1 0 0 0 0 0 0 0
427 1 0 0 0 0 0 0 0 0 0 0 0 0
428 1 0 0 0 0 0 0 0 0 0 0 0 0
430 1 0 0 0 0 0 0 0 0 0 0 0 0
431 1 0 0 0 0 0 0 0 0 0 0 0 0
432 1 1 1 0 0 0 0 0 0 0 0 0 0
433 1 0 0 0 0 0 0 0 0 0 0 0 0
434 1 0 0 0 0 0 0 0 0 0 0 0 0
435 1 0 0 0 0 0 0 0 0 0 0 0 0
436 1 0 0 0 0 0 0 0 0 1 0 0 0
437 1 0 0 1 0 0 0 0 0 0 0 0 0
440 1 0 0 0 0 0 0 0 0 0 0 0 0
441 1 0 0 0 0 0 0 0 0 0 0 0 0
442 1 0 0 0 0 0 0 0 0 0 0 0 0
448 1 0 0 0 0 0 0 0 0 0 0 0 0
449 1 0 0 0 0 0 0 0 0 0 0 0 0
450 2 0 0 0 0 0 0 0 0 0 0 0 0
454 1 1 1 0 0 0 0 0 0 0 0 0 0
455 1 0 0 0 0 0 0 0 0 1 0 0 0
458 1 0 0 1 1 0 0 0 0 0 0 0 0
459 1 0 0 1 0 0 0 0 0 0 0 0 0
460 1 0 0 0 0 0 0 0 0 0 0 0 0
462 1 0 0 0 0 0 0 0 0 0 0 0 0
463 1 0 0 0 0 0 0 0 0 0 0 0 0
464 1 0 0 0 0 0 0 0 0 0 0 0 0
468 1 0 0 0 0 0 0 0 0 0 0 0 0
469 1 0 0 0 0 0 0 0 0 0 0 0 0
470 1 0 0 0 0 0 0 0 0 0 0 0 0
471 1 0 0 0 0 0 0 0 0 0 0 0 0
472 1 0 0 0 0 0 0 0 0 0 0 0 0
473 1 1 1 0 0 0 0 0 0 1 1 0 0
542 1 1 1 0 0 0 0 0 0 0 0 0 0
543 1 0 0 1 1 1 0 0 0 0 0 0 0
544 1 0 0 1 0 0 0 0 0 0 0 0 0
545 1 0 0 0 0 0 0 0 0 0 0 0 0
546 1 0 0 0 0 0 0 0 0 0 0 0 0
548 1 0 0 0 0 0 0 0 0 0 0 0 0
549 1 0 0 0 0 0 0 0 0 0 0 0 0
550 1 1 1 0 0 0 0 0 0 0 0 0 0
551 1 0 0 0 0 0 0 0 0 0 0 0 0
552 1 0 0 0 0 0 0 0 0 0 0 0 0
553 1 0 0 0 0 0 0 0 0 0 0 0 0
554 1 0 0 0 0 0 0 0 0 1 0 0 0
555 1 0 0 1 0 0 0 0 0 0 0 0 0
559 1 0 0 0 0 0 0 0 0 0 0 0 0
560 1 0 0 0 0 0 0 0 0 0 0 0 0
561 1 0 0 0 0 0 0 0 0 0 0 0 0
567 1 0 0 0 0 0 0 0 0 0 0 0 0
568 1 0 0 0 0 0 0 0 0 0 0 0 0
569 2 0 0 0 0 0 0 0 0 0 0 0 0
573 2 1 1 0 0 0 0 0 0 0 0 0 0
574 2 0 0 0 0 0 0 0 0 2 0 0 0
577 2 0 0 2 0 0 0 0 0 0 0 0 0
578 2 0 0 2 1 1 0 0 0 0 0 0 0
579 2 0 0 0 0 0 0 0 0 0 0 0 0
581 2 0 0 0 0 0 0 0 0 0 0 0 0
582 2 0 0 0 0 0 0 0 0 0 0 0 0
583 2 0 0 0 0 0 0 0 0 0 0 0 0
587 2 0 0 0 0 0 0 0 0 0 0 0 0
588 2 0 0 0 0 0 0 0 0 0 0 0 0
589 2 0 0 0 0 0 0 0 0 0 0 0 0
590 2 0 0 0 0 0 0 0 0 0 0 0 0
591 2 0 0 0 0 0 0 0 0 0 0 0 0
592 2 1 1 0 0 0 0 0 0 2 2 0 0
599 2 0 0 0 0 0 0 0 0 0 0 0 0
600 2 0 0 0 0 0 0 0 0 0 0 0 0
602 2 0 0 0 0 0 0 0 0 0 0 0 0
603 2 0 0 0 0 0 0 0 0 2 0 0 0
605 2 0 0 2 0 0 0 0 0 0 0 0 0
606 2 0 0 2 0 0 0 0 0 0 0 0 0
607 2 0 0 0 0 0 0 0 0 0 0 0 0
609 2 0 0 0 0 0 0 0 0 0 0 0 0
610 2 0 0 0 0 0 0 0 0 0 0 0 0
611 2 0 0 0 0 0 0 0 0 0 0 0 0
615 2 0 0 0 0 0 0 0 0 0 0 0 0
616 2 0 0 0 0 0 0 0 0 0 0 0 0
617 2 0 0 0 0 0 0 0 0 0 0 0 0
618 2 0 0 0 0 0 0 0 0 0 0 0 0
619 2 1 1 0 0 0 0 0 0 0 0 0 0
620 2 0 0 0 0 0 0 0 0 2 1 0 0
627 1 0 0 0 0 0 0 0 0 0 0 0 0
628 1 0 0 0 0 0 0 0 0 0 0 0 0
629 1 0 0 0 0 0 0 0 0 0 0 0 0
661 2 1 1 0 0 0 0 0 0 0 0 0 0
662 2 0 0 2 1 0 0 0 0 0 0 0 0
663 2 0 0 2 0 0 0 0 0 0 0 0 0
664 2 0 0 0 0 0 0 0 0 0 0 0 0
665 2 0 0 0 0 0 0 0 0 0 0 0 0
667 2 0 0 0 0 0 0 0 0 0 0 0 0
668 2 0 0 0 0 0 0 0 0 0 0 0 0
669 2 1 1 0 0 0 0 0 0 0 0 0 0
670 2 0 0 0 0 0 0 0 0 0 0 0 0
671 2 0 0 0 0 0 0 0 0 0 0 0 0
672 2 0 0 0 0 0 0 0 0 0 0 0 0
673 2 0 0 0 0 0 0 0 0 2 1 0 0
674 1 0 0 1 0 0 0 0 0 0 0 0 0
678 1 0 0 0 0 0 0 0 0 0 0 0 0
679 1 0 0 0 0 0 0 0 0 0 0 0 0
680 1 0 0 0 0 0 0 0 0 0 0 0 0
686 1 0 0 0 0 0 0 0 0 0 0 0 0
687 1 0 0 0 0 0 0 0 0 0 0 0 0
688 2 0 0 0 0 0 0 0 0 0 0 0 0
692 1 1 1 0 0 0 0 0 0 0 0 0 0
693 1 0 0 0 0 0 0 0 0 1 0 0 0
696 1 0 0 1 0 0 0 0 0 0 0 0 0
697 1 0 0 1 0 0 0 0 0 0 0 0 0
698 1 0 0 0 0 0 0 0 0 0 0 0 0
700 1 0 0 0 0 0 0 0 0 0 0 0 0
701 1 0 0 0 0 0 0 0 0 0 0 0 0
702 1 0 0 0 0 0 0 0 0 0 0 0 0
706 1 0 0 0 0 0 0 0 0 0 0 0 0
707 1 0 0 0 0 0 0 0 0 0 0 0 0
708 1 0 0 0 0 0 0 0 0 0 0 0 0
709 1 0 0 0 0 0 0 0 0 0 0 0 0
710 1 0 0 0 0 0 0 0 0 0 0 0 0
711 1 1 1 0 0 0 0 0 0 1 1 0 0
780 5 1 1 0 0 0 0 0 0 0 0 0 0
781 5 0 0 5 1 1 0 0 0 0 0 0 0
782 5 0 0 5 0 0 0 0 0 0 0 0 0
783 5 0 0 0 0 0 0 0 0 0 0 0 0
784 5 0 0 0 0 0 0 0 0 0 0 0 0
786 5 0 0 0 0 0 0 0 0 0 0 0 0
787 5 0 0 0 0 0 0 0 0 0 0 0 0
788 5 1 1 0 0 0 0 0 0 0 0 0 0
789 5 0 0 0 0 0 0 0 0 0 0 0 0
790 5 0 0 0 0 0 0 0 0 0 0 0 0
791 5 0 0 0 0 0 0 0 0 0 0 0 0
792 5 0 0 0 0 0 0 0 0 5 1 0 0
793 4 0 0 4 0 0 0 0 0 0 0 0 0
797 4 0 0 0 0 0 0 0 0 0 0 0 0
798 4 0 0 0 0 0 0 0 0 0 0 0 0
799 4 0 0 0 0 0 0 0 0 0 0 0 0
805 4 0 0 0 0 0 0 0 0 0 0 0 0
806 4 0 0 0 0 0 0 0 0 0 0 0 0
807 8 0 0 0 0 0 0 0 0 0 0 0 0
811 7 1 1 0 0 0 0 0 0 0 0 0 0
812 7 0 0 0 0 0 0 0 0 7 0 0 0
815 7 0 0 7 0 0 0 0 0 0 0 0 0
816 7 0 0 7 1 1 0 0 0 0 0 0 0
817 7 0 0 0 0 0 0 0 0 0 0 0 0
819 7 0 0 0 0 0 0 0 0 0 0 0 0
820 7 0 0 0 0 0 0 0 0 0 0 0 0
821 7 0 0 0 0 0 0 0 0 0 0 0 0
825 7 0 0 0 0 0 0 0 0 0 0 0 0
826 7 0 0 0 0 0 0 0 0 0 0 0 0
827 7 0 0 0 0 0 0 0 0 0 0 0 0
828 7 0 0 0 0 0 0 0 0 0 0 0 0
829 7 0 0 0 0 0 0 0 0 0 0 0 0
830 7 1 1 0 0 0 0 0 0 7 2 0 0
837 6 0 0 0 0 0 0 0 0 0 0 0 0
838 6 0 0 0 0 0 0 0 0 0 0 0 0
840 6 0 0 0 0 0 0 0 0 0 0 0 0
841 6 0 0 0 0 0 0 0 0 6 0 0 0
843 6 0 0 6 0 0 0 0 0 0 0 0 0
844 6 0 0 6 2 1 0 0 0 0 0 0 0
845 6 0 0 0 0 0 0 0 0 0 0 0 0
847 6 0 0 0 0 0 0 0 0 0 0 0 0
848 6 0 0 0 0 0 0 0 0 0 0 0 0
849 6 0 0 0 0 0 0 0 0 0 0 0 0
853 6 0 0 0 0 0 0 0 0 0 0 0 0
854 6 0 0 0 0 0 0 0 0 0 0 0 0
855 6 0 0 0 0 0 0 0 0 0 0 0 0
856 6 0 0 0 0 0 0 0 0 0 0 0 0
857 6 1 1 0 0 0 0 0 0 0 0 0 0
858 6 0 0 0 0 0 0 0 0 6 3 0 0
865 3 0 0 0 0 0 0 0 0 0 0 0 0
866 3 0 0 0 0 0 0 0 0 0 0 0 0
867 3 0 0 0 0 0 0 0 0 0 0 0 0
899 3 1 1 0 0 0 0 0 0 0 0 0 0
900 3 0 0 3 1 1 0 0 0 0 0 0 0
901 3 0 0 3 2 2 0 0 0 0 0 0 0
902 3 0 0 0 0 0 0 0 0 0 0 0 0
903 3 0 0 0 0 0 0 0 0 0 0 0 0
905 3 0 0 0 0 0 0 0 0 0 0 0 0
906 3 0 0 0 0 0 0 0 0 0 0 0 0
907 3 1 1 0 0 0 0 0 0 0 0 0 0
908 3 0 0 0 0 0 0 0 0 0 0 0 0
909 3 0 0 0 0 0 0 0 0 0 0 0 0
910 3 0 0 0 0 0 0 0 0 0 0 0 0
911 3 0 0 0 0 0 0 0 0 3 0 0 0
912 2 0 0 2 0 0 0 0 0 0 0 0 0
916 2 0 0 0 0 0 0 0 0 0 0 0 0
917 2 0 0 0 0 0 0 0 0 0 0 0 0
918 2 0 0 0 0 0 0 0 0 0 0 0 0
924 2 0 0 0 0 0 0 0 0 0 0 0 0
925 2 0 0 0 0 0 0 0 0 0 0 0 0
926 4 0 0 0 0 0 0 0 0 0 0 0 0
930 2 1 1 0 0 0 0 0 0 0 0 0 0
931 2 0 0 0 0 0 0 0 0 2 0 0 0
934 2 0 0 2 2 2 0 0 0 0 0 0 0
935 2 0 0 2 0 0 0 0 0 0 0 0 0
936 2 0 0 0 0 0 0 0 0 0 0 0 0
938 2 0 0 0 0 0 0 0 0 0 0 0 0
939 2 0 0 0 0 0 0 0 0 0 0 0 0
940 2 0 0 0 0 0 0 0 0 0 0 0 0
944 2 0 0 0 0 0 0 0 0 0 0 0 0
945 2 0 0 0 0 0 0 0 0 0 0 0 0
946 2 0 0 0 0 0 0 0 0 0 0 0 0
947 2 0 0 0 0 0 0 0 0 0 0 0 0
948 2 0 0 0 0 0 0 0 0 0 0 0 0
949 2 1 1 0 0 0 0 0 0 2 1 0 0
956 1 0 0 0 0 0 0 0 0 0 0 0 0
957 1 0 0 0 0 0 0 0 0 0 0 0 0
959 1 0 0 0 0 0 0 0 0 0 0 0 0
960 1 0 0 0 0 0 0 0 0 1 0 0 0
962 1 0 0 1 0 0 0 0 0 0 0 0 0
963 1 0 0 1 0 0 0 0 0 0 0 0 0
964 1 0 0 0 0 0 0 0 0 0 0 0 0
966 1 0 0 0 0 0 0 0 0 0 0 0 0
967 1 0 0 0 0 0 0 0 0 0 0 0 0
968 1 0 0 0 0 0 0 0 0 0 0 0 0
972 1 0 0 0 0 0 0 0 0 0 0 0 0
973 1 0 0 0 0 0 0 0 0 0 0 0 0
974 1 0 0 0 0 0 0 0 0 0 0 0 0
975 1 0 0 0 0 0 0 0 0 0 0 0 0
976 1 1 1 0 0 0 0 0 0 0 0 0 0
977 1 0 0 0 0 0 0 0 0 1 1 0 0
1018 10 1 1 0 0 0 0 0 0 0 0 0 0
1019 10 0 0 10 2 2 0 0 0 0 0 0 0
1020 10 0 0 10 2 2 0 0 0 0 0 0 0
1021 10 0 0 0 0 0 0 0 0 0 0 0 0
1022 10 0 0 0 0 0 0 0 0 0 0 0 0
1024 10 0 0 0 0 0 0 0 0 0 0 0 0
1025 10 0 0 0 0 0 0 0 0 0 0 0 0
1026 10 1 1 0 0 0 0 0 0 0 0 0 0
1027 10 0 0 0 0 0 0 0 0 0 0 0 0
1028 10 0 0 0 0 0 0 0 0 0 0 0 0
1029 10 0 0 0 0 0 0 0 0 0 0 0 0
1030 10 0 0 0 0 0 0 0 0 10 2 0 0
1031 9 0 0 9 0 0 0 0 0 0 0 0 0
1035 9 0 0 0 0 0 0 0 0 0 0 0 0
1036 9 0 0 0 0 0 0 0 0 0 0 0 0
1037 9 0 0 0 0 0 0 0 0 0 0 0 0
1043 9 0 0 0 0 0 0 0 0 0 0 0 0
1044 9 0 0 0 0 0 0 0 0 0 0 0 0
1045 18 0 0 0 0 0 0 0 0 0 0 0 0
1049 15 1 1 0 0 0 0 0 0 0 0 0 0
1050 15 0 0 0 0 0 0 0 0 15 0 0 0
1053 15 0 0 15 3 3 0 0 0 0 0 0 0
1054 15 0 0 15 2 2 0 0 0 0 0 0 0
1055 15 0 0 0 0 0 0 0 0 0 0 0 0
1057 15 0 0 0 0 0 0 0 0 0 0 0 0
1058 15 0 0 0 0 0 0 0 0 0 0 0 0
1059 15 0 0 0 0 0 0 0 0 0 0 0 0
1063 15 0 0 0 0 0 0 0 0 0 0 0 0
1064 15 0 0 0 0 0 0 0 0 0 0 0 0
1065 15 0 0 0 0 0 0 0 0 0 0 0 0
1066 15 0 0 0 0 0 0 0 0 0 0 0 0
1067 15 0 0 0 0 0 0 0 0 0 0 0 0
1068 15 1 1 0 0 0 0 0 0 15 5 0 0
1075 7 0 0 0 0 0 0 0 0 0 0 0 0
1076 7 0 0 0 0 0 0 0 0 0 0 0 0
1078 7 0 0 0 0 0 0 0 0 0 0 0 0
1079 7 0 0 0 0 0 0 0 0 7 0 0 0
1081 7 0 0 7 1 1 0 0 0 0 0 0 0
1082 7 0 0 7 0 0 0 0 0 0 0 0 0
1083 7 0 0 0 0 0 0 0 0 0 0 0 0
1085 7 0 0 0 0 0 0 0 0 0 0 0 0
1086 7 0 0 0 0 0 0 0 0 0 0 0 0
1087 7 0 0 0 0 0 0 0 0 0 0 0 0
1091 7 0 0 0 0 0 0 0 0 0 0 0 0
1092 7 0 0 0 0 0 0 0 0 0 0 0 0
1093 7 0 0 0 0 0 0 0 0 0 0 0 0
1094 7 0 0 0 0 0 0 0 0 0 0 0 0
1095 7 1 1 0 0 0 0 0 0 0 0 0 0
1096 7 0 0 0 0 0 0 0 0 7 3 0 0
1103 6 0 0 0 0 0 0 0 0 0 0 0 0
1104 6 0 0 0 0 0 0 0 0 0 0 0 0
1105 6 0 0 0 0 0 0 0 0 0 0 0 0
1137 15 1 1 0 0 0 0 0 0 0 0 0 0
1138 15 0 0 15 0 0 0 0 0 0 0 0 0
1139 15 0 0 15 1 1 0 0 0 0 0 0 0
1140 15 0 0 0 0 0 0 0 0 0 0 0 0
1141 15 0 0 0 0 0 0 0 0 0 0 0 0
1143 15 0 0 0 0 0 0 0 0 0 0 0 0
1144 15 0 0 0 0 0 0 0 0 0 0 0 0
1145 15 2 1 0 0 0 0 0 0 0 0 0 0
1146 15 0 0 0 0 0 0 0 0 0 0 0 0
1147 15 0 0 0 0 0 0 0 0 0 0 0 0
1148 15 0 0 0 0 0 0 0 0 0 0 0 0
1149 15 0 0 0 0 0 0 0 0 15 3 0 0
1150 4 0 0 4 0 0 0 0 0 0 0 0 0
1154 4 0 0 0 0 0 0 0 0 0 0 0 0
1155 4 0 0 0 0 0 0 0 0 0 0 0 0
1156 4 0 0 0 0 0 0 0 0 0 0 0 0
1162 4 0 0 0 0 0 0 0 0 0 0 0 0
1163 4 0 0 0 0 0 0 0 0 0 0 0 0
1164 8 0 0 0 0 0 0 0 0 0 0 0 0
1168 4 2 1 0 0 0 0 0 0 0 0 0 0
1169 4 0 0 0 0 0 0 0 0 4 0 0 0
1172 4 0 0 4 1 1 0 0 0 0 0 0 0
1173 4 0 0 4 0 0 0 0 0 0 0 0 0
1174 4 0 0 0 0 0 0 0 0 0 0 0 0
1176 4 0 0 0 0 0 0 0 0 0 0 0 0
1177 4 0 0 0 0 0 0 0 0 0 0 0 0
1178 4 0 0 0 0 0 0 0 0 0 0 0 0
1182 4 0 0 0 0 0 0 0 0 0 0 0 0
1183 4 0 0 0 0 0 0 0 0 0 0 0 0
1184 4 0 0 0 0 0 0 0 0 0 0 0 0
1185 4 0 0 0 0 0 0 0 0 0 0 0 0
1186 4 0 0 0 0 0 0 0 0 0 0 0 0
1187 4 2 1 0 0 0 0 0 0 4 2 0 0
1256 13 2 1 0 0 0 0 0 0 0 0 0 0
1257 13 0 0 13 1 1 0 0 0 0 0 0 0
1258 13 0 0 13 1 0 0 0 0 0 0 0 0
1259 13 0 0 0 0 0 0 0 0 0 0 0 0
1260 13 0 0 0 0 0 0 0 0 0 0 0 0
1262 13 0 0 0 0 0 0 0 0 0 0 0 0
1263 13 0 0 0 0 0 0 0 0 0 0 0 0
1264 13 2 1 0 0 0 0 0 0 0 0 0 0
1265 13 0 0 0 0 0 0 0 0 0 0 0 0
1266 13 0 0 0 0 0 0 0 0 0 0 0 0
1267 13 0 0 0 0 0 0 0 0 0 0 0 0
1268 13 0 0 0 0 0 0 0 0 13 3 0 0
1269 3 0 0 3 0 0 0 0 0 0 0 0 0
1273 3 0 0 0 0 0 0 0 0 0 0 0 0
1274 3 0 0 0 0 0 0 0 0 0 0 0 0
1275 3 0 0 0 0 0 0 0 0 0 0 0 0
1281 3 0 0 0 0 0 0 0 0 0 0 0 0
1282 3 0 0 0 0 0 0 0 0 0 0 0 0
1283 6 0 0 0 0 0 0 0 0 0 0 0 0
1287 3 2 1 0 0 0 0 0 0 0 0 0 0
1288 3 0 0 0 0 0 0 0 0 3 0 0 0
1291 3 0 0 3 0 0 0 0 0 0 0 0 0
1292 3 0 0 3 1 1 0 0 0 0 0 0 0
1293 3 0 0 0 0 0 0 0 0 0 0 0 0
1295 3 0 0 0 0 0 0 0 0 0 0 0 0
1296 3 0 0 0 0 0 0 0 0 0 0 0 0
1297 3 0 0 0 0 0 0 0 0 0 0 0 0
1301 3 0 0 0 0 0 0 0 0 0 0 0 0
1302 3 0 0 0 0 0 0 0 0 0 0 0 0
1303 3 0 0 0 0 0 0 0 0 0 0 0 0
1304 3 0 0 0 0 0 0 0 0 0 0 0 0
1305 3 0 0 0 0 0 0 0 0 0 0 0 0
1306 3 2 1 0 0 0 0 0 0 3 3 0 0
1375 14 1 1 0 0 0 0 0 0 0 0 0 0
1376 14 0 0 14 3 0 0 0 0 0 0 0 0
1377 14 0 0 14 2 0 0 0 0 0 0 0 0
1378 14 0 0 0 0 0 0 0 0 0 0 0 0
1379 14 0 0 0 0 0 0 0 0 0 0 0 0
1381 14 0 0 0 0 0 0 0 0 0 0 0 0
1382 14 0 0 0 0 0 0 0 0 0 0 0 0
1383 14 1 1 0 0 0 0 0 0 0 0 0 0
1384 14 0 0 0 0 0 0 0 0 0 0 0 0
1385 14 0 0 0 0 0 0 0 0 0 0 0 0
1386 14 0 0 0 0 0 0 0 0 0 0 0 0
1387 14 0 0 0 0 0 0 0 0 14 4 0 0
1388 10 0 0 10 0 0 0 0 0 0 0 0 0
1392 10 0 0 0 0 0 0 0 0 0 0 0 0
1393 10 0 0 0 0 0 0 0 0 0 0 0 0
1394 10 0 0 0 0 0 0 0 0 0 0 0 0
1400 10 0 0 0 0 0 0 0 0 0 0 0 0
1401 10 0 0 0 0 0 0 0 0 0 0 0 0
1402 20 0 0 0 0 0 0 0 0 0 0 0 0
1406 12 1 1 0 0 0 0 0 0 0 0 0 0
1407 12 0 0 0 0 0 0 0 0 12 0 0 0
1410 12 0 0 12 3 2 0 0 0 0 0 0 0
1411 12 0 0 12 6 2 0 0 0 0 0 0 0
1412 12 0 0 0 0 0 0 0 0 0 0 0 0
1414 12 0 0 0 0 0 0 0 0 0 0 0 0
1415 12 0 0 0 0 0 0 0 0 0 0 0 0
1416 12 0 0 0 0 0 0 0 0 0 0 0 0
1420 12 0 0 0 0 0 0 0 0 0 0 0 0
1421 12 0 0 0 0 0 0 0 0 0 0 0 0
1422 12 0 0 0 0 0 0 0 0 0 0 0 0
1423 12 0 0 0 0 0 0 0 0 0 0 0 0
1424 12 0 0 0 0 0 0 0 0 0 0 0 0
1425 12 1 1 0 0 0 0 0 0 12 4 0 0
1432 4 0 0 0 0 0 0 0 0 0 0 0 0
1433 4 0 0 0 0 0 0 0 0 0 0 0 0
1435 4 0 0 0 0 0 0 0 0 0 0 0 0
1436 4 0 0 0 0 0 0 0 0 4 0 0 0
1438 4 0 0 4 0 0 0 0 0 0 0 0 0
1439 4 0 0 4 0 0 0 0 0 0 0 0 0
1440 4 0 0 0 0 0 0 0 0 0 0 0 0
1442 4 0 0 0 0 0 0 0 0 0 0 0 0
1443 4 0 0 0 0 0 0 0 0 0 0 0 0
1444 4 0 0 0 0 0 0 0 0 0 0 0 0
1448 4 0 0 0 0 0 0 0 0 0 0 0 0
1449 4 0 0 0 0 0 0 0 0 0 0 0 0
1450 4 0 0 0 0 0 0 0 0 0 0 0 0
1451 4 0 0 0 0 0 0 0 0 0 0 0 0
1452 4 1 1 0 0 0 0 0 0 0 0 0 0
1453 4 0 0 0 0 0 0 0 0 4 2 0 0
1460 2 0 0 0 0 0 0 0 0 0 0 0 0
1461 2 0 0 0 0 0 0 0 0 0 0 0 0
1462 2 0 0 0 0 0 0 0 0 0 0 0 0
1494 30 1 1 0 0 0 0 0 0 0 0 0 0
1495 30 0 0 30 2 2 0 0 0 0 0 0 0
1496 30 0 0 30 2 1 0 0 0 0 0 0 0
1497 30 0 0 0 0 0 0 0 0 0 0 0 0
1498 30 0 0 0 0 0 0 0 0 0 0 0 0
1500 30 0 0 0 0 0 0 0 0 0 0 0 0
1501 30 0 0 0 0 0 0 0 0 0 0 0 0
1502 30 1 1 0 0 0 0 0 0 0 0 0 0
1503 30 0 0 0 0 0 0 0 0 0 0 0 0
1504 30 0 0 0 0 0 0 0 0 0 0 0 0
1505 30 0 0 0 0 0 0 0 0 0 0 0 0
1506 30 0 0 0 0 0 0 0 0 30 16 0 0
1507 9 0 0 9 0 0 0 0 0 0 0 0 0
1511 9 0 0 0 0 0 0 0 0 0 0 0 0
1512 9 0 0 0 0 0 0 0 0 0 0 0 0
1513 9 0 0 0 0 0 0 0 0 0 0 0 0
1519 9 0 0 0 0 0 0 0 0 0 0 0 0
1520 9 0 0 0 0 0 0 0 0 0 0 0 0
1521 18 0 0 0 0 0 0 0 0 0 0 0 0
1525 10 1 1 0 0 0 0 0 0 0 0 0 0
1526 10 0 0 0 0 0 0 0 0 10 0 0 0
1529 10 0 0 10 2 1 0 0 0 0 0 0 0
1530 10 0 0 10 1 1 0 0 0 0 0 0 0
1531 10 0 0 0 0 0 0 0 0 0 0 0 0
1533 10 0 0 0 0 0 0 0 0 0 0 0 0
1534 10 0 0 0 0 0 0 0 0 0 0 0 0
1535 10 0 0 0 0 0 0 0 0 0 0 0 0
1539 10 0 0 0 0 0 0 0 0 0 0 0 0
1540 10 0 0 0 0 0 0 0 0 0 0 0 0
1541 10 0 0 0 0 0 0 0 0 0 0 0 0
1542 10 0 0 0 0 0 0 0 0 0 0 0 0
1543 10 0 0 0 0 0 0 0 0 0 0 0 0
1544 10 1 1 0 0 0 0 0 0 10 3 0 0
1551 1 0 0 0 0 0 0 0 0 0 0 0 0
1552 1 0 0 0 0 0 0 0 0 0 0 0 0
1554 1 0 0 0 0 0 0 0 0 0 0 0 0
1555 1 0 0 0 0 0 0 0 0 1 0 0 0
1557 1 0 0 1 0 0 0 0 0 0 0 0 0
1558 1 0 0 1 1 0 0 0 0 0 0 0 0
1559 1 0 0 0 0 0 0 0 0 0 0 0 0
1561 1 0 0 0 0 0 0 0 0 0 0 0 0
1562 1 0 0 0 0 0 0 0 0 0 0 0 0
1563 1 0 0 0 0 0 0 0 0 0 0 0 0
1567 1 0 0 0 0 0 0 0 0 0 0 0 0
1568 1 0 0 0 0 0 0 0 0 0 0 0 0
1569 1 0 0 0 0 0 0 0 0 0 0 0 0
1570 1 0 0 0 0 0 0 0 0 0 0 0 0
1571 1 1 1 0 0 0 0 0 0 0 0 0 0
1572 1 0 0 0 0 0 0 0 0 1 0 0 0
1579 1 0 0 0 0 0 0 0 0 0 0 0 0
1580 1 0 0 0 0 0 0 0 0 0 0 0 0
1581 1 0 0 0 0 0 0 0 0 0 0 0 0
1613 32 2 1 0 0 0 0 0 0 0 0 0 0
1614 32 0 0 32 4 2 0 0 0 0 0 0 0
1615 32 0 0 32 5 3 0 0 0 0 0 0 0
1616 32 0 0 0 0 0 0 0 0 0 0 0 0
1617 32 0 0 0 0 0 0 0 0 0 0 0 0
1619 32 0 0 0 0 0 0 0 0 0 0 0 0
1620 32 0 0 0 0 0 0 0 0 0 0 0 0
1621 32 2 1 0 0 0 0 0 0 0 0 0 0
1622 32 0 0 0 0 0 0 0 0 0 0 0 0
1623 32 0 0 0 0 0 0 0 0 0 0 0 0
1624 32 0 0 0 0 0 0 0 0 0 0 0 0
1625 32 0 0 0 0 0 0 0 0 32 14 0 0
1626 10 0 0 10 0 0 0 0 0 0 0 0 0
1630 10 0 0 0 0 0 0 0 0 0 0 0 0
1631 10 0 0 0 0 0 0 0 0 0 0 0 0
1632 10 0 0 0 0 0 0 0 0 0 0 0 0
1638 10 0 0 0 0 0 0 0 0 0 0 0 0
1639 10 0 0 0 0 0 0 0 0 0 0 0 0
1640 20 0 0 0 0 0 0 0 0 0 0 0 0
1644 12 2 1 0 0 0 0 0 0 0 0 0 0
1645 12 0 0 0 0 0 0 0 0 12 1 0 0
1648 12 0 0 12 2 2 0 0 0 0 0 0 0
1649 12 0 0 12 5 3 0 0 0 0 0 0 0
1650 12 0 0 0 0 0 0 0 0 0 0 0 0
1652 12 0 0 0 0 0 0 0 0 0 0 0 0
1653 12 0 0 0 0 0 0 0 0 0 0 0 0
1654 12 0 0 0 0 0 0 0 0 0 0 0 0
1658 12 0 0 0 0 0 0 0 0 0 0 0 0
1659 12 0 0 0 0 0 0 0 0 0 0 0 0
1660 12 0 0 0 0 0 0 0 0 0 0 0 0
1661 12 0 0 0 0 0 0 0 0 0 0 0 0
1662 12 0 0 0 0 0 0 0 0 0 0 0 0
1663 12 2 1 0 0 0 0 0 0 12 5 0 0
1670 4 0 0 0 0 0 0 0 0 0 0 0 0
1671 4 0 0 0 0 0 0 0 0 0 0 0 0
1673 4 0 0 0 0 0 0 0 0 0 0 0 0
1674 4 0 0 0 0 0 0 0 0 4 0 0 0
1676 4 0 0 4 0 0 0 0 0 0 0 0 0
1677 4 0 0 4 2 2 0 0 0 0 0 0 0
1678 4 0 0 0 0 0 0 0 0 0 0 0 0
1680 4 0 0 0 0 0 0 0 0 0 0 0 0
1681 4 0 0 0 0 0 0 0 0 0 0 0 0
1682 4 0 0 0 0 0 0 0 0 0 0 0 0
1686 4 0 0 0 0 0 0 0 0 0 0 0 0
1687 4 0 0 0 0 0 0 0 0 0 0 0 0
1688 4 0 0 0 0 0 0 0 0 0 0 0 0
1689 4 0 0 0 0 0 0 0 0 0 0 0 0
1690 4 1 1 0 0 0 0 0 0 0 0 0 0
1691 4 0 0 0 0 0 0 0 0 4 2 0 0
1698 2 0 0 0 0 0 0 0 0 0 0 0 0
1699 2 0 0 0 0 0 0 0 0 0 0 0 0
1700 2 0 0 0 0 0 0 0 0 0 0 0 0
1732 26 1 1 0 0 0 0 0 0 0 0 0 0
1733 26 0 0 26 5 1 0 0 0 0 0 0 0
1734 26 0 0 26 2 2 0 0 0 0 0 0 0
1735 26 0 0 0 0 0 0 0 0 0 0 0 0
1736 26 0 0 0 0 0 0 0 0 0 0 0 0
1738 26 0 0 0 0 0 0 0 0 0 0 0 0
1739 26 0 0 0 0 0 0 0 0 0 0 0 0
1740 26 1 1 0 0 0 0 0 0 0 0 0 0
1741 26 0 0 0 0 0 0 0 0 0 0 0 0
1742 26 0 0 0 0 0 0 0 0 0 0 0 0
1743 26 0 0 0 0 0 0 0 0 0 0 0 0
1744 26 0 0 0 0 0 0 0 0 26 5 0 0
1745 16 0 0 16 0 0 0 0 0 0 0 0 0
1749 16 0 0 0 0 0 0 0 0 0 0 0 0
1750 16 0 0 0 0 0 0 0 0 0 0 0 0
1751 16 0 0 0 0 0 0 0 0 0 0 0 0
1757 16 0 0 0 0 0 0 0 0 0 0 0 0
1758 16 0 0 0 0 0 0 0 0 0 0 0 0
1759 32 0 0 0 0 0 0 0 0 0 0 0 0
1763 17 1 1 0 0 0 0 0 0 0 0 0 0
1764 17 0 0 0 0 0 0 0 0 17 0 0 0
1767 17 0 0 17 2 1 0 0 0 0 0 0 0
1768 17 0 0 17 7 4 0 0 0 0 0 0 0
1769 17 0 0 0 0 0 0 0 0 0 0 0 0
1771 17 0 0 0 0 0 0 0 0 0 0 0 0
1772 17 0 0 0 0 0 0 0 0 0 0 0 0
1773 17 0 0 0 0 0 0 0 0 0 0 0 0
1777 17 0 0 0 0 0 0 0 0 0 0 0 0
1778 17 0 0 0 0 0 0 0 0 0 0 0 0
1779 17 0 0 0 0 0 0 0 0 0 0 0 0
1780 17 0 0 0 0 0 0 0 0 0 0 0 0
1781 17 0 0 0 0 0 0 0 0 0 0 0 0
1782 17 1 1 0 0 0 0 0 0 17 7 0 0
1789 2 0 0 0 0 0 0 0 0 0 0 0 0
1790 2 0 0 0 0 0 0 0 0 0 0 0 0
1792 2 0 0 0 0 0 0 0 0 0 0 0 0
1793 2 0 0 0 0 0 0 0 0 2 0 0 0
1795 2 0 0 2 0 0 0 0 0 0 0 0 0
1796 2 0 0 2 0 0 0 0 0 0 0 0 0
1797 2 0 0 0 0 0 0 0 0 0 0 0 0
1799 2 0 0 0 0 0 0 0 0 0 0 0 0
1800 2 0 0 0 0 0 0 0 0 0 0 0 0
1801 2 0 0 0 0 0 0 0 0 0 0 0 0
1805 2 0 0 0 0 0 0 0 0 0 0 0 0
1806 2 0 0 0 0 0 0 0 0 0 0 0 0
1807 2 0 0 0 0 0 0 0 0 0 0 0 0
1808 2 0 0 0 0 0 0 0 0 0 0 0 0
1809 2 1 1 0 0 0 0 0 0 0 0 0 0
1810 2 0 0 0 0 0 0 0 0 2 1 0 0
1817 1 0 0 0 0 0 0 0 0 0 0 0 0
1818 1 0 0 0 0 0 0 0 0 0 0 0 0
1819 1 0 0 0 0 0 0 0 0 0 0 0 0
1851 26 2 1 0 0 0 0 0 0 0 0 0 0
1852 26 0 0 26 4 1 0 0 0 0 0 0 0
1853 26 0 0 26 4 2 0 0 0 0 0 0 0
1854 26 0 0 0 0 0 0 0 0 0 0 0 0
1855 26 0 0 0 0 0 0 0 0 0 0 0 0
1857 26 0 0 0 0 0 0 0 0 0 0 0 0
1858 26 0 0 0 0 0 0 0 0 0 0 0 0
1859 26 2 1 0 0 0 0 0 0 0 0 0 0
1860 26 0 0 0 0 0 0 0 0 0 0 0 0
1861 26 0 0 0 0 0 0 0 0 0 0 0 0
1862 26 0 0 0 0 0 0 0 0 0 0 0 0
1863 26 0 0 0 0 0 0 0 0 26 13 0 0
1864 16 0 0 16 0 0 0 0 0 0 0 0 0
1868 16 0 0 0 0 0 0 0 0 0 0 0 0
1869 16 0 0 0 0 0 0 0 0 0 0 0 0
1870 16 0 0 0 0 0 0 0 0 0 0 0 0
1876 16 0 0 0 0 0 0 0 0 0 0 0 0
1877 16 0 0 0 0 0 0 0 0 0 0 0 0
1878 32 0 0 0 0 0 0 0 0 0 0 0 0
1882 20 1 1 0 0 0 0 0 0 0 0 0 0
1883 20 0 0 0 0 0 0 0 0 20 1 0 0
1886 20 0 0 20 4 4 0 0 0 0 0 0 0
1887 20 0 0 20 4 2 0 0 0 0 0 0 0
1888 20 0 0 0 0 0 0 0 0 0 0 0 0
1890 20 0 0 0 0 0 0 0 0 0 0 0 0
1891 20 0 0 0 0 0 0 0 0 0 0 0 0
1892 20 0 0 0 0 0 0 0 0 0 0 0 0
1896 20 0 0 0 0 0 0 0 0 0 0 0 0
1897 20 0 0 0 0 0 0 0 0 0 0 0 0
1898 20 0 0 0 0 0 0 0 0 0 0 0 0
1899 20 0 0 0 0 0 0 0 0 0 0 0 0
1900 20 0 0 0 0 0 0 0 0 0 0 0 0
1901 20 1 1 0 0 0 0 0 0 20 10 0 0
1908 5 0 0 0 0 0 0 0 0 0 0 0 0
1909 5 0 0 0 0 0 0 0 0 0 0 0 0
1911 5 0 0 0 0 0 0 0 0 0 0 0 0
1912 5 0 0 0 0 0 0 0 0 5 0 0 0
1914 5 0 0 5 1 1 0 0 0 0 0 0 0
1915 5 0 0 5 1 1 0 0 0 0 0 0 0
1916 5 0 0 0 0 0 0 0 0 0 0 0 0
1918 5 0 0 0 0 0 0 0 0 0 0 0 0
1919 5 0 0 0 0 0 0 0 0 0 0 0 0
1920 5 0 0 0 0 0 0 0 0 0 0 0 0
1924 5 0 0 0 0 0 0 0 0 0 0 0 0
1925 5 0 0 0 0 0 0 0 0 0 0 0 0
1926 5 0 0 0 0 0 0 0 0 0 0 0 0
1927 5 0 0 0 0 0 0 0 0 0 0 0 0
1928 5 1 1 0 0 0 0 0 0 0 0 0 0
1929 5 0 0 0 0 0 0 0 0 5 1 0 0
1936 4 0 0 0 0 0 0 0 0 0 0 0 0
1937 4 0 0 0 0 0 0 0 0 0 0 0 0
1938 4 0 0 0 0 0 0 0 0 0 0 0 0
1942 1 0 0 0 0 0 0 0 0 0 0 0 0
1943 1 0 0 0 0 0 0 0 0 0 0 0 0
1944 1 0 0 0 0 0 0 0 0 0 0 0 0
1945 1 0 0 0 0 0 0 0 0 1 0 0 0
1952 1 0 0 0 0 0 0 0 0 0 0 0 0
1953 1 0 0 0 0 0 0 0 0 0 0 0 0
1954 1 0 0 0 0 0 0 0 0 0 0 0 0
1970 24 1 1 0 0 0 0 0 0 0 0 0 0
1971 24 0 0 24 2 2 0 0 0 0 0 0 0
1972 24 0 0 24 4 2 0 0 0 0 0 0 0
1973 24 0 0 0 0 0 0 0 0 0 0 0 0
1974 24 0 0 0 0 0 0 0 0 0 0 0 0
1976 24 0 0 0 0 0 0 0 0 0 0 0 0
1977 24 0 0 0 0 0 0 0 0 0 0 0 0
1978 24 1 1 0 0 0 0 0 0 0 0 0 0
1979 24 0 0 0 0 0 0 0 0 0 0 0 0
1980 24 0 0 0 0 0 0 0 0 0 0 0 0
1981 24 0 0 0 0 0 0 0 0 0 0 0 0
1982 24 0 0 0 0 0 0 0 0 24 10 0 0
1984 8 0 0 8 0 0 0 0 0 0 0 0 0
1988 8 0 0 0 0 0 0 0 0 0 0 0 0
1989 8 0 0 0 0 0 0 0 0 0 0 0 0
1990 8 0 0 0 0 0 0 0 0 0 0 0 0
1996 8 0 0 0 0 0 0 0 0 0 0 0 0
1997 8 0 0 0 0 0 0 0 0 0 0 0 0
1999 16 0 0 0 0 0 0 0 0 0 0 0 0
2003 11 1 1 0 0 0 0 0 0 0 0 0 0
2004 11 0 0 0 0 0 0 0 0 11 0 0 0
2007 11 0 0 11 2 1 0 0 0 0 0 0 0
2008 11 0 0 11 4 4 0 0 0 0 0 0 0
2009 11 0 0 0 0 0 0 0 0 0 0 0 0
2011 11 0 0 0 0 0 0 0 0 0 0 0 0
2012 11 0 0 0 0 0 0 0 0 0 0 0 0
2013 11 0 0 0 0 0 0 0 0 0 0 0 0
2017 11 0 0 0 0 0 0 0 0 0 0 0 0
2018 11 0 0 0 0 0 0 0 0 0 0 0 0
2019 11 0 0 0 0 0 0 0 0 0 0 0 0
2020 11 0 0 0 0 0 0 0 0 0 0 0 0
2021 11 0 0 0 0 0 0 0 0 0 0 0 0
2022 11 1 1 0 0 0 0 0 0 11 6 0 0
2029 5 0 0 0 0 0 0 0 0 0 0 0 0
2030 5 0 0 0 0 0 0 0 0 0 0 0 0
2032 5 0 0 0 0 0 0 0 0 0 0 0 0
2033 5 0 0 0 0 0 0 0 0 5 0 0 0
2035 5 0 0 5 1 1 0 0 0 0 0 0 0
2036 5 0 0 5 0 0 0 0 0 0 0 0 0
2037 5 0 0 0 0 0 0 0 0 0 0 0 0
2039 5 0 0 0 0 0 0 0 0 0 0 0 0
2040 5 0 0 0 0 0 0 0 0 0 0 0 0
2041 5 0 0 0 0 0 0 0 0 0 0 0 0
2045 5 0 0 0 0 0 0 0 0 0 0 0 0
2046 5 0 0 0 0 0 0 0 0 0 0 0 0
2047 5 0 0 0 0 0 0 0 0 0 0 0 0
2048 5 0 0 0 0 0 0 0 0 0 0 0 0
2049 5 1 1 0 0 0 0 0 0 0 0 0 0
2050 5 0 0 0 0 0 0 0 0 5 2 0 0
2057 3 0 0 0 0 0 0 0 0 0 0 0 0
2058 3 0 0 0 0 0 0 0 0 0 0 0 0
2059 3 0 0 0 0 0 0 0 0 0 0 0 0
2093 174 1 0 0 0 0 0 0 0 0 0 0 0
2095 289 1 1 0 0 0 0 0 0 0 0 0 0
2096 289 0 0 0 0 0 0 0 0 0 0 0 0
2097 289 0 0 0 0 0 0 0 0 0 0 0 0
2098 289 0 0 0 0 0 0 0 0 289 52 0 0
2099 178 0 0 0 0 0 0 0 0 0 0 0 0
2104 2394 4 1 0 0 0 0 0 0 0 0 0 0
2110 2394 0 0 2394 0 0 0 0 0 0 0 0 0
2111 2394 0 0 2394 0 0 0 0 0 0 0 0 0
2119 2394 0 0 0 0 0 0 0 0 0 0 0 0
2120 2394 0 0 2394 0 0 0 0 0 0 0 0 0
fn=strncmp
98 1 0 0 0 0 0 0 0 0 0 0 0 0
125 1 0 0 0 0 0 0 0 0 0 0 0 0
126 1 0 0 0 0 0 0 0 0 1 0 0 0
127 1 0 0 0 0 0 0 0 0 0 0 0 0
128 1 0 0 0 0 0 0 0 0 1 0 0 0
129 1 0 0 0 0 0 0 0 0 0 0 0 0
131 1 0 0 0 0 0 0 0 0 0 0 0 0
132 1 0 0 0 0 0 0 0 0 0 0 0 0
134 1 1 1 0 0 0 0 0 0 0 0 0 0
135 1 0 0 0 0 0 0 0 0 0 0 0 0
156 1 0 0 0 0 0 0 0 0 0 0 0 0
157 1 0 0 0 0 0 0 0 0 0 0 0 0
158 1 0 0 0 0 0 0 0 0 0 0 0 0
159 1 0 0 0 0 0 0 0 0 1 0 0 0
160 1 0 0 1 0 0 0 0 0 0 0 0 0
161 1 0 0 1 1 1 0 0 0 0 0 0 0
162 1 0 0 1 0 0 0 0 0 0 0 0 0
163 1 0 0 1 0 0 0 0 0 0 0 0 0
180 1 0 0 0 0 0 0 0 0 0 0 0 0
181 1 0 0 0 0 0 0 0 0 0 0 0 0
182 1 0 0 0 0 0 0 0 0 0 0 0 0
183 1 0 0 0 0 0 0 0 0 0 0 0 0
184 1 0 0 0 0 0 0 0 0 0 0 0 0
185 1 0 0 0 0 0 0 0 0 0 0 0 0
186 1 1 1 0 0 0 0 0 0 1 1 0 0
2104 1 1 1 0 0 0 0 0 0 0 0 0 0
2107 1 0 0 0 0 0 0 0 0 0 0 0 0
2108 1 0 0 0 0 0 0 0 0 1 0 0 0
2110 1 0 0 1 0 0 0 0 0 0 0 0 0
2111 1 0 0 1 0 0 0 0 0 0 0 0 0
2119 1 0 0 0 0 0 0 0 0 0 0 0 0
2120 1 0 0 1 0 0 0 0 0 0 0 0 0
fl=./string/../sysdeps/x86_64/multiarch/../multiarch/strlen-sse2.S
fn=strlen
57 30 1 1 0 0 0 0 0 0 0 0 0 0
101 30 0 0 0 0 0 0 0 0 0 0 0 0
102 30 0 0 0 0 0 0 0 0 0 0 0 0
103 30 0 0 0 0 0 0 0 0 0 0 0 0
104 30 0 0 0 0 0 0 0 0 0 0 0 0
105 30 0 0 0 0 0 0 0 0 0 0 0 0
106 30 0 0 0 0 0 0 0 0 0 0 0 0
107 30 0 0 0 0 0 0 0 0 0 0 0 0
109 30 0 0 0 0 0 0 0 0 0 0 0 0
111 30 0 0 0 0 0 0 0 0 30 1 0 0
142 29 0 0 29 3 3 0 0 0 0 0 0 0
143 29 0 0 0 0 0 0 0 0 0 0 0 0
144 29 0 0 0 0 0 0 0 0 0 0 0 0
145 29 0 0 0 0 0 0 0 0 0 0 0 0
146 29 0 0 0 0 0 0 0 0 29 10 0 0
147 15 0 0 0 0 0 0 0 0 0 0 0 0
149 15 0 0 15 0 0 0 0 0 0 0 0 0
153 14 1 1 0 0 0 0 0 0 0 0 0 0
154 14 0 0 14 0 0 0 0 0 0 0 0 0
155 14 0 0 14 0 0 0 0 0 0 0 0 0
156 14 0 0 14 1 1 0 0 0 0 0 0 0
157 14 0 0 0 0 0 0 0 0 0 0 0 0
158 14 0 0 0 0 0 0 0 0 0 0 0 0
159 14 0 0 0 0 0 0 0 0 0 0 0 0
160 14 0 0 0 0 0 0 0 0 0 0 0 0
161 14 0 0 0 0 0 0 0 0 0 0 0 0
162 14 0 0 0 0 0 0 0 0 0 0 0 0
163 14 0 0 0 0 0 0 0 0 0 0 0 0
164 14 0 0 0 0 0 0 0 0 0 0 0 0
169 112 1 1 14 0 0 0 0 0 14 0 0 0
173 1 0 0 0 0 0 0 0 0 0 0 0 0
174 14 1 1 4 0 0 0 0 0 0 0 0 0
175 6 0 0 0 0 0 0 0 0 1 1 0 0
190 1 0 0 0 0 0 0 0 0 0 0 0 0
191 1 0 0 0 0 0 0 0 0 0 0 0 0
192 2 0 0 0 0 0 0 0 0 0 0 0 0
243 1 1 1 1 0 0 0 0 0 0 0 0 0
244 1 0 0 1 0 0 0 0 0 0 0 0 0
245 1 0 0 1 0 0 0 0 0 0 0 0 0
246 1 0 0 1 0 0 0 0 0 0 0 0 0
247 1 0 0 0 0 0 0 0 0 0 0 0 0
248 1 0 0 0 0 0 0 0 0 0 0 0 0
249 1 0 0 0 0 0 0 0 0 0 0 0 0
250 1 0 0 0 0 0 0 0 0 1 1 0 0
266 1 1 1 0 0 0 0 0 0 0 0 0 0
268 1 0 0 0 0 0 0 0 0 0 0 0 0
269 14 1 1 4 0 0 0 0 0 0 0 0 0
271 1 0 0 0 0 0 0 0 0 0 0 0 0
272 1 0 0 0 0 0 0 0 0 0 0 0 0
273 1 0 0 0 0 0 0 0 0 0 0 0 0
275 1 0 0 1 0 0 0 0 0 0 0 0 0
fl=./string/../sysdeps/x86_64/multiarch/ifunc-avx2.h
fn=memrchr
38 4 1 1 0 0 0 0 0 0 1 1 0 0
40 3 0 0 2 0 0 0 0 0 0 0 0 0
41 2 0 0 1 0 0 0 0 0 1 0 0 0
42 3 0 0 1 0 0 0 0 0 1 0 0 0
45 2 0 0 0 0 0 0 0 0 0 0 0 0
46 2 0 0 0 0 0 0 0 0 1 1 0 0
49 3 0 0 0 0 0 0 0 0 1 0 0 0
52 6 0 0 0 0 0 0 0 0 0 0 0 0
fn=rindex
38 4 0 0 0 0 0 0 0 0 1 1 0 0
40 3 1 1 2 0 0 0 0 0 0 0 0 0
41 2 0 0 1 0 0 0 0 0 1 0 0 0
42 3 0 0 1 0 0 0 0 0 1 0 0 0
45 2 0 0 0 0 0 0 0 0 0 0 0 0
46 2 0 0 0 0 0 0 0 0 1 1 0 0
49 3 0 0 0 0 0 0 0 0 1 0 0 0
52 6 1 1 0 0 0 0 0 0 0 0 0 0
fn=strchrnul
38 4 0 0 0 0 0 0 0 0 1 1 0 0
40 3 1 1 2 0 0 0 0 0 0 0 0 0
41 2 0 0 1 0 0 0 0 0 1 0 0 0
42 3 0 0 1 0 0 0 0 0 1 0 0 0
45 2 0 0 0 0 0 0 0 0 0 0 0 0
46 2 0 0 0 0 0 0 0 0 1 1 0 0
49 3 0 0 0 0 0 0 0 0 1 0 0 0
52 6 1 1 0 0 0 0 0 0 0 0 0 0
fn=strlen
38 12 2 1 0 0 0 0 0 0 3 2 0 0
40 9 0 0 6 2 0 0 0 0 0 0 0 0
41 6 0 0 3 0 0 0 0 0 3 0 0 0
42 9 0 0 3 1 0 0 0 0 3 0 0 0
45 6 0 0 0 0 0 0 0 0 0 0 0 0
46 6 0 0 0 0 0 0 0 0 3 1 0 0
49 9 0 0 0 0 0 0 0 0 3 0 0 0
52 18 2 1 0 0 0 0 0 0 0 0 0 0
fn=strnlen
38 8 0 0 0 0 0 0 0 0 2 2 0 0
40 6 1 1 4 1 0 0 0 0 0 0 0 0
41 4 0 0 2 0 0 0 0 0 2 0 0 0
42 6 0 0 2 0 0 0 0 0 2 0 0 0
45 4 0 0 0 0 0 0 0 0 0 0 0 0
46 4 0 0 0 0 0 0 0 0 2 2 0 0
49 6 0 0 0 0 0 0 0 0 2 0 0 0
52 12 1 1 0 0 0 0 0 0 0 0 0 0
fl=./string/../sysdeps/x86_64/multiarch/ifunc-evex.h
fn=memchr
37 8 0 0 0 0 0 0 0 0 2 1 0 0
38 6 0 0 4 1 0 0 0 0 0 0 0 0
39 6 2 1 2 0 0 0 0 0 2 0 0 0
42 4 0 0 0 0 0 0 0 0 0 0 0 0
43 4 0 0 0 0 0 0 0 0 2 2 0 0
45 4 0 0 0 0 0 0 0 0 0 0 0 0
51 6 0 0 0 0 0 0 0 0 2 0 0 0
54 8 0 0 0 0 0 0 0 0 0 0 0 0
fl=./string/../sysdeps/x86_64/multiarch/ifunc-memcmp.h
fn=bcmp
34 15 0 0 6 1 0 0 0 0 3 0 0 0
35 6 0 0 3 2 0 0 0 0 3 0 0 0
36 6 0 0 0 0 0 0 0 0 3 0 0 0
37 9 2 1 3 0 0 0 0 0 3 0 0 0
40 6 0 0 0 0 0 0 0 0 0 0 0 0
41 6 0 0 0 0 0 0 0 0 3 3 0 0
44 9 0 0 0 0 0 0 0 0 3 0 0 0
47 12 0 0 0 0 0 0 0 0 0 0 0 0
fl=./string/../sysdeps/x86_64/multiarch/ifunc-memmove.h
fn=memcpy@@GLIBC_2.14
56 4 0 0 0 0 0 0 0 0 2 0 0 0
57 6 0 0 4 0 0 0 0 0 0 0 0 0
60 6 0 0 2 0 0 0 0 0 0 0 0 0
61 4 2 1 0 0 0 0 0 0 2 2 0 0
74 4 0 0 0 0 0 0 0 0 2 0 0 0
77 4 0 0 0 0 0 0 0 0 2 0 0 0
85 4 0 0 0 0 0 0 0 0 2 2 0 0
93 4 2 1 0 0 0 0 0 0 2 2 0 0
96 10 4 2 2 0 0 0 0 0 0 0 0 0
fn=memmove
56 2 0 0 0 0 0 0 0 0 1 0 0 0
57 3 0 0 2 0 0 0 0 0 0 0 0 0
60 3 1 1 1 0 0 0 0 0 0 0 0 0
61 2 1 1 0 0 0 0 0 0 1 1 0 0
74 2 0 0 0 0 0 0 0 0 1 0 0 0
77 2 0 0 0 0 0 0 0 0 1 0 0 0
85 2 0 0 0 0 0 0 0 0 1 1 0 0
93 2 0 0 0 0 0 0 0 0 1 1 0 0
96 5 1 1 1 0 0 0 0 0 0 0 0 0
fn=mempcpy
56 2 0 0 0 0 0 0 0 0 1 0 0 0
57 3 0 0 2 0 0 0 0 0 0 0 0 0
60 3 0 0 1 0 0 0 0 0 0 0 0 0
61 2 1 1 0 0 0 0 0 0 1 1 0 0
74 2 0 0 0 0 0 0 0 0 1 0 0 0
77 2 0 0 0 0 0 0 0 0 1 0 0 0
85 2 0 0 0 0 0 0 0 0 1 1 0 0
93 2 1 1 0 0 0 0 0 0 1 1 0 0
96 5 1 1 1 0 0 0 0 0 0 0 0 0
fl=./string/../sysdeps/x86_64/multiarch/ifunc-memset.h
fn=memset
54 5 1 1 2 0 0 0 0 0 1 0 0 0
57 3 0 0 1 0 0 0 0 0 0 0 0 0
58 2 1 1 0 0 0 0 0 0 1 1 0 0
64 2 0 0 0 0 0 0 0 0 0 0 0 0
73 2 0 0 0 0 0 0 0 0 1 0 0 0
75 2 0 0 0 0 0 0 0 0 1 0 0 0
85 2 0 0 0 0 0 0 0 0 1 0 0 0
93 2 0 0 0 0 0 0 0 0 1 0 0 0
96 5 0 0 1 0 0 0 0 0 0 0 0 0
fl=./string/../sysdeps/x86_64/multiarch/ifunc-sse4_2.h
fn=strcspn
36 5 1 1 2 0 0 0 0 0 0 0 0 0
fn=strpbrk
36 5 0 0 2 1 0 0 0 0 0 0 0 0
fn=strspn
36 5 0 0 2 0 0 0 0 0 0 0 0 0
fl=./string/../sysdeps/x86_64/multiarch/ifunc-strcasecmp.h
fn=strcasecmp
36 4 0 0 0 0 0 0 0 0 1 1 0 0
37 2 1 1 2 0 0 0 0 0 0 0 0 0
38 3 1 1 1 0 0 0 0 0 1 0 0 0
41 2 0 0 0 0 0 0 0 0 0 0 0 0
42 2 0 0 0 0 0 0 0 0 1 1 0 0
45 3 0 0 0 0 0 0 0 0 1 0 0 0
48 5 0 0 0 0 0 0 0 0 1 0 0 0
fn=strcasecmp_l
36 4 0 0 0 0 0 0 0 0 1 1 0 0
37 2 0 0 2 0 0 0 0 0 0 0 0 0
38 3 1 1 1 0 0 0 0 0 1 0 0 0
41 2 0 0 0 0 0 0 0 0 0 0 0 0
42 2 0 0 0 0 0 0 0 0 1 1 0 0
45 3 0 0 0 0 0 0 0 0 1 0 0 0
48 5 1 1 0 0 0 0 0 0 1 0 0 0
fn=strncasecmp
36 4 0 0 0 0 0 0 0 0 1 1 0 0
37 2 1 1 2 0 0 0 0 0 0 0 0 0
38 3 1 1 1 0 0 0 0 0 1 0 0 0
41 2 0 0 0 0 0 0 0 0 0 0 0 0
42 2 0 0 0 0 0 0 0 0 1 1 0 0
45 3 0 0 0 0 0 0 0 0 1 0 0 0
48 5 0 0 0 0 0 0 0 0 1 0 0 0
fn=strncasecmp_l
36 4 0 0 0 0 0 0 0 0 1 1 0 0
37 2 0 0 2 0 0 0 0 0 0 0 0 0
38 3 1 1 1 0 0 0 0 0 1 0 0 0
41 2 0 0 0 0 0 0 0 0 0 0 0 0
42 2 0 0 0 0 0 0 0 0 1 0 0 0
45 3 0 0 0 0 0 0 0 0 1 0 0 0
48 5 1 1 0 0 0 0 0 0 1 0 0 0
fl=./string/../sysdeps/x86_64/multiarch/ifunc-strcpy.h
fn=stpcpy
38 4 0 0 2 0 0 0 0 0 0 0 0 0
39 3 1 1 1 0 0 0 0 0 1 0 0 0
42 2 0 0 0 0 0 0 0 0 0 0 0 0
43 2 0 0 0 0 0 0 0 0 1 1 0 0
46 3 0 0 0 0 0 0 0 0 1 0 0 0
49 3 0 0 0 0 0 0 0 0 1 1 0 0
fn=strcat
38 4 0 0 2 0 0 0 0 0 0 0 0 0
39 3 0 0 1 0 0 0 0 0 1 0 0 0
42 2 0 0 0 0 0 0 0 0 0 0 0 0
43 2 0 0 0 0 0 0 0 0 1 1 0 0
46 3 0 0 0 0 0 0 0 0 1 0 0 0
49 3 0 0 0 0 0 0 0 0 1 1 0 0
fn=strcpy
38 4 0 0 2 0 0 0 0 0 0 0 0 0
39 3 0 0 1 0 0 0 0 0 1 0 0 0
42 2 0 0 0 0 0 0 0 0 0 0 0 0
43 2 0 0 0 0 0 0 0 0 1 1 0 0
46 3 0 0 0 0 0 0 0 0 1 0 0 0
49 3 0 0 0 0 0 0 0 0 1 1 0 0
fl=./string/../sysdeps/x86_64/multiarch/ifunc-strncpy.h
fn=stpncpy
35 5 0 0 2 0 0 0 0 0 1 0 0 0
36 3 0 0 1 0 0 0 0 0 1 0 0 0
39 2 0 0 0 0 0 0 0 0 0 0 0 0
40 2 0 0 0 0 0 0 0 0 1 1 0 0
43 3 0 0 0 0 0 0 0 0 1 1 0 0
46 4 0 0 0 0 0 0 0 0 0 0 0 0
fn=strncpy
35 5 1 1 2 0 0 0 0 0 1 0 0 0
36 3 0 0 1 0 0 0 0 0 1 0 0 0
39 2 0 0 0 0 0 0 0 0 0 0 0 0
40 2 0 0 0 0 0 0 0 0 1 1 0 0
43 3 0 0 0 0 0 0 0 0 1 0 0 0
46 4 0 0 0 0 0 0 0 0 0 0 0 0
fl=./string/../sysdeps/x86_64/multiarch/memchr-avx2.S
fn=__memchr_avx2
61 1908 1 1 0 0 0 0 0 0 0 0 0 0
68 1908 0 0 0 0 0 0 0 0 0 0 0 0
70 1908 0 0 0 0 0 0 0 0 1908 0 0 0
73 1908 0 0 0 0 0 0 0 0 0 0 0 0
74 1908 0 0 0 0 0 0 0 0 0 0 0 0
76 1908 0 0 0 0 0 0 0 0 0 0 0 0
77 1908 0 0 0 0 0 0 0 0 0 0 0 0
78 1908 0 0 0 0 0 0 0 0 0 0 0 0
79 1908 0 0 0 0 0 0 0 0 1908 0 0 0
82 1908 0 0 1908 0 0 0 0 0 0 0 0 0
83 1908 0 0 0 0 0 0 0 0 0 0 0 0
86 1908 0 0 0 0 0 0 0 0 0 0 0 0
87 1908 0 0 0 0 0 0 0 0 1908 3 0 0
101 1908 1 1 0 0 0 0 0 0 0 0 0 0
106 1908 0 0 0 0 0 0 0 0 0 0 0 0
113 1908 0 0 0 0 0 0 0 0 0 0 0 0
114 1908 0 0 0 0 0 0 0 0 1908 0 0 0
115 1908 0 0 0 0 0 0 0 0 0 0 0 0
116 1908 0 0 1908 0 0 0 0 0 0 0 0 0
fl=./string/../sysdeps/x86_64/multiarch/memchr.c
fn=memchr
29 4 2 1 2 0 0 0 0 0 0 0 0 0
fl=./string/../sysdeps/x86_64/multiarch/memcmp-avx2-movbe.S
fn=__memcmp_avx2_movbe
73 25049 1 1 0 0 0 0 0 0 0 0 0 0
80 25049 0 0 0 0 0 0 0 0 0 0 0 0
81 25049 0 0 0 0 0 0 0 0 25049 24 0 0
84 1 0 0 1 0 0 0 0 0 0 0 0 0
85 1 0 0 1 0 0 0 0 0 0 0 0 0
86 1 0 0 0 0 0 0 0 0 0 0 0 0
90 1 0 0 0 0 0 0 0 0 0 0 0 0
91 1 1 1 0 0 0 0 0 0 1 1 0 0
93 1 0 0 0 0 0 0 0 0 0 0 0 0
94 1 0 0 0 0 0 0 0 0 1 0 0 0
97 1 0 0 1 0 0 0 0 0 0 0 0 0
98 1 0 0 1 0 0 0 0 0 0 0 0 0
99 1 0 0 0 0 0 0 0 0 0 0 0 0
102 1 0 0 0 0 0 0 0 0 0 0 0 0
103 1 0 0 0 0 0 0 0 0 1 0 0 0
106 1 0 0 0 0 0 0 0 0 0 0 0 0
107 1 0 0 0 0 0 0 0 0 1 0 0 0
110 1 0 0 1 0 0 0 0 0 0 0 0 0
111 1 0 0 1 0 0 0 0 0 0 0 0 0
112 1 0 0 0 0 0 0 0 0 0 0 0 0
113 1 0 0 0 0 0 0 0 0 0 0 0 0
114 1 1 1 0 0 0 0 0 0 1 0 0 0
115 1 0 0 1 0 0 0 0 0 0 0 0 0
116 1 0 0 1 0 0 0 0 0 0 0 0 0
117 1 0 0 0 0 0 0 0 0 0 0 0 0
118 1 0 0 0 0 0 0 0 0 0 0 0 0
119 1 0 0 0 0 0 0 0 0 1 0 0 0
122 1 0 0 0 0 0 0 0 0 0 0 0 0
123 1 0 0 0 0 0 0 0 0 1 0 0 0
129 1 0 0 1 0 0 0 0 0 0 0 0 0
130 1 0 0 1 0 0 0 0 0 0 0 0 0
131 1 0 0 0 0 0 0 0 0 0 0 0 0
132 1 0 0 0 0 0 0 0 0 0 0 0 0
136 1 1 1 1 0 0 0 0 0 0 0 0 0
137 1 0 0 1 0 0 0 0 0 0 0 0 0
139 1 0 0 1 0 0 0 0 0 0 0 0 0
140 1 0 0 1 0 0 0 0 0 0 0 0 0
141 1 0 0 1 0 0 0 0 0 0 0 0 0
142 1 0 0 1 0 0 0 0 0 0 0 0 0
145 1 0 0 0 0 0 0 0 0 0 0 0 0
146 1 0 0 0 0 0 0 0 0 0 0 0 0
147 1 0 0 0 0 0 0 0 0 0 0 0 0
148 1 0 0 0 0 0 0 0 0 0 0 0 0
149 1 0 0 0 0 0 0 0 0 0 0 0 0
150 1 0 0 0 0 0 0 0 0 1 0 0 0
152 2 0 0 1 0 0 0 0 0 0 0 0 0
156 11291 816 1 0 0 0 0 0 0 0 0 0 0
166 11291 0 0 11291 0 0 0 0 0 0 0 0 0
167 11291 0 0 11291 0 0 0 0 0 0 0 0 0
168 11291 0 0 0 0 0 0 0 0 0 0 0 0
171 22582 0 0 11291 0 0 0 0 0 0 0 0 0
401 25048 1 1 0 0 0 0 0 0 0 0 0 0
402 25048 0 0 0 0 0 0 0 0 25048 4 0 0
407 21602 0 0 0 0 0 0 0 0 0 0 0 0
408 21602 0 0 0 0 0 0 0 0 0 0 0 0
409 21602 0 0 0 0 0 0 0 0 0 0 0 0
410 21602 0 0 0 0 0 0 0 0 0 0 0 0
411 21602 0 0 0 0 0 0 0 0 21602 1021 0 0
414 20651 0 0 20651 0 0 0 0 0 0 0 0 0
415 20651 0 0 20651 372 0 0 0 0 0 0 0 0
416 20651 0 0 0 0 0 0 0 0 0 0 0 0
417 20651 0 0 0 0 0 0 0 0 0 0 0 0
420 20651 0 0 0 0 0 0 0 0 0 0 0 0
421 20651 0 0 0 0 0 0 0 0 20651 8227 0 0
422 9360 0 0 0 0 0 0 0 0 0 0 0 0
423 18720 0 0 9360 0 0 0 0 0 0 0 0 0
429 951 1 1 0 0 0 0 0 0 0 0 0 0
430 951 0 0 0 0 0 0 0 0 951 0 0 0
432 951 0 0 0 0 0 0 0 0 0 0 0 0
433 951 0 0 0 0 0 0 0 0 951 460 0 0
435 547 0 0 0 0 0 0 0 0 0 0 0 0
436 547 0 0 0 0 0 0 0 0 547 158 0 0
438 415 0 0 415 3 0 0 0 0 0 0 0 0
439 415 0 0 415 0 0 0 0 0 0 0 0 0
440 415 0 0 0 0 0 0 0 0 0 0 0 0
441 415 0 0 0 0 0 0 0 0 0 0 0 0
442 415 0 0 415 0 0 0 0 0 0 0 0 0
443 415 0 0 415 0 0 0 0 0 0 0 0 0
444 415 0 0 0 0 0 0 0 0 0 0 0 0
445 415 0 0 0 0 0 0 0 0 0 0 0 0
446 415 0 0 0 0 0 0 0 0 0 0 0 0
448 415 0 0 0 0 0 0 0 0 415 27 0 0
450 388 0 0 388 0 0 0 0 0 0 0 0 0
454 3446 1 1 0 0 0 0 0 0 3446 0 0 0
455 3446 0 0 3446 0 0 0 0 0 0 0 0 0
456 3446 0 0 3446 0 0 0 0 0 0 0 0 0
457 3446 0 0 0 0 0 0 0 0 0 0 0 0
459 3446 0 0 3446 0 0 0 0 0 0 0 0 0
463 27 0 0 0 0 0 0 0 0 0 0 0 0
464 27 0 0 0 0 0 0 0 0 0 0 0 0
466 27 0 0 27 0 0 0 0 0 0 0 0 0
476 404 0 0 404 13 0 0 0 0 0 0 0 0
477 404 0 0 404 0 0 0 0 0 0 0 0 0
478 404 0 0 0 0 0 0 0 0 0 0 0 0
479 404 0 0 0 0 0 0 0 0 404 0 0 0
480 404 0 0 404 0 0 0 0 0 0 0 0 0
481 404 0 0 404 0 0 0 0 0 0 0 0 0
482 404 0 0 0 0 0 0 0 0 0 0 0 0
484 404 6 1 0 0 0 0 0 0 404 2 0 0
486 404 0 0 404 0 0 0 0 0 0 0 0 0
553 132 1 1 132 8 0 0 0 0 0 0 0 0
554 132 0 0 132 0 0 0 0 0 0 0 0 0
555 132 0 0 0 0 0 0 0 0 0 0 0 0
556 132 0 0 0 0 0 0 0 0 0 0 0 0
557 132 0 0 0 0 0 0 0 0 0 0 0 0
558 132 0 0 0 0 0 0 0 0 0 0 0 0
559 132 0 0 132 0 0 0 0 0 0 0 0 0
560 132 0 0 132 0 0 0 0 0 0 0 0 0
561 132 0 0 0 0 0 0 0 0 0 0 0 0
562 132 0 0 0 0 0 0 0 0 0 0 0 0
564 132 0 0 0 0 0 0 0 0 0 0 0 0
566 132 0 0 132 0 0 0 0 0 0 0 0 0
fl=./string/../sysdeps/x86_64/multiarch/memcmp.c
fn=bcmp
29 12 2 1 3 0 0 0 0 0 0 0 0 0
fl=./string/../sysdeps/x86_64/multiarch/memcmpeq.c
fn=memcpy@@GLIBC_2.14
29 2 2 1 0 0 0 0 0 0 0 0 0 0
fl=./string/../sysdeps/x86_64/multiarch/memmove-vec-unaligned-erms.S
fn=???
251 1656 0 0 0 0 0 0 0 0 0 0 0 0
fn=__memcpy_avx_unaligned_erms
255 47972 1 1 0 0 0 0 0 0 0 0 0 0
256 47972 0 0 0 0 0 0 0 0 0 0 0 0
262 1251161 0 0 0 0 0 0 0 0 0 0 0 0
263 1251161 0 0 0 0 0 0 0 0 1251161 2237 0 0
265 668 0 0 668 0 0 0 0 0 0 0 0 0
266 668 0 0 0 0 0 0 0 0 0 0 0 0
267 668 0 0 0 0 0 0 0 0 668 65 0 0
270 612 0 0 612 0 0 0 0 0 0 0 0 0
271 612 0 0 0 0 0 612 88 0 0 0 0 0
272 612 0 0 0 0 0 612 9 0 0 0 0 0
275 1224 0 0 612 0 0 0 0 0 0 0 0 0
305 1250493 0 0 0 0 0 0 0 0 0 0 0 0
306 1250493 0 0 0 0 0 0 0 0 1250493 890 0 0
308 1245129 0 0 0 0 0 0 0 0 0 0 0 0
309 1245129 0 0 0 0 0 0 0 0 1245129 285080 0 0
311 963208 0 0 0 0 0 0 0 0 0 0 0 0
315 963208 0 0 0 0 0 0 0 0 963208 18337 0 0
316 936039 0 0 0 0 0 0 0 0 0 0 0 0
317 936039 0 0 0 0 0 0 0 0 936039 0 0 0
318 936039 0 0 936039 309 0 0 0 0 0 0 0 0
319 936039 0 0 0 0 0 0 0 0 936039 411944 0 0
320 375452 0 0 375452 0 0 0 0 0 0 0 0 0
321 375452 0 0 0 0 0 375452 2401 67 0 0 0 0
323 936039 0 0 0 0 0 936039 1915 20 0 0 0 0
325 936039 0 0 936039 0 0 0 0 0 0 0 0 0
331 27169 0 0 27169 1652 0 0 0 0 0 0 0 0
332 27169 0 0 27169 0 0 0 0 0 0 0 0 0
333 27169 0 0 0 0 0 27169 854 230 0 0 0 0
334 27169 0 0 0 0 0 27169 0 0 0 0 0 0
335 27169 0 0 27169 0 0 0 0 0 0 0 0 0
342 5364 1 1 5364 120 0 0 0 0 0 0 0 0
343 5364 0 0 5364 0 0 0 0 0 0 0 0 0
344 5364 0 0 0 0 0 5364 0 0 0 0 0 0
345 5364 0 0 0 0 0 5364 40 0 0 0 0 0
347 5364 0 0 5364 0 0 0 0 0 0 0 0 0
364 281921 24 1 281921 1421 1 0 0 0 0 0 0 0
365 281921 0 0 281921 0 0 0 0 0 0 0 0 0
366 281921 0 0 0 0 0 281921 5692 189 0 0 0 0
367 281921 0 0 0 0 0 281921 671 32 0 0 0 0
368 281921 0 0 281921 0 0 0 0 0 0 0 0 0
375 56 0 0 56 0 0 0 0 0 0 0 0 0
376 56 0 0 56 0 0 0 0 0 0 0 0 0
377 56 0 0 0 0 0 56 0 0 0 0 0 0
378 56 0 0 0 0 0 56 11 0 0 0 0 0
379 56 0 0 0 0 0 56 11 0 0 0 0 0
380 56 0 0 0 0 0 56 0 0 0 0 0 0
381 112 0 0 56 0 0 0 0 0 0 0 0 0
386 56 42 1 56 49 0 0 0 0 0 0 0 0
387 56 0 0 0 0 0 0 0 0 56 0 0 0
392 56 0 0 0 0 0 0 0 0 0 0 0 0
393 56 0 0 0 0 0 0 0 0 56 0 0 0
395 56 0 0 56 0 0 0 0 0 0 0 0 0
396 56 0 0 0 0 0 0 0 0 0 0 0 0
397 56 0 0 0 0 0 0 0 0 56 2 0 0
fn=__memcpy_chk_avx_unaligned_erms
249 414 0 0 0 0 0 0 0 0 0 0 0 0
250 414 0 0 0 0 0 0 0 0 0 0 0 0
251 414 0 0 0 0 0 0 0 0 414 58 0 0
fn=__mempcpy_avx_unaligned_erms
242 1203189 1 1 0 0 0 0 0 0 0 0 0 0
243 1203189 0 0 0 0 0 0 0 0 0 0 0 0
244 1203189 0 0 0 0 0 0 0 0 0 0 0 0
245 1203189 0 0 0 0 0 0 0 0 0 0 0 0
fn=memcpy
210 33 2 1 0 0 0 0 0 0 0 0 0 0
211 33 0 0 0 0 0 0 0 0 0 0 0 0
217 60 0 0 0 0 0 0 0 0 0 0 0 0
218 60 0 0 0 0 0 0 0 0 60 23 0 0
220 32 0 0 32 2 1 0 0 0 0 0 0 0
221 32 0 0 0 0 0 0 0 0 0 0 0 0
222 32 0 0 0 0 0 0 0 0 32 20 0 0
224 15 0 0 15 0 0 0 0 0 0 0 0 0
225 15 0 0 0 0 0 15 3 3 0 0 0 0
226 15 0 0 0 0 0 15 2 2 0 0 0 0
228 15 0 0 15 0 0 0 0 0 0 0 0 0
308 28 1 1 0 0 0 0 0 0 0 0 0 0
309 28 0 0 0 0 0 0 0 0 28 15 0 0
311 7 0 0 0 0 0 0 0 0 0 0 0 0
315 7 0 0 0 0 0 0 0 0 7 0 0 0
316 7 0 0 0 0 0 0 0 0 0 0 0 0
317 7 0 0 0 0 0 0 0 0 7 5 0 0
318 1 0 0 1 1 1 0 0 0 0 0 0 0
319 1 0 0 0 0 0 0 0 0 1 1 0 0
323 1 0 0 0 0 0 1 1 1 0 0 0 0
325 7 0 0 7 0 0 0 0 0 0 0 0 0
364 21 1 1 21 0 0 0 0 0 0 0 0 0
365 21 0 0 21 0 0 0 0 0 0 0 0 0
366 21 0 0 0 0 0 21 7 7 0 0 0 0
367 21 0 0 0 0 0 21 1 1 0 0 0 0
368 21 0 0 21 0 0 0 0 0 0 0 0 0
375 15 0 0 15 0 0 0 0 0 0 0 0 0
376 15 0 0 15 0 0 0 0 0 0 0 0 0
377 15 0 0 0 0 0 15 4 4 0 0 0 0
378 15 0 0 0 0 0 15 2 2 0 0 0 0
379 15 0 0 0 0 0 15 5 5 0 0 0 0
380 15 0 0 0 0 0 15 0 0 0 0 0 0
381 15 0 0 15 0 0 0 0 0 0 0 0 0
392 17 1 0 0 0 0 0 0 0 0 0 0 0
393 17 0 0 0 0 0 0 0 0 17 2 0 0
395 15 0 0 15 0 0 0 0 0 0 0 0 0
396 15 2 1 0 0 0 0 0 0 0 0 0 0
397 15 0 0 0 0 0 0 0 0 15 10 0 0
417 2 1 1 0 0 0 0 0 0 0 0 0 0
418 2 0 0 0 0 0 0 0 0 0 0 0 0
422 2 0 0 0 0 0 0 0 0 0 0 0 0
424 2 0 0 0 0 0 0 0 0 2 0 0 0
440 2 0 0 0 0 0 0 0 0 0 0 0 0
443 2 0 0 0 0 0 0 0 0 0 0 0 0
445 2 0 0 0 0 0 0 0 0 0 0 0 0
447 2 0 0 0 0 0 0 0 0 0 0 0 0
451 2 0 0 0 0 0 0 0 0 0 0 0 0
452 2 0 0 0 0 0 0 0 0 2 0 0 0
461 2 0 0 2 2 2 0 0 0 0 0 0 0
462 2 0 0 2 1 1 0 0 0 0 0 0 0
464 2 0 0 0 0 0 0 0 0 0 0 0 0
466 2 0 0 0 0 0 0 0 0 0 0 0 0
467 2 0 0 2 0 0 0 0 0 0 0 0 0
468 2 1 1 2 1 1 0 0 0 0 0 0 0
471 2 0 0 0 0 0 0 0 0 0 0 0 0
473 2 0 0 0 0 0 0 0 0 0 0 0 0
475 2 0 0 0 0 0 0 0 0 0 0 0 0
477 2 0 0 0 0 0 0 0 0 0 0 0 0
483 7 0 0 7 0 0 0 0 0 0 0 0 0
484 7 0 0 7 2 2 0 0 0 0 0 0 0
485 7 0 0 7 0 0 0 0 0 0 0 0 0
486 7 0 0 7 2 2 0 0 0 0 0 0 0
487 7 0 0 0 0 0 0 0 0 0 0 0 0
488 7 0 0 0 0 0 7 1 1 0 0 0 0
489 7 0 0 0 0 0 7 4 4 0 0 0 0
490 7 0 0 0 0 0 7 0 0 0 0 0 0
491 7 0 0 0 0 0 7 3 3 0 0 0 0
492 7 0 0 0 0 0 0 0 0 0 0 0 0
493 7 0 0 0 0 0 0 0 0 0 0 0 0
494 7 0 0 0 0 0 0 0 0 7 5 0 0
496 2 1 1 0 0 0 2 1 1 0 0 0 0
497 2 0 0 0 0 0 2 0 0 0 0 0 0
498 2 0 0 0 0 0 2 0 0 0 0 0 0
499 2 0 0 0 0 0 2 0 0 0 0 0 0
501 2 0 0 0 0 0 2 0 0 0 0 0 0
505 2 0 0 2 0 0 0 0 0 0 0 0 0
fn=mempcpy
197 27 0 0 0 0 0 0 0 0 0 0 0 0
198 27 0 0 0 0 0 0 0 0 0 0 0 0
199 27 0 0 0 0 0 0 0 0 0 0 0 0
200 27 0 0 0 0 0 0 0 0 0 0 0 0
fl=./string/../sysdeps/x86_64/multiarch/memmove.c
fn=memmove
29 1 1 1 0 0 0 0 0 0 0 0 0 0
fl=./string/../sysdeps/x86_64/multiarch/mempcpy.c
fn=mempcpy
33 1 1 1 0 0 0 0 0 0 0 0 0 0
fl=./string/../sysdeps/x86_64/multiarch/memrchr.c
fn=memrchr
29 3 1 1 1 0 0 0 0 0 0 0 0 0
fl=./string/../sysdeps/x86_64/multiarch/memset.c
fn=memset
29 1 1 1 0 0 0 0 0 0 0 0 0 0
fl=./string/../sysdeps/x86_64/multiarch/stpcpy.c
fn=stpcpy
33 3 1 1 1 0 0 0 0 0 0 0 0 0
fl=./string/../sysdeps/x86_64/multiarch/stpncpy.c
fn=stpncpy
31 3 2 2 1 0 0 0 0 0 0 0 0 0
fl=./string/../sysdeps/x86_64/multiarch/strcasecmp.c
fn=strcasecmp
31 3 0 0 1 0 0 0 0 0 0 0 0 0
fl=./string/../sysdeps/x86_64/multiarch/strcasecmp_l.c
fn=strcasecmp_l
31 3 1 1 1 0 0 0 0 0 0 0 0 0
fl=./string/../sysdeps/x86_64/multiarch/strcat.c
fn=strcat
29 3 1 1 1 0 0 0 0 0 0 0 0 0
fl=./string/../sysdeps/x86_64/multiarch/strchr-avx2.S
fn=__strchrnul_avx2
53 3816 1 1 0 0 0 0 0 0 0 0 0 0
55 3816 0 0 0 0 0 0 0 0 0 0 0 0
56 3816 0 0 0 0 0 0 0 0 0 0 0 0
57 3816 0 0 0 0 0 0 0 0 0 0 0 0
58 3816 0 0 0 0 0 0 0 0 0 0 0 0
59 3816 0 0 0 0 0 0 0 0 0 0 0 0
62 3816 0 0 0 0 0 0 0 0 0 0 0 0
63 3816 3 1 0 0 0 0 0 0 3816 3 0 0
67 3816 0 0 3816 0 0 0 0 0 0 0 0 0
68 3816 0 0 0 0 0 0 0 0 0 0 0 0
69 3816 0 0 0 0 0 0 0 0 0 0 0 0
70 3816 0 0 0 0 0 0 0 0 0 0 0 0
71 3816 0 0 0 0 0 0 0 0 0 0 0 0
72 3816 0 0 0 0 0 0 0 0 0 0 0 0
73 3816 0 0 0 0 0 0 0 0 3816 3 0 0
74 3816 0 0 0 0 0 0 0 0 0 0 0 0
87 3816 0 0 0 0 0 0 0 0 0 0 0 0
89 7632 0 0 3816 0 0 0 0 0 0 0 0 0
fl=./string/../sysdeps/x86_64/multiarch/strchr.c
fn=index
42 4 0 0 0 0 0 0 0 0 0 0 0 0
43 2 1 1 2 0 0 0 0 0 0 0 0 0
44 3 0 0 1 0 0 0 0 0 1 0 0 0
47 2 0 0 0 0 0 0 0 0 0 0 0 0
48 2 0 0 0 0 0 0 0 0 1 0 0 0
51 3 0 0 0 0 0 0 0 0 1 0 0 0
54 3 0 0 0 0 0 0 0 0 1 0 0 0
65 3 2 2 1 0 0 0 0 0 0 0 0 0
fl=./string/../sysdeps/x86_64/multiarch/strchrnul.c
fn=strchrnul
31 3 0 0 1 0 0 0 0 0 0 0 0 0
fl=./string/../sysdeps/x86_64/multiarch/strcmp-avx2.S
fn=__strncmp_avx2
206 15 1 1 0 0 0 0 0 0 0 0 0 0
230 15 0 0 0 0 0 0 0 0 0 0 0 0
235 15 0 0 0 0 0 0 0 0 15 0 0 0
249 15 0 0 0 0 0 0 0 0 0 0 0 0
274 15 0 0 0 0 0 0 0 0 0 0 0 0
275 15 0 0 0 0 0 0 0 0 0 0 0 0
276 15 0 0 0 0 0 0 0 0 0 0 0 0
278 15 0 0 0 0 0 0 0 0 0 0 0 0
279 15 1 1 0 0 0 0 0 0 15 2 0 0
283 15 0 0 15 0 0 0 0 0 0 0 0 0
287 15 0 0 15 6 0 0 0 0 0 0 0 0
289 15 0 0 0 0 0 0 0 0 0 0 0 0
291 15 0 0 0 0 0 0 0 0 0 0 0 0
294 15 0 0 0 0 0 0 0 0 0 0 0 0
296 15 0 0 0 0 0 0 0 0 0 0 0 0
297 15 0 0 0 0 0 0 0 0 15 5 0 0
308 15 0 0 0 0 0 0 0 0 0 0 0 0
318 15 0 0 15 0 0 0 0 0 0 0 0 0
319 15 0 0 15 0 0 0 0 0 0 0 0 0
322 15 0 0 0 0 0 0 0 0 0 0 0 0
326 30 0 0 15 0 0 0 0 0 0 0 0 0
331 15 0 0 0 0 0 0 0 0 0 0 0 0
332 15 0 0 0 0 0 0 0 0 0 0 0 0
333 15 0 0 0 0 0 0 0 0 15 5 0 0
fl=./string/../sysdeps/x86_64/multiarch/strcmp.c
fn=strcmp
47 4 0 0 0 0 0 0 0 0 0 0 0 0
48 2 0 0 2 0 0 0 0 0 0 0 0 0
49 3 1 1 1 0 0 0 0 0 1 0 0 0
52 2 0 0 0 0 0 0 0 0 0 0 0 0
53 2 1 1 0 0 0 0 0 0 1 1 0 0
56 3 0 0 0 0 0 0 0 0 1 0 0 0
59 3 0 0 0 0 0 0 0 0 1 0 0 0
79 3 1 1 1 0 0 0 0 0 0 0 0 0
fl=./string/../sysdeps/x86_64/multiarch/strcpy.c
fn=strcpy
29 3 1 1 1 0 0 0 0 0 0 0 0 0
fl=./string/../sysdeps/x86_64/multiarch/strcspn.c
fn=strcspn
29 2 1 1 1 0 0 0 0 0 0 0 0 0
fl=./string/../sysdeps/x86_64/multiarch/strlen-avx2.S
fn=__strlen_avx2
52 652140 1 1 0 0 0 0 0 0 0 0 0 0
65 652140 0 0 0 0 0 0 0 0 0 0 0 0
66 652140 0 0 0 0 0 0 0 0 0 0 0 0
67 652140 0 0 0 0 0 0 0 0 0 0 0 0
70 652140 0 0 0 0 0 0 0 0 0 0 0 0
72 652140 0 0 0 0 0 0 0 0 0 0 0 0
73 652140 0 0 0 0 0 0 0 0 652140 620 0 0
76 652140 0 0 652140 2213 17 0 0 0 0 0 0 0
77 652140 0 0 0 0 0 0 0 0 0 0 0 0
85 652140 0 0 0 0 0 0 0 0 0 0 0 0
86 652140 0 0 0 0 0 0 0 0 652140 2 0 0
87 652140 0 0 0 0 0 0 0 0 0 0 0 0
92 1304280 0 0 652140 0 0 0 0 0 0 0 0 0
fl=./string/../sysdeps/x86_64/multiarch/strlen.c
fn=strlen
29 9 1 1 3 0 0 0 0 0 0 0 0 0
fl=./string/../sysdeps/x86_64/multiarch/strncase.c
fn=strncasecmp
31 3 0 0 1 0 0 0 0 0 0 0 0 0
fl=./string/../sysdeps/x86_64/multiarch/strncase_l.c
fn=strncasecmp_l
31 3 1 1 1 0 0 0 0 0 0 0 0 0
fl=./string/../sysdeps/x86_64/multiarch/strncmp.c
fn=strncmp
43 4 0 0 0 0 0 0 0 0 1 1 0 0
44 2 0 0 2 0 0 0 0 0 0 0 0 0
45 3 1 1 1 0 0 0 0 0 1 0 0 0
48 2 0 0 0 0 0 0 0 0 0 0 0 0
49 2 0 0 0 0 0 0 0 0 1 1 0 0
52 3 0 0 0 0 0 0 0 0 1 0 0 0
55 5 1 1 0 0 0 0 0 0 1 0 0 0
67 3 1 1 1 0 0 0 0 0 0 0 0 0
fl=./string/../sysdeps/x86_64/multiarch/strncpy.c
fn=strncpy
29 3 1 1 1 0 0 0 0 0 0 0 0 0
fl=./string/../sysdeps/x86_64/multiarch/strnlen.c
fn=strnlen
31 6 1 1 2 0 0 0 0 0 0 0 0 0
fl=./string/../sysdeps/x86_64/multiarch/strpbrk.c
fn=strpbrk
29 2 1 1 1 0 0 0 0 0 0 0 0 0
fl=./string/../sysdeps/x86_64/multiarch/strrchr-avx2.S
fn=__strrchr_avx2
53 1 1 1 0 0 0 0 0 0 0 0 0 0
54 1 0 0 0 0 0 0 0 0 0 0 0 0
55 1 0 0 0 0 0 0 0 0 0 0 0 0
57 1 0 0 0 0 0 0 0 0 0 0 0 0
58 1 1 1 0 0 0 0 0 0 0 0 0 0
62 1 0 0 0 0 0 0 0 0 0 0 0 0
63 1 0 0 0 0 0 0 0 0 0 0 0 0
64 1 0 0 0 0 0 0 0 0 1 0 0 0
67 1 0 0 1 1 0 0 0 0 0 0 0 0
69 1 0 0 0 0 0 0 0 0 0 0 0 0
70 1 0 0 0 0 0 0 0 0 0 0 0 0
71 1 0 0 0 0 0 0 0 0 0 0 0 0
72 1 0 0 0 0 0 0 0 0 1 1 0 0
97 1 1 1 0 0 0 0 0 0 0 0 0 0
98 1 0 0 0 0 0 0 0 0 0 0 0 0
99 1 0 0 0 0 0 0 0 0 0 0 0 0
100 1 0 0 0 0 0 0 0 0 0 0 0 0
101 1 0 0 0 0 0 0 0 0 1 1 0 0
127 1 0 0 0 0 0 0 0 0 0 0 0 0
128 1 0 0 0 0 0 0 0 0 0 0 0 0
132 2 0 0 1 0 0 0 0 0 0 0 0 0
156 1 1 1 0 0 0 0 0 0 0 0 0 0
159 1 0 0 0 0 0 0 0 0 0 0 0 0
160 1 0 0 1 0 0 0 0 0 0 0 0 0
161 1 0 0 0 0 0 0 0 0 0 0 0 0
162 1 1 1 0 0 0 0 0 0 0 0 0 0
163 1 0 0 0 0 0 0 0 0 0 0 0 0
164 1 0 0 0 0 0 0 0 0 1 1 0 0
fl=./string/../sysdeps/x86_64/multiarch/strrchr.c
fn=rindex
28 3 0 0 1 0 0 0 0 0 0 0 0 0
fl=./string/../sysdeps/x86_64/multiarch/strspn.c
fn=strspn
29 2 1 1 1 0 0 0 0 0 0 0 0 0
fl=./string/./string/strdup.c
fn=strdup
40 36 1 1 0 0 0 18 0 0 0 0 0 0
41 12 0 0 0 0 0 6 0 0 0 0 0 0
44 12 1 1 0 0 0 0 0 0 6 0 0 0
47 24 0 0 0 0 0 0 0 0 0 0 0 0
48 18 0 0 18 0 0 0 0 0 0 0 0 0
fl=./termios/../sysdeps/unix/sysv/linux/tcgetattr.c
fn=tcgetattr
34 8 1 1 1 0 0 2 0 0 0 0 0 0
38 11 3 3 1 0 0 1 0 0 1 1 0 0
77 6 0 0 4 0 0 0 0 0 1 0 0 0
fl=./time/../sysdeps/unix/sysv/linux/clock_gettime.c
fn=clock_gettime@@GLIBC_2.17
30 3996 1 1 0 0 0 0 0 0 0 0 0 0
38 7992 0 0 7992 285 0 0 0 0 0 0 0 0
40 7992 0 0 0 0 0 0 0 0 3996 8 0 0
44 7992 0 0 3996 0 0 0 0 0 0 0 0 0
68 7992 0 0 0 0 0 0 0 0 0 0 0 0
69 7992 1 1 0 0 0 0 0 0 3996 0 0 0
fl=./wcsmbs/../sysdeps/x86_64/multiarch/ifunc-avx2.h
fn=wcschr
38 8 1 1 0 0 0 0 0 0 2 2 0 0
40 6 0 0 4 0 0 0 0 0 0 0 0 0
41 4 0 0 2 0 0 0 0 0 2 0 0 0
42 6 0 0 2 0 0 0 0 0 2 0 0 0
45 4 0 0 0 0 0 0 0 0 0 0 0 0
46 4 0 0 0 0 0 0 0 0 2 2 0 0
49 6 0 0 0 0 0 0 0 0 2 0 0 0
52 12 1 1 0 0 0 0 0 0 0 0 0 0
fn=wcscmp
38 4 0 0 0 0 0 0 0 0 1 1 0 0
40 3 0 0 2 0 0 0 0 0 0 0 0 0
41 2 1 1 1 0 0 0 0 0 1 0 0 0
42 3 0 0 1 0 0 0 0 0 1 0 0 0
45 2 0 0 0 0 0 0 0 0 0 0 0 0
46 2 0 0 0 0 0 0 0 0 1 1 0 0
49 3 0 0 0 0 0 0 0 0 1 0 0 0
52 6 1 1 0 0 0 0 0 0 0 0 0 0
fl=./wcsmbs/../sysdeps/x86_64/multiarch/ifunc-evex.h
fn=wmemchr
37 8 0 0 0 0 0 0 0 0 2 2 0 0
38 6 1 1 4 0 0 0 0 0 0 0 0 0
39 6 0 0 2 0 0 0 0 0 2 0 0 0
42 4 0 0 0 0 0 0 0 0 0 0 0 0
43 4 1 1 0 0 0 0 0 0 2 2 0 0
45 4 0 0 0 0 0 0 0 0 0 0 0 0
51 6 0 0 0 0 0 0 0 0 2 0 0 0
54 8 0 0 0 0 0 0 0 0 0 0 0 0
fl=./wcsmbs/../sysdeps/x86_64/multiarch/ifunc-memcmp.h
fn=wmemcmp
34 5 1 1 2 0 0 0 0 0 1 0 0 0
35 2 0 0 1 0 0 0 0 0 1 0 0 0
36 2 0 0 0 0 0 0 0 0 1 0 0 0
37 3 0 0 1 0 0 0 0 0 1 0 0 0
40 2 0 0 0 0 0 0 0 0 0 0 0 0
41 2 0 0 0 0 0 0 0 0 1 1 0 0
44 3 0 0 0 0 0 0 0 0 1 0 0 0
47 4 0 0 0 0 0 0 0 0 0 0 0 0
fl=./wcsmbs/../sysdeps/x86_64/multiarch/ifunc-wcs.h
fn=wcpncpy
39 4 1 1 0 0 0 0 0 0 1 1 0 0
40 3 0 0 2 0 0 0 0 0 0 0 0 0
41 3 0 0 1 0 0 0 0 0 1 0 0 0
44 2 0 0 0 0 0 0 0 0 0 0 0 0
45 3 0 0 0 0 0 0 0 0 1 1 0 0
48 4 0 0 0 0 0 0 0 0 0 0 0 0
fn=wcscat
39 4 0 0 0 0 0 0 0 0 1 1 0 0
40 3 0 0 2 0 0 0 0 0 0 0 0 0
41 3 0 0 1 0 0 0 0 0 1 0 0 0
44 2 0 0 0 0 0 0 0 0 0 0 0 0
45 3 0 0 0 0 0 0 0 0 1 1 0 0
48 4 0 0 0 0 0 0 0 0 0 0 0 0
fn=wcsncpy
39 4 0 0 0 0 0 0 0 0 1 1 0 0
40 3 0 0 2 0 0 0 0 0 0 0 0 0
41 3 0 0 1 0 0 0 0 0 1 0 0 0
44 2 0 0 0 0 0 0 0 0 0 0 0 0
45 3 0 0 0 0 0 0 0 0 1 1 0 0
48 4 0 0 0 0 0 0 0 0 0 0 0 0
fl=./wcsmbs/../sysdeps/x86_64/multiarch/ifunc-wcslen.h
fn=wcslen
40 4 0 0 0 0 0 0 0 0 1 1 0 0
41 2 0 0 2 0 0 0 0 0 0 0 0 0
42 3 1 1 1 0 0 0 0 0 1 0 0 0
45 2 0 0 0 0 0 0 0 0 0 0 0 0
46 2 0 0 0 0 0 0 0 0 1 1 0 0
49 3 0 0 0 0 0 0 0 0 1 0 0 0
52 3 0 0 0 0 0 0 0 0 1 0 0 0
fn=wcsnlen
40 4 0 0 0 0 0 0 0 0 1 1 0 0
41 2 1 1 2 0 0 0 0 0 0 0 0 0
42 3 0 0 1 0 0 0 0 0 1 0 0 0
45 2 1 1 0 0 0 0 0 0 0 0 0 0
46 2 0 0 0 0 0 0 0 0 1 1 0 0
49 3 0 0 0 0 0 0 0 0 1 0 0 0
52 3 0 0 0 0 0 0 0 0 1 0 0 0
fl=./wcsmbs/../sysdeps/x86_64/multiarch/ifunc-wmemset.h
fn=wmemset
36 10 0 0 4 0 0 0 0 0 2 0 0 0
37 6 1 1 2 0 0 0 0 0 2 2 0 0
fl=./wcsmbs/../sysdeps/x86_64/multiarch/wcpcpy.c
fn=wcpncpy
31 1 1 1 0 0 0 0 0 0 0 0 0 0
fl=./wcsmbs/../sysdeps/x86_64/multiarch/wcpncpy.c
fn=wcpncpy
31 1 0 0 1 0 0 0 0 0 0 0 0 0
fl=./wcsmbs/../sysdeps/x86_64/multiarch/wcscat.c
fn=wcscat
31 2 1 1 1 0 0 0 0 0 0 0 0 0
fn=wcschr
31 2 1 1 0 0 0 0 0 0 0 0 0 0
fl=./wcsmbs/../sysdeps/x86_64/multiarch/wcschr.c
fn=wcschr
31 4 0 0 2 0 0 0 0 0 0 0 0 0
fl=./wcsmbs/../sysdeps/x86_64/multiarch/wcscmp.c
fn=wcscmp
30 3 1 1 1 0 0 0 0 0 0 0 0 0
fl=./wcsmbs/../sysdeps/x86_64/multiarch/wcscpy.c
fn=wcscpy
42 4 0 0 0 0 0 0 0 0 1 1 0 0
43 2 1 1 2 0 0 0 0 0 0 0 0 0
44 3 0 0 1 0 0 0 0 0 1 0 0 0
46 2 1 1 0 0 0 0 0 0 0 0 0 0
47 3 0 0 0 0 0 0 0 0 1 1 0 0
50 3 0 0 0 0 0 0 0 0 1 0 0 0
60 2 1 1 1 0 0 0 0 0 0 0 0 0
fl=./wcsmbs/../sysdeps/x86_64/multiarch/wcslen.c
fn=wcslen
29 3 2 2 1 0 0 0 0 0 0 0 0 0
fl=./wcsmbs/../sysdeps/x86_64/multiarch/wcsncpy.c
fn=wcsncpy
31 2 1 1 1 0 0 0 0 0 0 0 0 0
fl=./wcsmbs/../sysdeps/x86_64/multiarch/wcsnlen.c
fn=wcsnlen
30 3 1 1 1 0 0 0 0 0 0 0 0 0
fl=./wcsmbs/../sysdeps/x86_64/multiarch/wmemchr.c
fn=wmemchr
31 4 1 1 2 0 0 0 0 0 0 0 0 0
fl=./wcsmbs/../sysdeps/x86_64/multiarch/wmemcmp.c
fn=wmemcmp
29 4 1 1 1 0 0 0 0 0 0 0 0 0
fl=./wcsmbs/../sysdeps/x86_64/multiarch/wmemset.c
fn=wmemset
31 4 1 1 2 0 0 0 0 0 0 0 0 0
fl=./wcsmbs/./wcsmbs/btowc.c
fn=btowc
32 2560 1 1 256 0 0 1280 0 0 0 0 0 0
37 1792 1 1 0 0 0 0 0 0 256 0 0 0
42 512 0 0 0 0 0 0 0 0 256 6 0 0
46 384 0 0 384 1 0 0 0 0 0 0 0 0
47 256 1 1 256 2 0 0 0 0 0 0 0 0
48 256 0 0 128 1 0 0 0 0 128 2 0 0
52 512 0 0 128 0 0 0 0 0 128 0 0 0
55 1152 0 0 384 0 0 128 0 0 128 0 128 1
94 1792 1 1 1408 0 0 0 0 0 128 0 0 0
fl=./wcsmbs/./wcsmbs/wctob.c
fn=wctob
30 1280 1 1 128 0 0 640 0 0 0 0 0 0
39 384 0 0 0 0 0 0 0 0 128 0 0 0
44 256 0 0 0 0 0 0 0 0 128 0 0 0
45 128 0 0 0 0 0 0 0 0 0 0 0 0
79 1152 1 1 896 0 0 0 0 0 128 0 0 0
fl=./wcsmbs/./wcsmbsload.h
fn=btowc
69 128 0 0 128 1 0 0 0 0 0 0 0 0
70 384 0 0 128 1 0 0 0 0 128 0 0 0
fl=./wctype/./wctype/wctype_l.c
fn=wctype_l
26 110 1 1 0 0 0 60 0 0 0 0 0 0
29 20 1 1 0 0 0 10 0 0 0 0 0 0
32 30 0 0 20 1 0 10 0 0 0 0 0 0
33 68 0 0 0 0 0 0 0 0 0 0 0 0
35 174 0 0 0 0 0 58 0 0 0 0 0 0
37 410 1 1 0 0 0 49 0 0 107 12 0 0
40 48 0 0 0 0 0 0 0 0 0 0 0 0
41 96 0 0 48 0 0 0 0 0 48 0 0 0
45 20 0 0 20 1 0 0 0 0 0 0 0 0
46 10 0 0 10 2 0 0 0 0 0 0 0 0
47 80 0 0 70 0 0 0 0 0 0 0 0 0
fl=???
fn=(below main)
0 12 1 1 2 1 0 3 0 0 0 0 1 1
fn=???
0 55151398 5093 330 17523032 12425 10 4702929 235 13 2312612 339516 9659701 982206
fn=Compra::Compra(Compra const&)
0 155991 371 6 77517 847 0 19140 500 447 6699 154 0 0
fn=Compra::Compra(int, int, int, int const*, int const*, int)
0 65554 5 5 27838 0 0 10327 0 0 2694 83 0 0
fn=Compra::imprimir_consulta(int) const
0 4935 93 7 1260 55 0 714 0 0 147 24 0 0
fn=Compra::ordenar_por_id_produto()
0 94744 6 6 50515 0 0 6960 0 0 5837 907 0 0
fn=Compra::~Compra()
0 33744 2 0 14060 329 0 5624 0 0 2812 446 0 0
fn=ConjuntoIds::ConjuntoIds()
0 94017 2 2 25641 0 0 25641 0 0 0 0 0 0
fn=ConjuntoIds::ConjuntoIds(ConjuntoIds const&)
0 78624 1 1 22464 0 0 22464 0 0 0 0 0 0
fn=ConjuntoIds::ConjuntoIds(ConjuntoIds&&)
0 8456 0 0 2416 0 0 2416 0 0 0 0 0 0
fn=ConjuntoIds::append(int)
0 819210 0 0 175545 0 0 234060 0 0 0 0 0 0
fn=ConjuntoIds::complemento(ConjuntoIds const&, ConjuntoIds const&)
0 754215 26 5 194560 3 0 138070 0 0 69787 1290 0 0
fn=ConjuntoIds::conjunto_vazio()
0 5509 1 1 1497 126 0 503 0 0 500 4 0 0
fn=ConjuntoIds::inserir(int)
0 322845752 113 5 140639181 3213 0 21333635 13 0 59956721 109361 0 0
fn=ConjuntoIds::intersect(ConjuntoIds const&, ConjuntoIds const&)
0 2491515 859 6 754322 98 0 381077 0 0 218463 5724 0 0
fn=ConjuntoIds::intersect_multiplo(Vetor<ConjuntoIds> const&)
0 47716 5 5 10268 0 0 10268 0 0 2416 206 0 0
fn=ConjuntoIds::operator=(ConjuntoIds&&)
0 8456 0 0 3020 0 0 2416 0 0 0 0 0 0
fn=ConjuntoIds::operator[](int) const
0 5070912 2 1 1811040 45029 0 1448832 0 0 0 0 0 0
fn=ConjuntoIds::remover(int)
0 123418 2 2 44822 1866 0 28852 4 0 9505 1393 0 0
fn=ConjuntoIds::tamanho() const
0 3327640 2 1 998292 0 0 998292 1 0 0 0 0 0
fn=ConjuntoIds::uniao(ConjuntoIds const&, ConjuntoIds const&)
0 78555 241 8 21029 2 0 14095 0 0 6572 839 0 0
fn=ConjuntoIds::~ConjuntoIds()
0 162437 1 1 44301 0 0 44301 0 0 0 0 0 0
fn=ConsultaEvaluator::ConsultaEvaluator(Sistema const*)
0 9889 0 0 3596 0 0 3596 0 0 0 0 0 0
fn=ConsultaEvaluator::avaliar(std::__cxx11::basic_string<char, std::char_traits<char>, std::allocator<char> > const&, Vetor<std::__cxx11::basic_string<char, std::char_traits<char>, std::allocator<char> > > const&)
0 25467 80 3 9889 77 0 7192 0 0 1798 4 0 0
fn=ConsultaEvaluator::avaliar_and(std::__cxx11::basic_string<char, std::char_traits<char>, std::allocator<char> > const&, Vetor<std::__cxx11::basic_string<char, std::char_traits<char>, std::allocator<char> > > const&)
0 62816 72 5 12684 77 0 14496 0 0 2416 559 0 0
fn=ConsultaEvaluator::avaliar_expr(std::__cxx11::basic_string<char, std::char_traits<char>, std::allocator<char> > const&, Vetor<std::__cxx11::basic_string<char, std::char_traits<char>, std::allocator<char> > > const&)
0 13275 41 2 3835 0 0 3540 0 0 295 0 0 0
fn=ConsultaEvaluator::avaliar_rpn(std::__cxx11::basic_string<char, std::char_traits<char>, std::allocator<char> > const&, Vetor<TokenExpr> const&)
0 72446 767 16 16741 0 0 14820 0 0 4168 958 0 0
fn=ConsultaEvaluator::para_rpn(Vetor<TokenExpr> const&) const
0 54930 131 7 15483 0 0 10544 0 0 4350 980 0 0
fn=ConsultaEvaluator::resolver_filtro(std::__cxx11::basic_string<char, std::char_traits<char>, std::allocator<char> > const&, FiltroAtomico const&)
0 53760 137 2 24640 236 0 15680 0 0 2240 41 0 0
fn=ConsultaEvaluator::universo(std::__cxx11::basic_string<char, std::char_traits<char>, std::allocator<char> > const&) const
0 1702 45 1 740 0 0 444 0 0 74 2 0 0
fn=EntradaHashInt::EntradaHashInt(int)
0 90234 157 1 30078 0 0 30078 0 0 0 0 0 0
fn=EntradaHashInt::~EntradaHashInt()
0 60156 1 0 15039 0 0 15039 0 0 0 0 0 0
fn=EntradaHashString::EntradaHashString(std::__cxx11::basic_string<char, std::char_traits<char>, std::allocator<char> > const&)
0 10274 102 2 3269 0 0 3269 0 0 0 0 0 0
fn=EntradaHashString::~EntradaHashString()
0 7005 2 1 1868 0 0 1868 0 0 0 0 0 0
fn=FiltroAtomico::FiltroAtomico()
0 67773 1 1 17835 0 0 17835 3 0 0 0 0 0
fn=FiltroAtomico::FiltroAtomico(FiltroAtomico const&)
0 201450 3 3 71100 0 0 47400 465 1 0 0 0 0
fn=FiltroAtomico::operator=(FiltroAtomico&&)
0 33024 1 1 12384 0 0 7224 0 0 0 0 0 0
fn=FiltroAtomico::~FiltroAtomico()
0 180348 1 1 47460 0 0 47460 0 0 0 0 0 0
fn=HistoricoCompras::HistoricoCompras()
0 15 0 0 4 0 0 4 0 0 0 0 0 0
fn=HistoricoCompras::ao_cadastrar_produto(int)
0 4600 3 3 1100 0 0 1000 0 0 300 6 0 0
fn=HistoricoCompras::ao_cadastrar_usuario(int)
0 4300 4 3 1100 0 0 1000 0 0 300 12 0 0
fn=HistoricoCompras::imprimir_produtos_usuario(int) const
0 1742166 383 5 340616 4870 0 315768 0 0 58184 2276 0 0
fn=HistoricoCompras::imprimir_usuarios_produto(int) const
0 1571348 62 5 306840 4222 0 284450 0 0 52412 1912 0 0
fn=HistoricoCompras::inserir_ou_somar(Vetor<ParIdQtd>&, int, int)
0 493706 6 6 202818 1911 0 83237 0 0 55745 6014 0 0
fn=HistoricoCompras::registrar_compra(int, int const*, int const*, int)
0 74983 4 4 28287 0 0 9429 0 0 1796 560 0 0
fn=HistoricoCompras::~HistoricoCompras()
0 15 0 0 4 0 0 4 0 0 0 0 0 0
fn=IndiceInvertido::IndiceInvertido()
0 88 2 2 24 0 0 24 0 0 0 0 0 0
fn=IndiceInvertido::buscar(std::__cxx11::basic_string<char, std::char_traits<char>, std::allocator<char> > const&) const
0 9464 35 0 2912 0 0 2912 0 0 0 0 0 0
fn=IndiceInvertido::inserir(std::__cxx11::basic_string<char, std::char_traits<char>, std::allocator<char> > const&, int)
0 13600 2 1 4000 0 0 4800 0 0 0 0 0 0
fn=IndiceInvertido::~IndiceInvertido()
0 88 0 0 24 0 0 24 0 0 0 0 0 0
fn=IndiceInvertidoInt::IndiceInvertidoInt()
0 110 0 0 30 0 0 30 0 0 0 0 0 0
fn=IndiceInvertidoInt::buscar(int) const
0 7904 94 0 2432 0 0 2432 0 0 0 0 0 0
fn=IndiceInvertidoInt::inserir(int, int)
0 89148 11 2 26220 4 0 31464 0 0 0 0 0 0
fn=IndiceInvertidoInt::~IndiceInvertidoInt()
0 110 0 0 30 5 0 30 0 0 0 0 0 0
fn=IndiceOrdenado<double>::IndiceOrdenado()
0 9 1 1 3 0 0 3 0 0 0 0 0 0
fn=IndiceOrdenado<double>::No::No(double const&)
0 2300 1 1 900 0 0 800 0 0 0 0 0 0
fn=IndiceOrdenado<double>::No::~No()
0 1200 0 0 300 0 0 300 0 0 0 0 0 0
fn=IndiceOrdenado<double>::altura(IndiceOrdenado<double>::No*) const
0 29210 0 0 11738 60 0 7488 0 0 2496 208 0 0
fn=IndiceOrdenado<double>::atualizar_altura(IndiceOrdenado<double>::No*)
0 20363 2 2 8052 0 0 5368 0 0 671 176 0 0
fn=IndiceOrdenado<double>::balanceamento(IndiceOrdenado<double>::No*) const
0 16733 2 2 5770 0 0 3462 0 0 577 0 0 0
fn=IndiceOrdenado<double>::balancear(IndiceOrdenado<double>::No*)
0 13621 14 4 5068 0 0 3346 0 0 1093 74 0 0
fn=IndiceOrdenado<double>::buscar_faixa(double const&, double const&) const
0 1430 53 1 605 33 0 440 0 0 0 0 0 0
fn=IndiceOrdenado<double>::destruir_rec(IndiceOrdenado<double>::No*)
0 4513 2 2 1504 100 0 1204 0 0 301 99 0 0
fn=IndiceOrdenado<double>::faixa_rec(IndiceOrdenado<double>::No*, double const&, double const&, ConjuntoIds&) const
0 170942 143 4 73189 2324 0 32230 0 0 14011 2344 0 0
fn=IndiceOrdenado<double>::inserir(double const&, int)
0 2000 98 1 800 0 0 700 0 0 0 0 0 0
fn=IndiceOrdenado<double>::inserir_rec(IndiceOrdenado<double>::No*, double const&, int)
0 27594 5 5 11646 106 0 7085 0 0 1424 411 0 0
fn=IndiceOrdenado<double>::rotacionar_direita(IndiceOrdenado<double>::No*)
0 992 2 2 480 0 0 288 0 0 0 0 0 0
fn=IndiceOrdenado<double>::rotacionar_esquerda(IndiceOrdenado<double>::No*)
0 1116 0 0 540 0 0 324 0 0 0 0 0 0
fn=IndiceOrdenado<double>::~IndiceOrdenado()
0 14 0 0 5 1 0 3 0 0 0 0 0 0
fn=IndiceOrdenado<int>::IndiceOrdenado()
0 36 0 0 12 0 0 12 0 0 0 0 0 0
fn=IndiceOrdenado<int>::No::No(int const&)
0 32637 1 1 12771 0 0 11352 23 0 0 0 0 0
fn=IndiceOrdenado<int>::No::~No()
0 17028 1 0 4257 0 0 4257 0 0 0 0 0 0
fn=IndiceOrdenado<int>::altura(IndiceOrdenado<int>::No*) const
0 2351660 1 1 964582 7323 0 594462 0 0 198154 6043 0 0
fn=IndiceOrdenado<int>::atualizar_altura(IndiceOrdenado<int>::No*)
0 1513565 3 2 602688 385 0 401792 1 0 50224 6930 0 0
fn=IndiceOrdenado<int>::balanceamento(IndiceOrdenado<int>::No*) const
0 1416737 2 2 488530 0 0 293118 0 0 48853 4 0 0
fn=IndiceOrdenado<int>::balancear(IndiceOrdenado<int>::No*)
0 1162873 4 4 434370 0 0 288824 0 0 96455 1286 0 0
fn=IndiceOrdenado<int>::buscar_faixa(int const&, int const&) const
0 13494 84 3 5709 317 0 4152 0 0 0 0 0 0
fn=IndiceOrdenado<int>::destruir_rec(IndiceOrdenado<int>::No*)
0 63907 2 2 21301 1392 0 17044 10 0 4261 893 0 0
fn=IndiceOrdenado<int>::faixa_rec(IndiceOrdenado<int>::No*, int const&, int const&, ConjuntoIds&) const
0 7566491 5 5 3190233 112153 0 1435150 35 0 608798 84662 0 0
fn=IndiceOrdenado<int>::inserir(int const&, int)
0 75920 1 1 30368 7 0 26572 0 0 0 0 0 0
fn=IndiceOrdenado<int>::inserir_rec(IndiceOrdenado<int>::No*, int const&, int)
0 1379691 5 4 610435 3829 0 333331 59 0 80484 13806 0 0
fn=IndiceOrdenado<int>::remover(int const&, int)
0 51243 0 0 21576 5 0 16182 0 0 0 0 0 0
fn=IndiceOrdenado<int>::remover_rec(IndiceOrdenado<int>::No*, int const&, int)
0 777468 2 2 354406 5812 0 164583 4 0 54706 12117 0 0
fn=IndiceOrdenado<int>::rotacionar_direita(IndiceOrdenado<int>::No*)
0 5518 1 1 2670 0 0 1602 0 0 0 0 0 0
fn=IndiceOrdenado<int>::rotacionar_esquerda(IndiceOrdenado<int>::No*)
0 33294 2 2 16110 0 0 9666 0 0 0 0 0 0
fn=IndiceOrdenado<int>::~IndiceOrdenado()
0 56 2 2 20 3 0 12 0 0 0 0 0 0
fn=MapaHashInt::MapaHashInt()
0 2270 4 4 1240 0 0 250 13 13 180 26 0 0
fn=MapaHashInt::buscar(int) const
0 20435 196 2 8444 1183 0 3817 0 0 1655 239 0 0
fn=MapaHashInt::destruir()
0 121138 3 2 61371 2859 0 14948 0 0 15710 67 0 0
fn=MapaHashInt::hash(int) const
0 156636 46 1 52212 0 0 34808 0 0 0 0 0 0
fn=MapaHashInt::inserir(int, int)
0 530499 7 7 220373 3879 0 119196 7 0 19343 558 0 0
fn=MapaHashInt::redimensionar()
0 332579 6 6 154809 2621 0 41225 1068 500 32477 838 0 0
fn=MapaHashInt::~MapaHashInt()
0 110 0 0 30 0 0 30 0 0 0 0 0 0
fn=MapaHashString::MapaHashString()
0 1816 3 3 992 0 0 200 10 10 144 22 0 0
fn=MapaHashString::buscar(std::__cxx11::basic_string<char, std::char_traits<char>, std::allocator<char> > const&) const
0 28288 26 2 10452 818 0 5200 0 0 2288 166 0 0
fn=MapaHashString::destruir()
0 13146 3 2 6711 173 0 1580 0 0 1686 95 0 0
fn=MapaHashString::hash(std::__cxx11::basic_string<char, std::char_traits<char>, std::allocator<char> > const&) const
0 322215 215 3 97143 0 0 47947 0 0 13625 1969 0 0
fn=MapaHashString::inserir(std::__cxx11::basic_string<char, std::char_traits<char>, std::allocator<char> > const&, int)
0 66594 6 6 26435 71 0 15019 0 0 2849 295 0 0
fn=MapaHashString::redimensionar()
0 29496 11 7 13624 187 0 3704 27 0 2920 139 0 0
fn=MapaHashString::~MapaHashString()
0 88 2 0 24 0 0 24 0 0 0 0 0 0
fn=Metricas::Metricas()
0 68 2 2 5 0 0 12 0 0 9 6 0 0
fn=Metricas::reset()
0 104 2 2 37 0 0 13 0 0 9 2 0 0
fn=MetricasOperacao::MetricasOperacao()
0 88 2 2 32 0 0 32 3 3 0 0 0 0
fn=MetricasOperacao::reset()
0 88 0 0 32 0 0 32 0 0 0 0 0 0
fn=Produto::Produto(Produto const&)
0 11424 4 4 4480 19 0 2464 58 56 0 0 0 0
fn=Produto::Produto(int, std::__cxx11::basic_string<char, std::char_traits<char>, std::allocator<char> > const&, double, int, std::__cxx11::basic_string<char, std::char_traits<char>, std::allocator<char> > const&, std::__cxx11::basic_string<char, std::char_traits<char>, std::allocator<char> > const&, std::__cxx11::basic_string<char, std::char_traits<char>, std::allocator<char> > const&)
0 4900 3 3 1700 0 0 1600 0 0 0 0 0 0
fn=Produto::decrementar(int)
0 18858 0 0 8082 0 0 5388 0 0 0 0 0 0
fn=Produto::get_qtd() const
0 43152 0 0 21576 1142 0 10788 0 0 0 0 0 0
fn=Produto::imprimir_consulta(int) const
0 223236 171 7 26712 1505 0 47700 0 0 0 0 0 0
fn=Produto::incrementar(int)
0 18900 2 2 8100 0 0 5400 0 0 0 0 0 0
fn=Produto::tem_estoque(int) const
0 14817 1 1 6735 1175 0 4041 0 0 0 0 0 0
fn=Produto::~Produto()
0 7776 2 1 1944 0 0 1944 0 0 0 0 0 0
fn=Reposicao::Reposicao(Reposicao const&)
0 152322 7 7 74724 840 0 18202 498 446 6706 404 0 0
fn=Reposicao::Reposicao(int, int, int const*, int const*, int)
0 64350 5 5 27000 0 0 9900 0 0 2700 25 0 0
fn=Reposicao::imprimir_consulta(int) const
0 7769216 170 7 2011672 59064 0 1109888 0 0 242788 34686 0 0
fn=Reposicao::ordenar_por_id_produto()
0 96060 6 6 51180 0 0 7086 0 0 5850 879 0 0
fn=Reposicao::~Reposicao()
0 33792 2 0 14080 329 0 5632 0 0 2816 0 0 0
fn=Sistema::Sistema()
0 129 11 11 35 0 0 35 0 0 0 0 0 0
fn=Sistema::atualizar_indice_qtd_produto(int, int, int)
0 67425 1 1 16182 0 0 18879 0 0 0 0 0 0
fn=Sistema::avaliar_filtro(std::__cxx11::basic_string<char, std::char_traits<char>, std::allocator<char> > const&, FiltroAtomico const&) const
0 128117 378 18 35742 231 0 26838 0 0 12877 784 0 0
fn=Sistema::cadastrar_produto(std::__cxx11::basic_string<char, std::char_traits<char>, std::allocator<char> > const&, double, int, std::__cxx11::basic_string<char, std::char_traits<char>, std::allocator<char> > const&, std::__cxx11::basic_string<char, std::char_traits<char>, std::allocator<char> > const&, std::__cxx11::basic_string<char, std::char_traits<char>, std::allocator<char> > const&)
0 11800 208 10 3900 1 0 2700 0 0 100 2 0 0
fn=Sistema::cadastrar_usuario(std::__cxx11::basic_string<char, std::char_traits<char>, std::allocator<char> > const&, int, std::__cxx11::basic_string<char, std::char_traits<char>, std::allocator<char> > const&, std::__cxx11::basic_string<char, std::char_traits<char>, std::allocator<char> > const&, std::__cxx11::basic_string<char, std::char_traits<char>, std::allocator<char> > const&)
0 11600 10 10 3900 4 0 2600 0 0 100 2 0 0
fn=Sistema::consultar_compras(Vetor<std::__cxx11::basic_string<char, std::char_traits<char>, std::allocator<char> > > const&)
0 12740 209 7 1694 0 0 2849 0 0 434 27 0 0
fn=Sistema::consultar_produtos(Vetor<std::__cxx11::basic_string<char, std::char_traits<char>, std::allocator<char> > > const&)
0 74853 181 5 17127 38 0 14607 0 0 2475 244 0 0
fn=Sistema::consultar_reposicoes(Vetor<std::__cxx11::basic_string<char, std::char_traits<char>, std::allocator<char> > > const&)
0 882685 150 6 175499 77 0 142291 0 0 35287 248 0 0
fn=Sistema::consultar_usuarios(Vetor<std::__cxx11::basic_string<char, std::char_traits<char>, std::allocator<char> > > const&)
0 81219 189 7 19069 12 0 16271 0 0 2769 396 0 0
fn=Sistema::filtro_compra_exato(std::__cxx11::basic_string<char, std::char_traits<char>, std::allocator<char> > const&, std::__cxx11::basic_string<char, std::char_traits<char>, std::allocator<char> > const&) const
0 15488 304 7 3220 0 0 4130 0 0 992 30 0 0
fn=Sistema::filtro_produto_exato(std::__cxx11::basic_string<char, std::char_traits<char>, std::allocator<char> > const&, std::__cxx11::basic_string<char, std::char_traits<char>, std::allocator<char> > const&) const
0 23416 231 8 5674 0 0 5256 0 0 1912 242 0 0
fn=Sistema::filtro_reposicao_exato(std::__cxx11::basic_string<char, std::char_traits<char>, std::allocator<char> > const&, std::__cxx11::basic_string<char, std::char_traits<char>, std::allocator<char> > const&) const
0 17703 239 3 3841 0 0 4917 0 0 933 24 0 0
fn=Sistema::filtro_usuario_exato(std::__cxx11::basic_string<char, std::char_traits<char>, std::allocator<char> > const&, std::__cxx11::basic_string<char, std::char_traits<char>, std::allocator<char> > const&) const
0 22207 443 8 4581 0 0 5111 0 0 1641 119 0 0
fn=Sistema::registrar_compra(int, int, int const*, int const*, int)
0 177355 13 13 66003 13 0 27838 0 0 7184 933 0 0
fn=Sistema::registrar_reposicao(int, int const*, int const*, int)
0 129150 10 10 47700 13 0 22950 0 0 4050 987 0 0
fn=Sistema::universo_da_consulta(std::__cxx11::basic_string<char, std::char_traits<char>, std::allocator<char> > const&) const
0 213414 169 4 126992 7 0 21748 0 0 21304 210 0 0
fn=Sistema::~Sistema()
0 119 8 8 30 0 0 30 0 0 0 0 0 0
fn=TokenExpr::TokenExpr()
0 15924 0 0 3981 0 0 3981 0 0 0 0 0 0
fn=TokenExpr::TokenExpr(TokenExpr const&)
0 94340 0 0 33019 0 0 23585 481 0 0 0 0 0
fn=TokenExpr::~TokenExpr()
0 72528 46 2 18132 0 0 18132 0 0 0 0 0 0
fn=Usuario::Usuario(Usuario const&)
0 10528 3 3 3808 10 0 2240 42 40 0 0 0 0
fn=Usuario::Usuario(int, int, std::__cxx11::basic_string<char, std::char_traits<char>, std::allocator<char> > const&, std::__cxx11::basic_string<char, std::char_traits<char>, std::allocator<char> > const&, std::__cxx11::basic_string<char, std::char_traits<char>, std::allocator<char> > const&, std::__cxx11::basic_string<char, std::char_traits<char>, std::allocator<char> > const&)
0 4500 5 4 1500 0 0 1400 0 0 0 0 0 0
fn=Usuario::imprimir_consulta(int) const
0 186736 527 6 23342 1590 0 38196 0 0 0 0 0 0
fn=Usuario::~Usuario()
0 7776 1 1 1944 0 0 1944 0 0 0 0 0 0
fn=Vetor<Compra>::Vetor()
0 13 1 1 5 0 0 5 0 0 0 0 0 0
fn=Vetor<Compra>::destruir_elementos()
0 12576 1 0 6744 0 0 984 0 0 966 15 0 0
fn=Vetor<Compra>::expandir()
0 173 1 1 62 2 0 32 0 0 8 1 0 0
fn=Vetor<Compra>::operator[](int)
0 273 0 0 105 1 0 63 0 0 0 0 0 0
fn=Vetor<Compra>::push_back(Compra const&)
0 20229 3 3 8090 2 0 4498 0 0 449 9 0 0
fn=Vetor<Compra>::reservar(int)
0 13076 4 4 4732 2 0 1128 0 0 524 12 0 0
fn=Vetor<Compra>::~Vetor()
0 15 1 1 5 1 0 4 0 0 0 0 0 0
fn=Vetor<ConjuntoIds>::Vetor()
0 11687 8 2 4495 0 0 4495 0 0 0 0 0 0
fn=Vetor<ConjuntoIds>::destruir_elementos()
0 53217 1 1 23123 0 0 7413 0 0 3817 1088 0 0
fn=Vetor<ConjuntoIds>::expandir()
0 17081 1 1 5394 0 0 3596 0 0 899 128 0 0
fn=Vetor<ConjuntoIds>::operator[](int)
0 10543 1 1 4055 0 0 2433 0 0 0 0 0 0
fn=Vetor<ConjuntoIds>::operator[](int) const
0 15704 0 0 6040 0 0 3624 0 0 0 0 0 0
fn=Vetor<ConjuntoIds>::pop_back()
0 13416 0 0 5676 0 0 2064 0 0 516 0 0 0
fn=Vetor<ConjuntoIds>::push_back(ConjuntoIds const&)
0 116772 91 3 46529 0 0 26249 0 0 2535 1170 0 0
fn=Vetor<ConjuntoIds>::reservar(int)
0 42253 13 4 17980 0 0 12586 0 0 1798 92 0 0
fn=Vetor<ConjuntoIds>::tamanho() const
0 20984 25 1 10492 0 0 5246 0 0 0 0 0 0
fn=Vetor<ConjuntoIds>::~Vetor()
0 13485 0 0 4495 0 0 3596 0 0 0 0 0 0
fn=Vetor<FiltroAtomico>::Vetor()
0 7852 389 1 3020 0 0 3020 0 0 0 0 0 0
fn=Vetor<FiltroAtomico>::destruir_elementos()
0 39864 2 2 14496 0 0 4832 0 0 2416 4 0 0
fn=Vetor<FiltroAtomico>::expandir()
0 11476 15 2 3624 0 0 2416 0 0 604 263 0 0
fn=Vetor<FiltroAtomico>::operator[](int)
0 21744 1 1 6040 0 0 3624 0 0 0 0 0 0
fn=Vetor<FiltroAtomico>::push_back(FiltroAtomico const&)
0 62212 14 2 22348 0 0 12684 0 0 1208 617 0 0
fn=Vetor<FiltroAtomico>::reservar(int)
0 31408 118 3 12080 0 0 8456 0 0 1208 2 0 0
fn=Vetor<FiltroAtomico>::tamanho() const
0 14496 1 1 7248 0 0 3624 0 0 0 0 0 0
fn=Vetor<FiltroAtomico>::~Vetor()
0 9060 1 1 3020 0 0 2416 0 0 0 0 0 0
fn=Vetor<ParIdQtd>::Vetor()
0 2600 0 0 1000 0 0 1000 0 0 0 0 0 0
fn=Vetor<ParIdQtd>::Vetor(Vetor<ParIdQtd> const&)
0 8512 2 2 3136 45 0 2688 54 2 448 17 0 0
fn=Vetor<ParIdQtd>::destruir_elementos()
0 44188 1 0 27557 48 0 3771 0 0 6575 587 0 0
fn=Vetor<ParIdQtd>::expandir()
0 12798 366 1 4472 0 0 2436 0 0 609 49 0 0
fn=Vetor<ParIdQtd>::operator[](int)
0 458172 0 0 176220 0 0 105732 0 0 0 0 0 0
fn=Vetor<ParIdQtd>::operator[](int) const
0 1332968 19 1 512680 0 0 307608 0 0 0 0 0 0
fn=Vetor<ParIdQtd>::push_back(ParIdQtd const&)
0 85581 1 1 38679 0 0 15837 587 42 2538 488 0 0
fn=Vetor<ParIdQtd>::reservar(int)
0 81522 2 2 37544 45 0 11650 232 203 3998 605 0 0
fn=Vetor<ParIdQtd>::tamanho() const
0 906320 1 1 453160 3947 0 226580 0 0 0 0 0 0
fn=Vetor<ParIdQtd>::~Vetor()
0 9720 2 0 3240 0 0 2592 0 0 0 0 0 0
fn=Vetor<Produto>::Vetor()
0 13 0 0 5 0 0 5 0 0 0 0 0 0
fn=Vetor<Produto>::destruir_elementos()
0 3689 3 2 1603 0 0 245 0 0 231 10 0 0
fn=Vetor<Produto>::expandir()
0 129 1 1 46 0 0 24 0 0 6 2 0 0
fn=Vetor<Produto>::operator[](int)
0 181536 79 1 56730 21 0 34038 0 0 0 0 0 0
fn=Vetor<Produto>::push_back(Produto const&)
0 4818 4 4 1806 0 0 1006 0 0 100 8 0 0
fn=Vetor<Produto>::reservar(int)
0 4144 5 5 1236 0 0 332 0 0 136 16 0 0
fn=Vetor<Produto>::~Vetor()
0 15 0 0 5 0 0 4 0 0 0 0 0 0
fn=Vetor<Reposicao>::Vetor()
0 13 1 1 5 0 0 5 0 0 0 0 0 0
fn=Vetor<Reposicao>::destruir_elementos()
0 12589 3 2 6751 1 0 985 0 0 967 13 0 0
fn=Vetor<Reposicao>::expandir()
0 173 2 2 62 2 0 32 0 0 8 1 0 0
fn=Vetor<Reposicao>::operator[](int)
0 450892 1 1 173420 78 0 104052 0 0 0 0 0 0
fn=Vetor<Reposicao>::push_back(Reposicao const&)
0 20274 3 3 8108 1 0 4508 0 0 450 13 0 0
fn=Vetor<Reposicao>::reservar(int)
0 13076 3 3 4732 1 0 1128 0 0 524 14 0 0
fn=Vetor<Reposicao>::~Vetor()
0 15 0 0 5 1 0 4 0 0 0 0 0 0
fn=Vetor<TokenExpr>::Vetor()
0 11505 1 1 4425 0 0 4425 0 0 0 0 0 0
fn=Vetor<TokenExpr>::destruir_elementos()
0 103932 1 1 42014 0 0 11058 0 0 6634 1046 0 0
fn=Vetor<TokenExpr>::expandir()
0 26539 8 1 8846 0 0 5308 0 0 1327 227 0 0
fn=Vetor<TokenExpr>::operator[](int)
0 4720 0 0 1475 0 0 885 0 0 0 0 0 0
fn=Vetor<TokenExpr>::operator[](int) const
0 42464 0 0 13270 0 0 7962 0 0 0 0 0 0
fn=Vetor<TokenExpr>::pop_back()
0 8555 7 0 3245 0 0 1180 0 0 295 295 0 0
fn=Vetor<TokenExpr>::push_back(TokenExpr const&)
0 145533 255 4 54409 0 0 30817 0 0 2949 876 0 0
fn=Vetor<TokenExpr>::reservar(int)
0 121158 36 4 42452 0 0 22114 15 0 4422 896 0 0
fn=Vetor<TokenExpr>::tamanho() const
0 34800 6 1 17400 0 0 8700 0 0 0 0 0 0
fn=Vetor<TokenExpr>::~Vetor()
0 13275 0 0 4425 0 0 3540 0 0 0 0 0 0
fn=Vetor<Usuario>::Vetor()
0 13 2 2 5 0 0 5 0 0 0 0 0 0
fn=Vetor<Usuario>::destruir_elementos()
0 3689 3 2 1603 1 0 245 0 0 231 14 0 0
fn=Vetor<Usuario>::expandir()
0 129 2 2 46 0 0 24 0 0 6 2 0 0
fn=Vetor<Usuario>::operator[](int)
0 33952 64 2 10610 0 0 6366 0 0 0 0 0 0
fn=Vetor<Usuario>::push_back(Usuario const&)
0 4818 4 4 1806 0 0 1006 0 0 100 9 0 0
fn=Vetor<Usuario>::reservar(int)
0 4144 9 5 1236 0 0 332 0 0 136 13 0 0
fn=Vetor<Usuario>::~Vetor()
0 15 0 0 5 0 0 4 0 0 0 0 0 0
fn=Vetor<Vetor<ParIdQtd> >::Vetor()
0 26 0 0 10 0 0 10 0 0 0 0 0 0
fn=Vetor<Vetor<ParIdQtd> >::destruir_elementos()
0 6034 4 2 3206 0 0 490 0 0 462 28 0 0
fn=Vetor<Vetor<ParIdQtd> >::expandir()
0 258 2 2 92 0 0 48 0 0 12 3 0 0
fn=Vetor<Vetor<ParIdQtd> >::operator[](int)
0 35022 1 1 13470 2 0 8082 0 0 0 0 0 0
fn=Vetor<Vetor<ParIdQtd> >::operator[](int) const
0 52390 149 0 20150 0 0 12090 0 0 0 0 0 0
fn=Vetor<Vetor<ParIdQtd> >::push_back(Vetor<ParIdQtd> const&)
0 9036 4 4 3612 0 0 2012 0 0 200 13 0 0
fn=Vetor<Vetor<ParIdQtd> >::reservar(int)
0 6764 4 4 2472 0 0 664 0 0 272 42 0 0
fn=Vetor<Vetor<ParIdQtd> >::tamanho() const
0 3200 2 2 1600 0 0 800 0 0 0 0 0 0
fn=Vetor<Vetor<ParIdQtd> >::~Vetor()
0 30 0 0 10 0 0 8 0 0 0 0 0 0
fn=Vetor<int>::Vetor()
0 134485 27 2 51725 0 0 51725 18 0 0 0 0 0
fn=Vetor<int>::Vetor(Vetor<int> const&)
0 4804639 11 4 2388836 3916 0 475385 6653 92 219053 4224 0 0
fn=Vetor<int>::destruir_elementos()
0 3427296 101 1 2549209 402 0 93207 0 0 629535 11767 0 0
fn=Vetor<int>::expandir()
0 276715 2 2 91810 0 0 55600 4 0 13900 985 0 0
fn=Vetor<int>::operator=(Vetor<int> const&)
0 823945 37 3 411186 0 0 78839 27 0 37853 570 0 0
fn=Vetor<int>::operator[](int)
0 259638106 0 0 99860810 0 0 59916486 0 0 0 0 0 0
fn=Vetor<int>::operator[](int) const
0 4708704 5 1 1811040 411 0 1086624 0 0 0 0 0 0
fn=Vetor<int>::pop_back()
0 43152 0 0 18879 0 0 8091 0 0 2697 0 0 0
fn=Vetor<int>::push_back(int const&)
0 5773833 1 1 2619415 0 0 1056106 8978 109 173701 7176 0 0
fn=Vetor<int>::reservar(int)
0 4357676 6 3 2045960 0 0 503712 8550 113 210156 5878 0 0
fn=Vetor<int>::tamanho() const
0 3569216 2 2 1784608 1374 0 892304 28 0 0 0 0 0
fn=Vetor<int>::~Vetor()
0 248475 0 0 82825 920 0 66260 4 0 0 0 0 0
fn=Vetor<std::__cxx11::basic_string<char, std::char_traits<char>, std::allocator<char> > >::Vetor()
0 11687 2 2 4495 0 0 4495 0 0 0 0 0 0
fn=Vetor<std::__cxx11::basic_string<char, std::char_traits<char>, std::allocator<char> > >::destruir_elementos()
0 161800 17 2 79120 101 0 17248 0 0 12046 2121 0 0
fn=Vetor<std::__cxx11::basic_string<char, std::char_traits<char>, std::allocator<char> > >::expandir()
0 34747 1 1 11818 0 0 6808 0 0 1702 511 0 0
fn=Vetor<std::__cxx11::basic_string<char, std::char_traits<char>, std::allocator<char> > >::operator[](int) const
0 189280 1 1 72800 0 0 43680 0 0 0 0 0 0
fn=Vetor<std::__cxx11::basic_string<char, std::char_traits<char>, std::allocator<char> > >::push_back(std::__cxx11::basic_string<char, std::char_traits<char>, std::allocator<char> > const&)
0 245811 456 4 97984 0 0 55192 0 0 5349 2053 0 0
fn=Vetor<std::__cxx11::basic_string<char, std::char_traits<char>, std::allocator<char> > >::reservar(int)
0 182394 5 5 70904 0 0 32020 0 0 7500 1933 0 0
fn=Vetor<std::__cxx11::basic_string<char, std::char_traits<char>, std::allocator<char> > >::tamanho() const
0 73232 0 0 36616 0 0 18308 0 0 0 0 0 0
fn=Vetor<std::__cxx11::basic_string<char, std::char_traits<char>, std::allocator<char> > >::~Vetor()
0 13485 0 0 4495 0 0 3596 0 0 0 0 0 0
fn=_GLOBAL__sub_I_g_metricas
0 6 1 1 2 0 0 2 0 0 0 0 0 0
fn=__cpu_indicator_init
0 367 40 40 48 2 1 14 0 0 101 29 0 0
fn=__cxa_get_globals
0 16 1 1 4 0 0 4 0 0 0 0 0 0
fn=__cxa_guard_acquire
0 21 2 2 7 0 0 3 0 0 3 0 0 0
fn=__cxa_guard_release
0 6 1 1 3 0 0 1 0 0 1 0 0 0
fn=__gnu_cxx::stdio_sync_filebuf<char, std::char_traits<char> >::overflow(int)
0 1366519 69 2 195217 0 0 0 0 0 195217 0 0 0
fn=__gnu_cxx::stdio_sync_filebuf<char, std::char_traits<char> >::sync()
0 6012 1 1 2004 3 0 0 0 0 0 0 0 0
fn=__gnu_cxx::stdio_sync_filebuf<char, std::char_traits<char> >::uflow()
0 746700 0 0 248900 0 0 248900 0 0 0 0 0 0
fn=__gnu_cxx::stdio_sync_filebuf<char, std::char_traits<char> >::underflow()
0 808938 2 2 248904 0 0 186678 0 0 0 0 0 0
fn=__gnu_cxx::stdio_sync_filebuf<char, std::char_traits<char> >::xsputn(char const*, long)
0 7220826 1 1 1203471 105 0 0 0 0 0 0 0 0
fn=__gnu_cxx::stdio_sync_filebuf<wchar_t, std::char_traits<wchar_t> >::sync()
0 15 1 1 5 2 0 0 0 0 0 0 0 0
fn=__static_initialization_and_destruction_0()
0 9 0 0 2 0 0 2 0 0 0 0 0 0
fn=atributo_suporta_faixa(std::__cxx11::basic_string<char, std::char_traits<char>, std::allocator<char> > const&, std::__cxx11::basic_string<char, std::char_traits<char>, std::allocator<char> > const&)
0 80215 818 4 12831 0 0 15071 0 0 7767 63 0 0
fn=bool std::operator==<char, std::char_traits<char>, std::allocator<char> >(std::__cxx11::basic_string<char, std::char_traits<char>, std::allocator<char> > const&, char const*)
0 1273607 3 3 298126 0 0 343545 0 0 69096 10837 0 0
fn=bool std::operator==<char, std::char_traits<char>, std::allocator<char> >(std::__cxx11::basic_string<char, std::char_traits<char>, std::allocator<char> > const&, std::__cxx11::basic_string<char, std::char_traits<char>, std::allocator<char> > const&)
0 57148 13 3 12672 0 0 15445 0 0 2773 190 0 0
fn=eh_numerico(std::__cxx11::basic_string<char, std::char_traits<char>, std::allocator<char> > const&)
0 112980 1 1 38970 0 0 20122 0 0 16978 1428 0 0
fn=eh_operador(std::__cxx11::basic_string<char, std::char_traits<char>, std::allocator<char> > const&)
0 118893 1 1 20516 0 0 20516 0 0 12178 12 0 0
fn=ler_filtro(std::__cxx11::basic_string<char, std::char_traits<char>, std::allocator<char> > const&, Vetor<std::__cxx11::basic_string<char, std::char_traits<char>, std::allocator<char> > > const&, int&)
0 174750 34 7 53107 0 0 41733 0 0 7039 205 0 0
fn=ler_pares(std::__cxx11::basic_stringstream<char, std::char_traits<char>, std::allocator<char> >&, Vetor<int>&, Vetor<int>&)
0 108779 3 3 20677 0 0 22475 0 0 4495 427 0 0
fn=main
0 230043 1201 34 7651 15 0 49958 1 0 13285 920 0 0
fn=metricas_iniciar()
0 9 1 1 2 0 0 2 0 0 0 0 0 0
fn=metricas_marcar_inicio()
0 99900 2 2 19980 0 0 35964 0 0 3996 3 0 0
fn=metricas_registrar(TipoOperacao, long long)
0 91908 2 2 23976 602 0 13986 0 0 3996 0 0 0
fn=metricas_registrar_insercao_indice()
0 89460 1 1 29820 15 0 19880 0 0 0 0 0 0
fn=operator delete(void*)
0 110196 1 1 0 0 0 0 0 0 0 0 0 0
fn=operator delete[](void*)
0 11402 2 1 0 0 0 0 0 0 0 0 0 0
fn=operator new(unsigned long)
0 613760 2 2 115080 1 0 115080 161 0 38360 180 0 0
fn=operator new(unsigned long, void*)
0 5017576 1 1 1881591 0 0 1881591 7 0 0 0 0 0
fn=operator new[](unsigned long)
0 11402 358 1 0 0 0 0 0 0 0 0 0 0
fn=parse_double(std::__cxx11::basic_string<char, std::char_traits<char>, std::allocator<char> > const&)
0 4070 90 2 990 0 0 1100 5 0 110 2 0 0
fn=parse_expr(std::__cxx11::basic_string<char, std::char_traits<char>, std::allocator<char> > const&, Vetor<std::__cxx11::basic_string<char, std::char_traits<char>, std::allocator<char> > > const&)
0 99257 194 11 16740 0 0 20131 1 0 5642 331 0 0
fn=parse_filtros_and(std::__cxx11::basic_string<char, std::char_traits<char>, std::allocator<char> > const&, Vetor<std::__cxx11::basic_string<char, std::char_traits<char>, std::allocator<char> > > const&)
0 47716 5 4 12080 0 0 10268 0 0 2416 674 0 0
fn=parse_int(std::__cxx11::basic_string<char, std::char_traits<char>, std::allocator<char> > const&)
0 57610 265 5 13168 0 0 14814 81 0 1646 2 0 0
fn=std::__cxx11::basic_string<char, std::char_traits<char>, std::allocator<char> >::_M_append(char const*, unsigned long)
0 261567 19 3 58317 0 0 48780 0 0 32520 150 0 0
fn=std::__cxx11::basic_string<char, std::char_traits<char>, std::allocator<char> >::_M_assign(std::__cxx11::basic_string<char, std::char_traits<char>, std::allocator<char> > const&)
0 242267 5 4 71081 0 0 50540 46 0 30324 564 0 0
fn=std::__cxx11::basic_string<char, std::char_traits<char>, std::allocator<char> >::_M_create(unsigned long&, unsigned long)
0 23976 2 2 1997 0 0 3 0 0 3997 1999 0 0
fn=std::__cxx11::basic_string<char, std::char_traits<char>, std::allocator<char> >::_M_mutate(unsigned long, unsigned long, char const*, unsigned long)
0 198 9 6 56 0 0 47 0 0 21 8 0 0
fn=std::__cxx11::basic_string<char, std::char_traits<char>, std::allocator<char> >::_M_replace(unsigned long, unsigned long, char const*, unsigned long)
0 88298 155 5 14994 0 0 11662 0 0 9996 168 0 0
fn=std::__cxx11::basic_string<char, std::char_traits<char>, std::allocator<char> >::basic_string()
0 86394 2 2 14399 0 0 43197 0 0 0 0 0 0
fn=std::__cxx11::basic_string<char, std::char_traits<char>, std::allocator<char> >::basic_string(char const*, std::allocator<char> const&)
0 17980 2 2 2697 0 0 4495 0 0 899 0 0 0
fn=std::__cxx11::basic_string<char, std::char_traits<char>, std::allocator<char> >::basic_string(std::__cxx11::basic_string<char, std::char_traits<char>, std::allocator<char> > const&)
0 242232 42 1 60558 154 0 30279 1529 391 0 0 0 0
fn=std::__cxx11::basic_string<char, std::char_traits<char>, std::allocator<char> >::data() const
0 78963 1 1 52642 0 0 0 0 0 0 0 0 0
fn=std::__cxx11::basic_string<char, std::char_traits<char>, std::allocator<char> >::empty() const
0 14440 1 1 7220 0 0 0 0 0 0 0 0 0
fn=std::__cxx11::basic_string<char, std::char_traits<char>, std::allocator<char> >::operator=(char const*)
0 29988 3 2 6664 0 0 6664 0 0 0 0 0 0
fn=std::__cxx11::basic_string<char, std::char_traits<char>, std::allocator<char> >::operator=(std::__cxx11::basic_string<char, std::char_traits<char>, std::allocator<char> > const&)
0 55594 0 0 15162 0 0 15162 0 0 0 0 0 0
fn=std::__cxx11::basic_string<char, std::char_traits<char>, std::allocator<char> >::operator=(std::__cxx11::basic_string<char, std::char_traits<char>, std::allocator<char> >&&)
0 106340 32 4 28918 0 0 23736 0 0 14448 873 0 0
fn=std::__cxx11::basic_string<char, std::char_traits<char>, std::allocator<char> >::operator[](unsigned long) const
0 61524 0 0 30762 0 0 0 0 0 0 0 0 0
fn=std::__cxx11::basic_string<char, std::char_traits<char>, std::allocator<char> >::size() const
0 275547 15 1 183698 937 0 0 0 0 0 0 0 0
fn=std::__cxx11::basic_string<char, std::char_traits<char>, std::allocator<char> >::~basic_string()
0 273463 2 2 91153 1223 0 0 0 0 45577 183 0 0
fn=std::__cxx11::basic_stringbuf<char, std::char_traits<char>, std::allocator<char> >::_M_pbump(char*, char*, long)
0 52556 3 2 3754 0 0 11262 0 0 3754 620 0 0
fn=std::__cxx11::basic_stringbuf<char, std::char_traits<char>, std::allocator<char> >::_M_sync(char*, unsigned long, unsigned long)
0 129396 180 4 24518 0 0 22524 0 0 15016 791 0 0
fn=std::__cxx11::basic_stringbuf<char, std::char_traits<char>, std::allocator<char> >::underflow()
0 60064 137 2 18770 0 0 0 0 0 15016 22 0 0
fn=std::__cxx11::basic_stringstream<char, std::char_traits<char>, std::allocator<char> >::basic_stringstream(std::__cxx11::basic_string<char, std::char_traits<char>, std::allocator<char> > const&, std::_Ios_Openmode)
0 439622 27 9 84522 234 0 154382 494 0 18242 1380 0 0
fn=std::__cxx11::basic_stringstream<char, std::char_traits<char>, std::allocator<char> >::~basic_stringstream()
0 148400 621 4 26278 687 0 43288 336 0 3754 8 0 0
fn=std::__cxx11::messages<char>::messages(unsigned long)
0 21 2 2 5 1 0 9 0 0 0 0 0 0
fn=std::__cxx11::messages<wchar_t>::messages(unsigned long)
0 21 1 1 5 1 0 9 1 1 0 0 0 0
fn=std::__cxx11::moneypunct<char, false>::_M_initialize_moneypunct(__locale_struct*, char const*)
0 114 6 6 38 2 1 31 0 0 13 10 0 0
fn=std::__cxx11::moneypunct<char, true>::_M_initialize_moneypunct(__locale_struct*, char const*)
0 115 5 5 38 0 0 31 0 0 13 8 0 0
fn=std::__cxx11::moneypunct<wchar_t, false>::_M_initialize_moneypunct(__locale_struct*, char const*)
0 109 5 5 30 0 0 31 0 0 14 5 0 0
fn=std::__cxx11::moneypunct<wchar_t, true>::_M_initialize_moneypunct(__locale_struct*, char const*)
0 109 6 6 30 0 0 31 0 0 14 10 0 0
fn=std::__cxx11::numpunct<char>::_M_initialize_numpunct(__locale_struct*)
0 417 5 5 138 5 3 76 0 0 64 18 0 0
fn=std::__cxx11::numpunct<wchar_t>::_M_initialize_numpunct(__locale_struct*)
0 353 5 5 75 1 1 75 3 3 64 15 0 0
fn=std::__new_allocator<char>::~__new_allocator()
0 6293 1 1 1798 0 0 1798 0 0 0 0 0 0
fn=std::__num_base::_S_format_float(std::ios_base const&, char*, char)
0 43884 279 3 3816 0 0 7632 0 0 9540 62 0 0
fn=std::__timepunct<char>::_M_initialize_timepunct(__locale_struct*)
0 132 13 13 27 3 0 30 0 0 2 1 0 0
fn=std::__timepunct<char>::__timepunct(std::__timepunct_cache<char>*, unsigned long)
0 24 2 2 5 0 0 10 0 0 0 0 0 0
fn=std::__timepunct<wchar_t>::_M_initialize_timepunct(__locale_struct*)
0 129 13 13 26 2 0 29 0 0 2 1 0 0
fn=std::__timepunct<wchar_t>::__timepunct(std::__timepunct_cache<wchar_t>*, unsigned long)
0 24 2 2 5 1 0 10 1 1 0 0 0 0
fn=std::basic_ios<char, std::char_traits<char> >::_M_cache_locale(std::locale const&)
0 360512 3 3 180256 1096 0 101394 0 0 0 0 0 0
fn=std::basic_ios<char, std::char_traits<char> >::clear(std::_Ios_Iostate)
0 51457 1 1 22053 0 0 7351 0 0 14702 407 0 0
fn=std::basic_ios<char, std::char_traits<char> >::init(std::basic_streambuf<char, std::char_traits<char> >*)
0 270384 603 2 45064 0 0 112660 0 0 0 0 0 0
fn=std::basic_ios<char, std::char_traits<char> >::operator bool() const
0 47372 1 1 23686 0 0 0 0 0 0 0 0 0
fn=std::basic_ios<wchar_t, std::char_traits<wchar_t> >::_M_cache_locale(std::locale const&)
0 128 2 2 64 0 0 36 0 0 0 0 0 0
fn=std::basic_ios<wchar_t, std::char_traits<wchar_t> >::init(std::basic_streambuf<wchar_t, std::char_traits<wchar_t> >*)
0 96 2 2 16 0 0 44 0 0 0 0 0 0
fn=std::basic_istream<char, std::char_traits<char> >& std::getline<char, std::char_traits<char>, std::allocator<char> >(std::basic_istream<char, std::char_traits<char> >&, std::__cxx11::basic_string<char, std::char_traits<char>, std::allocator<char> >&)
0 49981 30 2 17993 839 0 7997 0 0 3999 3 0 0
fn=std::basic_istream<char, std::char_traits<char> >& std::getline<char, std::char_traits<char>, std::allocator<char> >(std::basic_istream<char, std::char_traits<char> >&, std::__cxx11::basic_string<char, std::char_traits<char>, std::allocator<char> >&, char)
0 3087108 1296 12 1073827 265 0 393357 982 0 556034 2115 124451 4
fn=std::basic_istream<char, std::char_traits<char> >& std::operator>><char, std::char_traits<char>, std::allocator<char> >(std::basic_istream<char, std::char_traits<char> >&, std::__cxx11::basic_string<char, std::char_traits<char>, std::allocator<char> >&)
0 1189231 65 13 403497 192 2 156952 0 0 165692 10366 1099 1
fn=std::basic_ostream<char, std::char_traits<char> >& std::__ostream_insert<char, std::char_traits<char> >(std::basic_ostream<char, std::char_traits<char> >&, char const*, long)
0 35231073 505 6 14834136 295 0 8035157 0 0 3090445 387363 618089 1
fn=std::basic_ostream<char, std::char_traits<char> >& std::operator<< <char, std::char_traits<char> >(std::basic_ostream<char, std::char_traits<char> >&, std::_Setprecision)
0 13356 1 1 5724 0 0 1908 0 0 0 0 0 0
fn=std::basic_ostream<char, std::char_traits<char> >& std::operator<< <char, std::char_traits<char>, std::allocator<char> >(std::basic_ostream<char, std::char_traits<char> >&, std::__cxx11::basic_string<char, std::char_traits<char>, std::allocator<char> > const&)
0 64480 0 0 32240 4257 0 0 0 0 0 0 0 0
fn=std::basic_ostream<char, std::char_traits<char> >& std::operator<< <std::char_traits<char> >(std::basic_ostream<char, std::char_traits<char> >&, char const*)
0 12039380 2 2 2407876 0 0 3009845 0 0 601969 4 0 0
fn=std::basic_ostream<char, std::char_traits<char> >& std::operator<< <std::char_traits<char> >(std::basic_ostream<char, std::char_traits<char> >&, char)
0 3318689 19 2 1366519 0 0 780868 0 0 195217 94 0 0
fn=std::basic_ostream<wchar_t, std::char_traits<wchar_t> >::flush()
0 174 4 4 83 10 0 26 0 0 23 3 5 2
fn=std::basic_ostream<wchar_t, std::char_traits<wchar_t> >::sentry::sentry(std::basic_ostream<wchar_t, std::char_traits<wchar_t> >&)
0 97 2 2 35 1 0 25 0 0 9 3 0 0
fn=std::char_traits<char>::compare(char const*, char const*, unsigned long)
0 449982 15 1 149994 0 0 124995 29 0 24999 352 0 0
fn=std::char_traits<char>::length(char const*)
0 454190 5 2 136257 0 0 136257 13 0 0 0 0 0
fn=std::chrono::_V2::system_clock::now()
0 63936 2 2 27972 0 0 11988 1 0 3996 0 0 0
fn=std::chrono::duration<long, std::ratio<1l, 1000000000l> > std::chrono::__duration_cast_impl<std::chrono::duration<long, std::ratio<1l, 1000000000l> >, std::ratio<1l, 1l>, long, true, true>::__cast<long, std::ratio<1l, 1000000000l> >(std::chrono::duration<long, std::ratio<1l, 1000000000l> > const&)
0 91908 555 2 27972 0 0 23976 0 0 3996 5 0 0
fn=std::chrono::duration<long, std::ratio<1l, 1000000000l> >::count() const
0 63936 0 0 31968 0 0 15984 0 0 0 0 0 0
fn=std::chrono::duration<long, std::ratio<1l, 1000000000l> >::duration<long, void>(long const&)
0 47952 0 0 19980 0 0 15984 0 0 0 0 0 0
fn=std::chrono::time_point<std::chrono::_V2::system_clock, std::chrono::duration<long, std::ratio<1l, 1000000000l> > >::time_since_epoch() const
0 31968 1 1 15984 0 0 7992 0 0 0 0 0 0
fn=std::codecvt<char, char, __mbstate_t>::codecvt(unsigned long)
0 19 2 2 5 1 0 7 1 1 0 0 0 0
fn=std::codecvt<wchar_t, char, __mbstate_t>::codecvt(unsigned long)
0 19 2 2 5 0 0 7 2 2 0 0 0 0
fn=std::ctype<char>::_M_widen_init() const
0 754 11 11 60 3 0 41 4 0 18 11 0 0
fn=std::ctype<char>::ctype(unsigned short const*, bool, unsigned long)
0 121 5 5 9 2 0 80 9 9 65 20 0 0
fn=std::ctype<wchar_t>::_M_convert_to_wmask(unsigned short) const
0 146 6 6 12 0 0 0 0 0 60 14 0 0
fn=std::ctype<wchar_t>::_M_initialize_ctype()
0 2736 5 5 6 0 0 811 20 20 528 16 0 0
fn=std::ctype<wchar_t>::ctype(unsigned long)
0 21 2 2 4 0 0 8 1 1 0 0 0 0
fn=std::defaultfloat(std::ios_base&)
0 22896 0 0 7632 0 0 5724 0 0 0 0 0 0
fn=std::enable_if<std::chrono::__is_duration<std::chrono::duration<long, std::ratio<1l, 1000000000l> > >::value, std::chrono::duration<long, std::ratio<1l, 1000000000l> > >::type std::chrono::duration_cast<std::chrono::duration<long, std::ratio<1l, 1000000000l> >, long, std::ratio<1l, 1000000000l> >(std::chrono::duration<long, std::ratio<1l, 1000000000l> > const&)
0 39960 0 0 11988 0 0 11988 0 0 0 0 0 0
fn=std::error_category::error_category()
0 10 1 1 4 0 0 2 0 0 0 0 0 0
fn=std::error_category::~error_category()
0 4 0 0 2 0 0 0 0 0 0 0 0 0
fn=std::fixed(std::ios_base&)
0 24804 5 2 7632 0 0 5724 0 0 0 0 0 0
fn=std::future_category()
0 3 1 1 1 0 0 0 0 0 0 0 0 0
fn=std::ios_base::Init::Init()
0 272 29 29 51 11 1 146 16 3 3 1 0 0
fn=std::ios_base::Init::~Init()
0 26 3 3 11 8 0 8 0 0 2 1 0 0
fn=std::ios_base::_M_call_callbacks(std::ios_base::event)
0 60064 407 2 22524 137 0 15016 0 0 3754 4 0 0
fn=std::ios_base::_M_dispose_callbacks()
0 67572 1 1 22524 0 0 18770 0 0 3754 67 0 0
fn=std::ios_base::_M_init()
0 315560 29 3 90160 273 1 101430 145 0 11270 0 0 0
fn=std::ios_base::ios_base()
0 225720 4 3 3762 77 0 90288 274 18 30096 2200 0 0
fn=std::ios_base::setf(std::_Ios_Fmtflags, std::_Ios_Fmtflags)
0 62964 2 2 19080 0 0 17172 0 0 0 0 0 0
fn=std::ios_base::unsetf(std::_Ios_Fmtflags)
0 34344 0 0 7632 0 0 9540 0 0 0 0 0 0
fn=std::ios_base::~ios_base()
0 78834 8 3 15016 213 0 18770 0 0 3754 5 0 0
fn=std::istream& std::istream::_M_extract<double>(double&)
0 11580 85 4 3900 48 0 2000 0 0 840 4 210 143
fn=std::istream::operator>>(double&)
0 420 37 1 0 0 0 0 0 0 0 0 0 0
fn=std::istream::operator>>(int&)
0 566912 354 5 168015 437 0 97415 0 0 55124 26 8588 2
fn=std::istream::sentry::sentry(std::istream&, bool)
0 1154727 5 5 469363 888 1 163980 0 0 185826 6624 0 0
fn=std::istreambuf_iterator<char, std::char_traits<char> > std::num_get<char, std::istreambuf_iterator<char, std::char_traits<char> > >::_M_extract_int<long>(std::istreambuf_iterator<char, std::char_traits<char> >, std::istreambuf_iterator<char, std::char_traits<char> >, std::ios_base&, std::_Ios_Iostate&, long&) const
0 1965605 1636 26 482194 963 1 332702 0 0 313093 12546 2545 1
fn=std::locale::_Impl::_Impl(unsigned long)
0 673 56 56 89 39 1 385 50 49 108 30 0 0
fn=std::locale::_Impl::_M_install_facet(std::locale::id const*, std::locale::facet const*)
0 12192 6 6 3584 0 0 288 0 0 3232 53 0 0
fn=std::locale::facet::_S_create_c_locale(__locale_struct*&, char const*, __locale_struct*)
0 14 1 1 3 0 0 4 0 0 1 0 0 0
fn=std::locale::facet::_S_get_c_locale()
0 31980 169 1 8528 0 0 6396 0 0 2132 0 0 0
fn=std::locale::facet::_S_get_c_name()
0 21 1 1 7 0 0 0 0 0 0 0 0 0
fn=std::locale::id::_M_id() const
0 3829074 2 2 1276358 548 7 96 0 0 638155 148 0 0
fn=std::locale::locale()
0 413424 395 3 131544 0 0 131544 186 1 18792 17 0 0
fn=std::locale::locale(std::locale const&)
0 57029 1 1 24441 0 0 8147 0 0 8147 3 0 0
fn=std::locale::locale(std::locale::_Impl*)
0 3 1 1 1 0 0 1 1 0 0 0 0 0
fn=std::locale::operator=(std::locale const&)
0 259210 2 2 90160 0 0 45080 0 0 22540 17 0 0
fn=std::locale::~locale()
0 323100 191 2 134625 242 0 53850 0 0 26925 316 0 0
fn=std::messages<char>::messages(unsigned long)
0 21 2 2 5 0 0 9 1 1 0 0 0 0
fn=std::messages<wchar_t>::messages(unsigned long)
0 21 2 2 5 0 0 9 0 0 0 0 0 0
fn=std::moneypunct<char, false>::_M_initialize_moneypunct(__locale_struct*, char const*)
0 114 4 4 38 0 0 31 1 0 13 7 0 0
fn=std::moneypunct<char, true>::_M_initialize_moneypunct(__locale_struct*, char const*)
0 115 6 6 38 0 0 31 1 0 13 6 0 0
fn=std::moneypunct<wchar_t, false>::_M_initialize_moneypunct(__locale_struct*, char const*)
0 109 5 5 30 0 0 31 0 0 14 2 0 0
fn=std::moneypunct<wchar_t, true>::_M_initialize_moneypunct(__locale_struct*, char const*)
0 109 6 6 30 0 0 31 0 0 14 8 0 0
fn=std::num_get<char, std::istreambuf_iterator<char, std::char_traits<char> > >::_M_extract_float(std::istreambuf_iterator<char, std::char_traits<char> >, std::istreambuf_iterator<char, std::char_traits<char> >, std::ios_base&, std::_Ios_Iostate&, std::string&) const
0 79020 377 21 21960 10 0 12860 11 0 14950 632 110 1
fn=std::num_get<char, std::istreambuf_iterator<char, std::char_traits<char> > >::do_get(std::istreambuf_iterator<char, std::char_traits<char> >, std::istreambuf_iterator<char, std::char_traits<char> >, std::ios_base&, std::_Ios_Iostate&, double&) const
0 22140 276 8 7030 9 0 5460 0 0 1570 12 0 0
fn=std::num_get<char, std::istreambuf_iterator<char, std::char_traits<char> > >::do_get(std::istreambuf_iterator<char, std::char_traits<char> >, std::istreambuf_iterator<char, std::char_traits<char> >, std::ios_base&, std::_Ios_Iostate&, long&) const
0 17176 17 1 0 0 0 0 0 0 0 0 0 0
fn=std::num_put<char, std::ostreambuf_iterator<char, std::char_traits<char> > >::do_put(std::ostreambuf_iterator<char, std::char_traits<char> >, std::ios_base&, char, double) const
0 7632 1 1 0 0 0 0 0 0 0 0 0 0
fn=std::num_put<char, std::ostreambuf_iterator<char, std::char_traits<char> > >::do_put(std::ostreambuf_iterator<char, std::char_traits<char> >, std::ios_base&, char, long) const
0 1750422 465 1 0 0 0 0 0 0 0 0 0 0
fn=std::numpunct<char>::_M_initialize_numpunct(__locale_struct*)
0 417 5 5 138 0 0 76 0 0 64 15 0 0
fn=std::numpunct<wchar_t>::_M_initialize_numpunct(__locale_struct*)
0 353 5 5 75 0 0 75 0 0 64 19 0 0
fn=std::operator&(std::_Ios_Fmtflags, std::_Ios_Fmtflags)
0 51516 33 1 22896 0 0 17172 0 0 0 0 0 0
fn=std::operator&=(std::_Ios_Fmtflags&, std::_Ios_Fmtflags)
0 64872 11 1 26712 0 0 19080 0 0 0 0 0 0
fn=std::operator|(std::_Ios_Fmtflags, std::_Ios_Fmtflags)
0 17172 0 0 7632 0 0 5724 0 0 0 0 0 0
fn=std::operator|(std::_Ios_Openmode, std::_Ios_Openmode)
0 33786 2 2 15016 0 0 11262 0 0 0 0 0 0
fn=std::operator|=(std::_Ios_Fmtflags&, std::_Ios_Fmtflags)
0 32436 0 0 13356 0 0 9540 0 0 0 0 0 0
fn=std::operator~(std::_Ios_Fmtflags)
0 30528 1 1 11448 0 0 7632 0 0 0 0 0 0
fn=std::ostream& std::ostream::_M_insert<double>(double)
0 110664 5 5 45792 0 0 19080 0 0 11448 7 1908 1908
fn=std::ostream& std::ostream::_M_insert<long>(long)
0 33841506 7 7 13419907 398 0 5251269 0 0 3500846 12 583474 1
fn=std::ostream::flush()
0 82133 5 3 40063 169 0 12020 0 0 10018 7 2004 2
fn=std::ostream::operator<<(double)
0 3816 1 1 0 0 0 0 0 0 0 0 0 0
fn=std::ostream::operator<<(int)
0 6418214 1 1 1750422 0 0 0 0 0 583474 0 0 0
fn=std::ostream::operator<<(std::ios_base& (*)(std::ios_base&))
0 53424 1 1 19080 0 0 11448 0 0 0 0 3816 3816
fn=std::ostream::put(char)
0 8589548 268 5 3904340 0 0 1366519 0 0 976085 30 195217 1
fn=std::ostream::sentry::sentry(std::ostream&)
0 30815211 3 3 11205531 312 0 8404147 0 0 2801383 1930 0 0
fn=std::ostreambuf_iterator<char, std::char_traits<char> > std::num_put<char, std::ostreambuf_iterator<char, std::char_traits<char> > >::_M_insert_float<double>(std::ostreambuf_iterator<char, std::char_traits<char> >, std::ios_base&, char, char, double) const
0 280476 460 13 68688 3 0 55332 0 0 24804 14 1908 1
fn=std::ostreambuf_iterator<char, std::char_traits<char> > std::num_put<char, std::ostreambuf_iterator<char, std::char_traits<char> > >::_M_insert_int<long>(std::ostreambuf_iterator<char, std::char_traits<char> >, std::ios_base&, char, long) const
0 53683139 188 7 11086006 129 0 10502532 0 0 5251266 2984 583474 1
fn=std::setprecision(int)
0 13356 101 0 5724 0 0 3816 0 0 0 0 0 0
fn=std::string::_Rep::_M_clone(std::allocator<char> const&, unsigned long)
0 5460 64 2 1680 0 0 1470 7 0 420 8 0 0
fn=std::string::_Rep::_M_destroy(std::allocator<char> const&)
0 420 2 1 0 0 0 0 0 0 0 0 0 0
fn=std::string::_Rep::_S_create(unsigned long, unsigned long, std::allocator<char> const&)
0 5460 39 3 630 0 0 1050 7 2 630 73 0 0
fn=std::string::push_back(char)
0 7560 133 4 2940 0 0 1890 0 0 840 5 0 0
fn=std::string::reserve(unsigned long)
0 6720 108 3 2520 10 0 1260 0 0 630 3 0 0
fn=std::uncaught_exception()
0 18 1 1 6 1 0 4 0 0 0 0 0 0
fn=tem_operador_booleano(Vetor<std::__cxx11::basic_string<char, std::char_traits<char>, std::allocator<char> > > const&)
0 84091 6 2 23556 0 0 15808 0 0 8942 656 0 0
fn=tokenizar_resto(std::__cxx11::basic_stringstream<char, std::char_traits<char>, std::allocator<char> >&)
0 134040 20 3 31285 0 0 25037 0 0 7147 8 0 0
fn=void std::__convert_to_v<double>(char const*, double&, std::_Ios_Iostate&, __locale_struct* const&)
0 7560 4 3 2730 41 0 1470 0 0 1050 179 0 0
fn=void std::__cxx11::basic_string<char, std::char_traits<char>, std::allocator<char> >::_M_construct<char const*>(char const*, char const*, std::forward_iterator_tag)
0 35061 104 3 9889 0 0 8091 0 0 3596 54 0 0
fn=void std::__cxx11::basic_string<char, std::char_traits<char>, std::allocator<char> >::_M_construct<char*>(char*, char*, std::forward_iterator_tag)
0 1123610 19 3 318809 0 0 264948 1105 18 120250 7165 0 0
summary: 1143186826 43865 3319 411314828 364738 7802 177636552 58191 10813 113423274 1981664 13004112 989133
