variante,ciclo,endereco,endereco_norm
hash,2571895,78479759,9666089
hash,2571896,137422173800,17177627845
hash,2571897,137422173880,17177627855
hash,2571898,137422173896,17177627857
hash,2571899,137422173895,17177627856
hash,2571900,78479712,9666084
hash,2571901,1175640,3075
hash,2571902,78474848,9665476
hash,2571903,78445160,9661765
hash,2571904,78474912,9665484
hash,2571905,78470296,9664907
hash,2571906,80795072,9955504
hash,2571907,81812560,10082690
hash,2571908,80795208,9955521
hash,2571909,80822336,9958912
hash,2571910,80799512,9956059
hash,2571911,137422173736,17177627837
hash,2571912,80795264,9955528
hash,2571913,80795288,9955531
hash,2571914,137422173736,17177627837
hash,2571915,80785512,9954309
hash,2571916,80795112,9955509
hash,2571917,80795072,9955504
hash,2571918,80795120,9955510
hash,2571919,80788400,9954670
hash,2571920,137422173846,17177627850
hash,2571921,137422173846,17177627850
hash,2571922,137422173640,17177627825
hash,2571923,137422173656,17177627827
hash,2571924,137422173672,17177627829
hash,2571925,137422173680,17177627830
hash,2571926,137422173688,17177627831
hash,2571927,137422173696,17177627832
hash,2571928,137422173704,17177627833
hash,2571929,137422173712,17177627834
hash,2571930,137422173720,17177627835
hash,2571931,80795072,9955504
hash,2571932,80795208,9955521
hash,2571933,80822336,9958912
hash,2571934,80799508,9956058
hash,2571935,137422173752,17177627839
hash,2571936,137422173760,17177627840
hash,2571937,137422173768,17177627841
hash,2571938,137422173776,17177627842
hash,2571939,137422173784,17177627843
hash,2571940,137422173792,17177627844
hash,2571941,137422173800,17177627845
hash,2571942,137422173912,17177627859
hash,2571943,81812584,10082693
hash,2571944,137422173928,17177627861
hash,2571945,137422173936,17177627862
hash,2571946,137422173944,17177627863
hash,2571947,137422173952,17177627864
hash,2571948,137422173960,17177627865
hash,2571949,137422173968,17177627866
hash,2571950,137422173976,17177627867
hash,2571951,137422174008,17177627871
hash,2571952,1175616,3072
hash,2571953,78451448,9662551
hash,2571954,1175649,3076
hash,2571955,137422174024,17177627873
hash,2571956,81812584,10082693
hash,2571957,137422174040,17177627875
hash,2571958,137422174048,17177627876
hash,2571959,137422174056,17177627877
hash,2571960,137422174064,17177627878
hash,2571961,137422174072,17177627879
hash,2571962,137422174080,17177627880
hash,2571963,137422174088,17177627881
hash,2571964,1175328,3036
hash,2571965,78466192,9664394
hash,2571966,1151774,91
hash,2571967,137422174056,17177627877
hash,2571968,78468008,9664621
hash,2571969,81812584,10082693
hash,2571970,78471112,9665009
hash,2571971,1175616,3072
hash,2571972,78451448,9662551
hash,2571973,1175840,3100
hash,2571974,1175656,3077
hash,2571975,137422173888,17177627856
hash,2571976,137422173896,17177627857
hash,2571977,137422173904,17177627858
hash,2571978,137422173912,17177627859
hash,2571979,137422173968,17177627866
hash,2571980,1175616,3072
hash,2571981,78451448,9662551
hash,2571982,1175640,3075
hash,2571983,1175856,3102
hash,2571984,137422173960,17177627865
hash,2571985,78474848,9665476
hash,2571986,78445160,9661765
hash,2571987,78474912,9665484
hash,2571988,78470296,9664907
hash,2571989,80795072,9955504
hash,2571990,81812560,10082690
hash,2571991,80795208,9955521
hash,2571992,80822336,9958912
hash,2571993,80799512,9956059
hash,2571994,137422173848,17177627851
hash,2571995,80795264,9955528
hash,2571996,80795288,9955531
hash,2571997,137422173848,17177627851
hash,2571998,80785512,9954309
hash,2571999,80795112,9955509
hash,2572000,80795072,9955504
hash,2572001,80795120,9955510
hash,2572002,80788400,9954670
hash,2572003,1151775,91
hash,2572004,1151774,91
hash,2572005,137422173752,17177627839
hash,2572006,137422173768,17177627841
hash,2572007,137422173784,17177627843
hash,2572008,137422173792,17177627844
hash,2572009,137422173800,17177627845
hash,2572010,137422173808,17177627846
hash,2572011,137422173816,17177627847
hash,2572012,137422173824,17177627848
hash,2572013,137422173832,17177627849
hash,2572014,80795072,9955504
hash,2572015,80795208,9955521
hash,2572016,80822336,9958912
hash,2572017,80799508,9956058
hash,2572018,137422173864,17177627853
hash,2572019,137422173872,17177627854
hash,2572020,137422173880,17177627855
hash,2572021,137422173888,17177627856
hash,2572022,137422173896,17177627857
hash,2572023,137422173904,17177627858
hash,2572024,137422173912,17177627859
hash,2572025,1175616,3072
hash,2572026,78451448,9662551
hash,2572027,137422173976,17177627867
hash,2572028,1175616,3072
hash,2572029,78451448,9662551
hash,2572030,1175649,3076
hash,2572031,137422173992,17177627869
hash,2572032,81812584,10082693
hash,2572033,137422174008,17177627871
hash,2572034,137422174016,17177627872
hash,2572035,137422174024,17177627873
hash,2572036,137422174032,17177627874
hash,2572037,137422174040,17177627875
hash,2572038,137422174048,17177627876
hash,2572039,137422174056,17177627877
hash,2572040,137422174064,17177627878
hash,2572041,137422174072,17177627879
hash,2572042,137422174080,17177627880
hash,2572043,137422174088,17177627881
hash,2572044,137422174104,17177627883
hash,2572045,67457312,8288284
hash,2572046,1175480,3055
hash,2572047,1175616,3072
hash,2572048,78451448,9662551
hash,2572049,1175648,3076
hash,2572050,78465144,9664263
hash,2572051,81812584,10082693
hash,2572052,78471112,9665009
hash,2572053,1175616,3072
hash,2572054,78451448,9662551
hash,2572055,1175840,3100
hash,2572056,1175656,3077
hash,2572057,137422173952,17177627864
hash,2572058,137422173960,17177627865
hash,2572059,137422173968,17177627866
hash,2572060,137422173976,17177627867
hash,2572061,137422174000,17177627870
hash,2572062,1175616,3072
hash,2572063,78451448,9662551
hash,2572064,1175872,3104
hash,2572065,1175849,3101
hash,2572066,1175848,3101
hash,2572067,1175856,3102
hash,2572068,78481840,9666350
hash,2572069,78450064,9662378
hash,2572070,78468136,9664637
hash,2572071,81812584,10082693
hash,2572072,78461464,9663803
hash,2572073,78465560,9664315
hash,2572074,78485512,9666809
hash,2572075,137422173800,17177627845
hash,2572076,1175832,3099
hash,2572077,78483480,9666555
hash,2572078,78482784,9666468
hash,2572079,137422173808,17177627846
hash,2572080,137422173816,17177627847
hash,2572081,137422173824,17177627848
hash,2572082,137422173832,17177627849
hash,2572083,137422173840,17177627850
hash,2572084,137422173848,17177627851
hash,2572085,1175648,3076
hash,2572086,78479760,9666090
hash,2572087,78479762,9666090
hash,2572088,137422173800,17177627845
hash,2572089,137422173880,17177627855
hash,2572090,137422173896,17177627857
hash,2572091,137422173895,17177627856
hash,2572092,78479712,9666084
hash,2572093,1175640,3075
hash,2572094,78474848,9665476
hash,2572095,78445160,9661765
hash,2572096,78474912,9665484
hash,2572097,78470296,9664907
hash,2572098,80795072,9955504
hash,2572099,81812560,10082690
hash,2572100,80795208,9955521
hash,2572101,80822336,9958912
hash,2572102,80799512,9956059
hash,2572103,137422173736,17177627837
hash,2572104,80795264,9955528
hash,2572105,80795288,9955531
hash,2572106,137422173736,17177627837
hash,2572107,80785512,9954309
hash,2572108,80795112,9955509
hash,2572109,80795072,9955504
hash,2572110,80795120,9955510
hash,2572111,80788400,9954670
hash,2572112,137422173846,17177627850
hash,2572113,137422173846,17177627850
hash,2572114,137422173640,17177627825
hash,2572115,137422173656,17177627827
hash,2572116,137422173672,17177627829
hash,2572117,137422173680,17177627830
hash,2572118,137422173688,17177627831
hash,2572119,137422173696,17177627832
hash,2572120,137422173704,17177627833
hash,2572121,137422173712,17177627834
hash,2572122,137422173720,17177627835
hash,2572123,80795072,9955504
hash,2572124,80795208,9955521
hash,2572125,80822336,9958912
hash,2572126,80799508,9956058
hash,2572127,137422173752,17177627839
hash,2572128,137422173760,17177627840
hash,2572129,137422173768,17177627841
hash,2572130,137422173776,17177627842
hash,2572131,137422173784,17177627843
hash,2572132,137422173792,17177627844
hash,2572133,137422173800,17177627845
hash,2572134,137422173912,17177627859
hash,2572135,81812584,10082693
hash,2572136,137422173928,17177627861
hash,2572137,137422173936,17177627862
hash,2572138,137422173944,17177627863
hash,2572139,137422173952,17177627864
hash,2572140,137422173960,17177627865
hash,2572141,137422173968,17177627866
hash,2572142,137422173976,17177627867
hash,2572143,137422174008,17177627871
hash,2572144,1175616,3072
hash,2572145,78451448,9662551
hash,2572146,1175649,3076
hash,2572147,137422174024,17177627873
hash,2572148,81812584,10082693
hash,2572149,137422174040,17177627875
hash,2572150,137422174048,17177627876
hash,2572151,137422174056,17177627877
hash,2572152,137422174064,17177627878
hash,2572153,137422174072,17177627879
hash,2572154,137422174080,17177627880
hash,2572155,137422174088,17177627881
hash,2572156,1175328,3036
hash,2572157,78466192,9664394
hash,2572158,1151784,93
hash,2572159,137422174056,17177627877
hash,2572160,78468008,9664621
hash,2572161,81812584,10082693
hash,2572162,78471112,9665009
hash,2572163,1175616,3072
hash,2572164,78451448,9662551
hash,2572165,1175840,3100
hash,2572166,1175656,3077
hash,2572167,137422173888,17177627856
hash,2572168,137422173896,17177627857
hash,2572169,137422173904,17177627858
hash,2572170,137422173912,17177627859
hash,2572171,137422173968,17177627866
hash,2572172,1175616,3072
hash,2572173,78451448,9662551
hash,2572174,1175640,3075
hash,2572175,1175856,3102
hash,2572176,137422173960,17177627865
hash,2572177,78474848,9665476
hash,2572178,78445160,9661765
hash,2572179,78474912,9665484
hash,2572180,78470296,9664907
hash,2572181,80795072,9955504
hash,2572182,81812560,10082690
hash,2572183,80795208,9955521
hash,2572184,80822336,9958912
hash,2572185,80799512,9956059
hash,2572186,137422173848,17177627851
hash,2572187,80795264,9955528
hash,2572188,80795288,9955531
hash,2572189,137422173848,17177627851
hash,2572190,80785512,9954309
hash,2572191,80795112,9955509
hash,2572192,80795072,9955504
hash,2572193,80795120,9955510
hash,2572194,80788400,9954670
hash,2572195,1151784,93
hash,2572196,137422173752,17177627839
hash,2572197,137422173768,17177627841
hash,2572198,137422173784,17177627843
hash,2572199,137422173792,17177627844
hash,2572200,137422173800,17177627845
hash,2572201,137422173808,17177627846
hash,2572202,137422173816,17177627847
hash,2572203,137422173824,17177627848
hash,2572204,137422173832,17177627849
hash,2572205,80795072,9955504
hash,2572206,80795208,9955521
hash,2572207,80822336,9958912
hash,2572208,80799508,9956058
hash,2572209,137422173864,17177627853
hash,2572210,137422173872,17177627854
hash,2572211,137422173880,17177627855
hash,2572212,137422173888,17177627856
hash,2572213,137422173896,17177627857
hash,2572214,137422173904,17177627858
hash,2572215,137422173912,17177627859
hash,2572216,1175616,3072
hash,2572217,78451448,9662551
hash,2572218,137422173976,17177627867
hash,2572219,1175616,3072
hash,2572220,78451448,9662551
hash,2572221,1175649,3076
hash,2572222,137422173992,17177627869
hash,2572223,81812584,10082693
hash,2572224,137422174008,17177627871
hash,2572225,137422174016,17177627872
hash,2572226,137422174024,17177627873
hash,2572227,137422174032,17177627874
hash,2572228,137422174040,17177627875
hash,2572229,137422174048,17177627876
hash,2572230,137422174056,17177627877
hash,2572231,137422174064,17177627878
hash,2572232,137422174072,17177627879
hash,2572233,137422174080,17177627880
hash,2572234,137422174088,17177627881
hash,2572235,137422174104,17177627883
hash,2572236,1175312,3034
hash,2572237,67457328,8288286
hash,2572238,67457320,8288285
hash,2572239,78468008,9664621
hash,2572240,81812584,10082693
hash,2572241,78471112,9665009
hash,2572242,1175616,3072
hash,2572243,78451448,9662551
hash,2572244,1175840,3100
hash,2572245,1175656,3077
hash,2572246,137422173920,17177627860
hash,2572247,137422173928,17177627861
hash,2572248,137422173936,17177627862
hash,2572249,137422173944,17177627863
hash,2572250,137422174000,17177627870
hash,2572251,1175616,3072
hash,2572252,78451448,9662551
hash,2572253,1175640,3075
hash,2572254,1175856,3102
hash,2572255,137422173992,17177627869
hash,2572256,78474848,9665476
hash,2572257,78445160,9661765
hash,2572258,78474912,9665484
hash,2572259,78470296,9664907
hash,2572260,80795072,9955504
hash,2572261,81812560,10082690
hash,2572262,80795208,9955521
hash,2572263,80822336,9958912
hash,2572264,80799512,9956059
hash,2572265,137422173880,17177627855
hash,2572266,80795264,9955528
hash,2572267,80795288,9955531
hash,2572268,137422173880,17177627855
hash,2572269,80785512,9954309
hash,2572270,80795112,9955509
hash,2572271,80795072,9955504
hash,2572272,80795120,9955510
hash,2572273,80788400,9954670
hash,2572274,67457338,8288287
hash,2572275,67457336,8288287
hash,2572276,137422173784,17177627843
hash,2572277,137422173800,17177627845
hash,2572278,137422173816,17177627847
hash,2572279,137422173824,17177627848
hash,2572280,137422173832,17177627849
hash,2572281,137422173840,17177627850
hash,2572282,137422173848,17177627851
hash,2572283,137422173856,17177627852
hash,2572284,137422173864,17177627853
hash,2572285,80795072,9955504
hash,2572286,80795208,9955521
hash,2572287,80822336,9958912
hash,2572288,80799508,9956058
hash,2572289,137422173896,17177627857
hash,2572290,137422173904,17177627858
hash,2572291,137422173912,17177627859
hash,2572292,137422173920,17177627860
hash,2572293,137422173928,17177627861
hash,2572294,137422173936,17177627862
hash,2572295,137422173944,17177627863
hash,2572296,1175616,3072
hash,2572297,78451448,9662551
hash,2572298,137422174008,17177627871
hash,2572299,1175616,3072
hash,2572300,78451448,9662551
hash,2572301,1175649,3076
hash,2572302,137422174024,17177627873
hash,2572303,81812584,10082693
hash,2572304,137422174040,17177627875
hash,2572305,137422174048,17177627876
hash,2572306,137422174056,17177627877
hash,2572307,137422174064,17177627878
hash,2572308,137422174072,17177627879
hash,2572309,137422174080,17177627880
hash,2572310,137422174088,17177627881
hash,2572311,1175328,3036
hash,2572312,78466192,9664394
hash,2572313,1151784,93
hash,2572314,137422174056,17177627877
hash,2572315,78468008,9664621
hash,2572316,81812584,10082693
hash,2572317,78471112,9665009
hash,2572318,1175616,3072
hash,2572319,78451448,9662551
hash,2572320,1175840,3100
hash,2572321,1175656,3077
hash,2572322,137422173888,17177627856
hash,2572323,137422173896,17177627857
hash,2572324,137422173904,17177627858
hash,2572325,137422173912,17177627859
hash,2572326,137422173968,17177627866
hash,2572327,1175616,3072
hash,2572328,78451448,9662551
hash,2572329,1175640,3075
hash,2572330,1175856,3102
hash,2572331,137422173960,17177627865
hash,2572332,78474848,9665476
hash,2572333,78445160,9661765
hash,2572334,78474912,9665484
hash,2572335,78470296,9664907
hash,2572336,80795072,9955504
hash,2572337,81812560,10082690
hash,2572338,80795208,9955521
hash,2572339,80822336,9958912
hash,2572340,80799512,9956059
hash,2572341,137422173848,17177627851
hash,2572342,80795264,9955528
hash,2572343,80795288,9955531
hash,2572344,137422173848,17177627851
hash,2572345,80785512,9954309
hash,2572346,80795112,9955509
hash,2572347,80795072,9955504
hash,2572348,80795120,9955510
hash,2572349,80788400,9954670
hash,2572350,1151784,93
hash,2572351,137422173752,17177627839
hash,2572352,137422173768,17177627841
hash,2572353,137422173784,17177627843
hash,2572354,137422173792,17177627844
hash,2572355,137422173800,17177627845
hash,2572356,137422173808,17177627846
hash,2572357,137422173816,17177627847
hash,2572358,137422173824,17177627848
hash,2572359,137422173832,17177627849
hash,2572360,80795072,9955504
hash,2572361,80795208,9955521
hash,2572362,80822336,9958912
hash,2572363,80799508,9956058
hash,2572364,137422173864,17177627853
hash,2572365,137422173872,17177627854
hash,2572366,137422173880,17177627855
hash,2572367,137422173888,17177627856
hash,2572368,137422173896,17177627857
hash,2572369,137422173904,17177627858
hash,2572370,137422173912,17177627859
hash,2572371,1175616,3072
hash,2572372,78451448,9662551
hash,2572373,137422173976,17177627867
hash,2572374,1175616,3072
hash,2572375,78451448,9662551
hash,2572376,1175649,3076
hash,2572377,137422173992,17177627869
hash,2572378,81812584,10082693
hash,2572379,137422174008,17177627871
hash,2572380,137422174016,17177627872
hash,2572381,137422174024,17177627873
hash,2572382,137422174032,17177627874
hash,2572383,137422174040,17177627875
hash,2572384,137422174048,17177627876
hash,2572385,137422174056,17177627877
hash,2572386,137422174064,17177627878
hash,2572387,137422174072,17177627879
hash,2572388,137422174080,17177627880
hash,2572389,137422174088,17177627881
hash,2572390,137422174104,17177627883
hash,2572391,67457316,8288284
hash,2572392,1175480,3055
hash,2572393,1175616,3072
hash,2572394,78451448,9662551
hash,2572395,1175648,3076
hash,2572396,78465144,9664263
hash,2572397,81812584,10082693
hash,2572398,78471112,9665009
hash,2572399,1175616,3072
hash,2572400,78451448,9662551
hash,2572401,1175840,3100
hash,2572402,1175656,3077
hash,2572403,137422173952,17177627864
hash,2572404,137422173960,17177627865
hash,2572405,137422173968,17177627866
hash,2572406,137422173976,17177627867
hash,2572407,137422174000,17177627870
hash,2572408,1175616,3072
hash,2572409,78451448,9662551
hash,2572410,1175872,3104
hash,2572411,1175849,3101
hash,2572412,1175848,3101
hash,2572413,1175856,3102
hash,2572414,78481840,9666350
hash,2572415,78450064,9662378
hash,2572416,78468136,9664637
hash,2572417,81812584,10082693
hash,2572418,78461464,9663803
hash,2572419,78465560,9664315
hash,2572420,78485512,9666809
hash,2572421,137422173800,17177627845
hash,2572422,1175832,3099
hash,2572423,78483480,9666555
hash,2572424,78482784,9666468
hash,2572425,137422173808,17177627846
hash,2572426,137422173816,17177627847
hash,2572427,137422173824,17177627848
hash,2572428,137422173832,17177627849
hash,2572429,137422173840,17177627850
hash,2572430,137422173848,17177627851
hash,2572431,1175648,3076
hash,2572432,78479759,9666089
hash,2572433,78479760,9666090
hash,2572434,137422173800,17177627845
hash,2572435,137422173880,17177627855
hash,2572436,137422173896,17177627857
hash,2572437,137422173895,17177627856
hash,2572438,78479712,9666084
hash,2572439,1175640,3075
hash,2572440,78474848,9665476
hash,2572441,78445160,9661765
hash,2572442,78474912,9665484
hash,2572443,78470296,9664907
hash,2572444,80795072,9955504
hash,2572445,81812560,10082690
hash,2572446,80795208,9955521
hash,2572447,80822336,9958912
hash,2572448,80799512,9956059
hash,2572449,137422173736,17177627837
hash,2572450,80795264,9955528
hash,2572451,80795288,9955531
hash,2572452,137422173736,17177627837
hash,2572453,80785512,9954309
hash,2572454,80795112,9955509
hash,2572455,80795072,9955504
hash,2572456,80795120,9955510
hash,2572457,80788400,9954670
hash,2572458,137422173846,17177627850
hash,2572459,137422173846,17177627850
hash,2572460,137422173640,17177627825
hash,2572461,137422173656,17177627827
hash,2572462,137422173672,17177627829
hash,2572463,137422173680,17177627830
hash,2572464,137422173688,17177627831
hash,2572465,137422173696,17177627832
hash,2572466,137422173704,17177627833
hash,2572467,137422173712,17177627834
hash,2572468,137422173720,17177627835
hash,2572469,80795072,9955504
hash,2572470,80795208,9955521
hash,2572471,80822336,9958912
hash,2572472,80799508,9956058
hash,2572473,137422173752,17177627839
hash,2572474,137422173760,17177627840
hash,2572475,137422173768,17177627841
hash,2572476,137422173776,17177627842
hash,2572477,137422173784,17177627843
hash,2572478,137422173792,17177627844
hash,2572479,137422173800,17177627845
hash,2572480,137422173912,17177627859
hash,2572481,81812584,10082693
hash,2572482,137422173928,17177627861
hash,2572483,137422173936,17177627862
hash,2572484,137422173944,17177627863
hash,2572485,137422173952,17177627864
hash,2572486,137422173960,17177627865
hash,2572487,137422173968,17177627866
hash,2572488,137422173976,17177627867
hash,2572489,137422174008,17177627871
hash,2572490,1175616,3072
hash,2572491,78451448,9662551
hash,2572492,1175649,3076
hash,2572493,137422174024,17177627873
hash,2572494,81812584,10082693
hash,2572495,137422174040,17177627875
hash,2572496,137422174048,17177627876
hash,2572497,137422174056,17177627877
hash,2572498,137422174064,17177627878
hash,2572499,137422174072,17177627879
hash,2572500,137422174080,17177627880
hash,2572501,137422174088,17177627881
hash,2572502,1175328,3036
hash,2572503,78466192,9664394
hash,2572504,1151784,93
hash,2572505,137422174056,17177627877
hash,2572506,78468008,9664621
hash,2572507,81812584,10082693
hash,2572508,78471112,9665009
hash,2572509,1175616,3072
hash,2572510,78451448,9662551
hash,2572511,1175840,3100
hash,2572512,1175656,3077
hash,2572513,137422173888,17177627856
hash,2572514,137422173896,17177627857
hash,2572515,137422173904,17177627858
hash,2572516,137422173912,17177627859
hash,2572517,137422173968,17177627866
hash,2572518,1175616,3072
hash,2572519,78451448,9662551
hash,2572520,1175640,3075
hash,2572521,1175856,3102
hash,2572522,137422173960,17177627865
hash,2572523,78474848,9665476
hash,2572524,78445160,9661765
hash,2572525,78474912,9665484
hash,2572526,78470296,9664907
hash,2572527,80795072,9955504
hash,2572528,81812560,10082690
hash,2572529,80795208,9955521
hash,2572530,80822336,9958912
hash,2572531,80799512,9956059
hash,2572532,137422173848,17177627851
hash,2572533,80795264,9955528
hash,2572534,80795288,9955531
hash,2572535,137422173848,17177627851
hash,2572536,80785512,9954309
hash,2572537,80795112,9955509
hash,2572538,80795072,9955504
hash,2572539,80795120,9955510
hash,2572540,80788400,9954670
hash,2572541,1151784,93
hash,2572542,137422173752,17177627839
hash,2572543,137422173768,17177627841
hash,2572544,137422173784,17177627843
hash,2572545,137422173792,17177627844
hash,2572546,137422173800,17177627845
hash,2572547,137422173808,17177627846
hash,2572548,137422173816,17177627847
hash,2572549,137422173824,17177627848
hash,2572550,137422173832,17177627849
hash,2572551,80795072,9955504
hash,2572552,80795208,9955521
hash,2572553,80822336,9958912
hash,2572554,80799508,9956058
hash,2572555,137422173864,17177627853
hash,2572556,137422173872,17177627854
hash,2572557,137422173880,17177627855
hash,2572558,137422173888,17177627856
hash,2572559,137422173896,17177627857
hash,2572560,137422173904,17177627858
hash,2572561,137422173912,17177627859
hash,2572562,1175616,3072
hash,2572563,78451448,9662551
hash,2572564,137422173976,17177627867
hash,2572565,1175616,3072
hash,2572566,78451448,9662551
hash,2572567,1175649,3076
hash,2572568,137422173992,17177627869
hash,2572569,81812584,10082693
hash,2572570,137422174008,17177627871
hash,2572571,137422174016,17177627872
hash,2572572,137422174024,17177627873
hash,2572573,137422174032,17177627874
hash,2572574,137422174040,17177627875
hash,2572575,137422174048,17177627876
hash,2572576,137422174056,17177627877
hash,2572577,137422174064,17177627878
hash,2572578,137422174072,17177627879
hash,2572579,137422174080,17177627880
hash,2572580,137422174088,17177627881
hash,2572581,137422174104,17177627883
hash,2572582,1175312,3034
hash,2572583,67457360,8288290
hash,2572584,67457352,8288289
hash,2572585,78468008,9664621
hash,2572586,81812584,10082693
hash,2572587,78471112,9665009
hash,2572588,1175616,3072
hash,2572589,78451448,9662551
hash,2572590,1175840,3100
hash,2572591,1175656,3077
hash,2572592,137422173920,17177627860
hash,2572593,137422173928,17177627861
hash,2572594,137422173936,17177627862
hash,2572595,137422173944,17177627863
hash,2572596,137422174000,17177627870
hash,2572597,1175616,3072
hash,2572598,78451448,9662551
hash,2572599,1175640,3075
hash,2572600,1175856,3102
hash,2572601,137422173992,17177627869
hash,2572602,78474848,9665476
hash,2572603,78445160,9661765
hash,2572604,78474912,9665484
hash,2572605,78470296,9664907
hash,2572606,80795072,9955504
hash,2572607,81812560,10082690
hash,2572608,80795208,9955521
hash,2572609,80822336,9958912
hash,2572610,80799512,9956059
hash,2572611,137422173880,17177627855
hash,2572612,80795264,9955528
hash,2572613,80795288,9955531
hash,2572614,137422173880,17177627855
hash,2572615,80785512,9954309
hash,2572616,80795112,9955509
hash,2572617,80795072,9955504
hash,2572618,80795120,9955510
hash,2572619,80788400,9954670
hash,2572620,67457372,8288291
hash,2572621,67457368,8288291
hash,2572622,137422173784,17177627843
hash,2572623,137422173800,17177627845
hash,2572624,137422173816,17177627847
hash,2572625,137422173824,17177627848
hash,2572626,137422173832,17177627849
hash,2572627,137422173840,17177627850
hash,2572628,137422173848,17177627851
hash,2572629,137422173856,17177627852
hash,2572630,137422173864,17177627853
hash,2572631,80795072,9955504
hash,2572632,80795208,9955521
hash,2572633,80822336,9958912
hash,2572634,80799508,9956058
hash,2572635,137422173896,17177627857
hash,2572636,137422173904,17177627858
hash,2572637,137422173912,17177627859
hash,2572638,137422173920,17177627860
hash,2572639,137422173928,17177627861
hash,2572640,137422173936,17177627862
hash,2572641,137422173944,17177627863
hash,2572642,1175616,3072
hash,2572643,78451448,9662551
hash,2572644,137422174008,17177627871
hash,2572645,1175616,3072
hash,2572646,78451448,9662551
hash,2572647,1175649,3076
hash,2572648,137422174024,17177627873
hash,2572649,81812584,10082693
hash,2572650,137422174040,17177627875
hash,2572651,137422174048,17177627876
hash,2572652,137422174056,17177627877
hash,2572653,137422174064,17177627878
hash,2572654,137422174072,17177627879
hash,2572655,137422174080,17177627880
hash,2572656,137422174088,17177627881
hash,2572657,1175328,3036
hash,2572658,78466192,9664394
hash,2572659,1151784,93
hash,2572660,137422174056,17177627877
hash,2572661,78468008,9664621
hash,2572662,81812584,10082693
hash,2572663,78471112,9665009
hash,2572664,1175616,3072
hash,2572665,78451448,9662551
hash,2572666,1175840,3100
hash,2572667,1175656,3077
hash,2572668,137422173888,17177627856
hash,2572669,137422173896,17177627857
hash,2572670,137422173904,17177627858
hash,2572671,137422173912,17177627859
hash,2572672,137422173968,17177627866
hash,2572673,1175616,3072
hash,2572674,78451448,9662551
hash,2572675,1175640,3075
hash,2572676,1175856,3102
hash,2572677,137422173960,17177627865
hash,2572678,78474848,9665476
hash,2572679,78445160,9661765
hash,2572680,78474912,9665484
hash,2572681,78470296,9664907
hash,2572682,80795072,9955504
hash,2572683,81812560,10082690
hash,2572684,80795208,9955521
hash,2572685,80822336,9958912
hash,2572686,80799512,9956059
hash,2572687,137422173848,17177627851
hash,2572688,80795264,9955528
hash,2572689,80795288,9955531
hash,2572690,137422173848,17177627851
hash,2572691,80785512,9954309
hash,2572692,80795112,9955509
hash,2572693,80795072,9955504
hash,2572694,80795120,9955510
hash,2572695,80788400,9954670
hash,2572696,1151784,93
hash,2572697,137422173752,17177627839
hash,2572698,137422173768,17177627841
hash,2572699,137422173784,17177627843
hash,2572700,137422173792,17177627844
hash,2572701,137422173800,17177627845
hash,2572702,137422173808,17177627846
hash,2572703,137422173816,17177627847
hash,2572704,137422173824,17177627848
hash,2572705,137422173832,17177627849
hash,2572706,80795072,9955504
hash,2572707,80795208,9955521
hash,2572708,80822336,9958912
hash,2572709,80799508,9956058
hash,2572710,137422173864,17177627853
hash,2572711,137422173872,17177627854
hash,2572712,137422173880,17177627855
hash,2572713,137422173888,17177627856
hash,2572714,137422173896,17177627857
hash,2572715,137422173904,17177627858
hash,2572716,137422173912,17177627859
hash,2572717,1175616,3072
hash,2572718,78451448,9662551
hash,2572719,137422173976,17177627867
hash,2572720,1175616,3072
hash,2572721,78451448,9662551
hash,2572722,1175649,3076
hash,2572723,137422173992,17177627869
hash,2572724,81812584,10082693
hash,2572725,137422174008,17177627871
hash,2572726,137422174016,17177627872
hash,2572727,137422174024,17177627873
hash,2572728,137422174032,17177627874
hash,2572729,137422174040,17177627875
hash,2572730,137422174048,17177627876
hash,2572731,137422174056,17177627877
hash,2572732,137422174064,17177627878
hash,2572733,137422174072,17177627879
hash,2572734,137422174080,17177627880
hash,2572735,137422174088,17177627881
hash,2572736,137422174104,17177627883
hash,2572737,1175312,3034
hash,2572738,67457392,8288294
hash,2572739,67457384,8288293
hash,2572740,78468008,9664621
hash,2572741,81812584,10082693
hash,2572742,78471112,9665009
hash,2572743,1175616,3072
hash,2572744,78451448,9662551
hash,2572745,1175840,3100
hash,2572746,1175656,3077
hash,2572747,137422173920,17177627860
hash,2572748,137422173928,17177627861
hash,2572749,137422173936,17177627862
hash,2572750,137422173944,17177627863
hash,2572751,137422174000,17177627870
hash,2572752,1175616,3072
hash,2572753,78451448,9662551
hash,2572754,1175640,3075
hash,2572755,1175856,3102
hash,2572756,137422173992,17177627869
hash,2572757,78474848,9665476
hash,2572758,78445160,9661765
hash,2572759,78474912,9665484
hash,2572760,78470296,9664907
hash,2572761,80795072,9955504
hash,2572762,81812560,10082690
hash,2572763,80795208,9955521
hash,2572764,80822336,9958912
hash,2572765,80799512,9956059
hash,2572766,137422173880,17177627855
hash,2572767,80795264,9955528
hash,2572768,80795288,9955531
hash,2572769,137422173880,17177627855
hash,2572770,80785512,9954309
hash,2572771,80795112,9955509
hash,2572772,80795072,9955504
hash,2572773,80795120,9955510
hash,2572774,80788400,9954670
hash,2572775,67457400,8288295
hash,2572776,67457400,8288295
hash,2572777,137422173784,17177627843
hash,2572778,137422173800,17177627845
hash,2572779,137422173816,17177627847
hash,2572780,137422173824,17177627848
hash,2572781,137422173832,17177627849
hash,2572782,137422173840,17177627850
hash,2572783,137422173848,17177627851
hash,2572784,137422173856,17177627852
hash,2572785,137422173864,17177627853
hash,2572786,80795072,9955504
hash,2572787,80795208,9955521
hash,2572788,80822336,9958912
hash,2572789,80799508,9956058
hash,2572790,137422173896,17177627857
hash,2572791,137422173904,17177627858
hash,2572792,137422173912,17177627859
hash,2572793,137422173920,17177627860
hash,2572794,137422173928,17177627861
hash,2572795,137422173936,17177627862
hash,2572796,137422173944,17177627863
hash,2572797,1175616,3072
hash,2572798,78451448,9662551
hash,2572799,137422174008,17177627871
hash,2572800,1175616,3072
hash,2572801,78451448,9662551
hash,2572802,1175649,3076
hash,2572803,137422174024,17177627873
hash,2572804,81812584,10082693
hash,2572805,137422174040,17177627875
hash,2572806,137422174048,17177627876
hash,2572807,137422174056,17177627877
hash,2572808,137422174064,17177627878
hash,2572809,137422174072,17177627879
hash,2572810,137422174080,17177627880
hash,2572811,137422174088,17177627881
hash,2572812,1175328,3036
hash,2572813,78466192,9664394
hash,2572814,1151784,93
hash,2572815,137422174056,17177627877
hash,2572816,78468008,9664621
hash,2572817,81812584,10082693
hash,2572818,78471112,9665009
hash,2572819,1175616,3072
hash,2572820,78451448,9662551
hash,2572821,1175840,3100
hash,2572822,1175656,3077
hash,2572823,137422173888,17177627856
hash,2572824,137422173896,17177627857
hash,2572825,137422173904,17177627858
hash,2572826,137422173912,17177627859
hash,2572827,137422173968,17177627866
hash,2572828,1175616,3072
hash,2572829,78451448,9662551
hash,2572830,1175640,3075
hash,2572831,1175856,3102
hash,2572832,137422173960,17177627865
hash,2572833,78474848,9665476
hash,2572834,78445160,9661765
hash,2572835,78474912,9665484
hash,2572836,78470296,9664907
hash,2572837,80795072,9955504
hash,2572838,81812560,10082690
hash,2572839,80795208,9955521
hash,2572840,80822336,9958912
hash,2572841,80799512,9956059
hash,2572842,137422173848,17177627851
hash,2572843,80795264,9955528
hash,2572844,80795288,9955531
hash,2572845,137422173848,17177627851
hash,2572846,80785512,9954309
hash,2572847,80795112,9955509
hash,2572848,80795072,9955504
hash,2572849,80795120,9955510
hash,2572850,80788400,9954670
hash,2572851,1151784,93
hash,2572852,137422173752,17177627839
hash,2572853,137422173768,17177627841
hash,2572854,137422173784,17177627843
hash,2572855,137422173792,17177627844
hash,2572856,137422173800,17177627845
hash,2572857,137422173808,17177627846
hash,2572858,137422173816,17177627847
hash,2572859,137422173824,17177627848
hash,2572860,137422173832,17177627849
hash,2572861,80795072,9955504
hash,2572862,80795208,9955521
hash,2572863,80822336,9958912
hash,2572864,80799508,9956058
hash,2572865,137422173864,17177627853
hash,2572866,137422173872,17177627854
hash,2572867,137422173880,17177627855
hash,2572868,137422173888,17177627856
hash,2572869,137422173896,17177627857
hash,2572870,137422173904,17177627858
hash,2572871,137422173912,17177627859
hash,2572872,1175616,3072
hash,2572873,78451448,9662551
hash,2572874,137422173976,17177627867
hash,2572875,1175616,3072
hash,2572876,78451448,9662551
hash,2572877,1175649,3076
hash,2572878,137422173992,17177627869
hash,2572879,81812584,10082693
hash,2572880,137422174008,17177627871
hash,2572881,137422174016,17177627872
hash,2572882,137422174024,17177627873
hash,2572883,137422174032,17177627874
hash,2572884,137422174040,17177627875
hash,2572885,137422174048,17177627876
hash,2572886,137422174056,17177627877
hash,2572887,137422174064,17177627878
hash,2572888,137422174072,17177627879
hash,2572889,137422174080,17177627880
hash,2572890,137422174088,17177627881
hash,2572891,137422174104,17177627883
hash,2572892,1175312,3034
hash,2572893,67457424,8288298
hash,2572894,67457416,8288297
hash,2572895,78468008,9664621
hash,2572896,81812584,10082693
hash,2572897,78471112,9665009
hash,2572898,1175616,3072
hash,2572899,78451448,9662551
hash,2572900,1175840,3100
hash,2572901,1175656,3077
hash,2572902,137422173920,17177627860
hash,2572903,137422173928,17177627861
hash,2572904,137422173936,17177627862
hash,2572905,137422173944,17177627863
hash,2572906,137422174000,17177627870
hash,2572907,1175616,3072
hash,2572908,78451448,9662551
hash,2572909,1175640,3075
hash,2572910,1175856,3102
hash,2572911,137422173992,17177627869
hash,2572912,78474848,9665476
hash,2572913,78445160,9661765
hash,2572914,78474912,9665484
hash,2572915,78470296,9664907
hash,2572916,80795072,9955504
hash,2572917,81812560,10082690
hash,2572918,80795208,9955521
hash,2572919,80822336,9958912
hash,2572920,80799512,9956059
hash,2572921,137422173880,17177627855
hash,2572922,80795264,9955528
hash,2572923,80795288,9955531
hash,2572924,137422173880,17177627855
hash,2572925,80785512,9954309
hash,2572926,80795112,9955509
hash,2572927,80795072,9955504
hash,2572928,80795120,9955510
hash,2572929,80788400,9954670
hash,2572930,67457434,8288299
hash,2572931,67457432,8288299
hash,2572932,137422173784,17177627843
hash,2572933,137422173800,17177627845
hash,2572934,137422173816,17177627847
hash,2572935,137422173824,17177627848
hash,2572936,137422173832,17177627849
hash,2572937,137422173840,17177627850
hash,2572938,137422173848,17177627851
hash,2572939,137422173856,17177627852
hash,2572940,137422173864,17177627853
hash,2572941,80795072,9955504
hash,2572942,80795208,9955521
hash,2572943,80822336,9958912
hash,2572944,80799508,9956058
hash,2572945,137422173896,17177627857
hash,2572946,137422173904,17177627858
hash,2572947,137422173912,17177627859
hash,2572948,137422173920,17177627860
hash,2572949,137422173928,17177627861
hash,2572950,137422173936,17177627862
hash,2572951,137422173944,17177627863
hash,2572952,1175616,3072
hash,2572953,78451448,9662551
hash,2572954,137422174008,17177627871
hash,2572955,1175616,3072
hash,2572956,78451448,9662551
hash,2572957,1175649,3076
hash,2572958,137422174024,17177627873
hash,2572959,81812584,10082693
hash,2572960,137422174040,17177627875
hash,2572961,137422174048,17177627876
hash,2572962,137422174056,17177627877
hash,2572963,137422174064,17177627878
hash,2572964,137422174072,17177627879
hash,2572965,137422174080,17177627880
hash,2572966,137422174088,17177627881
hash,2572967,1175368,3041
hash,2572968,1175616,3072
hash,2572969,78451448,9662551
hash,2572970,1175640,3075
hash,2572971,137422174060,17177627877
hash,2572972,78464656,9664202
hash,2572973,81812584,10082693
hash,2572974,78471112,9665009
hash,2572975,1175616,3072
hash,2572976,78451448,9662551
hash,2572977,1175840,3100
hash,2572978,1175656,3077
hash,2572979,137422173936,17177627862
hash,2572980,137422173944,17177627863
hash,2572981,137422173952,17177627864
hash,2572982,137422173960,17177627865
hash,2572983,137422173968,17177627866
hash,2572984,1175616,3072
hash,2572985,78451448,9662551
hash,2572986,1175856,3102
hash,2572987,78474888,9665481
hash,2572988,78474896,9665482
hash,2572989,78474848,9665476
hash,2572990,78445168,9661766
hash,2572991,78474912,9665484
hash,2572992,78468040,9664625
hash,2572993,80795188,9955518
hash,2572994,80795112,9955509
hash,2572995,80795120,9955510
hash,2572996,137422173928,17177627861
hash,2572997,137422173936,17177627862
hash,2572998,137422173944,17177627863
hash,2572999,137422173952,17177627864
hash,2573000,137422173960,17177627865
hash,2573001,137422173976,17177627867
hash,2573002,1175616,3072
hash,2573003,78451448,9662551
hash,2573004,1175649,3076
hash,2573005,137422173992,17177627869
hash,2573006,81812584,10082693
hash,2573007,137422174008,17177627871
hash,2573008,137422174016,17177627872
hash,2573009,137422174024,17177627873
hash,2573010,137422174032,17177627874
hash,2573011,137422174040,17177627875
hash,2573012,137422174072,17177627879
hash,2573013,137422174080,17177627880
hash,2573014,137422174088,17177627881
hash,2573015,137422174112,17177627884
hash,2573016,137422174120,17177627885
hash,2573017,137422174136,17177627887
hash,2573018,137422174156,17177627889
hash,2573019,137422174072,17177627879
hash,2573020,137422174068,17177627878
hash,2573021,137422174040,17177627875
hash,2573022,137422174728,17177627961
hash,2573023,137422174036,17177627874
hash,2573024,137422174048,17177627876
hash,2573025,137422174056,17177627877
hash,2573026,137422174088,17177627881
hash,2573027,137422174040,17177627875
hash,2573028,67443228,8286523
hash,2573029,137422174048,17177627876
hash,2573030,137422174056,17177627877
hash,2573031,137422174088,17177627881
hash,2573032,137422174040,17177627875
hash,2573033,67443228,8286523
hash,2573034,137422174048,17177627876
hash,2573035,137422174056,17177627877
hash,2573036,137422174084,17177627880
hash,2573037,1175328,3036
hash,2573038,78466192,9664394
hash,2573039,1151787,93
hash,2573040,137422174024,17177627873
hash,2573041,78468008,9664621
hash,2573042,81812584,10082693
hash,2573043,78471112,9665009
hash,2573044,1175616,3072
hash,2573045,78451448,9662551
hash,2573046,1175840,3100
hash,2573047,1175656,3077
hash,2573048,137422173856,17177627852
hash,2573049,137422173864,17177627853
hash,2573050,137422173872,17177627854
hash,2573051,137422173880,17177627855
hash,2573052,137422173936,17177627862
hash,2573053,1175616,3072
hash,2573054,78451448,9662551
hash,2573055,1175640,3075
hash,2573056,1175856,3102
hash,2573057,137422173928,17177627861
hash,2573058,78474848,9665476
hash,2573059,78445160,9661765
hash,2573060,78474912,9665484
hash,2573061,78470296,9664907
hash,2573062,80795072,9955504
hash,2573063,81812560,10082690
hash,2573064,80795208,9955521
hash,2573065,80822336,9958912
hash,2573066,80799512,9956059
hash,2573067,137422173816,17177627847
hash,2573068,80795264,9955528
hash,2573069,80795288,9955531
hash,2573070,137422173816,17177627847
hash,2573071,80785512,9954309
hash,2573072,80795112,9955509
hash,2573073,80795072,9955504
hash,2573074,80795120,9955510
hash,2573075,80788400,9954670
hash,2573076,1151787,93
hash,2573077,1151787,93
hash,2573078,137422173720,17177627835
hash,2573079,137422173736,17177627837
hash,2573080,137422173752,17177627839
hash,2573081,137422173760,17177627840
hash,2573082,137422173768,17177627841
hash,2573083,137422173776,17177627842
hash,2573084,137422173784,17177627843
hash,2573085,137422173792,17177627844
hash,2573086,137422173800,17177627845
hash,2573087,80795072,9955504
hash,2573088,80795208,9955521
hash,2573089,80822336,9958912
hash,2573090,80799508,9956058
hash,2573091,137422173832,17177627849
hash,2573092,137422173840,17177627850
hash,2573093,137422173848,17177627851
hash,2573094,137422173856,17177627852
hash,2573095,137422173864,17177627853
hash,2573096,137422173872,17177627854
hash,2573097,137422173880,17177627855
hash,2573098,1175616,3072
hash,2573099,78451448,9662551
hash,2573100,137422173944,17177627863
hash,2573101,1175616,3072
hash,2573102,78451448,9662551
hash,2573103,1175649,3076
hash,2573104,137422173960,17177627865
hash,2573105,81812584,10082693
hash,2573106,137422173976,17177627867
hash,2573107,137422173984,17177627868
hash,2573108,137422173992,17177627869
hash,2573109,137422174000,17177627870
hash,2573110,137422174008,17177627871
hash,2573111,137422174016,17177627872
hash,2573112,137422174024,17177627873
hash,2573113,137422174032,17177627874
hash,2573114,137422174040,17177627875
hash,2573115,137422174048,17177627876
hash,2573116,137422174056,17177627877
hash,2573117,137422174084,17177627880
hash,2573118,1175480,3055
hash,2573119,1175616,3072
hash,2573120,78451448,9662551
hash,2573121,1175648,3076
hash,2573122,78465144,9664263
hash,2573123,81812584,10082693
hash,2573124,78471112,9665009
hash,2573125,1175616,3072
hash,2573126,78451448,9662551
hash,2573127,1175840,3100
hash,2573128,1175656,3077
hash,2573129,137422173920,17177627860
hash,2573130,137422173928,17177627861
hash,2573131,137422173936,17177627862
hash,2573132,137422173944,17177627863
hash,2573133,137422173968,17177627866
hash,2573134,1175616,3072
hash,2573135,78451448,9662551
hash,2573136,1175872,3104
hash,2573137,1175849,3101
hash,2573138,1175848,3101
hash,2573139,1175856,3102
hash,2573140,78481840,9666350
hash,2573141,78450064,9662378
hash,2573142,78468136,9664637
hash,2573143,81812584,10082693
hash,2573144,78461464,9663803
hash,2573145,78465560,9664315
hash,2573146,78485512,9666809
hash,2573147,137422173768,17177627841
hash,2573148,1175832,3099
hash,2573149,78483480,9666555
hash,2573150,78482784,9666468
hash,2573151,137422173776,17177627842
hash,2573152,137422173784,17177627843
hash,2573153,137422173792,17177627844
hash,2573154,137422173800,17177627845
hash,2573155,137422173808,17177627846
hash,2573156,137422173816,17177627847
hash,2573157,1175648,3076
hash,2573158,78479759,9666089
hash,2573159,137422173768,17177627841
hash,2573160,137422173848,17177627851
hash,2573161,137422173864,17177627853
hash,2573162,137422173863,17177627852
hash,2573163,78479712,9666084
hash,2573164,1175640,3075
hash,2573165,78474848,9665476
hash,2573166,78445160,9661765
hash,2573167,78474912,9665484
hash,2573168,78470296,9664907
hash,2573169,80795072,9955504
hash,2573170,81812560,10082690
hash,2573171,80795208,9955521
hash,2573172,80822336,9958912
hash,2573173,80799512,9956059
hash,2573174,137422173704,17177627833
hash,2573175,80795264,9955528
hash,2573176,80795288,9955531
hash,2573177,137422173704,17177627833
hash,2573178,80785512,9954309
hash,2573179,80795112,9955509
hash,2573180,80795072,9955504
hash,2573181,80795120,9955510
hash,2573182,80788400,9954670
hash,2573183,137422173815,17177627846
hash,2573184,137422173608,17177627821
hash,2573185,137422173624,17177627823
hash,2573186,137422173640,17177627825
hash,2573187,137422173648,17177627826
hash,2573188,137422173656,17177627827
hash,2573189,137422173664,17177627828
hash,2573190,137422173672,17177627829
hash,2573191,137422173680,17177627830
hash,2573192,137422173688,17177627831
hash,2573193,80795072,9955504
hash,2573194,80795208,9955521
hash,2573195,80822336,9958912
hash,2573196,80799508,9956058
hash,2573197,137422173720,17177627835
hash,2573198,137422173728,17177627836
hash,2573199,137422173736,17177627837
hash,2573200,137422173744,17177627838
hash,2573201,137422173752,17177627839
hash,2573202,137422173760,17177627840
hash,2573203,137422173768,17177627841
hash,2573204,137422173880,17177627855
hash,2573205,81812584,10082693
hash,2573206,137422173896,17177627857
hash,2573207,137422173904,17177627858
hash,2573208,137422173912,17177627859
hash,2573209,137422173920,17177627860
hash,2573210,137422173928,17177627861
hash,2573211,137422173936,17177627862
hash,2573212,137422173944,17177627863
hash,2573213,137422173976,17177627867
hash,2573214,1175616,3072
hash,2573215,78451448,9662551
hash,2573216,1175649,3076
hash,2573217,137422173992,17177627869
hash,2573218,81812584,10082693
hash,2573219,137422174008,17177627871
hash,2573220,137422174016,17177627872
hash,2573221,137422174024,17177627873
hash,2573222,137422174032,17177627874
hash,2573223,137422174040,17177627875
hash,2573224,137422174048,17177627876
hash,2573225,137422174056,17177627877
hash,2573226,1175328,3036
hash,2573227,78466192,9664394
hash,2573228,1151796,94
hash,2573229,137422174024,17177627873
hash,2573230,78468008,9664621
hash,2573231,81812584,10082693
hash,2573232,78471112,9665009
hash,2573233,1175616,3072
hash,2573234,78451448,9662551
hash,2573235,1175840,3100
hash,2573236,1175656,3077
hash,2573237,137422173856,17177627852
hash,2573238,137422173864,17177627853
hash,2573239,137422173872,17177627854
hash,2573240,137422173880,17177627855
hash,2573241,137422173936,17177627862
hash,2573242,1175616,3072
hash,2573243,78451448,9662551
hash,2573244,1175640,3075
hash,2573245,1175856,3102
hash,2573246,137422173928,17177627861
hash,2573247,78474848,9665476
hash,2573248,78445160,9661765
hash,2573249,78474912,9665484
hash,2573250,78470296,9664907
hash,2573251,80795072,9955504
hash,2573252,81812560,10082690
hash,2573253,80795208,9955521
hash,2573254,80822336,9958912
hash,2573255,80799512,9956059
hash,2573256,137422173816,17177627847
hash,2573257,80795264,9955528
hash,2573258,80795288,9955531
hash,2573259,137422173816,17177627847
hash,2573260,80785512,9954309
hash,2573261,80795112,9955509
hash,2573262,80795072,9955504
hash,2573263,80795120,9955510
hash,2573264,80788400,9954670
hash,2573265,1151796,94
hash,2573266,137422173720,17177627835
hash,2573267,137422173736,17177627837
hash,2573268,137422173752,17177627839
hash,2573269,137422173760,17177627840
hash,2573270,137422173768,17177627841
hash,2573271,137422173776,17177627842
hash,2573272,137422173784,17177627843
hash,2573273,137422173792,17177627844
hash,2573274,137422173800,17177627845
hash,2573275,80795072,9955504
hash,2573276,80795208,9955521
hash,2573277,80822336,9958912
hash,2573278,80799508,9956058
hash,2573279,137422173832,17177627849
hash,2573280,137422173840,17177627850
hash,2573281,137422173848,17177627851
hash,2573282,137422173856,17177627852
hash,2573283,137422173864,17177627853
hash,2573284,137422173872,17177627854
hash,2573285,137422173880,17177627855
hash,2573286,1175616,3072
hash,2573287,78451448,9662551
hash,2573288,137422173944,17177627863
hash,2573289,1175616,3072
hash,2573290,78451448,9662551
hash,2573291,1175649,3076
hash,2573292,137422173960,17177627865
hash,2573293,81812584,10082693
hash,2573294,137422173976,17177627867
hash,2573295,137422173984,17177627868
hash,2573296,137422173992,17177627869
hash,2573297,137422174000,17177627870
hash,2573298,137422174008,17177627871
hash,2573299,137422174016,17177627872
hash,2573300,137422174024,17177627873
hash,2573301,137422174032,17177627874
hash,2573302,137422174040,17177627875
hash,2573303,137422174048,17177627876
hash,2573304,137422174056,17177627877
hash,2573305,137422174084,17177627880
hash,2573306,137422174088,17177627881
hash,2573307,137422174040,17177627875
hash,2573308,67443216,8286522
hash,2573309,137422174036,17177627874
hash,2573310,137422174048,17177627876
hash,2573311,137422174056,17177627877
hash,2573312,67519552,8296064
hash,2573313,1175480,3055
hash,2573314,1175616,3072
hash,2573315,78451448,9662551
hash,2573316,1175648,3076
hash,2573317,78465144,9664263
hash,2573318,81812584,10082693
hash,2573319,78471112,9665009
hash,2573320,1175616,3072
hash,2573321,78451448,9662551
hash,2573322,1175840,3100
hash,2573323,1175656,3077
hash,2573324,137422173920,17177627860
hash,2573325,137422173928,17177627861
hash,2573326,137422173936,17177627862
hash,2573327,137422173944,17177627863
hash,2573328,137422173968,17177627866
hash,2573329,1175616,3072
hash,2573330,78451448,9662551
hash,2573331,1175872,3104
hash,2573332,1175849,3101
hash,2573333,1175848,3101
hash,2573334,1175856,3102
hash,2573335,78481840,9666350
hash,2573336,78450064,9662378
hash,2573337,78468136,9664637
hash,2573338,81812584,10082693
hash,2573339,78461464,9663803
hash,2573340,78465560,9664315
hash,2573341,78485512,9666809
hash,2573342,137422173768,17177627841
hash,2573343,1175832,3099
hash,2573344,78483480,9666555
hash,2573345,78482784,9666468
hash,2573346,137422173776,17177627842
hash,2573347,137422173784,17177627843
hash,2573348,137422173792,17177627844
hash,2573349,137422173800,17177627845
hash,2573350,137422173808,17177627846
hash,2573351,137422173816,17177627847
hash,2573352,1175648,3076
hash,2573353,78479759,9666089
hash,2573354,137422173768,17177627841
hash,2573355,137422173848,17177627851
hash,2573356,137422173864,17177627853
hash,2573357,137422173863,17177627852
hash,2573358,78479712,9666084
hash,2573359,1175640,3075
hash,2573360,78474848,9665476
hash,2573361,78445160,9661765
hash,2573362,78474912,9665484
hash,2573363,78470296,9664907
hash,2573364,80795072,9955504
hash,2573365,81812560,10082690
hash,2573366,80795208,9955521
hash,2573367,80822336,9958912
hash,2573368,80799512,9956059
hash,2573369,137422173704,17177627833
hash,2573370,80795264,9955528
hash,2573371,80795288,9955531
hash,2573372,137422173704,17177627833
hash,2573373,80785512,9954309
hash,2573374,80795112,9955509
hash,2573375,80795072,9955504
hash,2573376,80795120,9955510
hash,2573377,80788400,9954670
hash,2573378,137422173815,17177627846
hash,2573379,137422173608,17177627821
hash,2573380,137422173624,17177627823
hash,2573381,137422173640,17177627825
hash,2573382,137422173648,17177627826
hash,2573383,137422173656,17177627827
hash,2573384,137422173664,17177627828
hash,2573385,137422173672,17177627829
hash,2573386,137422173680,17177627830
hash,2573387,137422173688,17177627831
hash,2573388,80795072,9955504
hash,2573389,80795208,9955521
hash,2573390,80822336,9958912
hash,2573391,80799508,9956058
hash,2573392,137422173720,17177627835
hash,2573393,137422173728,17177627836
hash,2573394,137422173736,17177627837
hash,2573395,137422173744,17177627838
hash,2573396,137422173752,17177627839
hash,2573397,137422173760,17177627840
hash,2573398,137422173768,17177627841
hash,2573399,137422173880,17177627855
hash,2573400,81812584,10082693
hash,2573401,137422173896,17177627857
hash,2573402,137422173904,17177627858
hash,2573403,137422173912,17177627859
hash,2573404,137422173920,17177627860
hash,2573405,137422173928,17177627861
hash,2573406,137422173936,17177627862
hash,2573407,137422173944,17177627863
hash,2573408,137422173976,17177627867
hash,2573409,1175616,3072
hash,2573410,78451448,9662551
hash,2573411,1175649,3076
hash,2573412,137422173992,17177627869
hash,2573413,81812584,10082693
hash,2573414,137422174008,17177627871
hash,2573415,137422174016,17177627872
hash,2573416,137422174024,17177627873
hash,2573417,137422174032,17177627874
hash,2573418,137422174040,17177627875
hash,2573419,137422174048,17177627876
hash,2573420,137422174056,17177627877
hash,2573421,1175328,3036
hash,2573422,78466192,9664394
hash,2573423,1151796,94
hash,2573424,137422174024,17177627873
hash,2573425,78468008,9664621
hash,2573426,81812584,10082693
hash,2573427,78471112,9665009
hash,2573428,1175616,3072
hash,2573429,78451448,9662551
hash,2573430,1175840,3100
hash,2573431,1175656,3077
hash,2573432,137422173856,17177627852
hash,2573433,137422173864,17177627853
hash,2573434,137422173872,17177627854
hash,2573435,137422173880,17177627855
hash,2573436,137422173936,17177627862
hash,2573437,1175616,3072
hash,2573438,78451448,9662551
hash,2573439,1175640,3075
hash,2573440,1175856,3102
hash,2573441,137422173928,17177627861
hash,2573442,78474848,9665476
hash,2573443,78445160,9661765
hash,2573444,78474912,9665484
hash,2573445,78470296,9664907
hash,2573446,80795072,9955504
hash,2573447,81812560,10082690
hash,2573448,80795208,9955521
hash,2573449,80822336,9958912
hash,2573450,80799512,9956059
hash,2573451,137422173816,17177627847
hash,2573452,80795264,9955528
hash,2573453,80795288,9955531
hash,2573454,137422173816,17177627847
hash,2573455,80785512,9954309
hash,2573456,80795112,9955509
hash,2573457,80795072,9955504
hash,2573458,80795120,9955510
hash,2573459,80788400,9954670
hash,2573460,1151796,94
hash,2573461,137422173720,17177627835
hash,2573462,137422173736,17177627837
hash,2573463,137422173752,17177627839
hash,2573464,137422173760,17177627840
hash,2573465,137422173768,17177627841
hash,2573466,137422173776,17177627842
hash,2573467,137422173784,17177627843
hash,2573468,137422173792,17177627844
hash,2573469,137422173800,17177627845
hash,2573470,80795072,9955504
hash,2573471,80795208,9955521
hash,2573472,80822336,9958912
hash,2573473,80799508,9956058
hash,2573474,137422173832,17177627849
hash,2573475,137422173840,17177627850
hash,2573476,137422173848,17177627851
hash,2573477,137422173856,17177627852
hash,2573478,137422173864,17177627853
hash,2573479,137422173872,17177627854
hash,2573480,137422173880,17177627855
hash,2573481,1175616,3072
hash,2573482,78451448,9662551
hash,2573483,137422173944,17177627863
hash,2573484,1175616,3072
hash,2573485,78451448,9662551
hash,2573486,1175649,3076
hash,2573487,137422173960,17177627865
hash,2573488,81812584,10082693
hash,2573489,137422173976,17177627867
hash,2573490,137422173984,17177627868
hash,2573491,137422173992,17177627869
hash,2573492,137422174000,17177627870
hash,2573493,137422174008,17177627871
hash,2573494,137422174016,17177627872
hash,2573495,137422174024,17177627873
hash,2573496,137422174032,17177627874
hash,2573497,137422174040,17177627875
hash,2573498,137422174048,17177627876
hash,2573499,137422174056,17177627877
hash,2573500,137422174084,17177627880
hash,2573501,137422174088,17177627881
hash,2573502,137422174040,17177627875
hash,2573503,67443216,8286522
hash,2573504,137422174036,17177627874
hash,2573505,137422174048,17177627876
hash,2573506,137422174056,17177627877
hash,2573507,67519556,8296064
hash,2573508,1175480,3055
hash,2573509,1175616,3072
hash,2573510,78451448,9662551
hash,2573511,1175648,3076
hash,2573512,78465144,9664263
hash,2573513,81812584,10082693
hash,2573514,78471112,9665009
hash,2573515,1175616,3072
hash,2573516,78451448,9662551
hash,2573517,1175840,3100
hash,2573518,1175656,3077
hash,2573519,137422173920,17177627860
hash,2573520,137422173928,17177627861
hash,2573521,137422173936,17177627862
hash,2573522,137422173944,17177627863
hash,2573523,137422173968,17177627866
hash,2573524,1175616,3072
hash,2573525,78451448,9662551
hash,2573526,1175872,3104
hash,2573527,1175849,3101
hash,2573528,1175848,3101
hash,2573529,1175856,3102
hash,2573530,78481840,9666350
hash,2573531,78450064,9662378
hash,2573532,78468136,9664637
hash,2573533,81812584,10082693
hash,2573534,78461464,9663803
hash,2573535,78465560,9664315
hash,2573536,78485512,9666809
hash,2573537,137422173768,17177627841
hash,2573538,1175832,3099
hash,2573539,78483480,9666555
hash,2573540,78482784,9666468
hash,2573541,137422173776,17177627842
hash,2573542,137422173784,17177627843
hash,2573543,137422173792,17177627844
hash,2573544,137422173800,17177627845
hash,2573545,137422173808,17177627846
hash,2573546,137422173816,17177627847
hash,2573547,1175648,3076
hash,2573548,78479760,9666090
hash,2573549,137422173768,17177627841
hash,2573550,137422173848,17177627851
hash,2573551,137422173864,17177627853
hash,2573552,137422173863,17177627852
hash,2573553,78479712,9666084
hash,2573554,1175640,3075
hash,2573555,78474848,9665476
hash,2573556,78445160,9661765
hash,2573557,78474912,9665484
hash,2573558,78470296,9664907
hash,2573559,80795072,9955504
hash,2573560,81812560,10082690
hash,2573561,80795208,9955521
hash,2573562,80822336,9958912
hash,2573563,80799512,9956059
hash,2573564,137422173704,17177627833
hash,2573565,80795264,9955528
hash,2573566,80795288,9955531
hash,2573567,137422173704,17177627833
hash,2573568,80785512,9954309
hash,2573569,80795112,9955509
hash,2573570,80795072,9955504
hash,2573571,80795120,9955510
hash,2573572,80788400,9954670
hash,2573573,137422173815,17177627846
hash,2573574,137422173608,17177627821
hash,2573575,137422173624,17177627823
hash,2573576,137422173640,17177627825
hash,2573577,137422173648,17177627826
hash,2573578,137422173656,17177627827
hash,2573579,137422173664,17177627828
hash,2573580,137422173672,17177627829
hash,2573581,137422173680,17177627830
hash,2573582,137422173688,17177627831
hash,2573583,80795072,9955504
hash,2573584,80795208,9955521
hash,2573585,80822336,9958912
hash,2573586,80799508,9956058
hash,2573587,137422173720,17177627835
hash,2573588,137422173728,17177627836
hash,2573589,137422173736,17177627837
hash,2573590,137422173744,17177627838
hash,2573591,137422173752,17177627839
hash,2573592,137422173760,17177627840
hash,2573593,137422173768,17177627841
hash,2573594,137422173880,17177627855
hash,2573595,81812584,10082693
hash,2573596,137422173896,17177627857
hash,2573597,137422173904,17177627858
hash,2573598,137422173912,17177627859
hash,2573599,137422173920,17177627860
hash,2573600,137422173928,17177627861
hash,2573601,137422173936,17177627862
hash,2573602,137422173944,17177627863
hash,2573603,137422173976,17177627867
hash,2573604,1175616,3072
hash,2573605,78451448,9662551
hash,2573606,1175649,3076
hash,2573607,137422173992,17177627869
hash,2573608,81812584,10082693
hash,2573609,137422174008,17177627871
hash,2573610,137422174016,17177627872
hash,2573611,137422174024,17177627873
hash,2573612,137422174032,17177627874
hash,2573613,137422174040,17177627875
hash,2573614,137422174048,17177627876
hash,2573615,137422174056,17177627877
hash,2573616,137422174084,17177627880
hash,2573617,137422174088,17177627881
hash,2573618,137422174040,17177627875
hash,2573619,67443228,8286523
hash,2573620,137422174048,17177627876
hash,2573621,137422174056,17177627877
hash,2573622,1175368,3041
hash,2573623,1175616,3072
hash,2573624,78451448,9662551
hash,2573625,1175640,3075
hash,2573626,137422174028,17177627873
hash,2573627,78464656,9664202
hash,2573628,81812584,10082693
hash,2573629,78471112,9665009
hash,2573630,1175616,3072
hash,2573631,78451448,9662551
hash,2573632,1175840,3100
hash,2573633,1175656,3077
hash,2573634,137422173904,17177627858
hash,2573635,137422173912,17177627859
hash,2573636,137422173920,17177627860
hash,2573637,137422173928,17177627861
hash,2573638,137422173936,17177627862
hash,2573639,1175616,3072
hash,2573640,78451448,9662551
hash,2573641,1175856,3102
hash,2573642,78474888,9665481
hash,2573643,78474896,9665482
hash,2573644,78474848,9665476
hash,2573645,78445168,9661766
hash,2573646,78474912,9665484
hash,2573647,78468040,9664625
hash,2573648,80795188,9955518
hash,2573649,80795112,9955509
hash,2573650,80795120,9955510
hash,2573651,137422173896,17177627857
hash,2573652,137422173904,17177627858
hash,2573653,137422173912,17177627859
hash,2573654,137422173920,17177627860
hash,2573655,137422173928,17177627861
hash,2573656,137422173944,17177627863
hash,2573657,1175616,3072
hash,2573658,78451448,9662551
hash,2573659,1175649,3076
hash,2573660,137422173960,17177627865
hash,2573661,81812584,10082693
hash,2573662,137422173976,17177627867
hash,2573663,137422173984,17177627868
hash,2573664,137422173992,17177627869
hash,2573665,137422174000,17177627870
hash,2573666,137422174008,17177627871
hash,2573667,137422174040,17177627875
hash,2573668,137422174048,17177627876
hash,2573669,137422174056,17177627877
hash,2573670,137422174088,17177627881
hash,2573671,137422174040,17177627875
hash,2573672,67443228,8286523
hash,2573673,137422174048,17177627876
hash,2573674,137422174056,17177627877
hash,2573675,137422174084,17177627880
hash,2573676,1175328,3036
hash,2573677,78466192,9664394
hash,2573678,1151787,93
hash,2573679,137422174024,17177627873
hash,2573680,78468008,9664621
hash,2573681,81812584,10082693
hash,2573682,78471112,9665009
hash,2573683,1175616,3072
hash,2573684,78451448,9662551
hash,2573685,1175840,3100
hash,2573686,1175656,3077
hash,2573687,137422173856,17177627852
hash,2573688,137422173864,17177627853
hash,2573689,137422173872,17177627854
hash,2573690,137422173880,17177627855
hash,2573691,137422173936,17177627862
hash,2573692,1175616,3072
hash,2573693,78451448,9662551
hash,2573694,1175640,3075
hash,2573695,1175856,3102
hash,2573696,137422173928,17177627861
hash,2573697,78474848,9665476
hash,2573698,78445160,9661765
hash,2573699,78474912,9665484
hash,2573700,78470296,9664907
hash,2573701,80795072,9955504
hash,2573702,81812560,10082690
hash,2573703,80795208,9955521
hash,2573704,80822336,9958912
hash,2573705,80799512,9956059
hash,2573706,137422173816,17177627847
hash,2573707,80795264,9955528
hash,2573708,80795288,9955531
hash,2573709,137422173816,17177627847
hash,2573710,80785512,9954309
hash,2573711,80795112,9955509
hash,2573712,80795072,9955504
hash,2573713,80795120,9955510
hash,2573714,80788400,9954670
hash,2573715,1151787,93
hash,2573716,1151787,93
hash,2573717,137422173720,17177627835
hash,2573718,137422173736,17177627837
hash,2573719,137422173752,17177627839
hash,2573720,137422173760,17177627840
hash,2573721,137422173768,17177627841
hash,2573722,137422173776,17177627842
hash,2573723,137422173784,17177627843
hash,2573724,137422173792,17177627844
hash,2573725,137422173800,17177627845
hash,2573726,80795072,9955504
hash,2573727,80795208,9955521
hash,2573728,80822336,9958912
hash,2573729,80799508,9956058
hash,2573730,137422173832,17177627849
hash,2573731,137422173840,17177627850
hash,2573732,137422173848,17177627851
hash,2573733,137422173856,17177627852
hash,2573734,137422173864,17177627853
hash,2573735,137422173872,17177627854
hash,2573736,137422173880,17177627855
hash,2573737,1175616,3072
hash,2573738,78451448,9662551
hash,2573739,137422173944,17177627863
hash,2573740,1175616,3072
hash,2573741,78451448,9662551
hash,2573742,1175649,3076
hash,2573743,137422173960,17177627865
hash,2573744,81812584,10082693
hash,2573745,137422173976,17177627867
hash,2573746,137422173984,17177627868
hash,2573747,137422173992,17177627869
hash,2573748,137422174000,17177627870
hash,2573749,137422174008,17177627871
hash,2573750,137422174016,17177627872
hash,2573751,137422174024,17177627873
hash,2573752,137422174032,17177627874
hash,2573753,137422174040,17177627875
hash,2573754,137422174048,17177627876
hash,2573755,137422174056,17177627877
hash,2573756,137422174084,17177627880
hash,2573757,1175480,3055
hash,2573758,1175616,3072
hash,2573759,78451448,9662551
hash,2573760,1175648,3076
hash,2573761,78465144,9664263
hash,2573762,81812584,10082693
hash,2573763,78471112,9665009
hash,2573764,1175616,3072
hash,2573765,78451448,9662551
hash,2573766,1175840,3100
hash,2573767,1175656,3077
hash,2573768,137422173920,17177627860
hash,2573769,137422173928,17177627861
hash,2573770,137422173936,17177627862
hash,2573771,137422173944,17177627863
hash,2573772,137422173968,17177627866
hash,2573773,1175616,3072
hash,2573774,78451448,9662551
hash,2573775,1175872,3104
hash,2573776,1175849,3101
hash,2573777,1175848,3101
hash,2573778,1175856,3102
hash,2573779,78481840,9666350
hash,2573780,78450064,9662378
hash,2573781,78468136,9664637
hash,2573782,81812584,10082693
hash,2573783,78461464,9663803
hash,2573784,78465560,9664315
hash,2573785,78485512,9666809
hash,2573786,137422173768,17177627841
hash,2573787,1175832,3099
hash,2573788,78483480,9666555
hash,2573789,78482784,9666468
hash,2573790,137422173776,17177627842
hash,2573791,137422173784,17177627843
hash,2573792,137422173792,17177627844
hash,2573793,137422173800,17177627845
hash,2573794,137422173808,17177627846
hash,2573795,137422173816,17177627847
hash,2573796,1175648,3076
hash,2573797,78479760,9666090
hash,2573798,137422173768,17177627841
hash,2573799,137422173848,17177627851
hash,2573800,137422173864,17177627853
hash,2573801,137422173863,17177627852
hash,2573802,78479712,9666084
hash,2573803,1175640,3075
hash,2573804,78474848,9665476
hash,2573805,78445160,9661765
hash,2573806,78474912,9665484
hash,2573807,78470296,9664907
hash,2573808,80795072,9955504
hash,2573809,81812560,10082690
hash,2573810,80795208,9955521
hash,2573811,80822336,9958912
hash,2573812,80799512,9956059
hash,2573813,137422173704,17177627833
hash,2573814,80795264,9955528
hash,2573815,80795288,9955531
hash,2573816,137422173704,17177627833
hash,2573817,80785512,9954309
hash,2573818,80795112,9955509
hash,2573819,80795072,9955504
hash,2573820,80795120,9955510
hash,2573821,80788400,9954670
hash,2573822,137422173815,17177627846
hash,2573823,137422173608,17177627821
hash,2573824,137422173624,17177627823
hash,2573825,137422173640,17177627825
hash,2573826,137422173648,17177627826
hash,2573827,137422173656,17177627827
hash,2573828,137422173664,17177627828
hash,2573829,137422173672,17177627829
hash,2573830,137422173680,17177627830
hash,2573831,137422173688,17177627831
hash,2573832,80795072,9955504
hash,2573833,80795208,9955521
hash,2573834,80822336,9958912
hash,2573835,80799508,9956058
hash,2573836,137422173720,17177627835
hash,2573837,137422173728,17177627836
hash,2573838,137422173736,17177627837
hash,2573839,137422173744,17177627838
hash,2573840,137422173752,17177627839
hash,2573841,137422173760,17177627840
hash,2573842,137422173768,17177627841
hash,2573843,137422173880,17177627855
hash,2573844,81812584,10082693
hash,2573845,137422173896,17177627857
hash,2573846,137422173904,17177627858
hash,2573847,137422173912,17177627859
hash,2573848,137422173920,17177627860
hash,2573849,137422173928,17177627861
hash,2573850,137422173936,17177627862
hash,2573851,137422173944,17177627863
hash,2573852,137422173976,17177627867
hash,2573853,1175616,3072
hash,2573854,78451448,9662551
hash,2573855,1175649,3076
hash,2573856,137422173992,17177627869
hash,2573857,81812584,10082693
hash,2573858,137422174008,17177627871
hash,2573859,137422174016,17177627872
hash,2573860,137422174024,17177627873
hash,2573861,137422174032,17177627874
hash,2573862,137422174040,17177627875
hash,2573863,137422174048,17177627876
hash,2573864,137422174056,17177627877
hash,2573865,1175328,3036
hash,2573866,78466192,9664394
hash,2573867,1151796,94
hash,2573868,137422174024,17177627873
hash,2573869,78468008,9664621
hash,2573870,81812584,10082693
hash,2573871,78471112,9665009
hash,2573872,1175616,3072
hash,2573873,78451448,9662551
hash,2573874,1175840,3100
hash,2573875,1175656,3077
hash,2573876,137422173856,17177627852
hash,2573877,137422173864,17177627853
hash,2573878,137422173872,17177627854
hash,2573879,137422173880,17177627855
hash,2573880,137422173936,17177627862
hash,2573881,1175616,3072
hash,2573882,78451448,9662551
hash,2573883,1175640,3075
hash,2573884,1175856,3102
hash,2573885,137422173928,17177627861
hash,2573886,78474848,9665476
hash,2573887,78445160,9661765
hash,2573888,78474912,9665484
hash,2573889,78470296,9664907
hash,2573890,80795072,9955504
hash,2573891,81812560,10082690
hash,2573892,80795208,9955521
hash,2573893,80822336,9958912
hash,2573894,80799512,9956059
hash,2573895,137422173816,17177627847
hash,2573896,80795264,9955528
hash,2573897,80795288,9955531
hash,2573898,137422173816,17177627847
hash,2573899,80785512,9954309
hash,2573900,80795112,9955509
hash,2573901,80795072,9955504
hash,2573902,80795120,9955510
hash,2573903,80788400,9954670
hash,2573904,1151796,94
hash,2573905,137422173720,17177627835
hash,2573906,137422173736,17177627837
hash,2573907,137422173752,17177627839
hash,2573908,137422173760,17177627840
hash,2573909,137422173768,17177627841
hash,2573910,137422173776,17177627842
hash,2573911,137422173784,17177627843
hash,2573912,137422173792,17177627844
hash,2573913,137422173800,17177627845
hash,2573914,80795072,9955504
hash,2573915,80795208,9955521
hash,2573916,80822336,9958912
hash,2573917,80799508,9956058
hash,2573918,137422173832,17177627849
hash,2573919,137422173840,17177627850
hash,2573920,137422173848,17177627851
hash,2573921,137422173856,17177627852
hash,2573922,137422173864,17177627853
hash,2573923,137422173872,17177627854
hash,2573924,137422173880,17177627855
hash,2573925,1175616,3072
hash,2573926,78451448,9662551
hash,2573927,137422173944,17177627863
hash,2573928,1175616,3072
hash,2573929,78451448,9662551
hash,2573930,1175649,3076
hash,2573931,137422173960,17177627865
hash,2573932,81812584,10082693
hash,2573933,137422173976,17177627867
hash,2573934,137422173984,17177627868
hash,2573935,137422173992,17177627869
hash,2573936,137422174000,17177627870
hash,2573937,137422174008,17177627871
hash,2573938,137422174016,17177627872
hash,2573939,137422174024,17177627873
hash,2573940,137422174032,17177627874
hash,2573941,137422174040,17177627875
hash,2573942,137422174048,17177627876
hash,2573943,137422174056,17177627877
hash,2573944,137422174084,17177627880
hash,2573945,137422174088,17177627881
hash,2573946,137422174040,17177627875
hash,2573947,67443216,8286522
hash,2573948,137422174036,17177627874
hash,2573949,137422174048,17177627876
hash,2573950,137422174056,17177627877
hash,2573951,67519560,8296065
hash,2573952,1175480,3055
hash,2573953,1175616,3072
hash,2573954,78451448,9662551
hash,2573955,1175648,3076
hash,2573956,78465144,9664263
hash,2573957,81812584,10082693
hash,2573958,78471112,9665009
hash,2573959,1175616,3072
hash,2573960,78451448,9662551
hash,2573961,1175840,3100
hash,2573962,1175656,3077
hash,2573963,137422173920,17177627860
hash,2573964,137422173928,17177627861
hash,2573965,137422173936,17177627862
hash,2573966,137422173944,17177627863
hash,2573967,137422173968,17177627866
hash,2573968,1175616,3072
hash,2573969,78451448,9662551
hash,2573970,1175872,3104
hash,2573971,1175849,3101
hash,2573972,1175848,3101
hash,2573973,1175856,3102
hash,2573974,78481840,9666350
hash,2573975,78450064,9662378
hash,2573976,78468136,9664637
hash,2573977,81812584,10082693
hash,2573978,78461464,9663803
hash,2573979,78465560,9664315
hash,2573980,78485512,9666809
hash,2573981,137422173768,17177627841
hash,2573982,1175832,3099
hash,2573983,78483480,9666555
hash,2573984,78482784,9666468
hash,2573985,137422173776,17177627842
hash,2573986,137422173784,17177627843
hash,2573987,137422173792,17177627844
hash,2573988,137422173800,17177627845
hash,2573989,137422173808,17177627846
hash,2573990,137422173816,17177627847
hash,2573991,1175648,3076
hash,2573992,78479763,9666090
hash,2573993,137422173768,17177627841
hash,2573994,137422173848,17177627851
hash,2573995,137422173864,17177627853
hash,2573996,137422173863,17177627852
hash,2573997,78479712,9666084
hash,2573998,1175640,3075
hash,2573999,78474848,9665476
hash,2574000,78445160,9661765
hash,2574001,78474912,9665484
hash,2574002,78470296,9664907
hash,2574003,80795072,9955504
hash,2574004,81812560,10082690
hash,2574005,80795208,9955521
hash,2574006,80822336,9958912
hash,2574007,80799512,9956059
hash,2574008,137422173704,17177627833
hash,2574009,80795264,9955528
hash,2574010,80795288,9955531
hash,2574011,137422173704,17177627833
hash,2574012,80785512,9954309
hash,2574013,80795112,9955509
hash,2574014,80795072,9955504
hash,2574015,80795120,9955510
hash,2574016,80788400,9954670
hash,2574017,137422173815,17177627846
hash,2574018,137422173608,17177627821
hash,2574019,137422173624,17177627823
hash,2574020,137422173640,17177627825
hash,2574021,137422173648,17177627826
hash,2574022,137422173656,17177627827
hash,2574023,137422173664,17177627828
hash,2574024,137422173672,17177627829
hash,2574025,137422173680,17177627830
hash,2574026,137422173688,17177627831
hash,2574027,80795072,9955504
hash,2574028,80795208,9955521
hash,2574029,80822336,9958912
hash,2574030,80799508,9956058
hash,2574031,137422173720,17177627835
hash,2574032,137422173728,17177627836
hash,2574033,137422173736,17177627837
hash,2574034,137422173744,17177627838
hash,2574035,137422173752,17177627839
hash,2574036,137422173760,17177627840
hash,2574037,137422173768,17177627841
hash,2574038,137422173880,17177627855
hash,2574039,81812584,10082693
hash,2574040,137422173896,17177627857
hash,2574041,137422173904,17177627858
hash,2574042,137422173912,17177627859
hash,2574043,137422173920,17177627860
hash,2574044,137422173928,17177627861
hash,2574045,137422173936,17177627862
hash,2574046,137422173944,17177627863
hash,2574047,137422173976,17177627867
hash,2574048,1175616,3072
hash,2574049,78451448,9662551
hash,2574050,1175649,3076
hash,2574051,137422173992,17177627869
hash,2574052,81812584,10082693
hash,2574053,137422174008,17177627871
hash,2574054,137422174016,17177627872
hash,2574055,137422174024,17177627873
hash,2574056,137422174032,17177627874
hash,2574057,137422174040,17177627875
hash,2574058,137422174048,17177627876
hash,2574059,137422174056,17177627877
hash,2574060,1175328,3036
hash,2574061,78466192,9664394
hash,2574062,1151796,94
hash,2574063,137422174024,17177627873
hash,2574064,78468008,9664621
hash,2574065,81812584,10082693
hash,2574066,78471112,9665009
hash,2574067,1175616,3072
hash,2574068,78451448,9662551
hash,2574069,1175840,3100
hash,2574070,1175656,3077
hash,2574071,137422173856,17177627852
hash,2574072,137422173864,17177627853
hash,2574073,137422173872,17177627854
hash,2574074,137422173880,17177627855
hash,2574075,137422173936,17177627862
hash,2574076,1175616,3072
hash,2574077,78451448,9662551
hash,2574078,1175640,3075
hash,2574079,1175856,3102
hash,2574080,137422173928,17177627861
hash,2574081,78474848,9665476
hash,2574082,78445160,9661765
hash,2574083,78474912,9665484
hash,2574084,78470296,9664907
hash,2574085,80795072,9955504
hash,2574086,81812560,10082690
hash,2574087,80795208,9955521
hash,2574088,80822336,9958912
hash,2574089,80799512,9956059
hash,2574090,137422173816,17177627847
hash,2574091,80795264,9955528
hash,2574092,80795288,9955531
hash,2574093,137422173816,17177627847
hash,2574094,80785512,9954309
hash,2574095,80795112,9955509
hash,2574096,80795072,9955504
hash,2574097,80795120,9955510
hash,2574098,80788400,9954670
hash,2574099,1151796,94
hash,2574100,137422173720,17177627835
hash,2574101,137422173736,17177627837
hash,2574102,137422173752,17177627839
hash,2574103,137422173760,17177627840
hash,2574104,137422173768,17177627841
hash,2574105,137422173776,17177627842
hash,2574106,137422173784,17177627843
hash,2574107,137422173792,17177627844
hash,2574108,137422173800,17177627845
hash,2574109,80795072,9955504
hash,2574110,80795208,9955521
hash,2574111,80822336,9958912
hash,2574112,80799508,9956058
hash,2574113,137422173832,17177627849
hash,2574114,137422173840,17177627850
hash,2574115,137422173848,17177627851
hash,2574116,137422173856,17177627852
hash,2574117,137422173864,17177627853
hash,2574118,137422173872,17177627854
hash,2574119,137422173880,17177627855
hash,2574120,1175616,3072
hash,2574121,78451448,9662551
hash,2574122,137422173944,17177627863
hash,2574123,1175616,3072
hash,2574124,78451448,9662551
hash,2574125,1175649,3076
hash,2574126,137422173960,17177627865
hash,2574127,81812584,10082693
hash,2574128,137422173976,17177627867
hash,2574129,137422173984,17177627868
hash,2574130,137422173992,17177627869
hash,2574131,137422174000,17177627870
hash,2574132,137422174008,17177627871
hash,2574133,137422174016,17177627872
hash,2574134,137422174024,17177627873
hash,2574135,137422174032,17177627874
hash,2574136,137422174040,17177627875
hash,2574137,137422174048,17177627876
hash,2574138,137422174056,17177627877
hash,2574139,137422174084,17177627880
hash,2574140,137422174088,17177627881
hash,2574141,137422174040,17177627875
hash,2574142,67443216,8286522
hash,2574143,137422174036,17177627874
hash,2574144,137422174048,17177627876
hash,2574145,137422174056,17177627877
hash,2574146,67519564,8296065
hash,2574147,1175480,3055
hash,2574148,1175616,3072
hash,2574149,78451448,9662551
hash,2574150,1175648,3076
hash,2574151,78465144,9664263
hash,2574152,81812584,10082693
hash,2574153,78471112,9665009
hash,2574154,1175616,3072
hash,2574155,78451448,9662551
hash,2574156,1175840,3100
hash,2574157,1175656,3077
hash,2574158,137422173920,17177627860
hash,2574159,137422173928,17177627861
hash,2574160,137422173936,17177627862
hash,2574161,137422173944,17177627863
hash,2574162,137422173968,17177627866
hash,2574163,1175616,3072
hash,2574164,78451448,9662551
hash,2574165,1175872,3104
hash,2574166,1175849,3101
hash,2574167,1175848,3101
hash,2574168,1175856,3102
hash,2574169,78481840,9666350
hash,2574170,78450064,9662378
hash,2574171,78468136,9664637
hash,2574172,81812584,10082693
hash,2574173,78461464,9663803
hash,2574174,78465560,9664315
hash,2574175,78485512,9666809
hash,2574176,137422173768,17177627841
hash,2574177,1175832,3099
hash,2574178,78483480,9666555
hash,2574179,78482784,9666468
hash,2574180,137422173776,17177627842
hash,2574181,137422173784,17177627843
hash,2574182,137422173792,17177627844
hash,2574183,137422173800,17177627845
hash,2574184,137422173808,17177627846
hash,2574185,137422173816,17177627847
hash,2574186,1175648,3076
hash,2574187,78479759,9666089
hash,2574188,137422173768,17177627841
hash,2574189,137422173848,17177627851
hash,2574190,137422173864,17177627853
hash,2574191,137422173863,17177627852
hash,2574192,78479712,9666084
hash,2574193,1175640,3075
hash,2574194,78474848,9665476
hash,2574195,78445160,9661765
hash,2574196,78474912,9665484
hash,2574197,78470296,9664907
hash,2574198,80795072,9955504
hash,2574199,81812560,10082690
hash,2574200,80795208,9955521
hash,2574201,80822336,9958912
hash,2574202,80799512,9956059
hash,2574203,137422173704,17177627833
hash,2574204,80795264,9955528
hash,2574205,80795288,9955531
hash,2574206,137422173704,17177627833
hash,2574207,80785512,9954309
hash,2574208,80795112,9955509
hash,2574209,80795072,9955504
hash,2574210,80795120,9955510
hash,2574211,80788400,9954670
hash,2574212,137422173815,17177627846
hash,2574213,137422173608,17177627821
hash,2574214,137422173624,17177627823
hash,2574215,137422173640,17177627825
hash,2574216,137422173648,17177627826
hash,2574217,137422173656,17177627827
hash,2574218,137422173664,17177627828
hash,2574219,137422173672,17177627829
hash,2574220,137422173680,17177627830
hash,2574221,137422173688,17177627831
hash,2574222,80795072,9955504
hash,2574223,80795208,9955521
hash,2574224,80822336,9958912
hash,2574225,80799508,9956058
hash,2574226,137422173720,17177627835
hash,2574227,137422173728,17177627836
hash,2574228,137422173736,17177627837
hash,2574229,137422173744,17177627838
hash,2574230,137422173752,17177627839
hash,2574231,137422173760,17177627840
hash,2574232,137422173768,17177627841
hash,2574233,137422173880,17177627855
hash,2574234,81812584,10082693
hash,2574235,137422173896,17177627857
hash,2574236,137422173904,17177627858
hash,2574237,137422173912,17177627859
hash,2574238,137422173920,17177627860
hash,2574239,137422173928,17177627861
hash,2574240,137422173936,17177627862
hash,2574241,137422173944,17177627863
hash,2574242,137422173976,17177627867
hash,2574243,1175616,3072
hash,2574244,78451448,9662551
hash,2574245,1175649,3076
hash,2574246,137422173992,17177627869
hash,2574247,81812584,10082693
hash,2574248,137422174008,17177627871
hash,2574249,137422174016,17177627872
hash,2574250,137422174024,17177627873
hash,2574251,137422174032,17177627874
hash,2574252,137422174040,17177627875
hash,2574253,137422174048,17177627876
hash,2574254,137422174056,17177627877
hash,2574255,137422174084,17177627880
hash,2574256,137422174088,17177627881
hash,2574257,137422174040,17177627875
hash,2574258,67443228,8286523
hash,2574259,137422174048,17177627876
hash,2574260,137422174056,17177627877
hash,2574261,1175368,3041
hash,2574262,1175616,3072
hash,2574263,78451448,9662551
hash,2574264,1175640,3075
hash,2574265,137422174028,17177627873
hash,2574266,78464656,9664202
hash,2574267,81812584,10082693
hash,2574268,78471112,9665009
hash,2574269,1175616,3072
hash,2574270,78451448,9662551
hash,2574271,1175840,3100
hash,2574272,1175656,3077
hash,2574273,137422173904,17177627858
hash,2574274,137422173912,17177627859
hash,2574275,137422173920,17177627860
hash,2574276,137422173928,17177627861
hash,2574277,137422173936,17177627862
hash,2574278,1175616,3072
hash,2574279,78451448,9662551
hash,2574280,1175856,3102
hash,2574281,78474888,9665481
hash,2574282,78474896,9665482
hash,2574283,78474848,9665476
hash,2574284,78445168,9661766
hash,2574285,78474912,9665484
hash,2574286,78468040,9664625
hash,2574287,80795188,9955518
hash,2574288,80795112,9955509
hash,2574289,80795120,9955510
hash,2574290,137422173896,17177627857
hash,2574291,137422173904,17177627858
hash,2574292,137422173912,17177627859
hash,2574293,137422173920,17177627860
hash,2574294,137422173928,17177627861
hash,2574295,137422173944,17177627863
hash,2574296,1175616,3072
hash,2574297,78451448,9662551
hash,2574298,1175649,3076
hash,2574299,137422173960,17177627865
hash,2574300,81812584,10082693
hash,2574301,137422173976,17177627867
hash,2574302,137422173984,17177627868
hash,2574303,137422173992,17177627869
hash,2574304,137422174000,17177627870
hash,2574305,137422174008,17177627871
hash,2574306,137422174040,17177627875
hash,2574307,137422174048,17177627876
hash,2574308,137422174056,17177627877
hash,2574309,137422174088,17177627881
hash,2574310,137422174040,17177627875
hash,2574311,67443228,8286523
hash,2574312,137422174048,17177627876
hash,2574313,137422174056,17177627877
hash,2574314,137422174084,17177627880
hash,2574315,1175328,3036
hash,2574316,78466192,9664394
hash,2574317,1151787,93
hash,2574318,137422174024,17177627873
hash,2574319,78468008,9664621
hash,2574320,81812584,10082693
hash,2574321,78471112,9665009
hash,2574322,1175616,3072
hash,2574323,78451448,9662551
hash,2574324,1175840,3100
hash,2574325,1175656,3077
hash,2574326,137422173856,17177627852
hash,2574327,137422173864,17177627853
hash,2574328,137422173872,17177627854
hash,2574329,137422173880,17177627855
hash,2574330,137422173936,17177627862
hash,2574331,1175616,3072
hash,2574332,78451448,9662551
hash,2574333,1175640,3075
hash,2574334,1175856,3102
hash,2574335,137422173928,17177627861
hash,2574336,78474848,9665476
hash,2574337,78445160,9661765
hash,2574338,78474912,9665484
hash,2574339,78470296,9664907
hash,2574340,80795072,9955504
hash,2574341,81812560,10082690
hash,2574342,80795208,9955521
hash,2574343,80822336,9958912
hash,2574344,80799512,9956059
hash,2574345,137422173816,17177627847
hash,2574346,80795264,9955528
hash,2574347,80795288,9955531
hash,2574348,137422173816,17177627847
hash,2574349,80785512,9954309
hash,2574350,80795112,9955509
hash,2574351,80795072,9955504
hash,2574352,80795120,9955510
hash,2574353,80788400,9954670
hash,2574354,1151787,93
hash,2574355,1151787,93
hash,2574356,137422173720,17177627835
hash,2574357,137422173736,17177627837
hash,2574358,137422173752,17177627839
hash,2574359,137422173760,17177627840
hash,2574360,137422173768,17177627841
hash,2574361,137422173776,17177627842
hash,2574362,137422173784,17177627843
hash,2574363,137422173792,17177627844
hash,2574364,137422173800,17177627845
hash,2574365,80795072,9955504
hash,2574366,80795208,9955521
hash,2574367,80822336,9958912
hash,2574368,80799508,9956058
hash,2574369,137422173832,17177627849
hash,2574370,137422173840,17177627850
hash,2574371,137422173848,17177627851
hash,2574372,137422173856,17177627852
hash,2574373,137422173864,17177627853
hash,2574374,137422173872,17177627854
hash,2574375,137422173880,17177627855
hash,2574376,1175616,3072
hash,2574377,78451448,9662551
hash,2574378,137422173944,17177627863
hash,2574379,1175616,3072
hash,2574380,78451448,9662551
hash,2574381,1175649,3076
hash,2574382,137422173960,17177627865
hash,2574383,81812584,10082693
hash,2574384,137422173976,17177627867
hash,2574385,137422173984,17177627868
hash,2574386,137422173992,17177627869
hash,2574387,137422174000,17177627870
hash,2574388,137422174008,17177627871
hash,2574389,137422174016,17177627872
hash,2574390,137422174024,17177627873
hash,2574391,137422174032,17177627874
hash,2574392,137422174040,17177627875
hash,2574393,137422174048,17177627876
hash,2574394,137422174056,17177627877
hash,2574395,137422174084,17177627880
hash,2574396,1175480,3055
hash,2574397,1175616,3072
hash,2574398,78451448,9662551
hash,2574399,1175648,3076
hash,2574400,78465144,9664263
hash,2574401,81812584,10082693
hash,2574402,78471112,9665009
hash,2574403,1175616,3072
hash,2574404,78451448,9662551
hash,2574405,1175840,3100
hash,2574406,1175656,3077
hash,2574407,137422173920,17177627860
hash,2574408,137422173928,17177627861
hash,2574409,137422173936,17177627862
hash,2574410,137422173944,17177627863
hash,2574411,137422173968,17177627866
hash,2574412,1175616,3072
hash,2574413,78451448,9662551
hash,2574414,1175872,3104
hash,2574415,1175849,3101
hash,2574416,1175848,3101
hash,2574417,1175856,3102
hash,2574418,78481840,9666350
hash,2574419,78450064,9662378
hash,2574420,78468136,9664637
hash,2574421,81812584,10082693
hash,2574422,78461464,9663803
hash,2574423,78465560,9664315
hash,2574424,78485512,9666809
hash,2574425,137422173768,17177627841
hash,2574426,1175832,3099
hash,2574427,78483480,9666555
hash,2574428,78482784,9666468
hash,2574429,137422173776,17177627842
hash,2574430,137422173784,17177627843
hash,2574431,137422173792,17177627844
hash,2574432,137422173800,17177627845
hash,2574433,137422173808,17177627846
hash,2574434,137422173816,17177627847
hash,2574435,1175648,3076
hash,2574436,78479761,9666090
hash,2574437,137422173768,17177627841
hash,2574438,137422173848,17177627851
hash,2574439,137422173864,17177627853
hash,2574440,137422173863,17177627852
hash,2574441,78479712,9666084
hash,2574442,1175640,3075
hash,2574443,78474848,9665476
hash,2574444,78445160,9661765
hash,2574445,78474912,9665484
hash,2574446,78470296,9664907
hash,2574447,80795072,9955504
hash,2574448,81812560,10082690
hash,2574449,80795208,9955521
hash,2574450,80822336,9958912
hash,2574451,80799512,9956059
hash,2574452,137422173704,17177627833
hash,2574453,80795264,9955528
hash,2574454,80795288,9955531
hash,2574455,137422173704,17177627833
hash,2574456,80785512,9954309
hash,2574457,80795112,9955509
hash,2574458,80795072,9955504
hash,2574459,80795120,9955510
hash,2574460,80788400,9954670
hash,2574461,137422173815,17177627846
hash,2574462,137422173608,17177627821
hash,2574463,137422173624,17177627823
hash,2574464,137422173640,17177627825
hash,2574465,137422173648,17177627826
hash,2574466,137422173656,17177627827
hash,2574467,137422173664,17177627828
hash,2574468,137422173672,17177627829
hash,2574469,137422173680,17177627830
hash,2574470,137422173688,17177627831
hash,2574471,80795072,9955504
hash,2574472,80795208,9955521
hash,2574473,80822336,9958912
hash,2574474,80799508,9956058
hash,2574475,137422173720,17177627835
hash,2574476,137422173728,17177627836
hash,2574477,137422173736,17177627837
hash,2574478,137422173744,17177627838
hash,2574479,137422173752,17177627839
hash,2574480,137422173760,17177627840
hash,2574481,137422173768,17177627841
hash,2574482,137422173880,17177627855
hash,2574483,81812584,10082693
hash,2574484,137422173896,17177627857
hash,2574485,137422173904,17177627858
hash,2574486,137422173912,17177627859
hash,2574487,137422173920,17177627860
hash,2574488,137422173928,17177627861
hash,2574489,137422173936,17177627862
hash,2574490,137422173944,17177627863
hash,2574491,137422173976,17177627867
hash,2574492,1175616,3072
hash,2574493,78451448,9662551
hash,2574494,1175649,3076
hash,2574495,137422173992,17177627869
hash,2574496,81812584,10082693
hash,2574497,137422174008,17177627871
hash,2574498,137422174016,17177627872
hash,2574499,137422174024,17177627873
hash,2574500,137422174032,17177627874
hash,2574501,137422174040,17177627875
hash,2574502,137422174048,17177627876
hash,2574503,137422174056,17177627877
hash,2574504,1175328,3036
hash,2574505,78466192,9664394
hash,2574506,1151796,94
hash,2574507,137422174024,17177627873
hash,2574508,78468008,9664621
hash,2574509,81812584,10082693
hash,2574510,78471112,9665009
hash,2574511,1175616,3072
hash,2574512,78451448,9662551
hash,2574513,1175840,3100
hash,2574514,1175656,3077
hash,2574515,137422173856,17177627852
hash,2574516,137422173864,17177627853
hash,2574517,137422173872,17177627854
hash,2574518,137422173880,17177627855
hash,2574519,137422173936,17177627862
hash,2574520,1175616,3072
hash,2574521,78451448,9662551
hash,2574522,1175640,3075
hash,2574523,1175856,3102
hash,2574524,137422173928,17177627861
hash,2574525,78474848,9665476
hash,2574526,78445160,9661765
hash,2574527,78474912,9665484
hash,2574528,78470296,9664907
hash,2574529,80795072,9955504
hash,2574530,81812560,10082690
hash,2574531,80795208,9955521
hash,2574532,80822336,9958912
hash,2574533,80799512,9956059
hash,2574534,137422173816,17177627847
hash,2574535,80795264,9955528
hash,2574536,80795288,9955531
hash,2574537,137422173816,17177627847
hash,2574538,80785512,9954309
hash,2574539,80795112,9955509
hash,2574540,80795072,9955504
hash,2574541,80795120,9955510
hash,2574542,80788400,9954670
hash,2574543,1151796,94
hash,2574544,137422173720,17177627835
hash,2574545,137422173736,17177627837
hash,2574546,137422173752,17177627839
hash,2574547,137422173760,17177627840
hash,2574548,137422173768,17177627841
hash,2574549,137422173776,17177627842
hash,2574550,137422173784,17177627843
hash,2574551,137422173792,17177627844
hash,2574552,137422173800,17177627845
hash,2574553,80795072,9955504
hash,2574554,80795208,9955521
hash,2574555,80822336,9958912
hash,2574556,80799508,9956058
hash,2574557,137422173832,17177627849
hash,2574558,137422173840,17177627850
hash,2574559,137422173848,17177627851
hash,2574560,137422173856,17177627852
hash,2574561,137422173864,17177627853
hash,2574562,137422173872,17177627854
hash,2574563,137422173880,17177627855
hash,2574564,1175616,3072
hash,2574565,78451448,9662551
hash,2574566,137422173944,17177627863
hash,2574567,1175616,3072
hash,2574568,78451448,9662551
hash,2574569,1175649,3076
hash,2574570,137422173960,17177627865
hash,2574571,81812584,10082693
hash,2574572,137422173976,17177627867
hash,2574573,137422173984,17177627868
hash,2574574,137422173992,17177627869
hash,2574575,137422174000,17177627870
hash,2574576,137422174008,17177627871
hash,2574577,137422174016,17177627872
hash,2574578,137422174024,17177627873
hash,2574579,137422174032,17177627874
hash,2574580,137422174040,17177627875
hash,2574581,137422174048,17177627876
hash,2574582,137422174056,17177627877
hash,2574583,137422174084,17177627880
hash,2574584,137422174088,17177627881
hash,2574585,137422174040,17177627875
hash,2574586,67443216,8286522
hash,2574587,137422174036,17177627874
hash,2574588,137422174048,17177627876
hash,2574589,137422174056,17177627877
hash,2574590,67519568,8296066
hash,2574591,1175480,3055
hash,2574592,1175616,3072
hash,2574593,78451448,9662551
hash,2574594,1175648,3076
hash,2574595,78465144,9664263
hash,2574596,81812584,10082693
hash,2574597,78471112,9665009
hash,2574598,1175616,3072
hash,2574599,78451448,9662551
hash,2574600,1175840,3100
hash,2574601,1175656,3077
hash,2574602,137422173920,17177627860
hash,2574603,137422173928,17177627861
hash,2574604,137422173936,17177627862
hash,2574605,137422173944,17177627863
hash,2574606,137422173968,17177627866
hash,2574607,1175616,3072
hash,2574608,78451448,9662551
hash,2574609,1175872,3104
hash,2574610,1175849,3101
hash,2574611,1175848,3101
hash,2574612,1175856,3102
hash,2574613,78481840,9666350
hash,2574614,78450064,9662378
hash,2574615,78468136,9664637
hash,2574616,81812584,10082693
hash,2574617,78461464,9663803
hash,2574618,78465560,9664315
hash,2574619,78485512,9666809
hash,2574620,137422173768,17177627841
hash,2574621,1175832,3099
hash,2574622,78483480,9666555
hash,2574623,78482784,9666468
hash,2574624,137422173776,17177627842
hash,2574625,137422173784,17177627843
hash,2574626,137422173792,17177627844
hash,2574627,137422173800,17177627845
hash,2574628,137422173808,17177627846
hash,2574629,137422173816,17177627847
hash,2574630,1175648,3076
hash,2574631,78479759,9666089
hash,2574632,78479762,9666090
hash,2574633,137422173768,17177627841
hash,2574634,137422173848,17177627851
hash,2574635,137422173864,17177627853
hash,2574636,137422173863,17177627852
hash,2574637,78479712,9666084
hash,2574638,1175640,3075
hash,2574639,78474848,9665476
hash,2574640,78445160,9661765
hash,2574641,78474912,9665484
hash,2574642,78470296,9664907
hash,2574643,80795072,9955504
hash,2574644,81812560,10082690
hash,2574645,80795208,9955521
hash,2574646,80822336,9958912
hash,2574647,80799512,9956059
hash,2574648,137422173704,17177627833
hash,2574649,80795264,9955528
hash,2574650,80795288,9955531
hash,2574651,137422173704,17177627833
hash,2574652,80785512,9954309
hash,2574653,80795112,9955509
hash,2574654,80795072,9955504
hash,2574655,80795120,9955510
hash,2574656,80788400,9954670
hash,2574657,137422173814,17177627846
hash,2574658,137422173814,17177627846
hash,2574659,137422173608,17177627821
hash,2574660,137422173624,17177627823
hash,2574661,137422173640,17177627825
hash,2574662,137422173648,17177627826
hash,2574663,137422173656,17177627827
hash,2574664,137422173664,17177627828
hash,2574665,137422173672,17177627829
hash,2574666,137422173680,17177627830
hash,2574667,137422173688,17177627831
hash,2574668,80795072,9955504
hash,2574669,80795208,9955521
hash,2574670,80822336,9958912
hash,2574671,80799508,9956058
hash,2574672,137422173720,17177627835
hash,2574673,137422173728,17177627836
hash,2574674,137422173736,17177627837
hash,2574675,137422173744,17177627838
hash,2574676,137422173752,17177627839
hash,2574677,137422173760,17177627840
hash,2574678,137422173768,17177627841
hash,2574679,137422173880,17177627855
hash,2574680,81812584,10082693
hash,2574681,137422173896,17177627857
hash,2574682,137422173904,17177627858
hash,2574683,137422173912,17177627859
hash,2574684,137422173920,17177627860
hash,2574685,137422173928,17177627861
hash,2574686,137422173936,17177627862
hash,2574687,137422173944,17177627863
hash,2574688,137422173976,17177627867
hash,2574689,1175616,3072
hash,2574690,78451448,9662551
hash,2574691,1175649,3076
hash,2574692,137422173992,17177627869
hash,2574693,81812584,10082693
hash,2574694,137422174008,17177627871
hash,2574695,137422174016,17177627872
hash,2574696,137422174024,17177627873
hash,2574697,137422174032,17177627874
hash,2574698,137422174040,17177627875
hash,2574699,137422174048,17177627876
hash,2574700,137422174056,17177627877
hash,2574701,1175328,3036
hash,2574702,78466192,9664394
hash,2574703,1151796,94
hash,2574704,137422174024,17177627873
hash,2574705,78468008,9664621
hash,2574706,81812584,10082693
hash,2574707,78471112,9665009
hash,2574708,1175616,3072
hash,2574709,78451448,9662551
hash,2574710,1175840,3100
hash,2574711,1175656,3077
hash,2574712,137422173856,17177627852
hash,2574713,137422173864,17177627853
hash,2574714,137422173872,17177627854
hash,2574715,137422173880,17177627855
hash,2574716,137422173936,17177627862
hash,2574717,1175616,3072
hash,2574718,78451448,9662551
hash,2574719,1175640,3075
hash,2574720,1175856,3102
hash,2574721,137422173928,17177627861
hash,2574722,78474848,9665476
hash,2574723,78445160,9661765
hash,2574724,78474912,9665484
hash,2574725,78470296,9664907
hash,2574726,80795072,9955504
hash,2574727,81812560,10082690
hash,2574728,80795208,9955521
hash,2574729,80822336,9958912
hash,2574730,80799512,9956059
hash,2574731,137422173816,17177627847
hash,2574732,80795264,9955528
hash,2574733,80795288,9955531
hash,2574734,137422173816,17177627847
hash,2574735,80785512,9954309
hash,2574736,80795112,9955509
hash,2574737,80795072,9955504
hash,2574738,80795120,9955510
hash,2574739,80788400,9954670
hash,2574740,1151796,94
hash,2574741,137422173720,17177627835
hash,2574742,137422173736,17177627837
hash,2574743,137422173752,17177627839
hash,2574744,137422173760,17177627840
hash,2574745,137422173768,17177627841
hash,2574746,137422173776,17177627842
hash,2574747,137422173784,17177627843
hash,2574748,137422173792,17177627844
hash,2574749,137422173800,17177627845
hash,2574750,80795072,9955504
hash,2574751,80795208,9955521
hash,2574752,80822336,9958912
hash,2574753,80799508,9956058
hash,2574754,137422173832,17177627849
hash,2574755,137422173840,17177627850
hash,2574756,137422173848,17177627851
hash,2574757,137422173856,17177627852
hash,2574758,137422173864,17177627853
hash,2574759,137422173872,17177627854
hash,2574760,137422173880,17177627855
hash,2574761,1175616,3072
hash,2574762,78451448,9662551
hash,2574763,137422173944,17177627863
hash,2574764,1175616,3072
hash,2574765,78451448,9662551
hash,2574766,1175649,3076
hash,2574767,137422173960,17177627865
hash,2574768,81812584,10082693
hash,2574769,137422173976,17177627867
hash,2574770,137422173984,17177627868
hash,2574771,137422173992,17177627869
hash,2574772,137422174000,17177627870
hash,2574773,137422174008,17177627871
hash,2574774,137422174016,17177627872
hash,2574775,137422174024,17177627873
hash,2574776,137422174032,17177627874
hash,2574777,137422174040,17177627875
hash,2574778,137422174048,17177627876
hash,2574779,137422174056,17177627877
hash,2574780,137422174084,17177627880
hash,2574781,137422174088,17177627881
hash,2574782,137422174040,17177627875
hash,2574783,67443216,8286522
hash,2574784,137422174036,17177627874
hash,2574785,137422174048,17177627876
hash,2574786,137422174056,17177627877
hash,2574787,67519572,8296066
hash,2574788,1175480,3055
hash,2574789,1175616,3072
hash,2574790,78451448,9662551
hash,2574791,1175648,3076
hash,2574792,78465144,9664263
hash,2574793,81812584,10082693
hash,2574794,78471112,9665009
hash,2574795,1175616,3072
hash,2574796,78451448,9662551
hash,2574797,1175840,3100
hash,2574798,1175656,3077
hash,2574799,137422173920,17177627860
hash,2574800,137422173928,17177627861
hash,2574801,137422173936,17177627862
hash,2574802,137422173944,17177627863
hash,2574803,137422173968,17177627866
hash,2574804,1175616,3072
hash,2574805,78451448,9662551
hash,2574806,1175872,3104
hash,2574807,1175849,3101
hash,2574808,1175848,3101
hash,2574809,1175856,3102
hash,2574810,78481840,9666350
hash,2574811,78450064,9662378
hash,2574812,78468136,9664637
hash,2574813,81812584,10082693
hash,2574814,78461464,9663803
hash,2574815,78465560,9664315
hash,2574816,78485512,9666809
hash,2574817,137422173768,17177627841
hash,2574818,1175832,3099
hash,2574819,78483480,9666555
hash,2574820,78482784,9666468
hash,2574821,137422173776,17177627842
hash,2574822,137422173784,17177627843
hash,2574823,137422173792,17177627844
hash,2574824,137422173800,17177627845
hash,2574825,137422173808,17177627846
hash,2574826,137422173816,17177627847
hash,2574827,1175648,3076
hash,2574828,78479760,9666090
hash,2574829,137422173768,17177627841
hash,2574830,137422173848,17177627851
hash,2574831,137422173864,17177627853
hash,2574832,137422173863,17177627852
hash,2574833,78479712,9666084
hash,2574834,1175640,3075
hash,2574835,78474848,9665476
hash,2574836,78445160,9661765
hash,2574837,78474912,9665484
hash,2574838,78470296,9664907
hash,2574839,80795072,9955504
hash,2574840,81812560,10082690
hash,2574841,80795208,9955521
hash,2574842,80822336,9958912
hash,2574843,80799512,9956059
hash,2574844,137422173704,17177627833
hash,2574845,80795264,9955528
hash,2574846,80795288,9955531
hash,2574847,137422173704,17177627833
hash,2574848,80785512,9954309
hash,2574849,80795112,9955509
hash,2574850,80795072,9955504
hash,2574851,80795120,9955510
hash,2574852,80788400,9954670
hash,2574853,137422173815,17177627846
hash,2574854,137422173608,17177627821
hash,2574855,137422173624,17177627823
hash,2574856,137422173640,17177627825
hash,2574857,137422173648,17177627826
hash,2574858,137422173656,17177627827
hash,2574859,137422173664,17177627828
hash,2574860,137422173672,17177627829
hash,2574861,137422173680,17177627830
hash,2574862,137422173688,17177627831
hash,2574863,80795072,9955504
hash,2574864,80795208,9955521
hash,2574865,80822336,9958912
hash,2574866,80799508,9956058
hash,2574867,137422173720,17177627835
hash,2574868,137422173728,17177627836
hash,2574869,137422173736,17177627837
hash,2574870,137422173744,17177627838
hash,2574871,137422173752,17177627839
hash,2574872,137422173760,17177627840
hash,2574873,137422173768,17177627841
hash,2574874,137422173880,17177627855
hash,2574875,81812584,10082693
hash,2574876,137422173896,17177627857
hash,2574877,137422173904,17177627858
hash,2574878,137422173912,17177627859
hash,2574879,137422173920,17177627860
hash,2574880,137422173928,17177627861
hash,2574881,137422173936,17177627862
hash,2574882,137422173944,17177627863
hash,2574883,137422173976,17177627867
hash,2574884,1175616,3072
hash,2574885,78451448,9662551
hash,2574886,1175649,3076
hash,2574887,137422173992,17177627869
hash,2574888,81812584,10082693
hash,2574889,137422174008,17177627871
hash,2574890,137422174016,17177627872
hash,2574891,137422174024,17177627873
hash,2574892,137422174032,17177627874
hash,2574893,137422174040,17177627875
hash,2574894,137422174048,17177627876
hash,2574895,137422174056,17177627877
hash,2574896,137422174084,17177627880
hash,2574897,137422174088,17177627881
hash,2574898,137422174040,17177627875
hash,2574899,67443228,8286523
hash,2574900,137422174048,17177627876
hash,2574901,137422174056,17177627877
hash,2574902,137422174088,17177627881
hash,2574903,137422174040,17177627875
hash,2574904,67443228,8286523
hash,2574905,137422174048,17177627876
hash,2574906,137422174056,17177627877
hash,2574907,137422174084,17177627880
hash,2574908,1175368,3041
hash,2574909,1175616,3072
hash,2574910,78451448,9662551
hash,2574911,1175640,3075
hash,2574912,137422174028,17177627873
hash,2574913,78464656,9664202
hash,2574914,81812584,10082693
hash,2574915,78471112,9665009
hash,2574916,1175616,3072
hash,2574917,78451448,9662551
hash,2574918,1175840,3100
hash,2574919,1175656,3077
hash,2574920,137422173904,17177627858
hash,2574921,137422173912,17177627859
hash,2574922,137422173920,17177627860
hash,2574923,137422173928,17177627861
hash,2574924,137422173936,17177627862
hash,2574925,1175616,3072
hash,2574926,78451448,9662551
hash,2574927,1175856,3102
hash,2574928,78474888,9665481
hash,2574929,78474896,9665482
hash,2574930,78474848,9665476
hash,2574931,78445168,9661766
hash,2574932,78474912,9665484
hash,2574933,78468040,9664625
hash,2574934,80795188,9955518
hash,2574935,80795112,9955509
hash,2574936,80795120,9955510
hash,2574937,137422173896,17177627857
hash,2574938,137422173904,17177627858
hash,2574939,137422173912,17177627859
hash,2574940,137422173920,17177627860
hash,2574941,137422173928,17177627861
hash,2574942,137422173944,17177627863
hash,2574943,1175616,3072
hash,2574944,78451448,9662551
hash,2574945,1175649,3076
hash,2574946,137422173960,17177627865
hash,2574947,81812584,10082693
hash,2574948,137422173976,17177627867
hash,2574949,137422173984,17177627868
hash,2574950,137422173992,17177627869
hash,2574951,137422174000,17177627870
hash,2574952,137422174008,17177627871
hash,2574953,137422174040,17177627875
hash,2574954,137422174048,17177627876
hash,2574955,137422174056,17177627877
hash,2574956,137422174104,17177627883
hash,2574957,137422174112,17177627884
hash,2574958,137422174120,17177627885
hash,2574959,137422174104,17177627883
hash,2574960,137422174072,17177627879
hash,2574961,137422174188,17177627893
hash,2574962,137422174080,17177627880
hash,2574963,137422174088,17177627881
hash,2574964,137422174112,17177627884
hash,2574965,137422174120,17177627885
hash,2574966,137422174152,17177627889
hash,2574967,137422174152,17177627889
hash,2574968,137422174104,17177627883
hash,2574969,137422174100,17177627882
hash,2574970,137422174072,17177627879
hash,2574971,137422174176,17177627892
hash,2574972,137422174068,17177627878
hash,2574973,137422174080,17177627880
hash,2574974,137422174088,17177627881
hash,2574975,67530120,8297385
hash,2574976,137422174112,17177627884
hash,2574977,137422174120,17177627885
hash,2574978,137422174136,17177627887
hash,2574979,137422174156,17177627889
hash,2574980,137422174104,17177627883
hash,2574981,137422174320,17177627910
hash,2574982,137422174100,17177627882
hash,2574983,137422174112,17177627884
hash,2574984,137422174120,17177627885
hash,2574985,137422174152,17177627889
hash,2574986,1175328,3036
hash,2574987,78466192,9664394
hash,2574988,1151760,90
hash,2574989,137422174056,17177627877
hash,2574990,78468008,9664621
hash,2574991,81812584,10082693
hash,2574992,78471112,9665009
hash,2574993,1175616,3072
hash,2574994,78451448,9662551
hash,2574995,1175840,3100
hash,2574996,1175656,3077
hash,2574997,137422173888,17177627856
hash,2574998,137422173896,17177627857
hash,2574999,137422173904,17177627858
hash,2575000,137422173912,17177627859
hash,2575001,137422173968,17177627866
hash,2575002,1175616,3072
hash,2575003,78451448,9662551
hash,2575004,1175640,3075
hash,2575005,1175856,3102
hash,2575006,137422173960,17177627865
hash,2575007,78474848,9665476
hash,2575008,78445160,9661765
hash,2575009,78474912,9665484
hash,2575010,78470296,9664907
hash,2575011,80795072,9955504
hash,2575012,81812560,10082690
hash,2575013,80795208,9955521
hash,2575014,80822336,9958912
hash,2575015,80799512,9956059
hash,2575016,137422173848,17177627851
hash,2575017,80795264,9955528
hash,2575018,80795288,9955531
hash,2575019,137422173848,17177627851
hash,2575020,80785512,9954309
hash,2575021,80795112,9955509
hash,2575022,80795072,9955504
hash,2575023,80795120,9955510
hash,2575024,80788400,9954670
hash,2575025,1151765,90
hash,2575026,1151760,90
hash,2575027,137422173752,17177627839
hash,2575028,137422173768,17177627841
hash,2575029,137422173784,17177627843
hash,2575030,137422173792,17177627844
hash,2575031,137422173800,17177627845
hash,2575032,137422173808,17177627846
hash,2575033,137422173816,17177627847
hash,2575034,137422173824,17177627848
hash,2575035,137422173832,17177627849
hash,2575036,80795072,9955504
hash,2575037,80795208,9955521
hash,2575038,80822336,9958912
hash,2575039,80799508,9956058
hash,2575040,137422173864,17177627853
hash,2575041,137422173872,17177627854
hash,2575042,137422173880,17177627855
hash,2575043,137422173888,17177627856
hash,2575044,137422173896,17177627857
hash,2575045,137422173904,17177627858
hash,2575046,137422173912,17177627859
hash,2575047,1175616,3072
hash,2575048,78451448,9662551
hash,2575049,137422173976,17177627867
hash,2575050,1175616,3072
hash,2575051,78451448,9662551
hash,2575052,1175649,3076
hash,2575053,137422173992,17177627869
hash,2575054,81812584,10082693
hash,2575055,137422174008,17177627871
hash,2575056,137422174016,17177627872
hash,2575057,137422174024,17177627873
hash,2575058,137422174032,17177627874
hash,2575059,137422174040,17177627875
hash,2575060,137422174048,17177627876
hash,2575061,137422174056,17177627877
hash,2575062,137422174064,17177627878
hash,2575063,137422174072,17177627879
hash,2575064,137422174080,17177627880
hash,2575065,137422174088,17177627881
hash,2575066,137422174100,17177627882
hash,2575067,1175480,3055
hash,2575068,1175616,3072
hash,2575069,78451448,9662551
hash,2575070,1175648,3076
hash,2575071,78465144,9664263
hash,2575072,81812584,10082693
hash,2575073,78471112,9665009
hash,2575074,1175616,3072
hash,2575075,78451448,9662551
hash,2575076,1175840,3100
hash,2575077,1175656,3077
hash,2575078,137422173952,17177627864
hash,2575079,137422173960,17177627865
hash,2575080,137422173968,17177627866
hash,2575081,137422173976,17177627867
hash,2575082,137422174000,17177627870
hash,2575083,1175616,3072
hash,2575084,78451448,9662551
hash,2575085,1175872,3104
hash,2575086,1175849,3101
hash,2575087,1175848,3101
hash,2575088,1175856,3102
hash,2575089,78481840,9666350
hash,2575090,78450064,9662378
hash,2575091,78468136,9664637
hash,2575092,81812584,10082693
hash,2575093,78461464,9663803
hash,2575094,78465560,9664315
hash,2575095,78485512,9666809
hash,2575096,137422173800,17177627845
hash,2575097,1175832,3099
hash,2575098,78483480,9666555
hash,2575099,78482784,9666468
hash,2575100,137422173808,17177627846
hash,2575101,137422173816,17177627847
hash,2575102,137422173824,17177627848
hash,2575103,137422173832,17177627849
hash,2575104,137422173840,17177627850
hash,2575105,137422173848,17177627851
hash,2575106,1175648,3076
hash,2575107,78479763,9666090
hash,2575108,78479759,9666089
hash,2575109,137422173800,17177627845
hash,2575110,137422173880,17177627855
hash,2575111,137422173896,17177627857
hash,2575112,137422173895,17177627856
hash,2575113,78479712,9666084
hash,2575114,1175640,3075
hash,2575115,78474848,9665476
hash,2575116,78445160,9661765
hash,2575117,78474912,9665484
hash,2575118,78470296,9664907
hash,2575119,80795072,9955504
hash,2575120,81812560,10082690
hash,2575121,80795208,9955521
hash,2575122,80822336,9958912
hash,2575123,80799512,9956059
hash,2575124,137422173736,17177627837
hash,2575125,80795264,9955528
hash,2575126,80795288,9955531
hash,2575127,137422173736,17177627837
hash,2575128,80785512,9954309
hash,2575129,80795112,9955509
hash,2575130,80795072,9955504
hash,2575131,80795120,9955510
hash,2575132,80788400,9954670
hash,2575133,137422173846,17177627850
hash,2575134,137422173846,17177627850
hash,2575135,137422173640,17177627825
hash,2575136,137422173656,17177627827
hash,2575137,137422173672,17177627829
hash,2575138,137422173680,17177627830
hash,2575139,137422173688,17177627831
hash,2575140,137422173696,17177627832
hash,2575141,137422173704,17177627833
hash,2575142,137422173712,17177627834
hash,2575143,137422173720,17177627835
hash,2575144,80795072,9955504
hash,2575145,80795208,9955521
hash,2575146,80822336,9958912
hash,2575147,80799508,9956058
hash,2575148,137422173752,17177627839
hash,2575149,137422173760,17177627840
hash,2575150,137422173768,17177627841
hash,2575151,137422173776,17177627842
hash,2575152,137422173784,17177627843
hash,2575153,137422173792,17177627844
hash,2575154,137422173800,17177627845
hash,2575155,137422173912,17177627859
hash,2575156,81812584,10082693
hash,2575157,137422173928,17177627861
hash,2575158,137422173936,17177627862
hash,2575159,137422173944,17177627863
hash,2575160,137422173952,17177627864
hash,2575161,137422173960,17177627865
hash,2575162,137422173968,17177627866
hash,2575163,137422173976,17177627867
hash,2575164,137422174008,17177627871
hash,2575165,1175616,3072
hash,2575166,78451448,9662551
hash,2575167,1175649,3076
hash,2575168,137422174024,17177627873
hash,2575169,81812584,10082693
hash,2575170,137422174040,17177627875
hash,2575171,137422174048,17177627876
hash,2575172,137422174056,17177627877
hash,2575173,137422174064,17177627878
hash,2575174,137422174072,17177627879
hash,2575175,137422174080,17177627880
hash,2575176,137422174088,17177627881
hash,2575177,1175328,3036
hash,2575178,78466192,9664394
hash,2575179,1151774,91
hash,2575180,137422174056,17177627877
hash,2575181,78468008,9664621
hash,2575182,81812584,10082693
hash,2575183,78471112,9665009
hash,2575184,1175616,3072
hash,2575185,78451448,9662551
hash,2575186,1175840,3100
hash,2575187,1175656,3077
hash,2575188,137422173888,17177627856
hash,2575189,137422173896,17177627857
hash,2575190,137422173904,17177627858
hash,2575191,137422173912,17177627859
hash,2575192,137422173968,17177627866
hash,2575193,1175616,3072
hash,2575194,78451448,9662551
hash,2575195,1175640,3075
hash,2575196,1175856,3102
hash,2575197,137422173960,17177627865
hash,2575198,78474848,9665476
hash,2575199,78445160,9661765
hash,2575200,78474912,9665484
hash,2575201,78470296,9664907
hash,2575202,80795072,9955504
hash,2575203,81812560,10082690
hash,2575204,80795208,9955521
hash,2575205,80822336,9958912
hash,2575206,80799512,9956059
hash,2575207,137422173848,17177627851
hash,2575208,80795264,9955528
hash,2575209,80795288,9955531
hash,2575210,137422173848,17177627851
hash,2575211,80785512,9954309
hash,2575212,80795112,9955509
hash,2575213,80795072,9955504
hash,2575214,80795120,9955510
hash,2575215,80788400,9954670
hash,2575216,1151775,91
hash,2575217,1151774,91
hash,2575218,137422173752,17177627839
hash,2575219,137422173768,17177627841
hash,2575220,137422173784,17177627843
hash,2575221,137422173792,17177627844
hash,2575222,137422173800,17177627845
hash,2575223,137422173808,17177627846
hash,2575224,137422173816,17177627847
hash,2575225,137422173824,17177627848
hash,2575226,137422173832,17177627849
hash,2575227,80795072,9955504
hash,2575228,80795208,9955521
hash,2575229,80822336,9958912
hash,2575230,80799508,9956058
hash,2575231,137422173864,17177627853
hash,2575232,137422173872,17177627854
hash,2575233,137422173880,17177627855
hash,2575234,137422173888,17177627856
hash,2575235,137422173896,17177627857
hash,2575236,137422173904,17177627858
hash,2575237,137422173912,17177627859
hash,2575238,1175616,3072
hash,2575239,78451448,9662551
hash,2575240,137422173976,17177627867
hash,2575241,1175616,3072
hash,2575242,78451448,9662551
hash,2575243,1175649,3076
hash,2575244,137422173992,17177627869
hash,2575245,81812584,10082693
hash,2575246,137422174008,17177627871
hash,2575247,137422174016,17177627872
hash,2575248,137422174024,17177627873
hash,2575249,137422174032,17177627874
hash,2575250,137422174040,17177627875
hash,2575251,137422174048,17177627876
hash,2575252,137422174056,17177627877
hash,2575253,137422174064,17177627878
hash,2575254,137422174072,17177627879
hash,2575255,137422174080,17177627880
hash,2575256,137422174088,17177627881
hash,2575257,137422174104,17177627883
hash,2575258,67458128,8288386
hash,2575259,1175480,3055
hash,2575260,1175616,3072
hash,2575261,78451448,9662551
hash,2575262,1175648,3076
hash,2575263,78465144,9664263
hash,2575264,81812584,10082693
hash,2575265,78471112,9665009
hash,2575266,1175616,3072
hash,2575267,78451448,9662551
hash,2575268,1175840,3100
hash,2575269,1175656,3077
hash,2575270,137422173952,17177627864
hash,2575271,137422173960,17177627865
hash,2575272,137422173968,17177627866
hash,2575273,137422173976,17177627867
hash,2575274,137422174000,17177627870
hash,2575275,1175616,3072
hash,2575276,78451448,9662551
hash,2575277,1175872,3104
hash,2575278,1175849,3101
hash,2575279,1175848,3101
hash,2575280,1175856,3102
hash,2575281,78481840,9666350
hash,2575282,78450064,9662378
hash,2575283,78468136,9664637
hash,2575284,81812584,10082693
hash,2575285,78461464,9663803
hash,2575286,78465560,9664315
hash,2575287,78485512,9666809
hash,2575288,137422173800,17177627845
hash,2575289,1175832,3099
hash,2575290,78483480,9666555
hash,2575291,78482784,9666468
hash,2575292,137422173808,17177627846
hash,2575293,137422173816,17177627847
hash,2575294,137422173824,17177627848
hash,2575295,137422173832,17177627849
hash,2575296,137422173840,17177627850
hash,2575297,137422173848,17177627851
hash,2575298,1175648,3076
hash,2575299,78479766,9666090
hash,2575300,78479762,9666090
hash,2575301,137422173800,17177627845
hash,2575302,137422173880,17177627855
hash,2575303,137422173896,17177627857
hash,2575304,137422173895,17177627856
hash,2575305,78479712,9666084
hash,2575306,1175640,3075
hash,2575307,78474848,9665476
hash,2575308,78445160,9661765
hash,2575309,78474912,9665484
hash,2575310,78470296,9664907
hash,2575311,80795072,9955504
hash,2575312,81812560,10082690
hash,2575313,80795208,9955521
hash,2575314,80822336,9958912
hash,2575315,80799512,9956059
hash,2575316,137422173736,17177627837
hash,2575317,80795264,9955528
hash,2575318,80795288,9955531
hash,2575319,137422173736,17177627837
hash,2575320,80785512,9954309
hash,2575321,80795112,9955509
hash,2575322,80795072,9955504
hash,2575323,80795120,9955510
hash,2575324,80788400,9954670
hash,2575325,137422173846,17177627850
hash,2575326,137422173846,17177627850
hash,2575327,137422173640,17177627825
hash,2575328,137422173656,17177627827
hash,2575329,137422173672,17177627829
hash,2575330,137422173680,17177627830
hash,2575331,137422173688,17177627831
hash,2575332,137422173696,17177627832
hash,2575333,137422173704,17177627833
hash,2575334,137422173712,17177627834
hash,2575335,137422173720,17177627835
hash,2575336,80795072,9955504
hash,2575337,80795208,9955521
hash,2575338,80822336,9958912
hash,2575339,80799508,9956058
hash,2575340,137422173752,17177627839
hash,2575341,137422173760,17177627840
hash,2575342,137422173768,17177627841
hash,2575343,137422173776,17177627842
hash,2575344,137422173784,17177627843
hash,2575345,137422173792,17177627844
hash,2575346,137422173800,17177627845
hash,2575347,137422173912,17177627859
hash,2575348,81812584,10082693
hash,2575349,137422173928,17177627861
hash,2575350,137422173936,17177627862
hash,2575351,137422173944,17177627863
hash,2575352,137422173952,17177627864
hash,2575353,137422173960,17177627865
hash,2575354,137422173968,17177627866
hash,2575355,137422173976,17177627867
hash,2575356,137422174008,17177627871
hash,2575357,1175616,3072
hash,2575358,78451448,9662551
hash,2575359,1175649,3076
hash,2575360,137422174024,17177627873
hash,2575361,81812584,10082693
hash,2575362,137422174040,17177627875
hash,2575363,137422174048,17177627876
hash,2575364,137422174056,17177627877
hash,2575365,137422174064,17177627878
hash,2575366,137422174072,17177627879
hash,2575367,137422174080,17177627880
hash,2575368,137422174088,17177627881
hash,2575369,1175328,3036
hash,2575370,78466192,9664394
hash,2575371,1151784,93
hash,2575372,137422174056,17177627877
hash,2575373,78468008,9664621
hash,2575374,81812584,10082693
hash,2575375,78471112,9665009
hash,2575376,1175616,3072
hash,2575377,78451448,9662551
hash,2575378,1175840,3100
hash,2575379,1175656,3077
hash,2575380,137422173888,17177627856
hash,2575381,137422173896,17177627857
hash,2575382,137422173904,17177627858
hash,2575383,137422173912,17177627859
hash,2575384,137422173968,17177627866
hash,2575385,1175616,3072
hash,2575386,78451448,9662551
hash,2575387,1175640,3075
hash,2575388,1175856,3102
hash,2575389,137422173960,17177627865
hash,2575390,78474848,9665476
hash,2575391,78445160,9661765
hash,2575392,78474912,9665484
hash,2575393,78470296,9664907
hash,2575394,80795072,9955504
hash,2575395,81812560,10082690
hash,2575396,80795208,9955521
hash,2575397,80822336,9958912
hash,2575398,80799512,9956059
hash,2575399,137422173848,17177627851
hash,2575400,80795264,9955528
hash,2575401,80795288,9955531
hash,2575402,137422173848,17177627851
hash,2575403,80785512,9954309
hash,2575404,80795112,9955509
hash,2575405,80795072,9955504
hash,2575406,80795120,9955510
hash,2575407,80788400,9954670
hash,2575408,1151784,93
hash,2575409,137422173752,17177627839
hash,2575410,137422173768,17177627841
hash,2575411,137422173784,17177627843
hash,2575412,137422173792,17177627844
hash,2575413,137422173800,17177627845
hash,2575414,137422173808,17177627846
hash,2575415,137422173816,17177627847
hash,2575416,137422173824,17177627848
hash,2575417,137422173832,17177627849
hash,2575418,80795072,9955504
hash,2575419,80795208,9955521
hash,2575420,80822336,9958912
hash,2575421,80799508,9956058
hash,2575422,137422173864,17177627853
hash,2575423,137422173872,17177627854
hash,2575424,137422173880,17177627855
hash,2575425,137422173888,17177627856
hash,2575426,137422173896,17177627857
hash,2575427,137422173904,17177627858
hash,2575428,137422173912,17177627859
hash,2575429,1175616,3072
hash,2575430,78451448,9662551
hash,2575431,137422173976,17177627867
hash,2575432,1175616,3072
hash,2575433,78451448,9662551
hash,2575434,1175649,3076
hash,2575435,137422173992,17177627869
hash,2575436,81812584,10082693
hash,2575437,137422174008,17177627871
hash,2575438,137422174016,17177627872
hash,2575439,137422174024,17177627873
hash,2575440,137422174032,17177627874
hash,2575441,137422174040,17177627875
hash,2575442,137422174048,17177627876
hash,2575443,137422174056,17177627877
hash,2575444,137422174064,17177627878
hash,2575445,137422174072,17177627879
hash,2575446,137422174080,17177627880
hash,2575447,137422174088,17177627881
hash,2575448,137422174104,17177627883
hash,2575449,1175312,3034
hash,2575450,67458144,8288388
hash,2575451,67458136,8288387
hash,2575452,78468008,9664621
hash,2575453,81812584,10082693
hash,2575454,78471112,9665009
hash,2575455,1175616,3072
hash,2575456,78451448,9662551
hash,2575457,1175840,3100
hash,2575458,1175656,3077
hash,2575459,137422173920,17177627860
hash,2575460,137422173928,17177627861
hash,2575461,137422173936,17177627862
hash,2575462,137422173944,17177627863
hash,2575463,137422174000,17177627870
hash,2575464,1175616,3072
hash,2575465,78451448,9662551
hash,2575466,1175640,3075
hash,2575467,1175856,3102
hash,2575468,137422173992,17177627869
hash,2575469,78474848,9665476
hash,2575470,78445160,9661765
hash,2575471,78474912,9665484
hash,2575472,78470296,9664907
hash,2575473,80795072,9955504
hash,2575474,81812560,10082690
hash,2575475,80795208,9955521
hash,2575476,80822336,9958912
hash,2575477,80799512,9956059
hash,2575478,137422173880,17177627855
hash,2575479,80795264,9955528
hash,2575480,80795288,9955531
hash,2575481,137422173880,17177627855
hash,2575482,80785512,9954309
hash,2575483,80795112,9955509
hash,2575484,80795072,9955504
hash,2575485,80795120,9955510
hash,2575486,80788400,9954670
hash,2575487,67458154,8288389
hash,2575488,67458152,8288389
hash,2575489,137422173784,17177627843
hash,2575490,137422173800,17177627845
hash,2575491,137422173816,17177627847
hash,2575492,137422173824,17177627848
hash,2575493,137422173832,17177627849
hash,2575494,137422173840,17177627850
hash,2575495,137422173848,17177627851
hash,2575496,137422173856,17177627852
hash,2575497,137422173864,17177627853
hash,2575498,80795072,9955504
hash,2575499,80795208,9955521
hash,2575500,80822336,9958912
hash,2575501,80799508,9956058
hash,2575502,137422173896,17177627857
hash,2575503,137422173904,17177627858
hash,2575504,137422173912,17177627859
hash,2575505,137422173920,17177627860
hash,2575506,137422173928,17177627861
hash,2575507,137422173936,17177627862
hash,2575508,137422173944,17177627863
hash,2575509,1175616,3072
hash,2575510,78451448,9662551
hash,2575511,137422174008,17177627871
hash,2575512,1175616,3072
hash,2575513,78451448,9662551
hash,2575514,1175649,3076
hash,2575515,137422174024,17177627873
hash,2575516,81812584,10082693
hash,2575517,137422174040,17177627875
hash,2575518,137422174048,17177627876
hash,2575519,137422174056,17177627877
hash,2575520,137422174064,17177627878
hash,2575521,137422174072,17177627879
hash,2575522,137422174080,17177627880
hash,2575523,137422174088,17177627881
hash,2575524,1175328,3036
hash,2575525,78466192,9664394
hash,2575526,1151784,93
hash,2575527,137422174056,17177627877
hash,2575528,78468008,9664621
hash,2575529,81812584,10082693
hash,2575530,78471112,9665009
hash,2575531,1175616,3072
hash,2575532,78451448,9662551
hash,2575533,1175840,3100
hash,2575534,1175656,3077
hash,2575535,137422173888,17177627856
hash,2575536,137422173896,17177627857
hash,2575537,137422173904,17177627858
hash,2575538,137422173912,17177627859
hash,2575539,137422173968,17177627866
hash,2575540,1175616,3072
hash,2575541,78451448,9662551
hash,2575542,1175640,3075
hash,2575543,1175856,3102
hash,2575544,137422173960,17177627865
hash,2575545,78474848,9665476
hash,2575546,78445160,9661765
hash,2575547,78474912,9665484
hash,2575548,78470296,9664907
hash,2575549,80795072,9955504
hash,2575550,81812560,10082690
hash,2575551,80795208,9955521
hash,2575552,80822336,9958912
hash,2575553,80799512,9956059
hash,2575554,137422173848,17177627851
hash,2575555,80795264,9955528
hash,2575556,80795288,9955531
hash,2575557,137422173848,17177627851
hash,2575558,80785512,9954309
hash,2575559,80795112,9955509
hash,2575560,80795072,9955504
hash,2575561,80795120,9955510
hash,2575562,80788400,9954670
hash,2575563,1151784,93
hash,2575564,137422173752,17177627839
hash,2575565,137422173768,17177627841
hash,2575566,137422173784,17177627843
hash,2575567,137422173792,17177627844
hash,2575568,137422173800,17177627845
hash,2575569,137422173808,17177627846
hash,2575570,137422173816,17177627847
hash,2575571,137422173824,17177627848
hash,2575572,137422173832,17177627849
hash,2575573,80795072,9955504
hash,2575574,80795208,9955521
hash,2575575,80822336,9958912
hash,2575576,80799508,9956058
hash,2575577,137422173864,17177627853
hash,2575578,137422173872,17177627854
hash,2575579,137422173880,17177627855
hash,2575580,137422173888,17177627856
hash,2575581,137422173896,17177627857
hash,2575582,137422173904,17177627858
hash,2575583,137422173912,17177627859
hash,2575584,1175616,3072
hash,2575585,78451448,9662551
hash,2575586,137422173976,17177627867
hash,2575587,1175616,3072
hash,2575588,78451448,9662551
hash,2575589,1175649,3076
hash,2575590,137422173992,17177627869
hash,2575591,81812584,10082693
hash,2575592,137422174008,17177627871
hash,2575593,137422174016,17177627872
hash,2575594,137422174024,17177627873
hash,2575595,137422174032,17177627874
hash,2575596,137422174040,17177627875
hash,2575597,137422174048,17177627876
hash,2575598,137422174056,17177627877
hash,2575599,137422174064,17177627878
hash,2575600,137422174072,17177627879
hash,2575601,137422174080,17177627880
hash,2575602,137422174088,17177627881
hash,2575603,137422174104,17177627883
hash,2575604,67458132,8288386
hash,2575605,1175480,3055
hash,2575606,1175616,3072
hash,2575607,78451448,9662551
hash,2575608,1175648,3076
hash,2575609,78465144,9664263
hash,2575610,81812584,10082693
hash,2575611,78471112,9665009
hash,2575612,1175616,3072
hash,2575613,78451448,9662551
hash,2575614,1175840,3100
hash,2575615,1175656,3077
hash,2575616,137422173952,17177627864
hash,2575617,137422173960,17177627865
hash,2575618,137422173968,17177627866
hash,2575619,137422173976,17177627867
hash,2575620,137422174000,17177627870
hash,2575621,1175616,3072
hash,2575622,78451448,9662551
hash,2575623,1175872,3104
hash,2575624,1175849,3101
hash,2575625,1175848,3101
hash,2575626,1175856,3102
hash,2575627,78481840,9666350
hash,2575628,78450064,9662378
hash,2575629,78468136,9664637
hash,2575630,81812584,10082693
hash,2575631,78461464,9663803
hash,2575632,78465560,9664315
hash,2575633,78485512,9666809
hash,2575634,137422173800,17177627845
hash,2575635,1175832,3099
hash,2575636,78483480,9666555
hash,2575637,78482784,9666468
hash,2575638,137422173808,17177627846
hash,2575639,137422173816,17177627847
hash,2575640,137422173824,17177627848
hash,2575641,137422173832,17177627849
hash,2575642,137422173840,17177627850
hash,2575643,137422173848,17177627851
hash,2575644,1175648,3076
hash,2575645,78479763,9666090
hash,2575646,78479760,9666090
hash,2575647,137422173800,17177627845
hash,2575648,137422173880,17177627855
hash,2575649,137422173896,17177627857
hash,2575650,137422173895,17177627856
hash,2575651,78479712,9666084
hash,2575652,1175640,3075
hash,2575653,78474848,9665476
hash,2575654,78445160,9661765
hash,2575655,78474912,9665484
hash,2575656,78470296,9664907
hash,2575657,80795072,9955504
hash,2575658,81812560,10082690
hash,2575659,80795208,9955521
hash,2575660,80822336,9958912
hash,2575661,80799512,9956059
hash,2575662,137422173736,17177627837
hash,2575663,80795264,9955528
hash,2575664,80795288,9955531
hash,2575665,137422173736,17177627837
hash,2575666,80785512,9954309
hash,2575667,80795112,9955509
hash,2575668,80795072,9955504
hash,2575669,80795120,9955510
hash,2575670,80788400,9954670
hash,2575671,137422173846,17177627850
hash,2575672,137422173846,17177627850
hash,2575673,137422173640,17177627825
hash,2575674,137422173656,17177627827
hash,2575675,137422173672,17177627829
hash,2575676,137422173680,17177627830
hash,2575677,137422173688,17177627831
hash,2575678,137422173696,17177627832
hash,2575679,137422173704,17177627833
hash,2575680,137422173712,17177627834
hash,2575681,137422173720,17177627835
hash,2575682,80795072,9955504
hash,2575683,80795208,9955521
hash,2575684,80822336,9958912
hash,2575685,80799508,9956058
hash,2575686,137422173752,17177627839
hash,2575687,137422173760,17177627840
hash,2575688,137422173768,17177627841
hash,2575689,137422173776,17177627842
hash,2575690,137422173784,17177627843
hash,2575691,137422173792,17177627844
hash,2575692,137422173800,17177627845
hash,2575693,137422173912,17177627859
hash,2575694,81812584,10082693
hash,2575695,137422173928,17177627861
hash,2575696,137422173936,17177627862
hash,2575697,137422173944,17177627863
hash,2575698,137422173952,17177627864
hash,2575699,137422173960,17177627865
hash,2575700,137422173968,17177627866
hash,2575701,137422173976,17177627867
hash,2575702,137422174008,17177627871
hash,2575703,1175616,3072
hash,2575704,78451448,9662551
hash,2575705,1175649,3076
hash,2575706,137422174024,17177627873
hash,2575707,81812584,10082693
hash,2575708,137422174040,17177627875
hash,2575709,137422174048,17177627876
hash,2575710,137422174056,17177627877
hash,2575711,137422174064,17177627878
hash,2575712,137422174072,17177627879
hash,2575713,137422174080,17177627880
hash,2575714,137422174088,17177627881
hash,2575715,1175328,3036
hash,2575716,78466192,9664394
hash,2575717,1151784,93
hash,2575718,137422174056,17177627877
hash,2575719,78468008,9664621
hash,2575720,81812584,10082693
hash,2575721,78471112,9665009
hash,2575722,1175616,3072
hash,2575723,78451448,9662551
hash,2575724,1175840,3100
hash,2575725,1175656,3077
hash,2575726,137422173888,17177627856
hash,2575727,137422173896,17177627857
hash,2575728,137422173904,17177627858
hash,2575729,137422173912,17177627859
hash,2575730,137422173968,17177627866
hash,2575731,1175616,3072
hash,2575732,78451448,9662551
hash,2575733,1175640,3075
hash,2575734,1175856,3102
hash,2575735,137422173960,17177627865
hash,2575736,78474848,9665476
hash,2575737,78445160,9661765
hash,2575738,78474912,9665484
hash,2575739,78470296,9664907
hash,2575740,80795072,9955504
hash,2575741,81812560,10082690
hash,2575742,80795208,9955521
hash,2575743,80822336,9958912
hash,2575744,80799512,9956059
hash,2575745,137422173848,17177627851
hash,2575746,80795264,9955528
hash,2575747,80795288,9955531
hash,2575748,137422173848,17177627851
hash,2575749,80785512,9954309
hash,2575750,80795112,9955509
hash,2575751,80795072,9955504
hash,2575752,80795120,9955510
hash,2575753,80788400,9954670
hash,2575754,1151784,93
hash,2575755,137422173752,17177627839
hash,2575756,137422173768,17177627841
hash,2575757,137422173784,17177627843
hash,2575758,137422173792,17177627844
hash,2575759,137422173800,17177627845
hash,2575760,137422173808,17177627846
hash,2575761,137422173816,17177627847
hash,2575762,137422173824,17177627848
hash,2575763,137422173832,17177627849
hash,2575764,80795072,9955504
hash,2575765,80795208,9955521
hash,2575766,80822336,9958912
hash,2575767,80799508,9956058
hash,2575768,137422173864,17177627853
hash,2575769,137422173872,17177627854
hash,2575770,137422173880,17177627855
hash,2575771,137422173888,17177627856
hash,2575772,137422173896,17177627857
hash,2575773,137422173904,17177627858
hash,2575774,137422173912,17177627859
hash,2575775,1175616,3072
hash,2575776,78451448,9662551
hash,2575777,137422173976,17177627867
hash,2575778,1175616,3072
hash,2575779,78451448,9662551
hash,2575780,1175649,3076
hash,2575781,137422173992,17177627869
hash,2575782,81812584,10082693
hash,2575783,137422174008,17177627871
hash,2575784,137422174016,17177627872
hash,2575785,137422174024,17177627873
hash,2575786,137422174032,17177627874
hash,2575787,137422174040,17177627875
hash,2575788,137422174048,17177627876
hash,2575789,137422174056,17177627877
hash,2575790,137422174064,17177627878
hash,2575791,137422174072,17177627879
hash,2575792,137422174080,17177627880
hash,2575793,137422174088,17177627881
hash,2575794,137422174104,17177627883
hash,2575795,1175312,3034
hash,2575796,67458176,8288392
hash,2575797,67458168,8288391
hash,2575798,78468008,9664621
hash,2575799,81812584,10082693
hash,2575800,78471112,9665009
hash,2575801,1175616,3072
hash,2575802,78451448,9662551
hash,2575803,1175840,3100
hash,2575804,1175656,3077
hash,2575805,137422173920,17177627860
hash,2575806,137422173928,17177627861
hash,2575807,137422173936,17177627862
hash,2575808,137422173944,17177627863
hash,2575809,137422174000,17177627870
hash,2575810,1175616,3072
hash,2575811,78451448,9662551
hash,2575812,1175640,3075
hash,2575813,1175856,3102
hash,2575814,137422173992,17177627869
hash,2575815,78474848,9665476
hash,2575816,78445160,9661765
hash,2575817,78474912,9665484
hash,2575818,78470296,9664907
hash,2575819,80795072,9955504
hash,2575820,81812560,10082690
hash,2575821,80795208,9955521
hash,2575822,80822336,9958912
hash,2575823,80799512,9956059
hash,2575824,137422173880,17177627855
hash,2575825,80795264,9955528
hash,2575826,80795288,9955531
hash,2575827,137422173880,17177627855
hash,2575828,80785512,9954309
hash,2575829,80795112,9955509
hash,2575830,80795072,9955504
hash,2575831,80795120,9955510
hash,2575832,80788400,9954670
hash,2575833,67458188,8288393
hash,2575834,67458184,8288393
hash,2575835,137422173784,17177627843
hash,2575836,137422173800,17177627845
hash,2575837,137422173816,17177627847
hash,2575838,137422173824,17177627848
hash,2575839,137422173832,17177627849
hash,2575840,137422173840,17177627850
hash,2575841,137422173848,17177627851
hash,2575842,137422173856,17177627852
hash,2575843,137422173864,17177627853
hash,2575844,80795072,9955504
hash,2575845,80795208,9955521
hash,2575846,80822336,9958912
hash,2575847,80799508,9956058
hash,2575848,137422173896,17177627857
hash,2575849,137422173904,17177627858
hash,2575850,137422173912,17177627859
hash,2575851,137422173920,17177627860
hash,2575852,137422173928,17177627861
hash,2575853,137422173936,17177627862
hash,2575854,137422173944,17177627863
hash,2575855,1175616,3072
hash,2575856,78451448,9662551
hash,2575857,137422174008,17177627871
hash,2575858,1175616,3072
hash,2575859,78451448,9662551
hash,2575860,1175649,3076
hash,2575861,137422174024,17177627873
hash,2575862,81812584,10082693
hash,2575863,137422174040,17177627875
hash,2575864,137422174048,17177627876
hash,2575865,137422174056,17177627877
hash,2575866,137422174064,17177627878
hash,2575867,137422174072,17177627879
hash,2575868,137422174080,17177627880
hash,2575869,137422174088,17177627881
hash,2575870,1175328,3036
hash,2575871,78466192,9664394
hash,2575872,1151784,93
hash,2575873,137422174056,17177627877
hash,2575874,78468008,9664621
hash,2575875,81812584,10082693
hash,2575876,78471112,9665009
hash,2575877,1175616,3072
hash,2575878,78451448,9662551
hash,2575879,1175840,3100
hash,2575880,1175656,3077
hash,2575881,137422173888,17177627856
hash,2575882,137422173896,17177627857
hash,2575883,137422173904,17177627858
hash,2575884,137422173912,17177627859
hash,2575885,137422173968,17177627866
hash,2575886,1175616,3072
hash,2575887,78451448,9662551
hash,2575888,1175640,3075
hash,2575889,1175856,3102
hash,2575890,137422173960,17177627865
hash,2575891,78474848,9665476
hash,2575892,78445160,9661765
hash,2575893,78474912,9665484
hash,2575894,78470296,9664907
hash,2575895,80795072,9955504
hash,2575896,81812560,10082690
hash,2575897,80795208,9955521
hash,2575898,80822336,9958912
hash,2575899,80799512,9956059
hash,2575900,137422173848,17177627851
hash,2575901,80795264,9955528
hash,2575902,80795288,9955531
hash,2575903,137422173848,17177627851
hash,2575904,80785512,9954309
hash,2575905,80795112,9955509
hash,2575906,80795072,9955504
hash,2575907,80795120,9955510
hash,2575908,80788400,9954670
hash,2575909,1151784,93
hash,2575910,137422173752,17177627839
hash,2575911,137422173768,17177627841
hash,2575912,137422173784,17177627843
hash,2575913,137422173792,17177627844
hash,2575914,137422173800,17177627845
hash,2575915,137422173808,17177627846
hash,2575916,137422173816,17177627847
hash,2575917,137422173824,17177627848
hash,2575918,137422173832,17177627849
hash,2575919,80795072,9955504
hash,2575920,80795208,9955521
hash,2575921,80822336,9958912
hash,2575922,80799508,9956058
hash,2575923,137422173864,17177627853
hash,2575924,137422173872,17177627854
hash,2575925,137422173880,17177627855
hash,2575926,137422173888,17177627856
hash,2575927,137422173896,17177627857
hash,2575928,137422173904,17177627858
hash,2575929,137422173912,17177627859
hash,2575930,1175616,3072
hash,2575931,78451448,9662551
hash,2575932,137422173976,17177627867
hash,2575933,1175616,3072
hash,2575934,78451448,9662551
hash,2575935,1175649,3076
hash,2575936,137422173992,17177627869
hash,2575937,81812584,10082693
hash,2575938,137422174008,17177627871
hash,2575939,137422174016,17177627872
hash,2575940,137422174024,17177627873
hash,2575941,137422174032,17177627874
hash,2575942,137422174040,17177627875
hash,2575943,137422174048,17177627876
hash,2575944,137422174056,17177627877
hash,2575945,137422174064,17177627878
hash,2575946,137422174072,17177627879
hash,2575947,137422174080,17177627880
hash,2575948,137422174088,17177627881
hash,2575949,137422174104,17177627883
hash,2575950,1175312,3034
hash,2575951,67458208,8288396
hash,2575952,67458200,8288395
hash,2575953,78468008,9664621
hash,2575954,81812584,10082693
hash,2575955,78471112,9665009
hash,2575956,1175616,3072
hash,2575957,78451448,9662551
hash,2575958,1175840,3100
hash,2575959,1175656,3077
hash,2575960,137422173920,17177627860
hash,2575961,137422173928,17177627861
hash,2575962,137422173936,17177627862
hash,2575963,137422173944,17177627863
hash,2575964,137422174000,17177627870
hash,2575965,1175616,3072
hash,2575966,78451448,9662551
hash,2575967,1175640,3075
hash,2575968,1175856,3102
hash,2575969,137422173992,17177627869
hash,2575970,78474848,9665476
hash,2575971,78445160,9661765
hash,2575972,78474912,9665484
hash,2575973,78470296,9664907
hash,2575974,80795072,9955504
hash,2575975,81812560,10082690
hash,2575976,80795208,9955521
hash,2575977,80822336,9958912
hash,2575978,80799512,9956059
hash,2575979,137422173880,17177627855
hash,2575980,80795264,9955528
hash,2575981,80795288,9955531
hash,2575982,137422173880,17177627855
hash,2575983,80785512,9954309
hash,2575984,80795112,9955509
hash,2575985,80795072,9955504
hash,2575986,80795120,9955510
hash,2575987,80788400,9954670
hash,2575988,67458216,8288397
hash,2575989,67458216,8288397
hash,2575990,137422173784,17177627843
hash,2575991,137422173800,17177627845
hash,2575992,137422173816,17177627847
hash,2575993,137422173824,17177627848
hash,2575994,137422173832,17177627849
hash,2575995,137422173840,17177627850
hash,2575996,137422173848,17177627851
hash,2575997,137422173856,17177627852
hash,2575998,137422173864,17177627853
hash,2575999,80795072,9955504
hash,2576000,80795208,9955521
hash,2576001,80822336,9958912
hash,2576002,80799508,9956058
hash,2576003,137422173896,17177627857
hash,2576004,137422173904,17177627858
hash,2576005,137422173912,17177627859
hash,2576006,137422173920,17177627860
hash,2576007,137422173928,17177627861
hash,2576008,137422173936,17177627862
hash,2576009,137422173944,17177627863
hash,2576010,1175616,3072
hash,2576011,78451448,9662551
hash,2576012,137422174008,17177627871
hash,2576013,1175616,3072
hash,2576014,78451448,9662551
hash,2576015,1175649,3076
hash,2576016,137422174024,17177627873
hash,2576017,81812584,10082693
hash,2576018,137422174040,17177627875
hash,2576019,137422174048,17177627876
hash,2576020,137422174056,17177627877
hash,2576021,137422174064,17177627878
hash,2576022,137422174072,17177627879
hash,2576023,137422174080,17177627880
hash,2576024,137422174088,17177627881
hash,2576025,1175328,3036
hash,2576026,78466192,9664394
hash,2576027,1151784,93
hash,2576028,137422174056,17177627877
hash,2576029,78468008,9664621
hash,2576030,81812584,10082693
hash,2576031,78471112,9665009
hash,2576032,1175616,3072
hash,2576033,78451448,9662551
hash,2576034,1175840,3100
hash,2576035,1175656,3077
hash,2576036,137422173888,17177627856
hash,2576037,137422173896,17177627857
hash,2576038,137422173904,17177627858
hash,2576039,137422173912,17177627859
hash,2576040,137422173968,17177627866
hash,2576041,1175616,3072
hash,2576042,78451448,9662551
hash,2576043,1175640,3075
hash,2576044,1175856,3102
hash,2576045,137422173960,17177627865
hash,2576046,78474848,9665476
hash,2576047,78445160,9661765
hash,2576048,78474912,9665484
hash,2576049,78470296,9664907
hash,2576050,80795072,9955504
hash,2576051,81812560,10082690
hash,2576052,80795208,9955521
hash,2576053,80822336,9958912
hash,2576054,80799512,9956059
hash,2576055,137422173848,17177627851
hash,2576056,80795264,9955528
hash,2576057,80795288,9955531
hash,2576058,137422173848,17177627851
hash,2576059,80785512,9954309
hash,2576060,80795112,9955509
hash,2576061,80795072,9955504
hash,2576062,80795120,9955510
hash,2576063,80788400,9954670
hash,2576064,1151784,93
hash,2576065,137422173752,17177627839
hash,2576066,137422173768,17177627841
hash,2576067,137422173784,17177627843
hash,2576068,137422173792,17177627844
hash,2576069,137422173800,17177627845
hash,2576070,137422173808,17177627846
hash,2576071,137422173816,17177627847
hash,2576072,137422173824,17177627848
hash,2576073,137422173832,17177627849
hash,2576074,80795072,9955504
hash,2576075,80795208,9955521
hash,2576076,80822336,9958912
hash,2576077,80799508,9956058
hash,2576078,137422173864,17177627853
hash,2576079,137422173872,17177627854
hash,2576080,137422173880,17177627855
hash,2576081,137422173888,17177627856
hash,2576082,137422173896,17177627857
hash,2576083,137422173904,17177627858
hash,2576084,137422173912,17177627859
hash,2576085,1175616,3072
hash,2576086,78451448,9662551
hash,2576087,137422173976,17177627867
hash,2576088,1175616,3072
hash,2576089,78451448,9662551
hash,2576090,1175649,3076
hash,2576091,137422173992,17177627869
hash,2576092,81812584,10082693
hash,2576093,137422174008,17177627871
hash,2576094,137422174016,17177627872
hash,2576095,137422174024,17177627873
hash,2576096,137422174032,17177627874
hash,2576097,137422174040,17177627875
hash,2576098,137422174048,17177627876
hash,2576099,137422174056,17177627877
hash,2576100,137422174064,17177627878
hash,2576101,137422174072,17177627879
hash,2576102,137422174080,17177627880
hash,2576103,137422174088,17177627881
hash,2576104,137422174104,17177627883
hash,2576105,1175312,3034
hash,2576106,67458240,8288400
hash,2576107,67458232,8288399
hash,2576108,78468008,9664621
hash,2576109,81812584,10082693
hash,2576110,78471112,9665009
hash,2576111,1175616,3072
hash,2576112,78451448,9662551
hash,2576113,1175840,3100
hash,2576114,1175656,3077
hash,2576115,137422173920,17177627860
hash,2576116,137422173928,17177627861
hash,2576117,137422173936,17177627862
hash,2576118,137422173944,17177627863
hash,2576119,137422174000,17177627870
hash,2576120,1175616,3072
hash,2576121,78451448,9662551
hash,2576122,1175640,3075
hash,2576123,1175856,3102
hash,2576124,137422173992,17177627869
hash,2576125,78474848,9665476
hash,2576126,78445160,9661765
hash,2576127,78474912,9665484
hash,2576128,78470296,9664907
hash,2576129,80795072,9955504
hash,2576130,81812560,10082690
hash,2576131,80795208,9955521
hash,2576132,80822336,9958912
hash,2576133,80799512,9956059
hash,2576134,137422173880,17177627855
hash,2576135,80795264,9955528
hash,2576136,80795288,9955531
hash,2576137,137422173880,17177627855
hash,2576138,80785512,9954309
hash,2576139,80795112,9955509
hash,2576140,80795072,9955504
hash,2576141,80795120,9955510
hash,2576142,80788400,9954670
hash,2576143,67458250,8288401
hash,2576144,67458248,8288401
hash,2576145,137422173784,17177627843
hash,2576146,137422173800,17177627845
hash,2576147,137422173816,17177627847
hash,2576148,137422173824,17177627848
hash,2576149,137422173832,17177627849
hash,2576150,137422173840,17177627850
hash,2576151,137422173848,17177627851
hash,2576152,137422173856,17177627852
hash,2576153,137422173864,17177627853
hash,2576154,80795072,9955504
hash,2576155,80795208,9955521
hash,2576156,80822336,9958912
hash,2576157,80799508,9956058
hash,2576158,137422173896,17177627857
hash,2576159,137422173904,17177627858
hash,2576160,137422173912,17177627859
hash,2576161,137422173920,17177627860
hash,2576162,137422173928,17177627861
hash,2576163,137422173936,17177627862
hash,2576164,137422173944,17177627863
hash,2576165,1175616,3072
hash,2576166,78451448,9662551
hash,2576167,137422174008,17177627871
hash,2576168,1175616,3072
hash,2576169,78451448,9662551
hash,2576170,1175649,3076
hash,2576171,137422174024,17177627873
hash,2576172,81812584,10082693
hash,2576173,137422174040,17177627875
hash,2576174,137422174048,17177627876
hash,2576175,137422174056,17177627877
hash,2576176,137422174064,17177627878
hash,2576177,137422174072,17177627879
hash,2576178,137422174080,17177627880
hash,2576179,137422174088,17177627881
hash,2576180,1175368,3041
hash,2576181,1175616,3072
hash,2576182,78451448,9662551
hash,2576183,1175640,3075
hash,2576184,137422174060,17177627877
hash,2576185,78464656,9664202
hash,2576186,81812584,10082693
hash,2576187,78471112,9665009
hash,2576188,1175616,3072
hash,2576189,78451448,9662551
hash,2576190,1175840,3100
hash,2576191,1175656,3077
hash,2576192,137422173936,17177627862
hash,2576193,137422173944,17177627863
hash,2576194,137422173952,17177627864
hash,2576195,137422173960,17177627865
hash,2576196,137422173968,17177627866
hash,2576197,1175616,3072
hash,2576198,78451448,9662551
hash,2576199,1175856,3102
hash,2576200,78474888,9665481
hash,2576201,78474896,9665482
hash,2576202,78474848,9665476
hash,2576203,78445168,9661766
hash,2576204,78474912,9665484
hash,2576205,78468040,9664625
hash,2576206,80795188,9955518
hash,2576207,80795112,9955509
hash,2576208,80795120,9955510
hash,2576209,137422173928,17177627861
hash,2576210,137422173936,17177627862
hash,2576211,137422173944,17177627863
hash,2576212,137422173952,17177627864
hash,2576213,137422173960,17177627865
hash,2576214,137422173976,17177627867
hash,2576215,1175616,3072
hash,2576216,78451448,9662551
hash,2576217,1175649,3076
hash,2576218,137422173992,17177627869
hash,2576219,81812584,10082693
hash,2576220,137422174008,17177627871
hash,2576221,137422174016,17177627872
hash,2576222,137422174024,17177627873
hash,2576223,137422174032,17177627874
hash,2576224,137422174040,17177627875
hash,2576225,137422174072,17177627879
hash,2576226,137422174080,17177627880
hash,2576227,137422174088,17177627881
hash,2576228,137422174112,17177627884
hash,2576229,137422174120,17177627885
hash,2576230,137422174136,17177627887
hash,2576231,137422174156,17177627889
hash,2576232,137422174072,17177627879
hash,2576233,137422174068,17177627878
hash,2576234,137422174040,17177627875
hash,2576235,137422174728,17177627961
hash,2576236,137422174036,17177627874
hash,2576237,137422174048,17177627876
hash,2576238,137422174056,17177627877
hash,2576239,137422174088,17177627881
hash,2576240,137422174040,17177627875
hash,2576241,67443324,8286535
hash,2576242,137422174048,17177627876
hash,2576243,137422174056,17177627877
hash,2576244,137422174088,17177627881
hash,2576245,137422174040,17177627875
hash,2576246,67443324,8286535
hash,2576247,137422174048,17177627876
hash,2576248,137422174056,17177627877
hash,2576249,137422174084,17177627880
hash,2576250,1175328,3036
hash,2576251,78466192,9664394
hash,2576252,1151787,93
hash,2576253,137422174024,17177627873
hash,2576254,78468008,9664621
hash,2576255,81812584,10082693
hash,2576256,78471112,9665009
hash,2576257,1175616,3072
hash,2576258,78451448,9662551
hash,2576259,1175840,3100
hash,2576260,1175656,3077
hash,2576261,137422173856,17177627852
hash,2576262,137422173864,17177627853
hash,2576263,137422173872,17177627854
hash,2576264,137422173880,17177627855
hash,2576265,137422173936,17177627862
hash,2576266,1175616,3072
hash,2576267,78451448,9662551
hash,2576268,1175640,3075
hash,2576269,1175856,3102
hash,2576270,137422173928,17177627861
hash,2576271,78474848,9665476
hash,2576272,78445160,9661765
hash,2576273,78474912,9665484
hash,2576274,78470296,9664907
hash,2576275,80795072,9955504
hash,2576276,81812560,10082690
hash,2576277,80795208,9955521
hash,2576278,80822336,9958912
hash,2576279,80799512,9956059
hash,2576280,137422173816,17177627847
hash,2576281,80795264,9955528
hash,2576282,80795288,9955531
hash,2576283,137422173816,17177627847
hash,2576284,80785512,9954309
hash,2576285,80795112,9955509
hash,2576286,80795072,9955504
hash,2576287,80795120,9955510
hash,2576288,80788400,9954670
hash,2576289,1151787,93
hash,2576290,1151787,93
hash,2576291,137422173720,17177627835
hash,2576292,137422173736,17177627837
hash,2576293,137422173752,17177627839
hash,2576294,137422173760,17177627840
hash,2576295,137422173768,17177627841
hash,2576296,137422173776,17177627842
hash,2576297,137422173784,17177627843
hash,2576298,137422173792,17177627844
hash,2576299,137422173800,17177627845
hash,2576300,80795072,9955504
hash,2576301,80795208,9955521
hash,2576302,80822336,9958912
hash,2576303,80799508,9956058
hash,2576304,137422173832,17177627849
hash,2576305,137422173840,17177627850
hash,2576306,137422173848,17177627851
hash,2576307,137422173856,17177627852
hash,2576308,137422173864,17177627853
hash,2576309,137422173872,17177627854
hash,2576310,137422173880,17177627855
hash,2576311,1175616,3072
hash,2576312,78451448,9662551
hash,2576313,137422173944,17177627863
hash,2576314,1175616,3072
hash,2576315,78451448,9662551
hash,2576316,1175649,3076
hash,2576317,137422173960,17177627865
hash,2576318,81812584,10082693
hash,2576319,137422173976,17177627867
hash,2576320,137422173984,17177627868
hash,2576321,137422173992,17177627869
hash,2576322,137422174000,17177627870
hash,2576323,137422174008,17177627871
hash,2576324,137422174016,17177627872
hash,2576325,137422174024,17177627873
hash,2576326,137422174032,17177627874
hash,2576327,137422174040,17177627875
hash,2576328,137422174048,17177627876
hash,2576329,137422174056,17177627877
hash,2576330,137422174084,17177627880
hash,2576331,1175480,3055
hash,2576332,1175616,3072
hash,2576333,78451448,9662551
hash,2576334,1175648,3076
hash,2576335,78465144,9664263
hash,2576336,81812584,10082693
hash,2576337,78471112,9665009
hash,2576338,1175616,3072
hash,2576339,78451448,9662551
hash,2576340,1175840,3100
hash,2576341,1175656,3077
hash,2576342,137422173920,17177627860
hash,2576343,137422173928,17177627861
hash,2576344,137422173936,17177627862
hash,2576345,137422173944,17177627863
hash,2576346,137422173968,17177627866
hash,2576347,1175616,3072
hash,2576348,78451448,9662551
hash,2576349,1175872,3104
hash,2576350,1175849,3101
hash,2576351,1175848,3101
hash,2576352,1175856,3102
hash,2576353,78481840,9666350
hash,2576354,78450064,9662378
hash,2576355,78468136,9664637
hash,2576356,81812584,10082693
hash,2576357,78461464,9663803
hash,2576358,78465560,9664315
hash,2576359,78485512,9666809
hash,2576360,137422173768,17177627841
hash,2576361,1175832,3099
hash,2576362,78483480,9666555
hash,2576363,78482784,9666468
hash,2576364,137422173776,17177627842
hash,2576365,137422173784,17177627843
hash,2576366,137422173792,17177627844
hash,2576367,137422173800,17177627845
hash,2576368,137422173808,17177627846
hash,2576369,137422173816,17177627847
hash,2576370,1175648,3076
hash,2576371,78479759,9666089
hash,2576372,137422173768,17177627841
hash,2576373,137422173848,17177627851
hash,2576374,137422173864,17177627853
hash,2576375,137422173863,17177627852
hash,2576376,78479712,9666084
hash,2576377,1175640,3075
hash,2576378,78474848,9665476
hash,2576379,78445160,9661765
hash,2576380,78474912,9665484
hash,2576381,78470296,9664907
hash,2576382,80795072,9955504
hash,2576383,81812560,10082690
hash,2576384,80795208,9955521
hash,2576385,80822336,9958912
hash,2576386,80799512,9956059
hash,2576387,137422173704,17177627833
hash,2576388,80795264,9955528
hash,2576389,80795288,9955531
hash,2576390,137422173704,17177627833
hash,2576391,80785512,9954309
hash,2576392,80795112,9955509
hash,2576393,80795072,9955504
hash,2576394,80795120,9955510
hash,2576395,80788400,9954670
hash,2576396,137422173815,17177627846
hash,2576397,137422173608,17177627821
hash,2576398,137422173624,17177627823
hash,2576399,137422173640,17177627825
hash,2576400,137422173648,17177627826
hash,2576401,137422173656,17177627827
hash,2576402,137422173664,17177627828
hash,2576403,137422173672,17177627829
hash,2576404,137422173680,17177627830
hash,2576405,137422173688,17177627831
hash,2576406,80795072,9955504
hash,2576407,80795208,9955521
hash,2576408,80822336,9958912
hash,2576409,80799508,9956058
hash,2576410,137422173720,17177627835
hash,2576411,137422173728,17177627836
hash,2576412,137422173736,17177627837
hash,2576413,137422173744,17177627838
hash,2576414,137422173752,17177627839
hash,2576415,137422173760,17177627840
hash,2576416,137422173768,17177627841
hash,2576417,137422173880,17177627855
hash,2576418,81812584,10082693
hash,2576419,137422173896,17177627857
hash,2576420,137422173904,17177627858
hash,2576421,137422173912,17177627859
hash,2576422,137422173920,17177627860
hash,2576423,137422173928,17177627861
hash,2576424,137422173936,17177627862
hash,2576425,137422173944,17177627863
hash,2576426,137422173976,17177627867
hash,2576427,1175616,3072
hash,2576428,78451448,9662551
hash,2576429,1175649,3076
hash,2576430,137422173992,17177627869
hash,2576431,81812584,10082693
hash,2576432,137422174008,17177627871
hash,2576433,137422174016,17177627872
hash,2576434,137422174024,17177627873
hash,2576435,137422174032,17177627874
hash,2576436,137422174040,17177627875
hash,2576437,137422174048,17177627876
hash,2576438,137422174056,17177627877
hash,2576439,1175328,3036
hash,2576440,78466192,9664394
hash,2576441,1151796,94
hash,2576442,137422174024,17177627873
hash,2576443,78468008,9664621
hash,2576444,81812584,10082693
hash,2576445,78471112,9665009
hash,2576446,1175616,3072
hash,2576447,78451448,9662551
hash,2576448,1175840,3100
hash,2576449,1175656,3077
hash,2576450,137422173856,17177627852
hash,2576451,137422173864,17177627853
hash,2576452,137422173872,17177627854
hash,2576453,137422173880,17177627855
hash,2576454,137422173936,17177627862
hash,2576455,1175616,3072
hash,2576456,78451448,9662551
hash,2576457,1175640,3075
hash,2576458,1175856,3102
hash,2576459,137422173928,17177627861
hash,2576460,78474848,9665476
hash,2576461,78445160,9661765
hash,2576462,78474912,9665484
hash,2576463,78470296,9664907
hash,2576464,80795072,9955504
hash,2576465,81812560,10082690
hash,2576466,80795208,9955521
hash,2576467,80822336,9958912
hash,2576468,80799512,9956059
hash,2576469,137422173816,17177627847
hash,2576470,80795264,9955528
hash,2576471,80795288,9955531
hash,2576472,137422173816,17177627847
hash,2576473,80785512,9954309
hash,2576474,80795112,9955509
hash,2576475,80795072,9955504
hash,2576476,80795120,9955510
hash,2576477,80788400,9954670
hash,2576478,1151796,94
hash,2576479,137422173720,17177627835
hash,2576480,137422173736,17177627837
hash,2576481,137422173752,17177627839
hash,2576482,137422173760,17177627840
hash,2576483,137422173768,17177627841
hash,2576484,137422173776,17177627842
hash,2576485,137422173784,17177627843
hash,2576486,137422173792,17177627844
hash,2576487,137422173800,17177627845
hash,2576488,80795072,9955504
hash,2576489,80795208,9955521
hash,2576490,80822336,9958912
hash,2576491,80799508,9956058
hash,2576492,137422173832,17177627849
hash,2576493,137422173840,17177627850
hash,2576494,137422173848,17177627851
hash,2576495,137422173856,17177627852
hash,2576496,137422173864,17177627853
hash,2576497,137422173872,17177627854
hash,2576498,137422173880,17177627855
hash,2576499,1175616,3072
hash,2576500,78451448,9662551
hash,2576501,137422173944,17177627863
hash,2576502,1175616,3072
hash,2576503,78451448,9662551
hash,2576504,1175649,3076
hash,2576505,137422173960,17177627865
hash,2576506,81812584,10082693
hash,2576507,137422173976,17177627867
hash,2576508,137422173984,17177627868
hash,2576509,137422173992,17177627869
hash,2576510,137422174000,17177627870
hash,2576511,137422174008,17177627871
hash,2576512,137422174016,17177627872
hash,2576513,137422174024,17177627873
hash,2576514,137422174032,17177627874
hash,2576515,137422174040,17177627875
hash,2576516,137422174048,17177627876
hash,2576517,137422174056,17177627877
hash,2576518,137422174084,17177627880
hash,2576519,137422174088,17177627881
hash,2576520,137422174040,17177627875
hash,2576521,67443312,8286534
hash,2576522,137422174036,17177627874
hash,2576523,137422174048,17177627876
hash,2576524,137422174056,17177627877
hash,2576525,67523904,8296608
hash,2576526,1175480,3055
hash,2576527,1175616,3072
hash,2576528,78451448,9662551
hash,2576529,1175648,3076
hash,2576530,78465144,9664263
hash,2576531,81812584,10082693
hash,2576532,78471112,9665009
hash,2576533,1175616,3072
hash,2576534,78451448,9662551
hash,2576535,1175840,3100
hash,2576536,1175656,3077
hash,2576537,137422173920,17177627860
hash,2576538,137422173928,17177627861
hash,2576539,137422173936,17177627862
hash,2576540,137422173944,17177627863
hash,2576541,137422173968,17177627866
hash,2576542,1175616,3072
hash,2576543,78451448,9662551
hash,2576544,1175872,3104
hash,2576545,1175849,3101
hash,2576546,1175848,3101
hash,2576547,1175856,3102
hash,2576548,78481840,9666350
hash,2576549,78450064,9662378
hash,2576550,78468136,9664637
hash,2576551,81812584,10082693
hash,2576552,78461464,9663803
hash,2576553,78465560,9664315
hash,2576554,78485512,9666809
hash,2576555,137422173768,17177627841
hash,2576556,1175832,3099
hash,2576557,78483480,9666555
hash,2576558,78482784,9666468
hash,2576559,137422173776,17177627842
hash,2576560,137422173784,17177627843
hash,2576561,137422173792,17177627844
hash,2576562,137422173800,17177627845
hash,2576563,137422173808,17177627846
hash,2576564,137422173816,17177627847
hash,2576565,1175648,3076
hash,2576566,78479759,9666089
hash,2576567,137422173768,17177627841
hash,2576568,137422173848,17177627851
hash,2576569,137422173864,17177627853
hash,2576570,137422173863,17177627852
hash,2576571,78479712,9666084
hash,2576572,1175640,3075
hash,2576573,78474848,9665476
hash,2576574,78445160,9661765
hash,2576575,78474912,9665484
hash,2576576,78470296,9664907
hash,2576577,80795072,9955504
hash,2576578,81812560,10082690
hash,2576579,80795208,9955521
hash,2576580,80822336,9958912
hash,2576581,80799512,9956059
hash,2576582,137422173704,17177627833
hash,2576583,80795264,9955528
hash,2576584,80795288,9955531
hash,2576585,137422173704,17177627833
hash,2576586,80785512,9954309
hash,2576587,80795112,9955509
hash,2576588,80795072,9955504
hash,2576589,80795120,9955510
hash,2576590,80788400,9954670
hash,2576591,137422173815,17177627846
hash,2576592,137422173608,17177627821
hash,2576593,137422173624,17177627823
hash,2576594,137422173640,17177627825
hash,2576595,137422173648,17177627826
hash,2576596,137422173656,17177627827
hash,2576597,137422173664,17177627828
hash,2576598,137422173672,17177627829
hash,2576599,137422173680,17177627830
hash,2576600,137422173688,17177627831
hash,2576601,80795072,9955504
hash,2576602,80795208,9955521
hash,2576603,80822336,9958912
hash,2576604,80799508,9956058
hash,2576605,137422173720,17177627835
hash,2576606,137422173728,17177627836
hash,2576607,137422173736,17177627837
hash,2576608,137422173744,17177627838
hash,2576609,137422173752,17177627839
hash,2576610,137422173760,17177627840
hash,2576611,137422173768,17177627841
hash,2576612,137422173880,17177627855
hash,2576613,81812584,10082693
hash,2576614,137422173896,17177627857
hash,2576615,137422173904,17177627858
hash,2576616,137422173912,17177627859
hash,2576617,137422173920,17177627860
hash,2576618,137422173928,17177627861
hash,2576619,137422173936,17177627862
hash,2576620,137422173944,17177627863
hash,2576621,137422173976,17177627867
hash,2576622,1175616,3072
hash,2576623,78451448,9662551
hash,2576624,1175649,3076
hash,2576625,137422173992,17177627869
hash,2576626,81812584,10082693
hash,2576627,137422174008,17177627871
hash,2576628,137422174016,17177627872
hash,2576629,137422174024,17177627873
hash,2576630,137422174032,17177627874
hash,2576631,137422174040,17177627875
hash,2576632,137422174048,17177627876
hash,2576633,137422174056,17177627877
hash,2576634,1175328,3036
hash,2576635,78466192,9664394
hash,2576636,1151796,94
hash,2576637,137422174024,17177627873
hash,2576638,78468008,9664621
hash,2576639,81812584,10082693
hash,2576640,78471112,9665009
hash,2576641,1175616,3072
hash,2576642,78451448,9662551
hash,2576643,1175840,3100
hash,2576644,1175656,3077
hash,2576645,137422173856,17177627852
hash,2576646,137422173864,17177627853
hash,2576647,137422173872,17177627854
hash,2576648,137422173880,17177627855
hash,2576649,137422173936,17177627862
hash,2576650,1175616,3072
hash,2576651,78451448,9662551
hash,2576652,1175640,3075
hash,2576653,1175856,3102
hash,2576654,137422173928,17177627861
hash,2576655,78474848,9665476
hash,2576656,78445160,9661765
hash,2576657,78474912,9665484
hash,2576658,78470296,9664907
hash,2576659,80795072,9955504
hash,2576660,81812560,10082690
hash,2576661,80795208,9955521
hash,2576662,80822336,9958912
hash,2576663,80799512,9956059
hash,2576664,137422173816,17177627847
hash,2576665,80795264,9955528
hash,2576666,80795288,9955531
hash,2576667,137422173816,17177627847
hash,2576668,80785512,9954309
hash,2576669,80795112,9955509
hash,2576670,80795072,9955504
hash,2576671,80795120,9955510
hash,2576672,80788400,9954670
hash,2576673,1151796,94
hash,2576674,137422173720,17177627835
hash,2576675,137422173736,17177627837
hash,2576676,137422173752,17177627839
hash,2576677,137422173760,17177627840
hash,2576678,137422173768,17177627841
hash,2576679,137422173776,17177627842
hash,2576680,137422173784,17177627843
hash,2576681,137422173792,17177627844
hash,2576682,137422173800,17177627845
hash,2576683,80795072,9955504
hash,2576684,80795208,9955521
hash,2576685,80822336,9958912
hash,2576686,80799508,9956058
hash,2576687,137422173832,17177627849
hash,2576688,137422173840,17177627850
hash,2576689,137422173848,17177627851
hash,2576690,137422173856,17177627852
hash,2576691,137422173864,17177627853
hash,2576692,137422173872,17177627854
hash,2576693,137422173880,17177627855
hash,2576694,1175616,3072
hash,2576695,78451448,9662551
hash,2576696,137422173944,17177627863
hash,2576697,1175616,3072
hash,2576698,78451448,9662551
hash,2576699,1175649,3076
hash,2576700,137422173960,17177627865
hash,2576701,81812584,10082693
hash,2576702,137422173976,17177627867
hash,2576703,137422173984,17177627868
hash,2576704,137422173992,17177627869
hash,2576705,137422174000,17177627870
hash,2576706,137422174008,17177627871
hash,2576707,137422174016,17177627872
hash,2576708,137422174024,17177627873
hash,2576709,137422174032,17177627874
hash,2576710,137422174040,17177627875
hash,2576711,137422174048,17177627876
hash,2576712,137422174056,17177627877
hash,2576713,137422174084,17177627880
hash,2576714,137422174088,17177627881
hash,2576715,137422174040,17177627875
hash,2576716,67443312,8286534
hash,2576717,137422174036,17177627874
hash,2576718,137422174048,17177627876
hash,2576719,137422174056,17177627877
hash,2576720,67523908,8296608
hash,2576721,1175480,3055
hash,2576722,1175616,3072
hash,2576723,78451448,9662551
hash,2576724,1175648,3076
hash,2576725,78465144,9664263
hash,2576726,81812584,10082693
hash,2576727,78471112,9665009
hash,2576728,1175616,3072
hash,2576729,78451448,9662551
hash,2576730,1175840,3100
hash,2576731,1175656,3077
hash,2576732,137422173920,17177627860
hash,2576733,137422173928,17177627861
hash,2576734,137422173936,17177627862
hash,2576735,137422173944,17177627863
hash,2576736,137422173968,17177627866
hash,2576737,1175616,3072
hash,2576738,78451448,9662551
hash,2576739,1175872,3104
hash,2576740,1175849,3101
hash,2576741,1175848,3101
hash,2576742,1175856,3102
hash,2576743,78481840,9666350
hash,2576744,78450064,9662378
hash,2576745,78468136,9664637
hash,2576746,81812584,10082693
hash,2576747,78461464,9663803
hash,2576748,78465560,9664315
hash,2576749,78485512,9666809
hash,2576750,137422173768,17177627841
hash,2576751,1175832,3099
hash,2576752,78483480,9666555
hash,2576753,78482784,9666468
hash,2576754,137422173776,17177627842
hash,2576755,137422173784,17177627843
hash,2576756,137422173792,17177627844
hash,2576757,137422173800,17177627845
hash,2576758,137422173808,17177627846
hash,2576759,137422173816,17177627847
hash,2576760,1175648,3076
hash,2576761,78479759,9666089
hash,2576762,137422173768,17177627841
hash,2576763,137422173848,17177627851
hash,2576764,137422173864,17177627853
hash,2576765,137422173863,17177627852
hash,2576766,78479712,9666084
hash,2576767,1175640,3075
hash,2576768,78474848,9665476
hash,2576769,78445160,9661765
hash,2576770,78474912,9665484
hash,2576771,78470296,9664907
hash,2576772,80795072,9955504
hash,2576773,81812560,10082690
hash,2576774,80795208,9955521
hash,2576775,80822336,9958912
hash,2576776,80799512,9956059
hash,2576777,137422173704,17177627833
hash,2576778,80795264,9955528
hash,2576779,80795288,9955531
hash,2576780,137422173704,17177627833
hash,2576781,80785512,9954309
hash,2576782,80795112,9955509
hash,2576783,80795072,9955504
hash,2576784,80795120,9955510
hash,2576785,80788400,9954670
hash,2576786,137422173815,17177627846
hash,2576787,137422173608,17177627821
hash,2576788,137422173624,17177627823
hash,2576789,137422173640,17177627825
hash,2576790,137422173648,17177627826
hash,2576791,137422173656,17177627827
hash,2576792,137422173664,17177627828
hash,2576793,137422173672,17177627829
hash,2576794,137422173680,17177627830
hash,2576795,137422173688,17177627831
hash,2576796,80795072,9955504
hash,2576797,80795208,9955521
hash,2576798,80822336,9958912
hash,2576799,80799508,9956058
hash,2576800,137422173720,17177627835
hash,2576801,137422173728,17177627836
hash,2576802,137422173736,17177627837
hash,2576803,137422173744,17177627838
hash,2576804,137422173752,17177627839
hash,2576805,137422173760,17177627840
hash,2576806,137422173768,17177627841
hash,2576807,137422173880,17177627855
hash,2576808,81812584,10082693
hash,2576809,137422173896,17177627857
hash,2576810,137422173904,17177627858
hash,2576811,137422173912,17177627859
hash,2576812,137422173920,17177627860
hash,2576813,137422173928,17177627861
hash,2576814,137422173936,17177627862
hash,2576815,137422173944,17177627863
hash,2576816,137422173976,17177627867
hash,2576817,1175616,3072
hash,2576818,78451448,9662551
hash,2576819,1175649,3076
hash,2576820,137422173992,17177627869
hash,2576821,81812584,10082693
hash,2576822,137422174008,17177627871
hash,2576823,137422174016,17177627872
hash,2576824,137422174024,17177627873
hash,2576825,137422174032,17177627874
hash,2576826,137422174040,17177627875
hash,2576827,137422174048,17177627876
hash,2576828,137422174056,17177627877
hash,2576829,137422174084,17177627880
hash,2576830,137422174088,17177627881
hash,2576831,137422174040,17177627875
hash,2576832,67443324,8286535
hash,2576833,137422174048,17177627876
hash,2576834,137422174056,17177627877
hash,2576835,1175368,3041
hash,2576836,1175616,3072
hash,2576837,78451448,9662551
hash,2576838,1175640,3075
hash,2576839,137422174028,17177627873
hash,2576840,78464656,9664202
hash,2576841,81812584,10082693
hash,2576842,78471112,9665009
hash,2576843,1175616,3072
hash,2576844,78451448,9662551
hash,2576845,1175840,3100
hash,2576846,1175656,3077
hash,2576847,137422173904,17177627858
hash,2576848,137422173912,17177627859
hash,2576849,137422173920,17177627860
hash,2576850,137422173928,17177627861
hash,2576851,137422173936,17177627862
hash,2576852,1175616,3072
hash,2576853,78451448,9662551
hash,2576854,1175856,3102
hash,2576855,78474888,9665481
hash,2576856,78474896,9665482
hash,2576857,78474848,9665476
hash,2576858,78445168,9661766
hash,2576859,78474912,9665484
hash,2576860,78468040,9664625
hash,2576861,80795188,9955518
hash,2576862,80795112,9955509
hash,2576863,80795120,9955510
hash,2576864,137422173896,17177627857
hash,2576865,137422173904,17177627858
hash,2576866,137422173912,17177627859
hash,2576867,137422173920,17177627860
hash,2576868,137422173928,17177627861
hash,2576869,137422173944,17177627863
hash,2576870,1175616,3072
hash,2576871,78451448,9662551
hash,2576872,1175649,3076
hash,2576873,137422173960,17177627865
hash,2576874,81812584,10082693
hash,2576875,137422173976,17177627867
hash,2576876,137422173984,17177627868
hash,2576877,137422173992,17177627869
hash,2576878,137422174000,17177627870
hash,2576879,137422174008,17177627871
hash,2576880,137422174040,17177627875
hash,2576881,137422174048,17177627876
hash,2576882,137422174056,17177627877
hash,2576883,137422174088,17177627881
hash,2576884,137422174040,17177627875
hash,2576885,67443324,8286535
hash,2576886,137422174048,17177627876
hash,2576887,137422174056,17177627877
hash,2576888,137422174084,17177627880
hash,2576889,1175328,3036
hash,2576890,78466192,9664394
hash,2576891,1151787,93
hash,2576892,137422174024,17177627873
hash,2576893,78468008,9664621
hash,2576894,81812584,10082693
hash,2576895,78471112,9665009
hash,2576896,1175616,3072
hash,2576897,78451448,9662551
hash,2576898,1175840,3100
hash,2576899,1175656,3077
hash,2576900,137422173856,17177627852
hash,2576901,137422173864,17177627853
hash,2576902,137422173872,17177627854
hash,2576903,137422173880,17177627855
hash,2576904,137422173936,17177627862
hash,2576905,1175616,3072
hash,2576906,78451448,9662551
hash,2576907,1175640,3075
hash,2576908,1175856,3102
hash,2576909,137422173928,17177627861
hash,2576910,78474848,9665476
hash,2576911,78445160,9661765
hash,2576912,78474912,9665484
hash,2576913,78470296,9664907
hash,2576914,80795072,9955504
hash,2576915,81812560,10082690
hash,2576916,80795208,9955521
hash,2576917,80822336,9958912
hash,2576918,80799512,9956059
hash,2576919,137422173816,17177627847
hash,2576920,80795264,9955528
hash,2576921,80795288,9955531
hash,2576922,137422173816,17177627847
hash,2576923,80785512,9954309
hash,2576924,80795112,9955509
hash,2576925,80795072,9955504
hash,2576926,80795120,9955510
hash,2576927,80788400,9954670
hash,2576928,1151787,93
hash,2576929,1151787,93
hash,2576930,137422173720,17177627835
hash,2576931,137422173736,17177627837
hash,2576932,137422173752,17177627839
hash,2576933,137422173760,17177627840
hash,2576934,137422173768,17177627841
hash,2576935,137422173776,17177627842
hash,2576936,137422173784,17177627843
hash,2576937,137422173792,17177627844
hash,2576938,137422173800,17177627845
hash,2576939,80795072,9955504
hash,2576940,80795208,9955521
hash,2576941,80822336,9958912
hash,2576942,80799508,9956058
hash,2576943,137422173832,17177627849
hash,2576944,137422173840,17177627850
hash,2576945,137422173848,17177627851
hash,2576946,137422173856,17177627852
hash,2576947,137422173864,17177627853
hash,2576948,137422173872,17177627854
hash,2576949,137422173880,17177627855
hash,2576950,1175616,3072
hash,2576951,78451448,9662551
hash,2576952,137422173944,17177627863
hash,2576953,1175616,3072
hash,2576954,78451448,9662551
hash,2576955,1175649,3076
hash,2576956,137422173960,17177627865
hash,2576957,81812584,10082693
hash,2576958,137422173976,17177627867
hash,2576959,137422173984,17177627868
hash,2576960,137422173992,17177627869
hash,2576961,137422174000,17177627870
hash,2576962,137422174008,17177627871
hash,2576963,137422174016,17177627872
hash,2576964,137422174024,17177627873
hash,2576965,137422174032,17177627874
hash,2576966,137422174040,17177627875
hash,2576967,137422174048,17177627876
hash,2576968,137422174056,17177627877
hash,2576969,137422174084,17177627880
hash,2576970,1175480,3055
hash,2576971,1175616,3072
hash,2576972,78451448,9662551
hash,2576973,1175648,3076
hash,2576974,78465144,9664263
hash,2576975,81812584,10082693
hash,2576976,78471112,9665009
hash,2576977,1175616,3072
hash,2576978,78451448,9662551
hash,2576979,1175840,3100
hash,2576980,1175656,3077
hash,2576981,137422173920,17177627860
hash,2576982,137422173928,17177627861
hash,2576983,137422173936,17177627862
hash,2576984,137422173944,17177627863
hash,2576985,137422173968,17177627866
hash,2576986,1175616,3072
hash,2576987,78451448,9662551
hash,2576988,1175872,3104
hash,2576989,1175849,3101
hash,2576990,1175848,3101
hash,2576991,1175856,3102
hash,2576992,78481840,9666350
hash,2576993,78450064,9662378
hash,2576994,78468136,9664637
hash,2576995,81812584,10082693
hash,2576996,78461464,9663803
hash,2576997,78465560,9664315
hash,2576998,78485512,9666809
hash,2576999,137422173768,17177627841
hash,2577000,1175832,3099
hash,2577001,78483480,9666555
hash,2577002,78482784,9666468
hash,2577003,137422173776,17177627842
hash,2577004,137422173784,17177627843
hash,2577005,137422173792,17177627844
hash,2577006,137422173800,17177627845
hash,2577007,137422173808,17177627846
hash,2577008,137422173816,17177627847
hash,2577009,1175648,3076
hash,2577010,78479760,9666090
hash,2577011,137422173768,17177627841
hash,2577012,137422173848,17177627851
hash,2577013,137422173864,17177627853
hash,2577014,137422173863,17177627852
hash,2577015,78479712,9666084
hash,2577016,1175640,3075
hash,2577017,78474848,9665476
hash,2577018,78445160,9661765
hash,2577019,78474912,9665484
hash,2577020,78470296,9664907
hash,2577021,80795072,9955504
hash,2577022,81812560,10082690
hash,2577023,80795208,9955521
hash,2577024,80822336,9958912
hash,2577025,80799512,9956059
hash,2577026,137422173704,17177627833
hash,2577027,80795264,9955528
hash,2577028,80795288,9955531
hash,2577029,137422173704,17177627833
hash,2577030,80785512,9954309
hash,2577031,80795112,9955509
hash,2577032,80795072,9955504
hash,2577033,80795120,9955510
hash,2577034,80788400,9954670
hash,2577035,137422173815,17177627846
hash,2577036,137422173608,17177627821
hash,2577037,137422173624,17177627823
hash,2577038,137422173640,17177627825
hash,2577039,137422173648,17177627826
hash,2577040,137422173656,17177627827
hash,2577041,137422173664,17177627828
hash,2577042,137422173672,17177627829
hash,2577043,137422173680,17177627830
hash,2577044,137422173688,17177627831
hash,2577045,80795072,9955504
hash,2577046,80795208,9955521
hash,2577047,80822336,9958912
hash,2577048,80799508,9956058
hash,2577049,137422173720,17177627835
hash,2577050,137422173728,17177627836
hash,2577051,137422173736,17177627837
hash,2577052,137422173744,17177627838
hash,2577053,137422173752,17177627839
hash,2577054,137422173760,17177627840
hash,2577055,137422173768,17177627841
hash,2577056,137422173880,17177627855
hash,2577057,81812584,10082693
hash,2577058,137422173896,17177627857
hash,2577059,137422173904,17177627858
hash,2577060,137422173912,17177627859
hash,2577061,137422173920,17177627860
hash,2577062,137422173928,17177627861
hash,2577063,137422173936,17177627862
hash,2577064,137422173944,17177627863
hash,2577065,137422173976,17177627867
hash,2577066,1175616,3072
hash,2577067,78451448,9662551
hash,2577068,1175649,3076
hash,2577069,137422173992,17177627869
hash,2577070,81812584,10082693
hash,2577071,137422174008,17177627871
hash,2577072,137422174016,17177627872
hash,2577073,137422174024,17177627873
hash,2577074,137422174032,17177627874
hash,2577075,137422174040,17177627875
hash,2577076,137422174048,17177627876
hash,2577077,137422174056,17177627877
hash,2577078,1175328,3036
hash,2577079,78466192,9664394
hash,2577080,1151796,94
hash,2577081,137422174024,17177627873
hash,2577082,78468008,9664621
hash,2577083,81812584,10082693
hash,2577084,78471112,9665009
hash,2577085,1175616,3072
hash,2577086,78451448,9662551
hash,2577087,1175840,3100
hash,2577088,1175656,3077
hash,2577089,137422173856,17177627852
hash,2577090,137422173864,17177627853
hash,2577091,137422173872,17177627854
hash,2577092,137422173880,17177627855
hash,2577093,137422173936,17177627862
hash,2577094,1175616,3072
hash,2577095,78451448,9662551
hash,2577096,1175640,3075
hash,2577097,1175856,3102
hash,2577098,137422173928,17177627861
hash,2577099,78474848,9665476
hash,2577100,78445160,9661765
hash,2577101,78474912,9665484
hash,2577102,78470296,9664907
hash,2577103,80795072,9955504
hash,2577104,81812560,10082690
hash,2577105,80795208,9955521
hash,2577106,80822336,9958912
hash,2577107,80799512,9956059
hash,2577108,137422173816,17177627847
hash,2577109,80795264,9955528
hash,2577110,80795288,9955531
hash,2577111,137422173816,17177627847
hash,2577112,80785512,9954309
hash,2577113,80795112,9955509
hash,2577114,80795072,9955504
hash,2577115,80795120,9955510
hash,2577116,80788400,9954670
hash,2577117,1151796,94
hash,2577118,137422173720,17177627835
hash,2577119,137422173736,17177627837
hash,2577120,137422173752,17177627839
hash,2577121,137422173760,17177627840
hash,2577122,137422173768,17177627841
hash,2577123,137422173776,17177627842
hash,2577124,137422173784,17177627843
hash,2577125,137422173792,17177627844
hash,2577126,137422173800,17177627845
hash,2577127,80795072,9955504
hash,2577128,80795208,9955521
hash,2577129,80822336,9958912
hash,2577130,80799508,9956058
hash,2577131,137422173832,17177627849
hash,2577132,137422173840,17177627850
hash,2577133,137422173848,17177627851
hash,2577134,137422173856,17177627852
hash,2577135,137422173864,17177627853
hash,2577136,137422173872,17177627854
hash,2577137,137422173880,17177627855
hash,2577138,1175616,3072
hash,2577139,78451448,9662551
hash,2577140,137422173944,17177627863
hash,2577141,1175616,3072
hash,2577142,78451448,9662551
hash,2577143,1175649,3076
hash,2577144,137422173960,17177627865
hash,2577145,81812584,10082693
hash,2577146,137422173976,17177627867
hash,2577147,137422173984,17177627868
hash,2577148,137422173992,17177627869
hash,2577149,137422174000,17177627870
hash,2577150,137422174008,17177627871
hash,2577151,137422174016,17177627872
hash,2577152,137422174024,17177627873
hash,2577153,137422174032,17177627874
hash,2577154,137422174040,17177627875
hash,2577155,137422174048,17177627876
hash,2577156,137422174056,17177627877
hash,2577157,137422174084,17177627880
hash,2577158,137422174088,17177627881
hash,2577159,137422174040,17177627875
hash,2577160,67443312,8286534
hash,2577161,137422174036,17177627874
hash,2577162,137422174048,17177627876
hash,2577163,137422174056,17177627877
hash,2577164,67523912,8296609
hash,2577165,1175480,3055
hash,2577166,1175616,3072
hash,2577167,78451448,9662551
hash,2577168,1175648,3076
hash,2577169,78465144,9664263
hash,2577170,81812584,10082693
hash,2577171,78471112,9665009
hash,2577172,1175616,3072
hash,2577173,78451448,9662551
hash,2577174,1175840,3100
hash,2577175,1175656,3077
hash,2577176,137422173920,17177627860
hash,2577177,137422173928,17177627861
hash,2577178,137422173936,17177627862
hash,2577179,137422173944,17177627863
hash,2577180,137422173968,17177627866
hash,2577181,1175616,3072
hash,2577182,78451448,9662551
hash,2577183,1175872,3104
hash,2577184,1175849,3101
hash,2577185,1175848,3101
hash,2577186,1175856,3102
hash,2577187,78481840,9666350
hash,2577188,78450064,9662378
hash,2577189,78468136,9664637
hash,2577190,81812584,10082693
hash,2577191,78461464,9663803
hash,2577192,78465560,9664315
hash,2577193,78485512,9666809
hash,2577194,137422173768,17177627841
hash,2577195,1175832,3099
hash,2577196,78483480,9666555
hash,2577197,78482784,9666468
hash,2577198,137422173776,17177627842
hash,2577199,137422173784,17177627843
hash,2577200,137422173792,17177627844
hash,2577201,137422173800,17177627845
hash,2577202,137422173808,17177627846
hash,2577203,137422173816,17177627847
hash,2577204,1175648,3076
hash,2577205,78479760,9666090
hash,2577206,78479759,9666089
hash,2577207,137422173768,17177627841
hash,2577208,137422173848,17177627851
hash,2577209,137422173864,17177627853
hash,2577210,137422173863,17177627852
hash,2577211,78479712,9666084
hash,2577212,1175640,3075
hash,2577213,78474848,9665476
hash,2577214,78445160,9661765
hash,2577215,78474912,9665484
hash,2577216,78470296,9664907
hash,2577217,80795072,9955504
hash,2577218,81812560,10082690
hash,2577219,80795208,9955521
hash,2577220,80822336,9958912
hash,2577221,80799512,9956059
hash,2577222,137422173704,17177627833
hash,2577223,80795264,9955528
hash,2577224,80795288,9955531
hash,2577225,137422173704,17177627833
hash,2577226,80785512,9954309
hash,2577227,80795112,9955509
hash,2577228,80795072,9955504
hash,2577229,80795120,9955510
hash,2577230,80788400,9954670
hash,2577231,137422173814,17177627846
hash,2577232,137422173814,17177627846
hash,2577233,137422173608,17177627821
hash,2577234,137422173624,17177627823
hash,2577235,137422173640,17177627825
hash,2577236,137422173648,17177627826
hash,2577237,137422173656,17177627827
hash,2577238,137422173664,17177627828
hash,2577239,137422173672,17177627829
hash,2577240,137422173680,17177627830
hash,2577241,137422173688,17177627831
hash,2577242,80795072,9955504
hash,2577243,80795208,9955521
hash,2577244,80822336,9958912
hash,2577245,80799508,9956058
hash,2577246,137422173720,17177627835
hash,2577247,137422173728,17177627836
hash,2577248,137422173736,17177627837
hash,2577249,137422173744,17177627838
hash,2577250,137422173752,17177627839
hash,2577251,137422173760,17177627840
hash,2577252,137422173768,17177627841
hash,2577253,137422173880,17177627855
hash,2577254,81812584,10082693
hash,2577255,137422173896,17177627857
hash,2577256,137422173904,17177627858
hash,2577257,137422173912,17177627859
hash,2577258,137422173920,17177627860
hash,2577259,137422173928,17177627861
hash,2577260,137422173936,17177627862
hash,2577261,137422173944,17177627863
hash,2577262,137422173976,17177627867
hash,2577263,1175616,3072
hash,2577264,78451448,9662551
hash,2577265,1175649,3076
hash,2577266,137422173992,17177627869
hash,2577267,81812584,10082693
hash,2577268,137422174008,17177627871
hash,2577269,137422174016,17177627872
hash,2577270,137422174024,17177627873
hash,2577271,137422174032,17177627874
hash,2577272,137422174040,17177627875
hash,2577273,137422174048,17177627876
hash,2577274,137422174056,17177627877
hash,2577275,1175328,3036
hash,2577276,78466192,9664394
hash,2577277,1151796,94
hash,2577278,137422174024,17177627873
hash,2577279,78468008,9664621
hash,2577280,81812584,10082693
hash,2577281,78471112,9665009
hash,2577282,1175616,3072
hash,2577283,78451448,9662551
hash,2577284,1175840,3100
hash,2577285,1175656,3077
hash,2577286,137422173856,17177627852
hash,2577287,137422173864,17177627853
hash,2577288,137422173872,17177627854
hash,2577289,137422173880,17177627855
hash,2577290,137422173936,17177627862
hash,2577291,1175616,3072
hash,2577292,78451448,9662551
hash,2577293,1175640,3075
hash,2577294,1175856,3102
hash,2577295,137422173928,17177627861
hash,2577296,78474848,9665476
hash,2577297,78445160,9661765
hash,2577298,78474912,9665484
hash,2577299,78470296,9664907
hash,2577300,80795072,9955504
hash,2577301,81812560,10082690
hash,2577302,80795208,9955521
hash,2577303,80822336,9958912
hash,2577304,80799512,9956059
hash,2577305,137422173816,17177627847
hash,2577306,80795264,9955528
hash,2577307,80795288,9955531
hash,2577308,137422173816,17177627847
hash,2577309,80785512,9954309
hash,2577310,80795112,9955509
hash,2577311,80795072,9955504
hash,2577312,80795120,9955510
hash,2577313,80788400,9954670
hash,2577314,1151796,94
hash,2577315,137422173720,17177627835
hash,2577316,137422173736,17177627837
hash,2577317,137422173752,17177627839
hash,2577318,137422173760,17177627840
hash,2577319,137422173768,17177627841
hash,2577320,137422173776,17177627842
hash,2577321,137422173784,17177627843
hash,2577322,137422173792,17177627844
hash,2577323,137422173800,17177627845
hash,2577324,80795072,9955504
hash,2577325,80795208,9955521
hash,2577326,80822336,9958912
hash,2577327,80799508,9956058
hash,2577328,137422173832,17177627849
hash,2577329,137422173840,17177627850
hash,2577330,137422173848,17177627851
hash,2577331,137422173856,17177627852
hash,2577332,137422173864,17177627853
hash,2577333,137422173872,17177627854
hash,2577334,137422173880,17177627855
hash,2577335,1175616,3072
hash,2577336,78451448,9662551
hash,2577337,137422173944,17177627863
hash,2577338,1175616,3072
hash,2577339,78451448,9662551
hash,2577340,1175649,3076
hash,2577341,137422173960,17177627865
hash,2577342,81812584,10082693
hash,2577343,137422173976,17177627867
hash,2577344,137422173984,17177627868
hash,2577345,137422173992,17177627869
hash,2577346,137422174000,17177627870
hash,2577347,137422174008,17177627871
hash,2577348,137422174016,17177627872
hash,2577349,137422174024,17177627873
hash,2577350,137422174032,17177627874
hash,2577351,137422174040,17177627875
hash,2577352,137422174048,17177627876
hash,2577353,137422174056,17177627877
hash,2577354,137422174084,17177627880
hash,2577355,137422174088,17177627881
hash,2577356,137422174040,17177627875
hash,2577357,67443312,8286534
hash,2577358,137422174036,17177627874
hash,2577359,137422174048,17177627876
hash,2577360,137422174056,17177627877
hash,2577361,67523916,8296609
hash,2577362,1175480,3055
hash,2577363,1175616,3072
hash,2577364,78451448,9662551
hash,2577365,1175648,3076
hash,2577366,78465144,9664263
hash,2577367,81812584,10082693
hash,2577368,78471112,9665009
hash,2577369,1175616,3072
hash,2577370,78451448,9662551
hash,2577371,1175840,3100
hash,2577372,1175656,3077
hash,2577373,137422173920,17177627860
hash,2577374,137422173928,17177627861
hash,2577375,137422173936,17177627862
hash,2577376,137422173944,17177627863
hash,2577377,137422173968,17177627866
hash,2577378,1175616,3072
hash,2577379,78451448,9662551
hash,2577380,1175872,3104
hash,2577381,1175849,3101
hash,2577382,1175848,3101
hash,2577383,1175856,3102
hash,2577384,78481840,9666350
hash,2577385,78450064,9662378
hash,2577386,78468136,9664637
hash,2577387,81812584,10082693
hash,2577388,78461464,9663803
hash,2577389,78465560,9664315
hash,2577390,78485512,9666809
hash,2577391,137422173768,17177627841
hash,2577392,1175832,3099
hash,2577393,78483480,9666555
hash,2577394,78482784,9666468
hash,2577395,137422173776,17177627842
hash,2577396,137422173784,17177627843
hash,2577397,137422173792,17177627844
hash,2577398,137422173800,17177627845
hash,2577399,137422173808,17177627846
hash,2577400,137422173816,17177627847
hash,2577401,1175648,3076
hash,2577402,78479759,9666089
hash,2577403,137422173768,17177627841
hash,2577404,137422173848,17177627851
hash,2577405,137422173864,17177627853
hash,2577406,137422173863,17177627852
hash,2577407,78479712,9666084
hash,2577408,1175640,3075
hash,2577409,78474848,9665476
hash,2577410,78445160,9661765
hash,2577411,78474912,9665484
hash,2577412,78470296,9664907
hash,2577413,80795072,9955504
hash,2577414,81812560,10082690
hash,2577415,80795208,9955521
hash,2577416,80822336,9958912
hash,2577417,80799512,9956059
hash,2577418,137422173704,17177627833
hash,2577419,80795264,9955528
hash,2577420,80795288,9955531
hash,2577421,137422173704,17177627833
hash,2577422,80785512,9954309
hash,2577423,80795112,9955509
hash,2577424,80795072,9955504
hash,2577425,80795120,9955510
hash,2577426,80788400,9954670
hash,2577427,137422173815,17177627846
hash,2577428,137422173608,17177627821
hash,2577429,137422173624,17177627823
hash,2577430,137422173640,17177627825
hash,2577431,137422173648,17177627826
hash,2577432,137422173656,17177627827
hash,2577433,137422173664,17177627828
hash,2577434,137422173672,17177627829
hash,2577435,137422173680,17177627830
hash,2577436,137422173688,17177627831
hash,2577437,80795072,9955504
hash,2577438,80795208,9955521
hash,2577439,80822336,9958912
hash,2577440,80799508,9956058
hash,2577441,137422173720,17177627835
hash,2577442,137422173728,17177627836
hash,2577443,137422173736,17177627837
hash,2577444,137422173744,17177627838
hash,2577445,137422173752,17177627839
hash,2577446,137422173760,17177627840
hash,2577447,137422173768,17177627841
hash,2577448,137422173880,17177627855
hash,2577449,81812584,10082693
hash,2577450,137422173896,17177627857
hash,2577451,137422173904,17177627858
hash,2577452,137422173912,17177627859
hash,2577453,137422173920,17177627860
hash,2577454,137422173928,17177627861
hash,2577455,137422173936,17177627862
hash,2577456,137422173944,17177627863
hash,2577457,137422173976,17177627867
hash,2577458,1175616,3072
hash,2577459,78451448,9662551
hash,2577460,1175649,3076
hash,2577461,137422173992,17177627869
hash,2577462,81812584,10082693
hash,2577463,137422174008,17177627871
hash,2577464,137422174016,17177627872
hash,2577465,137422174024,17177627873
hash,2577466,137422174032,17177627874
hash,2577467,137422174040,17177627875
hash,2577468,137422174048,17177627876
hash,2577469,137422174056,17177627877
hash,2577470,137422174084,17177627880
hash,2577471,137422174088,17177627881
hash,2577472,137422174040,17177627875
hash,2577473,67443324,8286535
hash,2577474,137422174048,17177627876
hash,2577475,137422174056,17177627877
hash,2577476,1175368,3041
hash,2577477,1175616,3072
hash,2577478,78451448,9662551
hash,2577479,1175640,3075
hash,2577480,137422174028,17177627873
hash,2577481,78464656,9664202
hash,2577482,81812584,10082693
hash,2577483,78471112,9665009
hash,2577484,1175616,3072
hash,2577485,78451448,9662551
hash,2577486,1175840,3100
hash,2577487,1175656,3077
hash,2577488,137422173904,17177627858
hash,2577489,137422173912,17177627859
hash,2577490,137422173920,17177627860
hash,2577491,137422173928,17177627861
hash,2577492,137422173936,17177627862
hash,2577493,1175616,3072
hash,2577494,78451448,9662551
hash,2577495,1175856,3102
hash,2577496,78474888,9665481
hash,2577497,78474896,9665482
hash,2577498,78474848,9665476
hash,2577499,78445168,9661766
hash,2577500,78474912,9665484
hash,2577501,78468040,9664625
hash,2577502,80795188,9955518
hash,2577503,80795112,9955509
hash,2577504,80795120,9955510
hash,2577505,137422173896,17177627857
hash,2577506,137422173904,17177627858
hash,2577507,137422173912,17177627859
hash,2577508,137422173920,17177627860
hash,2577509,137422173928,17177627861
hash,2577510,137422173944,17177627863
hash,2577511,1175616,3072
hash,2577512,78451448,9662551
hash,2577513,1175649,3076
hash,2577514,137422173960,17177627865
hash,2577515,81812584,10082693
hash,2577516,137422173976,17177627867
hash,2577517,137422173984,17177627868
hash,2577518,137422173992,17177627869
hash,2577519,137422174000,17177627870
hash,2577520,137422174008,17177627871
hash,2577521,137422174040,17177627875
hash,2577522,137422174048,17177627876
hash,2577523,137422174056,17177627877
hash,2577524,137422174088,17177627881
hash,2577525,137422174040,17177627875
hash,2577526,67443324,8286535
hash,2577527,137422174048,17177627876
hash,2577528,137422174056,17177627877
hash,2577529,137422174084,17177627880
hash,2577530,1175328,3036
hash,2577531,78466192,9664394
hash,2577532,1151787,93
hash,2577533,137422174024,17177627873
hash,2577534,78468008,9664621
hash,2577535,81812584,10082693
hash,2577536,78471112,9665009
hash,2577537,1175616,3072
hash,2577538,78451448,9662551
hash,2577539,1175840,3100
hash,2577540,1175656,3077
hash,2577541,137422173856,17177627852
hash,2577542,137422173864,17177627853
hash,2577543,137422173872,17177627854
hash,2577544,137422173880,17177627855
hash,2577545,137422173936,17177627862
hash,2577546,1175616,3072
hash,2577547,78451448,9662551
hash,2577548,1175640,3075
hash,2577549,1175856,3102
hash,2577550,137422173928,17177627861
hash,2577551,78474848,9665476
hash,2577552,78445160,9661765
hash,2577553,78474912,9665484
hash,2577554,78470296,9664907
hash,2577555,80795072,9955504
hash,2577556,81812560,10082690
hash,2577557,80795208,9955521
hash,2577558,80822336,9958912
hash,2577559,80799512,9956059
hash,2577560,137422173816,17177627847
hash,2577561,80795264,9955528
hash,2577562,80795288,9955531
hash,2577563,137422173816,17177627847
hash,2577564,80785512,9954309
hash,2577565,80795112,9955509
hash,2577566,80795072,9955504
hash,2577567,80795120,9955510
hash,2577568,80788400,9954670
hash,2577569,1151787,93
hash,2577570,1151787,93
hash,2577571,137422173720,17177627835
hash,2577572,137422173736,17177627837
hash,2577573,137422173752,17177627839
hash,2577574,137422173760,17177627840
hash,2577575,137422173768,17177627841
hash,2577576,137422173776,17177627842
hash,2577577,137422173784,17177627843
hash,2577578,137422173792,17177627844
hash,2577579,137422173800,17177627845
hash,2577580,80795072,9955504
hash,2577581,80795208,9955521
hash,2577582,80822336,9958912
hash,2577583,80799508,9956058
hash,2577584,137422173832,17177627849
hash,2577585,137422173840,17177627850
hash,2577586,137422173848,17177627851
hash,2577587,137422173856,17177627852
hash,2577588,137422173864,17177627853
hash,2577589,137422173872,17177627854
hash,2577590,137422173880,17177627855
hash,2577591,1175616,3072
hash,2577592,78451448,9662551
hash,2577593,137422173944,17177627863
hash,2577594,1175616,3072
hash,2577595,78451448,9662551
hash,2577596,1175649,3076
hash,2577597,137422173960,17177627865
hash,2577598,81812584,10082693
hash,2577599,137422173976,17177627867
hash,2577600,137422173984,17177627868
hash,2577601,137422173992,17177627869
hash,2577602,137422174000,17177627870
hash,2577603,137422174008,17177627871
hash,2577604,137422174016,17177627872
hash,2577605,137422174024,17177627873
hash,2577606,137422174032,17177627874
hash,2577607,137422174040,17177627875
hash,2577608,137422174048,17177627876
hash,2577609,137422174056,17177627877
hash,2577610,137422174084,17177627880
hash,2577611,1175480,3055
hash,2577612,1175616,3072
hash,2577613,78451448,9662551
hash,2577614,1175648,3076
hash,2577615,78465144,9664263
hash,2577616,81812584,10082693
hash,2577617,78471112,9665009
hash,2577618,1175616,3072
hash,2577619,78451448,9662551
hash,2577620,1175840,3100
hash,2577621,1175656,3077
hash,2577622,137422173920,17177627860
hash,2577623,137422173928,17177627861
hash,2577624,137422173936,17177627862
hash,2577625,137422173944,17177627863
hash,2577626,137422173968,17177627866
hash,2577627,1175616,3072
hash,2577628,78451448,9662551
hash,2577629,1175872,3104
hash,2577630,1175849,3101
hash,2577631,1175848,3101
hash,2577632,1175856,3102
hash,2577633,78481840,9666350
hash,2577634,78450064,9662378
hash,2577635,78468136,9664637
hash,2577636,81812584,10082693
hash,2577637,78461464,9663803
hash,2577638,78465560,9664315
hash,2577639,78485512,9666809
hash,2577640,137422173768,17177627841
hash,2577641,1175832,3099
hash,2577642,78483480,9666555
hash,2577643,78482784,9666468
hash,2577644,137422173776,17177627842
hash,2577645,137422173784,17177627843
hash,2577646,137422173792,17177627844
hash,2577647,137422173800,17177627845
hash,2577648,137422173808,17177627846
hash,2577649,137422173816,17177627847
hash,2577650,1175648,3076
hash,2577651,78479761,9666090
hash,2577652,137422173768,17177627841
hash,2577653,137422173848,17177627851
hash,2577654,137422173864,17177627853
hash,2577655,137422173863,17177627852
hash,2577656,78479712,9666084
hash,2577657,1175640,3075
hash,2577658,78474848,9665476
hash,2577659,78445160,9661765
hash,2577660,78474912,9665484
hash,2577661,78470296,9664907
hash,2577662,80795072,9955504
hash,2577663,81812560,10082690
hash,2577664,80795208,9955521
hash,2577665,80822336,9958912
hash,2577666,80799512,9956059
hash,2577667,137422173704,17177627833
hash,2577668,80795264,9955528
hash,2577669,80795288,9955531
hash,2577670,137422173704,17177627833
hash,2577671,80785512,9954309
hash,2577672,80795112,9955509
hash,2577673,80795072,9955504
hash,2577674,80795120,9955510
hash,2577675,80788400,9954670
hash,2577676,137422173815,17177627846
hash,2577677,137422173608,17177627821
hash,2577678,137422173624,17177627823
hash,2577679,137422173640,17177627825
hash,2577680,137422173648,17177627826
hash,2577681,137422173656,17177627827
hash,2577682,137422173664,17177627828
hash,2577683,137422173672,17177627829
hash,2577684,137422173680,17177627830
hash,2577685,137422173688,17177627831
hash,2577686,80795072,9955504
hash,2577687,80795208,9955521
hash,2577688,80822336,9958912
hash,2577689,80799508,9956058
hash,2577690,137422173720,17177627835
hash,2577691,137422173728,17177627836
hash,2577692,137422173736,17177627837
hash,2577693,137422173744,17177627838
hash,2577694,137422173752,17177627839
hash,2577695,137422173760,17177627840
hash,2577696,137422173768,17177627841
hash,2577697,137422173880,17177627855
hash,2577698,81812584,10082693
hash,2577699,137422173896,17177627857
hash,2577700,137422173904,17177627858
hash,2577701,137422173912,17177627859
hash,2577702,137422173920,17177627860
hash,2577703,137422173928,17177627861
hash,2577704,137422173936,17177627862
hash,2577705,137422173944,17177627863
hash,2577706,137422173976,17177627867
hash,2577707,1175616,3072
hash,2577708,78451448,9662551
hash,2577709,1175649,3076
hash,2577710,137422173992,17177627869
hash,2577711,81812584,10082693
hash,2577712,137422174008,17177627871
hash,2577713,137422174016,17177627872
hash,2577714,137422174024,17177627873
hash,2577715,137422174032,17177627874
hash,2577716,137422174040,17177627875
hash,2577717,137422174048,17177627876
hash,2577718,137422174056,17177627877
hash,2577719,1175328,3036
hash,2577720,78466192,9664394
hash,2577721,1151796,94
hash,2577722,137422174024,17177627873
hash,2577723,78468008,9664621
hash,2577724,81812584,10082693
hash,2577725,78471112,9665009
hash,2577726,1175616,3072
hash,2577727,78451448,9662551
hash,2577728,1175840,3100
hash,2577729,1175656,3077
hash,2577730,137422173856,17177627852
hash,2577731,137422173864,17177627853
hash,2577732,137422173872,17177627854
hash,2577733,137422173880,17177627855
hash,2577734,137422173936,17177627862
hash,2577735,1175616,3072
hash,2577736,78451448,9662551
hash,2577737,1175640,3075
hash,2577738,1175856,3102
hash,2577739,137422173928,17177627861
hash,2577740,78474848,9665476
hash,2577741,78445160,9661765
hash,2577742,78474912,9665484
hash,2577743,78470296,9664907
hash,2577744,80795072,9955504
hash,2577745,81812560,10082690
hash,2577746,80795208,9955521
hash,2577747,80822336,9958912
hash,2577748,80799512,9956059
hash,2577749,137422173816,17177627847
hash,2577750,80795264,9955528
hash,2577751,80795288,9955531
hash,2577752,137422173816,17177627847
hash,2577753,80785512,9954309
hash,2577754,80795112,9955509
hash,2577755,80795072,9955504
hash,2577756,80795120,9955510
hash,2577757,80788400,9954670
hash,2577758,1151796,94
hash,2577759,137422173720,17177627835
hash,2577760,137422173736,17177627837
hash,2577761,137422173752,17177627839
hash,2577762,137422173760,17177627840
hash,2577763,137422173768,17177627841
hash,2577764,137422173776,17177627842
hash,2577765,137422173784,17177627843
hash,2577766,137422173792,17177627844
hash,2577767,137422173800,17177627845
hash,2577768,80795072,9955504
hash,2577769,80795208,9955521
hash,2577770,80822336,9958912
hash,2577771,80799508,9956058
hash,2577772,137422173832,17177627849
hash,2577773,137422173840,17177627850
hash,2577774,137422173848,17177627851
hash,2577775,137422173856,17177627852
hash,2577776,137422173864,17177627853
hash,2577777,137422173872,17177627854
hash,2577778,137422173880,17177627855
hash,2577779,1175616,3072
hash,2577780,78451448,9662551
hash,2577781,137422173944,17177627863
hash,2577782,1175616,3072
hash,2577783,78451448,9662551
hash,2577784,1175649,3076
hash,2577785,137422173960,17177627865
hash,2577786,81812584,10082693
hash,2577787,137422173976,17177627867
hash,2577788,137422173984,17177627868
hash,2577789,137422173992,17177627869
hash,2577790,137422174000,17177627870
hash,2577791,137422174008,17177627871
hash,2577792,137422174016,17177627872
hash,2577793,137422174024,17177627873
hash,2577794,137422174032,17177627874
hash,2577795,137422174040,17177627875
hash,2577796,137422174048,17177627876
hash,2577797,137422174056,17177627877
hash,2577798,137422174084,17177627880
hash,2577799,137422174088,17177627881
hash,2577800,137422174040,17177627875
hash,2577801,67443312,8286534
hash,2577802,137422174036,17177627874
hash,2577803,137422174048,17177627876
hash,2577804,137422174056,17177627877
hash,2577805,67523920,8296610
hash,2577806,1175480,3055
hash,2577807,1175616,3072
hash,2577808,78451448,9662551
hash,2577809,1175648,3076
hash,2577810,78465144,9664263
hash,2577811,81812584,10082693
hash,2577812,78471112,9665009
hash,2577813,1175616,3072
hash,2577814,78451448,9662551
hash,2577815,1175840,3100
hash,2577816,1175656,3077
hash,2577817,137422173920,17177627860
hash,2577818,137422173928,17177627861
hash,2577819,137422173936,17177627862
hash,2577820,137422173944,17177627863
hash,2577821,137422173968,17177627866
hash,2577822,1175616,3072
hash,2577823,78451448,9662551
hash,2577824,1175872,3104
hash,2577825,1175849,3101
hash,2577826,1175848,3101
hash,2577827,1175856,3102
hash,2577828,78481840,9666350
hash,2577829,78450064,9662378
hash,2577830,78468136,9664637
hash,2577831,81812584,10082693
hash,2577832,78461464,9663803
hash,2577833,78465560,9664315
hash,2577834,78485512,9666809
hash,2577835,137422173768,17177627841
hash,2577836,1175832,3099
hash,2577837,78483480,9666555
hash,2577838,78482784,9666468
hash,2577839,137422173776,17177627842
hash,2577840,137422173784,17177627843
hash,2577841,137422173792,17177627844
hash,2577842,137422173800,17177627845
hash,2577843,137422173808,17177627846
hash,2577844,137422173816,17177627847
hash,2577845,1175648,3076
hash,2577846,78479763,9666090
hash,2577847,78479759,9666089
hash,2577848,137422173768,17177627841
hash,2577849,137422173848,17177627851
hash,2577850,137422173864,17177627853
hash,2577851,137422173863,17177627852
hash,2577852,78479712,9666084
hash,2577853,1175640,3075
hash,2577854,78474848,9665476
hash,2577855,78445160,9661765
hash,2577856,78474912,9665484
hash,2577857,78470296,9664907
hash,2577858,80795072,9955504
hash,2577859,81812560,10082690
hash,2577860,80795208,9955521
hash,2577861,80822336,9958912
hash,2577862,80799512,9956059
hash,2577863,137422173704,17177627833
hash,2577864,80795264,9955528
hash,2577865,80795288,9955531
hash,2577866,137422173704,17177627833
hash,2577867,80785512,9954309
hash,2577868,80795112,9955509
hash,2577869,80795072,9955504
hash,2577870,80795120,9955510
hash,2577871,80788400,9954670
hash,2577872,137422173814,17177627846
hash,2577873,137422173814,17177627846
hash,2577874,137422173608,17177627821
hash,2577875,137422173624,17177627823
hash,2577876,137422173640,17177627825
hash,2577877,137422173648,17177627826
hash,2577878,137422173656,17177627827
hash,2577879,137422173664,17177627828
hash,2577880,137422173672,17177627829
hash,2577881,137422173680,17177627830
hash,2577882,137422173688,17177627831
hash,2577883,80795072,9955504
hash,2577884,80795208,9955521
hash,2577885,80822336,9958912
hash,2577886,80799508,9956058
hash,2577887,137422173720,17177627835
hash,2577888,137422173728,17177627836
hash,2577889,137422173736,17177627837
hash,2577890,137422173744,17177627838
hash,2577891,137422173752,17177627839
hash,2577892,137422173760,17177627840
hash,2577893,137422173768,17177627841
hash,2577894,137422173880,17177627855
hash,2577895,81812584,10082693
hash,2577896,137422173896,17177627857
hash,2577897,137422173904,17177627858
hash,2577898,137422173912,17177627859
hash,2577899,137422173920,17177627860
hash,2577900,137422173928,17177627861
hash,2577901,137422173936,17177627862
hash,2577902,137422173944,17177627863
hash,2577903,137422173976,17177627867
hash,2577904,1175616,3072
hash,2577905,78451448,9662551
hash,2577906,1175649,3076
hash,2577907,137422173992,17177627869
hash,2577908,81812584,10082693
hash,2577909,137422174008,17177627871
hash,2577910,137422174016,17177627872
hash,2577911,137422174024,17177627873
hash,2577912,137422174032,17177627874
hash,2577913,137422174040,17177627875
hash,2577914,137422174048,17177627876
hash,2577915,137422174056,17177627877
hash,2577916,1175328,3036
hash,2577917,78466192,9664394
hash,2577918,1151796,94
hash,2577919,137422174024,17177627873
hash,2577920,78468008,9664621
hash,2577921,81812584,10082693
hash,2577922,78471112,9665009
hash,2577923,1175616,3072
hash,2577924,78451448,9662551
hash,2577925,1175840,3100
hash,2577926,1175656,3077
hash,2577927,137422173856,17177627852
hash,2577928,137422173864,17177627853
hash,2577929,137422173872,17177627854
hash,2577930,137422173880,17177627855
hash,2577931,137422173936,17177627862
hash,2577932,1175616,3072
hash,2577933,78451448,9662551
hash,2577934,1175640,3075
hash,2577935,1175856,3102
hash,2577936,137422173928,17177627861
hash,2577937,78474848,9665476
hash,2577938,78445160,9661765
hash,2577939,78474912,9665484
hash,2577940,78470296,9664907
hash,2577941,80795072,9955504
hash,2577942,81812560,10082690
hash,2577943,80795208,9955521
hash,2577944,80822336,9958912
hash,2577945,80799512,9956059
hash,2577946,137422173816,17177627847
hash,2577947,80795264,9955528
hash,2577948,80795288,9955531
hash,2577949,137422173816,17177627847
hash,2577950,80785512,9954309
hash,2577951,80795112,9955509
hash,2577952,80795072,9955504
hash,2577953,80795120,9955510
hash,2577954,80788400,9954670
hash,2577955,1151796,94
hash,2577956,137422173720,17177627835
hash,2577957,137422173736,17177627837
hash,2577958,137422173752,17177627839
hash,2577959,137422173760,17177627840
hash,2577960,137422173768,17177627841
hash,2577961,137422173776,17177627842
hash,2577962,137422173784,17177627843
hash,2577963,137422173792,17177627844
hash,2577964,137422173800,17177627845
hash,2577965,80795072,9955504
hash,2577966,80795208,9955521
hash,2577967,80822336,9958912
hash,2577968,80799508,9956058
hash,2577969,137422173832,17177627849
hash,2577970,137422173840,17177627850
hash,2577971,137422173848,17177627851
hash,2577972,137422173856,17177627852
hash,2577973,137422173864,17177627853
hash,2577974,137422173872,17177627854
hash,2577975,137422173880,17177627855
hash,2577976,1175616,3072
hash,2577977,78451448,9662551
hash,2577978,137422173944,17177627863
hash,2577979,1175616,3072
hash,2577980,78451448,9662551
hash,2577981,1175649,3076
hash,2577982,137422173960,17177627865
hash,2577983,81812584,10082693
hash,2577984,137422173976,17177627867
hash,2577985,137422173984,17177627868
hash,2577986,137422173992,17177627869
hash,2577987,137422174000,17177627870
hash,2577988,137422174008,17177627871
hash,2577989,137422174016,17177627872
hash,2577990,137422174024,17177627873
hash,2577991,137422174032,17177627874
hash,2577992,137422174040,17177627875
hash,2577993,137422174048,17177627876
hash,2577994,137422174056,17177627877
hash,2577995,137422174084,17177627880
hash,2577996,137422174088,17177627881
hash,2577997,137422174040,17177627875
hash,2577998,67443312,8286534
hash,2577999,137422174036,17177627874
hash,2578000,137422174048,17177627876
hash,2578001,137422174056,17177627877
hash,2578002,67523924,8296610
hash,2578003,1175480,3055
hash,2578004,1175616,3072
hash,2578005,78451448,9662551
hash,2578006,1175648,3076
hash,2578007,78465144,9664263
hash,2578008,81812584,10082693
hash,2578009,78471112,9665009
hash,2578010,1175616,3072
hash,2578011,78451448,9662551
hash,2578012,1175840,3100
hash,2578013,1175656,3077
hash,2578014,137422173920,17177627860
hash,2578015,137422173928,17177627861
hash,2578016,137422173936,17177627862
hash,2578017,137422173944,17177627863
hash,2578018,137422173968,17177627866
hash,2578019,1175616,3072
hash,2578020,78451448,9662551
hash,2578021,1175872,3104
hash,2578022,1175849,3101
hash,2578023,1175848,3101
hash,2578024,1175856,3102
hash,2578025,78481840,9666350
hash,2578026,78450064,9662378
hash,2578027,78468136,9664637
hash,2578028,81812584,10082693
hash,2578029,78461464,9663803
hash,2578030,78465560,9664315
hash,2578031,78485512,9666809
hash,2578032,137422173768,17177627841
hash,2578033,1175832,3099
hash,2578034,78483480,9666555
hash,2578035,78482784,9666468
hash,2578036,137422173776,17177627842
hash,2578037,137422173784,17177627843
hash,2578038,137422173792,17177627844
hash,2578039,137422173800,17177627845
hash,2578040,137422173808,17177627846
hash,2578041,137422173816,17177627847
hash,2578042,1175648,3076
hash,2578043,78479761,9666090
hash,2578044,137422173768,17177627841
hash,2578045,137422173848,17177627851
hash,2578046,137422173864,17177627853
hash,2578047,137422173863,17177627852
hash,2578048,78479712,9666084
hash,2578049,1175640,3075
hash,2578050,78474848,9665476
hash,2578051,78445160,9661765
hash,2578052,78474912,9665484
hash,2578053,78470296,9664907
hash,2578054,80795072,9955504
hash,2578055,81812560,10082690
hash,2578056,80795208,9955521
hash,2578057,80822336,9958912
hash,2578058,80799512,9956059
hash,2578059,137422173704,17177627833
hash,2578060,80795264,9955528
hash,2578061,80795288,9955531
hash,2578062,137422173704,17177627833
hash,2578063,80785512,9954309
hash,2578064,80795112,9955509
hash,2578065,80795072,9955504
hash,2578066,80795120,9955510
hash,2578067,80788400,9954670
hash,2578068,137422173815,17177627846
hash,2578069,137422173608,17177627821
hash,2578070,137422173624,17177627823
hash,2578071,137422173640,17177627825
hash,2578072,137422173648,17177627826
hash,2578073,137422173656,17177627827
hash,2578074,137422173664,17177627828
hash,2578075,137422173672,17177627829
hash,2578076,137422173680,17177627830
hash,2578077,137422173688,17177627831
hash,2578078,80795072,9955504
hash,2578079,80795208,9955521
hash,2578080,80822336,9958912
hash,2578081,80799508,9956058
hash,2578082,137422173720,17177627835
hash,2578083,137422173728,17177627836
hash,2578084,137422173736,17177627837
hash,2578085,137422173744,17177627838
hash,2578086,137422173752,17177627839
hash,2578087,137422173760,17177627840
hash,2578088,137422173768,17177627841
hash,2578089,137422173880,17177627855
hash,2578090,81812584,10082693
hash,2578091,137422173896,17177627857
hash,2578092,137422173904,17177627858
hash,2578093,137422173912,17177627859
hash,2578094,137422173920,17177627860
hash,2578095,137422173928,17177627861
hash,2578096,137422173936,17177627862
hash,2578097,137422173944,17177627863
hash,2578098,137422173976,17177627867
hash,2578099,1175616,3072
hash,2578100,78451448,9662551
hash,2578101,1175649,3076
hash,2578102,137422173992,17177627869
hash,2578103,81812584,10082693
hash,2578104,137422174008,17177627871
hash,2578105,137422174016,17177627872
hash,2578106,137422174024,17177627873
hash,2578107,137422174032,17177627874
hash,2578108,137422174040,17177627875
hash,2578109,137422174048,17177627876
hash,2578110,137422174056,17177627877
hash,2578111,137422174084,17177627880
hash,2578112,137422174088,17177627881
hash,2578113,137422174040,17177627875
hash,2578114,67443324,8286535
hash,2578115,137422174048,17177627876
hash,2578116,137422174056,17177627877
hash,2578117,137422174088,17177627881
hash,2578118,137422174040,17177627875
hash,2578119,67443324,8286535
hash,2578120,137422174048,17177627876
hash,2578121,137422174056,17177627877
hash,2578122,137422174084,17177627880
hash,2578123,1175368,3041
hash,2578124,1175616,3072
hash,2578125,78451448,9662551
hash,2578126,1175640,3075
hash,2578127,137422174028,17177627873
hash,2578128,78464656,9664202
hash,2578129,81812584,10082693
hash,2578130,78471112,9665009
hash,2578131,1175616,3072
hash,2578132,78451448,9662551
hash,2578133,1175840,3100
hash,2578134,1175656,3077
hash,2578135,137422173904,17177627858
hash,2578136,137422173912,17177627859
hash,2578137,137422173920,17177627860
hash,2578138,137422173928,17177627861
hash,2578139,137422173936,17177627862
hash,2578140,1175616,3072
hash,2578141,78451448,9662551
hash,2578142,1175856,3102
hash,2578143,78474888,9665481
hash,2578144,78474896,9665482
hash,2578145,78474848,9665476
hash,2578146,78445168,9661766
hash,2578147,78474912,9665484
hash,2578148,78468040,9664625
hash,2578149,80795188,9955518
hash,2578150,80795112,9955509
hash,2578151,80795120,9955510
hash,2578152,137422173896,17177627857
hash,2578153,137422173904,17177627858
hash,2578154,137422173912,17177627859
hash,2578155,137422173920,17177627860
hash,2578156,137422173928,17177627861
hash,2578157,137422173944,17177627863
hash,2578158,1175616,3072
hash,2578159,78451448,9662551
hash,2578160,1175649,3076
hash,2578161,137422173960,17177627865
hash,2578162,81812584,10082693
hash,2578163,137422173976,17177627867
hash,2578164,137422173984,17177627868
hash,2578165,137422173992,17177627869
hash,2578166,137422174000,17177627870
hash,2578167,137422174008,17177627871
hash,2578168,137422174040,17177627875
hash,2578169,137422174048,17177627876
hash,2578170,137422174056,17177627877
hash,2578171,137422174104,17177627883
hash,2578172,137422174112,17177627884
hash,2578173,137422174120,17177627885
hash,2578174,137422174104,17177627883
hash,2578175,137422174072,17177627879
hash,2578176,137422174188,17177627893
hash,2578177,137422174080,17177627880
hash,2578178,137422174088,17177627881
hash,2578179,137422174112,17177627884
hash,2578180,137422174120,17177627885
hash,2578181,137422174152,17177627889
hash,2578182,137422174152,17177627889
hash,2578183,137422174104,17177627883
hash,2578184,137422174100,17177627882
hash,2578185,137422174072,17177627879
hash,2578186,137422174176,17177627892
hash,2578187,137422174068,17177627878
hash,2578188,137422174080,17177627880
hash,2578189,137422174088,17177627881
hash,2578190,67530124,8297385
hash,2578191,137422174112,17177627884
hash,2578192,137422174120,17177627885
hash,2578193,137422174136,17177627887
hash,2578194,137422174156,17177627889
hash,2578195,137422174104,17177627883
hash,2578196,137422174320,17177627910
hash,2578197,137422174100,17177627882
hash,2578198,137422174112,17177627884
hash,2578199,137422174120,17177627885
hash,2578200,137422174152,17177627889
hash,2578201,1175328,3036
hash,2578202,78466192,9664394
hash,2578203,1151760,90
hash,2578204,137422174056,17177627877
hash,2578205,78468008,9664621
hash,2578206,81812584,10082693
hash,2578207,78471112,9665009
hash,2578208,1175616,3072
hash,2578209,78451448,9662551
hash,2578210,1175840,3100
hash,2578211,1175656,3077
hash,2578212,137422173888,17177627856
hash,2578213,137422173896,17177627857
hash,2578214,137422173904,17177627858
hash,2578215,137422173912,17177627859
hash,2578216,137422173968,17177627866
hash,2578217,1175616,3072
hash,2578218,78451448,9662551
hash,2578219,1175640,3075
hash,2578220,1175856,3102
hash,2578221,137422173960,17177627865
hash,2578222,78474848,9665476
hash,2578223,78445160,9661765
hash,2578224,78474912,9665484
hash,2578225,78470296,9664907
hash,2578226,80795072,9955504
hash,2578227,81812560,10082690
hash,2578228,80795208,9955521
hash,2578229,80822336,9958912
hash,2578230,80799512,9956059
hash,2578231,137422173848,17177627851
hash,2578232,80795264,9955528
hash,2578233,80795288,9955531
hash,2578234,137422173848,17177627851
hash,2578235,80785512,9954309
hash,2578236,80795112,9955509
hash,2578237,80795072,9955504
hash,2578238,80795120,9955510
hash,2578239,80788400,9954670
hash,2578240,1151765,90
hash,2578241,1151760,90
hash,2578242,137422173752,17177627839
hash,2578243,137422173768,17177627841
hash,2578244,137422173784,17177627843
hash,2578245,137422173792,17177627844
hash,2578246,137422173800,17177627845
hash,2578247,137422173808,17177627846
hash,2578248,137422173816,17177627847
hash,2578249,137422173824,17177627848
hash,2578250,137422173832,17177627849
hash,2578251,80795072,9955504
hash,2578252,80795208,9955521
hash,2578253,80822336,9958912
hash,2578254,80799508,9956058
hash,2578255,137422173864,17177627853
hash,2578256,137422173872,17177627854
hash,2578257,137422173880,17177627855
hash,2578258,137422173888,17177627856
hash,2578259,137422173896,17177627857
hash,2578260,137422173904,17177627858
hash,2578261,137422173912,17177627859
hash,2578262,1175616,3072
hash,2578263,78451448,9662551
hash,2578264,137422173976,17177627867
hash,2578265,1175616,3072
hash,2578266,78451448,9662551
hash,2578267,1175649,3076
hash,2578268,137422173992,17177627869
hash,2578269,81812584,10082693
hash,2578270,137422174008,17177627871
hash,2578271,137422174016,17177627872
hash,2578272,137422174024,17177627873
hash,2578273,137422174032,17177627874
hash,2578274,137422174040,17177627875
hash,2578275,137422174048,17177627876
hash,2578276,137422174056,17177627877
hash,2578277,137422174064,17177627878
hash,2578278,137422174072,17177627879
hash,2578279,137422174080,17177627880
hash,2578280,137422174088,17177627881
hash,2578281,137422174100,17177627882
hash,2578282,1175480,3055
hash,2578283,1175616,3072
hash,2578284,78451448,9662551
hash,2578285,1175648,3076
hash,2578286,78465144,9664263
hash,2578287,81812584,10082693
hash,2578288,78471112,9665009
hash,2578289,1175616,3072
hash,2578290,78451448,9662551
hash,2578291,1175840,3100
hash,2578292,1175656,3077
hash,2578293,137422173952,17177627864
hash,2578294,137422173960,17177627865
hash,2578295,137422173968,17177627866
hash,2578296,137422173976,17177627867
hash,2578297,137422174000,17177627870
hash,2578298,1175616,3072
hash,2578299,78451448,9662551
hash,2578300,1175872,3104
hash,2578301,1175849,3101
hash,2578302,1175848,3101
hash,2578303,1175856,3102
hash,2578304,78481840,9666350
hash,2578305,78450064,9662378
hash,2578306,78468136,9664637
hash,2578307,81812584,10082693
hash,2578308,78461464,9663803
hash,2578309,78465560,9664315
hash,2578310,78485512,9666809
hash,2578311,137422173800,17177627845
hash,2578312,1175832,3099
hash,2578313,78483480,9666555
hash,2578314,78482784,9666468
hash,2578315,137422173808,17177627846
hash,2578316,137422173816,17177627847
hash,2578317,137422173824,17177627848
hash,2578318,137422173832,17177627849
hash,2578319,137422173840,17177627850
hash,2578320,137422173848,17177627851
hash,2578321,1175648,3076
hash,2578322,78479764,9666090
hash,2578323,78479759,9666089
hash,2578324,137422173800,17177627845
hash,2578325,137422173880,17177627855
hash,2578326,137422173896,17177627857
hash,2578327,137422173895,17177627856
hash,2578328,78479712,9666084
hash,2578329,1175640,3075
hash,2578330,78474848,9665476
hash,2578331,78445160,9661765
hash,2578332,78474912,9665484
hash,2578333,78470296,9664907
hash,2578334,80795072,9955504
hash,2578335,81812560,10082690
hash,2578336,80795208,9955521
hash,2578337,80822336,9958912
hash,2578338,80799512,9956059
hash,2578339,137422173736,17177627837
hash,2578340,80795264,9955528
hash,2578341,80795288,9955531
hash,2578342,137422173736,17177627837
hash,2578343,80785512,9954309
hash,2578344,80795112,9955509
hash,2578345,80795072,9955504
hash,2578346,80795120,9955510
hash,2578347,80788400,9954670
hash,2578348,137422173846,17177627850
hash,2578349,137422173846,17177627850
hash,2578350,137422173640,17177627825
hash,2578351,137422173656,17177627827
hash,2578352,137422173672,17177627829
hash,2578353,137422173680,17177627830
hash,2578354,137422173688,17177627831
hash,2578355,137422173696,17177627832
hash,2578356,137422173704,17177627833
hash,2578357,137422173712,17177627834
hash,2578358,137422173720,17177627835
hash,2578359,80795072,9955504
hash,2578360,80795208,9955521
hash,2578361,80822336,9958912
hash,2578362,80799508,9956058
hash,2578363,137422173752,17177627839
hash,2578364,137422173760,17177627840
hash,2578365,137422173768,17177627841
hash,2578366,137422173776,17177627842
hash,2578367,137422173784,17177627843
hash,2578368,137422173792,17177627844
hash,2578369,137422173800,17177627845
hash,2578370,137422173912,17177627859
hash,2578371,81812584,10082693
hash,2578372,137422173928,17177627861
hash,2578373,137422173936,17177627862
hash,2578374,137422173944,17177627863
hash,2578375,137422173952,17177627864
hash,2578376,137422173960,17177627865
hash,2578377,137422173968,17177627866
hash,2578378,137422173976,17177627867
hash,2578379,137422174008,17177627871
hash,2578380,1175616,3072
hash,2578381,78451448,9662551
hash,2578382,1175649,3076
hash,2578383,137422174024,17177627873
hash,2578384,81812584,10082693
hash,2578385,137422174040,17177627875
hash,2578386,137422174048,17177627876
hash,2578387,137422174056,17177627877
hash,2578388,137422174064,17177627878
hash,2578389,137422174072,17177627879
hash,2578390,137422174080,17177627880
hash,2578391,137422174088,17177627881
hash,2578392,1175328,3036
hash,2578393,78466192,9664394
hash,2578394,1151774,91
hash,2578395,137422174056,17177627877
hash,2578396,78468008,9664621
hash,2578397,81812584,10082693
hash,2578398,78471112,9665009
hash,2578399,1175616,3072
hash,2578400,78451448,9662551
hash,2578401,1175840,3100
hash,2578402,1175656,3077
hash,2578403,137422173888,17177627856
hash,2578404,137422173896,17177627857
hash,2578405,137422173904,17177627858
hash,2578406,137422173912,17177627859
hash,2578407,137422173968,17177627866
hash,2578408,1175616,3072
hash,2578409,78451448,9662551
hash,2578410,1175640,3075
hash,2578411,1175856,3102
hash,2578412,137422173960,17177627865
hash,2578413,78474848,9665476
hash,2578414,78445160,9661765
hash,2578415,78474912,9665484
hash,2578416,78470296,9664907
hash,2578417,80795072,9955504
hash,2578418,81812560,10082690
hash,2578419,80795208,9955521
hash,2578420,80822336,9958912
hash,2578421,80799512,9956059
hash,2578422,137422173848,17177627851
hash,2578423,80795264,9955528
hash,2578424,80795288,9955531
hash,2578425,137422173848,17177627851
hash,2578426,80785512,9954309
hash,2578427,80795112,9955509
hash,2578428,80795072,9955504
hash,2578429,80795120,9955510
hash,2578430,80788400,9954670
hash,2578431,1151775,91
hash,2578432,1151774,91
hash,2578433,137422173752,17177627839
hash,2578434,137422173768,17177627841
hash,2578435,137422173784,17177627843
hash,2578436,137422173792,17177627844
hash,2578437,137422173800,17177627845
hash,2578438,137422173808,17177627846
hash,2578439,137422173816,17177627847
hash,2578440,137422173824,17177627848
hash,2578441,137422173832,17177627849
hash,2578442,80795072,9955504
hash,2578443,80795208,9955521
hash,2578444,80822336,9958912
hash,2578445,80799508,9956058
hash,2578446,137422173864,17177627853
hash,2578447,137422173872,17177627854
hash,2578448,137422173880,17177627855
hash,2578449,137422173888,17177627856
hash,2578450,137422173896,17177627857
hash,2578451,137422173904,17177627858
hash,2578452,137422173912,17177627859
hash,2578453,1175616,3072
hash,2578454,78451448,9662551
hash,2578455,137422173976,17177627867
hash,2578456,1175616,3072
hash,2578457,78451448,9662551
hash,2578458,1175649,3076
hash,2578459,137422173992,17177627869
hash,2578460,81812584,10082693
hash,2578461,137422174008,17177627871
hash,2578462,137422174016,17177627872
hash,2578463,137422174024,17177627873
hash,2578464,137422174032,17177627874
hash,2578465,137422174040,17177627875
hash,2578466,137422174048,17177627876
hash,2578467,137422174056,17177627877
hash,2578468,137422174064,17177627878
hash,2578469,137422174072,17177627879
hash,2578470,137422174080,17177627880
hash,2578471,137422174088,17177627881
hash,2578472,137422174104,17177627883
hash,2578473,67458400,8288420
hash,2578474,1175480,3055
hash,2578475,1175616,3072
hash,2578476,78451448,9662551
hash,2578477,1175648,3076
hash,2578478,78465144,9664263
hash,2578479,81812584,10082693
hash,2578480,78471112,9665009
hash,2578481,1175616,3072
hash,2578482,78451448,9662551
hash,2578483,1175840,3100
hash,2578484,1175656,3077
hash,2578485,137422173952,17177627864
hash,2578486,137422173960,17177627865
hash,2578487,137422173968,17177627866
hash,2578488,137422173976,17177627867
hash,2578489,137422174000,17177627870
hash,2578490,1175616,3072
hash,2578491,78451448,9662551
hash,2578492,1175872,3104
hash,2578493,1175849,3101
hash,2578494,1175848,3101
hash,2578495,1175856,3102
hash,2578496,78481840,9666350
hash,2578497,78450064,9662378
hash,2578498,78468136,9664637
hash,2578499,81812584,10082693
hash,2578500,78461464,9663803
hash,2578501,78465560,9664315
hash,2578502,78485512,9666809
hash,2578503,137422173800,17177627845
hash,2578504,1175832,3099
hash,2578505,78483480,9666555
hash,2578506,78482784,9666468
hash,2578507,137422173808,17177627846
hash,2578508,137422173816,17177627847
hash,2578509,137422173824,17177627848
hash,2578510,137422173832,17177627849
hash,2578511,137422173840,17177627850
hash,2578512,137422173848,17177627851
hash,2578513,1175648,3076
hash,2578514,78479758,9666089
hash,2578515,78479763,9666090
hash,2578516,137422173800,17177627845
hash,2578517,137422173880,17177627855
hash,2578518,137422173896,17177627857
hash,2578519,137422173895,17177627856
hash,2578520,78479712,9666084
hash,2578521,1175640,3075
hash,2578522,78474848,9665476
hash,2578523,78445160,9661765
hash,2578524,78474912,9665484
hash,2578525,78470296,9664907
hash,2578526,80795072,9955504
hash,2578527,81812560,10082690
hash,2578528,80795208,9955521
hash,2578529,80822336,9958912
hash,2578530,80799512,9956059
hash,2578531,137422173736,17177627837
hash,2578532,80795264,9955528
hash,2578533,80795288,9955531
hash,2578534,137422173736,17177627837
hash,2578535,80785512,9954309
hash,2578536,80795112,9955509
hash,2578537,80795072,9955504
hash,2578538,80795120,9955510
hash,2578539,80788400,9954670
hash,2578540,137422173846,17177627850
hash,2578541,137422173846,17177627850
hash,2578542,137422173640,17177627825
hash,2578543,137422173656,17177627827
hash,2578544,137422173672,17177627829
hash,2578545,137422173680,17177627830
hash,2578546,137422173688,17177627831
hash,2578547,137422173696,17177627832
hash,2578548,137422173704,17177627833
hash,2578549,137422173712,17177627834
hash,2578550,137422173720,17177627835
hash,2578551,80795072,9955504
hash,2578552,80795208,9955521
hash,2578553,80822336,9958912
hash,2578554,80799508,9956058
hash,2578555,137422173752,17177627839
hash,2578556,137422173760,17177627840
hash,2578557,137422173768,17177627841
hash,2578558,137422173776,17177627842
hash,2578559,137422173784,17177627843
hash,2578560,137422173792,17177627844
hash,2578561,137422173800,17177627845
hash,2578562,137422173912,17177627859
hash,2578563,81812584,10082693
hash,2578564,137422173928,17177627861
hash,2578565,137422173936,17177627862
hash,2578566,137422173944,17177627863
hash,2578567,137422173952,17177627864
hash,2578568,137422173960,17177627865
hash,2578569,137422173968,17177627866
hash,2578570,137422173976,17177627867
hash,2578571,137422174008,17177627871
hash,2578572,1175616,3072
hash,2578573,78451448,9662551
hash,2578574,1175649,3076
hash,2578575,137422174024,17177627873
hash,2578576,81812584,10082693
hash,2578577,137422174040,17177627875
hash,2578578,137422174048,17177627876
hash,2578579,137422174056,17177627877
hash,2578580,137422174064,17177627878
hash,2578581,137422174072,17177627879
hash,2578582,137422174080,17177627880
hash,2578583,137422174088,17177627881
hash,2578584,1175328,3036
hash,2578585,78466192,9664394
hash,2578586,1151784,93
hash,2578587,137422174056,17177627877
hash,2578588,78468008,9664621
hash,2578589,81812584,10082693
hash,2578590,78471112,9665009
hash,2578591,1175616,3072
hash,2578592,78451448,9662551
hash,2578593,1175840,3100
hash,2578594,1175656,3077
hash,2578595,137422173888,17177627856
hash,2578596,137422173896,17177627857
hash,2578597,137422173904,17177627858
hash,2578598,137422173912,17177627859
hash,2578599,137422173968,17177627866
hash,2578600,1175616,3072
hash,2578601,78451448,9662551
hash,2578602,1175640,3075
hash,2578603,1175856,3102
hash,2578604,137422173960,17177627865
hash,2578605,78474848,9665476
hash,2578606,78445160,9661765
hash,2578607,78474912,9665484
hash,2578608,78470296,9664907
hash,2578609,80795072,9955504
hash,2578610,81812560,10082690
hash,2578611,80795208,9955521
hash,2578612,80822336,9958912
hash,2578613,80799512,9956059
hash,2578614,137422173848,17177627851
hash,2578615,80795264,9955528
hash,2578616,80795288,9955531
hash,2578617,137422173848,17177627851
hash,2578618,80785512,9954309
hash,2578619,80795112,9955509
hash,2578620,80795072,9955504
hash,2578621,80795120,9955510
hash,2578622,80788400,9954670
hash,2578623,1151784,93
hash,2578624,137422173752,17177627839
hash,2578625,137422173768,17177627841
hash,2578626,137422173784,17177627843
hash,2578627,137422173792,17177627844
hash,2578628,137422173800,17177627845
hash,2578629,137422173808,17177627846
hash,2578630,137422173816,17177627847
hash,2578631,137422173824,17177627848
hash,2578632,137422173832,17177627849
hash,2578633,80795072,9955504
hash,2578634,80795208,9955521
hash,2578635,80822336,9958912
hash,2578636,80799508,9956058
hash,2578637,137422173864,17177627853
hash,2578638,137422173872,17177627854
hash,2578639,137422173880,17177627855
hash,2578640,137422173888,17177627856
hash,2578641,137422173896,17177627857
hash,2578642,137422173904,17177627858
hash,2578643,137422173912,17177627859
hash,2578644,1175616,3072
hash,2578645,78451448,9662551
hash,2578646,137422173976,17177627867
hash,2578647,1175616,3072
hash,2578648,78451448,9662551
hash,2578649,1175649,3076
hash,2578650,137422173992,17177627869
hash,2578651,81812584,10082693
hash,2578652,137422174008,17177627871
hash,2578653,137422174016,17177627872
hash,2578654,137422174024,17177627873
hash,2578655,137422174032,17177627874
hash,2578656,137422174040,17177627875
hash,2578657,137422174048,17177627876
hash,2578658,137422174056,17177627877
hash,2578659,137422174064,17177627878
hash,2578660,137422174072,17177627879
hash,2578661,137422174080,17177627880
hash,2578662,137422174088,17177627881
hash,2578663,137422174104,17177627883
hash,2578664,1175312,3034
hash,2578665,67458416,8288422
hash,2578666,67458408,8288421
hash,2578667,78468008,9664621
hash,2578668,81812584,10082693
hash,2578669,78471112,9665009
hash,2578670,1175616,3072
hash,2578671,78451448,9662551
hash,2578672,1175840,3100
hash,2578673,1175656,3077
hash,2578674,137422173920,17177627860
hash,2578675,137422173928,17177627861
hash,2578676,137422173936,17177627862
hash,2578677,137422173944,17177627863
hash,2578678,137422174000,17177627870
hash,2578679,1175616,3072
hash,2578680,78451448,9662551
hash,2578681,1175640,3075
hash,2578682,1175856,3102
hash,2578683,137422173992,17177627869
hash,2578684,78474848,9665476
hash,2578685,78445160,9661765
hash,2578686,78474912,9665484
hash,2578687,78470296,9664907
hash,2578688,80795072,9955504
hash,2578689,81812560,10082690
hash,2578690,80795208,9955521
hash,2578691,80822336,9958912
hash,2578692,80799512,9956059
hash,2578693,137422173880,17177627855
hash,2578694,80795264,9955528
hash,2578695,80795288,9955531
hash,2578696,137422173880,17177627855
hash,2578697,80785512,9954309
hash,2578698,80795112,9955509
hash,2578699,80795072,9955504
hash,2578700,80795120,9955510
hash,2578701,80788400,9954670
hash,2578702,67458426,8288423
hash,2578703,67458424,8288423
hash,2578704,137422173784,17177627843
hash,2578705,137422173800,17177627845
hash,2578706,137422173816,17177627847
hash,2578707,137422173824,17177627848
hash,2578708,137422173832,17177627849
hash,2578709,137422173840,17177627850
hash,2578710,137422173848,17177627851
hash,2578711,137422173856,17177627852
hash,2578712,137422173864,17177627853
hash,2578713,80795072,9955504
hash,2578714,80795208,9955521
hash,2578715,80822336,9958912
hash,2578716,80799508,9956058
hash,2578717,137422173896,17177627857
hash,2578718,137422173904,17177627858
hash,2578719,137422173912,17177627859
hash,2578720,137422173920,17177627860
hash,2578721,137422173928,17177627861
hash,2578722,137422173936,17177627862
hash,2578723,137422173944,17177627863
hash,2578724,1175616,3072
hash,2578725,78451448,9662551
hash,2578726,137422174008,17177627871
hash,2578727,1175616,3072
hash,2578728,78451448,9662551
hash,2578729,1175649,3076
hash,2578730,137422174024,17177627873
hash,2578731,81812584,10082693
hash,2578732,137422174040,17177627875
hash,2578733,137422174048,17177627876
hash,2578734,137422174056,17177627877
hash,2578735,137422174064,17177627878
hash,2578736,137422174072,17177627879
hash,2578737,137422174080,17177627880
hash,2578738,137422174088,17177627881
hash,2578739,1175328,3036
hash,2578740,78466192,9664394
hash,2578741,1151784,93
hash,2578742,137422174056,17177627877
hash,2578743,78468008,9664621
hash,2578744,81812584,10082693
hash,2578745,78471112,9665009
hash,2578746,1175616,3072
hash,2578747,78451448,9662551
hash,2578748,1175840,3100
hash,2578749,1175656,3077
hash,2578750,137422173888,17177627856
hash,2578751,137422173896,17177627857
hash,2578752,137422173904,17177627858
hash,2578753,137422173912,17177627859
hash,2578754,137422173968,17177627866
hash,2578755,1175616,3072
hash,2578756,78451448,9662551
hash,2578757,1175640,3075
hash,2578758,1175856,3102
hash,2578759,137422173960,17177627865
hash,2578760,78474848,9665476
hash,2578761,78445160,9661765
hash,2578762,78474912,9665484
hash,2578763,78470296,9664907
hash,2578764,80795072,9955504
hash,2578765,81812560,10082690
hash,2578766,80795208,9955521
hash,2578767,80822336,9958912
hash,2578768,80799512,9956059
hash,2578769,137422173848,17177627851
hash,2578770,80795264,9955528
hash,2578771,80795288,9955531
hash,2578772,137422173848,17177627851
hash,2578773,80785512,9954309
hash,2578774,80795112,9955509
hash,2578775,80795072,9955504
hash,2578776,80795120,9955510
hash,2578777,80788400,9954670
hash,2578778,1151784,93
hash,2578779,137422173752,17177627839
hash,2578780,137422173768,17177627841
hash,2578781,137422173784,17177627843
hash,2578782,137422173792,17177627844
hash,2578783,137422173800,17177627845
hash,2578784,137422173808,17177627846
hash,2578785,137422173816,17177627847
hash,2578786,137422173824,17177627848
hash,2578787,137422173832,17177627849
hash,2578788,80795072,9955504
hash,2578789,80795208,9955521
hash,2578790,80822336,9958912
hash,2578791,80799508,9956058
hash,2578792,137422173864,17177627853
hash,2578793,137422173872,17177627854
hash,2578794,137422173880,17177627855
hash,2578795,137422173888,17177627856
hash,2578796,137422173896,17177627857
hash,2578797,137422173904,17177627858
hash,2578798,137422173912,17177627859
hash,2578799,1175616,3072
hash,2578800,78451448,9662551
hash,2578801,137422173976,17177627867
hash,2578802,1175616,3072
hash,2578803,78451448,9662551
hash,2578804,1175649,3076
hash,2578805,137422173992,17177627869
hash,2578806,81812584,10082693
hash,2578807,137422174008,17177627871
hash,2578808,137422174016,17177627872
hash,2578809,137422174024,17177627873
hash,2578810,137422174032,17177627874
hash,2578811,137422174040,17177627875
hash,2578812,137422174048,17177627876
hash,2578813,137422174056,17177627877
hash,2578814,137422174064,17177627878
hash,2578815,137422174072,17177627879
hash,2578816,137422174080,17177627880
hash,2578817,137422174088,17177627881
hash,2578818,137422174104,17177627883
hash,2578819,67458404,8288420
hash,2578820,1175480,3055
hash,2578821,1175616,3072
hash,2578822,78451448,9662551
hash,2578823,1175648,3076
hash,2578824,78465144,9664263
hash,2578825,81812584,10082693
hash,2578826,78471112,9665009
hash,2578827,1175616,3072
hash,2578828,78451448,9662551
hash,2578829,1175840,3100
hash,2578830,1175656,3077
hash,2578831,137422173952,17177627864
hash,2578832,137422173960,17177627865
hash,2578833,137422173968,17177627866
hash,2578834,137422173976,17177627867
hash,2578835,137422174000,17177627870
hash,2578836,1175616,3072
hash,2578837,78451448,9662551
hash,2578838,1175872,3104
hash,2578839,1175849,3101
hash,2578840,1175848,3101
hash,2578841,1175856,3102
hash,2578842,78481840,9666350
hash,2578843,78450064,9662378
hash,2578844,78468136,9664637
hash,2578845,81812584,10082693
hash,2578846,78461464,9663803
hash,2578847,78465560,9664315
hash,2578848,78485512,9666809
hash,2578849,137422173800,17177627845
hash,2578850,1175832,3099
hash,2578851,78483480,9666555
hash,2578852,78482784,9666468
hash,2578853,137422173808,17177627846
hash,2578854,137422173816,17177627847
hash,2578855,137422173824,17177627848
hash,2578856,137422173832,17177627849
hash,2578857,137422173840,17177627850
hash,2578858,137422173848,17177627851
hash,2578859,1175648,3076
hash,2578860,78479763,9666090
hash,2578861,78479763,9666090
hash,2578862,137422173800,17177627845
hash,2578863,137422173880,17177627855
hash,2578864,137422173896,17177627857
hash,2578865,137422173895,17177627856
hash,2578866,78479712,9666084
hash,2578867,1175640,3075
hash,2578868,78474848,9665476
hash,2578869,78445160,9661765
hash,2578870,78474912,9665484
hash,2578871,78470296,9664907
hash,2578872,80795072,9955504
hash,2578873,81812560,10082690
hash,2578874,80795208,9955521
hash,2578875,80822336,9958912
hash,2578876,80799512,9956059
hash,2578877,137422173736,17177627837
hash,2578878,80795264,9955528
hash,2578879,80795288,9955531
hash,2578880,137422173736,17177627837
hash,2578881,80785512,9954309
hash,2578882,80795112,9955509
hash,2578883,80795072,9955504
hash,2578884,80795120,9955510
hash,2578885,80788400,9954670
hash,2578886,137422173846,17177627850
hash,2578887,137422173846,17177627850
hash,2578888,137422173640,17177627825
hash,2578889,137422173656,17177627827
hash,2578890,137422173672,17177627829
hash,2578891,137422173680,17177627830
hash,2578892,137422173688,17177627831
hash,2578893,137422173696,17177627832
hash,2578894,137422173704,17177627833
hash,2578895,137422173712,17177627834
hash,2578896,137422173720,17177627835
hash,2578897,80795072,9955504
hash,2578898,80795208,9955521
hash,2578899,80822336,9958912
hash,2578900,80799508,9956058
hash,2578901,137422173752,17177627839
hash,2578902,137422173760,17177627840
hash,2578903,137422173768,17177627841
hash,2578904,137422173776,17177627842
hash,2578905,137422173784,17177627843
hash,2578906,137422173792,17177627844
hash,2578907,137422173800,17177627845
hash,2578908,137422173912,17177627859
hash,2578909,81812584,10082693
hash,2578910,137422173928,17177627861
hash,2578911,137422173936,17177627862
hash,2578912,137422173944,17177627863
hash,2578913,137422173952,17177627864
hash,2578914,137422173960,17177627865
hash,2578915,137422173968,17177627866
hash,2578916,137422173976,17177627867
hash,2578917,137422174008,17177627871
hash,2578918,1175616,3072
hash,2578919,78451448,9662551
hash,2578920,1175649,3076
hash,2578921,137422174024,17177627873
hash,2578922,81812584,10082693
hash,2578923,137422174040,17177627875
hash,2578924,137422174048,17177627876
hash,2578925,137422174056,17177627877
hash,2578926,137422174064,17177627878
hash,2578927,137422174072,17177627879
hash,2578928,137422174080,17177627880
hash,2578929,137422174088,17177627881
hash,2578930,1175328,3036
hash,2578931,78466192,9664394
hash,2578932,1151784,93
hash,2578933,137422174056,17177627877
hash,2578934,78468008,9664621
hash,2578935,81812584,10082693
hash,2578936,78471112,9665009
hash,2578937,1175616,3072
hash,2578938,78451448,9662551
hash,2578939,1175840,3100
hash,2578940,1175656,3077
hash,2578941,137422173888,17177627856
hash,2578942,137422173896,17177627857
hash,2578943,137422173904,17177627858
hash,2578944,137422173912,17177627859
hash,2578945,137422173968,17177627866
hash,2578946,1175616,3072
hash,2578947,78451448,9662551
hash,2578948,1175640,3075
hash,2578949,1175856,3102
hash,2578950,137422173960,17177627865
hash,2578951,78474848,9665476
hash,2578952,78445160,9661765
hash,2578953,78474912,9665484
hash,2578954,78470296,9664907
hash,2578955,80795072,9955504
hash,2578956,81812560,10082690
hash,2578957,80795208,9955521
hash,2578958,80822336,9958912
hash,2578959,80799512,9956059
hash,2578960,137422173848,17177627851
hash,2578961,80795264,9955528
hash,2578962,80795288,9955531
hash,2578963,137422173848,17177627851
hash,2578964,80785512,9954309
hash,2578965,80795112,9955509
hash,2578966,80795072,9955504
hash,2578967,80795120,9955510
hash,2578968,80788400,9954670
hash,2578969,1151784,93
hash,2578970,137422173752,17177627839
hash,2578971,137422173768,17177627841
hash,2578972,137422173784,17177627843
hash,2578973,137422173792,17177627844
hash,2578974,137422173800,17177627845
hash,2578975,137422173808,17177627846
hash,2578976,137422173816,17177627847
hash,2578977,137422173824,17177627848
hash,2578978,137422173832,17177627849
hash,2578979,80795072,9955504
hash,2578980,80795208,9955521
hash,2578981,80822336,9958912
hash,2578982,80799508,9956058
hash,2578983,137422173864,17177627853
hash,2578984,137422173872,17177627854
hash,2578985,137422173880,17177627855
hash,2578986,137422173888,17177627856
hash,2578987,137422173896,17177627857
hash,2578988,137422173904,17177627858
hash,2578989,137422173912,17177627859
hash,2578990,1175616,3072
hash,2578991,78451448,9662551
hash,2578992,137422173976,17177627867
hash,2578993,1175616,3072
hash,2578994,78451448,9662551
hash,2578995,1175649,3076
hash,2578996,137422173992,17177627869
hash,2578997,81812584,10082693
hash,2578998,137422174008,17177627871
hash,2578999,137422174016,17177627872
hash,2579000,137422174024,17177627873
hash,2579001,137422174032,17177627874
hash,2579002,137422174040,17177627875
hash,2579003,137422174048,17177627876
hash,2579004,137422174056,17177627877
hash,2579005,137422174064,17177627878
hash,2579006,137422174072,17177627879
hash,2579007,137422174080,17177627880
hash,2579008,137422174088,17177627881
hash,2579009,137422174104,17177627883
hash,2579010,1175312,3034
hash,2579011,67458448,8288426
hash,2579012,67458440,8288425
hash,2579013,78468008,9664621
hash,2579014,81812584,10082693
hash,2579015,78471112,9665009
hash,2579016,1175616,3072
hash,2579017,78451448,9662551
hash,2579018,1175840,3100
hash,2579019,1175656,3077
hash,2579020,137422173920,17177627860
hash,2579021,137422173928,17177627861
hash,2579022,137422173936,17177627862
hash,2579023,137422173944,17177627863
hash,2579024,137422174000,17177627870
hash,2579025,1175616,3072
hash,2579026,78451448,9662551
hash,2579027,1175640,3075
hash,2579028,1175856,3102
hash,2579029,137422173992,17177627869
hash,2579030,78474848,9665476
hash,2579031,78445160,9661765
hash,2579032,78474912,9665484
hash,2579033,78470296,9664907
hash,2579034,80795072,9955504
hash,2579035,81812560,10082690
hash,2579036,80795208,9955521
hash,2579037,80822336,9958912
hash,2579038,80799512,9956059
hash,2579039,137422173880,17177627855
hash,2579040,80795264,9955528
hash,2579041,80795288,9955531
hash,2579042,137422173880,17177627855
hash,2579043,80785512,9954309
hash,2579044,80795112,9955509
hash,2579045,80795072,9955504
hash,2579046,80795120,9955510
hash,2579047,80788400,9954670
hash,2579048,67458460,8288427
hash,2579049,67458456,8288427
hash,2579050,137422173784,17177627843
hash,2579051,137422173800,17177627845
hash,2579052,137422173816,17177627847
hash,2579053,137422173824,17177627848
hash,2579054,137422173832,17177627849
hash,2579055,137422173840,17177627850
hash,2579056,137422173848,17177627851
hash,2579057,137422173856,17177627852
hash,2579058,137422173864,17177627853
hash,2579059,80795072,9955504
hash,2579060,80795208,9955521
hash,2579061,80822336,9958912
hash,2579062,80799508,9956058
hash,2579063,137422173896,17177627857
hash,2579064,137422173904,17177627858
hash,2579065,137422173912,17177627859
hash,2579066,137422173920,17177627860
hash,2579067,137422173928,17177627861
hash,2579068,137422173936,17177627862
hash,2579069,137422173944,17177627863
hash,2579070,1175616,3072
hash,2579071,78451448,9662551
hash,2579072,137422174008,17177627871
hash,2579073,1175616,3072
hash,2579074,78451448,9662551
hash,2579075,1175649,3076
hash,2579076,137422174024,17177627873
hash,2579077,81812584,10082693
hash,2579078,137422174040,17177627875
hash,2579079,137422174048,17177627876
hash,2579080,137422174056,17177627877
hash,2579081,137422174064,17177627878
hash,2579082,137422174072,17177627879
hash,2579083,137422174080,17177627880
hash,2579084,137422174088,17177627881
hash,2579085,1175328,3036
hash,2579086,78466192,9664394
hash,2579087,1151784,93
hash,2579088,137422174056,17177627877
hash,2579089,78468008,9664621
hash,2579090,81812584,10082693
hash,2579091,78471112,9665009
hash,2579092,1175616,3072
hash,2579093,78451448,9662551
hash,2579094,1175840,3100
hash,2579095,1175656,3077
hash,2579096,137422173888,17177627856
hash,2579097,137422173896,17177627857
hash,2579098,137422173904,17177627858
hash,2579099,137422173912,17177627859
hash,2579100,137422173968,17177627866
hash,2579101,1175616,3072
hash,2579102,78451448,9662551
hash,2579103,1175640,3075
hash,2579104,1175856,3102
hash,2579105,137422173960,17177627865
hash,2579106,78474848,9665476
hash,2579107,78445160,9661765
hash,2579108,78474912,9665484
hash,2579109,78470296,9664907
hash,2579110,80795072,9955504
hash,2579111,81812560,10082690
hash,2579112,80795208,9955521
hash,2579113,80822336,9958912
hash,2579114,80799512,9956059
hash,2579115,137422173848,17177627851
hash,2579116,80795264,9955528
hash,2579117,80795288,9955531
hash,2579118,137422173848,17177627851
hash,2579119,80785512,9954309
hash,2579120,80795112,9955509
hash,2579121,80795072,9955504
hash,2579122,80795120,9955510
hash,2579123,80788400,9954670
hash,2579124,1151784,93
hash,2579125,137422173752,17177627839
hash,2579126,137422173768,17177627841
hash,2579127,137422173784,17177627843
hash,2579128,137422173792,17177627844
hash,2579129,137422173800,17177627845
hash,2579130,137422173808,17177627846
hash,2579131,137422173816,17177627847
hash,2579132,137422173824,17177627848
hash,2579133,137422173832,17177627849
hash,2579134,80795072,9955504
hash,2579135,80795208,9955521
hash,2579136,80822336,9958912
hash,2579137,80799508,9956058
hash,2579138,137422173864,17177627853
hash,2579139,137422173872,17177627854
hash,2579140,137422173880,17177627855
hash,2579141,137422173888,17177627856
hash,2579142,137422173896,17177627857
hash,2579143,137422173904,17177627858
hash,2579144,137422173912,17177627859
hash,2579145,1175616,3072
hash,2579146,78451448,9662551
hash,2579147,137422173976,17177627867
hash,2579148,1175616,3072
hash,2579149,78451448,9662551
hash,2579150,1175649,3076
hash,2579151,137422173992,17177627869
hash,2579152,81812584,10082693
hash,2579153,137422174008,17177627871
hash,2579154,137422174016,17177627872
hash,2579155,137422174024,17177627873
hash,2579156,137422174032,17177627874
hash,2579157,137422174040,17177627875
hash,2579158,137422174048,17177627876
hash,2579159,137422174056,17177627877
hash,2579160,137422174064,17177627878
hash,2579161,137422174072,17177627879
hash,2579162,137422174080,17177627880
hash,2579163,137422174088,17177627881
hash,2579164,137422174104,17177627883
hash,2579165,1175312,3034
hash,2579166,67458480,8288430
hash,2579167,67458472,8288429
hash,2579168,78468008,9664621
hash,2579169,81812584,10082693
hash,2579170,78471112,9665009
hash,2579171,1175616,3072
hash,2579172,78451448,9662551
hash,2579173,1175840,3100
hash,2579174,1175656,3077
hash,2579175,137422173920,17177627860
hash,2579176,137422173928,17177627861
hash,2579177,137422173936,17177627862
hash,2579178,137422173944,17177627863
hash,2579179,137422174000,17177627870
hash,2579180,1175616,3072
hash,2579181,78451448,9662551
hash,2579182,1175640,3075
hash,2579183,1175856,3102
hash,2579184,137422173992,17177627869
hash,2579185,78474848,9665476
hash,2579186,78445160,9661765
hash,2579187,78474912,9665484
hash,2579188,78470296,9664907
hash,2579189,80795072,9955504
hash,2579190,81812560,10082690
hash,2579191,80795208,9955521
hash,2579192,80822336,9958912
hash,2579193,80799512,9956059
hash,2579194,137422173880,17177627855
hash,2579195,80795264,9955528
hash,2579196,80795288,9955531
hash,2579197,137422173880,17177627855
hash,2579198,80785512,9954309
hash,2579199,80795112,9955509
hash,2579200,80795072,9955504
hash,2579201,80795120,9955510
hash,2579202,80788400,9954670
hash,2579203,67458488,8288431
hash,2579204,67458488,8288431
hash,2579205,137422173784,17177627843
hash,2579206,137422173800,17177627845
hash,2579207,137422173816,17177627847
hash,2579208,137422173824,17177627848
hash,2579209,137422173832,17177627849
hash,2579210,137422173840,17177627850
hash,2579211,137422173848,17177627851
hash,2579212,137422173856,17177627852
hash,2579213,137422173864,17177627853
hash,2579214,80795072,9955504
hash,2579215,80795208,9955521
hash,2579216,80822336,9958912
hash,2579217,80799508,9956058
hash,2579218,137422173896,17177627857
hash,2579219,137422173904,17177627858
hash,2579220,137422173912,17177627859
hash,2579221,137422173920,17177627860
hash,2579222,137422173928,17177627861
hash,2579223,137422173936,17177627862
hash,2579224,137422173944,17177627863
hash,2579225,1175616,3072
hash,2579226,78451448,9662551
hash,2579227,137422174008,17177627871
hash,2579228,1175616,3072
hash,2579229,78451448,9662551
hash,2579230,1175649,3076
hash,2579231,137422174024,17177627873
hash,2579232,81812584,10082693
hash,2579233,137422174040,17177627875
hash,2579234,137422174048,17177627876
hash,2579235,137422174056,17177627877
hash,2579236,137422174064,17177627878
hash,2579237,137422174072,17177627879
hash,2579238,137422174080,17177627880
hash,2579239,137422174088,17177627881
hash,2579240,1175328,3036
hash,2579241,78466192,9664394
hash,2579242,1151784,93
hash,2579243,137422174056,17177627877
hash,2579244,78468008,9664621
hash,2579245,81812584,10082693
hash,2579246,78471112,9665009
hash,2579247,1175616,3072
hash,2579248,78451448,9662551
hash,2579249,1175840,3100
hash,2579250,1175656,3077
hash,2579251,137422173888,17177627856
hash,2579252,137422173896,17177627857
hash,2579253,137422173904,17177627858
hash,2579254,137422173912,17177627859
hash,2579255,137422173968,17177627866
hash,2579256,1175616,3072
hash,2579257,78451448,9662551
hash,2579258,1175640,3075
hash,2579259,1175856,3102
hash,2579260,137422173960,17177627865
hash,2579261,78474848,9665476
hash,2579262,78445160,9661765
hash,2579263,78474912,9665484
hash,2579264,78470296,9664907
hash,2579265,80795072,9955504
hash,2579266,81812560,10082690
hash,2579267,80795208,9955521
hash,2579268,80822336,9958912
hash,2579269,80799512,9956059
hash,2579270,137422173848,17177627851
hash,2579271,80795264,9955528
hash,2579272,80795288,9955531
hash,2579273,137422173848,17177627851
hash,2579274,80785512,9954309
hash,2579275,80795112,9955509
hash,2579276,80795072,9955504
hash,2579277,80795120,9955510
hash,2579278,80788400,9954670
hash,2579279,1151784,93
hash,2579280,137422173752,17177627839
hash,2579281,137422173768,17177627841
hash,2579282,137422173784,17177627843
hash,2579283,137422173792,17177627844
hash,2579284,137422173800,17177627845
hash,2579285,137422173808,17177627846
hash,2579286,137422173816,17177627847
hash,2579287,137422173824,17177627848
hash,2579288,137422173832,17177627849
hash,2579289,80795072,9955504
hash,2579290,80795208,9955521
hash,2579291,80822336,9958912
hash,2579292,80799508,9956058
hash,2579293,137422173864,17177627853
hash,2579294,137422173872,17177627854
hash,2579295,137422173880,17177627855
hash,2579296,137422173888,17177627856
hash,2579297,137422173896,17177627857
hash,2579298,137422173904,17177627858
hash,2579299,137422173912,17177627859
hash,2579300,1175616,3072
hash,2579301,78451448,9662551
hash,2579302,137422173976,17177627867
hash,2579303,1175616,3072
hash,2579304,78451448,9662551
hash,2579305,1175649,3076
hash,2579306,137422173992,17177627869
hash,2579307,81812584,10082693
hash,2579308,137422174008,17177627871
hash,2579309,137422174016,17177627872
hash,2579310,137422174024,17177627873
hash,2579311,137422174032,17177627874
hash,2579312,137422174040,17177627875
hash,2579313,137422174048,17177627876
hash,2579314,137422174056,17177627877
hash,2579315,137422174064,17177627878
hash,2579316,137422174072,17177627879
hash,2579317,137422174080,17177627880
hash,2579318,137422174088,17177627881
hash,2579319,137422174104,17177627883
hash,2579320,1175312,3034
hash,2579321,67458512,8288434
hash,2579322,67458504,8288433
hash,2579323,78468008,9664621
hash,2579324,81812584,10082693
hash,2579325,78471112,9665009
hash,2579326,1175616,3072
hash,2579327,78451448,9662551
hash,2579328,1175840,3100
hash,2579329,1175656,3077
hash,2579330,137422173920,17177627860
hash,2579331,137422173928,17177627861
hash,2579332,137422173936,17177627862
hash,2579333,137422173944,17177627863
hash,2579334,137422174000,17177627870
hash,2579335,1175616,3072
hash,2579336,78451448,9662551
hash,2579337,1175640,3075
hash,2579338,1175856,3102
hash,2579339,137422173992,17177627869
hash,2579340,78474848,9665476
hash,2579341,78445160,9661765
hash,2579342,78474912,9665484
hash,2579343,78470296,9664907
hash,2579344,80795072,9955504
hash,2579345,81812560,10082690
hash,2579346,80795208,9955521
hash,2579347,80822336,9958912
hash,2579348,80799512,9956059
hash,2579349,137422173880,17177627855
hash,2579350,80795264,9955528
hash,2579351,80795288,9955531
hash,2579352,137422173880,17177627855
hash,2579353,80785512,9954309
hash,2579354,80795112,9955509
hash,2579355,80795072,9955504
hash,2579356,80795120,9955510
hash,2579357,80788400,9954670
hash,2579358,67458522,8288435
hash,2579359,67458520,8288435
hash,2579360,137422173784,17177627843
hash,2579361,137422173800,17177627845
hash,2579362,137422173816,17177627847
hash,2579363,137422173824,17177627848
hash,2579364,137422173832,17177627849
hash,2579365,137422173840,17177627850
hash,2579366,137422173848,17177627851
hash,2579367,137422173856,17177627852
hash,2579368,137422173864,17177627853
hash,2579369,80795072,9955504
hash,2579370,80795208,9955521
hash,2579371,80822336,9958912
hash,2579372,80799508,9956058
hash,2579373,137422173896,17177627857
hash,2579374,137422173904,17177627858
hash,2579375,137422173912,17177627859
hash,2579376,137422173920,17177627860
hash,2579377,137422173928,17177627861
hash,2579378,137422173936,17177627862
hash,2579379,137422173944,17177627863
hash,2579380,1175616,3072
hash,2579381,78451448,9662551
hash,2579382,137422174008,17177627871
hash,2579383,1175616,3072
hash,2579384,78451448,9662551
hash,2579385,1175649,3076
hash,2579386,137422174024,17177627873
hash,2579387,81812584,10082693
hash,2579388,137422174040,17177627875
hash,2579389,137422174048,17177627876
hash,2579390,137422174056,17177627877
hash,2579391,137422174064,17177627878
hash,2579392,137422174072,17177627879
hash,2579393,137422174080,17177627880
hash,2579394,137422174088,17177627881
hash,2579395,1175368,3041
hash,2579396,1175616,3072
hash,2579397,78451448,9662551
hash,2579398,1175640,3075
hash,2579399,137422174060,17177627877
hash,2579400,78464656,9664202
hash,2579401,81812584,10082693
hash,2579402,78471112,9665009
hash,2579403,1175616,3072
hash,2579404,78451448,9662551
hash,2579405,1175840,3100
hash,2579406,1175656,3077
hash,2579407,137422173936,17177627862
hash,2579408,137422173944,17177627863
hash,2579409,137422173952,17177627864
hash,2579410,137422173960,17177627865
hash,2579411,137422173968,17177627866
hash,2579412,1175616,3072
hash,2579413,78451448,9662551
hash,2579414,1175856,3102
hash,2579415,78474888,9665481
hash,2579416,78474896,9665482
hash,2579417,78474848,9665476
hash,2579418,78445168,9661766
hash,2579419,78474912,9665484
hash,2579420,78468040,9664625
hash,2579421,80795188,9955518
hash,2579422,80795112,9955509
hash,2579423,80795120,9955510
hash,2579424,137422173928,17177627861
hash,2579425,137422173936,17177627862
hash,2579426,137422173944,17177627863
hash,2579427,137422173952,17177627864
hash,2579428,137422173960,17177627865
hash,2579429,137422173976,17177627867
hash,2579430,1175616,3072
hash,2579431,78451448,9662551
hash,2579432,1175649,3076
hash,2579433,137422173992,17177627869
hash,2579434,81812584,10082693
hash,2579435,137422174008,17177627871
hash,2579436,137422174016,17177627872
hash,2579437,137422174024,17177627873
hash,2579438,137422174032,17177627874
hash,2579439,137422174040,17177627875
hash,2579440,137422174072,17177627879
hash,2579441,137422174080,17177627880
hash,2579442,137422174088,17177627881
hash,2579443,137422174112,17177627884
hash,2579444,137422174120,17177627885
hash,2579445,137422174136,17177627887
hash,2579446,137422174156,17177627889
hash,2579447,137422174072,17177627879
hash,2579448,137422174068,17177627878
hash,2579449,137422174040,17177627875
hash,2579450,137422174728,17177627961
hash,2579451,137422174036,17177627874
hash,2579452,137422174048,17177627876
hash,2579453,137422174056,17177627877
hash,2579454,137422174088,17177627881
hash,2579455,137422174040,17177627875
hash,2579456,67443356,8286539
hash,2579457,137422174048,17177627876
hash,2579458,137422174056,17177627877
hash,2579459,137422174104,17177627883
hash,2579460,137422174112,17177627884
hash,2579461,137422174120,17177627885
hash,2579462,137422174104,17177627883
hash,2579463,137422174072,17177627879
hash,2579464,137422174188,17177627893
hash,2579465,137422174080,17177627880
hash,2579466,137422174088,17177627881
hash,2579467,137422174112,17177627884
hash,2579468,137422174120,17177627885
hash,2579469,137422174152,17177627889
hash,2579470,137422174152,17177627889
hash,2579471,137422174104,17177627883
hash,2579472,137422174100,17177627882
hash,2579473,137422174072,17177627879
hash,2579474,137422174176,17177627892
hash,2579475,137422174068,17177627878
hash,2579476,137422174080,17177627880
hash,2579477,137422174088,17177627881
hash,2579478,67530128,8297386
hash,2579479,137422174112,17177627884
hash,2579480,137422174120,17177627885
hash,2579481,137422174136,17177627887
hash,2579482,137422174156,17177627889
hash,2579483,137422174104,17177627883
hash,2579484,137422174320,17177627910
hash,2579485,137422174100,17177627882
hash,2579486,137422174112,17177627884
hash,2579487,137422174120,17177627885
hash,2579488,137422174152,17177627889
hash,2579489,1175328,3036
hash,2579490,78466192,9664394
hash,2579491,1151760,90
hash,2579492,137422174056,17177627877
hash,2579493,78468008,9664621
hash,2579494,81812584,10082693
hash,2579495,78471112,9665009
hash,2579496,1175616,3072
hash,2579497,78451448,9662551
hash,2579498,1175840,3100
hash,2579499,1175656,3077
hash,2579500,137422173888,17177627856
hash,2579501,137422173896,17177627857
hash,2579502,137422173904,17177627858
hash,2579503,137422173912,17177627859
hash,2579504,137422173968,17177627866
hash,2579505,1175616,3072
hash,2579506,78451448,9662551
hash,2579507,1175640,3075
hash,2579508,1175856,3102
hash,2579509,137422173960,17177627865
hash,2579510,78474848,9665476
hash,2579511,78445160,9661765
hash,2579512,78474912,9665484
hash,2579513,78470296,9664907
hash,2579514,80795072,9955504
hash,2579515,81812560,10082690
hash,2579516,80795208,9955521
hash,2579517,80822336,9958912
hash,2579518,80799512,9956059
hash,2579519,137422173848,17177627851
hash,2579520,80795264,9955528
hash,2579521,80795288,9955531
hash,2579522,137422173848,17177627851
hash,2579523,80785512,9954309
hash,2579524,80795112,9955509
hash,2579525,80795072,9955504
hash,2579526,80795120,9955510
hash,2579527,80788400,9954670
hash,2579528,1151765,90
hash,2579529,1151760,90
hash,2579530,137422173752,17177627839
hash,2579531,137422173768,17177627841
hash,2579532,137422173784,17177627843
hash,2579533,137422173792,17177627844
hash,2579534,137422173800,17177627845
hash,2579535,137422173808,17177627846
hash,2579536,137422173816,17177627847
hash,2579537,137422173824,17177627848
hash,2579538,137422173832,17177627849
hash,2579539,80795072,9955504
hash,2579540,80795208,9955521
hash,2579541,80822336,9958912
hash,2579542,80799508,9956058
hash,2579543,137422173864,17177627853
hash,2579544,137422173872,17177627854
hash,2579545,137422173880,17177627855
hash,2579546,137422173888,17177627856
hash,2579547,137422173896,17177627857
hash,2579548,137422173904,17177627858
hash,2579549,137422173912,17177627859
hash,2579550,1175616,3072
hash,2579551,78451448,9662551
hash,2579552,137422173976,17177627867
hash,2579553,1175616,3072
hash,2579554,78451448,9662551
hash,2579555,1175649,3076
hash,2579556,137422173992,17177627869
hash,2579557,81812584,10082693
hash,2579558,137422174008,17177627871
hash,2579559,137422174016,17177627872
hash,2579560,137422174024,17177627873
hash,2579561,137422174032,17177627874
hash,2579562,137422174040,17177627875
hash,2579563,137422174048,17177627876
hash,2579564,137422174056,17177627877
hash,2579565,137422174064,17177627878
hash,2579566,137422174072,17177627879
hash,2579567,137422174080,17177627880
hash,2579568,137422174088,17177627881
hash,2579569,137422174100,17177627882
hash,2579570,1175480,3055
hash,2579571,1175616,3072
hash,2579572,78451448,9662551
hash,2579573,1175648,3076
hash,2579574,78465144,9664263
hash,2579575,81812584,10082693
hash,2579576,78471112,9665009
hash,2579577,1175616,3072
hash,2579578,78451448,9662551
hash,2579579,1175840,3100
hash,2579580,1175656,3077
hash,2579581,137422173952,17177627864
hash,2579582,137422173960,17177627865
hash,2579583,137422173968,17177627866
hash,2579584,137422173976,17177627867
hash,2579585,137422174000,17177627870
hash,2579586,1175616,3072
hash,2579587,78451448,9662551
hash,2579588,1175872,3104
hash,2579589,1175849,3101
hash,2579590,1175848,3101
hash,2579591,1175856,3102
hash,2579592,78481840,9666350
hash,2579593,78450064,9662378
hash,2579594,78468136,9664637
hash,2579595,81812584,10082693
hash,2579596,78461464,9663803
hash,2579597,78465560,9664315
hash,2579598,78485512,9666809
hash,2579599,137422173800,17177627845
hash,2579600,1175832,3099
hash,2579601,78483480,9666555
hash,2579602,78482784,9666468
hash,2579603,137422173808,17177627846
hash,2579604,137422173816,17177627847
hash,2579605,137422173824,17177627848
hash,2579606,137422173832,17177627849
hash,2579607,137422173840,17177627850
hash,2579608,137422173848,17177627851
hash,2579609,1175648,3076
hash,2579610,78479765,9666090
hash,2579611,78479759,9666089
hash,2579612,137422173800,17177627845
hash,2579613,137422173880,17177627855
hash,2579614,137422173896,17177627857
hash,2579615,137422173895,17177627856
hash,2579616,78479712,9666084
hash,2579617,1175640,3075
hash,2579618,78474848,9665476
hash,2579619,78445160,9661765
hash,2579620,78474912,9665484
hash,2579621,78470296,9664907
hash,2579622,80795072,9955504
hash,2579623,81812560,10082690
hash,2579624,80795208,9955521
hash,2579625,80822336,9958912
hash,2579626,80799512,9956059
hash,2579627,137422173736,17177627837
hash,2579628,80795264,9955528
hash,2579629,80795288,9955531
hash,2579630,137422173736,17177627837
hash,2579631,80785512,9954309
hash,2579632,80795112,9955509
hash,2579633,80795072,9955504
hash,2579634,80795120,9955510
hash,2579635,80788400,9954670
hash,2579636,137422173846,17177627850
hash,2579637,137422173846,17177627850
hash,2579638,137422173640,17177627825
hash,2579639,137422173656,17177627827
hash,2579640,137422173672,17177627829
hash,2579641,137422173680,17177627830
hash,2579642,137422173688,17177627831
hash,2579643,137422173696,17177627832
hash,2579644,137422173704,17177627833
hash,2579645,137422173712,17177627834
hash,2579646,137422173720,17177627835
hash,2579647,80795072,9955504
hash,2579648,80795208,9955521
hash,2579649,80822336,9958912
hash,2579650,80799508,9956058
hash,2579651,137422173752,17177627839
hash,2579652,137422173760,17177627840
hash,2579653,137422173768,17177627841
hash,2579654,137422173776,17177627842
hash,2579655,137422173784,17177627843
hash,2579656,137422173792,17177627844
hash,2579657,137422173800,17177627845
hash,2579658,137422173912,17177627859
hash,2579659,81812584,10082693
hash,2579660,137422173928,17177627861
hash,2579661,137422173936,17177627862
hash,2579662,137422173944,17177627863
hash,2579663,137422173952,17177627864
hash,2579664,137422173960,17177627865
hash,2579665,137422173968,17177627866
hash,2579666,137422173976,17177627867
hash,2579667,137422174008,17177627871
hash,2579668,1175616,3072
hash,2579669,78451448,9662551
hash,2579670,1175649,3076
hash,2579671,137422174024,17177627873
hash,2579672,81812584,10082693
hash,2579673,137422174040,17177627875
hash,2579674,137422174048,17177627876
hash,2579675,137422174056,17177627877
hash,2579676,137422174064,17177627878
hash,2579677,137422174072,17177627879
hash,2579678,137422174080,17177627880
hash,2579679,137422174088,17177627881
hash,2579680,1175328,3036
hash,2579681,78466192,9664394
hash,2579682,1151774,91
hash,2579683,137422174056,17177627877
hash,2579684,78468008,9664621
hash,2579685,81812584,10082693
hash,2579686,78471112,9665009
hash,2579687,1175616,3072
hash,2579688,78451448,9662551
hash,2579689,1175840,3100
hash,2579690,1175656,3077
hash,2579691,137422173888,17177627856
hash,2579692,137422173896,17177627857
hash,2579693,137422173904,17177627858
hash,2579694,137422173912,17177627859
hash,2579695,137422173968,17177627866
hash,2579696,1175616,3072
hash,2579697,78451448,9662551
hash,2579698,1175640,3075
hash,2579699,1175856,3102
hash,2579700,137422173960,17177627865
hash,2579701,78474848,9665476
hash,2579702,78445160,9661765
hash,2579703,78474912,9665484
hash,2579704,78470296,9664907
hash,2579705,80795072,9955504
hash,2579706,81812560,10082690
hash,2579707,80795208,9955521
hash,2579708,80822336,9958912
hash,2579709,80799512,9956059
hash,2579710,137422173848,17177627851
hash,2579711,80795264,9955528
hash,2579712,80795288,9955531
hash,2579713,137422173848,17177627851
hash,2579714,80785512,9954309
hash,2579715,80795112,9955509
hash,2579716,80795072,9955504
hash,2579717,80795120,9955510
hash,2579718,80788400,9954670
hash,2579719,1151775,91
hash,2579720,1151774,91
hash,2579721,137422173752,17177627839
hash,2579722,137422173768,17177627841
hash,2579723,137422173784,17177627843
hash,2579724,137422173792,17177627844
hash,2579725,137422173800,17177627845
hash,2579726,137422173808,17177627846
hash,2579727,137422173816,17177627847
hash,2579728,137422173824,17177627848
hash,2579729,137422173832,17177627849
hash,2579730,80795072,9955504
hash,2579731,80795208,9955521
hash,2579732,80822336,9958912
hash,2579733,80799508,9956058
hash,2579734,137422173864,17177627853
hash,2579735,137422173872,17177627854
hash,2579736,137422173880,17177627855
hash,2579737,137422173888,17177627856
hash,2579738,137422173896,17177627857
hash,2579739,137422173904,17177627858
hash,2579740,137422173912,17177627859
hash,2579741,1175616,3072
hash,2579742,78451448,9662551
hash,2579743,137422173976,17177627867
hash,2579744,1175616,3072
hash,2579745,78451448,9662551
hash,2579746,1175649,3076
hash,2579747,137422173992,17177627869
hash,2579748,81812584,10082693
hash,2579749,137422174008,17177627871
hash,2579750,137422174016,17177627872
hash,2579751,137422174024,17177627873
hash,2579752,137422174032,17177627874
hash,2579753,137422174040,17177627875
hash,2579754,137422174048,17177627876
hash,2579755,137422174056,17177627877
hash,2579756,137422174064,17177627878
hash,2579757,137422174072,17177627879
hash,2579758,137422174080,17177627880
hash,2579759,137422174088,17177627881
hash,2579760,137422174104,17177627883
hash,2579761,67458536,8288437
hash,2579762,1175480,3055
hash,2579763,1175616,3072
hash,2579764,78451448,9662551
hash,2579765,1175648,3076
hash,2579766,78465144,9664263
hash,2579767,81812584,10082693
hash,2579768,78471112,9665009
hash,2579769,1175616,3072
hash,2579770,78451448,9662551
hash,2579771,1175840,3100
hash,2579772,1175656,3077
hash,2579773,137422173952,17177627864
hash,2579774,137422173960,17177627865
hash,2579775,137422173968,17177627866
hash,2579776,137422173976,17177627867
hash,2579777,137422174000,17177627870
hash,2579778,1175616,3072
hash,2579779,78451448,9662551
hash,2579780,1175872,3104
hash,2579781,1175849,3101
hash,2579782,1175848,3101
hash,2579783,1175856,3102
hash,2579784,78481840,9666350
hash,2579785,78450064,9662378
hash,2579786,78468136,9664637
hash,2579787,81812584,10082693
hash,2579788,78461464,9663803
hash,2579789,78465560,9664315
hash,2579790,78485512,9666809
hash,2579791,137422173800,17177627845
hash,2579792,1175832,3099
hash,2579793,78483480,9666555
hash,2579794,78482784,9666468
hash,2579795,137422173808,17177627846
hash,2579796,137422173816,17177627847
hash,2579797,137422173824,17177627848
hash,2579798,137422173832,17177627849
hash,2579799,137422173840,17177627850
hash,2579800,137422173848,17177627851
hash,2579801,1175648,3076
hash,2579802,78479759,9666089
hash,2579803,78479763,9666090
hash,2579804,137422173800,17177627845
hash,2579805,137422173880,17177627855
hash,2579806,137422173896,17177627857
hash,2579807,137422173895,17177627856
hash,2579808,78479712,9666084
hash,2579809,1175640,3075
hash,2579810,78474848,9665476
hash,2579811,78445160,9661765
hash,2579812,78474912,9665484
hash,2579813,78470296,9664907
hash,2579814,80795072,9955504
hash,2579815,81812560,10082690
hash,2579816,80795208,9955521
hash,2579817,80822336,9958912
hash,2579818,80799512,9956059
hash,2579819,137422173736,17177627837
hash,2579820,80795264,9955528
hash,2579821,80795288,9955531
hash,2579822,137422173736,17177627837
hash,2579823,80785512,9954309
hash,2579824,80795112,9955509
hash,2579825,80795072,9955504
hash,2579826,80795120,9955510
hash,2579827,80788400,9954670
hash,2579828,137422173846,17177627850
hash,2579829,137422173846,17177627850
hash,2579830,137422173640,17177627825
hash,2579831,137422173656,17177627827
hash,2579832,137422173672,17177627829
hash,2579833,137422173680,17177627830
hash,2579834,137422173688,17177627831
hash,2579835,137422173696,17177627832
hash,2579836,137422173704,17177627833
hash,2579837,137422173712,17177627834
hash,2579838,137422173720,17177627835
hash,2579839,80795072,9955504
hash,2579840,80795208,9955521
hash,2579841,80822336,9958912
hash,2579842,80799508,9956058
hash,2579843,137422173752,17177627839
hash,2579844,137422173760,17177627840
hash,2579845,137422173768,17177627841
hash,2579846,137422173776,17177627842
hash,2579847,137422173784,17177627843
hash,2579848,137422173792,17177627844
hash,2579849,137422173800,17177627845
hash,2579850,137422173912,17177627859
hash,2579851,81812584,10082693
hash,2579852,137422173928,17177627861
hash,2579853,137422173936,17177627862
hash,2579854,137422173944,17177627863
hash,2579855,137422173952,17177627864
hash,2579856,137422173960,17177627865
hash,2579857,137422173968,17177627866
hash,2579858,137422173976,17177627867
hash,2579859,137422174008,17177627871
hash,2579860,1175616,3072
hash,2579861,78451448,9662551
hash,2579862,1175649,3076
hash,2579863,137422174024,17177627873
hash,2579864,81812584,10082693
hash,2579865,137422174040,17177627875
hash,2579866,137422174048,17177627876
hash,2579867,137422174056,17177627877
hash,2579868,137422174064,17177627878
hash,2579869,137422174072,17177627879
hash,2579870,137422174080,17177627880
hash,2579871,137422174088,17177627881
hash,2579872,1175328,3036
hash,2579873,78466192,9664394
hash,2579874,1151784,93
hash,2579875,137422174056,17177627877
hash,2579876,78468008,9664621
hash,2579877,81812584,10082693
hash,2579878,78471112,9665009
hash,2579879,1175616,3072
hash,2579880,78451448,9662551
hash,2579881,1175840,3100
hash,2579882,1175656,3077
hash,2579883,137422173888,17177627856
hash,2579884,137422173896,17177627857
hash,2579885,137422173904,17177627858
hash,2579886,137422173912,17177627859
hash,2579887,137422173968,17177627866
hash,2579888,1175616,3072
hash,2579889,78451448,9662551
hash,2579890,1175640,3075
hash,2579891,1175856,3102
hash,2579892,137422173960,17177627865
hash,2579893,78474848,9665476
hash,2579894,78445160,9661765
hash,2579895,78474912,9665484
hash,2579896,78470296,9664907
hash,2579897,80795072,9955504
hash,2579898,81812560,10082690
hash,2579899,80795208,9955521
hash,2579900,80822336,9958912
hash,2579901,80799512,9956059
hash,2579902,137422173848,17177627851
hash,2579903,80795264,9955528
hash,2579904,80795288,9955531
hash,2579905,137422173848,17177627851
hash,2579906,80785512,9954309
hash,2579907,80795112,9955509
hash,2579908,80795072,9955504
hash,2579909,80795120,9955510
hash,2579910,80788400,9954670
hash,2579911,1151784,93
hash,2579912,137422173752,17177627839
hash,2579913,137422173768,17177627841
hash,2579914,137422173784,17177627843
hash,2579915,137422173792,17177627844
hash,2579916,137422173800,17177627845
hash,2579917,137422173808,17177627846
hash,2579918,137422173816,17177627847
hash,2579919,137422173824,17177627848
hash,2579920,137422173832,17177627849
hash,2579921,80795072,9955504
hash,2579922,80795208,9955521
hash,2579923,80822336,9958912
hash,2579924,80799508,9956058
hash,2579925,137422173864,17177627853
hash,2579926,137422173872,17177627854
hash,2579927,137422173880,17177627855
hash,2579928,137422173888,17177627856
hash,2579929,137422173896,17177627857
hash,2579930,137422173904,17177627858
hash,2579931,137422173912,17177627859
hash,2579932,1175616,3072
hash,2579933,78451448,9662551
hash,2579934,137422173976,17177627867
hash,2579935,1175616,3072
hash,2579936,78451448,9662551
hash,2579937,1175649,3076
hash,2579938,137422173992,17177627869
hash,2579939,81812584,10082693
hash,2579940,137422174008,17177627871
hash,2579941,137422174016,17177627872
hash,2579942,137422174024,17177627873
hash,2579943,137422174032,17177627874
hash,2579944,137422174040,17177627875
hash,2579945,137422174048,17177627876
hash,2579946,137422174056,17177627877
hash,2579947,137422174064,17177627878
hash,2579948,137422174072,17177627879
hash,2579949,137422174080,17177627880
hash,2579950,137422174088,17177627881
hash,2579951,137422174104,17177627883
hash,2579952,1175312,3034
hash,2579953,67458552,8288439
hash,2579954,67458544,8288438
hash,2579955,78468008,9664621
hash,2579956,81812584,10082693
hash,2579957,78471112,9665009
hash,2579958,1175616,3072
hash,2579959,78451448,9662551
hash,2579960,1175840,3100
hash,2579961,1175656,3077
hash,2579962,137422173920,17177627860
hash,2579963,137422173928,17177627861
hash,2579964,137422173936,17177627862
hash,2579965,137422173944,17177627863
hash,2579966,137422174000,17177627870
hash,2579967,1175616,3072
hash,2579968,78451448,9662551
hash,2579969,1175640,3075
hash,2579970,1175856,3102
hash,2579971,137422173992,17177627869
hash,2579972,78474848,9665476
hash,2579973,78445160,9661765
hash,2579974,78474912,9665484
hash,2579975,78470296,9664907
hash,2579976,80795072,9955504
hash,2579977,81812560,10082690
hash,2579978,80795208,9955521
hash,2579979,80822336,9958912
hash,2579980,80799512,9956059
hash,2579981,137422173880,17177627855
hash,2579982,80795264,9955528
hash,2579983,80795288,9955531
hash,2579984,137422173880,17177627855
hash,2579985,80785512,9954309
hash,2579986,80795112,9955509
hash,2579987,80795072,9955504
hash,2579988,80795120,9955510
hash,2579989,80788400,9954670
hash,2579990,67458562,8288440
hash,2579991,67458560,8288440
hash,2579992,137422173784,17177627843
hash,2579993,137422173800,17177627845
hash,2579994,137422173816,17177627847
hash,2579995,137422173824,17177627848
hash,2579996,137422173832,17177627849
hash,2579997,137422173840,17177627850
hash,2579998,137422173848,17177627851
hash,2579999,137422173856,17177627852
hash,2580000,137422173864,17177627853
hash,2580001,80795072,9955504
hash,2580002,80795208,9955521
hash,2580003,80822336,9958912
hash,2580004,80799508,9956058
hash,2580005,137422173896,17177627857
hash,2580006,137422173904,17177627858
hash,2580007,137422173912,17177627859
hash,2580008,137422173920,17177627860
hash,2580009,137422173928,17177627861
hash,2580010,137422173936,17177627862
hash,2580011,137422173944,17177627863
hash,2580012,1175616,3072
hash,2580013,78451448,9662551
hash,2580014,137422174008,17177627871
hash,2580015,1175616,3072
hash,2580016,78451448,9662551
hash,2580017,1175649,3076
hash,2580018,137422174024,17177627873
hash,2580019,81812584,10082693
hash,2580020,137422174040,17177627875
hash,2580021,137422174048,17177627876
hash,2580022,137422174056,17177627877
hash,2580023,137422174064,17177627878
hash,2580024,137422174072,17177627879
hash,2580025,137422174080,17177627880
hash,2580026,137422174088,17177627881
hash,2580027,1175328,3036
hash,2580028,78466192,9664394
hash,2580029,1151784,93
hash,2580030,137422174056,17177627877
hash,2580031,78468008,9664621
hash,2580032,81812584,10082693
hash,2580033,78471112,9665009
hash,2580034,1175616,3072
hash,2580035,78451448,9662551
hash,2580036,1175840,3100
hash,2580037,1175656,3077
hash,2580038,137422173888,17177627856
hash,2580039,137422173896,17177627857
hash,2580040,137422173904,17177627858
hash,2580041,137422173912,17177627859
hash,2580042,137422173968,17177627866
hash,2580043,1175616,3072
hash,2580044,78451448,9662551
hash,2580045,1175640,3075
hash,2580046,1175856,3102
hash,2580047,137422173960,17177627865
hash,2580048,78474848,9665476
hash,2580049,78445160,9661765
hash,2580050,78474912,9665484
hash,2580051,78470296,9664907
hash,2580052,80795072,9955504
hash,2580053,81812560,10082690
hash,2580054,80795208,9955521
hash,2580055,80822336,9958912
hash,2580056,80799512,9956059
hash,2580057,137422173848,17177627851
hash,2580058,80795264,9955528
hash,2580059,80795288,9955531
hash,2580060,137422173848,17177627851
hash,2580061,80785512,9954309
hash,2580062,80795112,9955509
hash,2580063,80795072,9955504
hash,2580064,80795120,9955510
hash,2580065,80788400,9954670
hash,2580066,1151784,93
hash,2580067,137422173752,17177627839
hash,2580068,137422173768,17177627841
hash,2580069,137422173784,17177627843
hash,2580070,137422173792,17177627844
hash,2580071,137422173800,17177627845
hash,2580072,137422173808,17177627846
hash,2580073,137422173816,17177627847
hash,2580074,137422173824,17177627848
hash,2580075,137422173832,17177627849
hash,2580076,80795072,9955504
hash,2580077,80795208,9955521
hash,2580078,80822336,9958912
hash,2580079,80799508,9956058
hash,2580080,137422173864,17177627853
hash,2580081,137422173872,17177627854
hash,2580082,137422173880,17177627855
hash,2580083,137422173888,17177627856
hash,2580084,137422173896,17177627857
hash,2580085,137422173904,17177627858
hash,2580086,137422173912,17177627859
hash,2580087,1175616,3072
hash,2580088,78451448,9662551
hash,2580089,137422173976,17177627867
hash,2580090,1175616,3072
hash,2580091,78451448,9662551
hash,2580092,1175649,3076
hash,2580093,137422173992,17177627869
hash,2580094,81812584,10082693
hash,2580095,137422174008,17177627871
hash,2580096,137422174016,17177627872
hash,2580097,137422174024,17177627873
hash,2580098,137422174032,17177627874
hash,2580099,137422174040,17177627875
hash,2580100,137422174048,17177627876
hash,2580101,137422174056,17177627877
hash,2580102,137422174064,17177627878
hash,2580103,137422174072,17177627879
hash,2580104,137422174080,17177627880
hash,2580105,137422174088,17177627881
hash,2580106,137422174104,17177627883
hash,2580107,67458540,8288437
hash,2580108,1175480,3055
hash,2580109,1175616,3072
hash,2580110,78451448,9662551
hash,2580111,1175648,3076
hash,2580112,78465144,9664263
hash,2580113,81812584,10082693
hash,2580114,78471112,9665009
hash,2580115,1175616,3072
hash,2580116,78451448,9662551
hash,2580117,1175840,3100
hash,2580118,1175656,3077
hash,2580119,137422173952,17177627864
hash,2580120,137422173960,17177627865
hash,2580121,137422173968,17177627866
hash,2580122,137422173976,17177627867
hash,2580123,137422174000,17177627870
hash,2580124,1175616,3072
hash,2580125,78451448,9662551
hash,2580126,1175872,3104
hash,2580127,1175849,3101
hash,2580128,1175848,3101
hash,2580129,1175856,3102
hash,2580130,78481840,9666350
hash,2580131,78450064,9662378
hash,2580132,78468136,9664637
hash,2580133,81812584,10082693
hash,2580134,78461464,9663803
hash,2580135,78465560,9664315
hash,2580136,78485512,9666809
hash,2580137,137422173800,17177627845
hash,2580138,1175832,3099
hash,2580139,78483480,9666555
hash,2580140,78482784,9666468
hash,2580141,137422173808,17177627846
hash,2580142,137422173816,17177627847
hash,2580143,137422173824,17177627848
hash,2580144,137422173832,17177627849
hash,2580145,137422173840,17177627850
hash,2580146,137422173848,17177627851
hash,2580147,1175648,3076
hash,2580148,78479761,9666090
hash,2580149,78479764,9666090
hash,2580150,137422173800,17177627845
hash,2580151,137422173880,17177627855
hash,2580152,137422173896,17177627857
hash,2580153,137422173895,17177627856
hash,2580154,78479712,9666084
hash,2580155,1175640,3075
hash,2580156,78474848,9665476
hash,2580157,78445160,9661765
hash,2580158,78474912,9665484
hash,2580159,78470296,9664907
hash,2580160,80795072,9955504
hash,2580161,81812560,10082690
hash,2580162,80795208,9955521
hash,2580163,80822336,9958912
hash,2580164,80799512,9956059
hash,2580165,137422173736,17177627837
hash,2580166,80795264,9955528
hash,2580167,80795288,9955531
hash,2580168,137422173736,17177627837
hash,2580169,80785512,9954309
hash,2580170,80795112,9955509
hash,2580171,80795072,9955504
hash,2580172,80795120,9955510
hash,2580173,80788400,9954670
hash,2580174,137422173846,17177627850
hash,2580175,137422173846,17177627850
hash,2580176,137422173640,17177627825
hash,2580177,137422173656,17177627827
hash,2580178,137422173672,17177627829
hash,2580179,137422173680,17177627830
hash,2580180,137422173688,17177627831
hash,2580181,137422173696,17177627832
hash,2580182,137422173704,17177627833
hash,2580183,137422173712,17177627834
hash,2580184,137422173720,17177627835
hash,2580185,80795072,9955504
hash,2580186,80795208,9955521
hash,2580187,80822336,9958912
hash,2580188,80799508,9956058
hash,2580189,137422173752,17177627839
hash,2580190,137422173760,17177627840
hash,2580191,137422173768,17177627841
hash,2580192,137422173776,17177627842
hash,2580193,137422173784,17177627843
hash,2580194,137422173792,17177627844
hash,2580195,137422173800,17177627845
hash,2580196,137422173912,17177627859
hash,2580197,81812584,10082693
hash,2580198,137422173928,17177627861
hash,2580199,137422173936,17177627862
hash,2580200,137422173944,17177627863
hash,2580201,137422173952,17177627864
hash,2580202,137422173960,17177627865
hash,2580203,137422173968,17177627866
hash,2580204,137422173976,17177627867
hash,2580205,137422174008,17177627871
hash,2580206,1175616,3072
hash,2580207,78451448,9662551
hash,2580208,1175649,3076
hash,2580209,137422174024,17177627873
hash,2580210,81812584,10082693
hash,2580211,137422174040,17177627875
hash,2580212,137422174048,17177627876
hash,2580213,137422174056,17177627877
hash,2580214,137422174064,17177627878
hash,2580215,137422174072,17177627879
hash,2580216,137422174080,17177627880
hash,2580217,137422174088,17177627881
hash,2580218,1175328,3036
hash,2580219,78466192,9664394
hash,2580220,1151784,93
hash,2580221,137422174056,17177627877
hash,2580222,78468008,9664621
hash,2580223,81812584,10082693
hash,2580224,78471112,9665009
hash,2580225,1175616,3072
hash,2580226,78451448,9662551
hash,2580227,1175840,3100
hash,2580228,1175656,3077
hash,2580229,137422173888,17177627856
hash,2580230,137422173896,17177627857
hash,2580231,137422173904,17177627858
hash,2580232,137422173912,17177627859
hash,2580233,137422173968,17177627866
hash,2580234,1175616,3072
hash,2580235,78451448,9662551
hash,2580236,1175640,3075
hash,2580237,1175856,3102
hash,2580238,137422173960,17177627865
hash,2580239,78474848,9665476
hash,2580240,78445160,9661765
hash,2580241,78474912,9665484
hash,2580242,78470296,9664907
hash,2580243,80795072,9955504
hash,2580244,81812560,10082690
hash,2580245,80795208,9955521
hash,2580246,80822336,9958912
hash,2580247,80799512,9956059
hash,2580248,137422173848,17177627851
hash,2580249,80795264,9955528
hash,2580250,80795288,9955531
hash,2580251,137422173848,17177627851
hash,2580252,80785512,9954309
hash,2580253,80795112,9955509
hash,2580254,80795072,9955504
hash,2580255,80795120,9955510
hash,2580256,80788400,9954670
hash,2580257,1151784,93
hash,2580258,137422173752,17177627839
hash,2580259,137422173768,17177627841
hash,2580260,137422173784,17177627843
hash,2580261,137422173792,17177627844
hash,2580262,137422173800,17177627845
hash,2580263,137422173808,17177627846
hash,2580264,137422173816,17177627847
hash,2580265,137422173824,17177627848
hash,2580266,137422173832,17177627849
hash,2580267,80795072,9955504
hash,2580268,80795208,9955521
hash,2580269,80822336,9958912
hash,2580270,80799508,9956058
hash,2580271,137422173864,17177627853
hash,2580272,137422173872,17177627854
hash,2580273,137422173880,17177627855
hash,2580274,137422173888,17177627856
hash,2580275,137422173896,17177627857
hash,2580276,137422173904,17177627858
hash,2580277,137422173912,17177627859
hash,2580278,1175616,3072
hash,2580279,78451448,9662551
hash,2580280,137422173976,17177627867
hash,2580281,1175616,3072
hash,2580282,78451448,9662551
hash,2580283,1175649,3076
hash,2580284,137422173992,17177627869
hash,2580285,81812584,10082693
hash,2580286,137422174008,17177627871
hash,2580287,137422174016,17177627872
hash,2580288,137422174024,17177627873
hash,2580289,137422174032,17177627874
hash,2580290,137422174040,17177627875
hash,2580291,137422174048,17177627876
hash,2580292,137422174056,17177627877
hash,2580293,137422174064,17177627878
hash,2580294,137422174072,17177627879
hash,2580295,137422174080,17177627880
hash,2580296,137422174088,17177627881
hash,2580297,137422174104,17177627883
hash,2580298,1175312,3034
hash,2580299,67458584,8288443
hash,2580300,67458576,8288442
hash,2580301,78468008,9664621
hash,2580302,81812584,10082693
hash,2580303,78471112,9665009
hash,2580304,1175616,3072
hash,2580305,78451448,9662551
hash,2580306,1175840,3100
hash,2580307,1175656,3077
hash,2580308,137422173920,17177627860
hash,2580309,137422173928,17177627861
hash,2580310,137422173936,17177627862
hash,2580311,137422173944,17177627863
hash,2580312,137422174000,17177627870
hash,2580313,1175616,3072
hash,2580314,78451448,9662551
hash,2580315,1175640,3075
hash,2580316,1175856,3102
hash,2580317,137422173992,17177627869
hash,2580318,78474848,9665476
hash,2580319,78445160,9661765
hash,2580320,78474912,9665484
hash,2580321,78470296,9664907
hash,2580322,80795072,9955504
hash,2580323,81812560,10082690
hash,2580324,80795208,9955521
hash,2580325,80822336,9958912
hash,2580326,80799512,9956059
hash,2580327,137422173880,17177627855
hash,2580328,80795264,9955528
hash,2580329,80795288,9955531
hash,2580330,137422173880,17177627855
hash,2580331,80785512,9954309
hash,2580332,80795112,9955509
hash,2580333,80795072,9955504
hash,2580334,80795120,9955510
hash,2580335,80788400,9954670
hash,2580336,67458592,8288444
hash,2580337,67458592,8288444
hash,2580338,137422173784,17177627843
hash,2580339,137422173800,17177627845
hash,2580340,137422173816,17177627847
hash,2580341,137422173824,17177627848
hash,2580342,137422173832,17177627849
hash,2580343,137422173840,17177627850
hash,2580344,137422173848,17177627851
hash,2580345,137422173856,17177627852
hash,2580346,137422173864,17177627853
hash,2580347,80795072,9955504
hash,2580348,80795208,9955521
hash,2580349,80822336,9958912
hash,2580350,80799508,9956058
hash,2580351,137422173896,17177627857
hash,2580352,137422173904,17177627858
hash,2580353,137422173912,17177627859
hash,2580354,137422173920,17177627860
hash,2580355,137422173928,17177627861
hash,2580356,137422173936,17177627862
hash,2580357,137422173944,17177627863
hash,2580358,1175616,3072
hash,2580359,78451448,9662551
hash,2580360,137422174008,17177627871
hash,2580361,1175616,3072
hash,2580362,78451448,9662551
hash,2580363,1175649,3076
hash,2580364,137422174024,17177627873
hash,2580365,81812584,10082693
hash,2580366,137422174040,17177627875
hash,2580367,137422174048,17177627876
hash,2580368,137422174056,17177627877
hash,2580369,137422174064,17177627878
hash,2580370,137422174072,17177627879
hash,2580371,137422174080,17177627880
hash,2580372,137422174088,17177627881
hash,2580373,1175328,3036
hash,2580374,78466192,9664394
hash,2580375,1151784,93
hash,2580376,137422174056,17177627877
hash,2580377,78468008,9664621
hash,2580378,81812584,10082693
hash,2580379,78471112,9665009
hash,2580380,1175616,3072
hash,2580381,78451448,9662551
hash,2580382,1175840,3100
hash,2580383,1175656,3077
hash,2580384,137422173888,17177627856
hash,2580385,137422173896,17177627857
hash,2580386,137422173904,17177627858
hash,2580387,137422173912,17177627859
hash,2580388,137422173968,17177627866
hash,2580389,1175616,3072
hash,2580390,78451448,9662551
hash,2580391,1175640,3075
hash,2580392,1175856,3102
hash,2580393,137422173960,17177627865
hash,2580394,78474848,9665476
hash,2580395,78445160,9661765
hash,2580396,78474912,9665484
hash,2580397,78470296,9664907
hash,2580398,80795072,9955504
hash,2580399,81812560,10082690
hash,2580400,80795208,9955521
hash,2580401,80822336,9958912
hash,2580402,80799512,9956059
hash,2580403,137422173848,17177627851
hash,2580404,80795264,9955528
hash,2580405,80795288,9955531
hash,2580406,137422173848,17177627851
hash,2580407,80785512,9954309
hash,2580408,80795112,9955509
hash,2580409,80795072,9955504
hash,2580410,80795120,9955510
hash,2580411,80788400,9954670
hash,2580412,1151784,93
hash,2580413,137422173752,17177627839
hash,2580414,137422173768,17177627841
hash,2580415,137422173784,17177627843
hash,2580416,137422173792,17177627844
hash,2580417,137422173800,17177627845
hash,2580418,137422173808,17177627846
hash,2580419,137422173816,17177627847
hash,2580420,137422173824,17177627848
hash,2580421,137422173832,17177627849
hash,2580422,80795072,9955504
hash,2580423,80795208,9955521
hash,2580424,80822336,9958912
hash,2580425,80799508,9956058
hash,2580426,137422173864,17177627853
hash,2580427,137422173872,17177627854
hash,2580428,137422173880,17177627855
hash,2580429,137422173888,17177627856
hash,2580430,137422173896,17177627857
hash,2580431,137422173904,17177627858
hash,2580432,137422173912,17177627859
hash,2580433,1175616,3072
hash,2580434,78451448,9662551
hash,2580435,137422173976,17177627867
hash,2580436,1175616,3072
hash,2580437,78451448,9662551
hash,2580438,1175649,3076
hash,2580439,137422173992,17177627869
hash,2580440,81812584,10082693
hash,2580441,137422174008,17177627871
hash,2580442,137422174016,17177627872
hash,2580443,137422174024,17177627873
hash,2580444,137422174032,17177627874
hash,2580445,137422174040,17177627875
hash,2580446,137422174048,17177627876
hash,2580447,137422174056,17177627877
hash,2580448,137422174064,17177627878
hash,2580449,137422174072,17177627879
hash,2580450,137422174080,17177627880
hash,2580451,137422174088,17177627881
hash,2580452,137422174104,17177627883
hash,2580453,1175312,3034
hash,2580454,67458616,8288447
hash,2580455,67458608,8288446
hash,2580456,78468008,9664621
hash,2580457,81812584,10082693
hash,2580458,78471112,9665009
hash,2580459,1175616,3072
hash,2580460,78451448,9662551
hash,2580461,1175840,3100
hash,2580462,1175656,3077
hash,2580463,137422173920,17177627860
hash,2580464,137422173928,17177627861
hash,2580465,137422173936,17177627862
hash,2580466,137422173944,17177627863
hash,2580467,137422174000,17177627870
hash,2580468,1175616,3072
hash,2580469,78451448,9662551
hash,2580470,1175640,3075
hash,2580471,1175856,3102
hash,2580472,137422173992,17177627869
hash,2580473,78474848,9665476
hash,2580474,78445160,9661765
hash,2580475,78474912,9665484
hash,2580476,78470296,9664907
hash,2580477,80795072,9955504
hash,2580478,81812560,10082690
hash,2580479,80795208,9955521
hash,2580480,80822336,9958912
hash,2580481,80799512,9956059
hash,2580482,137422173880,17177627855
hash,2580483,80795264,9955528
hash,2580484,80795288,9955531
hash,2580485,137422173880,17177627855
hash,2580486,80785512,9954309
hash,2580487,80795112,9955509
hash,2580488,80795072,9955504
hash,2580489,80795120,9955510
hash,2580490,80788400,9954670
hash,2580491,67458624,8288448
hash,2580492,67458624,8288448
hash,2580493,137422173784,17177627843
hash,2580494,137422173800,17177627845
hash,2580495,137422173816,17177627847
hash,2580496,137422173824,17177627848
hash,2580497,137422173832,17177627849
hash,2580498,137422173840,17177627850
hash,2580499,137422173848,17177627851
hash,2580500,137422173856,17177627852
hash,2580501,137422173864,17177627853
hash,2580502,80795072,9955504
hash,2580503,80795208,9955521
hash,2580504,80822336,9958912
hash,2580505,80799508,9956058
hash,2580506,137422173896,17177627857
hash,2580507,137422173904,17177627858
hash,2580508,137422173912,17177627859
hash,2580509,137422173920,17177627860
hash,2580510,137422173928,17177627861
hash,2580511,137422173936,17177627862
hash,2580512,137422173944,17177627863
hash,2580513,1175616,3072
hash,2580514,78451448,9662551
hash,2580515,137422174008,17177627871
hash,2580516,1175616,3072
hash,2580517,78451448,9662551
hash,2580518,1175649,3076
hash,2580519,137422174024,17177627873
hash,2580520,81812584,10082693
hash,2580521,137422174040,17177627875
hash,2580522,137422174048,17177627876
hash,2580523,137422174056,17177627877
hash,2580524,137422174064,17177627878
hash,2580525,137422174072,17177627879
hash,2580526,137422174080,17177627880
hash,2580527,137422174088,17177627881
hash,2580528,1175328,3036
hash,2580529,78466192,9664394
hash,2580530,1151784,93
hash,2580531,137422174056,17177627877
hash,2580532,78468008,9664621
hash,2580533,81812584,10082693
hash,2580534,78471112,9665009
hash,2580535,1175616,3072
hash,2580536,78451448,9662551
hash,2580537,1175840,3100
hash,2580538,1175656,3077
hash,2580539,137422173888,17177627856
hash,2580540,137422173896,17177627857
hash,2580541,137422173904,17177627858
hash,2580542,137422173912,17177627859
hash,2580543,137422173968,17177627866
hash,2580544,1175616,3072
hash,2580545,78451448,9662551
hash,2580546,1175640,3075
hash,2580547,1175856,3102
hash,2580548,137422173960,17177627865
hash,2580549,78474848,9665476
hash,2580550,78445160,9661765
hash,2580551,78474912,9665484
hash,2580552,78470296,9664907
hash,2580553,80795072,9955504
hash,2580554,81812560,10082690
hash,2580555,80795208,9955521
hash,2580556,80822336,9958912
hash,2580557,80799512,9956059
hash,2580558,137422173848,17177627851
hash,2580559,80795264,9955528
hash,2580560,80795288,9955531
hash,2580561,137422173848,17177627851
hash,2580562,80785512,9954309
hash,2580563,80795112,9955509
hash,2580564,80795072,9955504
hash,2580565,80795120,9955510
hash,2580566,80788400,9954670
hash,2580567,1151784,93
hash,2580568,137422173752,17177627839
hash,2580569,137422173768,17177627841
hash,2580570,137422173784,17177627843
hash,2580571,137422173792,17177627844
hash,2580572,137422173800,17177627845
hash,2580573,137422173808,17177627846
hash,2580574,137422173816,17177627847
hash,2580575,137422173824,17177627848
hash,2580576,137422173832,17177627849
hash,2580577,80795072,9955504
hash,2580578,80795208,9955521
hash,2580579,80822336,9958912
hash,2580580,80799508,9956058
hash,2580581,137422173864,17177627853
hash,2580582,137422173872,17177627854
hash,2580583,137422173880,17177627855
hash,2580584,137422173888,17177627856
hash,2580585,137422173896,17177627857
hash,2580586,137422173904,17177627858
hash,2580587,137422173912,17177627859
hash,2580588,1175616,3072
hash,2580589,78451448,9662551
hash,2580590,137422173976,17177627867
hash,2580591,1175616,3072
hash,2580592,78451448,9662551
hash,2580593,1175649,3076
hash,2580594,137422173992,17177627869
hash,2580595,81812584,10082693
hash,2580596,137422174008,17177627871
hash,2580597,137422174016,17177627872
hash,2580598,137422174024,17177627873
hash,2580599,137422174032,17177627874
hash,2580600,137422174040,17177627875
hash,2580601,137422174048,17177627876
hash,2580602,137422174056,17177627877
hash,2580603,137422174064,17177627878
hash,2580604,137422174072,17177627879
hash,2580605,137422174080,17177627880
hash,2580606,137422174088,17177627881
hash,2580607,137422174104,17177627883
hash,2580608,1175312,3034
hash,2580609,67458648,8288451
hash,2580610,67458640,8288450
hash,2580611,78468008,9664621
hash,2580612,81812584,10082693
hash,2580613,78471112,9665009
hash,2580614,1175616,3072
hash,2580615,78451448,9662551
hash,2580616,1175840,3100
hash,2580617,1175656,3077
hash,2580618,137422173920,17177627860
hash,2580619,137422173928,17177627861
hash,2580620,137422173936,17177627862
hash,2580621,137422173944,17177627863
hash,2580622,137422174000,17177627870
hash,2580623,1175616,3072
hash,2580624,78451448,9662551
hash,2580625,1175640,3075
hash,2580626,1175856,3102
hash,2580627,137422173992,17177627869
hash,2580628,78474848,9665476
hash,2580629,78445160,9661765
hash,2580630,78474912,9665484
hash,2580631,78470296,9664907
hash,2580632,80795072,9955504
hash,2580633,81812560,10082690
hash,2580634,80795208,9955521
hash,2580635,80822336,9958912
hash,2580636,80799512,9956059
hash,2580637,137422173880,17177627855
hash,2580638,80795264,9955528
hash,2580639,80795288,9955531
hash,2580640,137422173880,17177627855
hash,2580641,80785512,9954309
hash,2580642,80795112,9955509
hash,2580643,80795072,9955504
hash,2580644,80795120,9955510
hash,2580645,80788400,9954670
hash,2580646,67458658,8288452
hash,2580647,67458656,8288452
hash,2580648,137422173784,17177627843
hash,2580649,137422173800,17177627845
hash,2580650,137422173816,17177627847
hash,2580651,137422173824,17177627848
hash,2580652,137422173832,17177627849
hash,2580653,137422173840,17177627850
hash,2580654,137422173848,17177627851
hash,2580655,137422173856,17177627852
hash,2580656,137422173864,17177627853
hash,2580657,80795072,9955504
hash,2580658,80795208,9955521
hash,2580659,80822336,9958912
hash,2580660,80799508,9956058
hash,2580661,137422173896,17177627857
hash,2580662,137422173904,17177627858
hash,2580663,137422173912,17177627859
hash,2580664,137422173920,17177627860
hash,2580665,137422173928,17177627861
hash,2580666,137422173936,17177627862
hash,2580667,137422173944,17177627863
hash,2580668,1175616,3072
hash,2580669,78451448,9662551
hash,2580670,137422174008,17177627871
hash,2580671,1175616,3072
hash,2580672,78451448,9662551
hash,2580673,1175649,3076
hash,2580674,137422174024,17177627873
hash,2580675,81812584,10082693
hash,2580676,137422174040,17177627875
hash,2580677,137422174048,17177627876
hash,2580678,137422174056,17177627877
hash,2580679,137422174064,17177627878
hash,2580680,137422174072,17177627879
hash,2580681,137422174080,17177627880
hash,2580682,137422174088,17177627881
hash,2580683,1175368,3041
hash,2580684,1175616,3072
hash,2580685,78451448,9662551
hash,2580686,1175640,3075
hash,2580687,137422174060,17177627877
hash,2580688,78464656,9664202
hash,2580689,81812584,10082693
hash,2580690,78471112,9665009
hash,2580691,1175616,3072
hash,2580692,78451448,9662551
hash,2580693,1175840,3100
hash,2580694,1175656,3077
hash,2580695,137422173936,17177627862
hash,2580696,137422173944,17177627863
hash,2580697,137422173952,17177627864
hash,2580698,137422173960,17177627865
hash,2580699,137422173968,17177627866
hash,2580700,1175616,3072
hash,2580701,78451448,9662551
hash,2580702,1175856,3102
hash,2580703,78474888,9665481
hash,2580704,78474896,9665482
hash,2580705,78474848,9665476
hash,2580706,78445168,9661766
hash,2580707,78474912,9665484
hash,2580708,78468040,9664625
hash,2580709,80795188,9955518
hash,2580710,80795112,9955509
hash,2580711,80795120,9955510
hash,2580712,137422173928,17177627861
hash,2580713,137422173936,17177627862
hash,2580714,137422173944,17177627863
hash,2580715,137422173952,17177627864
hash,2580716,137422173960,17177627865
hash,2580717,137422173976,17177627867
hash,2580718,1175616,3072
hash,2580719,78451448,9662551
hash,2580720,1175649,3076
hash,2580721,137422173992,17177627869
hash,2580722,81812584,10082693
hash,2580723,137422174008,17177627871
hash,2580724,137422174016,17177627872
hash,2580725,137422174024,17177627873
hash,2580726,137422174032,17177627874
hash,2580727,137422174040,17177627875
hash,2580728,137422174072,17177627879
hash,2580729,137422174080,17177627880
hash,2580730,137422174088,17177627881
hash,2580731,137422174112,17177627884
hash,2580732,137422174120,17177627885
hash,2580733,137422174136,17177627887
hash,2580734,137422174156,17177627889
hash,2580735,137422174072,17177627879
hash,2580736,137422174068,17177627878
hash,2580737,137422174040,17177627875
hash,2580738,137422174728,17177627961
hash,2580739,137422174036,17177627874
hash,2580740,137422174048,17177627876
hash,2580741,137422174056,17177627877
hash,2580742,137422174088,17177627881
hash,2580743,137422174040,17177627875
hash,2580744,67443372,8286541
hash,2580745,137422174048,17177627876
hash,2580746,137422174056,17177627877
hash,2580747,137422174104,17177627883
hash,2580748,137422174112,17177627884
hash,2580749,137422174120,17177627885
hash,2580750,137422174104,17177627883
hash,2580751,137422174072,17177627879
hash,2580752,137422174188,17177627893
hash,2580753,137422174080,17177627880
hash,2580754,137422174088,17177627881
hash,2580755,137422174112,17177627884
hash,2580756,137422174120,17177627885
hash,2580757,137422174152,17177627889
hash,2580758,137422174152,17177627889
hash,2580759,137422174104,17177627883
hash,2580760,137422174100,17177627882
hash,2580761,137422174072,17177627879
hash,2580762,137422174176,17177627892
hash,2580763,137422174068,17177627878
hash,2580764,137422174080,17177627880
hash,2580765,137422174088,17177627881
hash,2580766,67530132,8297386
hash,2580767,137422174112,17177627884
hash,2580768,137422174120,17177627885
hash,2580769,137422174136,17177627887
hash,2580770,137422174156,17177627889
hash,2580771,137422174104,17177627883
hash,2580772,137422174320,17177627910
hash,2580773,137422174100,17177627882
hash,2580774,137422174112,17177627884
hash,2580775,137422174120,17177627885
hash,2580776,137422174152,17177627889
hash,2580777,1175328,3036
hash,2580778,78466192,9664394
hash,2580779,1151760,90
hash,2580780,137422174056,17177627877
hash,2580781,78468008,9664621
hash,2580782,81812584,10082693
hash,2580783,78471112,9665009
hash,2580784,1175616,3072
hash,2580785,78451448,9662551
hash,2580786,1175840,3100
hash,2580787,1175656,3077
hash,2580788,137422173888,17177627856
hash,2580789,137422173896,17177627857
hash,2580790,137422173904,17177627858
hash,2580791,137422173912,17177627859
hash,2580792,137422173968,17177627866
hash,2580793,1175616,3072
hash,2580794,78451448,9662551
hash,2580795,1175640,3075
hash,2580796,1175856,3102
hash,2580797,137422173960,17177627865
hash,2580798,78474848,9665476
hash,2580799,78445160,9661765
hash,2580800,78474912,9665484
hash,2580801,78470296,9664907
hash,2580802,80795072,9955504
hash,2580803,81812560,10082690
hash,2580804,80795208,9955521
hash,2580805,80822336,9958912
hash,2580806,80799512,9956059
hash,2580807,137422173848,17177627851
hash,2580808,80795264,9955528
hash,2580809,80795288,9955531
hash,2580810,137422173848,17177627851
hash,2580811,80785512,9954309
hash,2580812,80795112,9955509
hash,2580813,80795072,9955504
hash,2580814,80795120,9955510
hash,2580815,80788400,9954670
hash,2580816,1151765,90
hash,2580817,1151760,90
hash,2580818,137422173752,17177627839
hash,2580819,137422173768,17177627841
hash,2580820,137422173784,17177627843
hash,2580821,137422173792,17177627844
hash,2580822,137422173800,17177627845
hash,2580823,137422173808,17177627846
hash,2580824,137422173816,17177627847
hash,2580825,137422173824,17177627848
hash,2580826,137422173832,17177627849
hash,2580827,80795072,9955504
hash,2580828,80795208,9955521
hash,2580829,80822336,9958912
hash,2580830,80799508,9956058
hash,2580831,137422173864,17177627853
hash,2580832,137422173872,17177627854
hash,2580833,137422173880,17177627855
hash,2580834,137422173888,17177627856
hash,2580835,137422173896,17177627857
hash,2580836,137422173904,17177627858
hash,2580837,137422173912,17177627859
hash,2580838,1175616,3072
hash,2580839,78451448,9662551
hash,2580840,137422173976,17177627867
hash,2580841,1175616,3072
hash,2580842,78451448,9662551
hash,2580843,1175649,3076
hash,2580844,137422173992,17177627869
hash,2580845,81812584,10082693
hash,2580846,137422174008,17177627871
hash,2580847,137422174016,17177627872
hash,2580848,137422174024,17177627873
hash,2580849,137422174032,17177627874
hash,2580850,137422174040,17177627875
hash,2580851,137422174048,17177627876
hash,2580852,137422174056,17177627877
hash,2580853,137422174064,17177627878
hash,2580854,137422174072,17177627879
hash,2580855,137422174080,17177627880
hash,2580856,137422174088,17177627881
hash,2580857,137422174100,17177627882
hash,2580858,1175480,3055
hash,2580859,1175616,3072
hash,2580860,78451448,9662551
hash,2580861,1175648,3076
hash,2580862,78465144,9664263
hash,2580863,81812584,10082693
hash,2580864,78471112,9665009
hash,2580865,1175616,3072
hash,2580866,78451448,9662551
hash,2580867,1175840,3100
hash,2580868,1175656,3077
hash,2580869,137422173952,17177627864
hash,2580870,137422173960,17177627865
hash,2580871,137422173968,17177627866
hash,2580872,137422173976,17177627867
hash,2580873,137422174000,17177627870
hash,2580874,1175616,3072
hash,2580875,78451448,9662551
hash,2580876,1175872,3104
hash,2580877,1175849,3101
hash,2580878,1175848,3101
hash,2580879,1175856,3102
hash,2580880,78481840,9666350
hash,2580881,78450064,9662378
hash,2580882,78468136,9664637
hash,2580883,81812584,10082693
hash,2580884,78461464,9663803
hash,2580885,78465560,9664315
hash,2580886,78485512,9666809
hash,2580887,137422173800,17177627845
hash,2580888,1175832,3099
hash,2580889,78483480,9666555
hash,2580890,78482784,9666468
hash,2580891,137422173808,17177627846
hash,2580892,137422173816,17177627847
hash,2580893,137422173824,17177627848
hash,2580894,137422173832,17177627849
hash,2580895,137422173840,17177627850
hash,2580896,137422173848,17177627851
hash,2580897,1175648,3076
hash,2580898,78479766,9666090
hash,2580899,78479759,9666089
hash,2580900,137422173800,17177627845
hash,2580901,137422173880,17177627855
hash,2580902,137422173896,17177627857
hash,2580903,137422173895,17177627856
hash,2580904,78479712,9666084
hash,2580905,1175640,3075
hash,2580906,78474848,9665476
hash,2580907,78445160,9661765
hash,2580908,78474912,9665484
hash,2580909,78470296,9664907
hash,2580910,80795072,9955504
hash,2580911,81812560,10082690
hash,2580912,80795208,9955521
hash,2580913,80822336,9958912
hash,2580914,80799512,9956059
hash,2580915,137422173736,17177627837
hash,2580916,80795264,9955528
hash,2580917,80795288,9955531
hash,2580918,137422173736,17177627837
hash,2580919,80785512,9954309
hash,2580920,80795112,9955509
hash,2580921,80795072,9955504
hash,2580922,80795120,9955510
hash,2580923,80788400,9954670
hash,2580924,137422173846,17177627850
hash,2580925,137422173846,17177627850
hash,2580926,137422173640,17177627825
hash,2580927,137422173656,17177627827
hash,2580928,137422173672,17177627829
hash,2580929,137422173680,17177627830
hash,2580930,137422173688,17177627831
hash,2580931,137422173696,17177627832
hash,2580932,137422173704,17177627833
hash,2580933,137422173712,17177627834
hash,2580934,137422173720,17177627835
hash,2580935,80795072,9955504
hash,2580936,80795208,9955521
hash,2580937,80822336,9958912
hash,2580938,80799508,9956058
hash,2580939,137422173752,17177627839
hash,2580940,137422173760,17177627840
hash,2580941,137422173768,17177627841
hash,2580942,137422173776,17177627842
hash,2580943,137422173784,17177627843
hash,2580944,137422173792,17177627844
hash,2580945,137422173800,17177627845
hash,2580946,137422173912,17177627859
hash,2580947,81812584,10082693
hash,2580948,137422173928,17177627861
hash,2580949,137422173936,17177627862
hash,2580950,137422173944,17177627863
hash,2580951,137422173952,17177627864
hash,2580952,137422173960,17177627865
hash,2580953,137422173968,17177627866
hash,2580954,137422173976,17177627867
hash,2580955,137422174008,17177627871
hash,2580956,1175616,3072
hash,2580957,78451448,9662551
hash,2580958,1175649,3076
hash,2580959,137422174024,17177627873
hash,2580960,81812584,10082693
hash,2580961,137422174040,17177627875
hash,2580962,137422174048,17177627876
hash,2580963,137422174056,17177627877
hash,2580964,137422174064,17177627878
hash,2580965,137422174072,17177627879
hash,2580966,137422174080,17177627880
hash,2580967,137422174088,17177627881
hash,2580968,1175328,3036
hash,2580969,78466192,9664394
hash,2580970,1151774,91
hash,2580971,137422174056,17177627877
hash,2580972,78468008,9664621
hash,2580973,81812584,10082693
hash,2580974,78471112,9665009
hash,2580975,1175616,3072
hash,2580976,78451448,9662551
hash,2580977,1175840,3100
hash,2580978,1175656,3077
hash,2580979,137422173888,17177627856
hash,2580980,137422173896,17177627857
hash,2580981,137422173904,17177627858
hash,2580982,137422173912,17177627859
hash,2580983,137422173968,17177627866
hash,2580984,1175616,3072
hash,2580985,78451448,9662551
hash,2580986,1175640,3075
hash,2580987,1175856,3102
hash,2580988,137422173960,17177627865
hash,2580989,78474848,9665476
hash,2580990,78445160,9661765
hash,2580991,78474912,9665484
hash,2580992,78470296,9664907
hash,2580993,80795072,9955504
hash,2580994,81812560,10082690
hash,2580995,80795208,9955521
hash,2580996,80822336,9958912
hash,2580997,80799512,9956059
hash,2580998,137422173848,17177627851
hash,2580999,80795264,9955528
hash,2581000,80795288,9955531
hash,2581001,137422173848,17177627851
hash,2581002,80785512,9954309
hash,2581003,80795112,9955509
hash,2581004,80795072,9955504
hash,2581005,80795120,9955510
hash,2581006,80788400,9954670
hash,2581007,1151775,91
hash,2581008,1151774,91
hash,2581009,137422173752,17177627839
hash,2581010,137422173768,17177627841
hash,2581011,137422173784,17177627843
hash,2581012,137422173792,17177627844
hash,2581013,137422173800,17177627845
hash,2581014,137422173808,17177627846
hash,2581015,137422173816,17177627847
hash,2581016,137422173824,17177627848
hash,2581017,137422173832,17177627849
hash,2581018,80795072,9955504
hash,2581019,80795208,9955521
hash,2581020,80822336,9958912
hash,2581021,80799508,9956058
hash,2581022,137422173864,17177627853
hash,2581023,137422173872,17177627854
hash,2581024,137422173880,17177627855
hash,2581025,137422173888,17177627856
hash,2581026,137422173896,17177627857
hash,2581027,137422173904,17177627858
hash,2581028,137422173912,17177627859
hash,2581029,1175616,3072
hash,2581030,78451448,9662551
hash,2581031,137422173976,17177627867
hash,2581032,1175616,3072
hash,2581033,78451448,9662551
hash,2581034,1175649,3076
hash,2581035,137422173992,17177627869
hash,2581036,81812584,10082693
hash,2581037,137422174008,17177627871
hash,2581038,137422174016,17177627872
hash,2581039,137422174024,17177627873
hash,2581040,137422174032,17177627874
hash,2581041,137422174040,17177627875
hash,2581042,137422174048,17177627876
hash,2581043,137422174056,17177627877
hash,2581044,137422174064,17177627878
hash,2581045,137422174072,17177627879
hash,2581046,137422174080,17177627880
hash,2581047,137422174088,17177627881
hash,2581048,137422174104,17177627883
hash,2581049,67459352,8288539
hash,2581050,1175480,3055
hash,2581051,1175616,3072
hash,2581052,78451448,9662551
hash,2581053,1175648,3076
hash,2581054,78465144,9664263
hash,2581055,81812584,10082693
hash,2581056,78471112,9665009
hash,2581057,1175616,3072
hash,2581058,78451448,9662551
hash,2581059,1175840,3100
hash,2581060,1175656,3077
hash,2581061,137422173952,17177627864
hash,2581062,137422173960,17177627865
hash,2581063,137422173968,17177627866
hash,2581064,137422173976,17177627867
hash,2581065,137422174000,17177627870
hash,2581066,1175616,3072
hash,2581067,78451448,9662551
hash,2581068,1175872,3104
hash,2581069,1175849,3101
hash,2581070,1175848,3101
hash,2581071,1175856,3102
hash,2581072,78481840,9666350
hash,2581073,78450064,9662378
hash,2581074,78468136,9664637
hash,2581075,81812584,10082693
hash,2581076,78461464,9663803
hash,2581077,78465560,9664315
hash,2581078,78485512,9666809
hash,2581079,137422173800,17177627845
hash,2581080,1175832,3099
hash,2581081,78483480,9666555
hash,2581082,78482784,9666468
hash,2581083,137422173808,17177627846
hash,2581084,137422173816,17177627847
hash,2581085,137422173824,17177627848
hash,2581086,137422173832,17177627849
hash,2581087,137422173840,17177627850
hash,2581088,137422173848,17177627851
hash,2581089,1175648,3076
hash,2581090,78479765,9666090
hash,2581091,78479763,9666090
hash,2581092,137422173800,17177627845
hash,2581093,137422173880,17177627855
hash,2581094,137422173896,17177627857
hash,2581095,137422173895,17177627856
hash,2581096,78479712,9666084
hash,2581097,1175640,3075
hash,2581098,78474848,9665476
hash,2581099,78445160,9661765
hash,2581100,78474912,9665484
hash,2581101,78470296,9664907
hash,2581102,80795072,9955504
hash,2581103,81812560,10082690
hash,2581104,80795208,9955521
hash,2581105,80822336,9958912
hash,2581106,80799512,9956059
hash,2581107,137422173736,17177627837
hash,2581108,80795264,9955528
hash,2581109,80795288,9955531
hash,2581110,137422173736,17177627837
hash,2581111,80785512,9954309
hash,2581112,80795112,9955509
hash,2581113,80795072,9955504
hash,2581114,80795120,9955510
hash,2581115,80788400,9954670
hash,2581116,137422173846,17177627850
hash,2581117,137422173846,17177627850
hash,2581118,137422173640,17177627825
hash,2581119,137422173656,17177627827
hash,2581120,137422173672,17177627829
hash,2581121,137422173680,17177627830
hash,2581122,137422173688,17177627831
hash,2581123,137422173696,17177627832
hash,2581124,137422173704,17177627833
hash,2581125,137422173712,17177627834
hash,2581126,137422173720,17177627835
hash,2581127,80795072,9955504
hash,2581128,80795208,9955521
hash,2581129,80822336,9958912
hash,2581130,80799508,9956058
hash,2581131,137422173752,17177627839
hash,2581132,137422173760,17177627840
hash,2581133,137422173768,17177627841
hash,2581134,137422173776,17177627842
hash,2581135,137422173784,17177627843
hash,2581136,137422173792,17177627844
hash,2581137,137422173800,17177627845
hash,2581138,137422173912,17177627859
hash,2581139,81812584,10082693
hash,2581140,137422173928,17177627861
hash,2581141,137422173936,17177627862
hash,2581142,137422173944,17177627863
hash,2581143,137422173952,17177627864
hash,2581144,137422173960,17177627865
hash,2581145,137422173968,17177627866
hash,2581146,137422173976,17177627867
hash,2581147,137422174008,17177627871
hash,2581148,1175616,3072
hash,2581149,78451448,9662551
hash,2581150,1175649,3076
hash,2581151,137422174024,17177627873
hash,2581152,81812584,10082693
hash,2581153,137422174040,17177627875
hash,2581154,137422174048,17177627876
hash,2581155,137422174056,17177627877
hash,2581156,137422174064,17177627878
hash,2581157,137422174072,17177627879
hash,2581158,137422174080,17177627880
hash,2581159,137422174088,17177627881
hash,2581160,1175328,3036
hash,2581161,78466192,9664394
hash,2581162,1151784,93
hash,2581163,137422174056,17177627877
hash,2581164,78468008,9664621
hash,2581165,81812584,10082693
hash,2581166,78471112,9665009
hash,2581167,1175616,3072
hash,2581168,78451448,9662551
hash,2581169,1175840,3100
hash,2581170,1175656,3077
hash,2581171,137422173888,17177627856
hash,2581172,137422173896,17177627857
hash,2581173,137422173904,17177627858
hash,2581174,137422173912,17177627859
hash,2581175,137422173968,17177627866
hash,2581176,1175616,3072
hash,2581177,78451448,9662551
hash,2581178,1175640,3075
hash,2581179,1175856,3102
hash,2581180,137422173960,17177627865
hash,2581181,78474848,9665476
hash,2581182,78445160,9661765
hash,2581183,78474912,9665484
hash,2581184,78470296,9664907
hash,2581185,80795072,9955504
hash,2581186,81812560,10082690
hash,2581187,80795208,9955521
hash,2581188,80822336,9958912
hash,2581189,80799512,9956059
hash,2581190,137422173848,17177627851
hash,2581191,80795264,9955528
hash,2581192,80795288,9955531
hash,2581193,137422173848,17177627851
hash,2581194,80785512,9954309
hash,2581195,80795112,9955509
hash,2581196,80795072,9955504
hash,2581197,80795120,9955510
hash,2581198,80788400,9954670
hash,2581199,1151784,93
hash,2581200,137422173752,17177627839
hash,2581201,137422173768,17177627841
hash,2581202,137422173784,17177627843
hash,2581203,137422173792,17177627844
hash,2581204,137422173800,17177627845
hash,2581205,137422173808,17177627846
hash,2581206,137422173816,17177627847
hash,2581207,137422173824,17177627848
hash,2581208,137422173832,17177627849
hash,2581209,80795072,9955504
hash,2581210,80795208,9955521
hash,2581211,80822336,9958912
hash,2581212,80799508,9956058
hash,2581213,137422173864,17177627853
hash,2581214,137422173872,17177627854
hash,2581215,137422173880,17177627855
hash,2581216,137422173888,17177627856
hash,2581217,137422173896,17177627857
hash,2581218,137422173904,17177627858
hash,2581219,137422173912,17177627859
hash,2581220,1175616,3072
hash,2581221,78451448,9662551
hash,2581222,137422173976,17177627867
hash,2581223,1175616,3072
hash,2581224,78451448,9662551
hash,2581225,1175649,3076
hash,2581226,137422173992,17177627869
hash,2581227,81812584,10082693
hash,2581228,137422174008,17177627871
hash,2581229,137422174016,17177627872
hash,2581230,137422174024,17177627873
hash,2581231,137422174032,17177627874
hash,2581232,137422174040,17177627875
hash,2581233,137422174048,17177627876
hash,2581234,137422174056,17177627877
hash,2581235,137422174064,17177627878
hash,2581236,137422174072,17177627879
hash,2581237,137422174080,17177627880
hash,2581238,137422174088,17177627881
hash,2581239,137422174104,17177627883
hash,2581240,1175312,3034
hash,2581241,67459368,8288541
hash,2581242,67459360,8288540
hash,2581243,78468008,9664621
hash,2581244,81812584,10082693
hash,2581245,78471112,9665009
hash,2581246,1175616,3072
hash,2581247,78451448,9662551
hash,2581248,1175840,3100
hash,2581249,1175656,3077
hash,2581250,137422173920,17177627860
hash,2581251,137422173928,17177627861
hash,2581252,137422173936,17177627862
hash,2581253,137422173944,17177627863
hash,2581254,137422174000,17177627870
hash,2581255,1175616,3072
hash,2581256,78451448,9662551
hash,2581257,1175640,3075
hash,2581258,1175856,3102
hash,2581259,137422173992,17177627869
hash,2581260,78474848,9665476
hash,2581261,78445160,9661765
hash,2581262,78474912,9665484
hash,2581263,78470296,9664907
hash,2581264,80795072,9955504
hash,2581265,81812560,10082690
hash,2581266,80795208,9955521
hash,2581267,80822336,9958912
hash,2581268,80799512,9956059
hash,2581269,137422173880,17177627855
hash,2581270,80795264,9955528
hash,2581271,80795288,9955531
hash,2581272,137422173880,17177627855
hash,2581273,80785512,9954309
hash,2581274,80795112,9955509
hash,2581275,80795072,9955504
hash,2581276,80795120,9955510
hash,2581277,80788400,9954670
hash,2581278,67459378,8288542
hash,2581279,67459376,8288542
hash,2581280,137422173784,17177627843
hash,2581281,137422173800,17177627845
hash,2581282,137422173816,17177627847
hash,2581283,137422173824,17177627848
hash,2581284,137422173832,17177627849
hash,2581285,137422173840,17177627850
hash,2581286,137422173848,17177627851
hash,2581287,137422173856,17177627852
hash,2581288,137422173864,17177627853
hash,2581289,80795072,9955504
hash,2581290,80795208,9955521
hash,2581291,80822336,9958912
hash,2581292,80799508,9956058
hash,2581293,137422173896,17177627857
hash,2581294,137422173904,17177627858
hash,2581295,137422173912,17177627859
hash,2581296,137422173920,17177627860
hash,2581297,137422173928,17177627861
hash,2581298,137422173936,17177627862
hash,2581299,137422173944,17177627863
hash,2581300,1175616,3072
hash,2581301,78451448,9662551
hash,2581302,137422174008,17177627871
hash,2581303,1175616,3072
hash,2581304,78451448,9662551
hash,2581305,1175649,3076
hash,2581306,137422174024,17177627873
hash,2581307,81812584,10082693
hash,2581308,137422174040,17177627875
hash,2581309,137422174048,17177627876
hash,2581310,137422174056,17177627877
hash,2581311,137422174064,17177627878
hash,2581312,137422174072,17177627879
hash,2581313,137422174080,17177627880
hash,2581314,137422174088,17177627881
hash,2581315,1175328,3036
hash,2581316,78466192,9664394
hash,2581317,1151784,93
hash,2581318,137422174056,17177627877
hash,2581319,78468008,9664621
hash,2581320,81812584,10082693
hash,2581321,78471112,9665009
hash,2581322,1175616,3072
hash,2581323,78451448,9662551
hash,2581324,1175840,3100
hash,2581325,1175656,3077
hash,2581326,137422173888,17177627856
hash,2581327,137422173896,17177627857
hash,2581328,137422173904,17177627858
hash,2581329,137422173912,17177627859
hash,2581330,137422173968,17177627866
hash,2581331,1175616,3072
hash,2581332,78451448,9662551
hash,2581333,1175640,3075
hash,2581334,1175856,3102
hash,2581335,137422173960,17177627865
hash,2581336,78474848,9665476
hash,2581337,78445160,9661765
hash,2581338,78474912,9665484
hash,2581339,78470296,9664907
hash,2581340,80795072,9955504
hash,2581341,81812560,10082690
hash,2581342,80795208,9955521
hash,2581343,80822336,9958912
hash,2581344,80799512,9956059
hash,2581345,137422173848,17177627851
hash,2581346,80795264,9955528
hash,2581347,80795288,9955531
hash,2581348,137422173848,17177627851
hash,2581349,80785512,9954309
hash,2581350,80795112,9955509
hash,2581351,80795072,9955504
hash,2581352,80795120,9955510
hash,2581353,80788400,9954670
hash,2581354,1151784,93
hash,2581355,137422173752,17177627839
hash,2581356,137422173768,17177627841
hash,2581357,137422173784,17177627843
hash,2581358,137422173792,17177627844
hash,2581359,137422173800,17177627845
hash,2581360,137422173808,17177627846
hash,2581361,137422173816,17177627847
hash,2581362,137422173824,17177627848
hash,2581363,137422173832,17177627849
hash,2581364,80795072,9955504
hash,2581365,80795208,9955521
hash,2581366,80822336,9958912
hash,2581367,80799508,9956058
hash,2581368,137422173864,17177627853
hash,2581369,137422173872,17177627854
hash,2581370,137422173880,17177627855
hash,2581371,137422173888,17177627856
hash,2581372,137422173896,17177627857
hash,2581373,137422173904,17177627858
hash,2581374,137422173912,17177627859
hash,2581375,1175616,3072
hash,2581376,78451448,9662551
hash,2581377,137422173976,17177627867
hash,2581378,1175616,3072
hash,2581379,78451448,9662551
hash,2581380,1175649,3076
hash,2581381,137422173992,17177627869
hash,2581382,81812584,10082693
hash,2581383,137422174008,17177627871
hash,2581384,137422174016,17177627872
hash,2581385,137422174024,17177627873
hash,2581386,137422174032,17177627874
hash,2581387,137422174040,17177627875
hash,2581388,137422174048,17177627876
hash,2581389,137422174056,17177627877
hash,2581390,137422174064,17177627878
hash,2581391,137422174072,17177627879
hash,2581392,137422174080,17177627880
hash,2581393,137422174088,17177627881
hash,2581394,137422174104,17177627883
hash,2581395,67459356,8288539
hash,2581396,1175480,3055
hash,2581397,1175616,3072
hash,2581398,78451448,9662551
hash,2581399,1175648,3076
hash,2581400,78465144,9664263
hash,2581401,81812584,10082693
hash,2581402,78471112,9665009
hash,2581403,1175616,3072
hash,2581404,78451448,9662551
hash,2581405,1175840,3100
hash,2581406,1175656,3077
hash,2581407,137422173952,17177627864
hash,2581408,137422173960,17177627865
hash,2581409,137422173968,17177627866
hash,2581410,137422173976,17177627867
hash,2581411,137422174000,17177627870
hash,2581412,1175616,3072
hash,2581413,78451448,9662551
hash,2581414,1175872,3104
hash,2581415,1175849,3101
hash,2581416,1175848,3101
hash,2581417,1175856,3102
hash,2581418,78481840,9666350
hash,2581419,78450064,9662378
hash,2581420,78468136,9664637
hash,2581421,81812584,10082693
hash,2581422,78461464,9663803
hash,2581423,78465560,9664315
hash,2581424,78485512,9666809
hash,2581425,137422173800,17177627845
hash,2581426,1175832,3099
hash,2581427,78483480,9666555
hash,2581428,78482784,9666468
hash,2581429,137422173808,17177627846
hash,2581430,137422173816,17177627847
hash,2581431,137422173824,17177627848
hash,2581432,137422173832,17177627849
hash,2581433,137422173840,17177627850
hash,2581434,137422173848,17177627851
hash,2581435,1175648,3076
hash,2581436,78479763,9666090
hash,2581437,78479762,9666090
hash,2581438,137422173800,17177627845
hash,2581439,137422173880,17177627855
hash,2581440,137422173896,17177627857
hash,2581441,137422173895,17177627856
hash,2581442,78479712,9666084
hash,2581443,1175640,3075
hash,2581444,78474848,9665476
hash,2581445,78445160,9661765
hash,2581446,78474912,9665484
hash,2581447,78470296,9664907
hash,2581448,80795072,9955504
hash,2581449,81812560,10082690
hash,2581450,80795208,9955521
hash,2581451,80822336,9958912
hash,2581452,80799512,9956059
hash,2581453,137422173736,17177627837
hash,2581454,80795264,9955528
hash,2581455,80795288,9955531
hash,2581456,137422173736,17177627837
hash,2581457,80785512,9954309
hash,2581458,80795112,9955509
hash,2581459,80795072,9955504
hash,2581460,80795120,9955510
hash,2581461,80788400,9954670
hash,2581462,137422173846,17177627850
hash,2581463,137422173846,17177627850
hash,2581464,137422173640,17177627825
hash,2581465,137422173656,17177627827
hash,2581466,137422173672,17177627829
hash,2581467,137422173680,17177627830
hash,2581468,137422173688,17177627831
hash,2581469,137422173696,17177627832
hash,2581470,137422173704,17177627833
hash,2581471,137422173712,17177627834
hash,2581472,137422173720,17177627835
hash,2581473,80795072,9955504
hash,2581474,80795208,9955521
hash,2581475,80822336,9958912
hash,2581476,80799508,9956058
hash,2581477,137422173752,17177627839
hash,2581478,137422173760,17177627840
hash,2581479,137422173768,17177627841
hash,2581480,137422173776,17177627842
hash,2581481,137422173784,17177627843
hash,2581482,137422173792,17177627844
hash,2581483,137422173800,17177627845
hash,2581484,137422173912,17177627859
hash,2581485,81812584,10082693
hash,2581486,137422173928,17177627861
hash,2581487,137422173936,17177627862
hash,2581488,137422173944,17177627863
hash,2581489,137422173952,17177627864
hash,2581490,137422173960,17177627865
hash,2581491,137422173968,17177627866
hash,2581492,137422173976,17177627867
hash,2581493,137422174008,17177627871
hash,2581494,1175616,3072
hash,2581495,78451448,9662551
hash,2581496,1175649,3076
hash,2581497,137422174024,17177627873
hash,2581498,81812584,10082693
hash,2581499,137422174040,17177627875
hash,2581500,137422174048,17177627876
hash,2581501,137422174056,17177627877
hash,2581502,137422174064,17177627878
hash,2581503,137422174072,17177627879
hash,2581504,137422174080,17177627880
hash,2581505,137422174088,17177627881
hash,2581506,1175328,3036
hash,2581507,78466192,9664394
hash,2581508,1151784,93
hash,2581509,137422174056,17177627877
hash,2581510,78468008,9664621
hash,2581511,81812584,10082693
hash,2581512,78471112,9665009
hash,2581513,1175616,3072
hash,2581514,78451448,9662551
hash,2581515,1175840,3100
hash,2581516,1175656,3077
hash,2581517,137422173888,17177627856
hash,2581518,137422173896,17177627857
hash,2581519,137422173904,17177627858
hash,2581520,137422173912,17177627859
hash,2581521,137422173968,17177627866
hash,2581522,1175616,3072
hash,2581523,78451448,9662551
hash,2581524,1175640,3075
hash,2581525,1175856,3102
hash,2581526,137422173960,17177627865
hash,2581527,78474848,9665476
hash,2581528,78445160,9661765
hash,2581529,78474912,9665484
hash,2581530,78470296,9664907
hash,2581531,80795072,9955504
hash,2581532,81812560,10082690
hash,2581533,80795208,9955521
hash,2581534,80822336,9958912
hash,2581535,80799512,9956059
hash,2581536,137422173848,17177627851
hash,2581537,80795264,9955528
hash,2581538,80795288,9955531
hash,2581539,137422173848,17177627851
hash,2581540,80785512,9954309
hash,2581541,80795112,9955509
hash,2581542,80795072,9955504
hash,2581543,80795120,9955510
hash,2581544,80788400,9954670
hash,2581545,1151784,93
hash,2581546,137422173752,17177627839
hash,2581547,137422173768,17177627841
hash,2581548,137422173784,17177627843
hash,2581549,137422173792,17177627844
hash,2581550,137422173800,17177627845
hash,2581551,137422173808,17177627846
hash,2581552,137422173816,17177627847
hash,2581553,137422173824,17177627848
hash,2581554,137422173832,17177627849
hash,2581555,80795072,9955504
hash,2581556,80795208,9955521
hash,2581557,80822336,9958912
hash,2581558,80799508,9956058
hash,2581559,137422173864,17177627853
hash,2581560,137422173872,17177627854
hash,2581561,137422173880,17177627855
hash,2581562,137422173888,17177627856
hash,2581563,137422173896,17177627857
hash,2581564,137422173904,17177627858
hash,2581565,137422173912,17177627859
hash,2581566,1175616,3072
hash,2581567,78451448,9662551
hash,2581568,137422173976,17177627867
hash,2581569,1175616,3072
hash,2581570,78451448,9662551
hash,2581571,1175649,3076
hash,2581572,137422173992,17177627869
hash,2581573,81812584,10082693
hash,2581574,137422174008,17177627871
hash,2581575,137422174016,17177627872
hash,2581576,137422174024,17177627873
hash,2581577,137422174032,17177627874
hash,2581578,137422174040,17177627875
hash,2581579,137422174048,17177627876
hash,2581580,137422174056,17177627877
hash,2581581,137422174064,17177627878
hash,2581582,137422174072,17177627879
hash,2581583,137422174080,17177627880
hash,2581584,137422174088,17177627881
hash,2581585,137422174104,17177627883
hash,2581586,1175312,3034
hash,2581587,67459400,8288545
hash,2581588,67459392,8288544
hash,2581589,78468008,9664621
hash,2581590,81812584,10082693
hash,2581591,78471112,9665009
hash,2581592,1175616,3072
hash,2581593,78451448,9662551
hash,2581594,1175840,3100
hash,2581595,1175656,3077
hash,2581596,137422173920,17177627860
hash,2581597,137422173928,17177627861
hash,2581598,137422173936,17177627862
hash,2581599,137422173944,17177627863
hash,2581600,137422174000,17177627870
hash,2581601,1175616,3072
hash,2581602,78451448,9662551
hash,2581603,1175640,3075
hash,2581604,1175856,3102
hash,2581605,137422173992,17177627869
hash,2581606,78474848,9665476
hash,2581607,78445160,9661765
hash,2581608,78474912,9665484
hash,2581609,78470296,9664907
hash,2581610,80795072,9955504
hash,2581611,81812560,10082690
hash,2581612,80795208,9955521
hash,2581613,80822336,9958912
hash,2581614,80799512,9956059
hash,2581615,137422173880,17177627855
hash,2581616,80795264,9955528
hash,2581617,80795288,9955531
hash,2581618,137422173880,17177627855
hash,2581619,80785512,9954309
hash,2581620,80795112,9955509
hash,2581621,80795072,9955504
hash,2581622,80795120,9955510
hash,2581623,80788400,9954670
hash,2581624,67459408,8288546
hash,2581625,67459408,8288546
hash,2581626,137422173784,17177627843
hash,2581627,137422173800,17177627845
hash,2581628,137422173816,17177627847
hash,2581629,137422173824,17177627848
hash,2581630,137422173832,17177627849
hash,2581631,137422173840,17177627850
hash,2581632,137422173848,17177627851
hash,2581633,137422173856,17177627852
hash,2581634,137422173864,17177627853
hash,2581635,80795072,9955504
hash,2581636,80795208,9955521
hash,2581637,80822336,9958912
hash,2581638,80799508,9956058
hash,2581639,137422173896,17177627857
hash,2581640,137422173904,17177627858
hash,2581641,137422173912,17177627859
hash,2581642,137422173920,17177627860
hash,2581643,137422173928,17177627861
hash,2581644,137422173936,17177627862
hash,2581645,137422173944,17177627863
hash,2581646,1175616,3072
hash,2581647,78451448,9662551
hash,2581648,137422174008,17177627871
hash,2581649,1175616,3072
hash,2581650,78451448,9662551
hash,2581651,1175649,3076
hash,2581652,137422174024,17177627873
hash,2581653,81812584,10082693
hash,2581654,137422174040,17177627875
hash,2581655,137422174048,17177627876
hash,2581656,137422174056,17177627877
hash,2581657,137422174064,17177627878
hash,2581658,137422174072,17177627879
hash,2581659,137422174080,17177627880
hash,2581660,137422174088,17177627881
hash,2581661,1175328,3036
hash,2581662,78466192,9664394
hash,2581663,1151784,93
hash,2581664,137422174056,17177627877
hash,2581665,78468008,9664621
hash,2581666,81812584,10082693
hash,2581667,78471112,9665009
hash,2581668,1175616,3072
hash,2581669,78451448,9662551
hash,2581670,1175840,3100
hash,2581671,1175656,3077
hash,2581672,137422173888,17177627856
hash,2581673,137422173896,17177627857
hash,2581674,137422173904,17177627858
hash,2581675,137422173912,17177627859
hash,2581676,137422173968,17177627866
hash,2581677,1175616,3072
hash,2581678,78451448,9662551
hash,2581679,1175640,3075
hash,2581680,1175856,3102
hash,2581681,137422173960,17177627865
hash,2581682,78474848,9665476
hash,2581683,78445160,9661765
hash,2581684,78474912,9665484
hash,2581685,78470296,9664907
hash,2581686,80795072,9955504
hash,2581687,81812560,10082690
hash,2581688,80795208,9955521
hash,2581689,80822336,9958912
hash,2581690,80799512,9956059
hash,2581691,137422173848,17177627851
hash,2581692,80795264,9955528
hash,2581693,80795288,9955531
hash,2581694,137422173848,17177627851
hash,2581695,80785512,9954309
hash,2581696,80795112,9955509
hash,2581697,80795072,9955504
hash,2581698,80795120,9955510
hash,2581699,80788400,9954670
hash,2581700,1151784,93
hash,2581701,137422173752,17177627839
hash,2581702,137422173768,17177627841
hash,2581703,137422173784,17177627843
hash,2581704,137422173792,17177627844
hash,2581705,137422173800,17177627845
hash,2581706,137422173808,17177627846
hash,2581707,137422173816,17177627847
hash,2581708,137422173824,17177627848
hash,2581709,137422173832,17177627849
hash,2581710,80795072,9955504
hash,2581711,80795208,9955521
hash,2581712,80822336,9958912
hash,2581713,80799508,9956058
hash,2581714,137422173864,17177627853
hash,2581715,137422173872,17177627854
hash,2581716,137422173880,17177627855
hash,2581717,137422173888,17177627856
hash,2581718,137422173896,17177627857
hash,2581719,137422173904,17177627858
hash,2581720,137422173912,17177627859
hash,2581721,1175616,3072
hash,2581722,78451448,9662551
hash,2581723,137422173976,17177627867
hash,2581724,1175616,3072
hash,2581725,78451448,9662551
hash,2581726,1175649,3076
hash,2581727,137422173992,17177627869
hash,2581728,81812584,10082693
hash,2581729,137422174008,17177627871
hash,2581730,137422174016,17177627872
hash,2581731,137422174024,17177627873
hash,2581732,137422174032,17177627874
hash,2581733,137422174040,17177627875
hash,2581734,137422174048,17177627876
hash,2581735,137422174056,17177627877
hash,2581736,137422174064,17177627878
hash,2581737,137422174072,17177627879
hash,2581738,137422174080,17177627880
hash,2581739,137422174088,17177627881
hash,2581740,137422174104,17177627883
hash,2581741,1175312,3034
hash,2581742,67459432,8288549
hash,2581743,67459424,8288548
hash,2581744,78468008,9664621
hash,2581745,81812584,10082693
hash,2581746,78471112,9665009
hash,2581747,1175616,3072
hash,2581748,78451448,9662551
hash,2581749,1175840,3100
hash,2581750,1175656,3077
hash,2581751,137422173920,17177627860
hash,2581752,137422173928,17177627861
hash,2581753,137422173936,17177627862
hash,2581754,137422173944,17177627863
hash,2581755,137422174000,17177627870
hash,2581756,1175616,3072
hash,2581757,78451448,9662551
hash,2581758,1175640,3075
hash,2581759,1175856,3102
hash,2581760,137422173992,17177627869
hash,2581761,78474848,9665476
hash,2581762,78445160,9661765
hash,2581763,78474912,9665484
hash,2581764,78470296,9664907
hash,2581765,80795072,9955504
hash,2581766,81812560,10082690
hash,2581767,80795208,9955521
hash,2581768,80822336,9958912
hash,2581769,80799512,9956059
hash,2581770,137422173880,17177627855
hash,2581771,80795264,9955528
hash,2581772,80795288,9955531
hash,2581773,137422173880,17177627855
hash,2581774,80785512,9954309
hash,2581775,80795112,9955509
hash,2581776,80795072,9955504
hash,2581777,80795120,9955510
hash,2581778,80788400,9954670
hash,2581779,67459440,8288550
hash,2581780,67459440,8288550
hash,2581781,137422173784,17177627843
hash,2581782,137422173800,17177627845
hash,2581783,137422173816,17177627847
hash,2581784,137422173824,17177627848
hash,2581785,137422173832,17177627849
hash,2581786,137422173840,17177627850
hash,2581787,137422173848,17177627851
hash,2581788,137422173856,17177627852
hash,2581789,137422173864,17177627853
hash,2581790,80795072,9955504
hash,2581791,80795208,9955521
hash,2581792,80822336,9958912
hash,2581793,80799508,9956058
hash,2581794,137422173896,17177627857
hash,2581795,137422173904,17177627858
hash,2581796,137422173912,17177627859
hash,2581797,137422173920,17177627860
hash,2581798,137422173928,17177627861
hash,2581799,137422173936,17177627862
hash,2581800,137422173944,17177627863
hash,2581801,1175616,3072
hash,2581802,78451448,9662551
hash,2581803,137422174008,17177627871
hash,2581804,1175616,3072
hash,2581805,78451448,9662551
hash,2581806,1175649,3076
hash,2581807,137422174024,17177627873
hash,2581808,81812584,10082693
hash,2581809,137422174040,17177627875
hash,2581810,137422174048,17177627876
hash,2581811,137422174056,17177627877
hash,2581812,137422174064,17177627878
hash,2581813,137422174072,17177627879
hash,2581814,137422174080,17177627880
hash,2581815,137422174088,17177627881
hash,2581816,1175328,3036
hash,2581817,78466192,9664394
hash,2581818,1151784,93
hash,2581819,137422174056,17177627877
hash,2581820,78468008,9664621
hash,2581821,81812584,10082693
hash,2581822,78471112,9665009
hash,2581823,1175616,3072
hash,2581824,78451448,9662551
hash,2581825,1175840,3100
hash,2581826,1175656,3077
hash,2581827,137422173888,17177627856
hash,2581828,137422173896,17177627857
hash,2581829,137422173904,17177627858
hash,2581830,137422173912,17177627859
hash,2581831,137422173968,17177627866
hash,2581832,1175616,3072
hash,2581833,78451448,9662551
hash,2581834,1175640,3075
hash,2581835,1175856,3102
hash,2581836,137422173960,17177627865
hash,2581837,78474848,9665476
hash,2581838,78445160,9661765
hash,2581839,78474912,9665484
hash,2581840,78470296,9664907
hash,2581841,80795072,9955504
hash,2581842,81812560,10082690
hash,2581843,80795208,9955521
hash,2581844,80822336,9958912
hash,2581845,80799512,9956059
hash,2581846,137422173848,17177627851
hash,2581847,80795264,9955528
hash,2581848,80795288,9955531
hash,2581849,137422173848,17177627851
hash,2581850,80785512,9954309
hash,2581851,80795112,9955509
hash,2581852,80795072,9955504
hash,2581853,80795120,9955510
hash,2581854,80788400,9954670
hash,2581855,1151784,93
hash,2581856,137422173752,17177627839
hash,2581857,137422173768,17177627841
hash,2581858,137422173784,17177627843
hash,2581859,137422173792,17177627844
hash,2581860,137422173800,17177627845
hash,2581861,137422173808,17177627846
hash,2581862,137422173816,17177627847
hash,2581863,137422173824,17177627848
hash,2581864,137422173832,17177627849
hash,2581865,80795072,9955504
hash,2581866,80795208,9955521
hash,2581867,80822336,9958912
hash,2581868,80799508,9956058
hash,2581869,137422173864,17177627853
hash,2581870,137422173872,17177627854
hash,2581871,137422173880,17177627855
hash,2581872,137422173888,17177627856
hash,2581873,137422173896,17177627857
hash,2581874,137422173904,17177627858
hash,2581875,137422173912,17177627859
hash,2581876,1175616,3072
hash,2581877,78451448,9662551
hash,2581878,137422173976,17177627867
hash,2581879,1175616,3072
hash,2581880,78451448,9662551
hash,2581881,1175649,3076
hash,2581882,137422173992,17177627869
hash,2581883,81812584,10082693
hash,2581884,137422174008,17177627871
hash,2581885,137422174016,17177627872
hash,2581886,137422174024,17177627873
hash,2581887,137422174032,17177627874
hash,2581888,137422174040,17177627875
hash,2581889,137422174048,17177627876
hash,2581890,137422174056,17177627877
hash,2581891,137422174064,17177627878
hash,2581892,137422174072,17177627879
hash,2581893,137422174080,17177627880
hash,2581894,137422174088,17177627881
hash,2581895,137422174104,17177627883
hash,2581896,1175312,3034
hash,2581897,67459464,8288553
hash,2581898,67459456,8288552
hash,2581899,78468008,9664621
hash,2581900,81812584,10082693
hash,2581901,78471112,9665009
hash,2581902,1175616,3072
hash,2581903,78451448,9662551
hash,2581904,1175840,3100
hash,2581905,1175656,3077
hash,2581906,137422173920,17177627860
hash,2581907,137422173928,17177627861
hash,2581908,137422173936,17177627862
hash,2581909,137422173944,17177627863
hash,2581910,137422174000,17177627870
hash,2581911,1175616,3072
hash,2581912,78451448,9662551
hash,2581913,1175640,3075
hash,2581914,1175856,3102
hash,2581915,137422173992,17177627869
hash,2581916,78474848,9665476
hash,2581917,78445160,9661765
hash,2581918,78474912,9665484
hash,2581919,78470296,9664907
hash,2581920,80795072,9955504
hash,2581921,81812560,10082690
hash,2581922,80795208,9955521
hash,2581923,80822336,9958912
hash,2581924,80799512,9956059
hash,2581925,137422173880,17177627855
hash,2581926,80795264,9955528
hash,2581927,80795288,9955531
hash,2581928,137422173880,17177627855
hash,2581929,80785512,9954309
hash,2581930,80795112,9955509
hash,2581931,80795072,9955504
hash,2581932,80795120,9955510
hash,2581933,80788400,9954670
hash,2581934,67459474,8288554
hash,2581935,67459472,8288554
hash,2581936,137422173784,17177627843
hash,2581937,137422173800,17177627845
hash,2581938,137422173816,17177627847
hash,2581939,137422173824,17177627848
hash,2581940,137422173832,17177627849
hash,2581941,137422173840,17177627850
hash,2581942,137422173848,17177627851
hash,2581943,137422173856,17177627852
hash,2581944,137422173864,17177627853
hash,2581945,80795072,9955504
hash,2581946,80795208,9955521
hash,2581947,80822336,9958912
hash,2581948,80799508,9956058
hash,2581949,137422173896,17177627857
hash,2581950,137422173904,17177627858
hash,2581951,137422173912,17177627859
hash,2581952,137422173920,17177627860
hash,2581953,137422173928,17177627861
hash,2581954,137422173936,17177627862
hash,2581955,137422173944,17177627863
hash,2581956,1175616,3072
hash,2581957,78451448,9662551
hash,2581958,137422174008,17177627871
hash,2581959,1175616,3072
hash,2581960,78451448,9662551
hash,2581961,1175649,3076
hash,2581962,137422174024,17177627873
hash,2581963,81812584,10082693
hash,2581964,137422174040,17177627875
hash,2581965,137422174048,17177627876
hash,2581966,137422174056,17177627877
hash,2581967,137422174064,17177627878
hash,2581968,137422174072,17177627879
hash,2581969,137422174080,17177627880
hash,2581970,137422174088,17177627881
hash,2581971,1175368,3041
hash,2581972,1175616,3072
hash,2581973,78451448,9662551
hash,2581974,1175640,3075
hash,2581975,137422174060,17177627877
hash,2581976,78464656,9664202
hash,2581977,81812584,10082693
hash,2581978,78471112,9665009
hash,2581979,1175616,3072
hash,2581980,78451448,9662551
hash,2581981,1175840,3100
hash,2581982,1175656,3077
hash,2581983,137422173936,17177627862
hash,2581984,137422173944,17177627863
hash,2581985,137422173952,17177627864
hash,2581986,137422173960,17177627865
hash,2581987,137422173968,17177627866
hash,2581988,1175616,3072
hash,2581989,78451448,9662551
hash,2581990,1175856,3102
hash,2581991,78474888,9665481
hash,2581992,78474896,9665482
hash,2581993,78474848,9665476
hash,2581994,78445168,9661766
hash,2581995,78474912,9665484
hash,2581996,78468040,9664625
hash,2581997,80795188,9955518
hash,2581998,80795112,9955509
hash,2581999,80795120,9955510
hash,2582000,137422173928,17177627861
hash,2582001,137422173936,17177627862
hash,2582002,137422173944,17177627863
hash,2582003,137422173952,17177627864
hash,2582004,137422173960,17177627865
hash,2582005,137422173976,17177627867
hash,2582006,1175616,3072
hash,2582007,78451448,9662551
hash,2582008,1175649,3076
hash,2582009,137422173992,17177627869
hash,2582010,81812584,10082693
hash,2582011,137422174008,17177627871
hash,2582012,137422174016,17177627872
hash,2582013,137422174024,17177627873
hash,2582014,137422174032,17177627874
hash,2582015,137422174040,17177627875
hash,2582016,137422174072,17177627879
hash,2582017,137422174080,17177627880
hash,2582018,137422174088,17177627881
hash,2582019,137422174112,17177627884
hash,2582020,137422174120,17177627885
hash,2582021,137422174136,17177627887
hash,2582022,137422174156,17177627889
hash,2582023,137422174072,17177627879
hash,2582024,137422174068,17177627878
hash,2582025,137422174040,17177627875
hash,2582026,137422174728,17177627961
hash,2582027,137422174036,17177627874
hash,2582028,137422174048,17177627876
hash,2582029,137422174056,17177627877
hash,2582030,137422174088,17177627881
hash,2582031,137422174040,17177627875
hash,2582032,67443468,8286553
hash,2582033,137422174048,17177627876
hash,2582034,137422174056,17177627877
hash,2582035,137422174104,17177627883
hash,2582036,137422174112,17177627884
hash,2582037,137422174120,17177627885
hash,2582038,137422174104,17177627883
hash,2582039,137422174072,17177627879
hash,2582040,137422174188,17177627893
hash,2582041,137422174080,17177627880
hash,2582042,137422174088,17177627881
hash,2582043,137422174112,17177627884
hash,2582044,137422174120,17177627885
hash,2582045,137422174152,17177627889
hash,2582046,137422174104,17177627883
hash,2582047,137422174072,17177627879
hash,2582048,137422174024,17177627873
hash,2582049,137422174188,17177627893
hash,2582050,137422174044,17177627875
hash,2582051,137422174024,17177627873
hash,2582052,137422174188,17177627893
hash,2582053,137422174044,17177627875
hash,2582054,137422174024,17177627873
hash,2582055,137422174188,17177627893
hash,2582056,137422174044,17177627875
hash,2582057,137422174024,17177627873
hash,2582058,137422174188,17177627893
hash,2582059,137422174044,17177627875
hash,2582060,137422174024,17177627873
hash,2582061,137422174188,17177627893
hash,2582062,137422174044,17177627875
hash,2582063,137422174024,17177627873
hash,2582064,137422174188,17177627893
hash,2582065,137422174044,17177627875
hash,2582066,137422174024,17177627873
hash,2582067,137422174188,17177627893
hash,2582068,137422174044,17177627875
hash,2582069,137422174024,17177627873
hash,2582070,137422174188,17177627893
hash,2582071,137422174044,17177627875
hash,2582072,137422174024,17177627873
hash,2582073,137422174188,17177627893
hash,2582074,137422174044,17177627875
hash,2582075,137422174024,17177627873
hash,2582076,137422174188,17177627893
hash,2582077,137422174044,17177627875
hash,2582078,137422174024,17177627873
hash,2582079,137422174188,17177627893
hash,2582080,137422174044,17177627875
hash,2582081,137422174024,17177627873
hash,2582082,137422174188,17177627893
hash,2582083,137422174044,17177627875
hash,2582084,137422174024,17177627873
hash,2582085,137422174188,17177627893
hash,2582086,137422174044,17177627875
hash,2582087,137422174024,17177627873
hash,2582088,137422174188,17177627893
hash,2582089,137422174044,17177627875
hash,2582090,137422174024,17177627873
hash,2582091,137422174188,17177627893
hash,2582092,137422174044,17177627875
hash,2582093,137422174024,17177627873
hash,2582094,137422174188,17177627893
hash,2582095,137422174044,17177627875
hash,2582096,137422174024,17177627873
hash,2582097,137422174188,17177627893
hash,2582098,137422174044,17177627875
hash,2582099,137422174024,17177627873
hash,2582100,137422174188,17177627893
hash,2582101,137422174044,17177627875
hash,2582102,137422174024,17177627873
hash,2582103,137422174188,17177627893
hash,2582104,137422174044,17177627875
hash,2582105,137422174048,17177627876
hash,2582106,137422174056,17177627877
hash,2582107,137422174072,17177627879
hash,2582108,137422174176,17177627892
hash,2582109,1175320,3035
hash,2582110,78466120,9664385
hash,2582111,80788984,9954743
hash,2582112,67530056,8297377
hash,2582113,81812384,10082668
hash,2582114,80788888,9954731
hash,2582115,81812440,10082675
hash,2582116,67530056,8297377
hash,2582117,80788888,9954731
hash,2582118,81812440,10082675
hash,2582119,80789992,9954869
hash,2582120,80790008,9954871
hash,2582121,80818552,9958439
hash,2582122,67530072,8297379
hash,2582123,67346454,8274426
hash,2582124,80818552,9958439
hash,2582125,67346600,8274445
hash,2582126,137422173960,17177627865
hash,2582127,137422173968,17177627866
hash,2582128,137422173976,17177627867
hash,2582129,137422173984,17177627868
hash,2582130,137422173992,17177627869
hash,2582131,137422174024,17177627873
hash,2582132,137422174032,17177627874
hash,2582133,137422174040,17177627875
hash,2582134,137422174048,17177627876
hash,2582135,137422174056,17177627877
hash,2582136,137422174080,17177627880
hash,2582137,137422174088,17177627881
hash,2582138,137422174112,17177627884
hash,2582139,137422174120,17177627885
hash,2582140,137422174232,17177627899
hash,2582141,81812584,10082693
hash,2582142,137422174248,17177627901
hash,2582143,137422174256,17177627902
hash,2582144,137422174264,17177627903
hash,2582145,137422174248,17177627901
hash,2582146,137422174200,17177627895
hash,2582147,137422174316,17177627909
hash,2582148,137422174220,17177627897
hash,2582149,137422174200,17177627895
hash,2582150,137422174304,17177627908
hash,2582151,137422174220,17177627897
hash,2582152,1175256,3027
hash,2582153,67437904,8285858
hash,2582154,137422174184,17177627893
hash,2582155,137422174200,17177627895
hash,2582156,137422174316,17177627909
hash,2582157,137422174220,17177627897
hash,2582158,137422174200,17177627895
hash,2582159,137422174304,17177627908
hash,2582160,137422174220,17177627897
hash,2582161,1175256,3027
hash,2582162,67437936,8285862
hash,2582163,137422174184,17177627893
hash,2582164,137422174200,17177627895
hash,2582165,137422174316,17177627909
hash,2582166,137422174220,17177627897
hash,2582167,137422174200,17177627895
hash,2582168,137422174304,17177627908
hash,2582169,137422174220,17177627897
hash,2582170,1175256,3027
hash,2582171,67437968,8285866
hash,2582172,137422174184,17177627893
hash,2582173,137422174200,17177627895
hash,2582174,137422174316,17177627909
hash,2582175,137422174220,17177627897
hash,2582176,137422174200,17177627895
hash,2582177,137422174304,17177627908
hash,2582178,137422174220,17177627897
hash,2582179,1175256,3027
hash,2582180,67438000,8285870
hash,2582181,137422174184,17177627893
hash,2582182,137422174200,17177627895
hash,2582183,137422174316,17177627909
hash,2582184,137422174220,17177627897
hash,2582185,137422174200,17177627895
hash,2582186,137422174304,17177627908
hash,2582187,137422174220,17177627897
hash,2582188,1175256,3027
hash,2582189,67438032,8285874
hash,2582190,137422174184,17177627893
hash,2582191,137422174200,17177627895
hash,2582192,137422174316,17177627909
hash,2582193,137422174220,17177627897
hash,2582194,137422174200,17177627895
hash,2582195,137422174304,17177627908
hash,2582196,137422174220,17177627897
hash,2582197,1175256,3027
hash,2582198,67438064,8285878
hash,2582199,137422174184,17177627893
hash,2582200,137422174200,17177627895
hash,2582201,137422174316,17177627909
hash,2582202,137422174220,17177627897
hash,2582203,137422174200,17177627895
hash,2582204,137422174304,17177627908
hash,2582205,137422174220,17177627897
hash,2582206,1175256,3027
hash,2582207,67438096,8285882
hash,2582208,137422174184,17177627893
hash,2582209,137422174200,17177627895
hash,2582210,137422174316,17177627909
hash,2582211,137422174220,17177627897
hash,2582212,137422174200,17177627895
hash,2582213,137422174304,17177627908
hash,2582214,137422174220,17177627897
hash,2582215,1175256,3027
hash,2582216,67438128,8285886
hash,2582217,137422174184,17177627893
hash,2582218,137422174200,17177627895
hash,2582219,137422174316,17177627909
hash,2582220,137422174220,17177627897
hash,2582221,137422174200,17177627895
hash,2582222,137422174304,17177627908
hash,2582223,137422174220,17177627897
hash,2582224,1175256,3027
hash,2582225,67438160,8285890
hash,2582226,137422174184,17177627893
hash,2582227,137422174200,17177627895
hash,2582228,137422174316,17177627909
hash,2582229,137422174220,17177627897
hash,2582230,137422174224,17177627898
hash,2582231,137422174232,17177627899
hash,2582232,137422174248,17177627901
hash,2582233,137422174304,17177627908
hash,2582234,1175320,3035
hash,2582235,78466120,9664385
hash,2582236,80788984,9954743
hash,2582237,67437896,8285857
hash,2582238,81812384,10082668
hash,2582239,80788888,9954731
hash,2582240,81812440,10082675
hash,2582241,67437896,8285857
hash,2582242,80788888,9954731
hash,2582243,81812440,10082675
hash,2582244,80789992,9954869
hash,2582245,80790008,9954871
hash,2582246,80818552,9958439
hash,2582247,67437912,8285859
hash,2582248,67346510,8274433
hash,2582249,80818552,9958439
hash,2582250,67346824,8274473
hash,2582251,137422174136,17177627887
hash,2582252,137422174144,17177627888
hash,2582253,137422174152,17177627889
hash,2582254,137422174160,17177627890
hash,2582255,137422174168,17177627891
hash,2582256,137422174200,17177627895
hash,2582257,137422174208,17177627896
hash,2582258,137422174216,17177627897
hash,2582259,137422174224,17177627898
hash,2582260,137422174232,17177627899
hash,2582261,137422174256,17177627902
hash,2582262,137422174264,17177627903
hash,2582263,137422174280,17177627905
hash,2582264,137422174236,17177627899
hash,2582265,137422174236,17177627899
hash,2582266,81812584,10082693
hash,2582267,1175176,3017
hash,2582268,81812584,10082693
hash,2582269,78464048,9664126
hash,2582270,80789168,9954766
hash,2582271,67337640,8273325
hash,2582272,137422174120,17177627885
hash,2582273,137422174128,17177627886
hash,2582274,137422174136,17177627887
hash,2582275,137422174152,17177627889
hash,2582276,81812584,10082693
hash,2582277,137422174160,17177627890
hash,2582278,137422174168,17177627891
hash,2582279,137422174152,17177627889
hash,2582280,137422174176,17177627892
hash,2582281,137422174160,17177627890
hash,2582282,137422174168,17177627891
hash,2582283,137422174152,17177627889
hash,2582284,81812584,10082693
hash,2582285,137422174088,17177627881
hash,2582286,137422174056,17177627877
hash,2582287,137422174184,17177627893
hash,2582288,137422174064,17177627878
hash,2582289,137422174072,17177627879
hash,2582290,137422174048,17177627876
hash,2582291,137422174104,17177627883
hash,2582292,137422174056,17177627877
hash,2582293,137422174064,17177627878
hash,2582294,137422174072,17177627879
hash,2582295,137422174112,17177627884
hash,2582296,137422174120,17177627885
hash,2582297,81812584,10082693
hash,2582298,137422174128,17177627886
hash,2582299,137422174136,17177627887
hash,2582300,137422174160,17177627890
hash,2582301,137422174168,17177627891
hash,2582302,137422174152,17177627889
hash,2582303,137422174192,17177627894
hash,2582304,137422174160,17177627890
hash,2582305,137422174168,17177627891
hash,2582306,137422174200,17177627895
hash,2582307,81812584,10082693
hash,2582308,137422174208,17177627896
hash,2582309,137422174216,17177627897
hash,2582310,137422174236,17177627899
hash,2582311,1176288,3156
hash,2582312,137422174236,17177627899
hash,2582313,137422174236,17177627899
hash,2582314,1176296,3157
hash,2582315,137422174248,17177627901
hash,2582316,137422174224,17177627898
hash,2582317,137422174236,17177627899
hash,2582318,137422174256,17177627902
hash,2582319,137422174264,17177627903
hash,2582320,1175256,3027
hash,2582321,137422174800,17177627970
hash,2582322,137422174264,17177627903
hash,2582323,1175288,3031
hash,2582324,78459608,9663571
hash,2582325,78459712,9663584
hash,2582326,137422175056,17177628002
hash,2582327,78465072,9664254
hash,2582328,78466120,9664385
hash,2582329,80788984,9954743
hash,2582330,67535048,8298001
hash,2582331,81812384,10082668
hash,2582332,80788888,9954731
hash,2582333,81812440,10082675
hash,2582334,67535048,8298001
hash,2582335,80788888,9954731
hash,2582336,81812440,10082675
hash,2582337,80789992,9954869
hash,2582338,80790008,9954871
hash,2582339,80818552,9958439
hash,2582340,67535064,8298003
hash,2582341,67346456,8274427
hash,2582342,80818552,9958439
hash,2582343,67346608,8274446
hash,2582344,137422174136,17177627887
hash,2582345,137422174144,17177627888
hash,2582346,137422174152,17177627889
hash,2582347,137422174160,17177627890
hash,2582348,137422174168,17177627891
hash,2582349,137422174200,17177627895
hash,2582350,137422174208,17177627896
hash,2582351,137422174216,17177627897
hash,2582352,137422174224,17177627898
hash,2582353,137422174232,17177627899
hash,2582354,78461288,9663781
hash,2582355,78468456,9664677
hash,2582356,137422175040,17177628000
hash,2582357,78477272,9665779
hash,2582358,137422174216,17177627897
hash,2582359,137422174224,17177627898
hash,2582360,137422174232,17177627899
hash,2582361,78460136,9663637
hash,2582362,137422174248,17177627901
hash,2582363,137422174256,17177627902
hash,2582364,78468792,9664719
hash,2582365,78461968,9663866
hash,2582366,78467200,9664520
hash,2582367,137422175128,17177628011
hash,2582368,137422174200,17177627895
hash,2582369,137422174208,17177627896
hash,2582370,137422174216,17177627897
hash,2582371,137422174224,17177627898
hash,2582372,137422174232,17177627899
hash,2582373,78463568,9664066
hash,2582374,137422175128,17177628011
hash,2582375,137422174200,17177627895
hash,2582376,137422174208,17177627896
hash,2582377,137422174216,17177627897
hash,2582378,137422174224,17177627898
hash,2582379,137422174232,17177627899
hash,2582380,137422175288,17177628031
hash,2582381,137422174248,17177627901
hash,2582382,137422174256,17177627902
hash,2582383,78468456,9664677
hash,2582384,137422175296,17177628032
hash,2582385,78477272,9665779
hash,2582386,137422174248,17177627901
hash,2582387,137422174256,17177627902
hash,2582388,137422174264,17177627903
hash,2582389,1175184,3018
hash,2582390,1175904,3108
hash,2582391,78448728,9662211
hash,2582392,1176160,3140
hash,2582393,78482008,9666371
hash,2582394,78482019,9666372
hash,2582395,137422174232,17177627899
hash,2582396,137422174240,17177627900
hash,2582397,137422174248,17177627901
hash,2582398,137422174256,17177627902
hash,2582399,78463696,9664082
hash,2582400,81812584,10082693
hash,2582401,78470000,9664870
hash,2582402,1175904,3108
hash,2582403,78448728,9662211
hash,2582404,1175952,3114
hash,2582405,1176136,3137
hash,2582406,78467688,9664581
hash,2582407,1175616,3072
hash,2582408,81812584,10082693
hash,2582409,78451448,9662551
hash,2582410,1175856,3102
hash,2582411,78471112,9665009
hash,2582412,1175616,3072
hash,2582413,78451448,9662551
hash,2582414,1175840,3100
hash,2582415,1175656,3077
hash,2582416,137422174000,17177627870
hash,2582417,137422174008,17177627871
hash,2582418,137422174016,17177627872
hash,2582419,137422174024,17177627873
hash,2582420,137422174032,17177627874
hash,2582421,1175616,3072
hash,2582422,78451448,9662551
hash,2582423,1175856,3102
hash,2582424,78474848,9665476
hash,2582425,78445112,9661759
hash,2582426,78474912,9665484
hash,2582427,78471280,9665030
hash,2582428,80795072,9955504
hash,2582429,80795208,9955521
hash,2582430,80822336,9958912
hash,2582431,81812560,10082690
hash,2582432,80799512,9956059
hash,2582433,80795288,9955531
hash,2582434,80785552,9954314
hash,2582435,80795112,9955509
hash,2582436,80795104,9955508
hash,2582437,80795264,9955528
hash,2582438,80795288,9955531
hash,2582439,80795072,9955504
hash,2582440,80795088,9955506
hash,2582441,80795104,9955508
hash,2582442,80785576,9954317
hash,2582443,80795184,9955518
hash,2582444,80795188,9955518
hash,2582445,80822336,9958912
hash,2582446,137422173832,17177627849
hash,2582447,80795216,9955522
hash,2582448,137422173840,17177627850
hash,2582449,137422173848,17177627851
hash,2582450,137422173856,17177627852
hash,2582451,137422173864,17177627853
hash,2582452,137422173872,17177627854
hash,2582453,137422173880,17177627855
hash,2582454,80795200,9955520
hash,2582455,80795128,9955511
hash,2582456,80795264,9955528
hash,2582457,80795072,9955504
hash,2582458,80795136,9955512
hash,2582459,137422173896,17177627857
hash,2582460,137422173904,17177627858
hash,2582461,137422173912,17177627859
hash,2582462,137422173920,17177627860
hash,2582463,137422173928,17177627861
hash,2582464,137422173936,17177627862
hash,2582465,137422173944,17177627863
hash,2582466,80795080,9955505
hash,2582467,80795088,9955506
hash,2582468,137422173968,17177627866
hash,2582469,137422173976,17177627867
hash,2582470,137422173984,17177627868
hash,2582471,137422173992,17177627869
hash,2582472,80795072,9955504
hash,2582473,80795208,9955521
hash,2582474,80822336,9958912
hash,2582475,80799508,9956058
hash,2582476,137422174000,17177627870
hash,2582477,137422174008,17177627871
hash,2582478,137422174016,17177627872
hash,2582479,137422174024,17177627873
hash,2582480,137422174040,17177627875
hash,2582481,1175616,3072
hash,2582482,78451448,9662551
hash,2582483,1175649,3076
hash,2582484,137422174056,17177627877
hash,2582485,81812584,10082693
hash,2582486,137422174064,17177627878
hash,2582487,137422174072,17177627879
hash,2582488,137422174080,17177627880
hash,2582489,137422174088,17177627881
hash,2582490,1175904,3108
hash,2582491,78448728,9662211
hash,2582492,1175952,3114
hash,2582493,137422174096,17177627882
hash,2582494,137422174104,17177627883
hash,2582495,137422174112,17177627884
hash,2582496,137422174120,17177627885
hash,2582497,137422174128,17177627886
hash,2582498,137422174136,17177627887
hash,2582499,137422174199,17177627894
hash,2582500,137422174768,17177627966
hash,2582501,1175904,3108
hash,2582502,78448728,9662211
hash,2582503,1176152,3139
hash,2582504,78474768,9665466
hash,2582505,78474776,9665467
hash,2582506,78474752,9665464
hash,2582507,78445136,9661762
hash,2582508,78474816,9665472
hash,2582509,78471400,9665045
hash,2582510,80791892,9955106
hash,2582511,80791784,9955093
hash,2582512,80791792,9955094
hash,2582513,67425927,8284360
hash,2582514,137422174080,17177627880
hash,2582515,137422174088,17177627881
hash,2582516,137422174096,17177627882
hash,2582517,137422174104,17177627883
hash,2582518,78474816,9665472
hash,2582519,137422174120,17177627885
hash,2582520,137422174128,17177627886
hash,2582521,78465984,9664368
hash,2582522,80791892,9955106
hash,2582523,137422174104,17177627883
hash,2582524,137422174112,17177627884
hash,2582525,137422174120,17177627885
hash,2582526,137422174128,17177627886
hash,2582527,80791784,9955093
hash,2582528,80791800,9955095
hash,2582529,67425927,8284360
hash,2582530,137422174112,17177627884
hash,2582531,137422174120,17177627885
hash,2582532,137422174128,17177627886
hash,2582533,137422174136,17177627887
hash,2582534,137422174159,17177627889
hash,2582535,137422174164,17177627890
hash,2582536,78474768,9665466
hash,2582537,78474776,9665467
hash,2582538,137422174776,17177627967
hash,2582539,137422174768,17177627966
hash,2582540,137422174144,17177627888
hash,2582541,137422174784,17177627968
hash,2582542,137422174768,17177627966
hash,2582543,78474768,9665466
hash,2582544,78474776,9665467
hash,2582545,78474752,9665464
hash,2582546,78445144,9661763
hash,2582547,78474816,9665472
hash,2582548,78471400,9665045
hash,2582549,80791892,9955106
hash,2582550,80791784,9955093
hash,2582551,80791792,9955094
hash,2582552,67425927,8284360
hash,2582553,137422174080,17177627880
hash,2582554,137422174088,17177627881
hash,2582555,137422174096,17177627882
hash,2582556,137422174104,17177627883
hash,2582557,137422174120,17177627885
hash,2582558,137422174128,17177627886
hash,2582559,137422174136,17177627887
hash,2582560,78474768,9665466
hash,2582561,78474776,9665467
hash,2582562,78474752,9665464
hash,2582563,78445136,9661762
hash,2582564,78474816,9665472
hash,2582565,78471400,9665045
hash,2582566,80791892,9955106
hash,2582567,80791784,9955093
hash,2582568,80791792,9955094
hash,2582569,67425928,8284361
hash,2582570,137422174080,17177627880
hash,2582571,137422174088,17177627881
hash,2582572,137422174096,17177627882
hash,2582573,137422174104,17177627883
hash,2582574,78474816,9665472
hash,2582575,137422174120,17177627885
hash,2582576,137422174128,17177627886
hash,2582577,78465984,9664368
hash,2582578,80791892,9955106
hash,2582579,137422174104,17177627883
hash,2582580,137422174112,17177627884
hash,2582581,137422174120,17177627885
hash,2582582,137422174128,17177627886
hash,2582583,80791784,9955093
hash,2582584,80791800,9955095
hash,2582585,67425928,8284361
hash,2582586,137422174112,17177627884
hash,2582587,137422174120,17177627885
hash,2582588,137422174128,17177627886
hash,2582589,137422174136,17177627887
hash,2582590,137422174159,17177627889
hash,2582591,137422174164,17177627890
hash,2582592,78474768,9665466
hash,2582593,78474776,9665467
hash,2582594,137422174776,17177627967
hash,2582595,137422174768,17177627966
hash,2582596,137422174144,17177627888
hash,2582597,137422174784,17177627968
hash,2582598,137422174768,17177627966
hash,2582599,78474768,9665466
hash,2582600,78474776,9665467
hash,2582601,78474752,9665464
hash,2582602,78445144,9661763
hash,2582603,78474816,9665472
hash,2582604,78471400,9665045
hash,2582605,80791892,9955106
hash,2582606,80791784,9955093
hash,2582607,80791792,9955094
hash,2582608,67425928,8284361
hash,2582609,137422174080,17177627880
hash,2582610,137422174088,17177627881
hash,2582611,137422174096,17177627882
hash,2582612,137422174104,17177627883
hash,2582613,137422174120,17177627885
hash,2582614,137422174128,17177627886
hash,2582615,137422174136,17177627887
hash,2582616,78474768,9665466
hash,2582617,78474776,9665467
hash,2582618,78474752,9665464
hash,2582619,78445136,9661762
hash,2582620,78474816,9665472
hash,2582621,78471400,9665045
hash,2582622,80791892,9955106
hash,2582623,80791784,9955093
hash,2582624,80791792,9955094
hash,2582625,67425929,8284361
hash,2582626,137422174080,17177627880
hash,2582627,137422174088,17177627881
hash,2582628,137422174096,17177627882
hash,2582629,137422174104,17177627883
hash,2582630,78474816,9665472
hash,2582631,137422174120,17177627885
hash,2582632,137422174128,17177627886
hash,2582633,78465984,9664368
hash,2582634,80791892,9955106
hash,2582635,137422174104,17177627883
hash,2582636,137422174112,17177627884
hash,2582637,137422174120,17177627885
hash,2582638,137422174128,17177627886
hash,2582639,80791784,9955093
hash,2582640,80791800,9955095
hash,2582641,67425929,8284361
hash,2582642,137422174112,17177627884
hash,2582643,137422174120,17177627885
hash,2582644,137422174128,17177627886
hash,2582645,137422174136,17177627887
hash,2582646,137422174159,17177627889
hash,2582647,137422174164,17177627890
hash,2582648,78474768,9665466
hash,2582649,78474776,9665467
hash,2582650,137422174776,17177627967
hash,2582651,137422174768,17177627966
hash,2582652,137422174144,17177627888
hash,2582653,137422174784,17177627968
hash,2582654,137422174768,17177627966
hash,2582655,78474768,9665466
hash,2582656,78474776,9665467
hash,2582657,78474752,9665464
hash,2582658,78445144,9661763
hash,2582659,78474816,9665472
hash,2582660,78471400,9665045
hash,2582661,80791892,9955106
hash,2582662,80791784,9955093
hash,2582663,80791792,9955094
hash,2582664,67425929,8284361
hash,2582665,137422174080,17177627880
hash,2582666,137422174088,17177627881
hash,2582667,137422174096,17177627882
hash,2582668,137422174104,17177627883
hash,2582669,137422174120,17177627885
hash,2582670,137422174128,17177627886
hash,2582671,137422174136,17177627887
hash,2582672,78474768,9665466
hash,2582673,78474776,9665467
hash,2582674,78474752,9665464
hash,2582675,78445136,9661762
hash,2582676,78474816,9665472
hash,2582677,78471400,9665045
hash,2582678,80791892,9955106
hash,2582679,80791784,9955093
hash,2582680,80791792,9955094
hash,2582681,67425930,8284361
hash,2582682,137422174080,17177627880
hash,2582683,137422174088,17177627881
hash,2582684,137422174096,17177627882
hash,2582685,137422174104,17177627883
hash,2582686,78474816,9665472
hash,2582687,137422174120,17177627885
hash,2582688,137422174128,17177627886
hash,2582689,78465984,9664368
hash,2582690,80791892,9955106
hash,2582691,137422174104,17177627883
hash,2582692,137422174112,17177627884
hash,2582693,137422174120,17177627885
hash,2582694,137422174128,17177627886
hash,2582695,80791784,9955093
hash,2582696,80791800,9955095
hash,2582697,67425930,8284361
hash,2582698,137422174112,17177627884
hash,2582699,137422174120,17177627885
hash,2582700,137422174128,17177627886
hash,2582701,137422174136,17177627887
hash,2582702,137422174159,17177627889
hash,2582703,137422174164,17177627890
hash,2582704,78474768,9665466
hash,2582705,78474776,9665467
hash,2582706,137422174776,17177627967
hash,2582707,137422174768,17177627966
hash,2582708,137422174144,17177627888
hash,2582709,137422174784,17177627968
hash,2582710,137422174768,17177627966
hash,2582711,78474768,9665466
hash,2582712,78474776,9665467
hash,2582713,78474752,9665464
hash,2582714,78445144,9661763
hash,2582715,78474816,9665472
hash,2582716,78471400,9665045
hash,2582717,80791892,9955106
hash,2582718,80791784,9955093
hash,2582719,80791792,9955094
hash,2582720,67425930,8284361
hash,2582721,137422174080,17177627880
hash,2582722,137422174088,17177627881
hash,2582723,137422174096,17177627882
hash,2582724,137422174104,17177627883
hash,2582725,137422174120,17177627885
hash,2582726,137422174128,17177627886
hash,2582727,137422174136,17177627887
hash,2582728,78474768,9665466
hash,2582729,78474776,9665467
hash,2582730,78474752,9665464
hash,2582731,78445136,9661762
hash,2582732,78474816,9665472
hash,2582733,78471400,9665045
hash,2582734,80791892,9955106
hash,2582735,80791784,9955093
hash,2582736,80791792,9955094
hash,2582737,67425931,8284361
hash,2582738,137422174080,17177627880
hash,2582739,137422174088,17177627881
hash,2582740,137422174096,17177627882
hash,2582741,137422174104,17177627883
hash,2582742,78474816,9665472
hash,2582743,137422174120,17177627885
hash,2582744,137422174128,17177627886
hash,2582745,78465984,9664368
hash,2582746,80791892,9955106
hash,2582747,137422174104,17177627883
hash,2582748,137422174112,17177627884
hash,2582749,137422174120,17177627885
hash,2582750,137422174128,17177627886
hash,2582751,80791784,9955093
hash,2582752,80791800,9955095
hash,2582753,67425931,8284361
hash,2582754,137422174112,17177627884
hash,2582755,137422174120,17177627885
hash,2582756,137422174128,17177627886
hash,2582757,137422174136,17177627887
hash,2582758,137422174159,17177627889
hash,2582759,137422174164,17177627890
hash,2582760,78474768,9665466
hash,2582761,78474776,9665467
hash,2582762,137422174776,17177627967
hash,2582763,137422174768,17177627966
hash,2582764,137422174144,17177627888
hash,2582765,137422174784,17177627968
hash,2582766,137422174768,17177627966
hash,2582767,78474768,9665466
hash,2582768,78474776,9665467
hash,2582769,78474752,9665464
hash,2582770,78445144,9661763
hash,2582771,78474816,9665472
hash,2582772,78471400,9665045
hash,2582773,80791892,9955106
hash,2582774,80791784,9955093
hash,2582775,80791792,9955094
hash,2582776,67425931,8284361
hash,2582777,137422174080,17177627880
hash,2582778,137422174088,17177627881
hash,2582779,137422174096,17177627882
hash,2582780,137422174104,17177627883
hash,2582781,137422174120,17177627885
hash,2582782,137422174128,17177627886
hash,2582783,137422174136,17177627887
hash,2582784,78474768,9665466
hash,2582785,78474776,9665467
hash,2582786,78474752,9665464
hash,2582787,78445136,9661762
hash,2582788,78474816,9665472
hash,2582789,78471400,9665045
hash,2582790,80791892,9955106
hash,2582791,80791784,9955093
hash,2582792,80791792,9955094
hash,2582793,67425932,8284361
hash,2582794,137422174080,17177627880
hash,2582795,137422174088,17177627881
hash,2582796,137422174096,17177627882
hash,2582797,137422174104,17177627883
hash,2582798,78474816,9665472
hash,2582799,137422174120,17177627885
hash,2582800,137422174128,17177627886
hash,2582801,78465984,9664368
hash,2582802,80791892,9955106
hash,2582803,137422174104,17177627883
hash,2582804,137422174112,17177627884
hash,2582805,137422174120,17177627885
hash,2582806,137422174128,17177627886
hash,2582807,80791784,9955093
hash,2582808,80791800,9955095
hash,2582809,67425932,8284361
hash,2582810,137422174112,17177627884
hash,2582811,137422174120,17177627885
hash,2582812,137422174128,17177627886
hash,2582813,137422174136,17177627887
hash,2582814,137422174159,17177627889
hash,2582815,137422174164,17177627890
hash,2582816,78474768,9665466
hash,2582817,78474776,9665467
hash,2582818,137422174776,17177627967
hash,2582819,137422174768,17177627966
hash,2582820,137422174144,17177627888
hash,2582821,137422174784,17177627968
hash,2582822,137422174768,17177627966
hash,2582823,78474768,9665466
hash,2582824,78474776,9665467
hash,2582825,78474752,9665464
hash,2582826,78445144,9661763
hash,2582827,78474816,9665472
hash,2582828,78471400,9665045
hash,2582829,80791892,9955106
hash,2582830,80791784,9955093
hash,2582831,80791792,9955094
hash,2582832,67425932,8284361
hash,2582833,137422174080,17177627880
hash,2582834,137422174088,17177627881
hash,2582835,137422174096,17177627882
hash,2582836,137422174104,17177627883
hash,2582837,137422174120,17177627885
hash,2582838,137422174128,17177627886
hash,2582839,137422174136,17177627887
hash,2582840,78474768,9665466
hash,2582841,78474776,9665467
hash,2582842,78474752,9665464
hash,2582843,78445136,9661762
hash,2582844,78474816,9665472
hash,2582845,78471400,9665045
hash,2582846,80791892,9955106
hash,2582847,80791784,9955093
hash,2582848,80791792,9955094
hash,2582849,67425933,8284361
hash,2582850,137422174080,17177627880
hash,2582851,137422174088,17177627881
hash,2582852,137422174096,17177627882
hash,2582853,137422174104,17177627883
hash,2582854,78474816,9665472
hash,2582855,137422174120,17177627885
hash,2582856,137422174128,17177627886
hash,2582857,78465984,9664368
hash,2582858,80791892,9955106
hash,2582859,137422174104,17177627883
hash,2582860,137422174112,17177627884
hash,2582861,137422174120,17177627885
hash,2582862,137422174128,17177627886
hash,2582863,80791784,9955093
hash,2582864,80791800,9955095
hash,2582865,67425933,8284361
hash,2582866,137422174112,17177627884
hash,2582867,137422174120,17177627885
hash,2582868,137422174128,17177627886
hash,2582869,137422174136,17177627887
hash,2582870,137422174159,17177627889
hash,2582871,137422174164,17177627890
hash,2582872,78474768,9665466
hash,2582873,78474776,9665467
hash,2582874,137422174776,17177627967
hash,2582875,137422174768,17177627966
hash,2582876,137422174144,17177627888
hash,2582877,137422174784,17177627968
hash,2582878,137422174768,17177627966
hash,2582879,78474768,9665466
hash,2582880,78474776,9665467
hash,2582881,78474752,9665464
hash,2582882,78445144,9661763
hash,2582883,78474816,9665472
hash,2582884,78471400,9665045
hash,2582885,80791892,9955106
hash,2582886,80791784,9955093
hash,2582887,80791792,9955094
hash,2582888,67425933,8284361
hash,2582889,137422174080,17177627880
hash,2582890,137422174088,17177627881
hash,2582891,137422174096,17177627882
hash,2582892,137422174104,17177627883
hash,2582893,137422174120,17177627885
hash,2582894,137422174128,17177627886
hash,2582895,137422174136,17177627887
hash,2582896,78474768,9665466
hash,2582897,78474776,9665467
hash,2582898,78474752,9665464
hash,2582899,78445136,9661762
hash,2582900,78474816,9665472
hash,2582901,78471400,9665045
hash,2582902,80791892,9955106
hash,2582903,80791784,9955093
hash,2582904,80791792,9955094
hash,2582905,67425934,8284361
hash,2582906,137422174080,17177627880
hash,2582907,137422174088,17177627881
hash,2582908,137422174096,17177627882
hash,2582909,137422174104,17177627883
hash,2582910,78474816,9665472
hash,2582911,137422174120,17177627885
hash,2582912,137422174128,17177627886
hash,2582913,78465984,9664368
hash,2582914,80791892,9955106
hash,2582915,137422174104,17177627883
hash,2582916,137422174112,17177627884
hash,2582917,137422174120,17177627885
hash,2582918,137422174128,17177627886
hash,2582919,80791784,9955093
hash,2582920,80791800,9955095
hash,2582921,67425934,8284361
hash,2582922,137422174112,17177627884
hash,2582923,137422174120,17177627885
hash,2582924,137422174128,17177627886
hash,2582925,137422174136,17177627887
hash,2582926,137422174159,17177627889
hash,2582927,137422174164,17177627890
hash,2582928,78474768,9665466
hash,2582929,78474776,9665467
hash,2582930,137422174776,17177627967
hash,2582931,137422174768,17177627966
hash,2582932,137422174144,17177627888
hash,2582933,137422174784,17177627968
hash,2582934,137422174768,17177627966
hash,2582935,78474768,9665466
hash,2582936,78474776,9665467
hash,2582937,78474752,9665464
hash,2582938,78445144,9661763
hash,2582939,78474816,9665472
hash,2582940,78471400,9665045
hash,2582941,80791892,9955106
hash,2582942,80791784,9955093
hash,2582943,80791792,9955094
hash,2582944,67425934,8284361
hash,2582945,137422174080,17177627880
hash,2582946,137422174088,17177627881
hash,2582947,137422174096,17177627882
hash,2582948,137422174104,17177627883
hash,2582949,137422174120,17177627885
hash,2582950,137422174128,17177627886
hash,2582951,137422174136,17177627887
hash,2582952,78474768,9665466
hash,2582953,78474776,9665467
hash,2582954,78474752,9665464
hash,2582955,78445136,9661762
hash,2582956,78474816,9665472
hash,2582957,78471400,9665045
hash,2582958,80791892,9955106
hash,2582959,80791784,9955093
hash,2582960,80791792,9955094
hash,2582961,67425935,8284361
hash,2582962,137422174080,17177627880
hash,2582963,137422174088,17177627881
hash,2582964,137422174096,17177627882
hash,2582965,137422174104,17177627883
hash,2582966,78474816,9665472
hash,2582967,137422174120,17177627885
hash,2582968,137422174128,17177627886
hash,2582969,78465984,9664368
hash,2582970,80791892,9955106
hash,2582971,137422174104,17177627883
hash,2582972,137422174112,17177627884
hash,2582973,137422174120,17177627885
hash,2582974,137422174128,17177627886
hash,2582975,80791784,9955093
hash,2582976,80791800,9955095
hash,2582977,67425935,8284361
hash,2582978,137422174112,17177627884
hash,2582979,137422174120,17177627885
hash,2582980,137422174128,17177627886
hash,2582981,137422174136,17177627887
hash,2582982,137422174159,17177627889
hash,2582983,137422174164,17177627890
hash,2582984,78474768,9665466
hash,2582985,78474776,9665467
hash,2582986,137422174776,17177627967
hash,2582987,137422174768,17177627966
hash,2582988,137422174144,17177627888
hash,2582989,137422174784,17177627968
hash,2582990,137422174768,17177627966
hash,2582991,78474768,9665466
hash,2582992,78474776,9665467
hash,2582993,78474752,9665464
hash,2582994,78445144,9661763
hash,2582995,78474816,9665472
hash,2582996,78471400,9665045
hash,2582997,80791892,9955106
hash,2582998,80791784,9955093
hash,2582999,80791792,9955094
hash,2583000,67425935,8284361
hash,2583001,137422174080,17177627880
hash,2583002,137422174088,17177627881
hash,2583003,137422174096,17177627882
hash,2583004,137422174104,17177627883
hash,2583005,137422174120,17177627885
hash,2583006,137422174128,17177627886
hash,2583007,137422174136,17177627887
hash,2583008,78474768,9665466
hash,2583009,78474776,9665467
hash,2583010,78474752,9665464
hash,2583011,78445136,9661762
hash,2583012,78474816,9665472
hash,2583013,78471400,9665045
hash,2583014,80791892,9955106
hash,2583015,80791784,9955093
hash,2583016,80791792,9955094
hash,2583017,67425936,8284362
hash,2583018,137422174080,17177627880
hash,2583019,137422174088,17177627881
hash,2583020,137422174096,17177627882
hash,2583021,137422174104,17177627883
hash,2583022,78474816,9665472
hash,2583023,137422174120,17177627885
hash,2583024,137422174128,17177627886
hash,2583025,78465984,9664368
hash,2583026,80791892,9955106
hash,2583027,137422174104,17177627883
hash,2583028,137422174112,17177627884
hash,2583029,137422174120,17177627885
hash,2583030,137422174128,17177627886
hash,2583031,80791784,9955093
hash,2583032,80791800,9955095
hash,2583033,67425936,8284362
hash,2583034,137422174112,17177627884
hash,2583035,137422174120,17177627885
hash,2583036,137422174128,17177627886
hash,2583037,137422174136,17177627887
hash,2583038,137422174159,17177627889
hash,2583039,137422174164,17177627890
hash,2583040,78474768,9665466
hash,2583041,78474776,9665467
hash,2583042,137422174776,17177627967
hash,2583043,137422174768,17177627966
hash,2583044,137422174144,17177627888
hash,2583045,137422174784,17177627968
hash,2583046,137422174768,17177627966
hash,2583047,78474768,9665466
hash,2583048,78474776,9665467
hash,2583049,78474752,9665464
hash,2583050,78445144,9661763
hash,2583051,78474816,9665472
hash,2583052,78471400,9665045
hash,2583053,80791892,9955106
hash,2583054,80791784,9955093
hash,2583055,80791792,9955094
hash,2583056,67425936,8284362
hash,2583057,137422174080,17177627880
hash,2583058,137422174088,17177627881
hash,2583059,137422174096,17177627882
hash,2583060,137422174104,17177627883
hash,2583061,137422174120,17177627885
hash,2583062,137422174128,17177627886
hash,2583063,137422174136,17177627887
hash,2583064,78474768,9665466
hash,2583065,78474776,9665467
hash,2583066,78474752,9665464
hash,2583067,78445136,9661762
hash,2583068,78474816,9665472
hash,2583069,78471400,9665045
hash,2583070,80791892,9955106
hash,2583071,80791784,9955093
hash,2583072,80791792,9955094
hash,2583073,67425937,8284362
hash,2583074,137422174080,17177627880
hash,2583075,137422174088,17177627881
hash,2583076,137422174096,17177627882
hash,2583077,137422174104,17177627883
hash,2583078,78474816,9665472
hash,2583079,137422174120,17177627885
hash,2583080,137422174128,17177627886
hash,2583081,78465984,9664368
hash,2583082,80791892,9955106
hash,2583083,137422174104,17177627883
hash,2583084,137422174112,17177627884
hash,2583085,137422174120,17177627885
hash,2583086,137422174128,17177627886
hash,2583087,80791784,9955093
hash,2583088,80791800,9955095
hash,2583089,67425937,8284362
hash,2583090,137422174112,17177627884
hash,2583091,137422174120,17177627885
hash,2583092,137422174128,17177627886
hash,2583093,137422174136,17177627887
hash,2583094,137422174159,17177627889
hash,2583095,137422174164,17177627890
hash,2583096,78474768,9665466
hash,2583097,78474776,9665467
hash,2583098,137422174776,17177627967
hash,2583099,137422174768,17177627966
hash,2583100,137422174144,17177627888
hash,2583101,137422174784,17177627968
hash,2583102,137422174768,17177627966
hash,2583103,78474768,9665466
hash,2583104,78474776,9665467
hash,2583105,78474752,9665464
hash,2583106,78445144,9661763
hash,2583107,78474816,9665472
hash,2583108,78471400,9665045
hash,2583109,80791892,9955106
hash,2583110,80791784,9955093
hash,2583111,80791792,9955094
hash,2583112,67425937,8284362
hash,2583113,137422174080,17177627880
hash,2583114,137422174088,17177627881
hash,2583115,137422174096,17177627882
hash,2583116,137422174104,17177627883
hash,2583117,137422174120,17177627885
hash,2583118,137422174128,17177627886
hash,2583119,137422174136,17177627887
hash,2583120,78474768,9665466
hash,2583121,78474776,9665467
hash,2583122,78474752,9665464
hash,2583123,78445136,9661762
hash,2583124,78474816,9665472
hash,2583125,78471400,9665045
hash,2583126,80791892,9955106
hash,2583127,80791784,9955093
hash,2583128,80791792,9955094
hash,2583129,67425938,8284362
hash,2583130,137422174080,17177627880
hash,2583131,137422174088,17177627881
hash,2583132,137422174096,17177627882
hash,2583133,137422174104,17177627883
hash,2583134,78474816,9665472
hash,2583135,137422174120,17177627885
hash,2583136,137422174128,17177627886
hash,2583137,78465984,9664368
hash,2583138,80791892,9955106
hash,2583139,137422174104,17177627883
hash,2583140,137422174112,17177627884
hash,2583141,137422174120,17177627885
hash,2583142,137422174128,17177627886
hash,2583143,80791784,9955093
hash,2583144,80791800,9955095
hash,2583145,67425938,8284362
hash,2583146,137422174112,17177627884
hash,2583147,137422174120,17177627885
hash,2583148,137422174128,17177627886
hash,2583149,137422174136,17177627887
hash,2583150,137422174159,17177627889
hash,2583151,137422174164,17177627890
hash,2583152,78474768,9665466
hash,2583153,78474776,9665467
hash,2583154,137422174776,17177627967
hash,2583155,137422174768,17177627966
hash,2583156,137422174144,17177627888
hash,2583157,137422174784,17177627968
hash,2583158,137422174768,17177627966
hash,2583159,78474768,9665466
hash,2583160,78474776,9665467
hash,2583161,78474752,9665464
hash,2583162,78445144,9661763
hash,2583163,78474816,9665472
hash,2583164,78471400,9665045
hash,2583165,80791892,9955106
hash,2583166,80791784,9955093
hash,2583167,80791792,9955094
hash,2583168,67425938,8284362
hash,2583169,137422174080,17177627880
hash,2583170,137422174088,17177627881
hash,2583171,137422174096,17177627882
hash,2583172,137422174104,17177627883
hash,2583173,137422174120,17177627885
hash,2583174,137422174128,17177627886
hash,2583175,137422174136,17177627887
hash,2583176,78474768,9665466
hash,2583177,78474776,9665467
hash,2583178,78474752,9665464
hash,2583179,78445136,9661762
hash,2583180,78474816,9665472
hash,2583181,78471400,9665045
hash,2583182,80791892,9955106
hash,2583183,80791784,9955093
hash,2583184,80791792,9955094
hash,2583185,67425939,8284362
hash,2583186,137422174080,17177627880
hash,2583187,137422174088,17177627881
hash,2583188,137422174096,17177627882
hash,2583189,137422174104,17177627883
hash,2583190,78474816,9665472
hash,2583191,137422174120,17177627885
hash,2583192,137422174128,17177627886
hash,2583193,78465984,9664368
hash,2583194,80791892,9955106
hash,2583195,137422174104,17177627883
hash,2583196,137422174112,17177627884
hash,2583197,137422174120,17177627885
hash,2583198,137422174128,17177627886
hash,2583199,80791784,9955093
hash,2583200,80791800,9955095
hash,2583201,67425939,8284362
hash,2583202,137422174112,17177627884
hash,2583203,137422174120,17177627885
hash,2583204,137422174128,17177627886
hash,2583205,137422174136,17177627887
hash,2583206,137422174159,17177627889
hash,2583207,137422174164,17177627890
hash,2583208,78474768,9665466
hash,2583209,78474776,9665467
hash,2583210,137422174776,17177627967
hash,2583211,137422174768,17177627966
hash,2583212,137422174144,17177627888
hash,2583213,137422174784,17177627968
hash,2583214,137422174768,17177627966
hash,2583215,78474768,9665466
hash,2583216,78474776,9665467
hash,2583217,78474752,9665464
hash,2583218,78445144,9661763
hash,2583219,78474816,9665472
hash,2583220,78471400,9665045
hash,2583221,80791892,9955106
hash,2583222,80791784,9955093
hash,2583223,80791792,9955094
hash,2583224,67425939,8284362
hash,2583225,137422174080,17177627880
hash,2583226,137422174088,17177627881
hash,2583227,137422174096,17177627882
hash,2583228,137422174104,17177627883
hash,2583229,137422174120,17177627885
hash,2583230,137422174128,17177627886
hash,2583231,137422174136,17177627887
hash,2583232,78474768,9665466
hash,2583233,78474776,9665467
hash,2583234,78474752,9665464
hash,2583235,78445136,9661762
hash,2583236,78474816,9665472
hash,2583237,78471400,9665045
hash,2583238,80791892,9955106
hash,2583239,80791784,9955093
hash,2583240,80791792,9955094
hash,2583241,67425940,8284362
hash,2583242,137422174080,17177627880
hash,2583243,137422174088,17177627881
hash,2583244,137422174096,17177627882
hash,2583245,137422174104,17177627883
hash,2583246,78474816,9665472
hash,2583247,137422174120,17177627885
hash,2583248,137422174128,17177627886
hash,2583249,78465984,9664368
hash,2583250,80791892,9955106
hash,2583251,137422174104,17177627883
hash,2583252,137422174112,17177627884
hash,2583253,137422174120,17177627885
hash,2583254,137422174128,17177627886
hash,2583255,80791784,9955093
hash,2583256,80791800,9955095
hash,2583257,67425940,8284362
hash,2583258,137422174112,17177627884
hash,2583259,137422174120,17177627885
hash,2583260,137422174128,17177627886
hash,2583261,137422174136,17177627887
hash,2583262,137422174159,17177627889
hash,2583263,137422174164,17177627890
hash,2583264,78474768,9665466
hash,2583265,78474776,9665467
hash,2583266,137422174776,17177627967
hash,2583267,137422174768,17177627966
hash,2583268,137422174144,17177627888
hash,2583269,137422174784,17177627968
hash,2583270,137422174768,17177627966
hash,2583271,78474768,9665466
hash,2583272,78474776,9665467
hash,2583273,78474752,9665464
hash,2583274,78445144,9661763
hash,2583275,78474816,9665472
hash,2583276,78471400,9665045
hash,2583277,80791892,9955106
hash,2583278,80791784,9955093
hash,2583279,80791792,9955094
hash,2583280,67425940,8284362
hash,2583281,137422174080,17177627880
hash,2583282,137422174088,17177627881
hash,2583283,137422174096,17177627882
hash,2583284,137422174104,17177627883
hash,2583285,137422174120,17177627885
hash,2583286,137422174128,17177627886
hash,2583287,137422174136,17177627887
hash,2583288,78474768,9665466
hash,2583289,78474776,9665467
hash,2583290,78474752,9665464
hash,2583291,78445136,9661762
hash,2583292,78474816,9665472
hash,2583293,78471400,9665045
hash,2583294,80791892,9955106
hash,2583295,80791784,9955093
hash,2583296,80791792,9955094
hash,2583297,67425941,8284362
hash,2583298,137422174080,17177627880
hash,2583299,137422174088,17177627881
hash,2583300,137422174096,17177627882
hash,2583301,137422174104,17177627883
hash,2583302,78474816,9665472
hash,2583303,137422174120,17177627885
hash,2583304,137422174128,17177627886
hash,2583305,78465984,9664368
hash,2583306,80791892,9955106
hash,2583307,137422174104,17177627883
hash,2583308,137422174112,17177627884
hash,2583309,137422174120,17177627885
hash,2583310,137422174128,17177627886
hash,2583311,80791784,9955093
hash,2583312,80791800,9955095
hash,2583313,67425941,8284362
hash,2583314,137422174112,17177627884
hash,2583315,137422174120,17177627885
hash,2583316,137422174128,17177627886
hash,2583317,137422174136,17177627887
hash,2583318,137422174159,17177627889
hash,2583319,137422174164,17177627890
hash,2583320,78474768,9665466
hash,2583321,78474776,9665467
hash,2583322,137422174776,17177627967
hash,2583323,137422174768,17177627966
hash,2583324,137422174144,17177627888
hash,2583325,137422174784,17177627968
hash,2583326,137422174768,17177627966
hash,2583327,78474768,9665466
hash,2583328,78474776,9665467
hash,2583329,78474752,9665464
hash,2583330,78445144,9661763
hash,2583331,78474816,9665472
hash,2583332,78471400,9665045
hash,2583333,80791892,9955106
hash,2583334,80791784,9955093
hash,2583335,80791792,9955094
hash,2583336,67425941,8284362
hash,2583337,137422174080,17177627880
hash,2583338,137422174088,17177627881
hash,2583339,137422174096,17177627882
hash,2583340,137422174104,17177627883
hash,2583341,137422174120,17177627885
hash,2583342,137422174128,17177627886
hash,2583343,137422174136,17177627887
hash,2583344,78474768,9665466
hash,2583345,78474776,9665467
hash,2583346,78474752,9665464
hash,2583347,78445136,9661762
hash,2583348,78474816,9665472
hash,2583349,78471400,9665045
hash,2583350,80791892,9955106
hash,2583351,80791784,9955093
hash,2583352,80791792,9955094
hash,2583353,67425942,8284362
hash,2583354,137422174080,17177627880
hash,2583355,137422174088,17177627881
hash,2583356,137422174096,17177627882
hash,2583357,137422174104,17177627883
hash,2583358,78474816,9665472
hash,2583359,137422174120,17177627885
hash,2583360,137422174128,17177627886
hash,2583361,78465984,9664368
hash,2583362,80791892,9955106
hash,2583363,137422174104,17177627883
hash,2583364,137422174112,17177627884
hash,2583365,137422174120,17177627885
hash,2583366,137422174128,17177627886
hash,2583367,80791784,9955093
hash,2583368,80791800,9955095
hash,2583369,67425942,8284362
hash,2583370,137422174112,17177627884
hash,2583371,137422174120,17177627885
hash,2583372,137422174128,17177627886
hash,2583373,137422174136,17177627887
hash,2583374,137422174159,17177627889
hash,2583375,137422174164,17177627890
hash,2583376,78474768,9665466
hash,2583377,78474776,9665467
hash,2583378,137422174776,17177627967
hash,2583379,137422174768,17177627966
hash,2583380,137422174144,17177627888
hash,2583381,137422174784,17177627968
hash,2583382,137422174768,17177627966
hash,2583383,78474768,9665466
hash,2583384,78474776,9665467
hash,2583385,78474752,9665464
hash,2583386,78445144,9661763
hash,2583387,78474816,9665472
hash,2583388,78471400,9665045
hash,2583389,80791892,9955106
hash,2583390,80791784,9955093
hash,2583391,80791792,9955094
hash,2583392,67425942,8284362
hash,2583393,137422174080,17177627880
hash,2583394,137422174088,17177627881
hash,2583395,137422174096,17177627882
hash,2583396,137422174104,17177627883
hash,2583397,137422174120,17177627885
hash,2583398,137422174128,17177627886
hash,2583399,137422174136,17177627887
hash,2583400,78474768,9665466
hash,2583401,78474776,9665467
hash,2583402,78474752,9665464
hash,2583403,78445136,9661762
hash,2583404,78474816,9665472
hash,2583405,78471400,9665045
hash,2583406,80791892,9955106
hash,2583407,80791784,9955093
hash,2583408,80791792,9955094
hash,2583409,67425943,8284362
hash,2583410,137422174080,17177627880
hash,2583411,137422174088,17177627881
hash,2583412,137422174096,17177627882
hash,2583413,137422174104,17177627883
hash,2583414,78474816,9665472
hash,2583415,137422174120,17177627885
hash,2583416,137422174128,17177627886
hash,2583417,78465984,9664368
hash,2583418,80791892,9955106
hash,2583419,137422174104,17177627883
hash,2583420,137422174112,17177627884
hash,2583421,137422174120,17177627885
hash,2583422,137422174128,17177627886
hash,2583423,80791784,9955093
hash,2583424,80791800,9955095
hash,2583425,67425943,8284362
hash,2583426,137422174112,17177627884
hash,2583427,137422174120,17177627885
hash,2583428,137422174128,17177627886
hash,2583429,137422174136,17177627887
hash,2583430,137422174159,17177627889
hash,2583431,137422174164,17177627890
hash,2583432,78474768,9665466
hash,2583433,78474776,9665467
hash,2583434,137422174776,17177627967
hash,2583435,137422174768,17177627966
hash,2583436,137422174144,17177627888
hash,2583437,137422174784,17177627968
hash,2583438,137422174768,17177627966
hash,2583439,78474768,9665466
hash,2583440,78474776,9665467
hash,2583441,78474752,9665464
hash,2583442,78445144,9661763
hash,2583443,78474816,9665472
hash,2583444,78471400,9665045
hash,2583445,80791892,9955106
hash,2583446,80791784,9955093
hash,2583447,80791792,9955094
hash,2583448,67425943,8284362
hash,2583449,137422174080,17177627880
hash,2583450,137422174088,17177627881
hash,2583451,137422174096,17177627882
hash,2583452,137422174104,17177627883
hash,2583453,137422174120,17177627885
hash,2583454,137422174128,17177627886
hash,2583455,137422174136,17177627887
hash,2583456,78474768,9665466
hash,2583457,78474776,9665467
hash,2583458,78474752,9665464
hash,2583459,78445136,9661762
hash,2583460,78474816,9665472
hash,2583461,78471400,9665045
hash,2583462,80791892,9955106
hash,2583463,80791784,9955093
hash,2583464,80791792,9955094
hash,2583465,67425944,8284363
hash,2583466,137422174080,17177627880
hash,2583467,137422174088,17177627881
hash,2583468,137422174096,17177627882
hash,2583469,137422174104,17177627883
hash,2583470,78474816,9665472
hash,2583471,137422174120,17177627885
hash,2583472,137422174128,17177627886
hash,2583473,78465984,9664368
hash,2583474,80791892,9955106
hash,2583475,137422174104,17177627883
hash,2583476,137422174112,17177627884
hash,2583477,137422174120,17177627885
hash,2583478,137422174128,17177627886
hash,2583479,80791784,9955093
hash,2583480,80791800,9955095
hash,2583481,67425944,8284363
hash,2583482,137422174112,17177627884
hash,2583483,137422174120,17177627885
hash,2583484,137422174128,17177627886
hash,2583485,137422174136,17177627887
hash,2583486,137422174159,17177627889
hash,2583487,137422174164,17177627890
hash,2583488,78474768,9665466
hash,2583489,78474776,9665467
hash,2583490,137422174776,17177627967
hash,2583491,137422174768,17177627966
hash,2583492,137422174144,17177627888
hash,2583493,137422174784,17177627968
hash,2583494,137422174768,17177627966
hash,2583495,78474768,9665466
hash,2583496,78474776,9665467
hash,2583497,78474752,9665464
hash,2583498,78445144,9661763
hash,2583499,78474816,9665472
hash,2583500,78471400,9665045
hash,2583501,80791892,9955106
hash,2583502,80791784,9955093
hash,2583503,80791792,9955094
hash,2583504,67425944,8284363
hash,2583505,137422174080,17177627880
hash,2583506,137422174088,17177627881
hash,2583507,137422174096,17177627882
hash,2583508,137422174104,17177627883
hash,2583509,137422174120,17177627885
hash,2583510,137422174128,17177627886
hash,2583511,137422174136,17177627887
hash,2583512,78474768,9665466
hash,2583513,78474776,9665467
hash,2583514,78474752,9665464
hash,2583515,78445136,9661762
hash,2583516,78474816,9665472
hash,2583517,78471400,9665045
hash,2583518,80791892,9955106
hash,2583519,80791784,9955093
hash,2583520,80791792,9955094
hash,2583521,67425945,8284363
hash,2583522,137422174080,17177627880
hash,2583523,137422174088,17177627881
hash,2583524,137422174096,17177627882
hash,2583525,137422174104,17177627883
hash,2583526,78474816,9665472
hash,2583527,137422174120,17177627885
hash,2583528,137422174128,17177627886
hash,2583529,78465984,9664368
hash,2583530,80791892,9955106
hash,2583531,137422174104,17177627883
hash,2583532,137422174112,17177627884
hash,2583533,137422174120,17177627885
hash,2583534,137422174128,17177627886
hash,2583535,80791784,9955093
hash,2583536,80791800,9955095
hash,2583537,67425945,8284363
hash,2583538,137422174112,17177627884
hash,2583539,137422174120,17177627885
hash,2583540,137422174128,17177627886
hash,2583541,137422174136,17177627887
hash,2583542,137422174159,17177627889
hash,2583543,137422174164,17177627890
hash,2583544,78474768,9665466
hash,2583545,78474776,9665467
hash,2583546,137422174776,17177627967
hash,2583547,137422174768,17177627966
hash,2583548,137422174144,17177627888
hash,2583549,137422174784,17177627968
hash,2583550,137422174768,17177627966
hash,2583551,78474768,9665466
hash,2583552,78474776,9665467
hash,2583553,78474752,9665464
hash,2583554,78445144,9661763
hash,2583555,78474816,9665472
hash,2583556,78471400,9665045
hash,2583557,80791892,9955106
hash,2583558,80791784,9955093
hash,2583559,80791792,9955094
hash,2583560,67425945,8284363
hash,2583561,137422174080,17177627880
hash,2583562,137422174088,17177627881
hash,2583563,137422174096,17177627882
hash,2583564,137422174104,17177627883
hash,2583565,137422174120,17177627885
hash,2583566,137422174128,17177627886
hash,2583567,137422174136,17177627887
hash,2583568,78474768,9665466
hash,2583569,78474776,9665467
hash,2583570,78474752,9665464
hash,2583571,78445136,9661762
hash,2583572,78474816,9665472
hash,2583573,78471400,9665045
hash,2583574,80791892,9955106
hash,2583575,80791784,9955093
hash,2583576,80791792,9955094
hash,2583577,67425946,8284363
hash,2583578,137422174080,17177627880
hash,2583579,137422174088,17177627881
hash,2583580,137422174096,17177627882
hash,2583581,137422174104,17177627883
hash,2583582,78474816,9665472
hash,2583583,137422174120,17177627885
hash,2583584,137422174128,17177627886
hash,2583585,78465984,9664368
hash,2583586,80791892,9955106
hash,2583587,137422174104,17177627883
hash,2583588,137422174112,17177627884
hash,2583589,137422174120,17177627885
hash,2583590,137422174128,17177627886
hash,2583591,80791784,9955093
hash,2583592,80791800,9955095
hash,2583593,67425946,8284363
hash,2583594,137422174112,17177627884
hash,2583595,137422174120,17177627885
hash,2583596,137422174128,17177627886
hash,2583597,137422174136,17177627887
hash,2583598,137422174159,17177627889
hash,2583599,137422174164,17177627890
hash,2583600,78474768,9665466
hash,2583601,78474776,9665467
hash,2583602,137422174776,17177627967
hash,2583603,137422174768,17177627966
hash,2583604,137422174144,17177627888
hash,2583605,137422174784,17177627968
hash,2583606,137422174768,17177627966
hash,2583607,78474768,9665466
hash,2583608,78474776,9665467
hash,2583609,78474752,9665464
hash,2583610,78445144,9661763
hash,2583611,78474816,9665472
hash,2583612,78471400,9665045
hash,2583613,80791892,9955106
hash,2583614,80791784,9955093
hash,2583615,80791792,9955094
hash,2583616,67425946,8284363
hash,2583617,137422174080,17177627880
hash,2583618,137422174088,17177627881
hash,2583619,137422174096,17177627882
hash,2583620,137422174104,17177627883
hash,2583621,137422174120,17177627885
hash,2583622,137422174128,17177627886
hash,2583623,137422174136,17177627887
hash,2583624,78474768,9665466
hash,2583625,78474776,9665467
hash,2583626,78474752,9665464
hash,2583627,78445136,9661762
hash,2583628,78474816,9665472
hash,2583629,78471400,9665045
hash,2583630,80791892,9955106
hash,2583631,80791784,9955093
hash,2583632,80791792,9955094
hash,2583633,67425947,8284363
hash,2583634,137422174080,17177627880
hash,2583635,137422174088,17177627881
hash,2583636,137422174096,17177627882
hash,2583637,137422174104,17177627883
hash,2583638,78474816,9665472
hash,2583639,137422174120,17177627885
hash,2583640,137422174128,17177627886
hash,2583641,78465984,9664368
hash,2583642,80791892,9955106
hash,2583643,137422174104,17177627883
hash,2583644,137422174112,17177627884
hash,2583645,137422174120,17177627885
hash,2583646,137422174128,17177627886
hash,2583647,80791784,9955093
hash,2583648,80791800,9955095
hash,2583649,67425947,8284363
hash,2583650,137422174112,17177627884
hash,2583651,137422174120,17177627885
hash,2583652,137422174128,17177627886
hash,2583653,137422174136,17177627887
hash,2583654,137422174159,17177627889
hash,2583655,137422174164,17177627890
hash,2583656,78474768,9665466
hash,2583657,78474776,9665467
hash,2583658,137422174776,17177627967
hash,2583659,137422174768,17177627966
hash,2583660,137422174144,17177627888
hash,2583661,137422174784,17177627968
hash,2583662,137422174768,17177627966
hash,2583663,78474768,9665466
hash,2583664,78474776,9665467
hash,2583665,78474752,9665464
hash,2583666,78445144,9661763
hash,2583667,78474816,9665472
hash,2583668,78471400,9665045
hash,2583669,80791892,9955106
hash,2583670,80791784,9955093
hash,2583671,80791792,9955094
hash,2583672,67425947,8284363
hash,2583673,137422174080,17177627880
hash,2583674,137422174088,17177627881
hash,2583675,137422174096,17177627882
hash,2583676,137422174104,17177627883
hash,2583677,137422174120,17177627885
hash,2583678,137422174128,17177627886
hash,2583679,137422174136,17177627887
hash,2583680,78474768,9665466
hash,2583681,78474776,9665467
hash,2583682,78474752,9665464
hash,2583683,78445136,9661762
hash,2583684,78474816,9665472
hash,2583685,78471400,9665045
hash,2583686,80791892,9955106
hash,2583687,80791784,9955093
hash,2583688,80791792,9955094
hash,2583689,67425948,8284363
hash,2583690,137422174080,17177627880
hash,2583691,137422174088,17177627881
hash,2583692,137422174096,17177627882
hash,2583693,137422174104,17177627883
hash,2583694,78474816,9665472
hash,2583695,137422174120,17177627885
hash,2583696,137422174128,17177627886
hash,2583697,78465984,9664368
hash,2583698,80791892,9955106
hash,2583699,137422174104,17177627883
hash,2583700,137422174112,17177627884
hash,2583701,137422174120,17177627885
hash,2583702,137422174128,17177627886
hash,2583703,80791784,9955093
hash,2583704,80791800,9955095
hash,2583705,67425948,8284363
hash,2583706,137422174112,17177627884
hash,2583707,137422174120,17177627885
hash,2583708,137422174128,17177627886
hash,2583709,137422174136,17177627887
hash,2583710,137422174159,17177627889
hash,2583711,137422174164,17177627890
hash,2583712,78474768,9665466
hash,2583713,78474776,9665467
hash,2583714,137422174776,17177627967
hash,2583715,137422174768,17177627966
hash,2583716,137422174144,17177627888
hash,2583717,137422174784,17177627968
hash,2583718,137422174768,17177627966
hash,2583719,78474768,9665466
hash,2583720,78474776,9665467
hash,2583721,78474752,9665464
hash,2583722,78445144,9661763
hash,2583723,78474816,9665472
hash,2583724,78471400,9665045
hash,2583725,80791892,9955106
hash,2583726,80791784,9955093
hash,2583727,80791792,9955094
hash,2583728,67425948,8284363
hash,2583729,137422174080,17177627880
hash,2583730,137422174088,17177627881
hash,2583731,137422174096,17177627882
hash,2583732,137422174104,17177627883
hash,2583733,137422174120,17177627885
hash,2583734,137422174128,17177627886
hash,2583735,137422174136,17177627887
hash,2583736,78474768,9665466
hash,2583737,78474776,9665467
hash,2583738,78474752,9665464
hash,2583739,78445136,9661762
hash,2583740,78474816,9665472
hash,2583741,78471400,9665045
hash,2583742,80791892,9955106
hash,2583743,80791784,9955093
hash,2583744,80791792,9955094
hash,2583745,67425949,8284363
hash,2583746,137422174080,17177627880
hash,2583747,137422174088,17177627881
hash,2583748,137422174096,17177627882
hash,2583749,137422174104,17177627883
hash,2583750,78474816,9665472
hash,2583751,137422174120,17177627885
hash,2583752,137422174128,17177627886
hash,2583753,78465984,9664368
hash,2583754,80791892,9955106
hash,2583755,137422174104,17177627883
hash,2583756,137422174112,17177627884
hash,2583757,137422174120,17177627885
hash,2583758,137422174128,17177627886
hash,2583759,80791784,9955093
hash,2583760,80791800,9955095
hash,2583761,67425949,8284363
hash,2583762,137422174112,17177627884
hash,2583763,137422174120,17177627885
hash,2583764,137422174128,17177627886
hash,2583765,137422174136,17177627887
hash,2583766,137422174159,17177627889
hash,2583767,137422174164,17177627890
hash,2583768,78474768,9665466
hash,2583769,78474776,9665467
hash,2583770,137422174776,17177627967
hash,2583771,137422174768,17177627966
hash,2583772,137422174144,17177627888
hash,2583773,137422174784,17177627968
hash,2583774,137422174768,17177627966
hash,2583775,78474768,9665466
hash,2583776,78474776,9665467
hash,2583777,78474752,9665464
hash,2583778,78445144,9661763
hash,2583779,78474816,9665472
hash,2583780,78471400,9665045
hash,2583781,80791892,9955106
hash,2583782,80791784,9955093
hash,2583783,80791792,9955094
hash,2583784,67425949,8284363
hash,2583785,137422174080,17177627880
hash,2583786,137422174088,17177627881
hash,2583787,137422174096,17177627882
hash,2583788,137422174104,17177627883
hash,2583789,137422174120,17177627885
hash,2583790,137422174128,17177627886
hash,2583791,137422174136,17177627887
hash,2583792,78474768,9665466
hash,2583793,78474776,9665467
hash,2583794,78474752,9665464
hash,2583795,78445136,9661762
hash,2583796,78474816,9665472
hash,2583797,78471400,9665045
hash,2583798,80791892,9955106
hash,2583799,80791784,9955093
hash,2583800,80791792,9955094
hash,2583801,67425950,8284363
hash,2583802,137422174080,17177627880
hash,2583803,137422174088,17177627881
hash,2583804,137422174096,17177627882
hash,2583805,137422174104,17177627883
hash,2583806,78474816,9665472
hash,2583807,137422174120,17177627885
hash,2583808,137422174128,17177627886
hash,2583809,78465984,9664368
hash,2583810,80791892,9955106
hash,2583811,137422174104,17177627883
hash,2583812,137422174112,17177627884
hash,2583813,137422174120,17177627885
hash,2583814,137422174128,17177627886
hash,2583815,80791784,9955093
hash,2583816,80791800,9955095
hash,2583817,67425950,8284363
hash,2583818,137422174112,17177627884
hash,2583819,137422174120,17177627885
hash,2583820,137422174128,17177627886
hash,2583821,137422174136,17177627887
hash,2583822,137422174159,17177627889
hash,2583823,137422174164,17177627890
hash,2583824,78474768,9665466
hash,2583825,78474776,9665467
hash,2583826,137422174776,17177627967
hash,2583827,137422174768,17177627966
hash,2583828,137422174144,17177627888
hash,2583829,137422174784,17177627968
hash,2583830,137422174768,17177627966
hash,2583831,78474768,9665466
hash,2583832,78474776,9665467
hash,2583833,78474752,9665464
hash,2583834,78445144,9661763
hash,2583835,78474816,9665472
hash,2583836,78471400,9665045
hash,2583837,80791892,9955106
hash,2583838,80791784,9955093
hash,2583839,80791792,9955094
hash,2583840,67425950,8284363
hash,2583841,137422174080,17177627880
hash,2583842,137422174088,17177627881
hash,2583843,137422174096,17177627882
hash,2583844,137422174104,17177627883
hash,2583845,137422174120,17177627885
hash,2583846,137422174128,17177627886
hash,2583847,137422174136,17177627887
hash,2583848,78474768,9665466
hash,2583849,78474776,9665467
hash,2583850,78474752,9665464
hash,2583851,78445136,9661762
hash,2583852,78474816,9665472
hash,2583853,78471400,9665045
hash,2583854,80791892,9955106
hash,2583855,80791784,9955093
hash,2583856,80791792,9955094
hash,2583857,67425951,8284363
hash,2583858,137422174080,17177627880
hash,2583859,137422174088,17177627881
hash,2583860,137422174096,17177627882
hash,2583861,137422174104,17177627883
hash,2583862,78474816,9665472
hash,2583863,137422174120,17177627885
hash,2583864,137422174128,17177627886
hash,2583865,78465984,9664368
hash,2583866,80791892,9955106
hash,2583867,137422174104,17177627883
hash,2583868,137422174112,17177627884
hash,2583869,137422174120,17177627885
hash,2583870,137422174128,17177627886
hash,2583871,80791784,9955093
hash,2583872,80791800,9955095
hash,2583873,67425951,8284363
hash,2583874,137422174112,17177627884
hash,2583875,137422174120,17177627885
hash,2583876,137422174128,17177627886
hash,2583877,137422174136,17177627887
hash,2583878,137422174159,17177627889
hash,2583879,137422174164,17177627890
hash,2583880,78474768,9665466
hash,2583881,78474776,9665467
hash,2583882,137422174776,17177627967
hash,2583883,137422174768,17177627966
hash,2583884,137422174144,17177627888
hash,2583885,137422174784,17177627968
hash,2583886,137422174768,17177627966
hash,2583887,78474768,9665466
hash,2583888,78474776,9665467
hash,2583889,78474752,9665464
hash,2583890,78445144,9661763
hash,2583891,78474816,9665472
hash,2583892,78471400,9665045
hash,2583893,80791892,9955106
hash,2583894,80791784,9955093
hash,2583895,80791792,9955094
hash,2583896,67425951,8284363
hash,2583897,137422174080,17177627880
hash,2583898,137422174088,17177627881
hash,2583899,137422174096,17177627882
hash,2583900,137422174104,17177627883
hash,2583901,137422174120,17177627885
hash,2583902,137422174128,17177627886
hash,2583903,137422174136,17177627887
hash,2583904,78474768,9665466
hash,2583905,78474776,9665467
hash,2583906,78474752,9665464
hash,2583907,78445136,9661762
hash,2583908,78474816,9665472
hash,2583909,78471400,9665045
hash,2583910,80791892,9955106
hash,2583911,80791784,9955093
hash,2583912,80791792,9955094
hash,2583913,67425952,8284364
hash,2583914,137422174080,17177627880
hash,2583915,137422174088,17177627881
hash,2583916,137422174096,17177627882
hash,2583917,137422174104,17177627883
hash,2583918,78474816,9665472
hash,2583919,137422174120,17177627885
hash,2583920,137422174128,17177627886
hash,2583921,78465984,9664368
hash,2583922,80791892,9955106
hash,2583923,137422174104,17177627883
hash,2583924,137422174112,17177627884
hash,2583925,137422174120,17177627885
hash,2583926,137422174128,17177627886
hash,2583927,80791784,9955093
hash,2583928,80791800,9955095
hash,2583929,67425952,8284364
hash,2583930,137422174112,17177627884
hash,2583931,137422174120,17177627885
hash,2583932,137422174128,17177627886
hash,2583933,137422174136,17177627887
hash,2583934,137422174159,17177627889
hash,2583935,137422174164,17177627890
hash,2583936,78474768,9665466
hash,2583937,78474776,9665467
hash,2583938,137422174776,17177627967
hash,2583939,137422174768,17177627966
hash,2583940,137422174144,17177627888
hash,2583941,137422174784,17177627968
hash,2583942,137422174768,17177627966
hash,2583943,78474768,9665466
hash,2583944,78474776,9665467
hash,2583945,78474752,9665464
hash,2583946,78445144,9661763
hash,2583947,78474816,9665472
hash,2583948,78471400,9665045
hash,2583949,80791892,9955106
hash,2583950,80791784,9955093
hash,2583951,80791792,9955094
hash,2583952,67425952,8284364
hash,2583953,137422174080,17177627880
hash,2583954,137422174088,17177627881
hash,2583955,137422174096,17177627882
hash,2583956,137422174104,17177627883
hash,2583957,137422174120,17177627885
hash,2583958,137422174128,17177627886
hash,2583959,137422174136,17177627887
hash,2583960,78474768,9665466
hash,2583961,78474776,9665467
hash,2583962,78474752,9665464
hash,2583963,78445136,9661762
hash,2583964,78474816,9665472
hash,2583965,78471400,9665045
hash,2583966,80791892,9955106
hash,2583967,80791784,9955093
hash,2583968,80791792,9955094
hash,2583969,67425953,8284364
hash,2583970,137422174080,17177627880
hash,2583971,137422174088,17177627881
hash,2583972,137422174096,17177627882
hash,2583973,137422174104,17177627883
hash,2583974,78474816,9665472
hash,2583975,137422174120,17177627885
hash,2583976,137422174128,17177627886
hash,2583977,78465984,9664368
hash,2583978,80791892,9955106
hash,2583979,137422174104,17177627883
hash,2583980,137422174112,17177627884
hash,2583981,137422174120,17177627885
hash,2583982,137422174128,17177627886
hash,2583983,80791784,9955093
hash,2583984,80791800,9955095
hash,2583985,67425953,8284364
hash,2583986,137422174112,17177627884
hash,2583987,137422174120,17177627885
hash,2583988,137422174128,17177627886
hash,2583989,137422174136,17177627887
hash,2583990,137422174159,17177627889
hash,2583991,137422174164,17177627890
hash,2583992,78474768,9665466
hash,2583993,78474776,9665467
hash,2583994,137422174776,17177627967
hash,2583995,137422174768,17177627966
hash,2583996,137422174144,17177627888
hash,2583997,137422174784,17177627968
hash,2583998,137422174768,17177627966
hash,2583999,78474768,9665466
hash,2584000,78474776,9665467
hash,2584001,78474752,9665464
hash,2584002,78445144,9661763
hash,2584003,78474816,9665472
hash,2584004,78471400,9665045
hash,2584005,80791892,9955106
hash,2584006,80791784,9955093
hash,2584007,80791792,9955094
hash,2584008,67425953,8284364
hash,2584009,137422174080,17177627880
hash,2584010,137422174088,17177627881
hash,2584011,137422174096,17177627882
hash,2584012,137422174104,17177627883
hash,2584013,137422174120,17177627885
hash,2584014,137422174128,17177627886
hash,2584015,137422174136,17177627887
hash,2584016,78474768,9665466
hash,2584017,78474776,9665467
hash,2584018,78474752,9665464
hash,2584019,78445136,9661762
hash,2584020,78474816,9665472
hash,2584021,78471400,9665045
hash,2584022,80791892,9955106
hash,2584023,80791784,9955093
hash,2584024,80791792,9955094
hash,2584025,67425954,8284364
hash,2584026,137422174080,17177627880
hash,2584027,137422174088,17177627881
hash,2584028,137422174096,17177627882
hash,2584029,137422174104,17177627883
hash,2584030,78474816,9665472
hash,2584031,137422174120,17177627885
hash,2584032,137422174128,17177627886
hash,2584033,78465984,9664368
hash,2584034,80791892,9955106
hash,2584035,137422174104,17177627883
hash,2584036,137422174112,17177627884
hash,2584037,137422174120,17177627885
hash,2584038,137422174128,17177627886
hash,2584039,80791784,9955093
hash,2584040,80791800,9955095
hash,2584041,67425954,8284364
hash,2584042,137422174112,17177627884
hash,2584043,137422174120,17177627885
hash,2584044,137422174128,17177627886
hash,2584045,137422174136,17177627887
hash,2584046,137422174159,17177627889
hash,2584047,137422174164,17177627890
hash,2584048,78474768,9665466
hash,2584049,78474776,9665467
hash,2584050,137422174776,17177627967
hash,2584051,137422174768,17177627966
hash,2584052,137422174144,17177627888
hash,2584053,137422174784,17177627968
hash,2584054,137422174768,17177627966
hash,2584055,78474768,9665466
hash,2584056,78474776,9665467
hash,2584057,78474752,9665464
hash,2584058,78445144,9661763
hash,2584059,78474816,9665472
hash,2584060,78471400,9665045
hash,2584061,80791892,9955106
hash,2584062,80791784,9955093
hash,2584063,80791792,9955094
hash,2584064,67425954,8284364
hash,2584065,137422174080,17177627880
hash,2584066,137422174088,17177627881
hash,2584067,137422174096,17177627882
hash,2584068,137422174104,17177627883
hash,2584069,137422174120,17177627885
hash,2584070,137422174128,17177627886
hash,2584071,137422174136,17177627887
hash,2584072,78474768,9665466
hash,2584073,78474776,9665467
hash,2584074,78474752,9665464
hash,2584075,78445136,9661762
hash,2584076,78474816,9665472
hash,2584077,78471400,9665045
hash,2584078,80791892,9955106
hash,2584079,80791784,9955093
hash,2584080,80791792,9955094
hash,2584081,67425955,8284364
hash,2584082,137422174080,17177627880
hash,2584083,137422174088,17177627881
hash,2584084,137422174096,17177627882
hash,2584085,137422174104,17177627883
hash,2584086,78474816,9665472
hash,2584087,137422174120,17177627885
hash,2584088,137422174128,17177627886
hash,2584089,78465984,9664368
hash,2584090,80791892,9955106
hash,2584091,137422174104,17177627883
hash,2584092,137422174112,17177627884
hash,2584093,137422174120,17177627885
hash,2584094,137422174128,17177627886
hash,2584095,80791784,9955093
hash,2584096,80791800,9955095
hash,2584097,67425955,8284364
hash,2584098,137422174112,17177627884
hash,2584099,137422174120,17177627885
hash,2584100,137422174128,17177627886
hash,2584101,137422174136,17177627887
hash,2584102,137422174159,17177627889
hash,2584103,137422174164,17177627890
hash,2584104,78474768,9665466
hash,2584105,78474776,9665467
hash,2584106,137422174776,17177627967
hash,2584107,137422174768,17177627966
hash,2584108,137422174144,17177627888
hash,2584109,137422174784,17177627968
hash,2584110,137422174768,17177627966
hash,2584111,78474768,9665466
hash,2584112,78474776,9665467
hash,2584113,78474752,9665464
hash,2584114,78445144,9661763
hash,2584115,78474816,9665472
hash,2584116,78471400,9665045
hash,2584117,80791892,9955106
hash,2584118,80791784,9955093
hash,2584119,80791792,9955094
hash,2584120,67425955,8284364
hash,2584121,137422174080,17177627880
hash,2584122,137422174088,17177627881
hash,2584123,137422174096,17177627882
hash,2584124,137422174104,17177627883
hash,2584125,137422174120,17177627885
hash,2584126,137422174128,17177627886
hash,2584127,137422174136,17177627887
hash,2584128,78474768,9665466
hash,2584129,78474776,9665467
hash,2584130,78474752,9665464
hash,2584131,78445136,9661762
hash,2584132,78474816,9665472
hash,2584133,78471400,9665045
hash,2584134,80791892,9955106
hash,2584135,80791784,9955093
hash,2584136,80791792,9955094
hash,2584137,67425956,8284364
hash,2584138,137422174080,17177627880
hash,2584139,137422174088,17177627881
hash,2584140,137422174096,17177627882
hash,2584141,137422174104,17177627883
hash,2584142,78474816,9665472
hash,2584143,137422174120,17177627885
hash,2584144,137422174128,17177627886
hash,2584145,78465984,9664368
hash,2584146,80791892,9955106
hash,2584147,137422174104,17177627883
hash,2584148,137422174112,17177627884
hash,2584149,137422174120,17177627885
hash,2584150,137422174128,17177627886
hash,2584151,80791784,9955093
hash,2584152,80791800,9955095
hash,2584153,67425956,8284364
hash,2584154,137422174112,17177627884
hash,2584155,137422174120,17177627885
hash,2584156,137422174128,17177627886
hash,2584157,137422174136,17177627887
hash,2584158,137422174159,17177627889
hash,2584159,137422174164,17177627890
hash,2584160,78474768,9665466
hash,2584161,78474776,9665467
hash,2584162,137422174776,17177627967
hash,2584163,137422174768,17177627966
hash,2584164,137422174144,17177627888
hash,2584165,137422174784,17177627968
hash,2584166,137422174768,17177627966
hash,2584167,78474768,9665466
hash,2584168,78474776,9665467
hash,2584169,78474752,9665464
hash,2584170,78445144,9661763
hash,2584171,78474816,9665472
hash,2584172,78471400,9665045
hash,2584173,80791892,9955106
hash,2584174,80791784,9955093
hash,2584175,80791792,9955094
hash,2584176,67425956,8284364
hash,2584177,137422174080,17177627880
hash,2584178,137422174088,17177627881
hash,2584179,137422174096,17177627882
hash,2584180,137422174104,17177627883
hash,2584181,137422174120,17177627885
hash,2584182,137422174128,17177627886
hash,2584183,137422174136,17177627887
hash,2584184,78474768,9665466
hash,2584185,78474776,9665467
hash,2584186,78474752,9665464
hash,2584187,78445136,9661762
hash,2584188,78474816,9665472
hash,2584189,78471400,9665045
hash,2584190,80791892,9955106
hash,2584191,80791784,9955093
hash,2584192,80791792,9955094
hash,2584193,67425957,8284364
hash,2584194,137422174080,17177627880
hash,2584195,137422174088,17177627881
hash,2584196,137422174096,17177627882
hash,2584197,137422174104,17177627883
hash,2584198,78474816,9665472
hash,2584199,137422174120,17177627885
hash,2584200,137422174128,17177627886
hash,2584201,78465984,9664368
hash,2584202,80791892,9955106
hash,2584203,137422174104,17177627883
hash,2584204,137422174112,17177627884
hash,2584205,137422174120,17177627885
hash,2584206,137422174128,17177627886
hash,2584207,80791784,9955093
hash,2584208,80791800,9955095
hash,2584209,67425957,8284364
hash,2584210,137422174112,17177627884
hash,2584211,137422174120,17177627885
hash,2584212,137422174128,17177627886
hash,2584213,137422174136,17177627887
hash,2584214,137422174159,17177627889
hash,2584215,137422174164,17177627890
hash,2584216,78474768,9665466
hash,2584217,78474776,9665467
hash,2584218,137422174776,17177627967
hash,2584219,137422174768,17177627966
hash,2584220,137422174144,17177627888
hash,2584221,137422174784,17177627968
hash,2584222,137422174768,17177627966
hash,2584223,78474768,9665466
hash,2584224,78474776,9665467
hash,2584225,78474752,9665464
hash,2584226,78445144,9661763
hash,2584227,78474816,9665472
hash,2584228,78471400,9665045
hash,2584229,80791892,9955106
hash,2584230,80791784,9955093
hash,2584231,80791792,9955094
hash,2584232,67425957,8284364
hash,2584233,137422174080,17177627880
hash,2584234,137422174088,17177627881
hash,2584235,137422174096,17177627882
hash,2584236,137422174104,17177627883
hash,2584237,137422174120,17177627885
hash,2584238,137422174128,17177627886
hash,2584239,137422174136,17177627887
hash,2584240,78474768,9665466
hash,2584241,78474776,9665467
hash,2584242,78474752,9665464
hash,2584243,78445136,9661762
hash,2584244,78474816,9665472
hash,2584245,78471400,9665045
hash,2584246,80791892,9955106
hash,2584247,80791784,9955093
hash,2584248,80791792,9955094
hash,2584249,67425958,8284364
hash,2584250,137422174080,17177627880
hash,2584251,137422174088,17177627881
hash,2584252,137422174096,17177627882
hash,2584253,137422174104,17177627883
hash,2584254,78474816,9665472
hash,2584255,137422174120,17177627885
hash,2584256,137422174128,17177627886
hash,2584257,78465984,9664368
hash,2584258,80791892,9955106
hash,2584259,137422174104,17177627883
hash,2584260,137422174112,17177627884
hash,2584261,137422174120,17177627885
hash,2584262,137422174128,17177627886
hash,2584263,80791784,9955093
hash,2584264,80791800,9955095
hash,2584265,67425958,8284364
hash,2584266,137422174112,17177627884
hash,2584267,137422174120,17177627885
hash,2584268,137422174128,17177627886
hash,2584269,137422174136,17177627887
hash,2584270,137422174159,17177627889
hash,2584271,137422174164,17177627890
hash,2584272,78474768,9665466
hash,2584273,78474776,9665467
hash,2584274,137422174776,17177627967
hash,2584275,137422174768,17177627966
hash,2584276,137422174144,17177627888
hash,2584277,137422174784,17177627968
hash,2584278,137422174768,17177627966
hash,2584279,78474768,9665466
hash,2584280,78474776,9665467
hash,2584281,78474752,9665464
hash,2584282,78445144,9661763
hash,2584283,78474816,9665472
hash,2584284,78471400,9665045
hash,2584285,80791892,9955106
hash,2584286,80791784,9955093
hash,2584287,80791792,9955094
hash,2584288,67425958,8284364
hash,2584289,137422174080,17177627880
hash,2584290,137422174088,17177627881
hash,2584291,137422174096,17177627882
hash,2584292,137422174104,17177627883
hash,2584293,137422174120,17177627885
hash,2584294,137422174128,17177627886
hash,2584295,137422174136,17177627887
hash,2584296,78474768,9665466
hash,2584297,78474776,9665467
hash,2584298,78474752,9665464
hash,2584299,78445136,9661762
hash,2584300,78474816,9665472
hash,2584301,78471400,9665045
hash,2584302,80791892,9955106
hash,2584303,80791784,9955093
hash,2584304,80791792,9955094
hash,2584305,67425959,8284364
hash,2584306,137422174080,17177627880
hash,2584307,137422174088,17177627881
hash,2584308,137422174096,17177627882
hash,2584309,137422174104,17177627883
hash,2584310,78474816,9665472
hash,2584311,137422174120,17177627885
hash,2584312,137422174128,17177627886
hash,2584313,78465984,9664368
hash,2584314,80791892,9955106
hash,2584315,137422174104,17177627883
hash,2584316,137422174112,17177627884
hash,2584317,137422174120,17177627885
hash,2584318,137422174128,17177627886
hash,2584319,80791784,9955093
hash,2584320,80791800,9955095
hash,2584321,67425959,8284364
hash,2584322,137422174112,17177627884
hash,2584323,137422174120,17177627885
hash,2584324,137422174128,17177627886
hash,2584325,137422174136,17177627887
hash,2584326,137422174159,17177627889
hash,2584327,137422174164,17177627890
hash,2584328,78474768,9665466
hash,2584329,78474776,9665467
hash,2584330,137422174776,17177627967
hash,2584331,137422174768,17177627966
hash,2584332,137422174144,17177627888
hash,2584333,137422174784,17177627968
hash,2584334,137422174768,17177627966
hash,2584335,78474768,9665466
hash,2584336,78474776,9665467
hash,2584337,78474752,9665464
hash,2584338,78445144,9661763
hash,2584339,78474816,9665472
hash,2584340,78471400,9665045
hash,2584341,80791892,9955106
hash,2584342,80791784,9955093
hash,2584343,80791792,9955094
hash,2584344,67425959,8284364
hash,2584345,137422174080,17177627880
hash,2584346,137422174088,17177627881
hash,2584347,137422174096,17177627882
hash,2584348,137422174104,17177627883
hash,2584349,137422174120,17177627885
hash,2584350,137422174128,17177627886
hash,2584351,137422174136,17177627887
hash,2584352,78474768,9665466
hash,2584353,78474776,9665467
hash,2584354,78474752,9665464
hash,2584355,78445136,9661762
hash,2584356,78474816,9665472
hash,2584357,78471400,9665045
hash,2584358,80791892,9955106
hash,2584359,80791784,9955093
hash,2584360,80791792,9955094
hash,2584361,67425960,8284365
hash,2584362,137422174080,17177627880
hash,2584363,137422174088,17177627881
hash,2584364,137422174096,17177627882
hash,2584365,137422174104,17177627883
hash,2584366,78474816,9665472
hash,2584367,137422174120,17177627885
hash,2584368,137422174128,17177627886
hash,2584369,78465984,9664368
hash,2584370,80791892,9955106
hash,2584371,137422174104,17177627883
hash,2584372,137422174112,17177627884
hash,2584373,137422174120,17177627885
hash,2584374,137422174128,17177627886
hash,2584375,80791784,9955093
hash,2584376,80791800,9955095
hash,2584377,67425960,8284365
hash,2584378,137422174112,17177627884
hash,2584379,137422174120,17177627885
hash,2584380,137422174128,17177627886
hash,2584381,137422174136,17177627887
hash,2584382,137422174159,17177627889
hash,2584383,137422174164,17177627890
hash,2584384,78474768,9665466
hash,2584385,78474776,9665467
hash,2584386,137422174776,17177627967
hash,2584387,137422174768,17177627966
hash,2584388,137422174144,17177627888
hash,2584389,137422174784,17177627968
hash,2584390,137422174768,17177627966
hash,2584391,78474768,9665466
hash,2584392,78474776,9665467
hash,2584393,78474752,9665464
hash,2584394,78445144,9661763
hash,2584395,78474816,9665472
hash,2584396,78471400,9665045
hash,2584397,80791892,9955106
hash,2584398,80791784,9955093
hash,2584399,80791792,9955094
hash,2584400,67425960,8284365
hash,2584401,137422174080,17177627880
hash,2584402,137422174088,17177627881
hash,2584403,137422174096,17177627882
hash,2584404,137422174104,17177627883
hash,2584405,137422174120,17177627885
hash,2584406,137422174128,17177627886
hash,2584407,137422174136,17177627887
hash,2584408,78474768,9665466
hash,2584409,78474776,9665467
hash,2584410,78474752,9665464
hash,2584411,78445136,9661762
hash,2584412,78474816,9665472
hash,2584413,78471400,9665045
hash,2584414,80791892,9955106
hash,2584415,80791784,9955093
hash,2584416,80791792,9955094
hash,2584417,67425961,8284365
hash,2584418,137422174080,17177627880
hash,2584419,137422174088,17177627881
hash,2584420,137422174096,17177627882
hash,2584421,137422174104,17177627883
hash,2584422,78474816,9665472
hash,2584423,137422174120,17177627885
hash,2584424,137422174128,17177627886
hash,2584425,78465984,9664368
hash,2584426,80791892,9955106
hash,2584427,137422174104,17177627883
hash,2584428,137422174112,17177627884
hash,2584429,137422174120,17177627885
hash,2584430,137422174128,17177627886
hash,2584431,80791784,9955093
hash,2584432,80791800,9955095
hash,2584433,67425961,8284365
hash,2584434,137422174112,17177627884
hash,2584435,137422174120,17177627885
hash,2584436,137422174128,17177627886
hash,2584437,137422174136,17177627887
hash,2584438,137422174159,17177627889
hash,2584439,137422174164,17177627890
hash,2584440,78474768,9665466
hash,2584441,78474776,9665467
hash,2584442,137422174776,17177627967
hash,2584443,137422174768,17177627966
hash,2584444,137422174144,17177627888
hash,2584445,137422174784,17177627968
hash,2584446,137422174768,17177627966
hash,2584447,78474768,9665466
hash,2584448,78474776,9665467
hash,2584449,78474752,9665464
hash,2584450,78445144,9661763
hash,2584451,78474816,9665472
hash,2584452,78471400,9665045
hash,2584453,80791892,9955106
hash,2584454,80791784,9955093
hash,2584455,80791792,9955094
hash,2584456,67425961,8284365
hash,2584457,137422174080,17177627880
hash,2584458,137422174088,17177627881
hash,2584459,137422174096,17177627882
hash,2584460,137422174104,17177627883
hash,2584461,137422174120,17177627885
hash,2584462,137422174128,17177627886
hash,2584463,137422174136,17177627887
hash,2584464,78474768,9665466
hash,2584465,78474776,9665467
hash,2584466,78474752,9665464
hash,2584467,78445136,9661762
hash,2584468,78474816,9665472
hash,2584469,78471400,9665045
hash,2584470,80791892,9955106
hash,2584471,80791784,9955093
hash,2584472,80791792,9955094
hash,2584473,67425962,8284365
hash,2584474,137422174080,17177627880
hash,2584475,137422174088,17177627881
hash,2584476,137422174096,17177627882
hash,2584477,137422174104,17177627883
hash,2584478,78474816,9665472
hash,2584479,137422174120,17177627885
hash,2584480,137422174128,17177627886
hash,2584481,78465984,9664368
hash,2584482,80791892,9955106
hash,2584483,137422174104,17177627883
hash,2584484,137422174112,17177627884
hash,2584485,137422174120,17177627885
hash,2584486,137422174128,17177627886
hash,2584487,80791784,9955093
hash,2584488,80791800,9955095
hash,2584489,67425962,8284365
hash,2584490,137422174112,17177627884
hash,2584491,137422174120,17177627885
hash,2584492,137422174128,17177627886
hash,2584493,137422174136,17177627887
hash,2584494,137422174159,17177627889
hash,2584495,137422174164,17177627890
hash,2584496,78474768,9665466
hash,2584497,78474776,9665467
hash,2584498,137422174776,17177627967
hash,2584499,137422174768,17177627966
hash,2584500,137422174144,17177627888
hash,2584501,137422174784,17177627968
hash,2584502,137422174768,17177627966
hash,2584503,78474768,9665466
hash,2584504,78474776,9665467
hash,2584505,78474752,9665464
hash,2584506,78445144,9661763
hash,2584507,78474816,9665472
hash,2584508,78471400,9665045
hash,2584509,80791892,9955106
hash,2584510,80791784,9955093
hash,2584511,80791792,9955094
hash,2584512,67425962,8284365
hash,2584513,137422174080,17177627880
hash,2584514,137422174088,17177627881
hash,2584515,137422174096,17177627882
hash,2584516,137422174104,17177627883
hash,2584517,137422174120,17177627885
hash,2584518,137422174128,17177627886
hash,2584519,137422174136,17177627887
hash,2584520,78474768,9665466
hash,2584521,78474776,9665467
hash,2584522,78474752,9665464
hash,2584523,78445136,9661762
hash,2584524,78474816,9665472
hash,2584525,78471400,9665045
hash,2584526,80791892,9955106
hash,2584527,80791784,9955093
hash,2584528,80791792,9955094
hash,2584529,67425963,8284365
hash,2584530,137422174080,17177627880
hash,2584531,137422174088,17177627881
hash,2584532,137422174096,17177627882
hash,2584533,137422174104,17177627883
hash,2584534,78474816,9665472
hash,2584535,137422174120,17177627885
hash,2584536,137422174128,17177627886
hash,2584537,78465984,9664368
hash,2584538,80791892,9955106
hash,2584539,137422174104,17177627883
hash,2584540,137422174112,17177627884
hash,2584541,137422174120,17177627885
hash,2584542,137422174128,17177627886
hash,2584543,80791784,9955093
hash,2584544,80791800,9955095
hash,2584545,67425963,8284365
hash,2584546,137422174112,17177627884
hash,2584547,137422174120,17177627885
hash,2584548,137422174128,17177627886
hash,2584549,137422174136,17177627887
hash,2584550,137422174159,17177627889
hash,2584551,137422174164,17177627890
hash,2584552,78474768,9665466
hash,2584553,78474776,9665467
hash,2584554,78474752,9665464
hash,2584555,78445144,9661763
hash,2584556,78474816,9665472
hash,2584557,78471400,9665045
hash,2584558,80791892,9955106
hash,2584559,80791784,9955093
hash,2584560,80791792,9955094
hash,2584561,67425963,8284365
hash,2584562,137422174080,17177627880
hash,2584563,137422174088,17177627881
hash,2584564,137422174096,17177627882
hash,2584565,137422174104,17177627883
hash,2584566,137422174120,17177627885
hash,2584567,137422174128,17177627886
hash,2584568,137422174136,17177627887
hash,2584569,137422174200,17177627895
hash,2584570,81812584,10082693
hash,2584571,137422174216,17177627897
hash,2584572,137422174224,17177627898
hash,2584573,137422174232,17177627899
hash,2584574,137422174240,17177627900
hash,2584575,137422174248,17177627901
hash,2584576,137422174256,17177627902
hash,2584577,137422174264,17177627903
hash,2584578,1175904,3108
hash,2584579,78448728,9662211
hash,2584580,1175392,3044
hash,2584581,1175952,3114
hash,2584582,137422174264,17177627903
hash,2584583,1175472,3054
hash,2584584,137422174776,17177627967
hash,2584585,137422174264,17177627903
hash,2584586,137422174252,17177627901
hash,2584587,137422174248,17177627901
hash,2584588,137422174256,17177627902
hash,2584589,137422174264,17177627903
hash,2584590,1175464,3053
hash,2584591,78461288,9663781
hash,2584592,81812584,10082693
hash,2584593,78459608,9663571
hash,2584594,78464920,9664235
hash,2584595,78461968,9663866
hash,2584596,78465664,9664328
hash,2584597,78459800,9663595
hash,2584598,80822336,9958912
hash,2584599,78477272,9665779
hash,2584600,137422174104,17177627883
hash,2584601,78477264,9665778
hash,2584602,78477272,9665779
hash,2584603,137422174120,17177627885
hash,2584604,137422174128,17177627886
hash,2584605,137422174136,17177627887
hash,2584606,137422174144,17177627888
hash,2584607,137422174152,17177627889
hash,2584608,78469512,9664809
hash,2584609,78469592,9664819
hash,2584610,77885424,9591798
hash,2584611,81812584,10082693
hash,2584612,78465664,9664328
hash,2584613,78459800,9663595
hash,2584614,80822336,9958912
hash,2584615,78477272,9665779
hash,2584616,137422174024,17177627873
hash,2584617,78477264,9665778
hash,2584618,78477272,9665779
hash,2584619,137422174040,17177627875
hash,2584620,137422174048,17177627876
hash,2584621,137422174056,17177627877
hash,2584622,137422174064,17177627878
hash,2584623,137422174072,17177627879
hash,2584624,78467832,9664599
hash,2584625,137422174080,17177627880
hash,2584626,78477272,9665779
hash,2584627,137422175296,17177628032
hash,2584628,137422174080,17177627880
hash,2584629,137422174048,17177627876
hash,2584630,137422174056,17177627877
hash,2584631,137422174064,17177627878
hash,2584632,137422174072,17177627879
hash,2584633,78468456,9664677
hash,2584634,137422174080,17177627880
hash,2584635,78477272,9665779
hash,2584636,137422174056,17177627877
hash,2584637,137422174064,17177627878
hash,2584638,137422174072,17177627879
hash,2584639,137422174088,17177627881
hash,2584640,81812584,10082693
hash,2584641,137422174096,17177627882
hash,2584642,137422174104,17177627883
hash,2584643,137422174112,17177627884
hash,2584644,137422174120,17177627885
hash,2584645,78469800,9664845
hash,2584646,78462728,9663961
hash,2584647,78465560,9664315
hash,2584648,78477888,9665856
hash,2584649,137422174088,17177627881
hash,2584650,78460536,9663687
hash,2584651,137422175296,17177628032
hash,2584652,78483464,9666553
hash,2584653,78482912,9666484
hash,2584654,78465560,9664315
hash,2584655,78485552,9666814
hash,2584656,137422174088,17177627881
hash,2584657,78460264,9663653
hash,2584658,137422175296,17177628032
hash,2584659,78483464,9666553
hash,2584660,78482944,9666488
hash,2584661,78465560,9664315
hash,2584662,78485560,9666815
hash,2584663,137422174088,17177627881
hash,2584664,137422175296,17177628032
hash,2584665,78483464,9666553
hash,2584666,78482936,9666487
hash,2584667,137422174096,17177627882
hash,2584668,137422174104,17177627883
hash,2584669,137422174112,17177627884
hash,2584670,137422174120,17177627885
hash,2584671,137422174128,17177627886
hash,2584672,137422174136,17177627887
hash,2584673,137422174144,17177627888
hash,2584674,137422174152,17177627889
hash,2584675,78469512,9664809
hash,2584676,78469592,9664819
hash,2584677,77885424,9591798
hash,2584678,81812584,10082693
hash,2584679,78465664,9664328
hash,2584680,78459800,9663595
hash,2584681,80822336,9958912
hash,2584682,78477272,9665779
hash,2584683,137422174024,17177627873
hash,2584684,78477264,9665778
hash,2584685,78477272,9665779
hash,2584686,137422174040,17177627875
hash,2584687,137422174048,17177627876
hash,2584688,137422174056,17177627877
hash,2584689,137422174064,17177627878
hash,2584690,137422174072,17177627879
hash,2584691,78467832,9664599
hash,2584692,137422174080,17177627880
hash,2584693,78477272,9665779
hash,2584694,137422175296,17177628032
hash,2584695,137422174080,17177627880
hash,2584696,137422174048,17177627876
hash,2584697,137422174056,17177627877
hash,2584698,137422174064,17177627878
hash,2584699,137422174072,17177627879
hash,2584700,78468456,9664677
hash,2584701,137422174080,17177627880
hash,2584702,78477272,9665779
hash,2584703,137422174056,17177627877
hash,2584704,137422174064,17177627878
hash,2584705,137422174072,17177627879
hash,2584706,137422174088,17177627881
hash,2584707,81812584,10082693
hash,2584708,137422174096,17177627882
hash,2584709,137422174104,17177627883
hash,2584710,137422174112,17177627884
hash,2584711,137422174120,17177627885
hash,2584712,78469800,9664845
hash,2584713,78462728,9663961
hash,2584714,78465560,9664315
hash,2584715,78477888,9665856
hash,2584716,137422174088,17177627881
hash,2584717,78460536,9663687
hash,2584718,137422175296,17177628032
hash,2584719,78483464,9666553
hash,2584720,78482912,9666484
hash,2584721,78465560,9664315
hash,2584722,78485552,9666814
hash,2584723,137422174088,17177627881
hash,2584724,78460264,9663653
hash,2584725,137422175296,17177628032
hash,2584726,78483464,9666553
hash,2584727,78482944,9666488
hash,2584728,78465560,9664315
hash,2584729,78485560,9666815
hash,2584730,137422174088,17177627881
hash,2584731,137422175296,17177628032
hash,2584732,78483464,9666553
hash,2584733,78482936,9666487
hash,2584734,137422174096,17177627882
hash,2584735,137422174104,17177627883
hash,2584736,137422174112,17177627884
hash,2584737,137422174120,17177627885
hash,2584738,137422174128,17177627886
hash,2584739,137422174136,17177627887
hash,2584740,137422174144,17177627888
hash,2584741,137422174152,17177627889
hash,2584742,78459608,9663571
hash,2584743,137422174176,17177627892
hash,2584744,78459608,9663571
hash,2584745,78465664,9664328
hash,2584746,78459800,9663595
hash,2584747,80822336,9958912
hash,2584748,78477272,9665779
hash,2584749,137422174104,17177627883
hash,2584750,78477264,9665778
hash,2584751,78477272,9665779
hash,2584752,137422174120,17177627885
hash,2584753,137422174128,17177627886
hash,2584754,137422174136,17177627887
hash,2584755,137422174144,17177627888
hash,2584756,137422174152,17177627889
hash,2584757,78459712,9663584
hash,2584758,137422174776,17177627967
hash,2584759,137422174768,17177627966
hash,2584760,137422174176,17177627892
hash,2584761,78467616,9664572
hash,2584762,137422174192,17177627894
hash,2584763,78464120,9664135
hash,2584764,78464800,9664220
hash,2584765,80818568,9958441
hash,2584766,80788888,9954731
hash,2584767,81812440,10082675
hash,2584768,80789992,9954869
hash,2584769,67346450,8274426
hash,2584770,67346584,8274443
hash,2584771,67530016,8297372
hash,2584772,137422174088,17177627881
hash,2584773,137422174096,17177627882
hash,2584774,137422174104,17177627883
hash,2584775,137422174112,17177627884
hash,2584776,137422174120,17177627885
hash,2584777,137422174136,17177627887
hash,2584778,137422174144,17177627888
hash,2584779,137422174152,17177627889
hash,2584780,137422174192,17177627894
hash,2584781,137422174160,17177627890
hash,2584782,78470984,9664993
hash,2584783,67423152,8284014
hash,2584784,67423156,8284014
hash,2584785,137422174152,17177627889
hash,2584786,137422174192,17177627894
hash,2584787,137422175056,17177628002
hash,2584788,137422175056,17177628002
hash,2584789,78468408,9664671
hash,2584790,137422175048,17177628001
hash,2584791,137422175064,17177628003
hash,2584792,137422175056,17177628002
hash,2584793,137422175072,17177628004
hash,2584794,137422174128,17177627886
hash,2584795,137422174136,17177627887
hash,2584796,137422174144,17177627888
hash,2584797,78466544,9664438
hash,2584798,137422174152,17177627889
hash,2584799,78469512,9664809
hash,2584800,78469592,9664819
hash,2584801,77885424,9591798
hash,2584802,81812584,10082693
hash,2584803,78465664,9664328
hash,2584804,78459800,9663595
hash,2584805,80822336,9958912
hash,2584806,78477272,9665779
hash,2584807,137422174024,17177627873
hash,2584808,78477264,9665778
hash,2584809,78477272,9665779
hash,2584810,137422174040,17177627875
hash,2584811,137422174048,17177627876
hash,2584812,137422174056,17177627877
hash,2584813,137422174064,17177627878
hash,2584814,137422174072,17177627879
hash,2584815,78467832,9664599
hash,2584816,137422174080,17177627880
hash,2584817,78477272,9665779
hash,2584818,137422175296,17177628032
hash,2584819,137422174080,17177627880
hash,2584820,137422174048,17177627876
hash,2584821,137422174056,17177627877
hash,2584822,137422174064,17177627878
hash,2584823,137422174072,17177627879
hash,2584824,78468456,9664677
hash,2584825,137422174080,17177627880
hash,2584826,78477272,9665779
hash,2584827,137422174056,17177627877
hash,2584828,137422174064,17177627878
hash,2584829,137422174072,17177627879
hash,2584830,137422174088,17177627881
hash,2584831,81812584,10082693
hash,2584832,137422174096,17177627882
hash,2584833,137422174104,17177627883
hash,2584834,137422174112,17177627884
hash,2584835,137422174120,17177627885
hash,2584836,78469800,9664845
hash,2584837,78462728,9663961
hash,2584838,78465560,9664315
hash,2584839,78477888,9665856
hash,2584840,137422174088,17177627881
hash,2584841,78460536,9663687
hash,2584842,137422175296,17177628032
hash,2584843,78483464,9666553
hash,2584844,78482912,9666484
hash,2584845,78465560,9664315
hash,2584846,78485552,9666814
hash,2584847,137422174088,17177627881
hash,2584848,78460264,9663653
hash,2584849,137422175296,17177628032
hash,2584850,78483464,9666553
hash,2584851,78482944,9666488
hash,2584852,78465560,9664315
hash,2584853,78485560,9666815
hash,2584854,137422174088,17177627881
hash,2584855,137422175296,17177628032
hash,2584856,78483464,9666553
hash,2584857,78482936,9666487
hash,2584858,137422174096,17177627882
hash,2584859,137422174104,17177627883
hash,2584860,137422174112,17177627884
hash,2584861,137422174120,17177627885
hash,2584862,137422174128,17177627886
hash,2584863,137422174136,17177627887
hash,2584864,137422174144,17177627888
hash,2584865,137422174152,17177627889
hash,2584866,137422174200,17177627895
hash,2584867,81812584,10082693
hash,2584868,137422174216,17177627897
hash,2584869,137422174224,17177627898
hash,2584870,137422174232,17177627899
hash,2584871,137422174240,17177627900
hash,2584872,137422174248,17177627901
hash,2584873,137422174256,17177627902
hash,2584874,137422174264,17177627903
hash,2584875,1175440,3050
hash,2584876,137422174264,17177627903
hash,2584877,1175400,3045
hash,2584878,81812584,10082693
hash,2584879,78470000,9664870
hash,2584880,137422174960,17177627990
hash,2584881,78452688,9662706
hash,2584882,137422175120,17177628010
hash,2584883,137422175304,17177628033
hash,2584884,137422175113,17177628009
hash,2584885,137422175320,17177628035
hash,2584886,137422175000,17177627995
hash,2584887,137422175008,17177627996
hash,2584888,137422175328,17177628036
hash,2584889,67530016,8297372
hash,2584890,78482000,9666370
hash,2584891,80460121,9913635
hash,2584892,137422174960,17177627990
hash,2584893,78452688,9662706
hash,2584894,137422175120,17177628010
hash,2584895,137422174096,17177627882
hash,2584896,137422174104,17177627883
hash,2584897,137422174112,17177627884
hash,2584898,137422174120,17177627885
hash,2584899,137422174128,17177627886
hash,2584900,137422174136,17177627887
hash,2584901,137422174191,17177627893
hash,2584902,137422174800,17177627970
hash,2584903,137422174960,17177627990
hash,2584904,78452688,9662706
hash,2584905,137422175104,17177628008
hash,2584906,78463968,9664116
hash,2584907,137422175296,17177628032
hash,2584908,78477272,9665779
hash,2584909,137422174136,17177627887
hash,2584910,78462728,9663961
hash,2584911,78465560,9664315
hash,2584912,78477888,9665856
hash,2584913,137422174136,17177627887
hash,2584914,137422174192,17177627894
hash,2584915,78483464,9666553
hash,2584916,78482912,9666484
hash,2584917,78468456,9664677
hash,2584918,137422174192,17177627894
hash,2584919,78477272,9665779
hash,2584920,137422174120,17177627885
hash,2584921,137422174128,17177627886
hash,2584922,137422174136,17177627887
hash,2584923,137422174960,17177627990
hash,2584924,78452688,9662706
hash,2584925,137422175320,17177628035
hash,2584926,137422175000,17177627995
hash,2584927,137422175008,17177627996
hash,2584928,67530016,8297372
hash,2584929,137422174168,17177627891
hash,2584930,78482000,9666370
hash,2584931,80460121,9913635
hash,2584932,137422175000,17177627995
hash,2584933,137422175008,17177627996
hash,2584934,137422174808,17177627971
hash,2584935,67530017,8297372
hash,2584936,80460139,9913637
hash,2584937,67530018,8297372
hash,2584938,80460033,9913624
hash,2584939,78467432,9664549
hash,2584940,137422174808,17177627971
hash,2584941,137422174800,17177627970
hash,2584942,78470984,9664993
hash,2584943,67530016,8297372
hash,2584944,67530016,8297372
hash,2584945,137422174104,17177627883
hash,2584946,137422174800,17177627970
hash,2584947,137422174112,17177627884
hash,2584948,137422174120,17177627885
hash,2584949,137422174128,17177627886
hash,2584950,137422174136,17177627887
hash,2584951,137422174160,17177627890
hash,2584952,137422175000,17177627995
hash,2584953,137422175008,17177627996
hash,2584954,67530018,8297372
hash,2584955,137422174168,17177627891
hash,2584956,78482000,9666370
hash,2584957,80460033,9913624
hash,2584958,137422174960,17177627990
hash,2584959,78452688,9662706
hash,2584960,137422174200,17177627895
hash,2584961,81812584,10082693
hash,2584962,137422174216,17177627897
hash,2584963,137422174224,17177627898
hash,2584964,137422174232,17177627899
hash,2584965,137422174240,17177627900
hash,2584966,137422174248,17177627901
hash,2584967,137422174256,17177627902
hash,2584968,137422174264,17177627903
hash,2584969,81812584,10082693
hash,2584970,1175176,3017
hash,2584971,81812584,10082693
hash,2584972,78464048,9664126
hash,2584973,80789168,9954766
hash,2584974,67337640,8273325
hash,2584975,137422174168,17177627891
hash,2584976,137422174176,17177627892
hash,2584977,137422174184,17177627893
hash,2584978,137422174200,17177627895
hash,2584979,81812584,10082693
hash,2584980,137422174208,17177627896
hash,2584981,137422174216,17177627897
hash,2584982,137422174200,17177627895
hash,2584983,137422174224,17177627898
hash,2584984,137422174208,17177627896
hash,2584985,137422174216,17177627897
hash,2584986,137422174200,17177627895
hash,2584987,81812584,10082693
hash,2584988,137422174136,17177627887
hash,2584989,137422174104,17177627883
hash,2584990,137422174232,17177627899
hash,2584991,137422174112,17177627884
hash,2584992,137422174120,17177627885
hash,2584993,137422174096,17177627882
hash,2584994,137422174152,17177627889
hash,2584995,137422174104,17177627883
hash,2584996,137422174112,17177627884
hash,2584997,137422174120,17177627885
hash,2584998,137422174160,17177627890
hash,2584999,137422174168,17177627891
hash,2585000,81812584,10082693
hash,2585001,137422174176,17177627892
hash,2585002,137422174184,17177627893
hash,2585003,137422174208,17177627896
hash,2585004,137422174216,17177627897
hash,2585005,137422174200,17177627895
hash,2585006,137422174240,17177627900
hash,2585007,137422174208,17177627896
hash,2585008,137422174216,17177627897
hash,2585009,137422174248,17177627901
hash,2585010,81812584,10082693
hash,2585011,137422174256,17177627902
hash,2585012,137422174264,17177627903
hash,2585013,137422174232,17177627899
hash,2585014,1175280,3030
hash,2585015,137422174808,17177627971
hash,2585016,137422174216,17177627897
hash,2585017,137422174224,17177627898
hash,2585018,137422174200,17177627895
hash,2585019,1175208,3021
hash,2585020,1151093,6
hash,2585021,137422174184,17177627893
hash,2585022,137422174208,17177627896
hash,2585023,137422174216,17177627897
hash,2585024,137422174248,17177627901
hash,2585025,137422174256,17177627902
hash,2585026,137422174264,17177627903
hash,2585027,137422174232,17177627899
hash,2585028,1175280,3030
hash,2585029,137422174808,17177627971
hash,2585030,137422174216,17177627897
hash,2585031,137422174224,17177627898
hash,2585032,137422174200,17177627895
hash,2585033,1175208,3021
hash,2585034,1151095,6
hash,2585035,137422174184,17177627893
hash,2585036,137422174208,17177627896
hash,2585037,137422174216,17177627897
hash,2585038,137422174248,17177627901
hash,2585039,137422174256,17177627902
hash,2585040,137422174264,17177627903
hash,2585041,137422174232,17177627899
hash,2585042,1175280,3030
hash,2585043,137422174808,17177627971
hash,2585044,137422174216,17177627897
hash,2585045,137422174224,17177627898
hash,2585046,137422174200,17177627895
hash,2585047,1175208,3021
hash,2585048,1151097,7
hash,2585049,137422174184,17177627893
hash,2585050,137422174208,17177627896
hash,2585051,137422174216,17177627897
hash,2585052,137422174248,17177627901
hash,2585053,137422174256,17177627902
hash,2585054,137422174264,17177627903
hash,2585055,137422174232,17177627899
hash,2585056,1175280,3030
hash,2585057,137422174808,17177627971
hash,2585058,137422174216,17177627897
hash,2585059,137422174224,17177627898
hash,2585060,137422174200,17177627895
hash,2585061,1175208,3021
hash,2585062,1151099,7
hash,2585063,137422174184,17177627893
hash,2585064,137422174208,17177627896
hash,2585065,137422174216,17177627897
hash,2585066,137422174248,17177627901
hash,2585067,137422174256,17177627902
hash,2585068,137422174264,17177627903
hash,2585069,137422174232,17177627899
hash,2585070,1175280,3030
hash,2585071,137422174808,17177627971
hash,2585072,137422174216,17177627897
hash,2585073,137422174224,17177627898
hash,2585074,137422174200,17177627895
hash,2585075,1175208,3021
hash,2585076,1151101,7
hash,2585077,137422174184,17177627893
hash,2585078,137422174208,17177627896
hash,2585079,137422174216,17177627897
hash,2585080,137422174232,17177627899
hash,2585081,1175280,3030
hash,2585082,137422174808,17177627971
hash,2585083,137422174216,17177627897
hash,2585084,137422174232,17177627899
hash,2585085,1175416,3047
hash,2585086,137422174800,17177627970
hash,2585087,137422174216,17177627897
hash,2585088,137422174224,17177627898
hash,2585089,137422174184,17177627893
hash,2585090,137422174184,17177627893
hash,2585091,137422174192,17177627894
hash,2585092,137422174200,17177627895
hash,2585093,1175216,3022
hash,2585094,1151101,7
hash,2585095,137422174816,17177627972
hash,2585096,137422174168,17177627891
hash,2585097,137422174208,17177627896
hash,2585098,137422174216,17177627897
hash,2585099,137422174248,17177627901
hash,2585100,137422174256,17177627902
hash,2585101,137422174264,17177627903
hash,2585102,81812584,10082693
hash,2585103,137422174184,17177627893
hash,2585104,137422174152,17177627889
hash,2585105,137422174152,17177627889
hash,2585106,137422174152,17177627889
hash,2585107,137422174160,17177627890
hash,2585108,137422174168,17177627891
hash,2585109,1175440,3050
hash,2585110,137422174168,17177627891
hash,2585111,137422174176,17177627892
hash,2585112,1175400,3045
hash,2585113,81812584,10082693
hash,2585114,78470000,9664870
hash,2585115,137422174960,17177627990
hash,2585116,78452688,9662706
hash,2585117,137422175120,17177628010
hash,2585118,137422175304,17177628033
hash,2585119,137422175113,17177628009
hash,2585120,137422175320,17177628035
hash,2585121,137422175000,17177627995
hash,2585122,137422175008,17177627996
hash,2585123,137422175328,17177628036
hash,2585124,67530018,8297372
hash,2585125,78482000,9666370
hash,2585126,80460033,9913624
hash,2585127,137422175000,17177627995
hash,2585128,137422175008,17177627996
hash,2585129,67530019,8297372
hash,2585130,78482000,9666370
hash,2585131,80460179,9913642
hash,2585132,137422174960,17177627990
hash,2585133,78452688,9662706
hash,2585134,137422175120,17177628010
hash,2585135,137422174000,17177627870
hash,2585136,137422174008,17177627871
hash,2585137,137422174016,17177627872
hash,2585138,137422174024,17177627873
hash,2585139,137422174032,17177627874
hash,2585140,137422174040,17177627875
hash,2585141,137422174095,17177627881
hash,2585142,137422174192,17177627894
hash,2585143,137422174960,17177627990
hash,2585144,78452688,9662706
hash,2585145,137422175104,17177628008
hash,2585146,78463968,9664116
hash,2585147,137422175296,17177628032
hash,2585148,78477272,9665779
hash,2585149,137422174040,17177627875
hash,2585150,78462728,9663961
hash,2585151,78465560,9664315
hash,2585152,78477888,9665856
hash,2585153,137422174040,17177627875
hash,2585154,137422174096,17177627882
hash,2585155,78483464,9666553
hash,2585156,78482912,9666484
hash,2585157,78468456,9664677
hash,2585158,137422174096,17177627882
hash,2585159,78477272,9665779
hash,2585160,137422174024,17177627873
hash,2585161,137422174032,17177627874
hash,2585162,137422174040,17177627875
hash,2585163,137422174960,17177627990
hash,2585164,78452688,9662706
hash,2585165,137422175320,17177628035
hash,2585166,137422175000,17177627995
hash,2585167,137422175008,17177627996
hash,2585168,67530019,8297372
hash,2585169,137422174072,17177627879
hash,2585170,78482000,9666370
hash,2585171,80460179,9913642
hash,2585172,137422175000,17177627995
hash,2585173,137422175008,17177627996
hash,2585174,137422174200,17177627895
hash,2585175,67530020,8297372
hash,2585176,80460169,9913641
hash,2585177,67530021,8297372
hash,2585178,80460163,9913640
hash,2585179,67530022,8297372
hash,2585180,80460169,9913641
hash,2585181,67530023,8297372
hash,2585182,80460171,9913641
hash,2585183,67530024,8297373
hash,2585184,80460033,9913624
hash,2585185,78467432,9664549
hash,2585186,137422174200,17177627895
hash,2585187,137422174192,17177627894
hash,2585188,78470984,9664993
hash,2585189,67530020,8297372
hash,2585190,67530019,8297372
hash,2585191,137422174008,17177627871
hash,2585192,137422174192,17177627894
hash,2585193,137422174016,17177627872
hash,2585194,137422174024,17177627873
hash,2585195,137422174032,17177627874
hash,2585196,137422174040,17177627875
hash,2585197,137422174064,17177627878
hash,2585198,137422175000,17177627995
hash,2585199,137422175008,17177627996
hash,2585200,67530024,8297373
hash,2585201,137422174072,17177627879
hash,2585202,78482000,9666370
hash,2585203,80460033,9913624
hash,2585204,137422174960,17177627990
hash,2585205,78452688,9662706
hash,2585206,137422174104,17177627883
hash,2585207,81812584,10082693
hash,2585208,137422174120,17177627885
hash,2585209,137422174128,17177627886
hash,2585210,137422174136,17177627887
hash,2585211,137422174144,17177627888
hash,2585212,137422174152,17177627889
hash,2585213,137422174160,17177627890
hash,2585214,137422174168,17177627891
hash,2585215,137422174960,17177627990
hash,2585216,78452688,9662706
hash,2585217,1175392,3044
hash,2585218,137422175120,17177628010
hash,2585219,137422174168,17177627891
hash,2585220,137422174184,17177627893
hash,2585221,137422174120,17177627885
hash,2585222,137422174316,17177627909
hash,2585223,137422174120,17177627885
hash,2585224,137422174312,17177627909
hash,2585225,137422174120,17177627885
hash,2585226,137422174072,17177627879
hash,2585227,137422174312,17177627909
hash,2585228,137422174092,17177627881
hash,2585229,137422174072,17177627879
hash,2585230,137422173992,17177627869
hash,2585231,137422174312,17177627909
hash,2585232,137422173988,17177627868
hash,2585233,137422173988,17177627868
hash,2585234,1175344,3038
hash,2585235,78464800,9664220
hash,2585236,80818568,9958441
hash,2585237,80788888,9954731
hash,2585238,81812440,10082675
hash,2585239,80789992,9954869
hash,2585240,67346462,8274427
hash,2585241,67346632,8274449
hash,2585242,67422864,8283978
hash,2585243,137422173912,17177627859
hash,2585244,137422173920,17177627860
hash,2585245,137422173928,17177627861
hash,2585246,137422173936,17177627862
hash,2585247,137422173944,17177627863
hash,2585248,137422173960,17177627865
hash,2585249,137422173968,17177627866
hash,2585250,137422173976,17177627867
hash,2585251,137422173992,17177627869
hash,2585252,137422174316,17177627909
hash,2585253,137422174004,17177627870
hash,2585254,137422173992,17177627869
hash,2585255,137422173944,17177627863
hash,2585256,137422174316,17177627909
hash,2585257,137422173964,17177627865
hash,2585258,137422173968,17177627866
hash,2585259,137422173976,17177627867
hash,2585260,137422173992,17177627869
hash,2585261,137422174304,17177627908
hash,2585262,1175320,3035
hash,2585263,78466120,9664385
hash,2585264,137422173976,17177627867
hash,2585265,137422173992,17177627869
hash,2585266,137422174008,17177627871
hash,2585267,137422173992,17177627869
hash,2585268,137422173988,17177627868
hash,2585269,137422174016,17177627872
hash,2585270,137422174024,17177627873
hash,2585271,137422174032,17177627874
hash,2585272,137422174040,17177627875
hash,2585273,137422174048,17177627876
hash,2585274,137422174056,17177627877
hash,2585275,137422174096,17177627882
hash,2585276,137422174104,17177627883
hash,2585277,137422174120,17177627885
hash,2585278,137422174304,17177627908
hash,2585279,137422174120,17177627885
hash,2585280,137422174316,17177627909
hash,2585281,137422174080,17177627880
hash,2585282,137422174096,17177627882
hash,2585283,137422174104,17177627883
hash,2585284,137422174112,17177627884
hash,2585285,1175200,3020
hash,2585286,137422174200,17177627895
hash,2585287,137422174192,17177627894
hash,2585288,78465024,9664248
hash,2585289,81812584,10082693
hash,2585290,67422864,8283978
hash,2585291,78470984,9664993
hash,2585292,137422174209,17177627896
hash,2585293,137422174208,17177627896
hash,2585294,137422174040,17177627875
hash,2585295,137422174048,17177627876
hash,2585296,67422864,8283978
hash,2585297,137422174056,17177627877
hash,2585298,81812584,10082693
hash,2585299,137422174072,17177627879
hash,2585300,137422174080,17177627880
hash,2585301,137422174088,17177627881
hash,2585302,137422174096,17177627882
hash,2585303,137422174104,17177627883
hash,2585304,137422174120,17177627885
hash,2585305,137422174316,17177627909
hash,2585306,137422174120,17177627885
hash,2585307,137422174128,17177627886
hash,2585308,137422174136,17177627887
hash,2585309,137422174144,17177627888
hash,2585310,137422174152,17177627889
hash,2585311,137422174160,17177627890
hash,2585312,137422174168,17177627891
hash,2585313,137422174176,17177627892
hash,2585314,1175400,3045
hash,2585315,81812584,10082693
hash,2585316,78470000,9664870
hash,2585317,137422174960,17177627990
hash,2585318,78452688,9662706
hash,2585319,137422175120,17177628010
hash,2585320,137422175304,17177628033
hash,2585321,137422175113,17177628009
hash,2585322,137422175320,17177628035
hash,2585323,137422175000,17177627995
hash,2585324,137422175008,17177627996
hash,2585325,137422175328,17177628036
hash,2585326,67530024,8297373
hash,2585327,78482000,9666370
hash,2585328,80460033,9913624
hash,2585329,137422175000,17177627995
hash,2585330,137422175008,17177627996
hash,2585331,67530025,8297373
hash,2585332,78482000,9666370
hash,2585333,80460069,9913628
hash,2585334,137422174960,17177627990
hash,2585335,78452688,9662706
hash,2585336,137422175120,17177628010
hash,2585337,137422174000,17177627870
hash,2585338,137422174008,17177627871
hash,2585339,137422174016,17177627872
hash,2585340,137422174024,17177627873
hash,2585341,137422174032,17177627874
hash,2585342,137422174040,17177627875
hash,2585343,137422174095,17177627881
hash,2585344,137422174192,17177627894
hash,2585345,137422174960,17177627990
hash,2585346,78452688,9662706
hash,2585347,137422175104,17177628008
hash,2585348,78463968,9664116
hash,2585349,137422175296,17177628032
hash,2585350,78477272,9665779
hash,2585351,137422174040,17177627875
hash,2585352,78462728,9663961
hash,2585353,78465560,9664315
hash,2585354,78477888,9665856
hash,2585355,137422174040,17177627875
hash,2585356,137422174096,17177627882
hash,2585357,78483464,9666553
hash,2585358,78482912,9666484
hash,2585359,78468456,9664677
hash,2585360,137422174096,17177627882
hash,2585361,78477272,9665779
hash,2585362,137422174024,17177627873
hash,2585363,137422174032,17177627874
hash,2585364,137422174040,17177627875
hash,2585365,137422174960,17177627990
hash,2585366,78452688,9662706
hash,2585367,137422175320,17177628035
hash,2585368,137422175000,17177627995
hash,2585369,137422175008,17177627996
hash,2585370,67530025,8297373
hash,2585371,137422174072,17177627879
hash,2585372,78482000,9666370
hash,2585373,80460069,9913628
hash,2585374,137422175000,17177627995
hash,2585375,137422175008,17177627996
hash,2585376,137422174200,17177627895
hash,2585377,67530026,8297373
hash,2585378,80460083,9913630
hash,2585379,67530027,8297373
hash,2585380,80460033,9913624
hash,2585381,78467432,9664549
hash,2585382,137422174200,17177627895
hash,2585383,137422174192,17177627894
hash,2585384,78470984,9664993
hash,2585385,67530025,8297373
hash,2585386,67530025,8297373
hash,2585387,137422174008,17177627871
hash,2585388,137422174192,17177627894
hash,2585389,137422174016,17177627872
hash,2585390,137422174024,17177627873
hash,2585391,137422174032,17177627874
hash,2585392,137422174040,17177627875
hash,2585393,137422174064,17177627878
hash,2585394,137422175000,17177627995
hash,2585395,137422175008,17177627996
hash,2585396,67530027,8297373
hash,2585397,137422174072,17177627879
hash,2585398,78482000,9666370
hash,2585399,80460033,9913624
hash,2585400,137422174960,17177627990
hash,2585401,78452688,9662706
hash,2585402,137422174104,17177627883
hash,2585403,81812584,10082693
hash,2585404,137422174120,17177627885
hash,2585405,137422174128,17177627886
hash,2585406,137422174136,17177627887
hash,2585407,137422174144,17177627888
hash,2585408,137422174152,17177627889
hash,2585409,137422174160,17177627890
hash,2585410,137422174168,17177627891
hash,2585411,137422174960,17177627990
hash,2585412,78452688,9662706
hash,2585413,1175392,3044
hash,2585414,137422175120,17177628010
hash,2585415,137422174168,17177627891
hash,2585416,137422174184,17177627893
hash,2585417,137422174120,17177627885
hash,2585418,137422174316,17177627909
hash,2585419,137422174120,17177627885
hash,2585420,137422174312,17177627909
hash,2585421,137422174120,17177627885
hash,2585422,137422174304,17177627908
hash,2585423,137422174120,17177627885
hash,2585424,137422174316,17177627909
hash,2585425,137422174080,17177627880
hash,2585426,137422174096,17177627882
hash,2585427,137422174104,17177627883
hash,2585428,137422174112,17177627884
hash,2585429,1175200,3020
hash,2585430,137422174200,17177627895
hash,2585431,137422174192,17177627894
hash,2585432,78465024,9664248
hash,2585433,81812584,10082693
hash,2585434,67422896,8283982
hash,2585435,78470984,9664993
hash,2585436,137422174208,17177627896
hash,2585437,137422174208,17177627896
hash,2585438,137422174040,17177627875
hash,2585439,137422174048,17177627876
hash,2585440,67422896,8283982
hash,2585441,137422174056,17177627877
hash,2585442,81812584,10082693
hash,2585443,137422174072,17177627879
hash,2585444,137422174080,17177627880
hash,2585445,137422174088,17177627881
hash,2585446,137422174096,17177627882
hash,2585447,137422174104,17177627883
hash,2585448,137422174120,17177627885
hash,2585449,137422174316,17177627909
hash,2585450,137422174120,17177627885
hash,2585451,137422174128,17177627886
hash,2585452,137422174136,17177627887
hash,2585453,137422174144,17177627888
hash,2585454,137422174152,17177627889
hash,2585455,137422174160,17177627890
hash,2585456,137422174168,17177627891
hash,2585457,137422174176,17177627892
hash,2585458,1175400,3045
hash,2585459,81812584,10082693
hash,2585460,78470000,9664870
hash,2585461,137422174960,17177627990
hash,2585462,78452688,9662706
hash,2585463,137422175120,17177628010
hash,2585464,137422175304,17177628033
hash,2585465,137422175113,17177628009
hash,2585466,137422175320,17177628035
hash,2585467,137422175000,17177627995
hash,2585468,137422175008,17177627996
hash,2585469,137422175328,17177628036
hash,2585470,67530027,8297373
hash,2585471,78482000,9666370
hash,2585472,80460033,9913624
hash,2585473,137422175000,17177627995
hash,2585474,137422175008,17177627996
hash,2585475,67530028,8297373
hash,2585476,78482000,9666370
hash,2585477,80460189,9913643
hash,2585478,137422174960,17177627990
hash,2585479,78452688,9662706
hash,2585480,137422175120,17177628010
hash,2585481,137422174000,17177627870
hash,2585482,137422174008,17177627871
hash,2585483,137422174016,17177627872
hash,2585484,137422174024,17177627873
hash,2585485,137422174032,17177627874
hash,2585486,137422174040,17177627875
hash,2585487,137422174095,17177627881
hash,2585488,137422174192,17177627894
hash,2585489,137422174960,17177627990
hash,2585490,78452688,9662706
hash,2585491,137422175104,17177628008
hash,2585492,78463968,9664116
hash,2585493,137422175296,17177628032
hash,2585494,78477272,9665779
hash,2585495,137422174040,17177627875
hash,2585496,78462728,9663961
hash,2585497,78465560,9664315
hash,2585498,78477888,9665856
hash,2585499,137422174040,17177627875
hash,2585500,137422174096,17177627882
hash,2585501,78483464,9666553
hash,2585502,78482912,9666484
hash,2585503,78468456,9664677
hash,2585504,137422174096,17177627882
hash,2585505,78477272,9665779
hash,2585506,137422174024,17177627873
hash,2585507,137422174032,17177627874
hash,2585508,137422174040,17177627875
hash,2585509,137422174960,17177627990
hash,2585510,78452688,9662706
hash,2585511,137422175320,17177628035
hash,2585512,137422175000,17177627995
hash,2585513,137422175008,17177627996
hash,2585514,67530028,8297373
hash,2585515,137422174072,17177627879
hash,2585516,78482000,9666370
hash,2585517,80460189,9913643
hash,2585518,137422175000,17177627995
hash,2585519,137422175008,17177627996
hash,2585520,137422174200,17177627895
hash,2585521,67530029,8297373
hash,2585522,80460163,9913640
hash,2585523,67530030,8297373
hash,2585524,80460167,9913640
hash,2585525,67530031,8297373
hash,2585526,80460179,9913642
hash,2585527,67530032,8297374
hash,2585528,80460191,9913643
hash,2585529,67530033,8297374
hash,2585530,80460189,9913643
hash,2585531,67530034,8297374
hash,2585532,80460163,9913640
hash,2585533,67530035,8297374
hash,2585534,80460185,9913643
hash,2585535,67530036,8297374
hash,2585536,80460179,9913642
hash,2585537,67530037,8297374
hash,2585538,80460169,9913641
hash,2585539,67530038,8297374
hash,2585540,80460163,9913640
hash,2585541,67530039,8297374
hash,2585542,80460169,9913641
hash,2585543,67530040,8297375
hash,2585544,80460171,9913641
hash,2585545,67530041,8297375
hash,2585546,80460033,9913624
hash,2585547,78467432,9664549
hash,2585548,137422174200,17177627895
hash,2585549,137422174192,17177627894
hash,2585550,78470984,9664993
hash,2585551,67530033,8297374
hash,2585552,67530028,8297373
hash,2585553,137422174008,17177627871
hash,2585554,137422174192,17177627894
hash,2585555,137422174016,17177627872
hash,2585556,137422174024,17177627873
hash,2585557,137422174032,17177627874
hash,2585558,137422174040,17177627875
hash,2585559,137422174064,17177627878
hash,2585560,137422175000,17177627995
hash,2585561,137422175008,17177627996
hash,2585562,67530041,8297375
hash,2585563,137422174072,17177627879
hash,2585564,78482000,9666370
hash,2585565,80460033,9913624
hash,2585566,137422174960,17177627990
hash,2585567,78452688,9662706
hash,2585568,137422174104,17177627883
hash,2585569,81812584,10082693
hash,2585570,137422174120,17177627885
hash,2585571,137422174128,17177627886
hash,2585572,137422174136,17177627887
hash,2585573,137422174144,17177627888
hash,2585574,137422174152,17177627889
hash,2585575,137422174160,17177627890
hash,2585576,137422174168,17177627891
hash,2585577,137422174960,17177627990
hash,2585578,78452688,9662706
hash,2585579,1175392,3044
hash,2585580,137422175120,17177628010
hash,2585581,137422174168,17177627891
hash,2585582,137422174184,17177627893
hash,2585583,137422174120,17177627885
hash,2585584,137422174316,17177627909
hash,2585585,137422174120,17177627885
hash,2585586,137422174312,17177627909
hash,2585587,137422174120,17177627885
hash,2585588,137422174304,17177627908
hash,2585589,137422174120,17177627885
hash,2585590,137422174316,17177627909
hash,2585591,137422174080,17177627880
hash,2585592,137422174096,17177627882
hash,2585593,137422174104,17177627883
hash,2585594,137422174112,17177627884
hash,2585595,1175200,3020
hash,2585596,137422174200,17177627895
hash,2585597,137422174192,17177627894
hash,2585598,78465024,9664248
hash,2585599,81812584,10082693
hash,2585600,67422928,8283986
hash,2585601,78470984,9664993
hash,2585602,137422174213,17177627896
hash,2585603,137422174208,17177627896
hash,2585604,137422174040,17177627875
hash,2585605,137422174048,17177627876
hash,2585606,67422928,8283986
hash,2585607,137422174056,17177627877
hash,2585608,81812584,10082693
hash,2585609,137422174072,17177627879
hash,2585610,137422174080,17177627880
hash,2585611,137422174088,17177627881
hash,2585612,137422174096,17177627882
hash,2585613,137422174104,17177627883
hash,2585614,137422174120,17177627885
hash,2585615,137422174316,17177627909
hash,2585616,137422174120,17177627885
hash,2585617,137422174128,17177627886
hash,2585618,137422174136,17177627887
hash,2585619,137422174144,17177627888
hash,2585620,137422174152,17177627889
hash,2585621,137422174160,17177627890
hash,2585622,137422174168,17177627891
hash,2585623,137422174176,17177627892
hash,2585624,1175400,3045
hash,2585625,81812584,10082693
hash,2585626,78470000,9664870
hash,2585627,137422174960,17177627990
hash,2585628,78452688,9662706
hash,2585629,137422175120,17177628010
hash,2585630,137422175304,17177628033
hash,2585631,137422175113,17177628009
hash,2585632,137422175320,17177628035
hash,2585633,137422175000,17177627995
hash,2585634,137422175008,17177627996
hash,2585635,137422175328,17177628036
hash,2585636,67530041,8297375
hash,2585637,78482000,9666370
hash,2585638,80460033,9913624
hash,2585639,137422175000,17177627995
hash,2585640,137422175008,17177627996
hash,2585641,67530042,8297375
hash,2585642,78482000,9666370
hash,2585643,80460101,9913632
hash,2585644,137422174960,17177627990
hash,2585645,78452688,9662706
hash,2585646,137422175120,17177628010
hash,2585647,137422174000,17177627870
hash,2585648,137422174008,17177627871
hash,2585649,137422174016,17177627872
hash,2585650,137422174024,17177627873
hash,2585651,137422174032,17177627874
hash,2585652,137422174040,17177627875
hash,2585653,137422174095,17177627881
hash,2585654,137422174192,17177627894
hash,2585655,137422174960,17177627990
hash,2585656,78452688,9662706
hash,2585657,137422175104,17177628008
hash,2585658,78463968,9664116
hash,2585659,137422175296,17177628032
hash,2585660,78477272,9665779
hash,2585661,137422174040,17177627875
hash,2585662,78462728,9663961
hash,2585663,78465560,9664315
hash,2585664,78477888,9665856
hash,2585665,137422174040,17177627875
hash,2585666,137422174096,17177627882
hash,2585667,78483464,9666553
hash,2585668,78482912,9666484
hash,2585669,78468456,9664677
hash,2585670,137422174096,17177627882
hash,2585671,78477272,9665779
hash,2585672,137422174024,17177627873
hash,2585673,137422174032,17177627874
hash,2585674,137422174040,17177627875
hash,2585675,137422174960,17177627990
hash,2585676,78452688,9662706
hash,2585677,137422175320,17177628035
hash,2585678,137422175000,17177627995
hash,2585679,137422175008,17177627996
hash,2585680,67530042,8297375
hash,2585681,137422174072,17177627879
hash,2585682,78482000,9666370
hash,2585683,80460101,9913632
hash,2585684,137422175000,17177627995
hash,2585685,137422175008,17177627996
hash,2585686,137422174200,17177627895
hash,2585687,67530043,8297375
hash,2585688,80460197,9913644
hash,2585689,67530044,8297375
hash,2585690,80460163,9913640
hash,2585691,67530045,8297375
hash,2585692,80460199,9913644
hash,2585693,67530046,8297375
hash,2585694,80460179,9913642
hash,2585695,67530047,8297375
hash,2585696,80460185,9913643
hash,2585697,67530048,8297376
hash,2585698,80460171,9913641
hash,2585699,67530049,8297376
hash,2585700,80460179,9913642
hash,2585701,67530050,8297376
hash,2585702,80460197,9913644
hash,2585703,67530051,8297376
hash,2585704,80460163,9913640
hash,2585705,78467432,9664549
hash,2585706,137422174200,17177627895
hash,2585707,137422174192,17177627894
hash,2585708,78470984,9664993
hash,2585709,67530044,8297375
hash,2585710,67530042,8297375
hash,2585711,137422174008,17177627871
hash,2585712,137422174192,17177627894
hash,2585713,137422174016,17177627872
hash,2585714,137422174024,17177627873
hash,2585715,137422174032,17177627874
hash,2585716,137422174040,17177627875
hash,2585717,137422174064,17177627878
hash,2585718,137422175000,17177627995
hash,2585719,137422175008,17177627996
hash,2585720,137422174984,17177627993
hash,2585721,78451904,9662608
hash,2585722,137422175048,17177628001
hash,2585723,137422175024,17177627998
hash,2585724,137422175008,17177627996
hash,2585725,137422175000,17177627995
hash,2585726,137422174040,17177627875
hash,2585727,137422174960,17177627990
hash,2585728,78452688,9662706
hash,2585729,78452688,9662706
hash,2585730,137422175120,17177628010
hash,2585731,78470440,9664925
hash,2585732,137422175320,17177628035
hash,2585733,137422175116,17177628009
hash,2585734,137422174040,17177627875
hash,2585735,137422174104,17177627883
hash,2585736,81812584,10082693
hash,2585737,137422174120,17177627885
hash,2585738,137422174128,17177627886
hash,2585739,137422174136,17177627887
hash,2585740,137422174144,17177627888
hash,2585741,137422174152,17177627889
hash,2585742,137422174160,17177627890
hash,2585743,137422174168,17177627891
hash,2585744,137422174960,17177627990
hash,2585745,78452688,9662706
hash,2585746,1175392,3044
hash,2585747,137422175120,17177628010
hash,2585748,137422174168,17177627891
hash,2585749,137422174184,17177627893
hash,2585750,137422174120,17177627885
hash,2585751,137422174316,17177627909
hash,2585752,137422174120,17177627885
hash,2585753,137422174312,17177627909
hash,2585754,137422174120,17177627885
hash,2585755,137422174304,17177627908
hash,2585756,137422174120,17177627885
hash,2585757,137422174316,17177627909
hash,2585758,137422174080,17177627880
hash,2585759,137422174096,17177627882
hash,2585760,137422174104,17177627883
hash,2585761,137422174112,17177627884
hash,2585762,1175200,3020
hash,2585763,137422174200,17177627895
hash,2585764,137422174192,17177627894
hash,2585765,78465024,9664248
hash,2585766,81812584,10082693
hash,2585767,67422960,8283990
hash,2585768,78470984,9664993
hash,2585769,137422174210,17177627896
hash,2585770,137422174208,17177627896
hash,2585771,137422174040,17177627875
hash,2585772,137422174048,17177627876
hash,2585773,67422960,8283990
hash,2585774,137422174056,17177627877
hash,2585775,81812584,10082693
hash,2585776,137422174072,17177627879
hash,2585777,137422174080,17177627880
hash,2585778,137422174088,17177627881
hash,2585779,137422174096,17177627882
hash,2585780,137422174104,17177627883
hash,2585781,137422174120,17177627885
hash,2585782,137422174316,17177627909
hash,2585783,137422174120,17177627885
hash,2585784,137422174128,17177627886
hash,2585785,137422174136,17177627887
hash,2585786,137422174144,17177627888
hash,2585787,137422174152,17177627889
hash,2585788,137422174160,17177627890
hash,2585789,137422174168,17177627891
hash,2585790,137422174176,17177627892
hash,2585791,1175400,3045
hash,2585792,81812584,10082693
hash,2585793,78470000,9664870
hash,2585794,137422174960,17177627990
hash,2585795,78452688,9662706
hash,2585796,137422175120,17177628010
hash,2585797,137422174000,17177627870
hash,2585798,137422174008,17177627871
hash,2585799,137422174016,17177627872
hash,2585800,137422174024,17177627873
hash,2585801,137422174032,17177627874
hash,2585802,78470440,9664925
hash,2585803,137422175320,17177628035
hash,2585804,137422175116,17177628009
hash,2585805,137422174040,17177627875
hash,2585806,137422174095,17177627881
hash,2585807,137422174960,17177627990
hash,2585808,78452688,9662706
hash,2585809,137422175120,17177628010
hash,2585810,78470440,9664925
hash,2585811,137422175320,17177628035
hash,2585812,137422175116,17177628009
hash,2585813,137422174040,17177627875
hash,2585814,137422174104,17177627883
hash,2585815,81812584,10082693
hash,2585816,137422174120,17177627885
hash,2585817,137422174128,17177627886
hash,2585818,137422174136,17177627887
hash,2585819,137422174144,17177627888
hash,2585820,137422174152,17177627889
hash,2585821,137422174160,17177627890
hash,2585822,137422174168,17177627891
hash,2585823,137422174960,17177627990
hash,2585824,78452688,9662706
hash,2585825,1175392,3044
hash,2585826,137422175120,17177628010
hash,2585827,137422174168,17177627891
hash,2585828,1175256,3027
hash,2585829,137422174192,17177627894
hash,2585830,137422174168,17177627891
hash,2585831,137422174232,17177627899
hash,2585832,81812584,10082693
hash,2585833,137422174184,17177627893
hash,2585834,137422174248,17177627901
hash,2585835,137422174256,17177627902
hash,2585836,137422174264,17177627903
hash,2585837,81812584,10082693
hash,2585838,137422174136,17177627887
hash,2585839,137422174104,17177627883
hash,2585840,137422174096,17177627882
hash,2585841,137422174112,17177627884
hash,2585842,137422174120,17177627885
hash,2585843,1175432,3049
hash,2585844,78466192,9664394
hash,2585845,1151706,83
hash,2585846,137422174088,17177627881
hash,2585847,137422174096,17177627882
hash,2585848,137422174104,17177627883
hash,2585849,137422174112,17177627884
hash,2585850,78469192,9664769
hash,2585851,81812584,10082693
hash,2585852,137422174192,17177627894
hash,2585853,78470984,9664993
hash,2585854,1151706,83
hash,2585855,1151706,83
hash,2585856,137422174056,17177627877
hash,2585857,137422174064,17177627878
hash,2585858,137422174192,17177627894
hash,2585859,137422174072,17177627879
hash,2585860,81812584,10082693
hash,2585861,137422174088,17177627881
hash,2585862,137422174096,17177627882
hash,2585863,137422174104,17177627883
hash,2585864,137422174112,17177627884
hash,2585865,137422174120,17177627885
hash,2585866,137422174128,17177627886
hash,2585867,81812584,10082693
hash,2585868,137422174064,17177627878
hash,2585869,137422174024,17177627873
hash,2585870,137422173992,17177627869
hash,2585871,137422174316,17177627909
hash,2585872,137422174000,17177627870
hash,2585873,137422174008,17177627871
hash,2585874,137422174044,17177627875
hash,2585875,137422174044,17177627875
hash,2585876,137422174024,17177627873
hash,2585877,137422173992,17177627869
hash,2585878,137422174304,17177627908
hash,2585879,137422173988,17177627868
hash,2585880,137422174000,17177627870
hash,2585881,137422174008,17177627871
hash,2585882,137422173992,17177627869
hash,2585883,137422173944,17177627863
hash,2585884,1175280,3030
hash,2585885,67422872,8283979
hash,2585886,137422173928,17177627861
hash,2585887,137422173936,17177627862
hash,2585888,137422173912,17177627859
hash,2585889,1175208,3021
hash,2585890,1151040,0
hash,2585891,137422173896,17177627857
hash,2585892,137422173920,17177627860
hash,2585893,137422173928,17177627861
hash,2585894,137422173960,17177627865
hash,2585895,137422173968,17177627866
hash,2585896,137422173976,17177627867
hash,2585897,137422173992,17177627869
hash,2585898,137422173944,17177627863
hash,2585899,1175280,3030
hash,2585900,67422872,8283979
hash,2585901,137422173928,17177627861
hash,2585902,137422173936,17177627862
hash,2585903,137422173912,17177627859
hash,2585904,1175208,3021
hash,2585905,1151044,0
hash,2585906,137422173896,17177627857
hash,2585907,137422173920,17177627860
hash,2585908,137422173928,17177627861
hash,2585909,137422173960,17177627865
hash,2585910,137422173968,17177627866
hash,2585911,137422173976,17177627867
hash,2585912,137422173992,17177627869
hash,2585913,137422173944,17177627863
hash,2585914,1175280,3030
hash,2585915,67422872,8283979
hash,2585916,137422173928,17177627861
hash,2585917,137422173936,17177627862
hash,2585918,137422173912,17177627859
hash,2585919,1175208,3021
hash,2585920,1151047,0
hash,2585921,137422173896,17177627857
hash,2585922,137422173920,17177627860
hash,2585923,137422173928,17177627861
hash,2585924,137422173960,17177627865
hash,2585925,137422173968,17177627866
hash,2585926,137422173976,17177627867
hash,2585927,137422174000,17177627870
hash,2585928,137422174008,17177627871
hash,2585929,137422174024,17177627873
hash,2585930,137422173992,17177627869
hash,2585931,137422174316,17177627909
hash,2585932,137422174000,17177627870
hash,2585933,137422174008,17177627871
hash,2585934,137422174044,17177627875
hash,2585935,137422174044,17177627875
hash,2585936,137422174024,17177627873
hash,2585937,137422173992,17177627869
hash,2585938,137422174304,17177627908
hash,2585939,137422173988,17177627868
hash,2585940,137422174000,17177627870
hash,2585941,137422174008,17177627871
hash,2585942,137422173992,17177627869
hash,2585943,137422173944,17177627863
hash,2585944,1175280,3030
hash,2585945,67422904,8283983
hash,2585946,137422173928,17177627861
hash,2585947,137422173936,17177627862
hash,2585948,137422173912,17177627859
hash,2585949,1175208,3021
hash,2585950,1151040,0
hash,2585951,137422173896,17177627857
hash,2585952,137422173920,17177627860
hash,2585953,137422173928,17177627861
hash,2585954,137422173960,17177627865
hash,2585955,137422173968,17177627866
hash,2585956,137422173976,17177627867
hash,2585957,137422173992,17177627869
hash,2585958,137422173944,17177627863
hash,2585959,1175280,3030
hash,2585960,67422904,8283983
hash,2585961,137422173928,17177627861
hash,2585962,137422173936,17177627862
hash,2585963,137422173912,17177627859
hash,2585964,1175208,3021
hash,2585965,1151044,0
hash,2585966,137422173896,17177627857
hash,2585967,137422173920,17177627860
hash,2585968,137422173928,17177627861
hash,2585969,137422173944,17177627863
hash,2585970,1175280,3030
hash,2585971,67422904,8283983
hash,2585972,137422173928,17177627861
hash,2585973,137422173944,17177627863
hash,2585974,1175416,3047
hash,2585975,67422896,8283982
hash,2585976,137422173928,17177627861
hash,2585977,137422173936,17177627862
hash,2585978,137422173896,17177627857
hash,2585979,137422173896,17177627857
hash,2585980,137422173904,17177627858
hash,2585981,137422173912,17177627859
hash,2585982,1175216,3022
hash,2585983,1151044,0
hash,2585984,67422912,8283984
hash,2585985,1151044,0
hash,2585986,67422912,8283984
hash,2585987,137422173880,17177627855
hash,2585988,137422173920,17177627860
hash,2585989,137422173928,17177627861
hash,2585990,137422173960,17177627865
hash,2585991,137422173968,17177627866
hash,2585992,137422173976,17177627867
hash,2585993,137422173992,17177627869
hash,2585994,137422173944,17177627863
hash,2585995,1175280,3030
hash,2585996,67422904,8283983
hash,2585997,137422173928,17177627861
hash,2585998,137422173936,17177627862
hash,2585999,137422173912,17177627859
hash,2586000,1175208,3021
hash,2586001,1151047,0
hash,2586002,137422173896,17177627857
hash,2586003,137422173920,17177627860
hash,2586004,137422173928,17177627861
hash,2586005,137422173960,17177627865
hash,2586006,137422173968,17177627866
hash,2586007,137422173976,17177627867
hash,2586008,137422174000,17177627870
hash,2586009,137422174008,17177627871
hash,2586010,137422174024,17177627873
hash,2586011,137422173992,17177627869
hash,2586012,137422174316,17177627909
hash,2586013,137422174000,17177627870
hash,2586014,137422174008,17177627871
hash,2586015,137422174044,17177627875
hash,2586016,137422174044,17177627875
hash,2586017,137422174024,17177627873
hash,2586018,137422173992,17177627869
hash,2586019,137422174304,17177627908
hash,2586020,137422173988,17177627868
hash,2586021,137422174000,17177627870
hash,2586022,137422174008,17177627871
hash,2586023,137422173992,17177627869
hash,2586024,137422173944,17177627863
hash,2586025,1175280,3030
hash,2586026,67422936,8283987
hash,2586027,137422173928,17177627861
hash,2586028,137422173936,17177627862
hash,2586029,137422173912,17177627859
hash,2586030,1175208,3021
hash,2586031,1151040,0
hash,2586032,137422173896,17177627857
hash,2586033,137422173920,17177627860
hash,2586034,137422173928,17177627861
hash,2586035,137422173960,17177627865
hash,2586036,137422173968,17177627866
hash,2586037,137422173976,17177627867
hash,2586038,137422173992,17177627869
hash,2586039,137422173944,17177627863
hash,2586040,1175280,3030
hash,2586041,67422936,8283987
hash,2586042,137422173928,17177627861
hash,2586043,137422173936,17177627862
hash,2586044,137422173912,17177627859
hash,2586045,1175208,3021
hash,2586046,1151044,0
hash,2586047,137422173896,17177627857
hash,2586048,137422173920,17177627860
hash,2586049,137422173928,17177627861
hash,2586050,137422173960,17177627865
hash,2586051,137422173968,17177627866
hash,2586052,137422173976,17177627867
hash,2586053,137422173992,17177627869
hash,2586054,137422173944,17177627863
hash,2586055,1175280,3030
hash,2586056,67422936,8283987
hash,2586057,137422173928,17177627861
hash,2586058,137422173936,17177627862
hash,2586059,137422173912,17177627859
hash,2586060,1175208,3021
hash,2586061,1151047,0
hash,2586062,137422173896,17177627857
hash,2586063,137422173920,17177627860
hash,2586064,137422173928,17177627861
hash,2586065,137422173960,17177627865
hash,2586066,137422173968,17177627866
hash,2586067,137422173976,17177627867
hash,2586068,137422174000,17177627870
hash,2586069,137422174008,17177627871
hash,2586070,137422174024,17177627873
hash,2586071,137422173992,17177627869
hash,2586072,137422174316,17177627909
hash,2586073,137422174000,17177627870
hash,2586074,137422174008,17177627871
hash,2586075,137422174044,17177627875
hash,2586076,137422174044,17177627875
hash,2586077,137422174024,17177627873
hash,2586078,137422173992,17177627869
hash,2586079,137422174304,17177627908
hash,2586080,137422173988,17177627868
hash,2586081,137422174000,17177627870
hash,2586082,137422174008,17177627871
hash,2586083,137422173992,17177627869
hash,2586084,137422173944,17177627863
hash,2586085,1175280,3030
hash,2586086,67422968,8283991
hash,2586087,137422173928,17177627861
hash,2586088,137422173936,17177627862
hash,2586089,137422173912,17177627859
hash,2586090,1175208,3021
hash,2586091,1151040,0
hash,2586092,137422173896,17177627857
hash,2586093,137422173920,17177627860
hash,2586094,137422173928,17177627861
hash,2586095,137422173960,17177627865
hash,2586096,137422173968,17177627866
hash,2586097,137422173976,17177627867
hash,2586098,137422173992,17177627869
hash,2586099,137422173944,17177627863
hash,2586100,1175280,3030
hash,2586101,67422968,8283991
hash,2586102,137422173928,17177627861
hash,2586103,137422173936,17177627862
hash,2586104,137422173912,17177627859
hash,2586105,1175208,3021
hash,2586106,1151044,0
hash,2586107,137422173896,17177627857
hash,2586108,137422173920,17177627860
hash,2586109,137422173928,17177627861
hash,2586110,137422173960,17177627865
hash,2586111,137422173968,17177627866
hash,2586112,137422173976,17177627867
hash,2586113,137422173992,17177627869
hash,2586114,137422173944,17177627863
hash,2586115,1175280,3030
hash,2586116,67422968,8283991
hash,2586117,137422173928,17177627861
hash,2586118,137422173936,17177627862
hash,2586119,137422173912,17177627859
hash,2586120,1175208,3021
hash,2586121,1151047,0
hash,2586122,137422173896,17177627857
hash,2586123,137422173920,17177627860
hash,2586124,137422173928,17177627861
hash,2586125,137422173960,17177627865
hash,2586126,137422173968,17177627866
hash,2586127,137422173976,17177627867
hash,2586128,137422174000,17177627870
hash,2586129,137422174008,17177627871
hash,2586130,137422174024,17177627873
hash,2586131,137422173992,17177627869
hash,2586132,137422174316,17177627909
hash,2586133,137422174000,17177627870
hash,2586134,137422174008,17177627871
hash,2586135,137422174044,17177627875
hash,2586136,137422174048,17177627876
hash,2586137,137422174056,17177627877
hash,2586138,137422174088,17177627881
hash,2586139,137422174064,17177627878
hash,2586140,137422174072,17177627879
hash,2586141,137422174080,17177627880
hash,2586142,81812584,10082693
hash,2586143,137422173920,17177627860
hash,2586144,137422173928,17177627861
hash,2586145,81812584,10082693
hash,2586146,137422173752,17177627839
hash,2586147,137422173704,17177627833
hash,2586148,137422173704,17177627833
hash,2586149,137422173704,17177627833
hash,2586150,137422173712,17177627834
hash,2586151,137422173720,17177627835
hash,2586152,137422173736,17177627837
hash,2586153,137422173704,17177627833
hash,2586154,137422174316,17177627909
hash,2586155,137422173712,17177627834
hash,2586156,137422173720,17177627835
hash,2586157,137422173772,17177627841
hash,2586158,137422173736,17177627837
hash,2586159,137422173744,17177627838
hash,2586160,137422173688,17177627831
hash,2586161,137422173640,17177627825
hash,2586162,1175440,3050
hash,2586163,137422173624,17177627823
hash,2586164,137422173640,17177627825
hash,2586165,1175440,3050
hash,2586166,137422173624,17177627823
hash,2586167,137422173640,17177627825
hash,2586168,1175440,3050
hash,2586169,137422173624,17177627823
hash,2586170,137422173648,17177627826
hash,2586171,137422173656,17177627827
hash,2586172,137422173664,17177627828
hash,2586173,137422173772,17177627841
hash,2586174,137422173664,17177627828
hash,2586175,137422173672,17177627829
hash,2586176,137422173640,17177627825
hash,2586177,137422174304,17177627908
hash,2586178,137422173636,17177627824
hash,2586179,137422173648,17177627826
hash,2586180,137422173656,17177627827
hash,2586181,137422173688,17177627831
hash,2586182,1175168,3016
hash,2586183,78470856,9664977
hash,2586184,81812584,10082693
hash,2586185,137422173776,17177627842
hash,2586186,67422872,8283979
hash,2586187,67422864,8283978
hash,2586188,78470984,9664993
hash,2586189,67422881,8283980
hash,2586190,67422880,8283980
hash,2586191,137422173544,17177627813
hash,2586192,137422173776,17177627842
hash,2586193,137422173560,17177627815
hash,2586194,81812584,10082693
hash,2586195,137422173576,17177627817
hash,2586196,137422173584,17177627818
hash,2586197,137422173592,17177627819
hash,2586198,137422173600,17177627820
hash,2586199,137422173608,17177627821
hash,2586200,137422173616,17177627822
hash,2586201,137422173624,17177627823
hash,2586202,137422173640,17177627825
hash,2586203,137422173648,17177627826
hash,2586204,137422173656,17177627827
hash,2586205,137422173688,17177627831
hash,2586206,137422173688,17177627831
hash,2586207,137422173680,17177627830
hash,2586208,137422173640,17177627825
hash,2586209,137422173592,17177627819
hash,2586210,1175280,3030
hash,2586211,137422174200,17177627895
hash,2586212,137422173576,17177627817
hash,2586213,137422173584,17177627818
hash,2586214,137422173560,17177627815
hash,2586215,1175208,3021
hash,2586216,1151051,1
hash,2586217,137422173544,17177627813
hash,2586218,137422173568,17177627816
hash,2586219,137422173576,17177627817
hash,2586220,137422173592,17177627819
hash,2586221,1175280,3030
hash,2586222,137422174200,17177627895
hash,2586223,137422173576,17177627817
hash,2586224,137422173592,17177627819
hash,2586225,1175416,3047
hash,2586226,137422174192,17177627894
hash,2586227,137422173576,17177627817
hash,2586228,137422173584,17177627818
hash,2586229,137422173544,17177627813
hash,2586230,137422173544,17177627813
hash,2586231,137422173552,17177627814
hash,2586232,137422173560,17177627815
hash,2586233,1175216,3022
hash,2586234,1151051,1
hash,2586235,137422174208,17177627896
hash,2586236,137422173528,17177627811
hash,2586237,137422173568,17177627816
hash,2586238,137422173576,17177627817
hash,2586239,137422173608,17177627821
hash,2586240,137422173616,17177627822
hash,2586241,137422173624,17177627823
hash,2586242,137422173632,17177627824
hash,2586243,137422173592,17177627819
hash,2586244,1175280,3030
hash,2586245,137422173784,17177627843
hash,2586246,137422173576,17177627817
hash,2586247,137422173584,17177627818
hash,2586248,137422173560,17177627815
hash,2586249,1175208,3021
hash,2586250,1151054,1
hash,2586251,137422173544,17177627813
hash,2586252,137422173568,17177627816
hash,2586253,137422173576,17177627817
hash,2586254,137422173592,17177627819
hash,2586255,1175280,3030
hash,2586256,137422173784,17177627843
hash,2586257,137422173576,17177627817
hash,2586258,137422173592,17177627819
hash,2586259,1175416,3047
hash,2586260,137422173776,17177627842
hash,2586261,137422173576,17177627817
hash,2586262,137422173584,17177627818
hash,2586263,137422173544,17177627813
hash,2586264,137422173544,17177627813
hash,2586265,137422173552,17177627814
hash,2586266,137422173560,17177627815
hash,2586267,1175216,3022
hash,2586268,1151054,1
hash,2586269,137422173792,17177627844
hash,2586270,137422173528,17177627811
hash,2586271,137422173568,17177627816
hash,2586272,137422173576,17177627817
hash,2586273,137422173608,17177627821
hash,2586274,137422173616,17177627822
hash,2586275,137422173624,17177627823
hash,2586276,137422173648,17177627826
hash,2586277,137422173656,17177627827
hash,2586278,137422173664,17177627828
hash,2586279,137422173772,17177627841
hash,2586280,137422173672,17177627829
hash,2586281,137422173640,17177627825
hash,2586282,137422174316,17177627909
hash,2586283,137422173648,17177627826
hash,2586284,137422173656,17177627827
hash,2586285,137422173664,17177627828
hash,2586286,137422173772,17177627841
hash,2586287,137422173672,17177627829
hash,2586288,137422173640,17177627825
hash,2586289,137422174304,17177627908
hash,2586290,137422173636,17177627824
hash,2586291,137422173648,17177627826
hash,2586292,137422173656,17177627827
hash,2586293,137422173624,17177627823
hash,2586294,1175472,3054
hash,2586295,67422904,8283983
hash,2586296,137422173608,17177627821
hash,2586297,137422173624,17177627823
hash,2586298,1175280,3030
hash,2586299,67422904,8283983
hash,2586300,137422173608,17177627821
hash,2586301,137422173644,17177627825
hash,2586302,137422173644,17177627825
hash,2586303,137422173624,17177627823
hash,2586304,1175352,3039
hash,2586305,67422896,8283982
hash,2586306,137422173608,17177627821
hash,2586307,67422912,8283984
hash,2586308,137422173643,17177627825
hash,2586309,137422173643,17177627825
hash,2586310,137422173643,17177627825
hash,2586311,137422173624,17177627823
hash,2586312,1175280,3030
hash,2586313,67422904,8283983
hash,2586314,137422173608,17177627821
hash,2586315,137422173644,17177627825
hash,2586316,137422173644,17177627825
hash,2586317,137422173624,17177627823
hash,2586318,1175352,3039
hash,2586319,67422896,8283982
hash,2586320,137422173608,17177627821
hash,2586321,67422913,8283984
hash,2586322,137422173643,17177627825
hash,2586323,137422173643,17177627825
hash,2586324,137422173643,17177627825
hash,2586325,137422173624,17177627823
hash,2586326,1175280,3030
hash,2586327,67422904,8283983
hash,2586328,137422173608,17177627821
hash,2586329,137422173644,17177627825
hash,2586330,137422173648,17177627826
hash,2586331,137422173656,17177627827
hash,2586332,137422173664,17177627828
hash,2586333,137422173772,17177627841
hash,2586334,137422173672,17177627829
hash,2586335,137422173640,17177627825
hash,2586336,137422174304,17177627908
hash,2586337,137422173636,17177627824
hash,2586338,137422173648,17177627826
hash,2586339,137422173656,17177627827
hash,2586340,137422173624,17177627823
hash,2586341,1175472,3054
hash,2586342,67422936,8283987
hash,2586343,137422173608,17177627821
hash,2586344,137422173624,17177627823
hash,2586345,1175280,3030
hash,2586346,67422936,8283987
hash,2586347,137422173608,17177627821
hash,2586348,137422173644,17177627825
hash,2586349,137422173644,17177627825
hash,2586350,137422173624,17177627823
hash,2586351,1175352,3039
hash,2586352,67422928,8283986
hash,2586353,137422173608,17177627821
hash,2586354,67422944,8283988
hash,2586355,137422173643,17177627825
hash,2586356,137422173643,17177627825
hash,2586357,137422173643,17177627825
hash,2586358,137422173648,17177627826
hash,2586359,137422173656,17177627827
hash,2586360,137422173664,17177627828
hash,2586361,137422173772,17177627841
hash,2586362,137422173664,17177627828
hash,2586363,137422173672,17177627829
hash,2586364,137422173640,17177627825
hash,2586365,137422174304,17177627908
hash,2586366,137422173636,17177627824
hash,2586367,137422173648,17177627826
hash,2586368,137422173656,17177627827
hash,2586369,137422173688,17177627831
hash,2586370,1175168,3016
hash,2586371,78470856,9664977
hash,2586372,81812584,10082693
hash,2586373,137422173816,17177627847
hash,2586374,67422904,8283983
hash,2586375,67422896,8283982
hash,2586376,78470984,9664993
hash,2586377,67422912,8283984
hash,2586378,67422912,8283984
hash,2586379,137422173544,17177627813
hash,2586380,137422173816,17177627847
hash,2586381,137422173560,17177627815
hash,2586382,81812584,10082693
hash,2586383,137422173576,17177627817
hash,2586384,137422173584,17177627818
hash,2586385,137422173592,17177627819
hash,2586386,137422173600,17177627820
hash,2586387,137422173608,17177627821
hash,2586388,137422173616,17177627822
hash,2586389,137422173624,17177627823
hash,2586390,137422173640,17177627825
hash,2586391,137422173648,17177627826
hash,2586392,137422173656,17177627827
hash,2586393,137422173688,17177627831
hash,2586394,1175424,3048
hash,2586395,78466192,9664394
hash,2586396,1151089,6
hash,2586397,137422173624,17177627823
hash,2586398,137422173856,17177627852
hash,2586399,137422173632,17177627824
hash,2586400,137422173640,17177627825
hash,2586401,137422173648,17177627826
hash,2586402,78463176,9664017
hash,2586403,137422173856,17177627852
hash,2586404,137422173848,17177627851
hash,2586405,137422173848,17177627851
hash,2586406,137422173616,17177627822
hash,2586407,137422173624,17177627823
hash,2586408,137422173632,17177627824
hash,2586409,137422173640,17177627825
hash,2586410,137422173648,17177627826
hash,2586411,137422173656,17177627827
hash,2586412,137422173688,17177627831
hash,2586413,137422173704,17177627833
hash,2586414,137422173712,17177627834
hash,2586415,137422173720,17177627835
hash,2586416,137422173752,17177627839
hash,2586417,137422173672,17177627829
hash,2586418,137422173980,17177627867
hash,2586419,137422173672,17177627829
hash,2586420,137422173976,17177627867
hash,2586421,137422173672,17177627829
hash,2586422,137422173624,17177627823
hash,2586423,137422173976,17177627867
hash,2586424,137422173644,17177627825
hash,2586425,137422173624,17177627823
hash,2586426,137422173544,17177627813
hash,2586427,137422173976,17177627867
hash,2586428,137422173540,17177627812
hash,2586429,137422173540,17177627812
hash,2586430,1175344,3038
hash,2586431,78464800,9664220
hash,2586432,80818568,9958441
hash,2586433,80788888,9954731
hash,2586434,81812440,10082675
hash,2586435,80789992,9954869
hash,2586436,67346498,8274432
hash,2586437,67346776,8274467
hash,2586438,67529584,8297318
hash,2586439,137422173464,17177627803
hash,2586440,137422173472,17177627804
hash,2586441,137422173480,17177627805
hash,2586442,137422173488,17177627806
hash,2586443,137422173496,17177627807
hash,2586444,137422173512,17177627809
hash,2586445,137422173520,17177627810
hash,2586446,137422173528,17177627811
hash,2586447,137422173544,17177627813
hash,2586448,137422173980,17177627867
hash,2586449,137422173556,17177627814
hash,2586450,137422173544,17177627813
hash,2586451,137422173496,17177627807
hash,2586452,137422173980,17177627867
hash,2586453,137422173516,17177627809
hash,2586454,137422173520,17177627810
hash,2586455,137422173528,17177627811
hash,2586456,137422173544,17177627813
hash,2586457,137422173968,17177627866
hash,2586458,1175320,3035
hash,2586459,78466120,9664385
hash,2586460,137422173528,17177627811
hash,2586461,137422173544,17177627813
hash,2586462,137422173560,17177627815
hash,2586463,137422173544,17177627813
hash,2586464,137422173540,17177627812
hash,2586465,137422173568,17177627816
hash,2586466,137422173576,17177627817
hash,2586467,137422173584,17177627818
hash,2586468,137422173592,17177627819
hash,2586469,137422173600,17177627820
hash,2586470,137422173608,17177627821
hash,2586471,137422173648,17177627826
hash,2586472,137422173656,17177627827
hash,2586473,137422173672,17177627829
hash,2586474,137422173968,17177627866
hash,2586475,137422173672,17177627829
hash,2586476,137422173980,17177627867
hash,2586477,137422173632,17177627824
hash,2586478,137422173648,17177627826
hash,2586479,137422173656,17177627827
hash,2586480,137422173664,17177627828
hash,2586481,137422173624,17177627823
hash,2586482,137422173616,17177627822
hash,2586483,1175200,3020
hash,2586484,137422173784,17177627843
hash,2586485,137422173776,17177627842
hash,2586486,78465024,9664248
hash,2586487,81812584,10082693
hash,2586488,67529584,8297318
hash,2586489,78470984,9664993
hash,2586490,137422173793,17177627844
hash,2586491,137422173792,17177627844
hash,2586492,137422173544,17177627813
hash,2586493,137422173552,17177627814
hash,2586494,67529584,8297318
hash,2586495,137422173560,17177627815
hash,2586496,81812584,10082693
hash,2586497,137422173576,17177627817
hash,2586498,137422173584,17177627818
hash,2586499,137422173592,17177627819
hash,2586500,137422173600,17177627820
hash,2586501,137422173608,17177627821
hash,2586502,137422173616,17177627822
hash,2586503,137422173808,17177627846
hash,2586504,137422173624,17177627823
hash,2586505,137422173624,17177627823
hash,2586506,137422173616,17177627822
hash,2586507,1175200,3020
hash,2586508,137422173824,17177627848
hash,2586509,137422173816,17177627847
hash,2586510,78465024,9664248
hash,2586511,81812584,10082693
hash,2586512,67529624,8297323
hash,2586513,78470984,9664993
hash,2586514,137422173832,17177627849
hash,2586515,137422173832,17177627849
hash,2586516,137422173544,17177627813
hash,2586517,137422173552,17177627814
hash,2586518,67529624,8297323
hash,2586519,137422173560,17177627815
hash,2586520,81812584,10082693
hash,2586521,137422173576,17177627817
hash,2586522,137422173584,17177627818
hash,2586523,137422173592,17177627819
hash,2586524,137422173600,17177627820
hash,2586525,137422173608,17177627821
hash,2586526,137422173624,17177627823
hash,2586527,137422173616,17177627822
hash,2586528,1175200,3020
hash,2586529,137422173856,17177627852
hash,2586530,137422173848,17177627851
hash,2586531,78465024,9664248
hash,2586532,81812584,10082693
hash,2586533,67529656,8297327
hash,2586534,137422173560,17177627815
hash,2586535,81812584,10082693
hash,2586536,137422173576,17177627817
hash,2586537,137422173584,17177627818
hash,2586538,137422173592,17177627819
hash,2586539,137422173600,17177627820
hash,2586540,137422173608,17177627821
hash,2586541,137422173640,17177627825
hash,2586542,137422173648,17177627826
hash,2586543,137422173656,17177627827
hash,2586544,137422173672,17177627829
hash,2586545,137422173980,17177627867
hash,2586546,137422173672,17177627829
hash,2586547,137422173680,17177627830
hash,2586548,137422173688,17177627831
hash,2586549,137422173696,17177627832
hash,2586550,137422173704,17177627833
hash,2586551,137422173712,17177627834
hash,2586552,137422173720,17177627835
hash,2586553,137422173704,17177627833
hash,2586554,1175256,3027
hash,2586555,137422173848,17177627851
hash,2586556,137422173688,17177627831
hash,2586557,137422173704,17177627833
hash,2586558,1175256,3027
hash,2586559,137422173816,17177627847
hash,2586560,137422173688,17177627831
hash,2586561,137422173704,17177627833
hash,2586562,1175256,3027
hash,2586563,137422173776,17177627842
hash,2586564,137422173688,17177627831
hash,2586565,137422173712,17177627834
hash,2586566,137422173720,17177627835
hash,2586567,137422173736,17177627837
hash,2586568,137422173704,17177627833
hash,2586569,137422174316,17177627909
hash,2586570,137422173712,17177627834
hash,2586571,137422173720,17177627835
hash,2586572,137422173772,17177627841
hash,2586573,137422173736,17177627837
hash,2586574,137422173744,17177627838
hash,2586575,137422173688,17177627831
hash,2586576,137422173640,17177627825
hash,2586577,1175440,3050
hash,2586578,137422173624,17177627823
hash,2586579,137422173640,17177627825
hash,2586580,1175440,3050
hash,2586581,137422173624,17177627823
hash,2586582,137422173640,17177627825
hash,2586583,1175440,3050
hash,2586584,137422173624,17177627823
hash,2586585,137422173648,17177627826
hash,2586586,137422173656,17177627827
hash,2586587,137422173664,17177627828
hash,2586588,137422173772,17177627841
hash,2586589,137422173664,17177627828
hash,2586590,137422173672,17177627829
hash,2586591,137422173640,17177627825
hash,2586592,137422174304,17177627908
hash,2586593,137422173636,17177627824
hash,2586594,137422173648,17177627826
hash,2586595,137422173656,17177627827
hash,2586596,137422173688,17177627831
hash,2586597,1175168,3016
hash,2586598,78470856,9664977
hash,2586599,81812584,10082693
hash,2586600,137422173776,17177627842
hash,2586601,67422936,8283987
hash,2586602,67422928,8283986
hash,2586603,78470984,9664993
hash,2586604,67422949,8283988
hash,2586605,67422944,8283988
hash,2586606,137422173544,17177627813
hash,2586607,137422173776,17177627842
hash,2586608,137422173560,17177627815
hash,2586609,81812584,10082693
hash,2586610,137422173576,17177627817
hash,2586611,137422173584,17177627818
hash,2586612,137422173592,17177627819
hash,2586613,137422173600,17177627820
hash,2586614,137422173608,17177627821
hash,2586615,137422173616,17177627822
hash,2586616,137422173624,17177627823
hash,2586617,137422173640,17177627825
hash,2586618,137422173648,17177627826
hash,2586619,137422173656,17177627827
hash,2586620,137422173688,17177627831
hash,2586621,137422173688,17177627831
hash,2586622,137422173680,17177627830
hash,2586623,137422173640,17177627825
hash,2586624,137422173592,17177627819
hash,2586625,1175280,3030
hash,2586626,137422174200,17177627895
hash,2586627,137422173576,17177627817
hash,2586628,137422173584,17177627818
hash,2586629,137422173560,17177627815
hash,2586630,1175208,3021
hash,2586631,1151051,1
hash,2586632,137422173544,17177627813
hash,2586633,137422173568,17177627816
hash,2586634,137422173576,17177627817
hash,2586635,137422173592,17177627819
hash,2586636,1175280,3030
hash,2586637,137422174200,17177627895
hash,2586638,137422173576,17177627817
hash,2586639,137422173592,17177627819
hash,2586640,1175416,3047
hash,2586641,137422174192,17177627894
hash,2586642,137422173576,17177627817
hash,2586643,137422173584,17177627818
hash,2586644,137422173544,17177627813
hash,2586645,137422173544,17177627813
hash,2586646,137422173552,17177627814
hash,2586647,137422173560,17177627815
hash,2586648,1175216,3022
hash,2586649,1151051,1
hash,2586650,137422174208,17177627896
hash,2586651,137422173528,17177627811
hash,2586652,137422173568,17177627816
hash,2586653,137422173576,17177627817
hash,2586654,137422173608,17177627821
hash,2586655,137422173616,17177627822
hash,2586656,137422173624,17177627823
hash,2586657,137422173632,17177627824
hash,2586658,137422173592,17177627819
hash,2586659,1175280,3030
hash,2586660,137422173784,17177627843
hash,2586661,137422173576,17177627817
hash,2586662,137422173584,17177627818
hash,2586663,137422173560,17177627815
hash,2586664,1175208,3021
hash,2586665,1151054,1
hash,2586666,137422173544,17177627813
hash,2586667,137422173568,17177627816
hash,2586668,137422173576,17177627817
hash,2586669,137422173608,17177627821
hash,2586670,137422173616,17177627822
hash,2586671,137422173624,17177627823
hash,2586672,137422173648,17177627826
hash,2586673,137422173656,17177627827
hash,2586674,137422173664,17177627828
hash,2586675,137422173772,17177627841
hash,2586676,137422173664,17177627828
hash,2586677,137422173672,17177627829
hash,2586678,137422173640,17177627825
hash,2586679,137422174304,17177627908
hash,2586680,137422173636,17177627824
hash,2586681,137422173648,17177627826
hash,2586682,137422173656,17177627827
hash,2586683,137422173688,17177627831
hash,2586684,1175168,3016
hash,2586685,78470856,9664977
hash,2586686,81812584,10082693
hash,2586687,137422173816,17177627847
hash,2586688,67422968,8283991
hash,2586689,67422960,8283990
hash,2586690,78470984,9664993
hash,2586691,67422978,8283992
hash,2586692,67422976,8283992
hash,2586693,137422173544,17177627813
hash,2586694,137422173816,17177627847
hash,2586695,137422173560,17177627815
hash,2586696,81812584,10082693
hash,2586697,137422173576,17177627817
hash,2586698,137422173584,17177627818
hash,2586699,137422173592,17177627819
hash,2586700,137422173600,17177627820
hash,2586701,137422173608,17177627821
hash,2586702,137422173616,17177627822
hash,2586703,137422173624,17177627823
hash,2586704,137422173640,17177627825
hash,2586705,137422173648,17177627826
hash,2586706,137422173656,17177627827
hash,2586707,137422173688,17177627831
hash,2586708,1175424,3048
hash,2586709,78466192,9664394
hash,2586710,1151089,6
hash,2586711,137422173624,17177627823
hash,2586712,137422173856,17177627852
hash,2586713,137422173632,17177627824
hash,2586714,137422173640,17177627825
hash,2586715,137422173648,17177627826
hash,2586716,78463176,9664017
hash,2586717,137422173856,17177627852
hash,2586718,137422173848,17177627851
hash,2586719,137422173848,17177627851
hash,2586720,137422173616,17177627822
hash,2586721,137422173624,17177627823
hash,2586722,137422173632,17177627824
hash,2586723,137422173640,17177627825
hash,2586724,137422173648,17177627826
hash,2586725,137422173656,17177627827
hash,2586726,137422173688,17177627831
hash,2586727,137422173704,17177627833
hash,2586728,137422173712,17177627834
hash,2586729,137422173720,17177627835
hash,2586730,137422173752,17177627839
hash,2586731,137422173672,17177627829
hash,2586732,137422173980,17177627867
hash,2586733,137422173672,17177627829
hash,2586734,137422173976,17177627867
hash,2586735,137422173672,17177627829
hash,2586736,137422173968,17177627866
hash,2586737,137422173672,17177627829
hash,2586738,137422173980,17177627867
hash,2586739,137422173632,17177627824
hash,2586740,137422173648,17177627826
hash,2586741,137422173656,17177627827
hash,2586742,137422173664,17177627828
hash,2586743,137422173624,17177627823
hash,2586744,137422173616,17177627822
hash,2586745,1175200,3020
hash,2586746,137422173784,17177627843
hash,2586747,137422173776,17177627842
hash,2586748,78465024,9664248
hash,2586749,81812584,10082693
hash,2586750,67529688,8297331
hash,2586751,78470984,9664993
hash,2586752,137422173797,17177627844
hash,2586753,137422173792,17177627844
hash,2586754,137422173544,17177627813
hash,2586755,137422173552,17177627814
hash,2586756,67529688,8297331
hash,2586757,137422173560,17177627815
hash,2586758,81812584,10082693
hash,2586759,137422173576,17177627817
hash,2586760,137422173584,17177627818
hash,2586761,137422173592,17177627819
hash,2586762,137422173600,17177627820
hash,2586763,137422173608,17177627821
hash,2586764,137422173616,17177627822
hash,2586765,137422173808,17177627846
hash,2586766,137422173624,17177627823
hash,2586767,137422173624,17177627823
hash,2586768,137422173616,17177627822
hash,2586769,1175200,3020
hash,2586770,137422173824,17177627848
hash,2586771,137422173816,17177627847
hash,2586772,78465024,9664248
hash,2586773,81812584,10082693
hash,2586774,67529728,8297336
hash,2586775,78470984,9664993
hash,2586776,137422173834,17177627849
hash,2586777,137422173832,17177627849
hash,2586778,137422173544,17177627813
hash,2586779,137422173552,17177627814
hash,2586780,67529728,8297336
hash,2586781,137422173560,17177627815
hash,2586782,81812584,10082693
hash,2586783,137422173576,17177627817
hash,2586784,137422173584,17177627818
hash,2586785,137422173592,17177627819
hash,2586786,137422173600,17177627820
hash,2586787,137422173608,17177627821
hash,2586788,137422173624,17177627823
hash,2586789,137422173616,17177627822
hash,2586790,1175200,3020
hash,2586791,137422173856,17177627852
hash,2586792,137422173848,17177627851
hash,2586793,78465024,9664248
hash,2586794,81812584,10082693
hash,2586795,67529760,8297340
hash,2586796,137422173560,17177627815
hash,2586797,81812584,10082693
hash,2586798,137422173576,17177627817
hash,2586799,137422173584,17177627818
hash,2586800,137422173592,17177627819
hash,2586801,137422173600,17177627820
hash,2586802,137422173608,17177627821
hash,2586803,137422173640,17177627825
hash,2586804,137422173648,17177627826
hash,2586805,137422173656,17177627827
hash,2586806,137422173672,17177627829
hash,2586807,137422173980,17177627867
hash,2586808,137422173672,17177627829
hash,2586809,137422173680,17177627830
hash,2586810,137422173688,17177627831
hash,2586811,137422173696,17177627832
hash,2586812,137422173704,17177627833
hash,2586813,137422173712,17177627834
hash,2586814,137422173720,17177627835
hash,2586815,137422173704,17177627833
hash,2586816,1175256,3027
hash,2586817,137422173848,17177627851
hash,2586818,137422173688,17177627831
hash,2586819,137422173704,17177627833
hash,2586820,1175256,3027
hash,2586821,137422173816,17177627847
hash,2586822,137422173688,17177627831
hash,2586823,137422173704,17177627833
hash,2586824,1175256,3027
hash,2586825,137422173776,17177627842
hash,2586826,137422173688,17177627831
hash,2586827,137422173712,17177627834
hash,2586828,137422173720,17177627835
hash,2586829,137422173736,17177627837
hash,2586830,137422173704,17177627833
hash,2586831,137422174316,17177627909
hash,2586832,137422173712,17177627834
hash,2586833,137422173720,17177627835
hash,2586834,137422173772,17177627841
hash,2586835,137422173880,17177627855
hash,2586836,81812584,10082693
hash,2586837,137422173752,17177627839
hash,2586838,137422173896,17177627857
hash,2586839,137422173904,17177627858
hash,2586840,137422173912,17177627859
hash,2586841,137422173896,17177627857
hash,2586842,137422173896,17177627857
hash,2586843,137422173896,17177627857
hash,2586844,137422173904,17177627858
hash,2586845,137422173912,17177627859
hash,2586846,137422173896,17177627857
hash,2586847,137422173980,17177627867
hash,2586848,137422173904,17177627858
hash,2586849,137422173912,17177627859
hash,2586850,137422173964,17177627865
hash,2586851,137422173964,17177627865
hash,2586852,137422173896,17177627857
hash,2586853,137422173968,17177627866
hash,2586854,137422173892,17177627856
hash,2586855,137422173904,17177627858
hash,2586856,137422173912,17177627859
hash,2586857,137422173928,17177627861
hash,2586858,137422173936,17177627862
hash,2586859,81812584,10082693
hash,2586860,137422173872,17177627854
hash,2586861,137422174160,17177627890
hash,2586862,137422173880,17177627855
hash,2586863,137422173856,17177627852
hash,2586864,137422173864,17177627853
hash,2586865,81812584,10082693
hash,2586866,137422173760,17177627840
hash,2586867,67529616,8297322
hash,2586868,137422173768,17177627841
hash,2586869,137422173720,17177627835
hash,2586870,1175280,3030
hash,2586871,137422174200,17177627895
hash,2586872,137422173704,17177627833
hash,2586873,137422173712,17177627834
hash,2586874,137422173688,17177627831
hash,2586875,1175208,3021
hash,2586876,1151706,83
hash,2586877,137422173672,17177627829
hash,2586878,137422173696,17177627832
hash,2586879,137422173704,17177627833
hash,2586880,137422173720,17177627835
hash,2586881,1175280,3030
hash,2586882,137422174200,17177627895
hash,2586883,137422173704,17177627833
hash,2586884,137422173720,17177627835
hash,2586885,1175416,3047
hash,2586886,137422174192,17177627894
hash,2586887,137422173704,17177627833
hash,2586888,137422173712,17177627834
hash,2586889,137422173672,17177627829
hash,2586890,137422173672,17177627829
hash,2586891,137422173680,17177627830
hash,2586892,137422173688,17177627831
hash,2586893,1175216,3022
hash,2586894,1151706,83
hash,2586895,137422174208,17177627896
hash,2586896,137422173656,17177627827
hash,2586897,137422173696,17177627832
hash,2586898,137422173704,17177627833
hash,2586899,137422173736,17177627837
hash,2586900,137422173744,17177627838
hash,2586901,137422173752,17177627839
hash,2586902,137422173760,17177627840
hash,2586903,137422173760,17177627840
hash,2586904,137422173784,17177627843
hash,2586905,137422173776,17177627842
hash,2586906,137422173704,17177627833
hash,2586907,137422173656,17177627827
hash,2586908,1175280,3030
hash,2586909,67529592,8297319
hash,2586910,137422173640,17177627825
hash,2586911,137422173648,17177627826
hash,2586912,137422173624,17177627823
hash,2586913,1175208,3021
hash,2586914,1151597,69
hash,2586915,137422173608,17177627821
hash,2586916,137422173632,17177627824
hash,2586917,137422173640,17177627825
hash,2586918,137422173672,17177627829
hash,2586919,137422173680,17177627830
hash,2586920,137422173688,17177627831
hash,2586921,137422173704,17177627833
hash,2586922,137422173656,17177627827
hash,2586923,1175280,3030
hash,2586924,67529592,8297319
hash,2586925,137422173640,17177627825
hash,2586926,137422173648,17177627826
hash,2586927,137422173624,17177627823
hash,2586928,1175208,3021
hash,2586929,1151600,70
hash,2586930,137422173608,17177627821
hash,2586931,137422173632,17177627824
hash,2586932,137422173640,17177627825
hash,2586933,137422173672,17177627829
hash,2586934,137422173680,17177627830
hash,2586935,137422173688,17177627831
hash,2586936,137422173704,17177627833
hash,2586937,137422173656,17177627827
hash,2586938,1175280,3030
hash,2586939,67529592,8297319
hash,2586940,137422173640,17177627825
hash,2586941,137422173648,17177627826
hash,2586942,137422173624,17177627823
hash,2586943,1175208,3021
hash,2586944,1151605,70
hash,2586945,137422173608,17177627821
hash,2586946,137422173632,17177627824
hash,2586947,137422173640,17177627825
hash,2586948,137422173656,17177627827
hash,2586949,1175280,3030
hash,2586950,67529592,8297319
hash,2586951,137422173640,17177627825
hash,2586952,137422173656,17177627827
hash,2586953,1175416,3047
hash,2586954,67529584,8297318
hash,2586955,137422173640,17177627825
hash,2586956,137422173648,17177627826
hash,2586957,137422173608,17177627821
hash,2586958,137422173608,17177627821
hash,2586959,137422173616,17177627822
hash,2586960,137422173624,17177627823
hash,2586961,1175216,3022
hash,2586962,1151605,70
hash,2586963,67529600,8297320
hash,2586964,137422173592,17177627819
hash,2586965,137422173632,17177627824
hash,2586966,137422173640,17177627825
hash,2586967,137422173672,17177627829
hash,2586968,137422173680,17177627830
hash,2586969,137422173688,17177627831
hash,2586970,137422173712,17177627834
hash,2586971,137422173696,17177627832
hash,2586972,81812584,10082693
hash,2586973,137422173212,17177627771
hash,2586974,137422173208,17177627771
hash,2586975,137422173216,17177627772
hash,2586976,137422173224,17177627773
hash,2586977,137422173240,17177627775
hash,2586978,1175464,3053
hash,2586979,78461288,9663781
hash,2586980,81812584,10082693
hash,2586981,78459608,9663571
hash,2586982,78464920,9664235
hash,2586983,78461968,9663866
hash,2586984,78465664,9664328
hash,2586985,78459800,9663595
hash,2586986,80822336,9958912
hash,2586987,78477272,9665779
hash,2586988,137422173064,17177627753
hash,2586989,78477264,9665778
hash,2586990,78477272,9665779
hash,2586991,137422173080,17177627755
hash,2586992,137422173088,17177627756
hash,2586993,137422173096,17177627757
hash,2586994,137422173104,17177627758
hash,2586995,137422173112,17177627759
hash,2586996,78469512,9664809
hash,2586997,78469592,9664819
hash,2586998,77885424,9591798
hash,2586999,81812584,10082693
hash,2587000,78465664,9664328
hash,2587001,78459800,9663595
hash,2587002,80822336,9958912
hash,2587003,78477272,9665779
hash,2587004,137422172984,17177627743
hash,2587005,78477264,9665778
hash,2587006,78477272,9665779
hash,2587007,137422173000,17177627745
hash,2587008,137422173008,17177627746
hash,2587009,137422173016,17177627747
hash,2587010,137422173024,17177627748
hash,2587011,137422173032,17177627749
hash,2587012,78467832,9664599
hash,2587013,137422173040,17177627750
hash,2587014,78477272,9665779
hash,2587015,137422173600,17177627820
hash,2587016,137422173040,17177627750
hash,2587017,137422173008,17177627746
hash,2587018,137422173016,17177627747
hash,2587019,137422173024,17177627748
hash,2587020,137422173032,17177627749
hash,2587021,78468456,9664677
hash,2587022,137422173040,17177627750
hash,2587023,78477272,9665779
hash,2587024,137422173016,17177627747
hash,2587025,137422173024,17177627748
hash,2587026,137422173032,17177627749
hash,2587027,137422173048,17177627751
hash,2587028,81812584,10082693
hash,2587029,137422173056,17177627752
hash,2587030,137422173064,17177627753
hash,2587031,137422173072,17177627754
hash,2587032,137422173080,17177627755
hash,2587033,78469800,9664845
hash,2587034,78462728,9663961
hash,2587035,78465560,9664315
hash,2587036,78477888,9665856
hash,2587037,137422173048,17177627751
hash,2587038,78460536,9663687
hash,2587039,137422173600,17177627820
hash,2587040,78483464,9666553
hash,2587041,78482912,9666484
hash,2587042,78465560,9664315
hash,2587043,78485552,9666814
hash,2587044,137422173048,17177627751
hash,2587045,78460264,9663653
hash,2587046,137422173600,17177627820
hash,2587047,78483464,9666553
hash,2587048,78482944,9666488
hash,2587049,78465560,9664315
hash,2587050,78485560,9666815
hash,2587051,137422173048,17177627751
hash,2587052,137422173600,17177627820
hash,2587053,78483464,9666553
hash,2587054,78482936,9666487
hash,2587055,137422173056,17177627752
hash,2587056,137422173064,17177627753
hash,2587057,137422173072,17177627754
hash,2587058,137422173080,17177627755
hash,2587059,137422173088,17177627756
hash,2587060,137422173096,17177627757
hash,2587061,137422173104,17177627758
hash,2587062,137422173112,17177627759
hash,2587063,78469512,9664809
hash,2587064,78469592,9664819
hash,2587065,77885424,9591798
hash,2587066,81812584,10082693
hash,2587067,78465664,9664328
hash,2587068,78459800,9663595
hash,2587069,80822336,9958912
hash,2587070,78477272,9665779
hash,2587071,137422172984,17177627743
hash,2587072,78477264,9665778
hash,2587073,78477272,9665779
hash,2587074,137422173000,17177627745
hash,2587075,137422173008,17177627746
hash,2587076,137422173016,17177627747
hash,2587077,137422173024,17177627748
hash,2587078,137422173032,17177627749
hash,2587079,78467832,9664599
hash,2587080,137422173040,17177627750
hash,2587081,78477272,9665779
hash,2587082,137422173600,17177627820
hash,2587083,137422173040,17177627750
hash,2587084,137422173008,17177627746
hash,2587085,137422173016,17177627747
hash,2587086,137422173024,17177627748
hash,2587087,137422173032,17177627749
hash,2587088,78468456,9664677
hash,2587089,137422173040,17177627750
hash,2587090,78477272,9665779
hash,2587091,137422173016,17177627747
hash,2587092,137422173024,17177627748
hash,2587093,137422173032,17177627749
hash,2587094,137422173048,17177627751
hash,2587095,81812584,10082693
hash,2587096,137422173056,17177627752
hash,2587097,137422173064,17177627753
hash,2587098,137422173072,17177627754
hash,2587099,137422173080,17177627755
hash,2587100,78469800,9664845
hash,2587101,78462728,9663961
hash,2587102,78465560,9664315
hash,2587103,78477888,9665856
hash,2587104,137422173048,17177627751
hash,2587105,78460536,9663687
hash,2587106,137422173600,17177627820
hash,2587107,78483464,9666553
hash,2587108,78482912,9666484
hash,2587109,78465560,9664315
hash,2587110,78485552,9666814
hash,2587111,137422173048,17177627751
hash,2587112,78460264,9663653
hash,2587113,137422173600,17177627820
hash,2587114,78483464,9666553
hash,2587115,78482944,9666488
hash,2587116,78465560,9664315
hash,2587117,78485560,9666815
hash,2587118,137422173048,17177627751
hash,2587119,137422173600,17177627820
hash,2587120,78483464,9666553
hash,2587121,78482936,9666487
hash,2587122,137422173056,17177627752
hash,2587123,137422173064,17177627753
hash,2587124,137422173072,17177627754
hash,2587125,137422173080,17177627755
hash,2587126,137422173088,17177627756
hash,2587127,137422173096,17177627757
hash,2587128,137422173104,17177627758
hash,2587129,137422173112,17177627759
hash,2587130,78459608,9663571
hash,2587131,137422173136,17177627762
hash,2587132,78459608,9663571
hash,2587133,78465664,9664328
hash,2587134,78459800,9663595
hash,2587135,80822336,9958912
hash,2587136,78477272,9665779
hash,2587137,137422173064,17177627753
hash,2587138,78477264,9665778
hash,2587139,78477272,9665779
hash,2587140,137422173080,17177627755
hash,2587141,137422173088,17177627756
hash,2587142,137422173096,17177627757
hash,2587143,137422173104,17177627758
hash,2587144,137422173112,17177627759
hash,2587145,78459712,9663584
hash,2587146,67529632,8297324
hash,2587147,67529624,8297323
hash,2587148,78470984,9664993
hash,2587149,67529640,8297325
hash,2587150,67529640,8297325
hash,2587151,137422173112,17177627759
hash,2587152,137422173152,17177627764
hash,2587153,137422173360,17177627790
hash,2587154,137422173360,17177627790
hash,2587155,78468408,9664671
hash,2587156,137422173352,17177627789
hash,2587157,137422173368,17177627791
hash,2587158,137422173360,17177627790
hash,2587159,137422173088,17177627756
hash,2587160,137422173096,17177627757
hash,2587161,137422173104,17177627758
hash,2587162,78466544,9664438
hash,2587163,137422173112,17177627759
hash,2587164,78469512,9664809
hash,2587165,78469592,9664819
hash,2587166,77885424,9591798
hash,2587167,81812584,10082693
hash,2587168,78465664,9664328
hash,2587169,78459800,9663595
hash,2587170,80822336,9958912
hash,2587171,78477272,9665779
hash,2587172,137422172984,17177627743
hash,2587173,78477264,9665778
hash,2587174,78477272,9665779
hash,2587175,137422173000,17177627745
hash,2587176,137422173008,17177627746
hash,2587177,137422173016,17177627747
hash,2587178,137422173024,17177627748
hash,2587179,137422173032,17177627749
hash,2587180,78467832,9664599
hash,2587181,137422173040,17177627750
hash,2587182,78477272,9665779
hash,2587183,137422173600,17177627820
hash,2587184,137422173040,17177627750
hash,2587185,137422173008,17177627746
hash,2587186,137422173016,17177627747
hash,2587187,137422173024,17177627748
hash,2587188,137422173032,17177627749
hash,2587189,78468456,9664677
hash,2587190,137422173040,17177627750
hash,2587191,78477272,9665779
hash,2587192,137422173016,17177627747
hash,2587193,137422173024,17177627748
hash,2587194,137422173032,17177627749
hash,2587195,137422173048,17177627751
hash,2587196,81812584,10082693
hash,2587197,137422173056,17177627752
hash,2587198,137422173064,17177627753
hash,2587199,137422173072,17177627754
hash,2587200,137422173080,17177627755
hash,2587201,78469800,9664845
hash,2587202,78462728,9663961
hash,2587203,78465560,9664315
hash,2587204,78477888,9665856
hash,2587205,137422173048,17177627751
hash,2587206,78460536,9663687
hash,2587207,137422173600,17177627820
hash,2587208,78483464,9666553
hash,2587209,78482912,9666484
hash,2587210,78465560,9664315
hash,2587211,78485552,9666814
hash,2587212,137422173048,17177627751
hash,2587213,78460264,9663653
hash,2587214,137422173600,17177627820
hash,2587215,78483464,9666553
hash,2587216,78482944,9666488
hash,2587217,78465560,9664315
hash,2587218,78485560,9666815
hash,2587219,137422173048,17177627751
hash,2587220,137422173600,17177627820
hash,2587221,78483464,9666553
hash,2587222,78482936,9666487
hash,2587223,137422173056,17177627752
hash,2587224,137422173064,17177627753
hash,2587225,137422173072,17177627754
hash,2587226,137422173080,17177627755
hash,2587227,137422173088,17177627756
hash,2587228,137422173096,17177627757
hash,2587229,137422173104,17177627758
hash,2587230,137422173112,17177627759
hash,2587231,137422173160,17177627765
hash,2587232,81812584,10082693
hash,2587233,137422173176,17177627767
hash,2587234,137422173184,17177627768
hash,2587235,137422173192,17177627769
hash,2587236,137422173200,17177627770
hash,2587237,137422173208,17177627771
hash,2587238,137422173216,17177627772
hash,2587239,137422173224,17177627773
hash,2587240,1175248,3026
hash,2587241,81812584,10082693
hash,2587242,78470000,9664870
hash,2587243,137422173264,17177627778
hash,2587244,78452688,9662706
hash,2587245,137422173424,17177627798
hash,2587246,137422173608,17177627821
hash,2587247,137422173417,17177627797
hash,2587248,137422173624,17177627823
hash,2587249,137422173304,17177627783
hash,2587250,137422173312,17177627784
hash,2587251,137422173632,17177627824
hash,2587252,137422173376,17177627792
hash,2587253,78482000,9666370
hash,2587254,80460069,9913628
hash,2587255,137422173264,17177627778
hash,2587256,78452688,9662706
hash,2587257,137422173424,17177627798
hash,2587258,137422173120,17177627760
hash,2587259,137422173128,17177627761
hash,2587260,137422173136,17177627762
hash,2587261,137422173144,17177627763
hash,2587262,137422173152,17177627764
hash,2587263,137422173160,17177627765
hash,2587264,137422173179,17177627767
hash,2587265,137422173264,17177627778
hash,2587266,78452688,9662706
hash,2587267,137422173648,17177627826
hash,2587268,137422173624,17177627823
hash,2587269,78481856,9666352
hash,2587270,78449944,9662363
hash,2587271,78466880,9664480
hash,2587272,137422173152,17177627764
hash,2587273,137422173160,17177627765
hash,2587274,81812584,10082693
hash,2587275,78461464,9663803
hash,2587276,78465560,9664315
hash,2587277,78485512,9666809
hash,2587278,137422172888,17177627731
hash,2587279,137422173600,17177627820
hash,2587280,78483480,9666555
hash,2587281,78482784,9666468
hash,2587282,137422172896,17177627732
hash,2587283,137422172904,17177627733
hash,2587284,137422172912,17177627734
hash,2587285,137422172920,17177627735
hash,2587286,137422172928,17177627736
hash,2587287,137422172936,17177627737
hash,2587288,137422173416,17177627797
hash,2587289,137422173056,17177627752
hash,2587290,137422173064,17177627753
hash,2587291,137422173312,17177627784
hash,2587292,137422173304,17177627783
hash,2587293,137422173040,17177627750
hash,2587294,137422173048,17177627751
hash,2587295,137422172904,17177627733
hash,2587296,137422172912,17177627734
hash,2587297,137422172920,17177627735
hash,2587298,137422172928,17177627736
hash,2587299,137422172936,17177627737
hash,2587300,137422173048,17177627751
hash,2587301,137422173040,17177627750
hash,2587302,137422173064,17177627753
hash,2587303,137422173056,17177627752
hash,2587304,137422173304,17177627783
hash,2587305,137422173312,17177627784
hash,2587306,137422173376,17177627792
hash,2587307,137422172920,17177627735
hash,2587308,137422172928,17177627736
hash,2587309,137422172936,17177627737
hash,2587310,78479790,9666093
hash,2587311,137422173056,17177627752
hash,2587312,137422173064,17177627753
hash,2587313,78479712,9666084
hash,2587314,137422173024,17177627748
hash,2587315,78479791,9666093
hash,2587316,78479752,9666089
hash,2587317,78479794,9666094
hash,2587318,137422173005,17177627745
hash,2587319,78460376,9663667
hash,2587320,137422172979,17177627742
hash,2587321,78479816,9666097
hash,2587322,137422173007,17177627745
hash,2587323,137422172980,17177627742
hash,2587324,137422173032,17177627749
hash,2587325,137422173016,17177627747
hash,2587326,137422173008,17177627746
hash,2587327,137422173304,17177627783
hash,2587328,137422173312,17177627784
hash,2587329,137422173304,17177627783
hash,2587330,137422173312,17177627784
hash,2587331,137422173377,17177627792
hash,2587332,137422173032,17177627749
hash,2587333,137422173016,17177627747
hash,2587334,137422173008,17177627746
hash,2587335,137422173304,17177627783
hash,2587336,137422173312,17177627784
hash,2587337,137422173288,17177627781
hash,2587338,78451904,9662608
hash,2587339,137422173352,17177627789
hash,2587340,137422173328,17177627786
hash,2587341,137422173312,17177627784
hash,2587342,137422173304,17177627783
hash,2587343,137422172936,17177627737
hash,2587344,137422172992,17177627744
hash,2587345,137422172984,17177627743
hash,2587346,137422173006,17177627745
hash,2587347,137422173000,17177627745
hash,2587348,137422172980,17177627742
hash,2587349,137422173072,17177627754
hash,2587350,78485056,9666752
hash,2587351,137422173024,17177627748
hash,2587352,137422172979,17177627742
hash,2587353,137422172952,17177627739
hash,2587354,137422173007,17177627745
hash,2587355,137422172960,17177627740
hash,2587356,137422173056,17177627752
hash,2587357,137422173064,17177627753
hash,2587358,81812584,10082693
hash,2587359,78460376,9663667
hash,2587360,137422172920,17177627735
hash,2587361,81812584,10082693
hash,2587362,137422172928,17177627736
hash,2587363,137422172936,17177627737
hash,2587364,137422173080,17177627755
hash,2587365,81812584,10082693
hash,2587366,137422173096,17177627757
hash,2587367,137422173104,17177627758
hash,2587368,137422173112,17177627759
hash,2587369,137422173120,17177627760
hash,2587370,137422173128,17177627761
hash,2587371,137422173136,17177627762
hash,2587372,137422173144,17177627763
hash,2587373,137422173184,17177627768
hash,2587374,137422173180,17177627767
hash,2587375,137422173160,17177627765
hash,2587376,137422173264,17177627778
hash,2587377,78452688,9662706
hash,2587378,137422173424,17177627798
hash,2587379,78470440,9664925
hash,2587380,137422173624,17177627823
hash,2587381,137422173420,17177627797
hash,2587382,137422173160,17177627765
hash,2587383,137422173192,17177627769
hash,2587384,81812584,10082693
hash,2587385,137422173200,17177627770
hash,2587386,137422173208,17177627771
hash,2587387,137422173216,17177627772
hash,2587388,137422173224,17177627773
hash,2587389,137422173260,17177627777
hash,2587390,1175288,3031
hash,2587391,78459608,9663571
hash,2587392,78459712,9663584
hash,2587393,137422173360,17177627790
hash,2587394,78461288,9663781
hash,2587395,78468456,9664677
hash,2587396,137422173344,17177627788
hash,2587397,78477272,9665779
hash,2587398,137422173176,17177627767
hash,2587399,137422173184,17177627768
hash,2587400,137422173192,17177627769
hash,2587401,78460136,9663637
hash,2587402,137422173208,17177627771
hash,2587403,137422173216,17177627772
hash,2587404,78468792,9664719
hash,2587405,78461968,9663866
hash,2587406,78467200,9664520
hash,2587407,137422173432,17177627799
hash,2587408,137422173160,17177627765
hash,2587409,137422173168,17177627766
hash,2587410,137422173176,17177627767
hash,2587411,137422173184,17177627768
hash,2587412,137422173192,17177627769
hash,2587413,78463568,9664066
hash,2587414,137422173432,17177627799
hash,2587415,137422173160,17177627765
hash,2587416,137422173168,17177627766
hash,2587417,137422173176,17177627767
hash,2587418,137422173184,17177627768
hash,2587419,137422173192,17177627769
hash,2587420,137422173592,17177627819
hash,2587421,137422173208,17177627771
hash,2587422,137422173216,17177627772
hash,2587423,78468456,9664677
hash,2587424,137422173600,17177627820
hash,2587425,78477272,9665779
hash,2587426,137422173208,17177627771
hash,2587427,137422173216,17177627772
hash,2587428,137422173224,17177627773
hash,2587429,137422173656,17177627827
hash,2587430,81812584,10082693
hash,2587431,137422173672,17177627829
hash,2587432,137422173680,17177627830
hash,2587433,137422173688,17177627831
hash,2587434,137422173672,17177627829
hash,2587435,137422173668,17177627828
hash,2587436,137422173624,17177627823
hash,2587437,137422174488,17177627931
hash,2587438,137422173620,17177627822
hash,2587439,137422173624,17177627823
hash,2587440,137422173572,17177627816
hash,2587441,137422173576,17177627817
hash,2587442,137422174488,17177627931
hash,2587443,137422173592,17177627819
hash,2587444,137422173600,17177627820
hash,2587445,137422173608,17177627821
hash,2587446,137422173624,17177627823
hash,2587447,137422174480,17177627930
hash,2587448,137422173640,17177627825
hash,2587449,67463592,8289069
hash,2587450,137422173632,17177627824
hash,2587451,1176208,3146
hash,2587452,137422173600,17177627820
hash,2587453,137422173608,17177627821
hash,2587454,137422173648,17177627826
hash,2587455,137422173656,17177627827
hash,2587456,137422173680,17177627830
hash,2587457,137422173688,17177627831
hash,2587458,137422173720,17177627835
hash,2587459,137422173672,17177627829
hash,2587460,137422173664,17177627828
hash,2587461,137422173624,17177627823
hash,2587462,137422173624,17177627823
hash,2587463,137422173624,17177627823
hash,2587464,137422173616,17177627822
hash,2587465,1176204,3145
hash,2587466,137422173648,17177627826
hash,2587467,137422173656,17177627827
hash,2587468,137422173680,17177627830
hash,2587469,137422173688,17177627831
hash,2587470,137422173720,17177627835
hash,2587471,137422173736,17177627837
hash,2587472,137422173744,17177627838
hash,2587473,137422173752,17177627839
hash,2587474,137422173816,17177627847
hash,2587475,81812584,10082693
hash,2587476,137422173784,17177627843
hash,2587477,137422173832,17177627849
hash,2587478,137422173840,17177627850
hash,2587479,137422173848,17177627851
hash,2587480,137422173896,17177627857
hash,2587481,81812584,10082693
hash,2587482,137422173880,17177627855
hash,2587483,137422173904,17177627858
hash,2587484,137422173912,17177627859
hash,2587485,137422173864,17177627853
hash,2587486,137422173996,17177627869
hash,2587487,137422173864,17177627853
hash,2587488,137422173992,17177627869
hash,2587489,137422173864,17177627853
hash,2587490,137422173816,17177627847
hash,2587491,137422173992,17177627869
hash,2587492,137422173836,17177627849
hash,2587493,137422173816,17177627847
hash,2587494,137422173736,17177627837
hash,2587495,137422173992,17177627869
hash,2587496,137422173732,17177627836
hash,2587497,137422173732,17177627836
hash,2587498,1175344,3038
hash,2587499,78464800,9664220
hash,2587500,80818568,9958441
hash,2587501,80788888,9954731
hash,2587502,81812440,10082675
hash,2587503,80789992,9954869
hash,2587504,67346454,8274426
hash,2587505,67346600,8274445
hash,2587506,67530064,8297378
hash,2587507,137422173656,17177627827
hash,2587508,137422173664,17177627828
hash,2587509,137422173672,17177627829
hash,2587510,137422173680,17177627830
hash,2587511,137422173688,17177627831
hash,2587512,137422173704,17177627833
hash,2587513,137422173712,17177627834
hash,2587514,137422173720,17177627835
hash,2587515,137422173736,17177627837
hash,2587516,137422173996,17177627869
hash,2587517,137422173748,17177627838
hash,2587518,137422173736,17177627837
hash,2587519,137422173688,17177627831
hash,2587520,137422173996,17177627869
hash,2587521,137422173708,17177627833
hash,2587522,137422173712,17177627834
hash,2587523,137422173720,17177627835
hash,2587524,137422173736,17177627837
hash,2587525,137422173984,17177627868
hash,2587526,1175320,3035
hash,2587527,78466120,9664385
hash,2587528,137422173720,17177627835
hash,2587529,137422173736,17177627837
hash,2587530,137422173752,17177627839
hash,2587531,137422173736,17177627837
hash,2587532,137422173732,17177627836
hash,2587533,137422173760,17177627840
hash,2587534,137422173768,17177627841
hash,2587535,137422173776,17177627842
hash,2587536,137422173784,17177627843
hash,2587537,137422173792,17177627844
hash,2587538,137422173800,17177627845
hash,2587539,137422173840,17177627850
hash,2587540,137422173848,17177627851
hash,2587541,137422173864,17177627853
hash,2587542,137422173984,17177627868
hash,2587543,137422173864,17177627853
hash,2587544,137422173996,17177627869
hash,2587545,137422173824,17177627848
hash,2587546,137422173840,17177627850
hash,2587547,137422173848,17177627851
hash,2587548,137422173856,17177627852
hash,2587549,137422173832,17177627849
hash,2587550,137422173824,17177627848
hash,2587551,137422173784,17177627843
hash,2587552,137422173784,17177627843
hash,2587553,137422173784,17177627843
hash,2587554,137422173776,17177627842
hash,2587555,137422174012,17177627871
hash,2587556,137422173808,17177627846
hash,2587557,137422173816,17177627847
hash,2587558,137422173840,17177627850
hash,2587559,137422173848,17177627851
hash,2587560,137422173864,17177627853
hash,2587561,137422173996,17177627869
hash,2587562,137422173864,17177627853
hash,2587563,137422173872,17177627854
hash,2587564,137422173880,17177627855
hash,2587565,137422173888,17177627856
hash,2587566,137422173896,17177627857
hash,2587567,137422173904,17177627858
hash,2587568,137422173912,17177627859
hash,2587569,137422173896,17177627857
hash,2587570,137422173864,17177627853
hash,2587571,137422173816,17177627847
hash,2587572,137422174012,17177627871
hash,2587573,137422173836,17177627849
hash,2587574,137422173840,17177627850
hash,2587575,137422173848,17177627851
hash,2587576,137422173864,17177627853
hash,2587577,137422174000,17177627870
hash,2587578,1175320,3035
hash,2587579,78466120,9664385
hash,2587580,137422173848,17177627851
hash,2587581,137422173872,17177627854
hash,2587582,137422173880,17177627855
hash,2587583,137422173904,17177627858
hash,2587584,137422173912,17177627859
hash,2587585,137422173896,17177627857
hash,2587586,137422173980,17177627867
hash,2587587,137422173904,17177627858
hash,2587588,137422173912,17177627859
hash,2587589,137422173964,17177627865
hash,2587590,137422173964,17177627865
hash,2587591,137422173896,17177627857
hash,2587592,137422173968,17177627866
hash,2587593,137422173892,17177627856
hash,2587594,137422173904,17177627858
hash,2587595,137422173912,17177627859
hash,2587596,137422173928,17177627861
hash,2587597,137422173936,17177627862
hash,2587598,81812584,10082693
hash,2587599,137422173872,17177627854
hash,2587600,137422174160,17177627890
hash,2587601,137422173880,17177627855
hash,2587602,137422173856,17177627852
hash,2587603,137422173864,17177627853
hash,2587604,81812584,10082693
hash,2587605,137422173760,17177627840
hash,2587606,67529720,8297335
hash,2587607,137422173768,17177627841
hash,2587608,137422173720,17177627835
hash,2587609,1175280,3030
hash,2587610,137422174200,17177627895
hash,2587611,137422173704,17177627833
hash,2587612,137422173712,17177627834
hash,2587613,137422173688,17177627831
hash,2587614,1175208,3021
hash,2587615,1151706,83
hash,2587616,137422173672,17177627829
hash,2587617,137422173696,17177627832
hash,2587618,137422173704,17177627833
hash,2587619,137422173720,17177627835
hash,2587620,1175280,3030
hash,2587621,137422174200,17177627895
hash,2587622,137422173704,17177627833
hash,2587623,137422173720,17177627835
hash,2587624,1175416,3047
hash,2587625,137422174192,17177627894
hash,2587626,137422173704,17177627833
hash,2587627,137422173712,17177627834
hash,2587628,137422173672,17177627829
hash,2587629,137422173672,17177627829
hash,2587630,137422173680,17177627830
hash,2587631,137422173688,17177627831
hash,2587632,1175216,3022
hash,2587633,1151706,83
hash,2587634,137422174208,17177627896
hash,2587635,137422173656,17177627827
hash,2587636,137422173696,17177627832
hash,2587637,137422173704,17177627833
hash,2587638,137422173736,17177627837
hash,2587639,137422173744,17177627838
hash,2587640,137422173752,17177627839
hash,2587641,137422173760,17177627840
hash,2587642,137422173760,17177627840
hash,2587643,137422173784,17177627843
hash,2587644,137422173776,17177627842
hash,2587645,137422173704,17177627833
hash,2587646,137422173656,17177627827
hash,2587647,1175280,3030
hash,2587648,67529696,8297332
hash,2587649,137422173640,17177627825
hash,2587650,137422173648,17177627826
hash,2587651,137422173624,17177627823
hash,2587652,1175208,3021
hash,2587653,1151597,69
hash,2587654,137422173608,17177627821
hash,2587655,137422173632,17177627824
hash,2587656,137422173640,17177627825
hash,2587657,137422173672,17177627829
hash,2587658,137422173680,17177627830
hash,2587659,137422173688,17177627831
hash,2587660,137422173704,17177627833
hash,2587661,137422173656,17177627827
hash,2587662,1175280,3030
hash,2587663,67529696,8297332
hash,2587664,137422173640,17177627825
hash,2587665,137422173648,17177627826
hash,2587666,137422173624,17177627823
hash,2587667,1175208,3021
hash,2587668,1151600,70
hash,2587669,137422173608,17177627821
hash,2587670,137422173632,17177627824
hash,2587671,137422173640,17177627825
hash,2587672,137422173672,17177627829
hash,2587673,137422173680,17177627830
hash,2587674,137422173688,17177627831
hash,2587675,137422173704,17177627833
hash,2587676,137422173656,17177627827
hash,2587677,1175280,3030
hash,2587678,67529696,8297332
hash,2587679,137422173640,17177627825
hash,2587680,137422173648,17177627826
hash,2587681,137422173624,17177627823
hash,2587682,1175208,3021
hash,2587683,1151605,70
hash,2587684,137422173608,17177627821
hash,2587685,137422173632,17177627824
hash,2587686,137422173640,17177627825
hash,2587687,137422173672,17177627829
hash,2587688,137422173680,17177627830
hash,2587689,137422173688,17177627831
hash,2587690,137422173704,17177627833
hash,2587691,137422173656,17177627827
hash,2587692,1175280,3030
hash,2587693,67529696,8297332
hash,2587694,137422173640,17177627825
hash,2587695,137422173648,17177627826
hash,2587696,137422173624,17177627823
hash,2587697,1175208,3021
hash,2587698,1151611,71
hash,2587699,137422173608,17177627821
hash,2587700,137422173632,17177627824
hash,2587701,137422173640,17177627825
hash,2587702,137422173672,17177627829
hash,2587703,137422173680,17177627830
hash,2587704,137422173688,17177627831
hash,2587705,137422173704,17177627833
hash,2587706,137422173656,17177627827
hash,2587707,1175280,3030
hash,2587708,67529696,8297332
hash,2587709,137422173640,17177627825
hash,2587710,137422173648,17177627826
hash,2587711,137422173624,17177627823
hash,2587712,1175208,3021
hash,2587713,1151618,72
hash,2587714,137422173608,17177627821
hash,2587715,137422173632,17177627824
hash,2587716,137422173640,17177627825
hash,2587717,137422173672,17177627829
hash,2587718,137422173680,17177627830
hash,2587719,137422173688,17177627831
hash,2587720,137422173704,17177627833
hash,2587721,137422173656,17177627827
hash,2587722,1175280,3030
hash,2587723,67529696,8297332
hash,2587724,137422173640,17177627825
hash,2587725,137422173648,17177627826
hash,2587726,137422173624,17177627823
hash,2587727,1175208,3021
hash,2587728,1151625,73
hash,2587729,137422173608,17177627821
hash,2587730,137422173632,17177627824
hash,2587731,137422173640,17177627825
hash,2587732,137422173656,17177627827
hash,2587733,1175280,3030
hash,2587734,67529696,8297332
hash,2587735,137422173640,17177627825
hash,2587736,137422173656,17177627827
hash,2587737,1175416,3047
hash,2587738,67529688,8297331
hash,2587739,137422173640,17177627825
hash,2587740,137422173648,17177627826
hash,2587741,137422173608,17177627821
hash,2587742,137422173608,17177627821
hash,2587743,137422173616,17177627822
hash,2587744,137422173624,17177627823
hash,2587745,1175216,3022
hash,2587746,1151625,73
hash,2587747,67529704,8297333
hash,2587748,137422173592,17177627819
hash,2587749,137422173632,17177627824
hash,2587750,137422173640,17177627825
hash,2587751,137422173672,17177627829
hash,2587752,137422173680,17177627830
hash,2587753,137422173688,17177627831
hash,2587754,137422173712,17177627834
hash,2587755,137422173696,17177627832
hash,2587756,137422173672,17177627829
hash,2587757,137422173664,17177627828
hash,2587758,137422173624,17177627823
hash,2587759,137422174456,17177627927
hash,2587760,137422173616,17177627822
hash,2587761,137422173624,17177627823
hash,2587762,137422173552,17177627814
hash,2587763,1175280,3030
hash,2587764,67529736,8297337
hash,2587765,137422173544,17177627813
hash,2587766,137422173572,17177627816
hash,2587767,137422173576,17177627817
hash,2587768,137422173572,17177627816
hash,2587769,137422173552,17177627814
hash,2587770,1175352,3039
hash,2587771,67529728,8297336
hash,2587772,137422173544,17177627813
hash,2587773,67529744,8297338
hash,2587774,137422173552,17177627814
hash,2587775,1175280,3030
hash,2587776,67529736,8297337
hash,2587777,137422173544,17177627813
hash,2587778,137422173572,17177627816
hash,2587779,137422173576,17177627817
hash,2587780,137422173572,17177627816
hash,2587781,137422173552,17177627814
hash,2587782,1175352,3039
hash,2587783,67529728,8297336
hash,2587784,137422173544,17177627813
hash,2587785,67529745,8297338
hash,2587786,137422173552,17177627814
hash,2587787,1175280,3030
hash,2587788,67529736,8297337
hash,2587789,137422173544,17177627813
hash,2587790,137422173572,17177627816
hash,2587791,137422173576,17177627817
hash,2587792,137422173572,17177627816
hash,2587793,137422173552,17177627814
hash,2587794,1175352,3039
hash,2587795,67529728,8297336
hash,2587796,137422173544,17177627813
hash,2587797,67529746,8297338
hash,2587798,137422173552,17177627814
hash,2587799,1175280,3030
hash,2587800,67529736,8297337
hash,2587801,137422173544,17177627813
hash,2587802,137422173572,17177627816
hash,2587803,137422173576,17177627817
hash,2587804,137422173572,17177627816
hash,2587805,137422173552,17177627814
hash,2587806,1175352,3039
hash,2587807,67529728,8297336
hash,2587808,137422173544,17177627813
hash,2587809,67529747,8297338
hash,2587810,137422173552,17177627814
hash,2587811,1175280,3030
hash,2587812,67529736,8297337
hash,2587813,137422173544,17177627813
hash,2587814,137422173572,17177627816
hash,2587815,137422173576,17177627817
hash,2587816,137422173572,17177627816
hash,2587817,137422173552,17177627814
hash,2587818,1175352,3039
hash,2587819,67529728,8297336
hash,2587820,137422173544,17177627813
hash,2587821,67529748,8297338
hash,2587822,137422173552,17177627814
hash,2587823,1175280,3030
hash,2587824,67529736,8297337
hash,2587825,137422173544,17177627813
hash,2587826,137422173572,17177627816
hash,2587827,137422173576,17177627817
hash,2587828,137422173572,17177627816
hash,2587829,137422173552,17177627814
hash,2587830,1175352,3039
hash,2587831,67529728,8297336
hash,2587832,137422173544,17177627813
hash,2587833,67529749,8297338
hash,2587834,137422173552,17177627814
hash,2587835,1175280,3030
hash,2587836,67529736,8297337
hash,2587837,137422173544,17177627813
hash,2587838,137422173572,17177627816
hash,2587839,137422173576,17177627817
hash,2587840,137422173572,17177627816
hash,2587841,137422173552,17177627814
hash,2587842,1175352,3039
hash,2587843,67529728,8297336
hash,2587844,137422173544,17177627813
hash,2587845,67529750,8297338
hash,2587846,137422173552,17177627814
hash,2587847,1175280,3030
hash,2587848,67529736,8297337
hash,2587849,137422173544,17177627813
hash,2587850,137422173572,17177627816
hash,2587851,137422173576,17177627817
hash,2587852,137422173572,17177627816
hash,2587853,137422173552,17177627814
hash,2587854,1175352,3039
hash,2587855,67529728,8297336
hash,2587856,137422173544,17177627813
hash,2587857,67529751,8297338
hash,2587858,137422173552,17177627814
hash,2587859,1175280,3030
hash,2587860,67529736,8297337
hash,2587861,137422173544,17177627813
hash,2587862,137422173572,17177627816
hash,2587863,137422173576,17177627817
hash,2587864,137422173572,17177627816
hash,2587865,137422173552,17177627814
hash,2587866,1175352,3039
hash,2587867,67529728,8297336
hash,2587868,137422173544,17177627813
hash,2587869,67529752,8297339
hash,2587870,137422173552,17177627814
hash,2587871,1175280,3030
hash,2587872,67529736,8297337
hash,2587873,137422173544,17177627813
hash,2587874,137422173572,17177627816
hash,2587875,137422173576,17177627817
hash,2587876,137422173572,17177627816
hash,2587877,137422173552,17177627814
hash,2587878,1175352,3039
hash,2587879,67529728,8297336
hash,2587880,137422173544,17177627813
hash,2587881,67529753,8297339
hash,2587882,137422173552,17177627814
hash,2587883,1175280,3030
hash,2587884,67529736,8297337
hash,2587885,137422173544,17177627813
hash,2587886,137422173572,17177627816
hash,2587887,137422173560,17177627815
hash,2587888,137422174456,17177627927
hash,2587889,137422173576,17177627817
hash,2587890,137422173592,17177627819
hash,2587891,137422173600,17177627820
hash,2587892,137422173608,17177627821
hash,2587893,137422173624,17177627823
hash,2587894,137422174448,17177627926
hash,2587895,137422173640,17177627825
hash,2587896,67421344,8283788
hash,2587897,137422173632,17177627824
hash,2587898,137422173632,17177627824
hash,2587899,137422173616,17177627822
hash,2587900,137422173576,17177627817
hash,2587901,1175280,3030
hash,2587902,67433416,8285297
hash,2587903,137422173560,17177627815
hash,2587904,137422173568,17177627816
hash,2587905,1175280,3030
hash,2587906,67529736,8297337
hash,2587907,137422173560,17177627815
hash,2587908,137422173576,17177627817
hash,2587909,1175280,3030
hash,2587910,67433416,8285297
hash,2587911,137422173560,17177627815
hash,2587912,137422173568,17177627816
hash,2587913,1175416,3047
hash,2587914,67529728,8297336
hash,2587915,137422173560,17177627815
hash,2587916,137422173576,17177627817
hash,2587917,1175416,3047
hash,2587918,67433408,8285296
hash,2587919,137422173560,17177627815
hash,2587920,137422173528,17177627811
hash,2587921,137422173528,17177627811
hash,2587922,137422173536,17177627812
hash,2587923,137422173544,17177627813
hash,2587924,1175216,3022
hash,2587925,67529744,8297338
hash,2587926,67433424,8285298
hash,2587927,137422173512,17177627809
hash,2587928,137422173552,17177627814
hash,2587929,137422173560,17177627815
hash,2587930,137422173584,17177627818
hash,2587931,137422173592,17177627819
hash,2587932,137422173600,17177627820
hash,2587933,137422173608,17177627821
hash,2587934,137422173632,17177627824
hash,2587935,137422173648,17177627826
hash,2587936,137422173656,17177627827
hash,2587937,137422173680,17177627830
hash,2587938,137422173688,17177627831
hash,2587939,137422173720,17177627835
hash,2587940,137422173672,17177627829
hash,2587941,137422173664,17177627828
hash,2587942,137422173624,17177627823
hash,2587943,137422173624,17177627823
hash,2587944,137422173624,17177627823
hash,2587945,137422173616,17177627822
hash,2587946,67433452,8285301
hash,2587947,137422173616,17177627822
hash,2587948,67433452,8285301
hash,2587949,1175344,3038
hash,2587950,78464800,9664220
hash,2587951,80818568,9958441
hash,2587952,80788888,9954731
hash,2587953,81812440,10082675
hash,2587954,80789992,9954869
hash,2587955,67346454,8274426
hash,2587956,67346600,8274445
hash,2587957,67433040,8285250
hash,2587958,137422173544,17177627813
hash,2587959,137422173552,17177627814
hash,2587960,137422173560,17177627815
hash,2587961,137422173568,17177627816
hash,2587962,137422173576,17177627817
hash,2587963,137422173592,17177627819
hash,2587964,137422173600,17177627820
hash,2587965,137422173608,17177627821
hash,2587966,137422173624,17177627823
hash,2587967,137422173616,17177627822
hash,2587968,67433452,8285301
hash,2587969,137422173624,17177627823
hash,2587970,137422173616,17177627822
hash,2587971,67433452,8285301
hash,2587972,137422173644,17177627825
hash,2587973,137422173624,17177627823
hash,2587974,137422174000,17177627870
hash,2587975,137422173644,17177627825
hash,2587976,137422173584,17177627818
hash,2587977,137422173600,17177627820
hash,2587978,137422173608,17177627821
hash,2587979,137422173616,17177627822
hash,2587980,67433440,8285300
hash,2587981,137422173644,17177627825
hash,2587982,67421568,8283816
hash,2587983,137422173616,17177627822
hash,2587984,67433452,8285301
hash,2587985,137422173644,17177627825
hash,2587986,137422173624,17177627823
hash,2587987,137422174000,17177627870
hash,2587988,137422173644,17177627825
hash,2587989,137422173584,17177627818
hash,2587990,137422173600,17177627820
hash,2587991,137422173608,17177627821
hash,2587992,137422173616,17177627822
hash,2587993,67433440,8285300
hash,2587994,137422173644,17177627825
hash,2587995,67421572,8283816
hash,2587996,137422173616,17177627822
hash,2587997,67433452,8285301
hash,2587998,137422173644,17177627825
hash,2587999,137422173624,17177627823
hash,2588000,137422174000,17177627870
hash,2588001,137422173644,17177627825
hash,2588002,137422173584,17177627818
hash,2588003,137422173600,17177627820
hash,2588004,137422173608,17177627821
hash,2588005,137422173616,17177627822
hash,2588006,67433440,8285300
hash,2588007,137422173644,17177627825
hash,2588008,67421576,8283817
hash,2588009,137422173616,17177627822
hash,2588010,67433452,8285301
hash,2588011,137422173644,17177627825
hash,2588012,137422173624,17177627823
hash,2588013,137422174000,17177627870
hash,2588014,137422173644,17177627825
hash,2588015,137422173584,17177627818
hash,2588016,137422173600,17177627820
hash,2588017,137422173608,17177627821
hash,2588018,137422173616,17177627822
hash,2588019,67433440,8285300
hash,2588020,137422173644,17177627825
hash,2588021,67421580,8283817
hash,2588022,137422173616,17177627822
hash,2588023,67433452,8285301
hash,2588024,137422173644,17177627825
hash,2588025,137422173624,17177627823
hash,2588026,137422174000,17177627870
hash,2588027,137422173644,17177627825
hash,2588028,137422173584,17177627818
hash,2588029,137422173600,17177627820
hash,2588030,137422173608,17177627821
hash,2588031,137422173616,17177627822
hash,2588032,67433440,8285300
hash,2588033,137422173644,17177627825
hash,2588034,67421584,8283818
hash,2588035,137422173616,17177627822
hash,2588036,67433452,8285301
hash,2588037,137422173644,17177627825
hash,2588038,137422173624,17177627823
hash,2588039,137422174000,17177627870
hash,2588040,137422173644,17177627825
hash,2588041,137422173584,17177627818
hash,2588042,137422173600,17177627820
hash,2588043,137422173608,17177627821
hash,2588044,137422173616,17177627822
hash,2588045,67433440,8285300
hash,2588046,137422173644,17177627825
hash,2588047,67421588,8283818
hash,2588048,137422173616,17177627822
hash,2588049,67433452,8285301
hash,2588050,137422173644,17177627825
hash,2588051,137422173624,17177627823
hash,2588052,137422174000,17177627870
hash,2588053,137422173644,17177627825
hash,2588054,137422173584,17177627818
hash,2588055,137422173600,17177627820
hash,2588056,137422173608,17177627821
hash,2588057,137422173616,17177627822
hash,2588058,67433440,8285300
hash,2588059,137422173644,17177627825
hash,2588060,67421592,8283819
hash,2588061,137422173616,17177627822
hash,2588062,67433452,8285301
hash,2588063,137422173644,17177627825
hash,2588064,137422173624,17177627823
hash,2588065,137422174000,17177627870
hash,2588066,137422173644,17177627825
hash,2588067,137422173584,17177627818
hash,2588068,137422173600,17177627820
hash,2588069,137422173608,17177627821
hash,2588070,137422173616,17177627822
hash,2588071,67433440,8285300
hash,2588072,137422173644,17177627825
hash,2588073,67421596,8283819
hash,2588074,137422173616,17177627822
hash,2588075,67433452,8285301
hash,2588076,137422173644,17177627825
hash,2588077,137422173624,17177627823
hash,2588078,137422174000,17177627870
hash,2588079,137422173644,17177627825
hash,2588080,137422173584,17177627818
hash,2588081,137422173600,17177627820
hash,2588082,137422173608,17177627821
hash,2588083,137422173616,17177627822
hash,2588084,67433440,8285300
hash,2588085,137422173644,17177627825
hash,2588086,67421600,8283820
hash,2588087,137422173616,17177627822
hash,2588088,67433452,8285301
hash,2588089,137422173644,17177627825
hash,2588090,137422173624,17177627823
hash,2588091,137422174000,17177627870
hash,2588092,137422173644,17177627825
hash,2588093,137422173584,17177627818
hash,2588094,137422173600,17177627820
hash,2588095,137422173608,17177627821
hash,2588096,137422173616,17177627822
hash,2588097,67433440,8285300
hash,2588098,137422173644,17177627825
hash,2588099,67421604,8283820
hash,2588100,137422173616,17177627822
hash,2588101,67433452,8285301
hash,2588102,137422173644,17177627825
hash,2588103,137422173624,17177627823
hash,2588104,137422174000,17177627870
hash,2588105,137422173644,17177627825
hash,2588106,137422173584,17177627818
hash,2588107,137422173600,17177627820
hash,2588108,137422173608,17177627821
hash,2588109,137422173616,17177627822
hash,2588110,67433440,8285300
hash,2588111,137422173644,17177627825
hash,2588112,67421608,8283821
hash,2588113,137422173616,17177627822
hash,2588114,67433452,8285301
hash,2588115,137422173644,17177627825
hash,2588116,137422173624,17177627823
hash,2588117,137422174000,17177627870
hash,2588118,137422173644,17177627825
hash,2588119,137422173584,17177627818
hash,2588120,137422173600,17177627820
hash,2588121,137422173608,17177627821
hash,2588122,137422173616,17177627822
hash,2588123,67433440,8285300
hash,2588124,137422173644,17177627825
hash,2588125,67421612,8283821
hash,2588126,137422173616,17177627822
hash,2588127,67433452,8285301
hash,2588128,137422173644,17177627825
hash,2588129,137422173624,17177627823
hash,2588130,137422174000,17177627870
hash,2588131,137422173644,17177627825
hash,2588132,137422173584,17177627818
hash,2588133,137422173600,17177627820
hash,2588134,137422173608,17177627821
hash,2588135,137422173616,17177627822
hash,2588136,67433440,8285300
hash,2588137,137422173644,17177627825
hash,2588138,67421616,8283822
hash,2588139,137422173616,17177627822
hash,2588140,67433452,8285301
hash,2588141,137422173644,17177627825
hash,2588142,137422173624,17177627823
hash,2588143,137422174000,17177627870
hash,2588144,137422173644,17177627825
hash,2588145,137422173584,17177627818
hash,2588146,137422173600,17177627820
hash,2588147,137422173608,17177627821
hash,2588148,137422173616,17177627822
hash,2588149,67433440,8285300
hash,2588150,137422173644,17177627825
hash,2588151,67421620,8283822
hash,2588152,137422173616,17177627822
hash,2588153,67433452,8285301
hash,2588154,137422173644,17177627825
hash,2588155,137422173624,17177627823
hash,2588156,137422174000,17177627870
hash,2588157,137422173644,17177627825
hash,2588158,137422173584,17177627818
hash,2588159,137422173600,17177627820
hash,2588160,137422173608,17177627821
hash,2588161,137422173616,17177627822
hash,2588162,67433440,8285300
hash,2588163,137422173644,17177627825
hash,2588164,67421624,8283823
hash,2588165,137422173616,17177627822
hash,2588166,67433452,8285301
hash,2588167,137422173644,17177627825
hash,2588168,137422173624,17177627823
hash,2588169,137422174000,17177627870
hash,2588170,137422173644,17177627825
hash,2588171,137422173584,17177627818
hash,2588172,137422173600,17177627820
hash,2588173,137422173608,17177627821
hash,2588174,137422173616,17177627822
hash,2588175,67433440,8285300
hash,2588176,137422173644,17177627825
hash,2588177,67421628,8283823
hash,2588178,137422173616,17177627822
hash,2588179,67433452,8285301
hash,2588180,137422173644,17177627825
hash,2588181,137422173624,17177627823
hash,2588182,137422174000,17177627870
hash,2588183,137422173644,17177627825
hash,2588184,137422173584,17177627818
hash,2588185,137422173600,17177627820
hash,2588186,137422173608,17177627821
hash,2588187,137422173616,17177627822
hash,2588188,67433440,8285300
hash,2588189,137422173644,17177627825
hash,2588190,67421632,8283824
hash,2588191,137422173616,17177627822
hash,2588192,67433452,8285301
hash,2588193,137422173644,17177627825
hash,2588194,137422173624,17177627823
hash,2588195,137422174000,17177627870
hash,2588196,137422173644,17177627825
hash,2588197,137422173584,17177627818
hash,2588198,137422173600,17177627820
hash,2588199,137422173608,17177627821
hash,2588200,137422173616,17177627822
hash,2588201,67433440,8285300
hash,2588202,137422173644,17177627825
hash,2588203,67421636,8283824
hash,2588204,137422173616,17177627822
hash,2588205,67433452,8285301
hash,2588206,137422173644,17177627825
hash,2588207,137422173616,17177627822
hash,2588208,67433452,8285301
hash,2588209,137422173624,17177627823
hash,2588210,137422173648,17177627826
hash,2588211,137422173656,17177627827
hash,2588212,137422173680,17177627830
hash,2588213,137422173688,17177627831
hash,2588214,137422173720,17177627835
hash,2588215,137422173736,17177627837
hash,2588216,137422173744,17177627838
hash,2588217,137422173752,17177627839
hash,2588218,137422173816,17177627847
hash,2588219,81812584,10082693
hash,2588220,137422173784,17177627843
hash,2588221,137422173832,17177627849
hash,2588222,137422173840,17177627850
hash,2588223,137422173848,17177627851
hash,2588224,137422173896,17177627857
hash,2588225,81812584,10082693
hash,2588226,137422173880,17177627855
hash,2588227,137422173904,17177627858
hash,2588228,137422173912,17177627859
hash,2588229,137422173864,17177627853
hash,2588230,137422173996,17177627869
hash,2588231,137422173864,17177627853
hash,2588232,137422173992,17177627869
hash,2588233,137422173864,17177627853
hash,2588234,137422173984,17177627868
hash,2588235,137422173864,17177627853
hash,2588236,137422173996,17177627869
hash,2588237,137422173824,17177627848
hash,2588238,137422173840,17177627850
hash,2588239,137422173848,17177627851
hash,2588240,137422173856,17177627852
hash,2588241,137422173832,17177627849
hash,2588242,137422173824,17177627848
hash,2588243,137422173784,17177627843
hash,2588244,137422173784,17177627843
hash,2588245,137422173784,17177627843
hash,2588246,137422173776,17177627842
hash,2588247,137422174012,17177627871
hash,2588248,137422173776,17177627842
hash,2588249,137422174012,17177627871
hash,2588250,1175344,3038
hash,2588251,78464800,9664220
hash,2588252,80818568,9958441
hash,2588253,80788888,9954731
hash,2588254,81812440,10082675
hash,2588255,80789992,9954869
hash,2588256,67346454,8274426
hash,2588257,67346600,8274445
hash,2588258,67533200,8297770
hash,2588259,137422173704,17177627833
hash,2588260,137422173712,17177627834
hash,2588261,137422173720,17177627835
hash,2588262,137422173728,17177627836
hash,2588263,137422173736,17177627837
hash,2588264,137422173752,17177627839
hash,2588265,137422173760,17177627840
hash,2588266,137422173768,17177627841
hash,2588267,137422173784,17177627843
hash,2588268,137422173776,17177627842
hash,2588269,137422174012,17177627871
hash,2588270,137422173784,17177627843
hash,2588271,137422173776,17177627842
hash,2588272,137422174012,17177627871
hash,2588273,137422173804,17177627845
hash,2588274,137422173784,17177627843
hash,2588275,67530080,8297380
hash,2588276,137422173804,17177627845
hash,2588277,137422173744,17177627838
hash,2588278,137422173760,17177627840
hash,2588279,137422173768,17177627841
hash,2588280,137422173776,17177627842
hash,2588281,137422174000,17177627870
hash,2588282,137422173804,17177627845
hash,2588283,67433040,8285250
hash,2588284,137422173776,17177627842
hash,2588285,137422174012,17177627871
hash,2588286,137422173804,17177627845
hash,2588287,137422173784,17177627843
hash,2588288,67530080,8297380
hash,2588289,137422173804,17177627845
hash,2588290,137422173744,17177627838
hash,2588291,137422173760,17177627840
hash,2588292,137422173768,17177627841
hash,2588293,137422173776,17177627842
hash,2588294,137422174000,17177627870
hash,2588295,137422173804,17177627845
hash,2588296,67433044,8285250
hash,2588297,137422173776,17177627842
hash,2588298,137422174012,17177627871
hash,2588299,137422173804,17177627845
hash,2588300,137422173784,17177627843
hash,2588301,67530080,8297380
hash,2588302,137422173804,17177627845
hash,2588303,137422173744,17177627838
hash,2588304,137422173760,17177627840
hash,2588305,137422173768,17177627841
hash,2588306,137422173776,17177627842
hash,2588307,137422174000,17177627870
hash,2588308,137422173804,17177627845
hash,2588309,67433048,8285251
hash,2588310,137422173776,17177627842
hash,2588311,137422174012,17177627871
hash,2588312,137422173804,17177627845
hash,2588313,137422173784,17177627843
hash,2588314,67530080,8297380
hash,2588315,137422173804,17177627845
hash,2588316,137422173744,17177627838
hash,2588317,137422173760,17177627840
hash,2588318,137422173768,17177627841
hash,2588319,137422173776,17177627842
hash,2588320,137422174000,17177627870
hash,2588321,137422173804,17177627845
hash,2588322,67433052,8285251
hash,2588323,137422173776,17177627842
hash,2588324,137422174012,17177627871
hash,2588325,137422173804,17177627845
hash,2588326,137422173784,17177627843
hash,2588327,67530080,8297380
hash,2588328,137422173804,17177627845
hash,2588329,137422173744,17177627838
hash,2588330,137422173760,17177627840
hash,2588331,137422173768,17177627841
hash,2588332,137422173776,17177627842
hash,2588333,137422174000,17177627870
hash,2588334,137422173804,17177627845
hash,2588335,67433056,8285252
hash,2588336,137422173776,17177627842
hash,2588337,137422174012,17177627871
hash,2588338,137422173804,17177627845
hash,2588339,137422173784,17177627843
hash,2588340,67530080,8297380
hash,2588341,137422173804,17177627845
hash,2588342,137422173744,17177627838
hash,2588343,137422173760,17177627840
hash,2588344,137422173768,17177627841
hash,2588345,137422173776,17177627842
hash,2588346,137422174000,17177627870
hash,2588347,137422173804,17177627845
hash,2588348,67433060,8285252
hash,2588349,137422173776,17177627842
hash,2588350,137422174012,17177627871
hash,2588351,137422173804,17177627845
hash,2588352,137422173784,17177627843
hash,2588353,67530080,8297380
hash,2588354,137422173804,17177627845
hash,2588355,137422173744,17177627838
hash,2588356,137422173760,17177627840
hash,2588357,137422173768,17177627841
hash,2588358,137422173776,17177627842
hash,2588359,137422174000,17177627870
hash,2588360,137422173804,17177627845
hash,2588361,67433064,8285253
hash,2588362,137422173776,17177627842
hash,2588363,137422174012,17177627871
hash,2588364,137422173804,17177627845
hash,2588365,137422173784,17177627843
hash,2588366,67530080,8297380
hash,2588367,137422173804,17177627845
hash,2588368,137422173744,17177627838
hash,2588369,137422173760,17177627840
hash,2588370,137422173768,17177627841
hash,2588371,137422173776,17177627842
hash,2588372,137422174000,17177627870
hash,2588373,137422173804,17177627845
hash,2588374,67433068,8285253
hash,2588375,137422173776,17177627842
hash,2588376,137422174012,17177627871
hash,2588377,137422173804,17177627845
hash,2588378,137422173784,17177627843
hash,2588379,67530080,8297380
hash,2588380,137422173804,17177627845
hash,2588381,137422173744,17177627838
hash,2588382,137422173760,17177627840
hash,2588383,137422173768,17177627841
hash,2588384,137422173776,17177627842
hash,2588385,137422174000,17177627870
hash,2588386,137422173804,17177627845
hash,2588387,67433072,8285254
hash,2588388,137422173776,17177627842
hash,2588389,137422174012,17177627871
hash,2588390,137422173804,17177627845
hash,2588391,137422173784,17177627843
hash,2588392,67530080,8297380
hash,2588393,137422173804,17177627845
hash,2588394,137422173744,17177627838
hash,2588395,137422173760,17177627840
hash,2588396,137422173768,17177627841
hash,2588397,137422173776,17177627842
hash,2588398,137422174000,17177627870
hash,2588399,137422173804,17177627845
hash,2588400,67433076,8285254
hash,2588401,137422173776,17177627842
hash,2588402,137422174012,17177627871
hash,2588403,137422173804,17177627845
hash,2588404,137422173784,17177627843
hash,2588405,67530080,8297380
hash,2588406,137422173804,17177627845
hash,2588407,137422173744,17177627838
hash,2588408,137422173760,17177627840
hash,2588409,137422173768,17177627841
hash,2588410,137422173776,17177627842
hash,2588411,137422174000,17177627870
hash,2588412,137422173804,17177627845
hash,2588413,67433080,8285255
hash,2588414,137422173776,17177627842
hash,2588415,137422174012,17177627871
hash,2588416,137422173804,17177627845
hash,2588417,137422173784,17177627843
hash,2588418,67530080,8297380
hash,2588419,137422173804,17177627845
hash,2588420,137422173744,17177627838
hash,2588421,137422173760,17177627840
hash,2588422,137422173768,17177627841
hash,2588423,137422173776,17177627842
hash,2588424,137422174000,17177627870
hash,2588425,137422173804,17177627845
hash,2588426,67433084,8285255
hash,2588427,137422173776,17177627842
hash,2588428,137422174012,17177627871
hash,2588429,137422173804,17177627845
hash,2588430,137422173784,17177627843
hash,2588431,67530080,8297380
hash,2588432,137422173804,17177627845
hash,2588433,137422173744,17177627838
hash,2588434,137422173760,17177627840
hash,2588435,137422173768,17177627841
hash,2588436,137422173776,17177627842
hash,2588437,137422174000,17177627870
hash,2588438,137422173804,17177627845
hash,2588439,67433088,8285256
hash,2588440,137422173776,17177627842
hash,2588441,137422174012,17177627871
hash,2588442,137422173804,17177627845
hash,2588443,137422173784,17177627843
hash,2588444,67530080,8297380
hash,2588445,137422173804,17177627845
hash,2588446,137422173744,17177627838
hash,2588447,137422173760,17177627840
hash,2588448,137422173768,17177627841
hash,2588449,137422173776,17177627842
hash,2588450,137422174000,17177627870
hash,2588451,137422173804,17177627845
hash,2588452,67433092,8285256
hash,2588453,137422173776,17177627842
hash,2588454,137422174012,17177627871
hash,2588455,137422173804,17177627845
hash,2588456,137422173784,17177627843
hash,2588457,67530080,8297380
hash,2588458,137422173804,17177627845
hash,2588459,137422173744,17177627838
hash,2588460,137422173760,17177627840
hash,2588461,137422173768,17177627841
hash,2588462,137422173776,17177627842
hash,2588463,137422174000,17177627870
hash,2588464,137422173804,17177627845
hash,2588465,67433096,8285257
hash,2588466,137422173776,17177627842
hash,2588467,137422174012,17177627871
hash,2588468,137422173804,17177627845
hash,2588469,137422173784,17177627843
hash,2588470,67530080,8297380
hash,2588471,137422173804,17177627845
hash,2588472,137422173744,17177627838
hash,2588473,137422173760,17177627840
hash,2588474,137422173768,17177627841
hash,2588475,137422173776,17177627842
hash,2588476,137422174000,17177627870
hash,2588477,137422173804,17177627845
hash,2588478,67433100,8285257
hash,2588479,137422173776,17177627842
hash,2588480,137422174012,17177627871
hash,2588481,137422173804,17177627845
hash,2588482,137422173784,17177627843
hash,2588483,67530080,8297380
hash,2588484,137422173804,17177627845
hash,2588485,137422173744,17177627838
hash,2588486,137422173760,17177627840
hash,2588487,137422173768,17177627841
hash,2588488,137422173776,17177627842
hash,2588489,137422174000,17177627870
hash,2588490,137422173804,17177627845
hash,2588491,67433104,8285258
hash,2588492,137422173776,17177627842
hash,2588493,137422174012,17177627871
hash,2588494,137422173804,17177627845
hash,2588495,137422173784,17177627843
hash,2588496,67530080,8297380
hash,2588497,137422173804,17177627845
hash,2588498,137422173744,17177627838
hash,2588499,137422173760,17177627840
hash,2588500,137422173768,17177627841
hash,2588501,137422173776,17177627842
hash,2588502,137422174000,17177627870
hash,2588503,137422173804,17177627845
hash,2588504,67433108,8285258
hash,2588505,137422173776,17177627842
hash,2588506,137422174012,17177627871
hash,2588507,137422173804,17177627845
hash,2588508,137422173776,17177627842
hash,2588509,137422174012,17177627871
hash,2588510,137422173784,17177627843
hash,2588511,137422173808,17177627846
hash,2588512,137422173816,17177627847
hash,2588513,137422173840,17177627850
hash,2588514,137422173848,17177627851
hash,2588515,137422173864,17177627853
hash,2588516,137422173996,17177627869
hash,2588517,137422173864,17177627853
hash,2588518,137422173872,17177627854
hash,2588519,137422173880,17177627855
hash,2588520,137422173888,17177627856
hash,2588521,137422173896,17177627857
hash,2588522,137422173904,17177627858
hash,2588523,137422173912,17177627859
hash,2588524,137422173896,17177627857
hash,2588525,137422173864,17177627853
hash,2588526,137422173816,17177627847
hash,2588527,137422174012,17177627871
hash,2588528,137422173836,17177627849
hash,2588529,137422173816,17177627847
hash,2588530,137422174012,17177627871
hash,2588531,137422173836,17177627849
hash,2588532,137422173816,17177627847
hash,2588533,137422174012,17177627871
hash,2588534,137422173836,17177627849
hash,2588535,137422173816,17177627847
hash,2588536,137422174012,17177627871
hash,2588537,137422173836,17177627849
hash,2588538,137422173816,17177627847
hash,2588539,137422174012,17177627871
hash,2588540,137422173836,17177627849
hash,2588541,137422173816,17177627847
hash,2588542,137422174012,17177627871
hash,2588543,137422173836,17177627849
hash,2588544,137422173816,17177627847
hash,2588545,137422174012,17177627871
hash,2588546,137422173836,17177627849
hash,2588547,137422173816,17177627847
hash,2588548,137422174012,17177627871
hash,2588549,137422173836,17177627849
hash,2588550,137422173816,17177627847
hash,2588551,137422174012,17177627871
hash,2588552,137422173836,17177627849
hash,2588553,137422173816,17177627847
hash,2588554,137422174012,17177627871
hash,2588555,137422173836,17177627849
hash,2588556,137422173816,17177627847
hash,2588557,137422174012,17177627871
hash,2588558,137422173836,17177627849
hash,2588559,137422173816,17177627847
hash,2588560,137422174012,17177627871
hash,2588561,137422173836,17177627849
hash,2588562,137422173816,17177627847
hash,2588563,137422174012,17177627871
hash,2588564,137422173836,17177627849
hash,2588565,137422173816,17177627847
hash,2588566,137422174012,17177627871
hash,2588567,137422173836,17177627849
hash,2588568,137422173816,17177627847
hash,2588569,137422174012,17177627871
hash,2588570,137422173836,17177627849
hash,2588571,137422173816,17177627847
hash,2588572,137422174012,17177627871
hash,2588573,137422173836,17177627849
hash,2588574,137422173816,17177627847
hash,2588575,137422174012,17177627871
hash,2588576,137422173836,17177627849
hash,2588577,137422173816,17177627847
hash,2588578,137422174012,17177627871
hash,2588579,137422173836,17177627849
hash,2588580,137422173816,17177627847
hash,2588581,137422174012,17177627871
hash,2588582,137422173836,17177627849
hash,2588583,137422173840,17177627850
hash,2588584,137422173848,17177627851
hash,2588585,137422173864,17177627853
hash,2588586,137422174000,17177627870
hash,2588587,1175320,3035
hash,2588588,78466120,9664385
hash,2588589,80788984,9954743
hash,2588590,67433032,8285249
hash,2588591,81812384,10082668
hash,2588592,80788888,9954731
hash,2588593,81812440,10082675
hash,2588594,67433032,8285249
hash,2588595,80788888,9954731
hash,2588596,81812440,10082675
hash,2588597,80789992,9954869
hash,2588598,80790008,9954871
hash,2588599,80818552,9958439
hash,2588600,67433048,8285251
hash,2588601,67346454,8274426
hash,2588602,80818552,9958439
hash,2588603,67346600,8274445
hash,2588604,137422173752,17177627839
hash,2588605,137422173760,17177627840
hash,2588606,137422173768,17177627841
hash,2588607,137422173776,17177627842
hash,2588608,137422173784,17177627843
hash,2588609,137422173816,17177627847
hash,2588610,137422173824,17177627848
hash,2588611,137422173832,17177627849
hash,2588612,137422173840,17177627850
hash,2588613,137422173848,17177627851
hash,2588614,137422173872,17177627854
hash,2588615,137422173880,17177627855
hash,2588616,137422173904,17177627858
hash,2588617,137422173912,17177627859
hash,2588618,137422173896,17177627857
hash,2588619,137422173980,17177627867
hash,2588620,137422173904,17177627858
hash,2588621,137422173912,17177627859
hash,2588622,137422173964,17177627865
hash,2588623,137422173944,17177627863
hash,2588624,81812584,10082693
hash,2588625,137422173808,17177627846
hash,2588626,137422173784,17177627843
hash,2588627,137422173996,17177627869
hash,2588628,137422173792,17177627844
hash,2588629,137422173800,17177627845
hash,2588630,137422173808,17177627846
hash,2588631,137422173784,17177627843
hash,2588632,137422173984,17177627868
hash,2588633,137422173780,17177627842
hash,2588634,137422173792,17177627844
hash,2588635,137422173800,17177627845
hash,2588636,137422173784,17177627843
hash,2588637,137422173776,17177627842
hash,2588638,137422173736,17177627837
hash,2588639,137422173736,17177627837
hash,2588640,137422173736,17177627837
hash,2588641,137422173728,17177627836
hash,2588642,67530076,8297379
hash,2588643,137422173760,17177627840
hash,2588644,137422173768,17177627841
hash,2588645,137422173792,17177627844
hash,2588646,137422173800,17177627845
hash,2588647,137422173808,17177627846
hash,2588648,137422173784,17177627843
hash,2588649,137422173996,17177627869
hash,2588650,137422173792,17177627844
hash,2588651,137422173800,17177627845
hash,2588652,137422173836,17177627849
hash,2588653,137422173836,17177627849
hash,2588654,137422173808,17177627846
hash,2588655,137422173784,17177627843
hash,2588656,137422173984,17177627868
hash,2588657,137422173780,17177627842
hash,2588658,137422173792,17177627844
hash,2588659,137422173800,17177627845
hash,2588660,137422173752,17177627839
hash,2588661,137422173704,17177627833
hash,2588662,137422173672,17177627829
hash,2588663,137422173672,17177627829
hash,2588664,137422173672,17177627829
hash,2588665,137422173680,17177627830
hash,2588666,137422173688,17177627831
hash,2588667,137422173712,17177627834
hash,2588668,137422173720,17177627835
hash,2588669,137422173744,17177627838
hash,2588670,137422173704,17177627833
hash,2588671,137422173672,17177627829
hash,2588672,137422173852,17177627851
hash,2588673,137422173680,17177627830
hash,2588674,137422173688,17177627831
hash,2588675,137422173712,17177627834
hash,2588676,137422173720,17177627835
hash,2588677,137422173768,17177627841
hash,2588678,137422173752,17177627839
hash,2588679,137422173784,17177627843
hash,2588680,137422173792,17177627844
hash,2588681,137422173800,17177627845
hash,2588682,137422173776,17177627842
hash,2588683,137422173784,17177627843
hash,2588684,137422173736,17177627837
hash,2588685,137422173728,17177627836
hash,2588686,137422173736,17177627837
hash,2588687,137422173688,17177627831
hash,2588688,137422173852,17177627851
hash,2588689,137422173708,17177627833
hash,2588690,137422173712,17177627834
hash,2588691,137422173720,17177627835
hash,2588692,137422173736,17177627837
hash,2588693,137422173840,17177627850
hash,2588694,1175320,3035
hash,2588695,78466120,9664385
hash,2588696,137422173720,17177627835
hash,2588697,137422173736,17177627837
hash,2588698,137422173736,17177627837
hash,2588699,137422173736,17177627837
hash,2588700,137422173728,17177627836
hash,2588701,137422173868,17177627853
hash,2588702,137422173736,17177627837
hash,2588703,137422173760,17177627840
hash,2588704,137422173768,17177627841
hash,2588705,137422173784,17177627843
hash,2588706,137422173792,17177627844
hash,2588707,137422173800,17177627845
hash,2588708,137422173784,17177627843
hash,2588709,137422173752,17177627839
hash,2588710,137422173704,17177627833
hash,2588711,137422173868,17177627853
hash,2588712,137422173724,17177627835
hash,2588713,137422173728,17177627836
hash,2588714,137422173736,17177627837
hash,2588715,137422173752,17177627839
hash,2588716,137422173856,17177627852
hash,2588717,1175320,3035
hash,2588718,78466120,9664385
hash,2588719,137422173736,17177627837
hash,2588720,137422173760,17177627840
hash,2588721,137422173768,17177627841
hash,2588722,137422173792,17177627844
hash,2588723,137422173800,17177627845
hash,2588724,137422173808,17177627846
hash,2588725,137422173784,17177627843
hash,2588726,137422173996,17177627869
hash,2588727,137422173792,17177627844
hash,2588728,137422173800,17177627845
hash,2588729,137422173836,17177627849
hash,2588730,137422173816,17177627847
hash,2588731,137422173784,17177627843
hash,2588732,137422173776,17177627842
hash,2588733,137422173736,17177627837
hash,2588734,137422173736,17177627837
hash,2588735,137422173736,17177627837
hash,2588736,137422173728,17177627836
hash,2588737,137422173852,17177627851
hash,2588738,137422173760,17177627840
hash,2588739,137422173768,17177627841
hash,2588740,137422173792,17177627844
hash,2588741,137422173800,17177627845
hash,2588742,137422173784,17177627843
hash,2588743,137422173752,17177627839
hash,2588744,137422173704,17177627833
hash,2588745,137422173852,17177627851
hash,2588746,137422173724,17177627835
hash,2588747,137422173728,17177627836
hash,2588748,137422173736,17177627837
hash,2588749,137422173752,17177627839
hash,2588750,137422173840,17177627850
hash,2588751,1175320,3035
hash,2588752,78466120,9664385
hash,2588753,137422173736,17177627837
hash,2588754,137422173760,17177627840
hash,2588755,137422173768,17177627841
hash,2588756,137422173792,17177627844
hash,2588757,137422173800,17177627845
hash,2588758,137422173880,17177627855
hash,2588759,81812584,10082693
hash,2588760,137422173816,17177627847
hash,2588761,137422173896,17177627857
hash,2588762,137422173904,17177627858
hash,2588763,137422173912,17177627859
hash,2588764,137422173896,17177627857
hash,2588765,137422173848,17177627851
hash,2588766,137422173996,17177627869
hash,2588767,137422173868,17177627853
hash,2588768,137422173848,17177627851
hash,2588769,137422173984,17177627868
hash,2588770,137422173868,17177627853
hash,2588771,137422173816,17177627847
hash,2588772,137422173784,17177627843
hash,2588773,137422173736,17177627837
hash,2588774,67530076,8297379
hash,2588775,137422173756,17177627839
hash,2588776,137422173760,17177627840
hash,2588777,137422173768,17177627841
hash,2588778,137422173784,17177627843
hash,2588779,67530064,8297378
hash,2588780,1175320,3035
hash,2588781,78466120,9664385
hash,2588782,137422173768,17177627841
hash,2588783,137422173792,17177627844
hash,2588784,137422173800,17177627845
hash,2588785,137422173824,17177627848
hash,2588786,137422173832,17177627849
hash,2588787,137422173848,17177627851
hash,2588788,137422173996,17177627869
hash,2588789,137422173868,17177627853
hash,2588790,137422173848,17177627851
hash,2588791,137422173984,17177627868
hash,2588792,137422173868,17177627853
hash,2588793,137422173816,17177627847
hash,2588794,137422173784,17177627843
hash,2588795,137422173736,17177627837
hash,2588796,67530092,8297381
hash,2588797,137422173756,17177627839
hash,2588798,137422173736,17177627837
hash,2588799,67530092,8297381
hash,2588800,137422173756,17177627839
hash,2588801,137422173736,17177627837
hash,2588802,67530092,8297381
hash,2588803,137422173756,17177627839
hash,2588804,137422173736,17177627837
hash,2588805,67530092,8297381
hash,2588806,137422173756,17177627839
hash,2588807,137422173736,17177627837
hash,2588808,67530092,8297381
hash,2588809,137422173756,17177627839
hash,2588810,137422173736,17177627837
hash,2588811,67530092,8297381
hash,2588812,137422173756,17177627839
hash,2588813,137422173736,17177627837
hash,2588814,67530092,8297381
hash,2588815,137422173756,17177627839
hash,2588816,137422173736,17177627837
hash,2588817,67530092,8297381
hash,2588818,137422173756,17177627839
hash,2588819,137422173736,17177627837
hash,2588820,67530092,8297381
hash,2588821,137422173756,17177627839
hash,2588822,137422173736,17177627837
hash,2588823,67530092,8297381
hash,2588824,137422173756,17177627839
hash,2588825,137422173736,17177627837
hash,2588826,67530092,8297381
hash,2588827,137422173756,17177627839
hash,2588828,137422173736,17177627837
hash,2588829,67530092,8297381
hash,2588830,137422173756,17177627839
hash,2588831,137422173736,17177627837
hash,2588832,67530092,8297381
hash,2588833,137422173756,17177627839
hash,2588834,137422173736,17177627837
hash,2588835,67530092,8297381
hash,2588836,137422173756,17177627839
hash,2588837,137422173736,17177627837
hash,2588838,67530092,8297381
hash,2588839,137422173756,17177627839
hash,2588840,137422173736,17177627837
hash,2588841,67530092,8297381
hash,2588842,137422173756,17177627839
hash,2588843,137422173736,17177627837
hash,2588844,67530092,8297381
hash,2588845,137422173756,17177627839
hash,2588846,137422173736,17177627837
hash,2588847,67530092,8297381
hash,2588848,137422173756,17177627839
hash,2588849,137422173736,17177627837
hash,2588850,67530092,8297381
hash,2588851,137422173756,17177627839
hash,2588852,137422173760,17177627840
hash,2588853,137422173768,17177627841
hash,2588854,137422173784,17177627843
hash,2588855,67530080,8297380
hash,2588856,1175320,3035
hash,2588857,78466120,9664385
hash,2588858,80788984,9954743
hash,2588859,67533192,8297769
hash,2588860,81812384,10082668
hash,2588861,80788888,9954731
hash,2588862,81812440,10082675
hash,2588863,67533192,8297769
hash,2588864,80788888,9954731
hash,2588865,81812440,10082675
hash,2588866,80789992,9954869
hash,2588867,80790008,9954871
hash,2588868,80818552,9958439
hash,2588869,67533208,8297771
hash,2588870,67346454,8274426
hash,2588871,80818552,9958439
hash,2588872,67346600,8274445
hash,2588873,137422173672,17177627829
hash,2588874,137422173680,17177627830
hash,2588875,137422173688,17177627831
hash,2588876,137422173696,17177627832
hash,2588877,137422173704,17177627833
hash,2588878,137422173736,17177627837
hash,2588879,137422173744,17177627838
hash,2588880,137422173752,17177627839
hash,2588881,137422173760,17177627840
hash,2588882,137422173768,17177627841
hash,2588883,137422173792,17177627844
hash,2588884,137422173800,17177627845
hash,2588885,137422173824,17177627848
hash,2588886,137422173832,17177627849
hash,2588887,137422173848,17177627851
hash,2588888,137422173996,17177627869
hash,2588889,137422173868,17177627853
hash,2588890,137422173872,17177627854
hash,2588891,137422173880,17177627855
hash,2588892,137422173896,17177627857
hash,2588893,137422173984,17177627868
hash,2588894,1175320,3035
hash,2588895,78466120,9664385
hash,2588896,80788984,9954743
hash,2588897,67530056,8297377
hash,2588898,81812384,10082668
hash,2588899,80788888,9954731
hash,2588900,81812440,10082675
hash,2588901,67530056,8297377
hash,2588902,80788888,9954731
hash,2588903,81812440,10082675
hash,2588904,80789992,9954869
hash,2588905,80790008,9954871
hash,2588906,80818552,9958439
hash,2588907,67530072,8297379
hash,2588908,67346454,8274426
hash,2588909,80818552,9958439
hash,2588910,67346600,8274445
hash,2588911,137422173784,17177627843
hash,2588912,137422173792,17177627844
hash,2588913,137422173800,17177627845
hash,2588914,137422173808,17177627846
hash,2588915,137422173816,17177627847
hash,2588916,137422173848,17177627851
hash,2588917,137422173856,17177627852
hash,2588918,137422173864,17177627853
hash,2588919,137422173872,17177627854
hash,2588920,137422173880,17177627855
hash,2588921,137422173904,17177627858
hash,2588922,137422173912,17177627859
hash,2588923,137422173896,17177627857
hash,2588924,137422173848,17177627851
hash,2588925,137422173980,17177627867
hash,2588926,137422173868,17177627853
hash,2588927,137422173848,17177627851
hash,2588928,137422173968,17177627866
hash,2588929,137422173868,17177627853
hash,2588930,137422173816,17177627847
hash,2588931,1175256,3027
hash,2588932,67529656,8297327
hash,2588933,137422173800,17177627845
hash,2588934,137422173816,17177627847
hash,2588935,1175256,3027
hash,2588936,67529624,8297323
hash,2588937,137422173800,17177627845
hash,2588938,137422173816,17177627847
hash,2588939,1175256,3027
hash,2588940,67529584,8297318
hash,2588941,137422173800,17177627845
hash,2588942,137422173824,17177627848
hash,2588943,137422173832,17177627849
hash,2588944,137422173848,17177627851
hash,2588945,137422173980,17177627867
hash,2588946,137422173868,17177627853
hash,2588947,137422173848,17177627851
hash,2588948,137422173968,17177627866
hash,2588949,137422173868,17177627853
hash,2588950,137422173816,17177627847
hash,2588951,1175256,3027
hash,2588952,67529760,8297340
hash,2588953,137422173800,17177627845
hash,2588954,137422173816,17177627847
hash,2588955,1175256,3027
hash,2588956,67529728,8297336
hash,2588957,137422173800,17177627845
hash,2588958,137422173816,17177627847
hash,2588959,1175256,3027
hash,2588960,67529688,8297331
hash,2588961,137422173800,17177627845
hash,2588962,137422173824,17177627848
hash,2588963,137422173832,17177627849
hash,2588964,137422173848,17177627851
hash,2588965,137422173980,17177627867
hash,2588966,137422173868,17177627853
hash,2588967,137422173872,17177627854
hash,2588968,137422173880,17177627855
hash,2588969,137422173896,17177627857
hash,2588970,137422173968,17177627866
hash,2588971,1175320,3035
hash,2588972,78466120,9664385
hash,2588973,80788984,9954743
hash,2588974,67529576,8297317
hash,2588975,81812384,10082668
hash,2588976,80788888,9954731
hash,2588977,81812440,10082675
hash,2588978,67529576,8297317
hash,2588979,80788888,9954731
hash,2588980,81812440,10082675
hash,2588981,80789992,9954869
hash,2588982,80790008,9954871
hash,2588983,80818552,9958439
hash,2588984,67529592,8297319
hash,2588985,67346498,8274432
hash,2588986,80818552,9958439
hash,2588987,67346776,8274467
hash,2588988,137422173784,17177627843
hash,2588989,137422173792,17177627844
hash,2588990,137422173800,17177627845
hash,2588991,137422173808,17177627846
hash,2588992,137422173816,17177627847
hash,2588993,137422173848,17177627851
hash,2588994,137422173856,17177627852
hash,2588995,137422173864,17177627853
hash,2588996,137422173872,17177627854
hash,2588997,137422173880,17177627855
hash,2588998,137422173904,17177627858
hash,2588999,137422173912,17177627859
hash,2589000,137422174024,17177627873
hash,2589001,81812584,10082693
hash,2589002,137422173944,17177627863
hash,2589003,137422174040,17177627875
hash,2589004,137422174048,17177627876
hash,2589005,137422174056,17177627877
hash,2589006,137422174104,17177627883
hash,2589007,81812584,10082693
hash,2589008,137422174088,17177627881
hash,2589009,137422174112,17177627884
hash,2589010,137422174120,17177627885
hash,2589011,1175256,3027
hash,2589012,137422174192,17177627894
hash,2589013,137422174120,17177627885
hash,2589014,137422174112,17177627884
hash,2589015,137422174120,17177627885
hash,2589016,137422174104,17177627883
hash,2589017,137422174072,17177627879
hash,2589018,137422174188,17177627893
hash,2589019,137422174080,17177627880
hash,2589020,137422174088,17177627881
hash,2589021,137422174112,17177627884
hash,2589022,137422174120,17177627885
hash,2589023,1175328,3036
hash,2589024,78466192,9664394
hash,2589025,1151718,84
hash,2589026,137422174088,17177627881
hash,2589027,78468008,9664621
hash,2589028,81812584,10082693
hash,2589029,78471112,9665009
hash,2589030,1175616,3072
hash,2589031,78451448,9662551
hash,2589032,1175840,3100
hash,2589033,1175656,3077
hash,2589034,137422173920,17177627860
hash,2589035,137422173928,17177627861
hash,2589036,137422173936,17177627862
hash,2589037,137422173944,17177627863
hash,2589038,137422174000,17177627870
hash,2589039,1175616,3072
hash,2589040,78451448,9662551
hash,2589041,1175640,3075
hash,2589042,1175856,3102
hash,2589043,137422173992,17177627869
hash,2589044,78474848,9665476
hash,2589045,78445160,9661765
hash,2589046,78474912,9665484
hash,2589047,78470296,9664907
hash,2589048,80795072,9955504
hash,2589049,81812560,10082690
hash,2589050,80795208,9955521
hash,2589051,80822336,9958912
hash,2589052,80799512,9956059
hash,2589053,137422173880,17177627855
hash,2589054,80795264,9955528
hash,2589055,80795288,9955531
hash,2589056,137422173880,17177627855
hash,2589057,80785512,9954309
hash,2589058,80795112,9955509
hash,2589059,80795072,9955504
hash,2589060,80795120,9955510
hash,2589061,80788400,9954670
hash,2589062,1151719,84
hash,2589063,1151718,84
hash,2589064,137422173784,17177627843
hash,2589065,137422173800,17177627845
hash,2589066,137422173816,17177627847
hash,2589067,137422173824,17177627848
hash,2589068,137422173832,17177627849
hash,2589069,137422173840,17177627850
hash,2589070,137422173848,17177627851
hash,2589071,137422173856,17177627852
hash,2589072,137422173864,17177627853
hash,2589073,80795072,9955504
hash,2589074,80795208,9955521
hash,2589075,80822336,9958912
hash,2589076,80799508,9956058
hash,2589077,137422173896,17177627857
hash,2589078,137422173904,17177627858
hash,2589079,137422173912,17177627859
hash,2589080,137422173920,17177627860
hash,2589081,137422173928,17177627861
hash,2589082,137422173936,17177627862
hash,2589083,137422173944,17177627863
hash,2589084,1175616,3072
hash,2589085,78451448,9662551
hash,2589086,137422174008,17177627871
hash,2589087,1175616,3072
hash,2589088,78451448,9662551
hash,2589089,1175649,3076
hash,2589090,137422174024,17177627873
hash,2589091,81812584,10082693
hash,2589092,137422174040,17177627875
hash,2589093,137422174048,17177627876
hash,2589094,137422174056,17177627877
hash,2589095,137422174064,17177627878
hash,2589096,137422174072,17177627879
hash,2589097,137422174080,17177627880
hash,2589098,137422174088,17177627881
hash,2589099,137422174096,17177627882
hash,2589100,137422174104,17177627883
hash,2589101,137422174112,17177627884
hash,2589102,137422174120,17177627885
hash,2589103,137422174104,17177627883
hash,2589104,137422174072,17177627879
hash,2589105,137422174024,17177627873
hash,2589106,137422174188,17177627893
hash,2589107,137422174044,17177627875
hash,2589108,137422174048,17177627876
hash,2589109,137422174056,17177627877
hash,2589110,137422174072,17177627879
hash,2589111,137422174176,17177627892
hash,2589112,1175320,3035
hash,2589113,78466120,9664385
hash,2589114,137422174056,17177627877
hash,2589115,137422174080,17177627880
hash,2589116,137422174088,17177627881
hash,2589117,137422174112,17177627884
hash,2589118,137422174120,17177627885
hash,2589119,137422174232,17177627899
hash,2589120,81812584,10082693
hash,2589121,137422174248,17177627901
hash,2589122,137422174256,17177627902
hash,2589123,137422174264,17177627903
hash,2589124,137422174248,17177627901
hash,2589125,137422174200,17177627895
hash,2589126,137422174316,17177627909
hash,2589127,137422174220,17177627897
hash,2589128,137422174200,17177627895
hash,2589129,137422174304,17177627908
hash,2589130,137422174220,17177627897
hash,2589131,1175256,3027
hash,2589132,67422864,8283978
hash,2589133,137422174184,17177627893
hash,2589134,137422174200,17177627895
hash,2589135,137422174316,17177627909
hash,2589136,137422174220,17177627897
hash,2589137,137422174200,17177627895
hash,2589138,137422174304,17177627908
hash,2589139,137422174220,17177627897
hash,2589140,1175256,3027
hash,2589141,67422896,8283982
hash,2589142,137422174184,17177627893
hash,2589143,137422174200,17177627895
hash,2589144,137422174316,17177627909
hash,2589145,137422174220,17177627897
hash,2589146,137422174200,17177627895
hash,2589147,137422174304,17177627908
hash,2589148,137422174220,17177627897
hash,2589149,1175256,3027
hash,2589150,67422928,8283986
hash,2589151,137422174184,17177627893
hash,2589152,137422174200,17177627895
hash,2589153,137422174316,17177627909
hash,2589154,137422174220,17177627897
hash,2589155,137422174200,17177627895
hash,2589156,137422174304,17177627908
hash,2589157,137422174220,17177627897
hash,2589158,1175256,3027
hash,2589159,67422960,8283990
hash,2589160,137422174184,17177627893
hash,2589161,137422174200,17177627895
hash,2589162,137422174316,17177627909
hash,2589163,137422174220,17177627897
hash,2589164,137422174224,17177627898
hash,2589165,137422174232,17177627899
hash,2589166,137422174248,17177627901
hash,2589167,137422174304,17177627908
hash,2589168,1175320,3035
hash,2589169,78466120,9664385
hash,2589170,80788984,9954743
hash,2589171,67422856,8283977
hash,2589172,81812384,10082668
hash,2589173,80788888,9954731
hash,2589174,81812440,10082675
hash,2589175,67422856,8283977
hash,2589176,80788888,9954731
hash,2589177,81812440,10082675
hash,2589178,80789992,9954869
hash,2589179,80790008,9954871
hash,2589180,80818552,9958439
hash,2589181,67422872,8283979
hash,2589182,67346462,8274427
hash,2589183,80818552,9958439
hash,2589184,67346632,8274449
hash,2589185,137422174136,17177627887
hash,2589186,137422174144,17177627888
hash,2589187,137422174152,17177627889
hash,2589188,137422174160,17177627890
hash,2589189,137422174168,17177627891
hash,2589190,137422174200,17177627895
hash,2589191,137422174208,17177627896
hash,2589192,137422174216,17177627897
hash,2589193,137422174224,17177627898
hash,2589194,137422174232,17177627899
hash,2589195,137422174256,17177627902
hash,2589196,137422174264,17177627903
hash,2589197,137422174280,17177627905
hash,2589198,137422174236,17177627899
hash,2589199,137422174236,17177627899
hash,2589200,81812584,10082693
hash,2589201,1175176,3017
hash,2589202,81812584,10082693
hash,2589203,78464048,9664126
hash,2589204,80789168,9954766
hash,2589205,67337640,8273325
hash,2589206,137422174120,17177627885
hash,2589207,137422174128,17177627886
hash,2589208,137422174136,17177627887
hash,2589209,137422174152,17177627889
hash,2589210,81812584,10082693
hash,2589211,137422174160,17177627890
hash,2589212,137422174168,17177627891
hash,2589213,137422174152,17177627889
hash,2589214,137422174176,17177627892
hash,2589215,137422174160,17177627890
hash,2589216,137422174168,17177627891
hash,2589217,137422174152,17177627889
hash,2589218,81812584,10082693
hash,2589219,137422174088,17177627881
hash,2589220,137422174056,17177627877
hash,2589221,137422174184,17177627893
hash,2589222,137422174064,17177627878
hash,2589223,137422174072,17177627879
hash,2589224,137422174048,17177627876
hash,2589225,137422174104,17177627883
hash,2589226,137422174056,17177627877
hash,2589227,137422174064,17177627878
hash,2589228,137422174072,17177627879
hash,2589229,137422174112,17177627884
hash,2589230,137422174120,17177627885
hash,2589231,81812584,10082693
hash,2589232,137422174128,17177627886
hash,2589233,137422174136,17177627887
hash,2589234,137422174160,17177627890
hash,2589235,137422174168,17177627891
hash,2589236,137422174152,17177627889
hash,2589237,137422174192,17177627894
hash,2589238,137422174160,17177627890
hash,2589239,137422174168,17177627891
hash,2589240,137422174200,17177627895
hash,2589241,81812584,10082693
hash,2589242,137422174208,17177627896
hash,2589243,137422174216,17177627897
hash,2589244,137422174236,17177627899
hash,2589245,1176288,3156
hash,2589246,137422174236,17177627899
hash,2589247,137422174236,17177627899
hash,2589248,1176296,3157
hash,2589249,137422174248,17177627901
hash,2589250,137422174224,17177627898
hash,2589251,137422174236,17177627899
hash,2589252,137422174256,17177627902
hash,2589253,137422174264,17177627903
hash,2589254,1175256,3027
hash,2589255,137422174800,17177627970
hash,2589256,137422174264,17177627903
hash,2589257,1175288,3031
hash,2589258,78459608,9663571
hash,2589259,78459712,9663584
hash,2589260,137422175056,17177628002
hash,2589261,78465072,9664254
hash,2589262,78466120,9664385
hash,2589263,80788984,9954743
hash,2589264,67530008,8297371
hash,2589265,81812384,10082668
hash,2589266,80788888,9954731
hash,2589267,81812440,10082675
hash,2589268,67530008,8297371
hash,2589269,80788888,9954731
hash,2589270,81812440,10082675
hash,2589271,80789992,9954869
hash,2589272,80790008,9954871
hash,2589273,80818552,9958439
hash,2589274,67530024,8297373
hash,2589275,67346450,8274426
hash,2589276,80818552,9958439
hash,2589277,67346584,8274443
hash,2589278,137422174136,17177627887
hash,2589279,137422174144,17177627888
hash,2589280,137422174152,17177627889
hash,2589281,137422174160,17177627890
hash,2589282,137422174168,17177627891
hash,2589283,137422174200,17177627895
hash,2589284,137422174208,17177627896
hash,2589285,137422174216,17177627897
hash,2589286,137422174224,17177627898
hash,2589287,137422174232,17177627899
hash,2589288,78461288,9663781
hash,2589289,78468456,9664677
hash,2589290,137422175040,17177628000
hash,2589291,78477272,9665779
hash,2589292,137422174216,17177627897
hash,2589293,137422174224,17177627898
hash,2589294,137422174232,17177627899
hash,2589295,78460136,9663637
hash,2589296,137422174248,17177627901
hash,2589297,137422174256,17177627902
hash,2589298,78468792,9664719
hash,2589299,78461968,9663866
hash,2589300,78467200,9664520
hash,2589301,137422175128,17177628011
hash,2589302,137422174200,17177627895
hash,2589303,137422174208,17177627896
hash,2589304,137422174216,17177627897
hash,2589305,137422174224,17177627898
hash,2589306,137422174232,17177627899
hash,2589307,78463568,9664066
hash,2589308,137422175128,17177628011
hash,2589309,137422174200,17177627895
hash,2589310,137422174208,17177627896
hash,2589311,137422174216,17177627897
hash,2589312,137422174224,17177627898
hash,2589313,137422174232,17177627899
hash,2589314,137422175288,17177628031
hash,2589315,137422174248,17177627901
hash,2589316,137422174256,17177627902
hash,2589317,78468456,9664677
hash,2589318,137422175296,17177628032
hash,2589319,78477272,9665779
hash,2589320,137422174248,17177627901
hash,2589321,137422174256,17177627902
hash,2589322,137422174264,17177627903
hash,2589323,1175184,3018
hash,2589324,1175904,3108
hash,2589325,78448728,9662211
hash,2589326,1176160,3140
hash,2589327,78482008,9666371
hash,2589328,78482019,9666372
hash,2589329,137422174232,17177627899
hash,2589330,137422174240,17177627900
hash,2589331,137422174248,17177627901
hash,2589332,137422174256,17177627902
hash,2589333,78463696,9664082
hash,2589334,81812584,10082693
hash,2589335,78470000,9664870
hash,2589336,1175904,3108
hash,2589337,78448728,9662211
hash,2589338,1175952,3114
hash,2589339,1176136,3137
hash,2589340,78467688,9664581
hash,2589341,1175616,3072
hash,2589342,81812584,10082693
hash,2589343,78451448,9662551
hash,2589344,1175856,3102
hash,2589345,78471112,9665009
hash,2589346,1175616,3072
hash,2589347,78451448,9662551
hash,2589348,1175840,3100
hash,2589349,1175656,3077
hash,2589350,137422174000,17177627870
hash,2589351,137422174008,17177627871
hash,2589352,137422174016,17177627872
hash,2589353,137422174024,17177627873
hash,2589354,137422174032,17177627874
hash,2589355,1175616,3072
hash,2589356,78451448,9662551
hash,2589357,1175856,3102
hash,2589358,78474848,9665476
hash,2589359,78445112,9661759
hash,2589360,78474912,9665484
hash,2589361,78471280,9665030
hash,2589362,80795072,9955504
hash,2589363,80795208,9955521
hash,2589364,80822336,9958912
hash,2589365,81812560,10082690
hash,2589366,80799512,9956059
hash,2589367,80795288,9955531
hash,2589368,80785552,9954314
hash,2589369,80795112,9955509
hash,2589370,80795104,9955508
hash,2589371,80795264,9955528
hash,2589372,80795288,9955531
hash,2589373,80795072,9955504
hash,2589374,80795088,9955506
hash,2589375,80795104,9955508
hash,2589376,80785576,9954317
hash,2589377,80795184,9955518
hash,2589378,80795188,9955518
hash,2589379,80822336,9958912
hash,2589380,137422173832,17177627849
hash,2589381,80795216,9955522
hash,2589382,137422173840,17177627850
hash,2589383,137422173848,17177627851
hash,2589384,137422173856,17177627852
hash,2589385,137422173864,17177627853
hash,2589386,137422173872,17177627854
hash,2589387,137422173880,17177627855
hash,2589388,80795200,9955520
hash,2589389,80795128,9955511
hash,2589390,80795264,9955528
hash,2589391,80795072,9955504
hash,2589392,80795136,9955512
hash,2589393,137422173896,17177627857
hash,2589394,137422173904,17177627858
hash,2589395,137422173912,17177627859
hash,2589396,137422173920,17177627860
hash,2589397,137422173928,17177627861
hash,2589398,137422173936,17177627862
hash,2589399,137422173944,17177627863
hash,2589400,80795080,9955505
hash,2589401,80795088,9955506
hash,2589402,137422173968,17177627866
hash,2589403,137422173976,17177627867
hash,2589404,137422173984,17177627868
hash,2589405,137422173992,17177627869
hash,2589406,80795072,9955504
hash,2589407,80795208,9955521
hash,2589408,80822336,9958912
hash,2589409,80799508,9956058
hash,2589410,137422174000,17177627870
hash,2589411,137422174008,17177627871
hash,2589412,137422174016,17177627872
hash,2589413,137422174024,17177627873
hash,2589414,137422174040,17177627875
hash,2589415,1175616,3072
hash,2589416,78451448,9662551
hash,2589417,1175649,3076
hash,2589418,137422174056,17177627877
hash,2589419,81812584,10082693
hash,2589420,137422174064,17177627878
hash,2589421,137422174072,17177627879
hash,2589422,137422174080,17177627880
hash,2589423,137422174088,17177627881
hash,2589424,1175904,3108
hash,2589425,78448728,9662211
hash,2589426,1175952,3114
hash,2589427,137422174096,17177627882
hash,2589428,137422174104,17177627883
hash,2589429,137422174112,17177627884
hash,2589430,137422174120,17177627885
hash,2589431,137422174128,17177627886
hash,2589432,137422174136,17177627887
hash,2589433,137422174199,17177627894
hash,2589434,137422174768,17177627966
hash,2589435,1175904,3108
hash,2589436,78448728,9662211
hash,2589437,1176152,3139
hash,2589438,78474768,9665466
hash,2589439,78474776,9665467
hash,2589440,78474752,9665464
hash,2589441,78445136,9661762
hash,2589442,78474816,9665472
hash,2589443,78471400,9665045
hash,2589444,80791892,9955106
hash,2589445,80791784,9955093
hash,2589446,80791792,9955094
hash,2589447,67425964,8284365
hash,2589448,137422174080,17177627880
hash,2589449,137422174088,17177627881
hash,2589450,137422174096,17177627882
hash,2589451,137422174104,17177627883
hash,2589452,78474816,9665472
hash,2589453,137422174120,17177627885
hash,2589454,137422174128,17177627886
hash,2589455,78465984,9664368
hash,2589456,80791892,9955106
hash,2589457,137422174104,17177627883
hash,2589458,137422174112,17177627884
hash,2589459,137422174120,17177627885
hash,2589460,137422174128,17177627886
hash,2589461,80791784,9955093
hash,2589462,80791800,9955095
hash,2589463,67425964,8284365
hash,2589464,137422174112,17177627884
hash,2589465,137422174120,17177627885
hash,2589466,137422174128,17177627886
hash,2589467,137422174136,17177627887
hash,2589468,137422174159,17177627889
hash,2589469,137422174164,17177627890
hash,2589470,78474768,9665466
hash,2589471,78474776,9665467
hash,2589472,137422174776,17177627967
hash,2589473,137422174768,17177627966
hash,2589474,137422174144,17177627888
hash,2589475,137422174784,17177627968
hash,2589476,137422174768,17177627966
hash,2589477,78474768,9665466
hash,2589478,78474776,9665467
hash,2589479,78474752,9665464
hash,2589480,78445144,9661763
hash,2589481,78474816,9665472
hash,2589482,78471400,9665045
hash,2589483,80791892,9955106
hash,2589484,80791784,9955093
hash,2589485,80791792,9955094
hash,2589486,67425964,8284365
hash,2589487,137422174080,17177627880
hash,2589488,137422174088,17177627881
hash,2589489,137422174096,17177627882
hash,2589490,137422174104,17177627883
hash,2589491,137422174120,17177627885
hash,2589492,137422174128,17177627886
hash,2589493,137422174136,17177627887
hash,2589494,78474768,9665466
hash,2589495,78474776,9665467
hash,2589496,78474752,9665464
hash,2589497,78445136,9661762
hash,2589498,78474816,9665472
hash,2589499,78471400,9665045
hash,2589500,80791892,9955106
hash,2589501,80791784,9955093
hash,2589502,80791792,9955094
hash,2589503,67425965,8284365
hash,2589504,137422174080,17177627880
hash,2589505,137422174088,17177627881
hash,2589506,137422174096,17177627882
hash,2589507,137422174104,17177627883
hash,2589508,78474816,9665472
hash,2589509,137422174120,17177627885
hash,2589510,137422174128,17177627886
hash,2589511,78465984,9664368
hash,2589512,80791892,9955106
hash,2589513,137422174104,17177627883
hash,2589514,137422174112,17177627884
hash,2589515,137422174120,17177627885
hash,2589516,137422174128,17177627886
hash,2589517,80791784,9955093
hash,2589518,80791800,9955095
hash,2589519,67425965,8284365
hash,2589520,137422174112,17177627884
hash,2589521,137422174120,17177627885
hash,2589522,137422174128,17177627886
hash,2589523,137422174136,17177627887
hash,2589524,137422174159,17177627889
hash,2589525,137422174164,17177627890
hash,2589526,78474768,9665466
hash,2589527,78474776,9665467
hash,2589528,137422174776,17177627967
hash,2589529,137422174768,17177627966
hash,2589530,137422174144,17177627888
hash,2589531,137422174784,17177627968
hash,2589532,137422174768,17177627966
hash,2589533,78474768,9665466
hash,2589534,78474776,9665467
hash,2589535,78474752,9665464
hash,2589536,78445144,9661763
hash,2589537,78474816,9665472
hash,2589538,78471400,9665045
hash,2589539,80791892,9955106
hash,2589540,80791784,9955093
hash,2589541,80791792,9955094
hash,2589542,67425965,8284365
hash,2589543,137422174080,17177627880
hash,2589544,137422174088,17177627881
hash,2589545,137422174096,17177627882
hash,2589546,137422174104,17177627883
hash,2589547,137422174120,17177627885
hash,2589548,137422174128,17177627886
hash,2589549,137422174136,17177627887
hash,2589550,78474768,9665466
hash,2589551,78474776,9665467
hash,2589552,78474752,9665464
hash,2589553,78445136,9661762
hash,2589554,78474816,9665472
hash,2589555,78471400,9665045
hash,2589556,80791892,9955106
hash,2589557,80791784,9955093
hash,2589558,80791792,9955094
hash,2589559,67425966,8284365
hash,2589560,137422174080,17177627880
hash,2589561,137422174088,17177627881
hash,2589562,137422174096,17177627882
hash,2589563,137422174104,17177627883
hash,2589564,78474816,9665472
hash,2589565,137422174120,17177627885
hash,2589566,137422174128,17177627886
hash,2589567,78465984,9664368
hash,2589568,80791892,9955106
hash,2589569,137422174104,17177627883
hash,2589570,137422174112,17177627884
hash,2589571,137422174120,17177627885
hash,2589572,137422174128,17177627886
hash,2589573,80791784,9955093
hash,2589574,80791800,9955095
hash,2589575,67425966,8284365
hash,2589576,137422174112,17177627884
hash,2589577,137422174120,17177627885
hash,2589578,137422174128,17177627886
hash,2589579,137422174136,17177627887
hash,2589580,137422174159,17177627889
hash,2589581,137422174164,17177627890
hash,2589582,78474768,9665466
hash,2589583,78474776,9665467
hash,2589584,137422174776,17177627967
hash,2589585,137422174768,17177627966
hash,2589586,137422174144,17177627888
hash,2589587,137422174784,17177627968
hash,2589588,137422174768,17177627966
hash,2589589,78474768,9665466
hash,2589590,78474776,9665467
hash,2589591,78474752,9665464
hash,2589592,78445144,9661763
hash,2589593,78474816,9665472
hash,2589594,78471400,9665045
hash,2589595,80791892,9955106
hash,2589596,80791784,9955093
hash,2589597,80791792,9955094
hash,2589598,67425966,8284365
hash,2589599,137422174080,17177627880
hash,2589600,137422174088,17177627881
hash,2589601,137422174096,17177627882
hash,2589602,137422174104,17177627883
hash,2589603,137422174120,17177627885
hash,2589604,137422174128,17177627886
hash,2589605,137422174136,17177627887
hash,2589606,78474768,9665466
hash,2589607,78474776,9665467
hash,2589608,78474752,9665464
hash,2589609,78445136,9661762
hash,2589610,78474816,9665472
hash,2589611,78471400,9665045
hash,2589612,80791892,9955106
hash,2589613,80791784,9955093
hash,2589614,80791792,9955094
hash,2589615,67425967,8284365
hash,2589616,137422174080,17177627880
hash,2589617,137422174088,17177627881
hash,2589618,137422174096,17177627882
hash,2589619,137422174104,17177627883
hash,2589620,78474816,9665472
hash,2589621,137422174120,17177627885
hash,2589622,137422174128,17177627886
hash,2589623,78465984,9664368
hash,2589624,80791892,9955106
hash,2589625,137422174104,17177627883
hash,2589626,137422174112,17177627884
hash,2589627,137422174120,17177627885
hash,2589628,137422174128,17177627886
hash,2589629,80791784,9955093
hash,2589630,80791800,9955095
hash,2589631,67425967,8284365
hash,2589632,137422174112,17177627884
hash,2589633,137422174120,17177627885
hash,2589634,137422174128,17177627886
hash,2589635,137422174136,17177627887
hash,2589636,137422174159,17177627889
hash,2589637,137422174164,17177627890
hash,2589638,78474768,9665466
hash,2589639,78474776,9665467
hash,2589640,137422174776,17177627967
hash,2589641,137422174768,17177627966
hash,2589642,137422174144,17177627888
hash,2589643,137422174784,17177627968
hash,2589644,137422174768,17177627966
hash,2589645,78474768,9665466
hash,2589646,78474776,9665467
hash,2589647,78474752,9665464
hash,2589648,78445144,9661763
hash,2589649,78474816,9665472
hash,2589650,78471400,9665045
hash,2589651,80791892,9955106
hash,2589652,80791784,9955093
hash,2589653,80791792,9955094
hash,2589654,67425967,8284365
hash,2589655,137422174080,17177627880
hash,2589656,137422174088,17177627881
hash,2589657,137422174096,17177627882
hash,2589658,137422174104,17177627883
hash,2589659,137422174120,17177627885
hash,2589660,137422174128,17177627886
hash,2589661,137422174136,17177627887
hash,2589662,78474768,9665466
hash,2589663,78474776,9665467
hash,2589664,78474752,9665464
hash,2589665,78445136,9661762
hash,2589666,78474816,9665472
hash,2589667,78471400,9665045
hash,2589668,80791892,9955106
hash,2589669,80791784,9955093
hash,2589670,80791792,9955094
hash,2589671,67425968,8284366
hash,2589672,137422174080,17177627880
hash,2589673,137422174088,17177627881
hash,2589674,137422174096,17177627882
hash,2589675,137422174104,17177627883
hash,2589676,78474816,9665472
hash,2589677,137422174120,17177627885
hash,2589678,137422174128,17177627886
hash,2589679,78465984,9664368
hash,2589680,80791892,9955106
hash,2589681,137422174104,17177627883
hash,2589682,137422174112,17177627884
hash,2589683,137422174120,17177627885
hash,2589684,137422174128,17177627886
hash,2589685,80791784,9955093
hash,2589686,80791800,9955095
hash,2589687,67425968,8284366
hash,2589688,137422174112,17177627884
hash,2589689,137422174120,17177627885
hash,2589690,137422174128,17177627886
hash,2589691,137422174136,17177627887
hash,2589692,137422174159,17177627889
hash,2589693,137422174164,17177627890
hash,2589694,78474768,9665466
hash,2589695,78474776,9665467
hash,2589696,137422174776,17177627967
hash,2589697,137422174768,17177627966
hash,2589698,137422174144,17177627888
hash,2589699,137422174784,17177627968
hash,2589700,137422174768,17177627966
hash,2589701,78474768,9665466
hash,2589702,78474776,9665467
hash,2589703,78474752,9665464
hash,2589704,78445144,9661763
hash,2589705,78474816,9665472
hash,2589706,78471400,9665045
hash,2589707,80791892,9955106
hash,2589708,80791784,9955093
hash,2589709,80791792,9955094
hash,2589710,67425968,8284366
hash,2589711,137422174080,17177627880
hash,2589712,137422174088,17177627881
hash,2589713,137422174096,17177627882
hash,2589714,137422174104,17177627883
hash,2589715,137422174120,17177627885
hash,2589716,137422174128,17177627886
hash,2589717,137422174136,17177627887
hash,2589718,78474768,9665466
hash,2589719,78474776,9665467
hash,2589720,78474752,9665464
hash,2589721,78445136,9661762
hash,2589722,78474816,9665472
hash,2589723,78471400,9665045
hash,2589724,80791892,9955106
hash,2589725,80791784,9955093
hash,2589726,80791792,9955094
hash,2589727,67425969,8284366
hash,2589728,137422174080,17177627880
hash,2589729,137422174088,17177627881
hash,2589730,137422174096,17177627882
hash,2589731,137422174104,17177627883
hash,2589732,78474816,9665472
hash,2589733,137422174120,17177627885
hash,2589734,137422174128,17177627886
hash,2589735,78465984,9664368
hash,2589736,80791892,9955106
hash,2589737,137422174104,17177627883
hash,2589738,137422174112,17177627884
hash,2589739,137422174120,17177627885
hash,2589740,137422174128,17177627886
hash,2589741,80791784,9955093
hash,2589742,80791800,9955095
hash,2589743,67425969,8284366
hash,2589744,137422174112,17177627884
hash,2589745,137422174120,17177627885
hash,2589746,137422174128,17177627886
hash,2589747,137422174136,17177627887
hash,2589748,137422174159,17177627889
hash,2589749,137422174164,17177627890
hash,2589750,78474768,9665466
hash,2589751,78474776,9665467
hash,2589752,137422174776,17177627967
hash,2589753,137422174768,17177627966
hash,2589754,137422174144,17177627888
hash,2589755,137422174784,17177627968
hash,2589756,137422174768,17177627966
hash,2589757,78474768,9665466
hash,2589758,78474776,9665467
hash,2589759,78474752,9665464
hash,2589760,78445144,9661763
hash,2589761,78474816,9665472
hash,2589762,78471400,9665045
hash,2589763,80791892,9955106
hash,2589764,80791784,9955093
hash,2589765,80791792,9955094
hash,2589766,67425969,8284366
hash,2589767,137422174080,17177627880
hash,2589768,137422174088,17177627881
hash,2589769,137422174096,17177627882
hash,2589770,137422174104,17177627883
hash,2589771,137422174120,17177627885
hash,2589772,137422174128,17177627886
hash,2589773,137422174136,17177627887
hash,2589774,78474768,9665466
hash,2589775,78474776,9665467
hash,2589776,78474752,9665464
hash,2589777,78445136,9661762
hash,2589778,78474816,9665472
hash,2589779,78471400,9665045
hash,2589780,80791892,9955106
hash,2589781,80791784,9955093
hash,2589782,80791792,9955094
hash,2589783,67425970,8284366
hash,2589784,137422174080,17177627880
hash,2589785,137422174088,17177627881
hash,2589786,137422174096,17177627882
hash,2589787,137422174104,17177627883
hash,2589788,78474816,9665472
hash,2589789,137422174120,17177627885
hash,2589790,137422174128,17177627886
hash,2589791,78465984,9664368
hash,2589792,80791892,9955106
hash,2589793,137422174104,17177627883
hash,2589794,137422174112,17177627884
hash,2589795,137422174120,17177627885
hash,2589796,137422174128,17177627886
hash,2589797,80791784,9955093
hash,2589798,80791800,9955095
hash,2589799,67425970,8284366
hash,2589800,137422174112,17177627884
hash,2589801,137422174120,17177627885
hash,2589802,137422174128,17177627886
hash,2589803,137422174136,17177627887
hash,2589804,137422174159,17177627889
hash,2589805,137422174164,17177627890
hash,2589806,78474768,9665466
hash,2589807,78474776,9665467
hash,2589808,137422174776,17177627967
hash,2589809,137422174768,17177627966
hash,2589810,137422174144,17177627888
hash,2589811,137422174784,17177627968
hash,2589812,137422174768,17177627966
hash,2589813,78474768,9665466
hash,2589814,78474776,9665467
hash,2589815,78474752,9665464
hash,2589816,78445144,9661763
hash,2589817,78474816,9665472
hash,2589818,78471400,9665045
hash,2589819,80791892,9955106
hash,2589820,80791784,9955093
hash,2589821,80791792,9955094
hash,2589822,67425970,8284366
hash,2589823,137422174080,17177627880
hash,2589824,137422174088,17177627881
hash,2589825,137422174096,17177627882
hash,2589826,137422174104,17177627883
hash,2589827,137422174120,17177627885
hash,2589828,137422174128,17177627886
hash,2589829,137422174136,17177627887
hash,2589830,78474768,9665466
hash,2589831,78474776,9665467
hash,2589832,78474752,9665464
hash,2589833,78445136,9661762
hash,2589834,78474816,9665472
hash,2589835,78471400,9665045
hash,2589836,80791892,9955106
hash,2589837,80791784,9955093
hash,2589838,80791792,9955094
hash,2589839,67425971,8284366
hash,2589840,137422174080,17177627880
hash,2589841,137422174088,17177627881
hash,2589842,137422174096,17177627882
hash,2589843,137422174104,17177627883
hash,2589844,78474816,9665472
hash,2589845,137422174120,17177627885
hash,2589846,137422174128,17177627886
hash,2589847,78465984,9664368
hash,2589848,80791892,9955106
hash,2589849,137422174104,17177627883
hash,2589850,137422174112,17177627884
hash,2589851,137422174120,17177627885
hash,2589852,137422174128,17177627886
hash,2589853,80791784,9955093
hash,2589854,80791800,9955095
hash,2589855,67425971,8284366
hash,2589856,137422174112,17177627884
hash,2589857,137422174120,17177627885
hash,2589858,137422174128,17177627886
hash,2589859,137422174136,17177627887
hash,2589860,137422174159,17177627889
hash,2589861,137422174164,17177627890
hash,2589862,78474768,9665466
hash,2589863,78474776,9665467
hash,2589864,137422174776,17177627967
hash,2589865,137422174768,17177627966
hash,2589866,137422174144,17177627888
hash,2589867,137422174784,17177627968
hash,2589868,137422174768,17177627966
hash,2589869,78474768,9665466
hash,2589870,78474776,9665467
hash,2589871,78474752,9665464
hash,2589872,78445144,9661763
hash,2589873,78474816,9665472
hash,2589874,78471400,9665045
hash,2589875,80791892,9955106
hash,2589876,80791784,9955093
hash,2589877,80791792,9955094
hash,2589878,67425971,8284366
hash,2589879,137422174080,17177627880
hash,2589880,137422174088,17177627881
hash,2589881,137422174096,17177627882
hash,2589882,137422174104,17177627883
hash,2589883,137422174120,17177627885
hash,2589884,137422174128,17177627886
hash,2589885,137422174136,17177627887
hash,2589886,78474768,9665466
hash,2589887,78474776,9665467
hash,2589888,78474752,9665464
hash,2589889,78445136,9661762
hash,2589890,78474816,9665472
hash,2589891,78471400,9665045
hash,2589892,80791892,9955106
hash,2589893,80791784,9955093
hash,2589894,80791792,9955094
hash,2589895,67425972,8284366
hash,2589896,137422174080,17177627880
hash,2589897,137422174088,17177627881
hash,2589898,137422174096,17177627882
hash,2589899,137422174104,17177627883
hash,2589900,78474816,9665472
hash,2589901,137422174120,17177627885
hash,2589902,137422174128,17177627886
hash,2589903,78465984,9664368
hash,2589904,80791892,9955106
hash,2589905,137422174104,17177627883
hash,2589906,137422174112,17177627884
hash,2589907,137422174120,17177627885
hash,2589908,137422174128,17177627886
hash,2589909,80791784,9955093
hash,2589910,80791800,9955095
hash,2589911,67425972,8284366
hash,2589912,137422174112,17177627884
hash,2589913,137422174120,17177627885
hash,2589914,137422174128,17177627886
hash,2589915,137422174136,17177627887
hash,2589916,137422174159,17177627889
hash,2589917,137422174164,17177627890
hash,2589918,78474768,9665466
hash,2589919,78474776,9665467
hash,2589920,137422174776,17177627967
hash,2589921,137422174768,17177627966
hash,2589922,137422174144,17177627888
hash,2589923,137422174784,17177627968
hash,2589924,137422174768,17177627966
hash,2589925,78474768,9665466
hash,2589926,78474776,9665467
hash,2589927,78474752,9665464
hash,2589928,78445144,9661763
hash,2589929,78474816,9665472
hash,2589930,78471400,9665045
hash,2589931,80791892,9955106
hash,2589932,80791784,9955093
hash,2589933,80791792,9955094
hash,2589934,67425972,8284366
hash,2589935,137422174080,17177627880
hash,2589936,137422174088,17177627881
hash,2589937,137422174096,17177627882
hash,2589938,137422174104,17177627883
hash,2589939,137422174120,17177627885
hash,2589940,137422174128,17177627886
hash,2589941,137422174136,17177627887
hash,2589942,78474768,9665466
hash,2589943,78474776,9665467
hash,2589944,78474752,9665464
hash,2589945,78445136,9661762
hash,2589946,78474816,9665472
hash,2589947,78471400,9665045
hash,2589948,80791892,9955106
hash,2589949,80791784,9955093
hash,2589950,80791792,9955094
hash,2589951,67425973,8284366
hash,2589952,137422174080,17177627880
hash,2589953,137422174088,17177627881
hash,2589954,137422174096,17177627882
hash,2589955,137422174104,17177627883
hash,2589956,78474816,9665472
hash,2589957,137422174120,17177627885
hash,2589958,137422174128,17177627886
hash,2589959,78465984,9664368
hash,2589960,80791892,9955106
hash,2589961,137422174104,17177627883
hash,2589962,137422174112,17177627884
hash,2589963,137422174120,17177627885
hash,2589964,137422174128,17177627886
hash,2589965,80791784,9955093
hash,2589966,80791800,9955095
hash,2589967,67425973,8284366
hash,2589968,137422174112,17177627884
hash,2589969,137422174120,17177627885
hash,2589970,137422174128,17177627886
hash,2589971,137422174136,17177627887
hash,2589972,137422174159,17177627889
hash,2589973,137422174164,17177627890
hash,2589974,78474768,9665466
hash,2589975,78474776,9665467
hash,2589976,137422174776,17177627967
hash,2589977,137422174768,17177627966
hash,2589978,137422174144,17177627888
hash,2589979,137422174784,17177627968
hash,2589980,137422174768,17177627966
hash,2589981,78474768,9665466
hash,2589982,78474776,9665467
hash,2589983,78474752,9665464
hash,2589984,78445144,9661763
hash,2589985,78474816,9665472
hash,2589986,78471400,9665045
hash,2589987,80791892,9955106
hash,2589988,80791784,9955093
hash,2589989,80791792,9955094
hash,2589990,67425973,8284366
hash,2589991,137422174080,17177627880
hash,2589992,137422174088,17177627881
hash,2589993,137422174096,17177627882
hash,2589994,137422174104,17177627883
hash,2589995,137422174120,17177627885
hash,2589996,137422174128,17177627886
hash,2589997,137422174136,17177627887
hash,2589998,78474768,9665466
hash,2589999,78474776,9665467
hash,2590000,78474752,9665464
hash,2590001,78445136,9661762
hash,2590002,78474816,9665472
hash,2590003,78471400,9665045
hash,2590004,80791892,9955106
hash,2590005,80791784,9955093
hash,2590006,80791792,9955094
hash,2590007,67425974,8284366
hash,2590008,137422174080,17177627880
hash,2590009,137422174088,17177627881
hash,2590010,137422174096,17177627882
hash,2590011,137422174104,17177627883
hash,2590012,78474816,9665472
hash,2590013,137422174120,17177627885
hash,2590014,137422174128,17177627886
hash,2590015,78465984,9664368
hash,2590016,80791892,9955106
hash,2590017,137422174104,17177627883
hash,2590018,137422174112,17177627884
hash,2590019,137422174120,17177627885
hash,2590020,137422174128,17177627886
hash,2590021,80791784,9955093
hash,2590022,80791800,9955095
hash,2590023,67425974,8284366
hash,2590024,137422174112,17177627884
hash,2590025,137422174120,17177627885
hash,2590026,137422174128,17177627886
hash,2590027,137422174136,17177627887
hash,2590028,137422174159,17177627889
hash,2590029,137422174164,17177627890
hash,2590030,78474768,9665466
hash,2590031,78474776,9665467
hash,2590032,137422174776,17177627967
hash,2590033,137422174768,17177627966
hash,2590034,137422174144,17177627888
hash,2590035,137422174784,17177627968
hash,2590036,137422174768,17177627966
hash,2590037,78474768,9665466
hash,2590038,78474776,9665467
hash,2590039,78474752,9665464
hash,2590040,78445144,9661763
hash,2590041,78474816,9665472
hash,2590042,78471400,9665045
hash,2590043,80791892,9955106
hash,2590044,80791784,9955093
hash,2590045,80791792,9955094
hash,2590046,67425974,8284366
hash,2590047,137422174080,17177627880
hash,2590048,137422174088,17177627881
hash,2590049,137422174096,17177627882
hash,2590050,137422174104,17177627883
hash,2590051,137422174120,17177627885
hash,2590052,137422174128,17177627886
hash,2590053,137422174136,17177627887
hash,2590054,78474768,9665466
hash,2590055,78474776,9665467
hash,2590056,78474752,9665464
hash,2590057,78445136,9661762
hash,2590058,78474816,9665472
hash,2590059,78471400,9665045
hash,2590060,80791892,9955106
hash,2590061,80791784,9955093
hash,2590062,80791792,9955094
hash,2590063,67425975,8284366
hash,2590064,137422174080,17177627880
hash,2590065,137422174088,17177627881
hash,2590066,137422174096,17177627882
hash,2590067,137422174104,17177627883
hash,2590068,78474816,9665472
hash,2590069,137422174120,17177627885
hash,2590070,137422174128,17177627886
hash,2590071,78465984,9664368
hash,2590072,80791892,9955106
hash,2590073,137422174104,17177627883
hash,2590074,137422174112,17177627884
hash,2590075,137422174120,17177627885
hash,2590076,137422174128,17177627886
hash,2590077,80791784,9955093
hash,2590078,80791800,9955095
hash,2590079,67425975,8284366
hash,2590080,137422174112,17177627884
hash,2590081,137422174120,17177627885
hash,2590082,137422174128,17177627886
hash,2590083,137422174136,17177627887
hash,2590084,137422174159,17177627889
hash,2590085,137422174164,17177627890
hash,2590086,78474768,9665466
hash,2590087,78474776,9665467
hash,2590088,137422174776,17177627967
hash,2590089,137422174768,17177627966
hash,2590090,137422174144,17177627888
hash,2590091,137422174784,17177627968
hash,2590092,137422174768,17177627966
hash,2590093,78474768,9665466
hash,2590094,78474776,9665467
hash,2590095,78474752,9665464
hash,2590096,78445144,9661763
hash,2590097,78474816,9665472
hash,2590098,78471400,9665045
hash,2590099,80791892,9955106
hash,2590100,80791784,9955093
hash,2590101,80791792,9955094
hash,2590102,67425975,8284366
hash,2590103,137422174080,17177627880
hash,2590104,137422174088,17177627881
hash,2590105,137422174096,17177627882
hash,2590106,137422174104,17177627883
hash,2590107,137422174120,17177627885
hash,2590108,137422174128,17177627886
hash,2590109,137422174136,17177627887
hash,2590110,78474768,9665466
hash,2590111,78474776,9665467
hash,2590112,78474752,9665464
hash,2590113,78445136,9661762
hash,2590114,78474816,9665472
hash,2590115,78471400,9665045
hash,2590116,80791892,9955106
hash,2590117,80791784,9955093
hash,2590118,80791792,9955094
hash,2590119,67425976,8284367
hash,2590120,137422174080,17177627880
hash,2590121,137422174088,17177627881
hash,2590122,137422174096,17177627882
hash,2590123,137422174104,17177627883
hash,2590124,78474816,9665472
hash,2590125,137422174120,17177627885
hash,2590126,137422174128,17177627886
hash,2590127,78465984,9664368
hash,2590128,80791892,9955106
hash,2590129,137422174104,17177627883
hash,2590130,137422174112,17177627884
hash,2590131,137422174120,17177627885
hash,2590132,137422174128,17177627886
hash,2590133,80791784,9955093
hash,2590134,80791800,9955095
hash,2590135,67425976,8284367
hash,2590136,137422174112,17177627884
hash,2590137,137422174120,17177627885
hash,2590138,137422174128,17177627886
hash,2590139,137422174136,17177627887
hash,2590140,137422174159,17177627889
hash,2590141,137422174164,17177627890
hash,2590142,78474768,9665466
hash,2590143,78474776,9665467
hash,2590144,137422174776,17177627967
hash,2590145,137422174768,17177627966
hash,2590146,137422174144,17177627888
hash,2590147,137422174784,17177627968
hash,2590148,137422174768,17177627966
hash,2590149,78474768,9665466
hash,2590150,78474776,9665467
hash,2590151,78474752,9665464
hash,2590152,78445144,9661763
hash,2590153,78474816,9665472
hash,2590154,78471400,9665045
hash,2590155,80791892,9955106
hash,2590156,80791784,9955093
hash,2590157,80791792,9955094
hash,2590158,67425976,8284367
hash,2590159,137422174080,17177627880
hash,2590160,137422174088,17177627881
hash,2590161,137422174096,17177627882
hash,2590162,137422174104,17177627883
hash,2590163,137422174120,17177627885
hash,2590164,137422174128,17177627886
hash,2590165,137422174136,17177627887
hash,2590166,78474768,9665466
hash,2590167,78474776,9665467
hash,2590168,78474752,9665464
hash,2590169,78445136,9661762
hash,2590170,78474816,9665472
hash,2590171,78471400,9665045
hash,2590172,80791892,9955106
hash,2590173,80791784,9955093
hash,2590174,80791792,9955094
hash,2590175,67425977,8284367
hash,2590176,137422174080,17177627880
hash,2590177,137422174088,17177627881
hash,2590178,137422174096,17177627882
hash,2590179,137422174104,17177627883
hash,2590180,78474816,9665472
hash,2590181,137422174120,17177627885
hash,2590182,137422174128,17177627886
hash,2590183,78465984,9664368
hash,2590184,80791892,9955106
hash,2590185,137422174104,17177627883
hash,2590186,137422174112,17177627884
hash,2590187,137422174120,17177627885
hash,2590188,137422174128,17177627886
hash,2590189,80791784,9955093
hash,2590190,80791800,9955095
hash,2590191,67425977,8284367
hash,2590192,137422174112,17177627884
hash,2590193,137422174120,17177627885
hash,2590194,137422174128,17177627886
hash,2590195,137422174136,17177627887
hash,2590196,137422174159,17177627889
hash,2590197,137422174164,17177627890
hash,2590198,78474768,9665466
hash,2590199,78474776,9665467
hash,2590200,137422174776,17177627967
hash,2590201,137422174768,17177627966
hash,2590202,137422174144,17177627888
hash,2590203,137422174784,17177627968
hash,2590204,137422174768,17177627966
hash,2590205,78474768,9665466
hash,2590206,78474776,9665467
hash,2590207,78474752,9665464
hash,2590208,78445144,9661763
hash,2590209,78474816,9665472
hash,2590210,78471400,9665045
hash,2590211,80791892,9955106
hash,2590212,80791784,9955093
hash,2590213,80791792,9955094
hash,2590214,67425977,8284367
hash,2590215,137422174080,17177627880
hash,2590216,137422174088,17177627881
hash,2590217,137422174096,17177627882
hash,2590218,137422174104,17177627883
hash,2590219,137422174120,17177627885
hash,2590220,137422174128,17177627886
hash,2590221,137422174136,17177627887
hash,2590222,78474768,9665466
hash,2590223,78474776,9665467
hash,2590224,78474752,9665464
hash,2590225,78445136,9661762
hash,2590226,78474816,9665472
hash,2590227,78471400,9665045
hash,2590228,80791892,9955106
hash,2590229,80791784,9955093
hash,2590230,80791792,9955094
hash,2590231,67425978,8284367
hash,2590232,137422174080,17177627880
hash,2590233,137422174088,17177627881
hash,2590234,137422174096,17177627882
hash,2590235,137422174104,17177627883
hash,2590236,78474816,9665472
hash,2590237,137422174120,17177627885
hash,2590238,137422174128,17177627886
hash,2590239,78465984,9664368
hash,2590240,80791892,9955106
hash,2590241,137422174104,17177627883
hash,2590242,137422174112,17177627884
hash,2590243,137422174120,17177627885
hash,2590244,137422174128,17177627886
hash,2590245,80791784,9955093
hash,2590246,80791800,9955095
hash,2590247,67425978,8284367
hash,2590248,137422174112,17177627884
hash,2590249,137422174120,17177627885
hash,2590250,137422174128,17177627886
hash,2590251,137422174136,17177627887
hash,2590252,137422174159,17177627889
hash,2590253,137422174164,17177627890
hash,2590254,78474768,9665466
hash,2590255,78474776,9665467
hash,2590256,137422174776,17177627967
hash,2590257,137422174768,17177627966
hash,2590258,137422174144,17177627888
hash,2590259,137422174784,17177627968
hash,2590260,137422174768,17177627966
hash,2590261,78474768,9665466
hash,2590262,78474776,9665467
hash,2590263,78474752,9665464
hash,2590264,78445144,9661763
hash,2590265,78474816,9665472
hash,2590266,78471400,9665045
hash,2590267,80791892,9955106
hash,2590268,80791784,9955093
hash,2590269,80791792,9955094
hash,2590270,67425978,8284367
hash,2590271,137422174080,17177627880
hash,2590272,137422174088,17177627881
hash,2590273,137422174096,17177627882
hash,2590274,137422174104,17177627883
hash,2590275,137422174120,17177627885
hash,2590276,137422174128,17177627886
hash,2590277,137422174136,17177627887
hash,2590278,78474768,9665466
hash,2590279,78474776,9665467
hash,2590280,78474752,9665464
hash,2590281,78445136,9661762
hash,2590282,78474816,9665472
hash,2590283,78471400,9665045
hash,2590284,80791892,9955106
hash,2590285,80791784,9955093
hash,2590286,80791792,9955094
hash,2590287,67425979,8284367
hash,2590288,137422174080,17177627880
hash,2590289,137422174088,17177627881
hash,2590290,137422174096,17177627882
hash,2590291,137422174104,17177627883
hash,2590292,78474816,9665472
hash,2590293,137422174120,17177627885
hash,2590294,137422174128,17177627886
hash,2590295,78465984,9664368
hash,2590296,80791892,9955106
hash,2590297,137422174104,17177627883
hash,2590298,137422174112,17177627884
hash,2590299,137422174120,17177627885
hash,2590300,137422174128,17177627886
hash,2590301,80791784,9955093
hash,2590302,80791800,9955095
hash,2590303,67425979,8284367
hash,2590304,137422174112,17177627884
hash,2590305,137422174120,17177627885
hash,2590306,137422174128,17177627886
hash,2590307,137422174136,17177627887
hash,2590308,137422174159,17177627889
hash,2590309,137422174164,17177627890
hash,2590310,78474768,9665466
hash,2590311,78474776,9665467
hash,2590312,137422174776,17177627967
hash,2590313,137422174768,17177627966
hash,2590314,137422174144,17177627888
hash,2590315,137422174784,17177627968
hash,2590316,137422174768,17177627966
hash,2590317,78474768,9665466
hash,2590318,78474776,9665467
hash,2590319,78474752,9665464
hash,2590320,78445144,9661763
hash,2590321,78474816,9665472
hash,2590322,78471400,9665045
hash,2590323,80791892,9955106
hash,2590324,80791784,9955093
hash,2590325,80791792,9955094
hash,2590326,67425979,8284367
hash,2590327,137422174080,17177627880
hash,2590328,137422174088,17177627881
hash,2590329,137422174096,17177627882
hash,2590330,137422174104,17177627883
hash,2590331,137422174120,17177627885
hash,2590332,137422174128,17177627886
hash,2590333,137422174136,17177627887
hash,2590334,78474768,9665466
hash,2590335,78474776,9665467
hash,2590336,78474752,9665464
hash,2590337,78445136,9661762
hash,2590338,78474816,9665472
hash,2590339,78471400,9665045
hash,2590340,80791892,9955106
hash,2590341,80791784,9955093
hash,2590342,80791792,9955094
hash,2590343,67425980,8284367
hash,2590344,137422174080,17177627880
hash,2590345,137422174088,17177627881
hash,2590346,137422174096,17177627882
hash,2590347,137422174104,17177627883
hash,2590348,78474816,9665472
hash,2590349,137422174120,17177627885
hash,2590350,137422174128,17177627886
hash,2590351,78465984,9664368
hash,2590352,80791892,9955106
hash,2590353,137422174104,17177627883
hash,2590354,137422174112,17177627884
hash,2590355,137422174120,17177627885
hash,2590356,137422174128,17177627886
hash,2590357,80791784,9955093
hash,2590358,80791800,9955095
hash,2590359,67425980,8284367
hash,2590360,137422174112,17177627884
hash,2590361,137422174120,17177627885
hash,2590362,137422174128,17177627886
hash,2590363,137422174136,17177627887
hash,2590364,137422174159,17177627889
hash,2590365,137422174164,17177627890
hash,2590366,78474768,9665466
hash,2590367,78474776,9665467
hash,2590368,137422174776,17177627967
hash,2590369,137422174768,17177627966
hash,2590370,137422174144,17177627888
hash,2590371,137422174784,17177627968
hash,2590372,137422174768,17177627966
hash,2590373,78474768,9665466
hash,2590374,78474776,9665467
hash,2590375,78474752,9665464
hash,2590376,78445144,9661763
hash,2590377,78474816,9665472
hash,2590378,78471400,9665045
hash,2590379,80791892,9955106
hash,2590380,80791784,9955093
hash,2590381,80791792,9955094
hash,2590382,67425980,8284367
hash,2590383,137422174080,17177627880
hash,2590384,137422174088,17177627881
hash,2590385,137422174096,17177627882
hash,2590386,137422174104,17177627883
hash,2590387,137422174120,17177627885
hash,2590388,137422174128,17177627886
hash,2590389,137422174136,17177627887
hash,2590390,78474768,9665466
hash,2590391,78474776,9665467
hash,2590392,78474752,9665464
hash,2590393,78445136,9661762
hash,2590394,78474816,9665472
hash,2590395,78471400,9665045
hash,2590396,80791892,9955106
hash,2590397,80791784,9955093
hash,2590398,80791792,9955094
hash,2590399,67425981,8284367
hash,2590400,137422174080,17177627880
hash,2590401,137422174088,17177627881
hash,2590402,137422174096,17177627882
hash,2590403,137422174104,17177627883
hash,2590404,78474816,9665472
hash,2590405,137422174120,17177627885
hash,2590406,137422174128,17177627886
hash,2590407,78465984,9664368
hash,2590408,80791892,9955106
hash,2590409,137422174104,17177627883
hash,2590410,137422174112,17177627884
hash,2590411,137422174120,17177627885
hash,2590412,137422174128,17177627886
hash,2590413,80791784,9955093
hash,2590414,80791800,9955095
hash,2590415,67425981,8284367
hash,2590416,137422174112,17177627884
hash,2590417,137422174120,17177627885
hash,2590418,137422174128,17177627886
hash,2590419,137422174136,17177627887
hash,2590420,137422174159,17177627889
hash,2590421,137422174164,17177627890
hash,2590422,78474768,9665466
hash,2590423,78474776,9665467
hash,2590424,137422174776,17177627967
hash,2590425,137422174768,17177627966
hash,2590426,137422174144,17177627888
hash,2590427,137422174784,17177627968
hash,2590428,137422174768,17177627966
hash,2590429,78474768,9665466
hash,2590430,78474776,9665467
hash,2590431,78474752,9665464
hash,2590432,78445144,9661763
hash,2590433,78474816,9665472
hash,2590434,78471400,9665045
hash,2590435,80791892,9955106
hash,2590436,80791784,9955093
hash,2590437,80791792,9955094
hash,2590438,67425981,8284367
hash,2590439,137422174080,17177627880
hash,2590440,137422174088,17177627881
hash,2590441,137422174096,17177627882
hash,2590442,137422174104,17177627883
hash,2590443,137422174120,17177627885
hash,2590444,137422174128,17177627886
hash,2590445,137422174136,17177627887
hash,2590446,78474768,9665466
hash,2590447,78474776,9665467
hash,2590448,78474752,9665464
hash,2590449,78445136,9661762
hash,2590450,78474816,9665472
hash,2590451,78471400,9665045
hash,2590452,80791892,9955106
hash,2590453,80791784,9955093
hash,2590454,80791792,9955094
hash,2590455,67425982,8284367
hash,2590456,137422174080,17177627880
hash,2590457,137422174088,17177627881
hash,2590458,137422174096,17177627882
hash,2590459,137422174104,17177627883
hash,2590460,78474816,9665472
hash,2590461,137422174120,17177627885
hash,2590462,137422174128,17177627886
hash,2590463,78465984,9664368
hash,2590464,80791892,9955106
hash,2590465,137422174104,17177627883
hash,2590466,137422174112,17177627884
hash,2590467,137422174120,17177627885
hash,2590468,137422174128,17177627886
hash,2590469,80791784,9955093
hash,2590470,80791800,9955095
hash,2590471,67425982,8284367
hash,2590472,137422174112,17177627884
hash,2590473,137422174120,17177627885
hash,2590474,137422174128,17177627886
hash,2590475,137422174136,17177627887
hash,2590476,137422174159,17177627889
hash,2590477,137422174164,17177627890
hash,2590478,78474768,9665466
hash,2590479,78474776,9665467
hash,2590480,137422174776,17177627967
hash,2590481,137422174768,17177627966
hash,2590482,137422174144,17177627888
hash,2590483,137422174784,17177627968
hash,2590484,137422174768,17177627966
hash,2590485,78474768,9665466
hash,2590486,78474776,9665467
hash,2590487,78474752,9665464
hash,2590488,78445144,9661763
hash,2590489,78474816,9665472
hash,2590490,78471400,9665045
hash,2590491,80791892,9955106
hash,2590492,80791784,9955093
hash,2590493,80791792,9955094
hash,2590494,67425982,8284367
hash,2590495,137422174080,17177627880
hash,2590496,137422174088,17177627881
hash,2590497,137422174096,17177627882
hash,2590498,137422174104,17177627883
hash,2590499,137422174120,17177627885
hash,2590500,137422174128,17177627886
hash,2590501,137422174136,17177627887
hash,2590502,78474768,9665466
hash,2590503,78474776,9665467
hash,2590504,78474752,9665464
hash,2590505,78445136,9661762
hash,2590506,78474816,9665472
hash,2590507,78471400,9665045
hash,2590508,80791892,9955106
hash,2590509,80791784,9955093
hash,2590510,80791792,9955094
hash,2590511,67425983,8284367
hash,2590512,137422174080,17177627880
hash,2590513,137422174088,17177627881
hash,2590514,137422174096,17177627882
hash,2590515,137422174104,17177627883
hash,2590516,78474816,9665472
hash,2590517,137422174120,17177627885
hash,2590518,137422174128,17177627886
hash,2590519,78465984,9664368
hash,2590520,80791892,9955106
hash,2590521,137422174104,17177627883
hash,2590522,137422174112,17177627884
hash,2590523,137422174120,17177627885
hash,2590524,137422174128,17177627886
hash,2590525,80791784,9955093
hash,2590526,80791800,9955095
hash,2590527,67425983,8284367
hash,2590528,137422174112,17177627884
hash,2590529,137422174120,17177627885
hash,2590530,137422174128,17177627886
hash,2590531,137422174136,17177627887
hash,2590532,137422174159,17177627889
hash,2590533,137422174164,17177627890
hash,2590534,78474768,9665466
hash,2590535,78474776,9665467
hash,2590536,137422174776,17177627967
hash,2590537,137422174768,17177627966
hash,2590538,137422174144,17177627888
hash,2590539,137422174784,17177627968
hash,2590540,137422174768,17177627966
hash,2590541,78474768,9665466
hash,2590542,78474776,9665467
hash,2590543,78474752,9665464
hash,2590544,78445144,9661763
hash,2590545,78474816,9665472
hash,2590546,78471400,9665045
hash,2590547,80791892,9955106
hash,2590548,80791784,9955093
hash,2590549,80791792,9955094
hash,2590550,67425983,8284367
hash,2590551,137422174080,17177627880
hash,2590552,137422174088,17177627881
hash,2590553,137422174096,17177627882
hash,2590554,137422174104,17177627883
hash,2590555,137422174120,17177627885
hash,2590556,137422174128,17177627886
hash,2590557,137422174136,17177627887
hash,2590558,78474768,9665466
hash,2590559,78474776,9665467
hash,2590560,78474752,9665464
hash,2590561,78445136,9661762
hash,2590562,78474816,9665472
hash,2590563,78471400,9665045
hash,2590564,80791892,9955106
hash,2590565,80791784,9955093
hash,2590566,80791792,9955094
hash,2590567,67425984,8284368
hash,2590568,137422174080,17177627880
hash,2590569,137422174088,17177627881
hash,2590570,137422174096,17177627882
hash,2590571,137422174104,17177627883
hash,2590572,78474816,9665472
hash,2590573,137422174120,17177627885
hash,2590574,137422174128,17177627886
hash,2590575,78465984,9664368
hash,2590576,80791892,9955106
hash,2590577,137422174104,17177627883
hash,2590578,137422174112,17177627884
hash,2590579,137422174120,17177627885
hash,2590580,137422174128,17177627886
hash,2590581,80791784,9955093
hash,2590582,80791800,9955095
hash,2590583,67425984,8284368
hash,2590584,137422174112,17177627884
hash,2590585,137422174120,17177627885
hash,2590586,137422174128,17177627886
hash,2590587,137422174136,17177627887
hash,2590588,137422174159,17177627889
hash,2590589,137422174164,17177627890
hash,2590590,78474768,9665466
hash,2590591,78474776,9665467
hash,2590592,137422174776,17177627967
hash,2590593,137422174768,17177627966
hash,2590594,137422174144,17177627888
hash,2590595,137422174784,17177627968
hash,2590596,137422174768,17177627966
hash,2590597,78474768,9665466
hash,2590598,78474776,9665467
hash,2590599,78474752,9665464
hash,2590600,78445144,9661763
hash,2590601,78474816,9665472
hash,2590602,78471400,9665045
hash,2590603,80791892,9955106
hash,2590604,80791784,9955093
hash,2590605,80791792,9955094
hash,2590606,67425984,8284368
hash,2590607,137422174080,17177627880
hash,2590608,137422174088,17177627881
hash,2590609,137422174096,17177627882
hash,2590610,137422174104,17177627883
hash,2590611,137422174120,17177627885
hash,2590612,137422174128,17177627886
hash,2590613,137422174136,17177627887
hash,2590614,78474768,9665466
hash,2590615,78474776,9665467
hash,2590616,78474752,9665464
hash,2590617,78445136,9661762
hash,2590618,78474816,9665472
hash,2590619,78471400,9665045
hash,2590620,80791892,9955106
hash,2590621,80791784,9955093
hash,2590622,80791792,9955094
hash,2590623,67425985,8284368
hash,2590624,137422174080,17177627880
hash,2590625,137422174088,17177627881
hash,2590626,137422174096,17177627882
hash,2590627,137422174104,17177627883
hash,2590628,78474816,9665472
hash,2590629,137422174120,17177627885
hash,2590630,137422174128,17177627886
hash,2590631,78465984,9664368
hash,2590632,80791892,9955106
hash,2590633,137422174104,17177627883
hash,2590634,137422174112,17177627884
hash,2590635,137422174120,17177627885
hash,2590636,137422174128,17177627886
hash,2590637,80791784,9955093
hash,2590638,80791800,9955095
hash,2590639,67425985,8284368
hash,2590640,137422174112,17177627884
hash,2590641,137422174120,17177627885
hash,2590642,137422174128,17177627886
hash,2590643,137422174136,17177627887
hash,2590644,137422174159,17177627889
hash,2590645,137422174164,17177627890
hash,2590646,78474768,9665466
hash,2590647,78474776,9665467
hash,2590648,137422174776,17177627967
hash,2590649,137422174768,17177627966
hash,2590650,137422174144,17177627888
hash,2590651,137422174784,17177627968
hash,2590652,137422174768,17177627966
hash,2590653,78474768,9665466
hash,2590654,78474776,9665467
hash,2590655,78474752,9665464
hash,2590656,78445144,9661763
hash,2590657,78474816,9665472
hash,2590658,78471400,9665045
hash,2590659,80791892,9955106
hash,2590660,80791784,9955093
hash,2590661,80791792,9955094
hash,2590662,67425985,8284368
hash,2590663,137422174080,17177627880
hash,2590664,137422174088,17177627881
hash,2590665,137422174096,17177627882
hash,2590666,137422174104,17177627883
hash,2590667,137422174120,17177627885
hash,2590668,137422174128,17177627886
hash,2590669,137422174136,17177627887
hash,2590670,78474768,9665466
hash,2590671,78474776,9665467
hash,2590672,78474752,9665464
hash,2590673,78445136,9661762
hash,2590674,78474816,9665472
hash,2590675,78471400,9665045
hash,2590676,80791892,9955106
hash,2590677,80791784,9955093
hash,2590678,80791792,9955094
hash,2590679,67425986,8284368
hash,2590680,137422174080,17177627880
hash,2590681,137422174088,17177627881
hash,2590682,137422174096,17177627882
hash,2590683,137422174104,17177627883
hash,2590684,78474816,9665472
hash,2590685,137422174120,17177627885
hash,2590686,137422174128,17177627886
hash,2590687,78465984,9664368
hash,2590688,80791892,9955106
hash,2590689,137422174104,17177627883
hash,2590690,137422174112,17177627884
hash,2590691,137422174120,17177627885
hash,2590692,137422174128,17177627886
hash,2590693,80791784,9955093
hash,2590694,80791800,9955095
hash,2590695,67425986,8284368
hash,2590696,137422174112,17177627884
hash,2590697,137422174120,17177627885
hash,2590698,137422174128,17177627886
hash,2590699,137422174136,17177627887
hash,2590700,137422174159,17177627889
hash,2590701,137422174164,17177627890
hash,2590702,78474768,9665466
hash,2590703,78474776,9665467
hash,2590704,137422174776,17177627967
hash,2590705,137422174768,17177627966
hash,2590706,137422174144,17177627888
hash,2590707,137422174784,17177627968
hash,2590708,137422174768,17177627966
hash,2590709,78474768,9665466
hash,2590710,78474776,9665467
hash,2590711,78474752,9665464
hash,2590712,78445144,9661763
hash,2590713,78474816,9665472
hash,2590714,78471400,9665045
hash,2590715,80791892,9955106
hash,2590716,80791784,9955093
hash,2590717,80791792,9955094
hash,2590718,67425986,8284368
hash,2590719,137422174080,17177627880
hash,2590720,137422174088,17177627881
hash,2590721,137422174096,17177627882
hash,2590722,137422174104,17177627883
hash,2590723,137422174120,17177627885
hash,2590724,137422174128,17177627886
hash,2590725,137422174136,17177627887
hash,2590726,78474768,9665466
hash,2590727,78474776,9665467
hash,2590728,78474752,9665464
hash,2590729,78445136,9661762
hash,2590730,78474816,9665472
hash,2590731,78471400,9665045
hash,2590732,80791892,9955106
hash,2590733,80791784,9955093
hash,2590734,80791792,9955094
hash,2590735,67425987,8284368
hash,2590736,137422174080,17177627880
hash,2590737,137422174088,17177627881
hash,2590738,137422174096,17177627882
hash,2590739,137422174104,17177627883
hash,2590740,78474816,9665472
hash,2590741,137422174120,17177627885
hash,2590742,137422174128,17177627886
hash,2590743,78465984,9664368
hash,2590744,80791892,9955106
hash,2590745,137422174104,17177627883
hash,2590746,137422174112,17177627884
hash,2590747,137422174120,17177627885
hash,2590748,137422174128,17177627886
hash,2590749,80791784,9955093
hash,2590750,80791800,9955095
hash,2590751,67425987,8284368
hash,2590752,137422174112,17177627884
hash,2590753,137422174120,17177627885
hash,2590754,137422174128,17177627886
hash,2590755,137422174136,17177627887
hash,2590756,137422174159,17177627889
hash,2590757,137422174164,17177627890
hash,2590758,78474768,9665466
hash,2590759,78474776,9665467
hash,2590760,137422174776,17177627967
hash,2590761,137422174768,17177627966
hash,2590762,137422174144,17177627888
hash,2590763,137422174784,17177627968
hash,2590764,137422174768,17177627966
hash,2590765,78474768,9665466
hash,2590766,78474776,9665467
hash,2590767,78474752,9665464
hash,2590768,78445144,9661763
hash,2590769,78474816,9665472
hash,2590770,78471400,9665045
hash,2590771,80791892,9955106
hash,2590772,80791784,9955093
hash,2590773,80791792,9955094
hash,2590774,67425987,8284368
hash,2590775,137422174080,17177627880
hash,2590776,137422174088,17177627881
hash,2590777,137422174096,17177627882
hash,2590778,137422174104,17177627883
hash,2590779,137422174120,17177627885
hash,2590780,137422174128,17177627886
hash,2590781,137422174136,17177627887
hash,2590782,78474768,9665466
hash,2590783,78474776,9665467
hash,2590784,78474752,9665464
hash,2590785,78445136,9661762
hash,2590786,78474816,9665472
hash,2590787,78471400,9665045
hash,2590788,80791892,9955106
hash,2590789,80791784,9955093
hash,2590790,80791792,9955094
hash,2590791,67425988,8284368
hash,2590792,137422174080,17177627880
hash,2590793,137422174088,17177627881
hash,2590794,137422174096,17177627882
hash,2590795,137422174104,17177627883
hash,2590796,78474816,9665472
hash,2590797,137422174120,17177627885
hash,2590798,137422174128,17177627886
hash,2590799,78465984,9664368
hash,2590800,80791892,9955106
hash,2590801,137422174104,17177627883
hash,2590802,137422174112,17177627884
hash,2590803,137422174120,17177627885
hash,2590804,137422174128,17177627886
hash,2590805,80791784,9955093
hash,2590806,80791800,9955095
hash,2590807,67425988,8284368
hash,2590808,137422174112,17177627884
hash,2590809,137422174120,17177627885
hash,2590810,137422174128,17177627886
hash,2590811,137422174136,17177627887
hash,2590812,137422174159,17177627889
hash,2590813,137422174164,17177627890
hash,2590814,78474768,9665466
hash,2590815,78474776,9665467
hash,2590816,78474752,9665464
hash,2590817,78445144,9661763
hash,2590818,78474816,9665472
hash,2590819,78471400,9665045
hash,2590820,80791892,9955106
hash,2590821,80791784,9955093
hash,2590822,80791792,9955094
hash,2590823,67425988,8284368
hash,2590824,137422174080,17177627880
hash,2590825,137422174088,17177627881
hash,2590826,137422174096,17177627882
hash,2590827,137422174104,17177627883
hash,2590828,137422174120,17177627885
hash,2590829,137422174128,17177627886
hash,2590830,137422174136,17177627887
hash,2590831,137422174200,17177627895
hash,2590832,81812584,10082693
hash,2590833,137422174216,17177627897
hash,2590834,137422174224,17177627898
hash,2590835,137422174232,17177627899
hash,2590836,137422174240,17177627900
hash,2590837,137422174248,17177627901
hash,2590838,137422174256,17177627902
hash,2590839,137422174264,17177627903
hash,2590840,1175904,3108
hash,2590841,78448728,9662211
hash,2590842,1175392,3044
hash,2590843,1175952,3114
hash,2590844,137422174264,17177627903
hash,2590845,1175472,3054
hash,2590846,137422174776,17177627967
hash,2590847,137422174264,17177627903
hash,2590848,137422174252,17177627901
hash,2590849,137422174248,17177627901
hash,2590850,137422174256,17177627902
hash,2590851,137422174264,17177627903
hash,2590852,1175464,3053
hash,2590853,78461288,9663781
hash,2590854,81812584,10082693
hash,2590855,78459608,9663571
hash,2590856,78464920,9664235
hash,2590857,78461968,9663866
hash,2590858,78465664,9664328
hash,2590859,78459800,9663595
hash,2590860,80822336,9958912
hash,2590861,78477272,9665779
hash,2590862,137422174104,17177627883
hash,2590863,78477264,9665778
hash,2590864,78477272,9665779
hash,2590865,137422174120,17177627885
hash,2590866,137422174128,17177627886
hash,2590867,137422174136,17177627887
hash,2590868,137422174144,17177627888
hash,2590869,137422174152,17177627889
hash,2590870,78469512,9664809
hash,2590871,78469592,9664819
hash,2590872,77885424,9591798
hash,2590873,81812584,10082693
hash,2590874,78465664,9664328
hash,2590875,78459800,9663595
hash,2590876,80822336,9958912
hash,2590877,78477272,9665779
hash,2590878,137422174024,17177627873
hash,2590879,78477264,9665778
hash,2590880,78477272,9665779
hash,2590881,137422174040,17177627875
hash,2590882,137422174048,17177627876
hash,2590883,137422174056,17177627877
hash,2590884,137422174064,17177627878
hash,2590885,137422174072,17177627879
hash,2590886,78467832,9664599
hash,2590887,137422174080,17177627880
hash,2590888,78477272,9665779
hash,2590889,137422175296,17177628032
hash,2590890,137422174080,17177627880
hash,2590891,137422174048,17177627876
hash,2590892,137422174056,17177627877
hash,2590893,137422174064,17177627878
hash,2590894,137422174072,17177627879
hash,2590895,78468456,9664677
hash,2590896,137422174080,17177627880
hash,2590897,78477272,9665779
hash,2590898,137422174056,17177627877
hash,2590899,137422174064,17177627878
hash,2590900,137422174072,17177627879
hash,2590901,137422174088,17177627881
hash,2590902,81812584,10082693
hash,2590903,137422174096,17177627882
hash,2590904,137422174104,17177627883
hash,2590905,137422174112,17177627884
hash,2590906,137422174120,17177627885
hash,2590907,78469800,9664845
hash,2590908,78462728,9663961
hash,2590909,78465560,9664315
hash,2590910,78477888,9665856
hash,2590911,137422174088,17177627881
hash,2590912,78460536,9663687
hash,2590913,137422175296,17177628032
hash,2590914,78483464,9666553
hash,2590915,78482912,9666484
hash,2590916,78465560,9664315
hash,2590917,78485552,9666814
hash,2590918,137422174088,17177627881
hash,2590919,78460264,9663653
hash,2590920,137422175296,17177628032
hash,2590921,78483464,9666553
hash,2590922,78482944,9666488
hash,2590923,78465560,9664315
hash,2590924,78485560,9666815
hash,2590925,137422174088,17177627881
hash,2590926,137422175296,17177628032
hash,2590927,78483464,9666553
hash,2590928,78482936,9666487
hash,2590929,137422174096,17177627882
hash,2590930,137422174104,17177627883
hash,2590931,137422174112,17177627884
hash,2590932,137422174120,17177627885
hash,2590933,137422174128,17177627886
hash,2590934,137422174136,17177627887
hash,2590935,137422174144,17177627888
hash,2590936,137422174152,17177627889
hash,2590937,78469512,9664809
hash,2590938,78469592,9664819
hash,2590939,77885424,9591798
hash,2590940,81812584,10082693
hash,2590941,78465664,9664328
hash,2590942,78459800,9663595
hash,2590943,80822336,9958912
hash,2590944,78477272,9665779
hash,2590945,137422174024,17177627873
hash,2590946,78477264,9665778
hash,2590947,78477272,9665779
hash,2590948,137422174040,17177627875
hash,2590949,137422174048,17177627876
hash,2590950,137422174056,17177627877
hash,2590951,137422174064,17177627878
hash,2590952,137422174072,17177627879
hash,2590953,78467832,9664599
hash,2590954,137422174080,17177627880
hash,2590955,78477272,9665779
hash,2590956,137422175296,17177628032
hash,2590957,137422174080,17177627880
hash,2590958,137422174048,17177627876
hash,2590959,137422174056,17177627877
hash,2590960,137422174064,17177627878
hash,2590961,137422174072,17177627879
hash,2590962,78468456,9664677
hash,2590963,137422174080,17177627880
hash,2590964,78477272,9665779
hash,2590965,137422174056,17177627877
hash,2590966,137422174064,17177627878
hash,2590967,137422174072,17177627879
hash,2590968,137422174088,17177627881
hash,2590969,81812584,10082693
hash,2590970,137422174096,17177627882
hash,2590971,137422174104,17177627883
hash,2590972,137422174112,17177627884
hash,2590973,137422174120,17177627885
hash,2590974,78469800,9664845
hash,2590975,78462728,9663961
hash,2590976,78465560,9664315
hash,2590977,78477888,9665856
hash,2590978,137422174088,17177627881
hash,2590979,78460536,9663687
hash,2590980,137422175296,17177628032
hash,2590981,78483464,9666553
hash,2590982,78482912,9666484
hash,2590983,78465560,9664315
hash,2590984,78485552,9666814
hash,2590985,137422174088,17177627881
hash,2590986,78460264,9663653
hash,2590987,137422175296,17177628032
hash,2590988,78483464,9666553
hash,2590989,78482944,9666488
hash,2590990,78465560,9664315
hash,2590991,78485560,9666815
hash,2590992,137422174088,17177627881
hash,2590993,137422175296,17177628032
hash,2590994,78483464,9666553
hash,2590995,78482936,9666487
hash,2590996,137422174096,17177627882
hash,2590997,137422174104,17177627883
hash,2590998,137422174112,17177627884
hash,2590999,137422174120,17177627885
hash,2591000,137422174128,17177627886
hash,2591001,137422174136,17177627887
hash,2591002,137422174144,17177627888
hash,2591003,137422174152,17177627889
hash,2591004,78459608,9663571
hash,2591005,137422174176,17177627892
hash,2591006,78459608,9663571
hash,2591007,78465664,9664328
hash,2591008,78459800,9663595
hash,2591009,80822336,9958912
hash,2591010,78477272,9665779
hash,2591011,137422174104,17177627883
hash,2591012,78477264,9665778
hash,2591013,78477272,9665779
hash,2591014,137422174120,17177627885
hash,2591015,137422174128,17177627886
hash,2591016,137422174136,17177627887
hash,2591017,137422174144,17177627888
hash,2591018,137422174152,17177627889
hash,2591019,78459712,9663584
hash,2591020,137422174776,17177627967
hash,2591021,137422174768,17177627966
hash,2591022,137422174176,17177627892
hash,2591023,78467616,9664572
hash,2591024,137422174192,17177627894
hash,2591025,78464120,9664135
hash,2591026,78464800,9664220
hash,2591027,80818568,9958441
hash,2591028,80788888,9954731
hash,2591029,81812440,10082675
hash,2591030,80789992,9954869
hash,2591031,67346450,8274426
hash,2591032,67346584,8274443
hash,2591033,67530016,8297372
hash,2591034,137422174088,17177627881
hash,2591035,137422174096,17177627882
hash,2591036,137422174104,17177627883
hash,2591037,137422174112,17177627884
hash,2591038,137422174120,17177627885
hash,2591039,137422174136,17177627887
hash,2591040,137422174144,17177627888
hash,2591041,137422174152,17177627889
hash,2591042,137422174192,17177627894
hash,2591043,137422174160,17177627890
hash,2591044,78470984,9664993
hash,2591045,67423152,8284014
hash,2591046,67423160,8284015
hash,2591047,137422174152,17177627889
hash,2591048,137422174192,17177627894
hash,2591049,137422175056,17177628002
hash,2591050,137422175056,17177628002
hash,2591051,78468408,9664671
hash,2591052,137422175048,17177628001
hash,2591053,137422175064,17177628003
hash,2591054,137422175056,17177628002
hash,2591055,137422175072,17177628004
hash,2591056,137422174128,17177627886
hash,2591057,137422174136,17177627887
hash,2591058,137422174144,17177627888
hash,2591059,78466544,9664438
hash,2591060,137422174152,17177627889
hash,2591061,78469512,9664809
hash,2591062,78469592,9664819
hash,2591063,77885424,9591798
hash,2591064,81812584,10082693
hash,2591065,78465664,9664328
hash,2591066,78459800,9663595
hash,2591067,80822336,9958912
hash,2591068,78477272,9665779
hash,2591069,137422174024,17177627873
hash,2591070,78477264,9665778
hash,2591071,78477272,9665779
hash,2591072,137422174040,17177627875
hash,2591073,137422174048,17177627876
hash,2591074,137422174056,17177627877
hash,2591075,137422174064,17177627878
hash,2591076,137422174072,17177627879
hash,2591077,78467832,9664599
hash,2591078,137422174080,17177627880
hash,2591079,78477272,9665779
hash,2591080,137422175296,17177628032
hash,2591081,137422174080,17177627880
hash,2591082,137422174048,17177627876
hash,2591083,137422174056,17177627877
hash,2591084,137422174064,17177627878
hash,2591085,137422174072,17177627879
hash,2591086,78468456,9664677
hash,2591087,137422174080,17177627880
hash,2591088,78477272,9665779
hash,2591089,137422174056,17177627877
hash,2591090,137422174064,17177627878
hash,2591091,137422174072,17177627879
hash,2591092,137422174088,17177627881
hash,2591093,81812584,10082693
hash,2591094,137422174096,17177627882
hash,2591095,137422174104,17177627883
hash,2591096,137422174112,17177627884
hash,2591097,137422174120,17177627885
hash,2591098,78469800,9664845
hash,2591099,78462728,9663961
hash,2591100,78465560,9664315
hash,2591101,78477888,9665856
hash,2591102,137422174088,17177627881
hash,2591103,78460536,9663687
hash,2591104,137422175296,17177628032
hash,2591105,78483464,9666553
hash,2591106,78482912,9666484
hash,2591107,78465560,9664315
hash,2591108,78485552,9666814
hash,2591109,137422174088,17177627881
hash,2591110,78460264,9663653
hash,2591111,137422175296,17177628032
hash,2591112,78483464,9666553
hash,2591113,78482944,9666488
hash,2591114,78465560,9664315
hash,2591115,78485560,9666815
hash,2591116,137422174088,17177627881
hash,2591117,137422175296,17177628032
hash,2591118,78483464,9666553
hash,2591119,78482936,9666487
hash,2591120,137422174096,17177627882
hash,2591121,137422174104,17177627883
hash,2591122,137422174112,17177627884
hash,2591123,137422174120,17177627885
hash,2591124,137422174128,17177627886
hash,2591125,137422174136,17177627887
hash,2591126,137422174144,17177627888
hash,2591127,137422174152,17177627889
hash,2591128,137422174200,17177627895
hash,2591129,81812584,10082693
hash,2591130,137422174216,17177627897
hash,2591131,137422174224,17177627898
hash,2591132,137422174232,17177627899
hash,2591133,137422174240,17177627900
hash,2591134,137422174248,17177627901
hash,2591135,137422174256,17177627902
hash,2591136,137422174264,17177627903
hash,2591137,1175440,3050
hash,2591138,137422174264,17177627903
hash,2591139,1175400,3045
hash,2591140,81812584,10082693
hash,2591141,78470000,9664870
hash,2591142,137422174960,17177627990
hash,2591143,78452688,9662706
hash,2591144,137422175120,17177628010
hash,2591145,137422175304,17177628033
hash,2591146,137422175113,17177628009
hash,2591147,137422175320,17177628035
hash,2591148,137422175000,17177627995
hash,2591149,137422175008,17177627996
hash,2591150,137422175328,17177628036
hash,2591151,67530016,8297372
hash,2591152,78482000,9666370
hash,2591153,80460121,9913635
hash,2591154,137422174960,17177627990
hash,2591155,78452688,9662706
hash,2591156,137422175120,17177628010
hash,2591157,137422174096,17177627882
hash,2591158,137422174104,17177627883
hash,2591159,137422174112,17177627884
hash,2591160,137422174120,17177627885
hash,2591161,137422174128,17177627886
hash,2591162,137422174136,17177627887
hash,2591163,137422174191,17177627893
hash,2591164,137422174800,17177627970
hash,2591165,137422174960,17177627990
hash,2591166,78452688,9662706
hash,2591167,137422175104,17177628008
hash,2591168,78463968,9664116
hash,2591169,137422175296,17177628032
hash,2591170,78477272,9665779
hash,2591171,137422174136,17177627887
hash,2591172,78462728,9663961
hash,2591173,78465560,9664315
hash,2591174,78477888,9665856
hash,2591175,137422174136,17177627887
hash,2591176,137422174192,17177627894
hash,2591177,78483464,9666553
hash,2591178,78482912,9666484
hash,2591179,78468456,9664677
hash,2591180,137422174192,17177627894
hash,2591181,78477272,9665779
hash,2591182,137422174120,17177627885
hash,2591183,137422174128,17177627886
hash,2591184,137422174136,17177627887
hash,2591185,137422174960,17177627990
hash,2591186,78452688,9662706
hash,2591187,137422175320,17177628035
hash,2591188,137422175000,17177627995
hash,2591189,137422175008,17177627996
hash,2591190,67530016,8297372
hash,2591191,137422174168,17177627891
hash,2591192,78482000,9666370
hash,2591193,80460121,9913635
hash,2591194,137422175000,17177627995
hash,2591195,137422175008,17177627996
hash,2591196,137422174808,17177627971
hash,2591197,67530017,8297372
hash,2591198,80460139,9913637
hash,2591199,67530018,8297372
hash,2591200,80460033,9913624
hash,2591201,78467432,9664549
hash,2591202,137422174808,17177627971
hash,2591203,137422174800,17177627970
hash,2591204,78470984,9664993
hash,2591205,67530016,8297372
hash,2591206,67530016,8297372
hash,2591207,137422174104,17177627883
hash,2591208,137422174800,17177627970
hash,2591209,137422174112,17177627884
hash,2591210,137422174120,17177627885
hash,2591211,137422174128,17177627886
hash,2591212,137422174136,17177627887
hash,2591213,137422174160,17177627890
hash,2591214,137422175000,17177627995
hash,2591215,137422175008,17177627996
hash,2591216,67530018,8297372
hash,2591217,137422174168,17177627891
hash,2591218,78482000,9666370
hash,2591219,80460033,9913624
hash,2591220,137422174960,17177627990
hash,2591221,78452688,9662706
hash,2591222,137422174200,17177627895
hash,2591223,81812584,10082693
hash,2591224,137422174216,17177627897
hash,2591225,137422174224,17177627898
hash,2591226,137422174232,17177627899
hash,2591227,137422174240,17177627900
hash,2591228,137422174248,17177627901
hash,2591229,137422174256,17177627902
hash,2591230,137422174264,17177627903
hash,2591231,81812584,10082693
hash,2591232,1175176,3017
hash,2591233,81812584,10082693
hash,2591234,78464048,9664126
hash,2591235,80789168,9954766
hash,2591236,67337640,8273325
hash,2591237,137422174168,17177627891
hash,2591238,137422174176,17177627892
hash,2591239,137422174184,17177627893
hash,2591240,137422174200,17177627895
hash,2591241,81812584,10082693
hash,2591242,137422174208,17177627896
hash,2591243,137422174216,17177627897
hash,2591244,137422174200,17177627895
hash,2591245,137422174224,17177627898
hash,2591246,137422174208,17177627896
hash,2591247,137422174216,17177627897
hash,2591248,137422174200,17177627895
hash,2591249,81812584,10082693
hash,2591250,137422174136,17177627887
hash,2591251,137422174104,17177627883
hash,2591252,137422174232,17177627899
hash,2591253,137422174112,17177627884
hash,2591254,137422174120,17177627885
hash,2591255,137422174096,17177627882
hash,2591256,137422174152,17177627889
hash,2591257,137422174104,17177627883
hash,2591258,137422174112,17177627884
hash,2591259,137422174120,17177627885
hash,2591260,137422174160,17177627890
hash,2591261,137422174168,17177627891
hash,2591262,81812584,10082693
hash,2591263,137422174176,17177627892
hash,2591264,137422174184,17177627893
hash,2591265,137422174208,17177627896
hash,2591266,137422174216,17177627897
hash,2591267,137422174200,17177627895
hash,2591268,137422174240,17177627900
hash,2591269,137422174208,17177627896
hash,2591270,137422174216,17177627897
hash,2591271,137422174248,17177627901
hash,2591272,81812584,10082693
hash,2591273,137422174256,17177627902
hash,2591274,137422174264,17177627903
hash,2591275,137422174232,17177627899
hash,2591276,1175280,3030
hash,2591277,137422174808,17177627971
hash,2591278,137422174216,17177627897
hash,2591279,137422174224,17177627898
hash,2591280,137422174200,17177627895
hash,2591281,1175208,3021
hash,2591282,1151093,6
hash,2591283,137422174184,17177627893
hash,2591284,137422174208,17177627896
hash,2591285,137422174216,17177627897
hash,2591286,137422174248,17177627901
hash,2591287,137422174256,17177627902
hash,2591288,137422174264,17177627903
hash,2591289,137422174232,17177627899
hash,2591290,1175280,3030
hash,2591291,137422174808,17177627971
hash,2591292,137422174216,17177627897
hash,2591293,137422174224,17177627898
hash,2591294,137422174200,17177627895
hash,2591295,1175208,3021
hash,2591296,1151095,6
hash,2591297,137422174184,17177627893
hash,2591298,137422174208,17177627896
hash,2591299,137422174216,17177627897
hash,2591300,137422174248,17177627901
hash,2591301,137422174256,17177627902
hash,2591302,137422174264,17177627903
hash,2591303,137422174232,17177627899
hash,2591304,1175280,3030
hash,2591305,137422174808,17177627971
hash,2591306,137422174216,17177627897
hash,2591307,137422174224,17177627898
hash,2591308,137422174200,17177627895
hash,2591309,1175208,3021
hash,2591310,1151097,7
hash,2591311,137422174184,17177627893
hash,2591312,137422174208,17177627896
hash,2591313,137422174216,17177627897
hash,2591314,137422174248,17177627901
hash,2591315,137422174256,17177627902
hash,2591316,137422174264,17177627903
hash,2591317,137422174232,17177627899
hash,2591318,1175280,3030
hash,2591319,137422174808,17177627971
hash,2591320,137422174216,17177627897
hash,2591321,137422174224,17177627898
hash,2591322,137422174200,17177627895
hash,2591323,1175208,3021
hash,2591324,1151099,7
hash,2591325,137422174184,17177627893
hash,2591326,137422174208,17177627896
hash,2591327,137422174216,17177627897
hash,2591328,137422174248,17177627901
hash,2591329,137422174256,17177627902
hash,2591330,137422174264,17177627903
hash,2591331,137422174232,17177627899
hash,2591332,1175280,3030
hash,2591333,137422174808,17177627971
hash,2591334,137422174216,17177627897
hash,2591335,137422174224,17177627898
hash,2591336,137422174200,17177627895
hash,2591337,1175208,3021
hash,2591338,1151101,7
hash,2591339,137422174184,17177627893
hash,2591340,137422174208,17177627896
hash,2591341,137422174216,17177627897
hash,2591342,137422174232,17177627899
hash,2591343,1175280,3030
hash,2591344,137422174808,17177627971
hash,2591345,137422174216,17177627897
hash,2591346,137422174232,17177627899
hash,2591347,1175416,3047
hash,2591348,137422174800,17177627970
hash,2591349,137422174216,17177627897
hash,2591350,137422174224,17177627898
hash,2591351,137422174184,17177627893
hash,2591352,137422174184,17177627893
hash,2591353,137422174192,17177627894
hash,2591354,137422174200,17177627895
hash,2591355,1175216,3022
hash,2591356,1151101,7
hash,2591357,137422174816,17177627972
hash,2591358,137422174168,17177627891
hash,2591359,137422174208,17177627896
hash,2591360,137422174216,17177627897
hash,2591361,137422174248,17177627901
hash,2591362,137422174256,17177627902
hash,2591363,137422174264,17177627903
hash,2591364,81812584,10082693
hash,2591365,137422174184,17177627893
hash,2591366,137422174152,17177627889
hash,2591367,137422174152,17177627889
hash,2591368,137422174152,17177627889
hash,2591369,137422174160,17177627890
hash,2591370,137422174168,17177627891
hash,2591371,1175440,3050
hash,2591372,137422174168,17177627891
hash,2591373,137422174176,17177627892
hash,2591374,1175400,3045
hash,2591375,81812584,10082693
hash,2591376,78470000,9664870
hash,2591377,137422174960,17177627990
hash,2591378,78452688,9662706
hash,2591379,137422175120,17177628010
hash,2591380,137422175304,17177628033
hash,2591381,137422175113,17177628009
hash,2591382,137422175320,17177628035
hash,2591383,137422175000,17177627995
hash,2591384,137422175008,17177627996
hash,2591385,137422175328,17177628036
hash,2591386,67530018,8297372
hash,2591387,78482000,9666370
hash,2591388,80460033,9913624
hash,2591389,137422175000,17177627995
hash,2591390,137422175008,17177627996
hash,2591391,67530019,8297372
hash,2591392,78482000,9666370
hash,2591393,80460189,9913643
hash,2591394,137422174960,17177627990
hash,2591395,78452688,9662706
hash,2591396,137422175120,17177628010
hash,2591397,137422174000,17177627870
hash,2591398,137422174008,17177627871
hash,2591399,137422174016,17177627872
hash,2591400,137422174024,17177627873
hash,2591401,137422174032,17177627874
hash,2591402,137422174040,17177627875
hash,2591403,137422174095,17177627881
hash,2591404,137422174192,17177627894
hash,2591405,137422174960,17177627990
hash,2591406,78452688,9662706
hash,2591407,137422175104,17177628008
hash,2591408,78463968,9664116
hash,2591409,137422175296,17177628032
hash,2591410,78477272,9665779
hash,2591411,137422174040,17177627875
hash,2591412,78462728,9663961
hash,2591413,78465560,9664315
hash,2591414,78477888,9665856
hash,2591415,137422174040,17177627875
hash,2591416,137422174096,17177627882
hash,2591417,78483464,9666553
hash,2591418,78482912,9666484
hash,2591419,78468456,9664677
hash,2591420,137422174096,17177627882
hash,2591421,78477272,9665779
hash,2591422,137422174024,17177627873
hash,2591423,137422174032,17177627874
hash,2591424,137422174040,17177627875
hash,2591425,137422174960,17177627990
hash,2591426,78452688,9662706
hash,2591427,137422175320,17177628035
hash,2591428,137422175000,17177627995
hash,2591429,137422175008,17177627996
hash,2591430,67530019,8297372
hash,2591431,137422174072,17177627879
hash,2591432,78482000,9666370
hash,2591433,80460189,9913643
hash,2591434,137422175000,17177627995
hash,2591435,137422175008,17177627996
hash,2591436,137422174200,17177627895
hash,2591437,67530020,8297372
hash,2591438,80460191,9913643
hash,2591439,67530021,8297372
hash,2591440,80460187,9913643
hash,2591441,67530022,8297372
hash,2591442,80460171,9913641
hash,2591443,67530023,8297372
hash,2591444,80460033,9913624
hash,2591445,78467432,9664549
hash,2591446,137422174200,17177627895
hash,2591447,137422174192,17177627894
hash,2591448,78470984,9664993
hash,2591449,67530019,8297372
hash,2591450,67530019,8297372
hash,2591451,137422174008,17177627871
hash,2591452,137422174192,17177627894
hash,2591453,137422174016,17177627872
hash,2591454,137422174024,17177627873
hash,2591455,137422174032,17177627874
hash,2591456,137422174040,17177627875
hash,2591457,137422174064,17177627878
hash,2591458,137422175000,17177627995
hash,2591459,137422175008,17177627996
hash,2591460,67530023,8297372
hash,2591461,137422174072,17177627879
hash,2591462,78482000,9666370
hash,2591463,80460033,9913624
hash,2591464,137422174960,17177627990
hash,2591465,78452688,9662706
hash,2591466,137422174104,17177627883
hash,2591467,81812584,10082693
hash,2591468,137422174120,17177627885
hash,2591469,137422174128,17177627886
hash,2591470,137422174136,17177627887
hash,2591471,137422174144,17177627888
hash,2591472,137422174152,17177627889
hash,2591473,137422174160,17177627890
hash,2591474,137422174168,17177627891
hash,2591475,137422174960,17177627990
hash,2591476,78452688,9662706
hash,2591477,1175392,3044
hash,2591478,137422175120,17177628010
hash,2591479,137422174168,17177627891
hash,2591480,137422174184,17177627893
hash,2591481,137422174120,17177627885
hash,2591482,137422174316,17177627909
hash,2591483,137422174120,17177627885
hash,2591484,137422174312,17177627909
hash,2591485,137422174120,17177627885
hash,2591486,137422174072,17177627879
hash,2591487,137422174312,17177627909
hash,2591488,137422174092,17177627881
hash,2591489,137422174072,17177627879
hash,2591490,137422173992,17177627869
hash,2591491,137422174312,17177627909
hash,2591492,137422173988,17177627868
hash,2591493,137422173988,17177627868
hash,2591494,1175344,3038
hash,2591495,78464800,9664220
hash,2591496,80818568,9958441
hash,2591497,80788888,9954731
hash,2591498,81812440,10082675
hash,2591499,80789992,9954869
hash,2591500,67346462,8274427
hash,2591501,67346632,8274449
hash,2591502,67422864,8283978
hash,2591503,137422173912,17177627859
hash,2591504,137422173920,17177627860
hash,2591505,137422173928,17177627861
hash,2591506,137422173936,17177627862
hash,2591507,137422173944,17177627863
hash,2591508,137422173960,17177627865
hash,2591509,137422173968,17177627866
hash,2591510,137422173976,17177627867
hash,2591511,137422173992,17177627869
hash,2591512,137422174316,17177627909
hash,2591513,137422174004,17177627870
hash,2591514,137422173992,17177627869
hash,2591515,137422173944,17177627863
hash,2591516,137422174316,17177627909
hash,2591517,137422173964,17177627865
hash,2591518,137422173968,17177627866
hash,2591519,137422173976,17177627867
hash,2591520,137422173992,17177627869
hash,2591521,137422174304,17177627908
hash,2591522,1175320,3035
hash,2591523,78466120,9664385
hash,2591524,137422173976,17177627867
hash,2591525,137422173992,17177627869
hash,2591526,137422174008,17177627871
hash,2591527,137422173992,17177627869
hash,2591528,137422173988,17177627868
hash,2591529,137422174016,17177627872
hash,2591530,137422174024,17177627873
hash,2591531,137422174032,17177627874
hash,2591532,137422174040,17177627875
hash,2591533,137422174048,17177627876
hash,2591534,137422174056,17177627877
hash,2591535,137422174096,17177627882
hash,2591536,137422174104,17177627883
hash,2591537,137422174120,17177627885
hash,2591538,137422174304,17177627908
hash,2591539,137422174120,17177627885
hash,2591540,137422174316,17177627909
hash,2591541,137422174080,17177627880
hash,2591542,137422174096,17177627882
hash,2591543,137422174104,17177627883
hash,2591544,137422174112,17177627884
hash,2591545,1175200,3020
hash,2591546,137422174200,17177627895
hash,2591547,137422174192,17177627894
hash,2591548,78465024,9664248
hash,2591549,81812584,10082693
hash,2591550,67422864,8283978
hash,2591551,78470984,9664993
hash,2591552,137422174208,17177627896
hash,2591553,137422174208,17177627896
hash,2591554,137422174040,17177627875
hash,2591555,137422174048,17177627876
hash,2591556,67422864,8283978
hash,2591557,137422174056,17177627877
hash,2591558,81812584,10082693
hash,2591559,137422174072,17177627879
hash,2591560,137422174080,17177627880
hash,2591561,137422174088,17177627881
hash,2591562,137422174096,17177627882
hash,2591563,137422174104,17177627883
hash,2591564,137422174120,17177627885
hash,2591565,137422174316,17177627909
hash,2591566,137422174120,17177627885
hash,2591567,137422174128,17177627886
hash,2591568,137422174136,17177627887
hash,2591569,137422174144,17177627888
hash,2591570,137422174152,17177627889
hash,2591571,137422174160,17177627890
hash,2591572,137422174168,17177627891
hash,2591573,137422174176,17177627892
hash,2591574,1175400,3045
hash,2591575,81812584,10082693
hash,2591576,78470000,9664870
hash,2591577,137422174960,17177627990
hash,2591578,78452688,9662706
hash,2591579,137422175120,17177628010
hash,2591580,137422175304,17177628033
hash,2591581,137422175113,17177628009
hash,2591582,137422175320,17177628035
hash,2591583,137422175000,17177627995
hash,2591584,137422175008,17177627996
hash,2591585,137422175328,17177628036
hash,2591586,67530023,8297372
hash,2591587,78482000,9666370
hash,2591588,80460033,9913624
hash,2591589,137422175000,17177627995
hash,2591590,137422175008,17177627996
hash,2591591,67530024,8297373
hash,2591592,78482000,9666370
hash,2591593,80460139,9913637
hash,2591594,137422174960,17177627990
hash,2591595,78452688,9662706
hash,2591596,137422175120,17177628010
hash,2591597,137422174000,17177627870
hash,2591598,137422174008,17177627871
hash,2591599,137422174016,17177627872
hash,2591600,137422174024,17177627873
hash,2591601,137422174032,17177627874
hash,2591602,137422174040,17177627875
hash,2591603,137422174095,17177627881
hash,2591604,137422174192,17177627894
hash,2591605,137422174960,17177627990
hash,2591606,78452688,9662706
hash,2591607,137422175104,17177628008
hash,2591608,78463968,9664116
hash,2591609,137422175296,17177628032
hash,2591610,78477272,9665779
hash,2591611,137422174040,17177627875
hash,2591612,78462728,9663961
hash,2591613,78465560,9664315
hash,2591614,78477888,9665856
hash,2591615,137422174040,17177627875
hash,2591616,137422174096,17177627882
hash,2591617,78483464,9666553
hash,2591618,78482912,9666484
hash,2591619,78468456,9664677
hash,2591620,137422174096,17177627882
hash,2591621,78477272,9665779
hash,2591622,137422174024,17177627873
hash,2591623,137422174032,17177627874
hash,2591624,137422174040,17177627875
hash,2591625,137422174960,17177627990
hash,2591626,78452688,9662706
hash,2591627,137422175320,17177628035
hash,2591628,137422175000,17177627995
hash,2591629,137422175008,17177627996
hash,2591630,67530024,8297373
hash,2591631,137422174072,17177627879
hash,2591632,78482000,9666370
hash,2591633,80460139,9913637
hash,2591634,137422175000,17177627995
hash,2591635,137422175008,17177627996
hash,2591636,137422174200,17177627895
hash,2591637,67530025,8297373
hash,2591638,80460199,9913644
hash,2591639,67530026,8297373
hash,2591640,80460171,9913641
hash,2591641,67530027,8297373
hash,2591642,80460197,9913644
hash,2591643,67530028,8297373
hash,2591644,80460069,9913628
hash,2591645,67530029,8297373
hash,2591646,80460077,9913629
hash,2591647,67530030,8297373
hash,2591648,80460033,9913624
hash,2591649,78467432,9664549
hash,2591650,137422174200,17177627895
hash,2591651,137422174192,17177627894
hash,2591652,78470984,9664993
hash,2591653,67530026,8297373
hash,2591654,67530024,8297373
hash,2591655,137422174008,17177627871
hash,2591656,137422174192,17177627894
hash,2591657,137422174016,17177627872
hash,2591658,137422174024,17177627873
hash,2591659,137422174032,17177627874
hash,2591660,137422174040,17177627875
hash,2591661,137422174064,17177627878
hash,2591662,137422175000,17177627995
hash,2591663,137422175008,17177627996
hash,2591664,67530030,8297373
hash,2591665,137422174072,17177627879
hash,2591666,78482000,9666370
hash,2591667,80460033,9913624
hash,2591668,137422174960,17177627990
hash,2591669,78452688,9662706
hash,2591670,137422174104,17177627883
hash,2591671,81812584,10082693
hash,2591672,137422174120,17177627885
hash,2591673,137422174128,17177627886
hash,2591674,137422174136,17177627887
hash,2591675,137422174144,17177627888
hash,2591676,137422174152,17177627889
hash,2591677,137422174160,17177627890
hash,2591678,137422174168,17177627891
hash,2591679,137422174960,17177627990
hash,2591680,78452688,9662706
hash,2591681,1175392,3044
hash,2591682,137422175120,17177628010
hash,2591683,137422174168,17177627891
hash,2591684,137422174184,17177627893
hash,2591685,137422174120,17177627885
hash,2591686,137422174316,17177627909
hash,2591687,137422174120,17177627885
hash,2591688,137422174312,17177627909
hash,2591689,137422174120,17177627885
hash,2591690,137422174304,17177627908
hash,2591691,137422174120,17177627885
hash,2591692,137422174316,17177627909
hash,2591693,137422174080,17177627880
hash,2591694,137422174096,17177627882
hash,2591695,137422174104,17177627883
hash,2591696,137422174112,17177627884
hash,2591697,1175200,3020
hash,2591698,137422174200,17177627895
hash,2591699,137422174192,17177627894
hash,2591700,78465024,9664248
hash,2591701,81812584,10082693
hash,2591702,67422896,8283982
hash,2591703,78470984,9664993
hash,2591704,137422174210,17177627896
hash,2591705,137422174208,17177627896
hash,2591706,137422174040,17177627875
hash,2591707,137422174048,17177627876
hash,2591708,67422896,8283982
hash,2591709,137422174056,17177627877
hash,2591710,81812584,10082693
hash,2591711,137422174072,17177627879
hash,2591712,137422174080,17177627880
hash,2591713,137422174088,17177627881
hash,2591714,137422174096,17177627882
hash,2591715,137422174104,17177627883
hash,2591716,137422174120,17177627885
hash,2591717,137422174316,17177627909
hash,2591718,137422174120,17177627885
hash,2591719,137422174128,17177627886
hash,2591720,137422174136,17177627887
hash,2591721,137422174144,17177627888
hash,2591722,137422174152,17177627889
hash,2591723,137422174160,17177627890
hash,2591724,137422174168,17177627891
hash,2591725,137422174176,17177627892
hash,2591726,1175400,3045
hash,2591727,81812584,10082693
hash,2591728,78470000,9664870
hash,2591729,137422174960,17177627990
hash,2591730,78452688,9662706
hash,2591731,137422175120,17177628010
hash,2591732,137422175304,17177628033
hash,2591733,137422175113,17177628009
hash,2591734,137422175320,17177628035
hash,2591735,137422175000,17177627995
hash,2591736,137422175008,17177627996
hash,2591737,137422175328,17177628036
hash,2591738,67530030,8297373
hash,2591739,78482000,9666370
hash,2591740,80460033,9913624
hash,2591741,137422175000,17177627995
hash,2591742,137422175008,17177627996
hash,2591743,67530031,8297373
hash,2591744,78482000,9666370
hash,2591745,80460171,9913641
hash,2591746,137422174960,17177627990
hash,2591747,78452688,9662706
hash,2591748,137422175120,17177628010
hash,2591749,137422174000,17177627870
hash,2591750,137422174008,17177627871
hash,2591751,137422174016,17177627872
hash,2591752,137422174024,17177627873
hash,2591753,137422174032,17177627874
hash,2591754,137422174040,17177627875
hash,2591755,137422174095,17177627881
hash,2591756,137422174192,17177627894
hash,2591757,137422174960,17177627990
hash,2591758,78452688,9662706
hash,2591759,137422175104,17177628008
hash,2591760,78463968,9664116
hash,2591761,137422175296,17177628032
hash,2591762,78477272,9665779
hash,2591763,137422174040,17177627875
hash,2591764,78462728,9663961
hash,2591765,78465560,9664315
hash,2591766,78477888,9665856
hash,2591767,137422174040,17177627875
hash,2591768,137422174096,17177627882
hash,2591769,78483464,9666553
hash,2591770,78482912,9666484
hash,2591771,78468456,9664677
hash,2591772,137422174096,17177627882
hash,2591773,78477272,9665779
hash,2591774,137422174024,17177627873
hash,2591775,137422174032,17177627874
hash,2591776,137422174040,17177627875
hash,2591777,137422174960,17177627990
hash,2591778,78452688,9662706
hash,2591779,137422175320,17177628035
hash,2591780,137422175000,17177627995
hash,2591781,137422175008,17177627996
hash,2591782,67530031,8297373
hash,2591783,137422174072,17177627879
hash,2591784,78482000,9666370
hash,2591785,80460171,9913641
hash,2591786,137422175000,17177627995
hash,2591787,137422175008,17177627996
hash,2591788,137422174200,17177627895
hash,2591789,67530032,8297374
hash,2591790,80460199,9913644
hash,2591791,67530033,8297374
hash,2591792,80460201,9913645
hash,2591793,67530034,8297374
hash,2591794,80460163,9913640
hash,2591795,67530035,8297374
hash,2591796,80460169,9913641
hash,2591797,67530036,8297374
hash,2591798,80460191,9913643
hash,2591799,67530037,8297374
hash,2591800,80460033,9913624
hash,2591801,78467432,9664549
hash,2591802,137422174200,17177627895
hash,2591803,137422174192,17177627894
hash,2591804,78470984,9664993
hash,2591805,67530033,8297374
hash,2591806,67530031,8297373
hash,2591807,137422174008,17177627871
hash,2591808,137422174192,17177627894
hash,2591809,137422174016,17177627872
hash,2591810,137422174024,17177627873
hash,2591811,137422174032,17177627874
hash,2591812,137422174040,17177627875
hash,2591813,137422174064,17177627878
hash,2591814,137422175000,17177627995
hash,2591815,137422175008,17177627996
hash,2591816,67530037,8297374
hash,2591817,137422174072,17177627879
hash,2591818,78482000,9666370
hash,2591819,80460033,9913624
hash,2591820,137422174960,17177627990
hash,2591821,78452688,9662706
hash,2591822,137422174104,17177627883
hash,2591823,81812584,10082693
hash,2591824,137422174120,17177627885
hash,2591825,137422174128,17177627886
hash,2591826,137422174136,17177627887
hash,2591827,137422174144,17177627888
hash,2591828,137422174152,17177627889
hash,2591829,137422174160,17177627890
hash,2591830,137422174168,17177627891
hash,2591831,137422174960,17177627990
hash,2591832,78452688,9662706
hash,2591833,1175392,3044
hash,2591834,137422175120,17177628010
hash,2591835,137422174168,17177627891
hash,2591836,137422174184,17177627893
hash,2591837,137422174120,17177627885
hash,2591838,137422174316,17177627909
hash,2591839,137422174120,17177627885
hash,2591840,137422174312,17177627909
hash,2591841,137422174120,17177627885
hash,2591842,137422174304,17177627908
hash,2591843,137422174120,17177627885
hash,2591844,137422174316,17177627909
hash,2591845,137422174080,17177627880
hash,2591846,137422174096,17177627882
hash,2591847,137422174104,17177627883
hash,2591848,137422174112,17177627884
hash,2591849,1175200,3020
hash,2591850,137422174200,17177627895
hash,2591851,137422174192,17177627894
hash,2591852,78465024,9664248
hash,2591853,81812584,10082693
hash,2591854,67422928,8283986
hash,2591855,78470984,9664993
hash,2591856,137422174210,17177627896
hash,2591857,137422174208,17177627896
hash,2591858,137422174040,17177627875
hash,2591859,137422174048,17177627876
hash,2591860,67422928,8283986
hash,2591861,137422174056,17177627877
hash,2591862,81812584,10082693
hash,2591863,137422174072,17177627879
hash,2591864,137422174080,17177627880
hash,2591865,137422174088,17177627881
hash,2591866,137422174096,17177627882
hash,2591867,137422174104,17177627883
hash,2591868,137422174120,17177627885
hash,2591869,137422174316,17177627909
hash,2591870,137422174120,17177627885
hash,2591871,137422174128,17177627886
hash,2591872,137422174136,17177627887
hash,2591873,137422174144,17177627888
hash,2591874,137422174152,17177627889
hash,2591875,137422174160,17177627890
hash,2591876,137422174168,17177627891
hash,2591877,137422174176,17177627892
hash,2591878,1175400,3045
hash,2591879,81812584,10082693
hash,2591880,78470000,9664870
hash,2591881,137422174960,17177627990
hash,2591882,78452688,9662706
hash,2591883,137422175120,17177628010
hash,2591884,137422175304,17177628033
hash,2591885,137422175113,17177628009
hash,2591886,137422175320,17177628035
hash,2591887,137422175000,17177627995
hash,2591888,137422175008,17177627996
hash,2591889,137422175328,17177628036
hash,2591890,67530037,8297374
hash,2591891,78482000,9666370
hash,2591892,80460033,9913624
hash,2591893,137422175000,17177627995
hash,2591894,137422175008,17177627996
hash,2591895,67530038,8297374
hash,2591896,78482000,9666370
hash,2591897,80460101,9913632
hash,2591898,137422174960,17177627990
hash,2591899,78452688,9662706
hash,2591900,137422175120,17177628010
hash,2591901,137422174000,17177627870
hash,2591902,137422174008,17177627871
hash,2591903,137422174016,17177627872
hash,2591904,137422174024,17177627873
hash,2591905,137422174032,17177627874
hash,2591906,137422174040,17177627875
hash,2591907,137422174095,17177627881
hash,2591908,137422174192,17177627894
hash,2591909,137422174960,17177627990
hash,2591910,78452688,9662706
hash,2591911,137422175104,17177628008
hash,2591912,78463968,9664116
hash,2591913,137422175296,17177628032
hash,2591914,78477272,9665779
hash,2591915,137422174040,17177627875
hash,2591916,78462728,9663961
hash,2591917,78465560,9664315
hash,2591918,78477888,9665856
hash,2591919,137422174040,17177627875
hash,2591920,137422174096,17177627882
hash,2591921,78483464,9666553
hash,2591922,78482912,9666484
hash,2591923,78468456,9664677
hash,2591924,137422174096,17177627882
hash,2591925,78477272,9665779
hash,2591926,137422174024,17177627873
hash,2591927,137422174032,17177627874
hash,2591928,137422174040,17177627875
hash,2591929,137422174960,17177627990
hash,2591930,78452688,9662706
hash,2591931,137422175320,17177628035
hash,2591932,137422175000,17177627995
hash,2591933,137422175008,17177627996
hash,2591934,67530038,8297374
hash,2591935,137422174072,17177627879
hash,2591936,78482000,9666370
hash,2591937,80460101,9913632
hash,2591938,137422175000,17177627995
hash,2591939,137422175008,17177627996
hash,2591940,137422174200,17177627895
hash,2591941,67530039,8297374
hash,2591942,80460099,9913632
hash,2591943,78467432,9664549
hash,2591944,137422174200,17177627895
hash,2591945,137422174192,17177627894
hash,2591946,78470984,9664993
hash,2591947,67530038,8297374
hash,2591948,67530038,8297374
hash,2591949,137422174008,17177627871
hash,2591950,137422174192,17177627894
hash,2591951,137422174016,17177627872
hash,2591952,137422174024,17177627873
hash,2591953,137422174032,17177627874
hash,2591954,137422174040,17177627875
hash,2591955,137422174064,17177627878
hash,2591956,137422175000,17177627995
hash,2591957,137422175008,17177627996
hash,2591958,137422174984,17177627993
hash,2591959,78451904,9662608
hash,2591960,137422175048,17177628001
hash,2591961,137422175024,17177627998
hash,2591962,137422175008,17177627996
hash,2591963,137422175000,17177627995
hash,2591964,137422174040,17177627875
hash,2591965,137422174960,17177627990
hash,2591966,78452688,9662706
hash,2591967,78452688,9662706
hash,2591968,137422175120,17177628010
hash,2591969,78470440,9664925
hash,2591970,137422175320,17177628035
hash,2591971,137422175116,17177628009
hash,2591972,137422174040,17177627875
hash,2591973,137422174104,17177627883
hash,2591974,81812584,10082693
hash,2591975,137422174120,17177627885
hash,2591976,137422174128,17177627886
hash,2591977,137422174136,17177627887
hash,2591978,137422174144,17177627888
hash,2591979,137422174152,17177627889
hash,2591980,137422174160,17177627890
hash,2591981,137422174168,17177627891
hash,2591982,137422174960,17177627990
hash,2591983,78452688,9662706
hash,2591984,1175392,3044
hash,2591985,137422175120,17177628010
hash,2591986,137422174168,17177627891
hash,2591987,137422174184,17177627893
hash,2591988,137422174120,17177627885
hash,2591989,137422174316,17177627909
hash,2591990,137422174120,17177627885
hash,2591991,137422174312,17177627909
hash,2591992,137422174120,17177627885
hash,2591993,137422174304,17177627908
hash,2591994,137422174120,17177627885
hash,2591995,137422174316,17177627909
hash,2591996,137422174080,17177627880
hash,2591997,137422174096,17177627882
hash,2591998,137422174104,17177627883
hash,2591999,137422174112,17177627884
hash,2592000,1175200,3020
hash,2592001,137422174200,17177627895
hash,2592002,137422174192,17177627894
hash,2592003,78465024,9664248
hash,2592004,81812584,10082693
hash,2592005,67422960,8283990
hash,2592006,78470984,9664993
hash,2592007,137422174208,17177627896
hash,2592008,137422174208,17177627896
hash,2592009,137422174040,17177627875
hash,2592010,137422174048,17177627876
hash,2592011,67422960,8283990
hash,2592012,137422174056,17177627877
hash,2592013,81812584,10082693
hash,2592014,137422174072,17177627879
hash,2592015,137422174080,17177627880
hash,2592016,137422174088,17177627881
hash,2592017,137422174096,17177627882
hash,2592018,137422174104,17177627883
hash,2592019,137422174120,17177627885
hash,2592020,137422174316,17177627909
hash,2592021,137422174120,17177627885
hash,2592022,137422174128,17177627886
hash,2592023,137422174136,17177627887
hash,2592024,137422174144,17177627888
hash,2592025,137422174152,17177627889
hash,2592026,137422174160,17177627890
hash,2592027,137422174168,17177627891
hash,2592028,137422174176,17177627892
hash,2592029,1175400,3045
hash,2592030,81812584,10082693
hash,2592031,78470000,9664870
hash,2592032,137422174960,17177627990
hash,2592033,78452688,9662706
hash,2592034,137422175120,17177628010
hash,2592035,137422174000,17177627870
hash,2592036,137422174008,17177627871
hash,2592037,137422174016,17177627872
hash,2592038,137422174024,17177627873
hash,2592039,137422174032,17177627874
hash,2592040,78470440,9664925
hash,2592041,137422175320,17177628035
hash,2592042,137422175116,17177628009
hash,2592043,137422174040,17177627875
hash,2592044,137422174095,17177627881
hash,2592045,137422174960,17177627990
hash,2592046,78452688,9662706
hash,2592047,137422175120,17177628010
hash,2592048,78470440,9664925
hash,2592049,137422175320,17177628035
hash,2592050,137422175116,17177628009
hash,2592051,137422174040,17177627875
hash,2592052,137422174104,17177627883
hash,2592053,81812584,10082693
hash,2592054,137422174120,17177627885
hash,2592055,137422174128,17177627886
hash,2592056,137422174136,17177627887
hash,2592057,137422174144,17177627888
hash,2592058,137422174152,17177627889
hash,2592059,137422174160,17177627890
hash,2592060,137422174168,17177627891
hash,2592061,137422174960,17177627990
hash,2592062,78452688,9662706
hash,2592063,1175392,3044
hash,2592064,137422175120,17177628010
hash,2592065,137422174168,17177627891
hash,2592066,1175256,3027
hash,2592067,137422174192,17177627894
hash,2592068,137422174168,17177627891
hash,2592069,137422174232,17177627899
hash,2592070,81812584,10082693
hash,2592071,137422174184,17177627893
hash,2592072,137422174248,17177627901
hash,2592073,137422174256,17177627902
hash,2592074,137422174264,17177627903
hash,2592075,81812584,10082693
hash,2592076,137422174136,17177627887
hash,2592077,137422174104,17177627883
hash,2592078,137422174096,17177627882
hash,2592079,137422174112,17177627884
hash,2592080,137422174120,17177627885
hash,2592081,1175432,3049
hash,2592082,78466192,9664394
hash,2592083,1151706,83
hash,2592084,137422174088,17177627881
hash,2592085,137422174096,17177627882
hash,2592086,137422174104,17177627883
hash,2592087,137422174112,17177627884
hash,2592088,78469192,9664769
hash,2592089,81812584,10082693
hash,2592090,137422174192,17177627894
hash,2592091,78470984,9664993
hash,2592092,1151706,83
hash,2592093,1151706,83
hash,2592094,137422174056,17177627877
hash,2592095,137422174064,17177627878
hash,2592096,137422174192,17177627894
hash,2592097,137422174072,17177627879
hash,2592098,81812584,10082693
hash,2592099,137422174088,17177627881
hash,2592100,137422174096,17177627882
hash,2592101,137422174104,17177627883
hash,2592102,137422174112,17177627884
hash,2592103,137422174120,17177627885
hash,2592104,137422174128,17177627886
hash,2592105,81812584,10082693
hash,2592106,137422174064,17177627878
hash,2592107,137422174024,17177627873
hash,2592108,137422173992,17177627869
hash,2592109,137422174316,17177627909
hash,2592110,137422174000,17177627870
hash,2592111,137422174008,17177627871
hash,2592112,137422174044,17177627875
hash,2592113,137422174044,17177627875
hash,2592114,137422174024,17177627873
hash,2592115,137422173992,17177627869
hash,2592116,137422174304,17177627908
hash,2592117,137422173988,17177627868
hash,2592118,137422174000,17177627870
hash,2592119,137422174008,17177627871
hash,2592120,137422173992,17177627869
hash,2592121,137422173944,17177627863
hash,2592122,1175280,3030
hash,2592123,67422872,8283979
hash,2592124,137422173928,17177627861
hash,2592125,137422173936,17177627862
hash,2592126,137422173912,17177627859
hash,2592127,1175208,3021
hash,2592128,1151040,0
hash,2592129,137422173896,17177627857
hash,2592130,137422173920,17177627860
hash,2592131,137422173928,17177627861
hash,2592132,137422173960,17177627865
hash,2592133,137422173968,17177627866
hash,2592134,137422173976,17177627867
hash,2592135,137422173992,17177627869
hash,2592136,137422173944,17177627863
hash,2592137,1175280,3030
hash,2592138,67422872,8283979
hash,2592139,137422173928,17177627861
hash,2592140,137422173936,17177627862
hash,2592141,137422173912,17177627859
hash,2592142,1175208,3021
hash,2592143,1151044,0
hash,2592144,137422173896,17177627857
hash,2592145,137422173920,17177627860
hash,2592146,137422173928,17177627861
hash,2592147,137422173960,17177627865
hash,2592148,137422173968,17177627866
hash,2592149,137422173976,17177627867
hash,2592150,137422173992,17177627869
hash,2592151,137422173944,17177627863
hash,2592152,1175280,3030
hash,2592153,67422872,8283979
hash,2592154,137422173928,17177627861
hash,2592155,137422173936,17177627862
hash,2592156,137422173912,17177627859
hash,2592157,1175208,3021
hash,2592158,1151047,0
hash,2592159,137422173896,17177627857
hash,2592160,137422173920,17177627860
hash,2592161,137422173928,17177627861
hash,2592162,137422173960,17177627865
hash,2592163,137422173968,17177627866
hash,2592164,137422173976,17177627867
hash,2592165,137422174000,17177627870
hash,2592166,137422174008,17177627871
hash,2592167,137422174024,17177627873
hash,2592168,137422173992,17177627869
hash,2592169,137422174316,17177627909
hash,2592170,137422174000,17177627870
hash,2592171,137422174008,17177627871
hash,2592172,137422174044,17177627875
hash,2592173,137422174044,17177627875
hash,2592174,137422174024,17177627873
hash,2592175,137422173992,17177627869
hash,2592176,137422174304,17177627908
hash,2592177,137422173988,17177627868
hash,2592178,137422174000,17177627870
hash,2592179,137422174008,17177627871
hash,2592180,137422173992,17177627869
hash,2592181,137422173944,17177627863
hash,2592182,1175280,3030
hash,2592183,67422904,8283983
hash,2592184,137422173928,17177627861
hash,2592185,137422173936,17177627862
hash,2592186,137422173912,17177627859
hash,2592187,1175208,3021
hash,2592188,1151040,0
hash,2592189,137422173896,17177627857
hash,2592190,137422173920,17177627860
hash,2592191,137422173928,17177627861
hash,2592192,137422173960,17177627865
hash,2592193,137422173968,17177627866
hash,2592194,137422173976,17177627867
hash,2592195,137422173992,17177627869
hash,2592196,137422173944,17177627863
hash,2592197,1175280,3030
hash,2592198,67422904,8283983
hash,2592199,137422173928,17177627861
hash,2592200,137422173936,17177627862
hash,2592201,137422173912,17177627859
hash,2592202,1175208,3021
hash,2592203,1151044,0
hash,2592204,137422173896,17177627857
hash,2592205,137422173920,17177627860
hash,2592206,137422173928,17177627861
hash,2592207,137422173960,17177627865
hash,2592208,137422173968,17177627866
hash,2592209,137422173976,17177627867
hash,2592210,137422173992,17177627869
hash,2592211,137422173944,17177627863
hash,2592212,1175280,3030
hash,2592213,67422904,8283983
hash,2592214,137422173928,17177627861
hash,2592215,137422173936,17177627862
hash,2592216,137422173912,17177627859
hash,2592217,1175208,3021
hash,2592218,1151047,0
hash,2592219,137422173896,17177627857
hash,2592220,137422173920,17177627860
hash,2592221,137422173928,17177627861
hash,2592222,137422173960,17177627865
hash,2592223,137422173968,17177627866
hash,2592224,137422173976,17177627867
hash,2592225,137422174000,17177627870
hash,2592226,137422174008,17177627871
hash,2592227,137422174024,17177627873
hash,2592228,137422173992,17177627869
hash,2592229,137422174316,17177627909
hash,2592230,137422174000,17177627870
hash,2592231,137422174008,17177627871
hash,2592232,137422174044,17177627875
hash,2592233,137422174044,17177627875
hash,2592234,137422174024,17177627873
hash,2592235,137422173992,17177627869
hash,2592236,137422174304,17177627908
hash,2592237,137422173988,17177627868
hash,2592238,137422174000,17177627870
hash,2592239,137422174008,17177627871
hash,2592240,137422173992,17177627869
hash,2592241,137422173944,17177627863
hash,2592242,1175280,3030
hash,2592243,67422936,8283987
hash,2592244,137422173928,17177627861
hash,2592245,137422173936,17177627862
hash,2592246,137422173912,17177627859
hash,2592247,1175208,3021
hash,2592248,1151040,0
hash,2592249,137422173896,17177627857
hash,2592250,137422173920,17177627860
hash,2592251,137422173928,17177627861
hash,2592252,137422173960,17177627865
hash,2592253,137422173968,17177627866
hash,2592254,137422173976,17177627867
hash,2592255,137422173992,17177627869
hash,2592256,137422173944,17177627863
hash,2592257,1175280,3030
hash,2592258,67422936,8283987
hash,2592259,137422173928,17177627861
hash,2592260,137422173936,17177627862
hash,2592261,137422173912,17177627859
hash,2592262,1175208,3021
hash,2592263,1151044,0
hash,2592264,137422173896,17177627857
hash,2592265,137422173920,17177627860
hash,2592266,137422173928,17177627861
hash,2592267,137422173960,17177627865
hash,2592268,137422173968,17177627866
hash,2592269,137422173976,17177627867
hash,2592270,137422173992,17177627869
hash,2592271,137422173944,17177627863
hash,2592272,1175280,3030
hash,2592273,67422936,8283987
hash,2592274,137422173928,17177627861
hash,2592275,137422173936,17177627862
hash,2592276,137422173912,17177627859
hash,2592277,1175208,3021
hash,2592278,1151047,0
hash,2592279,137422173896,17177627857
hash,2592280,137422173920,17177627860
hash,2592281,137422173928,17177627861
hash,2592282,137422173960,17177627865
hash,2592283,137422173968,17177627866
hash,2592284,137422173976,17177627867
hash,2592285,137422174000,17177627870
hash,2592286,137422174008,17177627871
hash,2592287,137422174024,17177627873
hash,2592288,137422173992,17177627869
hash,2592289,137422174316,17177627909
hash,2592290,137422174000,17177627870
hash,2592291,137422174008,17177627871
hash,2592292,137422174044,17177627875
hash,2592293,137422174044,17177627875
hash,2592294,137422174024,17177627873
hash,2592295,137422173992,17177627869
hash,2592296,137422174304,17177627908
hash,2592297,137422173988,17177627868
hash,2592298,137422174000,17177627870
hash,2592299,137422174008,17177627871
hash,2592300,137422173992,17177627869
hash,2592301,137422173944,17177627863
hash,2592302,1175280,3030
hash,2592303,67422968,8283991
hash,2592304,137422173928,17177627861
hash,2592305,137422173936,17177627862
hash,2592306,137422173912,17177627859
hash,2592307,1175208,3021
hash,2592308,1151040,0
hash,2592309,137422173896,17177627857
hash,2592310,137422173920,17177627860
hash,2592311,137422173928,17177627861
hash,2592312,137422173960,17177627865
hash,2592313,137422173968,17177627866
hash,2592314,137422173976,17177627867
hash,2592315,137422173992,17177627869
hash,2592316,137422173944,17177627863
hash,2592317,1175280,3030
hash,2592318,67422968,8283991
hash,2592319,137422173928,17177627861
hash,2592320,137422173936,17177627862
hash,2592321,137422173912,17177627859
hash,2592322,1175208,3021
hash,2592323,1151044,0
hash,2592324,137422173896,17177627857
hash,2592325,137422173920,17177627860
hash,2592326,137422173928,17177627861
hash,2592327,137422173944,17177627863
hash,2592328,1175280,3030
hash,2592329,67422968,8283991
hash,2592330,137422173928,17177627861
hash,2592331,137422173944,17177627863
hash,2592332,1175416,3047
hash,2592333,67422960,8283990
hash,2592334,137422173928,17177627861
hash,2592335,137422173936,17177627862
hash,2592336,137422173896,17177627857
hash,2592337,137422173896,17177627857
hash,2592338,137422173904,17177627858
hash,2592339,137422173912,17177627859
hash,2592340,1175216,3022
hash,2592341,1151044,0
hash,2592342,67422976,8283992
hash,2592343,1151044,0
hash,2592344,67422976,8283992
hash,2592345,137422173880,17177627855
hash,2592346,137422173920,17177627860
hash,2592347,137422173928,17177627861
hash,2592348,137422173960,17177627865
hash,2592349,137422173968,17177627866
hash,2592350,137422173976,17177627867
hash,2592351,137422173992,17177627869
hash,2592352,137422173944,17177627863
hash,2592353,1175280,3030
hash,2592354,67422968,8283991
hash,2592355,137422173928,17177627861
hash,2592356,137422173936,17177627862
hash,2592357,137422173912,17177627859
hash,2592358,1175208,3021
hash,2592359,1151047,0
hash,2592360,137422173896,17177627857
hash,2592361,137422173920,17177627860
hash,2592362,137422173928,17177627861
hash,2592363,137422173960,17177627865
hash,2592364,137422173968,17177627866
hash,2592365,137422173976,17177627867
hash,2592366,137422174000,17177627870
hash,2592367,137422174008,17177627871
hash,2592368,137422174024,17177627873
hash,2592369,137422173992,17177627869
hash,2592370,137422174316,17177627909
hash,2592371,137422174000,17177627870
hash,2592372,137422174008,17177627871
hash,2592373,137422174044,17177627875
hash,2592374,137422174048,17177627876
hash,2592375,137422174056,17177627877
hash,2592376,137422174088,17177627881
hash,2592377,137422174064,17177627878
hash,2592378,137422174072,17177627879
hash,2592379,137422174080,17177627880
hash,2592380,81812584,10082693
hash,2592381,137422173920,17177627860
hash,2592382,137422173928,17177627861
hash,2592383,81812584,10082693
hash,2592384,137422173752,17177627839
hash,2592385,137422173704,17177627833
hash,2592386,137422173704,17177627833
hash,2592387,137422173704,17177627833
hash,2592388,137422173712,17177627834
hash,2592389,137422173720,17177627835
hash,2592390,137422173736,17177627837
hash,2592391,137422173704,17177627833
hash,2592392,137422174316,17177627909
hash,2592393,137422173712,17177627834
hash,2592394,137422173720,17177627835
hash,2592395,137422173772,17177627841
hash,2592396,137422173736,17177627837
hash,2592397,137422173744,17177627838
hash,2592398,137422173688,17177627831
hash,2592399,137422173640,17177627825
hash,2592400,1175440,3050
hash,2592401,137422173624,17177627823
hash,2592402,137422173640,17177627825
hash,2592403,1175440,3050
hash,2592404,137422173624,17177627823
hash,2592405,137422173640,17177627825
hash,2592406,1175440,3050
hash,2592407,137422173624,17177627823
hash,2592408,137422173648,17177627826
hash,2592409,137422173656,17177627827
hash,2592410,137422173664,17177627828
hash,2592411,137422173772,17177627841
hash,2592412,137422173664,17177627828
hash,2592413,137422173672,17177627829
hash,2592414,137422173640,17177627825
hash,2592415,137422174304,17177627908
hash,2592416,137422173636,17177627824
hash,2592417,137422173648,17177627826
hash,2592418,137422173656,17177627827
hash,2592419,137422173688,17177627831
hash,2592420,1175168,3016
hash,2592421,78470856,9664977
hash,2592422,81812584,10082693
hash,2592423,137422173776,17177627842
hash,2592424,67422872,8283979
hash,2592425,67422864,8283978
hash,2592426,78470984,9664993
hash,2592427,67422880,8283980
hash,2592428,67422880,8283980
hash,2592429,137422173544,17177627813
hash,2592430,137422173776,17177627842
hash,2592431,137422173560,17177627815
hash,2592432,81812584,10082693
hash,2592433,137422173576,17177627817
hash,2592434,137422173584,17177627818
hash,2592435,137422173592,17177627819
hash,2592436,137422173600,17177627820
hash,2592437,137422173608,17177627821
hash,2592438,137422173616,17177627822
hash,2592439,137422173624,17177627823
hash,2592440,137422173640,17177627825
hash,2592441,137422173648,17177627826
hash,2592442,137422173656,17177627827
hash,2592443,137422173688,17177627831
hash,2592444,137422173688,17177627831
hash,2592445,137422173680,17177627830
hash,2592446,137422173640,17177627825
hash,2592447,137422173592,17177627819
hash,2592448,1175280,3030
hash,2592449,137422174200,17177627895
hash,2592450,137422173576,17177627817
hash,2592451,137422173584,17177627818
hash,2592452,137422173560,17177627815
hash,2592453,1175208,3021
hash,2592454,1151051,1
hash,2592455,137422173544,17177627813
hash,2592456,137422173568,17177627816
hash,2592457,137422173576,17177627817
hash,2592458,137422173592,17177627819
hash,2592459,1175280,3030
hash,2592460,137422174200,17177627895
hash,2592461,137422173576,17177627817
hash,2592462,137422173592,17177627819
hash,2592463,1175416,3047
hash,2592464,137422174192,17177627894
hash,2592465,137422173576,17177627817
hash,2592466,137422173584,17177627818
hash,2592467,137422173544,17177627813
hash,2592468,137422173544,17177627813
hash,2592469,137422173552,17177627814
hash,2592470,137422173560,17177627815
hash,2592471,1175216,3022
hash,2592472,1151051,1
hash,2592473,137422174208,17177627896
hash,2592474,137422173528,17177627811
hash,2592475,137422173568,17177627816
hash,2592476,137422173576,17177627817
hash,2592477,137422173608,17177627821
hash,2592478,137422173616,17177627822
hash,2592479,137422173624,17177627823
hash,2592480,137422173632,17177627824
hash,2592481,137422173592,17177627819
hash,2592482,1175280,3030
hash,2592483,137422173784,17177627843
hash,2592484,137422173576,17177627817
hash,2592485,137422173584,17177627818
hash,2592486,137422173560,17177627815
hash,2592487,1175208,3021
hash,2592488,1151054,1
hash,2592489,137422173544,17177627813
hash,2592490,137422173568,17177627816
hash,2592491,137422173576,17177627817
hash,2592492,137422173608,17177627821
hash,2592493,137422173616,17177627822
hash,2592494,137422173624,17177627823
hash,2592495,137422173648,17177627826
hash,2592496,137422173656,17177627827
hash,2592497,137422173664,17177627828
hash,2592498,137422173772,17177627841
hash,2592499,137422173664,17177627828
hash,2592500,137422173672,17177627829
hash,2592501,137422173640,17177627825
hash,2592502,137422174304,17177627908
hash,2592503,137422173636,17177627824
hash,2592504,137422173648,17177627826
hash,2592505,137422173656,17177627827
hash,2592506,137422173688,17177627831
hash,2592507,1175168,3016
hash,2592508,78470856,9664977
hash,2592509,81812584,10082693
hash,2592510,137422173816,17177627847
hash,2592511,67422904,8283983
hash,2592512,67422896,8283982
hash,2592513,78470984,9664993
hash,2592514,67422914,8283984
hash,2592515,67422912,8283984
hash,2592516,137422173544,17177627813
hash,2592517,137422173816,17177627847
hash,2592518,137422173560,17177627815
hash,2592519,81812584,10082693
hash,2592520,137422173576,17177627817
hash,2592521,137422173584,17177627818
hash,2592522,137422173592,17177627819
hash,2592523,137422173600,17177627820
hash,2592524,137422173608,17177627821
hash,2592525,137422173616,17177627822
hash,2592526,137422173624,17177627823
hash,2592527,137422173640,17177627825
hash,2592528,137422173648,17177627826
hash,2592529,137422173656,17177627827
hash,2592530,137422173688,17177627831
hash,2592531,1175424,3048
hash,2592532,78466192,9664394
hash,2592533,1151089,6
hash,2592534,137422173624,17177627823
hash,2592535,137422173856,17177627852
hash,2592536,137422173632,17177627824
hash,2592537,137422173640,17177627825
hash,2592538,137422173648,17177627826
hash,2592539,78463176,9664017
hash,2592540,137422173856,17177627852
hash,2592541,137422173848,17177627851
hash,2592542,137422173848,17177627851
hash,2592543,137422173616,17177627822
hash,2592544,137422173624,17177627823
hash,2592545,137422173632,17177627824
hash,2592546,137422173640,17177627825
hash,2592547,137422173648,17177627826
hash,2592548,137422173656,17177627827
hash,2592549,137422173688,17177627831
hash,2592550,137422173704,17177627833
hash,2592551,137422173712,17177627834
hash,2592552,137422173720,17177627835
hash,2592553,137422173752,17177627839
hash,2592554,137422173672,17177627829
hash,2592555,137422173980,17177627867
hash,2592556,137422173672,17177627829
hash,2592557,137422173976,17177627867
hash,2592558,137422173672,17177627829
hash,2592559,137422173624,17177627823
hash,2592560,137422173976,17177627867
hash,2592561,137422173644,17177627825
hash,2592562,137422173624,17177627823
hash,2592563,137422173544,17177627813
hash,2592564,137422173976,17177627867
hash,2592565,137422173540,17177627812
hash,2592566,137422173540,17177627812
hash,2592567,1175344,3038
hash,2592568,78464800,9664220
hash,2592569,80818568,9958441
hash,2592570,80788888,9954731
hash,2592571,81812440,10082675
hash,2592572,80789992,9954869
hash,2592573,67346498,8274432
hash,2592574,67346776,8274467
hash,2592575,67529584,8297318
hash,2592576,137422173464,17177627803
hash,2592577,137422173472,17177627804
hash,2592578,137422173480,17177627805
hash,2592579,137422173488,17177627806
hash,2592580,137422173496,17177627807
hash,2592581,137422173512,17177627809
hash,2592582,137422173520,17177627810
hash,2592583,137422173528,17177627811
hash,2592584,137422173544,17177627813
hash,2592585,137422173980,17177627867
hash,2592586,137422173556,17177627814
hash,2592587,137422173544,17177627813
hash,2592588,137422173496,17177627807
hash,2592589,137422173980,17177627867
hash,2592590,137422173516,17177627809
hash,2592591,137422173520,17177627810
hash,2592592,137422173528,17177627811
hash,2592593,137422173544,17177627813
hash,2592594,137422173968,17177627866
hash,2592595,1175320,3035
hash,2592596,78466120,9664385
hash,2592597,137422173528,17177627811
hash,2592598,137422173544,17177627813
hash,2592599,137422173560,17177627815
hash,2592600,137422173544,17177627813
hash,2592601,137422173540,17177627812
hash,2592602,137422173568,17177627816
hash,2592603,137422173576,17177627817
hash,2592604,137422173584,17177627818
hash,2592605,137422173592,17177627819
hash,2592606,137422173600,17177627820
hash,2592607,137422173608,17177627821
hash,2592608,137422173648,17177627826
hash,2592609,137422173656,17177627827
hash,2592610,137422173672,17177627829
hash,2592611,137422173968,17177627866
hash,2592612,137422173672,17177627829
hash,2592613,137422173980,17177627867
hash,2592614,137422173632,17177627824
hash,2592615,137422173648,17177627826
hash,2592616,137422173656,17177627827
hash,2592617,137422173664,17177627828
hash,2592618,137422173624,17177627823
hash,2592619,137422173616,17177627822
hash,2592620,1175200,3020
hash,2592621,137422173784,17177627843
hash,2592622,137422173776,17177627842
hash,2592623,78465024,9664248
hash,2592624,81812584,10082693
hash,2592625,67529584,8297318
hash,2592626,78470984,9664993
hash,2592627,137422173792,17177627844
hash,2592628,137422173792,17177627844
hash,2592629,137422173544,17177627813
hash,2592630,137422173552,17177627814
hash,2592631,67529584,8297318
hash,2592632,137422173560,17177627815
hash,2592633,81812584,10082693
hash,2592634,137422173576,17177627817
hash,2592635,137422173584,17177627818
hash,2592636,137422173592,17177627819
hash,2592637,137422173600,17177627820
hash,2592638,137422173608,17177627821
hash,2592639,137422173616,17177627822
hash,2592640,137422173808,17177627846
hash,2592641,137422173624,17177627823
hash,2592642,137422173624,17177627823
hash,2592643,137422173616,17177627822
hash,2592644,1175200,3020
hash,2592645,137422173824,17177627848
hash,2592646,137422173816,17177627847
hash,2592647,78465024,9664248
hash,2592648,81812584,10082693
hash,2592649,67529624,8297323
hash,2592650,78470984,9664993
hash,2592651,137422173834,17177627849
hash,2592652,137422173832,17177627849
hash,2592653,137422173544,17177627813
hash,2592654,137422173552,17177627814
hash,2592655,67529624,8297323
hash,2592656,137422173560,17177627815
hash,2592657,81812584,10082693
hash,2592658,137422173576,17177627817
hash,2592659,137422173584,17177627818
hash,2592660,137422173592,17177627819
hash,2592661,137422173600,17177627820
hash,2592662,137422173608,17177627821
hash,2592663,137422173624,17177627823
hash,2592664,137422173616,17177627822
hash,2592665,1175200,3020
hash,2592666,137422173856,17177627852
hash,2592667,137422173848,17177627851
hash,2592668,78465024,9664248
hash,2592669,81812584,10082693
hash,2592670,67529656,8297327
hash,2592671,137422173560,17177627815
hash,2592672,81812584,10082693
hash,2592673,137422173576,17177627817
hash,2592674,137422173584,17177627818
hash,2592675,137422173592,17177627819
hash,2592676,137422173600,17177627820
hash,2592677,137422173608,17177627821
hash,2592678,137422173640,17177627825
hash,2592679,137422173648,17177627826
hash,2592680,137422173656,17177627827
hash,2592681,137422173672,17177627829
hash,2592682,137422173980,17177627867
hash,2592683,137422173672,17177627829
hash,2592684,137422173680,17177627830
hash,2592685,137422173688,17177627831
hash,2592686,137422173696,17177627832
hash,2592687,137422173704,17177627833
hash,2592688,137422173712,17177627834
hash,2592689,137422173720,17177627835
hash,2592690,137422173704,17177627833
hash,2592691,1175256,3027
hash,2592692,137422173848,17177627851
hash,2592693,137422173688,17177627831
hash,2592694,137422173704,17177627833
hash,2592695,1175256,3027
hash,2592696,137422173816,17177627847
hash,2592697,137422173688,17177627831
hash,2592698,137422173704,17177627833
hash,2592699,1175256,3027
hash,2592700,137422173776,17177627842
hash,2592701,137422173688,17177627831
hash,2592702,137422173712,17177627834
hash,2592703,137422173720,17177627835
hash,2592704,137422173736,17177627837
hash,2592705,137422173704,17177627833
hash,2592706,137422174316,17177627909
hash,2592707,137422173712,17177627834
hash,2592708,137422173720,17177627835
hash,2592709,137422173772,17177627841
hash,2592710,137422173736,17177627837
hash,2592711,137422173744,17177627838
hash,2592712,137422173688,17177627831
hash,2592713,137422173640,17177627825
hash,2592714,1175440,3050
hash,2592715,137422173624,17177627823
hash,2592716,137422173640,17177627825
hash,2592717,1175440,3050
hash,2592718,137422173624,17177627823
hash,2592719,137422173640,17177627825
hash,2592720,1175440,3050
hash,2592721,137422173624,17177627823
hash,2592722,137422173648,17177627826
hash,2592723,137422173656,17177627827
hash,2592724,137422173664,17177627828
hash,2592725,137422173772,17177627841
hash,2592726,137422173664,17177627828
hash,2592727,137422173672,17177627829
hash,2592728,137422173640,17177627825
hash,2592729,137422174304,17177627908
hash,2592730,137422173636,17177627824
hash,2592731,137422173648,17177627826
hash,2592732,137422173656,17177627827
hash,2592733,137422173688,17177627831
hash,2592734,1175168,3016
hash,2592735,78470856,9664977
hash,2592736,81812584,10082693
hash,2592737,137422173776,17177627842
hash,2592738,67422936,8283987
hash,2592739,67422928,8283986
hash,2592740,78470984,9664993
hash,2592741,67422946,8283988
hash,2592742,67422944,8283988
hash,2592743,137422173544,17177627813
hash,2592744,137422173776,17177627842
hash,2592745,137422173560,17177627815
hash,2592746,81812584,10082693
hash,2592747,137422173576,17177627817
hash,2592748,137422173584,17177627818
hash,2592749,137422173592,17177627819
hash,2592750,137422173600,17177627820
hash,2592751,137422173608,17177627821
hash,2592752,137422173616,17177627822
hash,2592753,137422173624,17177627823
hash,2592754,137422173640,17177627825
hash,2592755,137422173648,17177627826
hash,2592756,137422173656,17177627827
hash,2592757,137422173688,17177627831
hash,2592758,137422173688,17177627831
hash,2592759,137422173680,17177627830
hash,2592760,137422173640,17177627825
hash,2592761,137422173592,17177627819
hash,2592762,1175280,3030
hash,2592763,137422174200,17177627895
hash,2592764,137422173576,17177627817
hash,2592765,137422173584,17177627818
hash,2592766,137422173560,17177627815
hash,2592767,1175208,3021
hash,2592768,1151051,1
hash,2592769,137422173544,17177627813
hash,2592770,137422173568,17177627816
hash,2592771,137422173576,17177627817
hash,2592772,137422173592,17177627819
hash,2592773,1175280,3030
hash,2592774,137422174200,17177627895
hash,2592775,137422173576,17177627817
hash,2592776,137422173592,17177627819
hash,2592777,1175416,3047
hash,2592778,137422174192,17177627894
hash,2592779,137422173576,17177627817
hash,2592780,137422173584,17177627818
hash,2592781,137422173544,17177627813
hash,2592782,137422173544,17177627813
hash,2592783,137422173552,17177627814
hash,2592784,137422173560,17177627815
hash,2592785,1175216,3022
hash,2592786,1151051,1
hash,2592787,137422174208,17177627896
hash,2592788,137422173528,17177627811
hash,2592789,137422173568,17177627816
hash,2592790,137422173576,17177627817
hash,2592791,137422173608,17177627821
hash,2592792,137422173616,17177627822
hash,2592793,137422173624,17177627823
hash,2592794,137422173632,17177627824
hash,2592795,137422173592,17177627819
hash,2592796,1175280,3030
hash,2592797,137422173784,17177627843
hash,2592798,137422173576,17177627817
hash,2592799,137422173584,17177627818
hash,2592800,137422173560,17177627815
hash,2592801,1175208,3021
hash,2592802,1151054,1
hash,2592803,137422173544,17177627813
hash,2592804,137422173568,17177627816
hash,2592805,137422173576,17177627817
hash,2592806,137422173608,17177627821
hash,2592807,137422173616,17177627822
hash,2592808,137422173624,17177627823
hash,2592809,137422173648,17177627826
hash,2592810,137422173656,17177627827
hash,2592811,137422173664,17177627828
hash,2592812,137422173772,17177627841
hash,2592813,137422173664,17177627828
hash,2592814,137422173672,17177627829
hash,2592815,137422173640,17177627825
hash,2592816,137422174304,17177627908
hash,2592817,137422173636,17177627824
hash,2592818,137422173648,17177627826
hash,2592819,137422173656,17177627827
hash,2592820,137422173688,17177627831
hash,2592821,1175168,3016
hash,2592822,78470856,9664977
hash,2592823,81812584,10082693
hash,2592824,137422173816,17177627847
hash,2592825,67422968,8283991
hash,2592826,67422960,8283990
hash,2592827,78470984,9664993
hash,2592828,67422976,8283992
hash,2592829,67422976,8283992
hash,2592830,137422173544,17177627813
hash,2592831,137422173816,17177627847
hash,2592832,137422173560,17177627815
hash,2592833,81812584,10082693
hash,2592834,137422173576,17177627817
hash,2592835,137422173584,17177627818
hash,2592836,137422173592,17177627819
hash,2592837,137422173600,17177627820
hash,2592838,137422173608,17177627821
hash,2592839,137422173616,17177627822
hash,2592840,137422173624,17177627823
hash,2592841,137422173640,17177627825
hash,2592842,137422173648,17177627826
hash,2592843,137422173656,17177627827
hash,2592844,137422173688,17177627831
hash,2592845,1175424,3048
hash,2592846,78466192,9664394
hash,2592847,1151089,6
hash,2592848,137422173624,17177627823
hash,2592849,137422173856,17177627852
hash,2592850,137422173632,17177627824
hash,2592851,137422173640,17177627825
hash,2592852,137422173648,17177627826
hash,2592853,78463176,9664017
hash,2592854,137422173856,17177627852
hash,2592855,137422173848,17177627851
hash,2592856,137422173848,17177627851
hash,2592857,137422173616,17177627822
hash,2592858,137422173624,17177627823
hash,2592859,137422173632,17177627824
hash,2592860,137422173640,17177627825
hash,2592861,137422173648,17177627826
hash,2592862,137422173656,17177627827
hash,2592863,137422173688,17177627831
hash,2592864,137422173704,17177627833
hash,2592865,137422173712,17177627834
hash,2592866,137422173720,17177627835
hash,2592867,137422173752,17177627839
hash,2592868,137422173672,17177627829
hash,2592869,137422173980,17177627867
hash,2592870,137422173672,17177627829
hash,2592871,137422173976,17177627867
hash,2592872,137422173672,17177627829
hash,2592873,137422173968,17177627866
hash,2592874,137422173672,17177627829
hash,2592875,137422173980,17177627867
hash,2592876,137422173632,17177627824
hash,2592877,137422173648,17177627826
hash,2592878,137422173656,17177627827
hash,2592879,137422173664,17177627828
hash,2592880,137422173624,17177627823
hash,2592881,137422173616,17177627822
hash,2592882,1175200,3020
hash,2592883,137422173784,17177627843
hash,2592884,137422173776,17177627842
hash,2592885,78465024,9664248
hash,2592886,81812584,10082693
hash,2592887,67529688,8297331
hash,2592888,78470984,9664993
hash,2592889,137422173794,17177627844
hash,2592890,137422173792,17177627844
hash,2592891,137422173544,17177627813
hash,2592892,137422173552,17177627814
hash,2592893,67529688,8297331
hash,2592894,137422173560,17177627815
hash,2592895,81812584,10082693
hash,2592896,137422173576,17177627817
hash,2592897,137422173584,17177627818
hash,2592898,137422173592,17177627819
hash,2592899,137422173600,17177627820
hash,2592900,137422173608,17177627821
hash,2592901,137422173616,17177627822
hash,2592902,137422173808,17177627846
hash,2592903,137422173624,17177627823
hash,2592904,137422173624,17177627823
hash,2592905,137422173616,17177627822
hash,2592906,1175200,3020
hash,2592907,137422173824,17177627848
hash,2592908,137422173816,17177627847
hash,2592909,78465024,9664248
hash,2592910,81812584,10082693
hash,2592911,67529728,8297336
hash,2592912,78470984,9664993
hash,2592913,137422173832,17177627849
hash,2592914,137422173832,17177627849
hash,2592915,137422173544,17177627813
hash,2592916,137422173552,17177627814
hash,2592917,67529728,8297336
hash,2592918,137422173560,17177627815
hash,2592919,81812584,10082693
hash,2592920,137422173576,17177627817
hash,2592921,137422173584,17177627818
hash,2592922,137422173592,17177627819
hash,2592923,137422173600,17177627820
hash,2592924,137422173608,17177627821
hash,2592925,137422173624,17177627823
hash,2592926,137422173616,17177627822
hash,2592927,1175200,3020
hash,2592928,137422173856,17177627852
hash,2592929,137422173848,17177627851
hash,2592930,78465024,9664248
hash,2592931,81812584,10082693
hash,2592932,67529760,8297340
hash,2592933,137422173560,17177627815
hash,2592934,81812584,10082693
hash,2592935,137422173576,17177627817
hash,2592936,137422173584,17177627818
hash,2592937,137422173592,17177627819
hash,2592938,137422173600,17177627820
hash,2592939,137422173608,17177627821
hash,2592940,137422173640,17177627825
hash,2592941,137422173648,17177627826
hash,2592942,137422173656,17177627827
hash,2592943,137422173672,17177627829
hash,2592944,137422173980,17177627867
hash,2592945,137422173672,17177627829
hash,2592946,137422173680,17177627830
hash,2592947,137422173688,17177627831
hash,2592948,137422173696,17177627832
hash,2592949,137422173704,17177627833
hash,2592950,137422173712,17177627834
hash,2592951,137422173720,17177627835
hash,2592952,137422173704,17177627833
hash,2592953,1175256,3027
hash,2592954,137422173848,17177627851
hash,2592955,137422173688,17177627831
hash,2592956,137422173704,17177627833
hash,2592957,1175256,3027
hash,2592958,137422173816,17177627847
hash,2592959,137422173688,17177627831
hash,2592960,137422173704,17177627833
hash,2592961,1175256,3027
hash,2592962,137422173776,17177627842
hash,2592963,137422173688,17177627831
hash,2592964,137422173712,17177627834
hash,2592965,137422173720,17177627835
hash,2592966,137422173736,17177627837
hash,2592967,137422173704,17177627833
hash,2592968,137422174316,17177627909
hash,2592969,137422173712,17177627834
hash,2592970,137422173720,17177627835
hash,2592971,137422173772,17177627841
hash,2592972,137422173880,17177627855
hash,2592973,81812584,10082693
hash,2592974,137422173752,17177627839
hash,2592975,137422173896,17177627857
hash,2592976,137422173904,17177627858
hash,2592977,137422173912,17177627859
hash,2592978,137422173896,17177627857
hash,2592979,137422173896,17177627857
hash,2592980,137422173896,17177627857
hash,2592981,137422173904,17177627858
hash,2592982,137422173912,17177627859
hash,2592983,137422173896,17177627857
hash,2592984,137422173980,17177627867
hash,2592985,137422173904,17177627858
hash,2592986,137422173912,17177627859
hash,2592987,137422173964,17177627865
hash,2592988,137422173964,17177627865
hash,2592989,137422173896,17177627857
hash,2592990,137422173968,17177627866
hash,2592991,137422173892,17177627856
hash,2592992,137422173904,17177627858
hash,2592993,137422173912,17177627859
hash,2592994,137422173928,17177627861
hash,2592995,137422173936,17177627862
hash,2592996,81812584,10082693
hash,2592997,137422173872,17177627854
hash,2592998,137422174160,17177627890
hash,2592999,137422173880,17177627855
hash,2593000,137422173856,17177627852
hash,2593001,137422173864,17177627853
hash,2593002,81812584,10082693
hash,2593003,137422173760,17177627840
hash,2593004,67529616,8297322
hash,2593005,137422173768,17177627841
hash,2593006,137422173720,17177627835
hash,2593007,1175280,3030
hash,2593008,137422174200,17177627895
hash,2593009,137422173704,17177627833
hash,2593010,137422173712,17177627834
hash,2593011,137422173688,17177627831
hash,2593012,1175208,3021
hash,2593013,1151706,83
hash,2593014,137422173672,17177627829
hash,2593015,137422173696,17177627832
hash,2593016,137422173704,17177627833
hash,2593017,137422173720,17177627835
hash,2593018,1175280,3030
hash,2593019,137422174200,17177627895
hash,2593020,137422173704,17177627833
hash,2593021,137422173720,17177627835
hash,2593022,1175416,3047
hash,2593023,137422174192,17177627894
hash,2593024,137422173704,17177627833
hash,2593025,137422173712,17177627834
hash,2593026,137422173672,17177627829
hash,2593027,137422173672,17177627829
hash,2593028,137422173680,17177627830
hash,2593029,137422173688,17177627831
hash,2593030,1175216,3022
hash,2593031,1151706,83
hash,2593032,137422174208,17177627896
hash,2593033,137422173656,17177627827
hash,2593034,137422173696,17177627832
hash,2593035,137422173704,17177627833
hash,2593036,137422173736,17177627837
hash,2593037,137422173744,17177627838
hash,2593038,137422173752,17177627839
hash,2593039,137422173760,17177627840
hash,2593040,137422173760,17177627840
hash,2593041,137422173784,17177627843
hash,2593042,137422173776,17177627842
hash,2593043,137422173704,17177627833
hash,2593044,137422173656,17177627827
hash,2593045,1175280,3030
hash,2593046,67529592,8297319
hash,2593047,137422173640,17177627825
hash,2593048,137422173648,17177627826
hash,2593049,137422173624,17177627823
hash,2593050,1175208,3021
hash,2593051,1151597,69
hash,2593052,137422173608,17177627821
hash,2593053,137422173632,17177627824
hash,2593054,137422173640,17177627825
hash,2593055,137422173672,17177627829
hash,2593056,137422173680,17177627830
hash,2593057,137422173688,17177627831
hash,2593058,137422173704,17177627833
hash,2593059,137422173656,17177627827
hash,2593060,1175280,3030
hash,2593061,67529592,8297319
hash,2593062,137422173640,17177627825
hash,2593063,137422173648,17177627826
hash,2593064,137422173624,17177627823
hash,2593065,1175208,3021
hash,2593066,1151600,70
hash,2593067,137422173608,17177627821
hash,2593068,137422173632,17177627824
hash,2593069,137422173640,17177627825
hash,2593070,137422173656,17177627827
hash,2593071,1175280,3030
hash,2593072,67529592,8297319
hash,2593073,137422173640,17177627825
hash,2593074,137422173656,17177627827
hash,2593075,1175416,3047
hash,2593076,67529584,8297318
hash,2593077,137422173640,17177627825
hash,2593078,137422173648,17177627826
hash,2593079,137422173608,17177627821
hash,2593080,137422173608,17177627821
hash,2593081,137422173616,17177627822
hash,2593082,137422173624,17177627823
hash,2593083,1175216,3022
hash,2593084,1151600,70
hash,2593085,67529600,8297320
hash,2593086,137422173592,17177627819
hash,2593087,137422173632,17177627824
hash,2593088,137422173640,17177627825
hash,2593089,137422173672,17177627829
hash,2593090,137422173680,17177627830
hash,2593091,137422173688,17177627831
hash,2593092,137422173712,17177627834
hash,2593093,137422173696,17177627832
hash,2593094,137422173672,17177627829
hash,2593095,137422173664,17177627828
hash,2593096,137422173624,17177627823
hash,2593097,137422174408,17177627921
hash,2593098,137422173616,17177627822
hash,2593099,137422173624,17177627823
hash,2593100,137422173552,17177627814
hash,2593101,1175280,3030
hash,2593102,67529632,8297324
hash,2593103,137422173544,17177627813
hash,2593104,137422173572,17177627816
hash,2593105,137422173576,17177627817
hash,2593106,137422173572,17177627816
hash,2593107,137422173552,17177627814
hash,2593108,1175352,3039
hash,2593109,67529624,8297323
hash,2593110,137422173544,17177627813
hash,2593111,67529640,8297325
hash,2593112,137422173552,17177627814
hash,2593113,1175280,3030
hash,2593114,67529632,8297324
hash,2593115,137422173544,17177627813
hash,2593116,137422173572,17177627816
hash,2593117,137422173576,17177627817
hash,2593118,137422173572,17177627816
hash,2593119,137422173552,17177627814
hash,2593120,1175352,3039
hash,2593121,67529624,8297323
hash,2593122,137422173544,17177627813
hash,2593123,67529641,8297325
hash,2593124,137422173552,17177627814
hash,2593125,1175280,3030
hash,2593126,67529632,8297324
hash,2593127,137422173544,17177627813
hash,2593128,137422173572,17177627816
hash,2593129,137422173576,17177627817
hash,2593130,137422173572,17177627816
hash,2593131,137422173552,17177627814
hash,2593132,1175352,3039
hash,2593133,67529624,8297323
hash,2593134,137422173544,17177627813
hash,2593135,67529642,8297325
hash,2593136,137422173552,17177627814
hash,2593137,1175280,3030
hash,2593138,67529632,8297324
hash,2593139,137422173544,17177627813
hash,2593140,137422173572,17177627816
hash,2593141,137422173576,17177627817
hash,2593142,137422173572,17177627816
hash,2593143,137422173552,17177627814
hash,2593144,1175352,3039
hash,2593145,67529624,8297323
hash,2593146,137422173544,17177627813
hash,2593147,67529643,8297325
hash,2593148,137422173552,17177627814
hash,2593149,1175280,3030
hash,2593150,67529632,8297324
hash,2593151,137422173544,17177627813
hash,2593152,137422173572,17177627816
hash,2593153,137422173576,17177627817
hash,2593154,137422173572,17177627816
hash,2593155,137422173552,17177627814
hash,2593156,1175352,3039
hash,2593157,67529624,8297323
hash,2593158,137422173544,17177627813
hash,2593159,67529644,8297325
hash,2593160,137422173552,17177627814
hash,2593161,1175280,3030
hash,2593162,67529632,8297324
hash,2593163,137422173544,17177627813
hash,2593164,137422173572,17177627816
hash,2593165,137422173576,17177627817
hash,2593166,137422173572,17177627816
hash,2593167,137422173552,17177627814
hash,2593168,1175352,3039
hash,2593169,67529624,8297323
hash,2593170,137422173544,17177627813
hash,2593171,67529645,8297325
hash,2593172,137422173552,17177627814
hash,2593173,1175280,3030
hash,2593174,67529632,8297324
hash,2593175,137422173544,17177627813
hash,2593176,137422173572,17177627816
hash,2593177,137422173560,17177627815
hash,2593178,137422174408,17177627921
hash,2593179,137422173576,17177627817
hash,2593180,137422173592,17177627819
hash,2593181,137422173600,17177627820
hash,2593182,137422173608,17177627821
hash,2593183,137422173624,17177627823
hash,2593184,137422174400,17177627920
hash,2593185,137422173640,17177627825
hash,2593186,67444472,8286679
hash,2593187,137422173632,17177627824
hash,2593188,137422173632,17177627824
hash,2593189,137422173616,17177627822
hash,2593190,137422173576,17177627817
hash,2593191,1175280,3030
hash,2593192,67441832,8286349
hash,2593193,137422173560,17177627815
hash,2593194,137422173568,17177627816
hash,2593195,1175280,3030
hash,2593196,67529632,8297324
hash,2593197,137422173560,17177627815
hash,2593198,137422173576,17177627817
hash,2593199,1175280,3030
hash,2593200,67441832,8286349
hash,2593201,137422173560,17177627815
hash,2593202,137422173568,17177627816
hash,2593203,1175416,3047
hash,2593204,67529624,8297323
hash,2593205,137422173560,17177627815
hash,2593206,137422173576,17177627817
hash,2593207,1175416,3047
hash,2593208,67441824,8286348
hash,2593209,137422173560,17177627815
hash,2593210,137422173528,17177627811
hash,2593211,137422173528,17177627811
hash,2593212,137422173536,17177627812
hash,2593213,137422173544,17177627813
hash,2593214,1175216,3022
hash,2593215,67529640,8297325
hash,2593216,67441840,8286350
hash,2593217,137422173512,17177627809
hash,2593218,137422173552,17177627814
hash,2593219,137422173560,17177627815
hash,2593220,137422173584,17177627818
hash,2593221,137422173592,17177627819
hash,2593222,137422173600,17177627820
hash,2593223,137422173608,17177627821
hash,2593224,137422173632,17177627824
hash,2593225,137422173648,17177627826
hash,2593226,137422173656,17177627827
hash,2593227,137422173680,17177627830
hash,2593228,137422173688,17177627831
hash,2593229,137422173720,17177627835
hash,2593230,137422173672,17177627829
hash,2593231,137422173664,17177627828
hash,2593232,137422173624,17177627823
hash,2593233,137422173624,17177627823
hash,2593234,137422173624,17177627823
hash,2593235,137422173616,17177627822
hash,2593236,67441868,8286353
hash,2593237,137422173616,17177627822
hash,2593238,67441868,8286353
hash,2593239,1175344,3038
hash,2593240,78464800,9664220
hash,2593241,80818568,9958441
hash,2593242,80788888,9954731
hash,2593243,81812440,10082675
hash,2593244,80789992,9954869
hash,2593245,67346448,8274426
hash,2593246,67346576,8274442
hash,2593247,67535248,8298026
hash,2593248,137422173544,17177627813
hash,2593249,137422173552,17177627814
hash,2593250,137422173560,17177627815
hash,2593251,137422173568,17177627816
hash,2593252,137422173576,17177627817
hash,2593253,137422173592,17177627819
hash,2593254,137422173600,17177627820
hash,2593255,137422173608,17177627821
hash,2593256,137422173624,17177627823
hash,2593257,137422173616,17177627822
hash,2593258,67441868,8286353
hash,2593259,137422173624,17177627823
hash,2593260,137422173616,17177627822
hash,2593261,67441868,8286353
hash,2593262,137422173644,17177627825
hash,2593263,137422173624,17177627823
hash,2593264,137422174000,17177627870
hash,2593265,137422173644,17177627825
hash,2593266,137422173584,17177627818
hash,2593267,137422173600,17177627820
hash,2593268,137422173608,17177627821
hash,2593269,137422173616,17177627822
hash,2593270,67441856,8286352
hash,2593271,137422173644,17177627825
hash,2593272,67441888,8286356
hash,2593273,137422173616,17177627822
hash,2593274,67441868,8286353
hash,2593275,137422173644,17177627825
hash,2593276,137422173616,17177627822
hash,2593277,67441868,8286353
hash,2593278,137422173624,17177627823
hash,2593279,137422173648,17177627826
hash,2593280,137422173656,17177627827
hash,2593281,137422173680,17177627830
hash,2593282,137422173688,17177627831
hash,2593283,137422173720,17177627835
hash,2593284,137422173736,17177627837
hash,2593285,137422173744,17177627838
hash,2593286,137422173752,17177627839
hash,2593287,137422173816,17177627847
hash,2593288,81812584,10082693
hash,2593289,137422173784,17177627843
hash,2593290,137422173832,17177627849
hash,2593291,137422173840,17177627850
hash,2593292,137422173848,17177627851
hash,2593293,137422173896,17177627857
hash,2593294,81812584,10082693
hash,2593295,137422173880,17177627855
hash,2593296,137422173904,17177627858
hash,2593297,137422173912,17177627859
hash,2593298,137422173864,17177627853
hash,2593299,137422173996,17177627869
hash,2593300,137422173864,17177627853
hash,2593301,137422173992,17177627869
hash,2593302,137422173864,17177627853
hash,2593303,137422173816,17177627847
hash,2593304,137422173992,17177627869
hash,2593305,137422173836,17177627849
hash,2593306,137422173816,17177627847
hash,2593307,137422173736,17177627837
hash,2593308,137422173992,17177627869
hash,2593309,137422173732,17177627836
hash,2593310,137422173732,17177627836
hash,2593311,1175344,3038
hash,2593312,78464800,9664220
hash,2593313,80818568,9958441
hash,2593314,80788888,9954731
hash,2593315,81812440,10082675
hash,2593316,80789992,9954869
hash,2593317,67346454,8274426
hash,2593318,67346600,8274445
hash,2593319,67530064,8297378
hash,2593320,137422173656,17177627827
hash,2593321,137422173664,17177627828
hash,2593322,137422173672,17177627829
hash,2593323,137422173680,17177627830
hash,2593324,137422173688,17177627831
hash,2593325,137422173704,17177627833
hash,2593326,137422173712,17177627834
hash,2593327,137422173720,17177627835
hash,2593328,137422173736,17177627837
hash,2593329,137422173996,17177627869
hash,2593330,137422173748,17177627838
hash,2593331,137422173736,17177627837
hash,2593332,137422173688,17177627831
hash,2593333,137422173996,17177627869
hash,2593334,137422173708,17177627833
hash,2593335,137422173712,17177627834
hash,2593336,137422173720,17177627835
hash,2593337,137422173736,17177627837
hash,2593338,137422173984,17177627868
hash,2593339,1175320,3035
hash,2593340,78466120,9664385
hash,2593341,137422173720,17177627835
hash,2593342,137422173736,17177627837
hash,2593343,137422173752,17177627839
hash,2593344,137422173736,17177627837
hash,2593345,137422173732,17177627836
hash,2593346,137422173760,17177627840
hash,2593347,137422173768,17177627841
hash,2593348,137422173776,17177627842
hash,2593349,137422173784,17177627843
hash,2593350,137422173792,17177627844
hash,2593351,137422173800,17177627845
hash,2593352,137422173840,17177627850
hash,2593353,137422173848,17177627851
hash,2593354,137422173864,17177627853
hash,2593355,137422173984,17177627868
hash,2593356,137422173864,17177627853
hash,2593357,137422173996,17177627869
hash,2593358,137422173824,17177627848
hash,2593359,137422173840,17177627850
hash,2593360,137422173848,17177627851
hash,2593361,137422173856,17177627852
hash,2593362,137422173832,17177627849
hash,2593363,137422173824,17177627848
hash,2593364,137422173784,17177627843
hash,2593365,137422173784,17177627843
hash,2593366,137422173784,17177627843
hash,2593367,137422173776,17177627842
hash,2593368,137422174012,17177627871
hash,2593369,137422173776,17177627842
hash,2593370,137422174012,17177627871
hash,2593371,1175344,3038
hash,2593372,78464800,9664220
hash,2593373,80818568,9958441
hash,2593374,80788888,9954731
hash,2593375,81812440,10082675
hash,2593376,80789992,9954869
hash,2593377,67346448,8274426
hash,2593378,67346576,8274442
hash,2593379,67503584,8294068
hash,2593380,137422173704,17177627833
hash,2593381,137422173712,17177627834
hash,2593382,137422173720,17177627835
hash,2593383,137422173728,17177627836
hash,2593384,137422173736,17177627837
hash,2593385,137422173752,17177627839
hash,2593386,137422173760,17177627840
hash,2593387,137422173768,17177627841
hash,2593388,137422173784,17177627843
hash,2593389,137422173776,17177627842
hash,2593390,137422174012,17177627871
hash,2593391,137422173784,17177627843
hash,2593392,137422173776,17177627842
hash,2593393,137422174012,17177627871
hash,2593394,137422173804,17177627845
hash,2593395,137422173784,17177627843
hash,2593396,67530064,8297378
hash,2593397,137422173804,17177627845
hash,2593398,137422173744,17177627838
hash,2593399,137422173760,17177627840
hash,2593400,137422173768,17177627841
hash,2593401,137422173776,17177627842
hash,2593402,137422174000,17177627870
hash,2593403,137422173804,17177627845
hash,2593404,67535248,8298026
hash,2593405,137422173776,17177627842
hash,2593406,137422174012,17177627871
hash,2593407,137422173804,17177627845
hash,2593408,137422173776,17177627842
hash,2593409,137422174012,17177627871
hash,2593410,137422173784,17177627843
hash,2593411,137422173808,17177627846
hash,2593412,137422173816,17177627847
hash,2593413,137422173840,17177627850
hash,2593414,137422173848,17177627851
hash,2593415,137422173864,17177627853
hash,2593416,137422173996,17177627869
hash,2593417,137422173864,17177627853
hash,2593418,137422173872,17177627854
hash,2593419,137422173880,17177627855
hash,2593420,137422173888,17177627856
hash,2593421,137422173896,17177627857
hash,2593422,137422173904,17177627858
hash,2593423,137422173912,17177627859
hash,2593424,137422173896,17177627857
hash,2593425,137422173864,17177627853
hash,2593426,137422173816,17177627847
hash,2593427,137422174012,17177627871
hash,2593428,137422173836,17177627849
hash,2593429,137422173816,17177627847
hash,2593430,137422174012,17177627871
hash,2593431,137422173836,17177627849
hash,2593432,137422173840,17177627850
hash,2593433,137422173848,17177627851
hash,2593434,137422173864,17177627853
hash,2593435,137422174000,17177627870
hash,2593436,1175320,3035
hash,2593437,78466120,9664385
hash,2593438,80788984,9954743
hash,2593439,67535240,8298025
hash,2593440,81812384,10082668
hash,2593441,80788888,9954731
hash,2593442,81812440,10082675
hash,2593443,67535240,8298025
hash,2593444,80788888,9954731
hash,2593445,81812440,10082675
hash,2593446,80789992,9954869
hash,2593447,80790008,9954871
hash,2593448,80818552,9958439
hash,2593449,67535256,8298027
hash,2593450,67346448,8274426
hash,2593451,80818552,9958439
hash,2593452,67346576,8274442
hash,2593453,137422173752,17177627839
hash,2593454,137422173760,17177627840
hash,2593455,137422173768,17177627841
hash,2593456,137422173776,17177627842
hash,2593457,137422173784,17177627843
hash,2593458,137422173816,17177627847
hash,2593459,137422173824,17177627848
hash,2593460,137422173832,17177627849
hash,2593461,137422173840,17177627850
hash,2593462,137422173848,17177627851
hash,2593463,137422173872,17177627854
hash,2593464,137422173880,17177627855
hash,2593465,137422173904,17177627858
hash,2593466,137422173912,17177627859
hash,2593467,137422173896,17177627857
hash,2593468,137422173980,17177627867
hash,2593469,137422173904,17177627858
hash,2593470,137422173912,17177627859
hash,2593471,137422173964,17177627865
hash,2593472,137422173964,17177627865
hash,2593473,137422173896,17177627857
hash,2593474,137422173968,17177627866
hash,2593475,137422173892,17177627856
hash,2593476,137422173904,17177627858
hash,2593477,137422173912,17177627859
hash,2593478,137422173928,17177627861
hash,2593479,137422173936,17177627862
hash,2593480,81812584,10082693
hash,2593481,137422173872,17177627854
hash,2593482,137422174160,17177627890
hash,2593483,137422173880,17177627855
hash,2593484,137422173856,17177627852
hash,2593485,137422173864,17177627853
hash,2593486,81812584,10082693
hash,2593487,137422173760,17177627840
hash,2593488,67529720,8297335
hash,2593489,137422173768,17177627841
hash,2593490,137422173720,17177627835
hash,2593491,1175280,3030
hash,2593492,137422174200,17177627895
hash,2593493,137422173704,17177627833
hash,2593494,137422173712,17177627834
hash,2593495,137422173688,17177627831
hash,2593496,1175208,3021
hash,2593497,1151706,83
hash,2593498,137422173672,17177627829
hash,2593499,137422173696,17177627832
hash,2593500,137422173704,17177627833
hash,2593501,137422173720,17177627835
hash,2593502,1175280,3030
hash,2593503,137422174200,17177627895
hash,2593504,137422173704,17177627833
hash,2593505,137422173720,17177627835
hash,2593506,1175416,3047
hash,2593507,137422174192,17177627894
hash,2593508,137422173704,17177627833
hash,2593509,137422173712,17177627834
hash,2593510,137422173672,17177627829
hash,2593511,137422173672,17177627829
hash,2593512,137422173680,17177627830
hash,2593513,137422173688,17177627831
hash,2593514,1175216,3022
hash,2593515,1151706,83
hash,2593516,137422174208,17177627896
hash,2593517,137422173656,17177627827
hash,2593518,137422173696,17177627832
hash,2593519,137422173704,17177627833
hash,2593520,137422173736,17177627837
hash,2593521,137422173744,17177627838
hash,2593522,137422173752,17177627839
hash,2593523,137422173760,17177627840
hash,2593524,137422173760,17177627840
hash,2593525,137422173784,17177627843
hash,2593526,137422173776,17177627842
hash,2593527,137422173704,17177627833
hash,2593528,137422173656,17177627827
hash,2593529,1175280,3030
hash,2593530,67529696,8297332
hash,2593531,137422173640,17177627825
hash,2593532,137422173648,17177627826
hash,2593533,137422173624,17177627823
hash,2593534,1175208,3021
hash,2593535,1151597,69
hash,2593536,137422173608,17177627821
hash,2593537,137422173632,17177627824
hash,2593538,137422173640,17177627825
hash,2593539,137422173672,17177627829
hash,2593540,137422173680,17177627830
hash,2593541,137422173688,17177627831
hash,2593542,137422173704,17177627833
hash,2593543,137422173656,17177627827
hash,2593544,1175280,3030
hash,2593545,67529696,8297332
hash,2593546,137422173640,17177627825
hash,2593547,137422173648,17177627826
hash,2593548,137422173624,17177627823
hash,2593549,1175208,3021
hash,2593550,1151600,70
hash,2593551,137422173608,17177627821
hash,2593552,137422173632,17177627824
hash,2593553,137422173640,17177627825
hash,2593554,137422173672,17177627829
hash,2593555,137422173680,17177627830
hash,2593556,137422173688,17177627831
hash,2593557,137422173704,17177627833
hash,2593558,137422173656,17177627827
hash,2593559,1175280,3030
hash,2593560,67529696,8297332
hash,2593561,137422173640,17177627825
hash,2593562,137422173648,17177627826
hash,2593563,137422173624,17177627823
hash,2593564,1175208,3021
hash,2593565,1151605,70
hash,2593566,137422173608,17177627821
hash,2593567,137422173632,17177627824
hash,2593568,137422173640,17177627825
hash,2593569,137422173672,17177627829
hash,2593570,137422173680,17177627830
hash,2593571,137422173688,17177627831
hash,2593572,137422173704,17177627833
hash,2593573,137422173656,17177627827
hash,2593574,1175280,3030
hash,2593575,67529696,8297332
hash,2593576,137422173640,17177627825
hash,2593577,137422173648,17177627826
hash,2593578,137422173624,17177627823
hash,2593579,1175208,3021
hash,2593580,1151611,71
hash,2593581,137422173608,17177627821
hash,2593582,137422173632,17177627824
hash,2593583,137422173640,17177627825
hash,2593584,137422173656,17177627827
hash,2593585,1175280,3030
hash,2593586,67529696,8297332
hash,2593587,137422173640,17177627825
hash,2593588,137422173656,17177627827
hash,2593589,1175416,3047
hash,2593590,67529688,8297331
hash,2593591,137422173640,17177627825
hash,2593592,137422173648,17177627826
hash,2593593,137422173608,17177627821
hash,2593594,137422173608,17177627821
hash,2593595,137422173616,17177627822
hash,2593596,137422173624,17177627823
hash,2593597,1175216,3022
hash,2593598,1151611,71
hash,2593599,67529704,8297333
hash,2593600,1151611,71
hash,2593601,67529704,8297333
hash,2593602,137422173592,17177627819
hash,2593603,137422173632,17177627824
hash,2593604,137422173640,17177627825
hash,2593605,137422173672,17177627829
hash,2593606,137422173680,17177627830
hash,2593607,137422173688,17177627831
hash,2593608,137422173704,17177627833
hash,2593609,137422173656,17177627827
hash,2593610,1175280,3030
hash,2593611,67529696,8297332
hash,2593612,137422173640,17177627825
hash,2593613,137422173648,17177627826
hash,2593614,137422173624,17177627823
hash,2593615,1175208,3021
hash,2593616,1151618,72
hash,2593617,137422173608,17177627821
hash,2593618,137422173632,17177627824
hash,2593619,137422173640,17177627825
hash,2593620,137422173656,17177627827
hash,2593621,1175280,3030
hash,2593622,67529696,8297332
hash,2593623,137422173640,17177627825
hash,2593624,137422173656,17177627827
hash,2593625,1175416,3047
hash,2593626,67529688,8297331
hash,2593627,137422173640,17177627825
hash,2593628,137422173648,17177627826
hash,2593629,137422173608,17177627821
hash,2593630,137422173608,17177627821
hash,2593631,137422173616,17177627822
hash,2593632,137422173624,17177627823
hash,2593633,1175216,3022
hash,2593634,1151618,72
hash,2593635,67529704,8297333
hash,2593636,137422173592,17177627819
hash,2593637,137422173632,17177627824
hash,2593638,137422173640,17177627825
hash,2593639,137422173672,17177627829
hash,2593640,137422173680,17177627830
hash,2593641,137422173688,17177627831
hash,2593642,137422173712,17177627834
hash,2593643,137422173696,17177627832
hash,2593644,137422173672,17177627829
hash,2593645,137422173664,17177627828
hash,2593646,137422173624,17177627823
hash,2593647,137422174440,17177627925
hash,2593648,137422173616,17177627822
hash,2593649,137422173624,17177627823
hash,2593650,137422173552,17177627814
hash,2593651,1175280,3030
hash,2593652,67529736,8297337
hash,2593653,137422173544,17177627813
hash,2593654,137422173572,17177627816
hash,2593655,137422173576,17177627817
hash,2593656,137422173572,17177627816
hash,2593657,137422173552,17177627814
hash,2593658,1175352,3039
hash,2593659,67529728,8297336
hash,2593660,137422173544,17177627813
hash,2593661,67529744,8297338
hash,2593662,137422173552,17177627814
hash,2593663,1175280,3030
hash,2593664,67529736,8297337
hash,2593665,137422173544,17177627813
hash,2593666,137422173572,17177627816
hash,2593667,137422173576,17177627817
hash,2593668,137422173572,17177627816
hash,2593669,137422173552,17177627814
hash,2593670,1175352,3039
hash,2593671,67529728,8297336
hash,2593672,137422173544,17177627813
hash,2593673,67529745,8297338
hash,2593674,137422173552,17177627814
hash,2593675,1175280,3030
hash,2593676,67529736,8297337
hash,2593677,137422173544,17177627813
hash,2593678,137422173572,17177627816
hash,2593679,137422173560,17177627815
hash,2593680,137422174440,17177627925
hash,2593681,137422173576,17177627817
hash,2593682,137422173592,17177627819
hash,2593683,137422173600,17177627820
hash,2593684,137422173608,17177627821
hash,2593685,137422173624,17177627823
hash,2593686,137422174432,17177627924
hash,2593687,137422173640,17177627825
hash,2593688,67421256,8283777
hash,2593689,137422173632,17177627824
hash,2593690,137422173632,17177627824
hash,2593691,137422173616,17177627822
hash,2593692,137422173576,17177627817
hash,2593693,1175280,3030
hash,2593694,67436056,8285627
hash,2593695,137422173560,17177627815
hash,2593696,137422173568,17177627816
hash,2593697,1175280,3030
hash,2593698,67529736,8297337
hash,2593699,137422173560,17177627815
hash,2593700,137422173576,17177627817
hash,2593701,1175280,3030
hash,2593702,67436056,8285627
hash,2593703,137422173560,17177627815
hash,2593704,137422173568,17177627816
hash,2593705,1175416,3047
hash,2593706,67529728,8297336
hash,2593707,137422173560,17177627815
hash,2593708,137422173576,17177627817
hash,2593709,1175416,3047
hash,2593710,67436048,8285626
hash,2593711,137422173560,17177627815
hash,2593712,137422173528,17177627811
hash,2593713,137422173528,17177627811
hash,2593714,137422173536,17177627812
hash,2593715,137422173544,17177627813
hash,2593716,1175216,3022
hash,2593717,67529744,8297338
hash,2593718,67436064,8285628
hash,2593719,137422173512,17177627809
hash,2593720,137422173552,17177627814
hash,2593721,137422173560,17177627815
hash,2593722,137422173584,17177627818
hash,2593723,137422173592,17177627819
hash,2593724,137422173600,17177627820
hash,2593725,137422173608,17177627821
hash,2593726,137422173632,17177627824
hash,2593727,137422173648,17177627826
hash,2593728,137422173656,17177627827
hash,2593729,137422173680,17177627830
hash,2593730,137422173688,17177627831
hash,2593731,137422173720,17177627835
hash,2593732,137422173672,17177627829
hash,2593733,137422173664,17177627828
hash,2593734,137422173624,17177627823
hash,2593735,137422173624,17177627823
hash,2593736,137422173624,17177627823
hash,2593737,137422173616,17177627822
hash,2593738,67436092,8285631
hash,2593739,137422173616,17177627822
hash,2593740,67436092,8285631
hash,2593741,1175344,3038
hash,2593742,78464800,9664220
hash,2593743,80818568,9958441
hash,2593744,80788888,9954731
hash,2593745,81812440,10082675
hash,2593746,80789992,9954869
hash,2593747,67346454,8274426
hash,2593748,67346600,8274445
hash,2593749,67533200,8297770
hash,2593750,137422173544,17177627813
hash,2593751,137422173552,17177627814
hash,2593752,137422173560,17177627815
hash,2593753,137422173568,17177627816
hash,2593754,137422173576,17177627817
hash,2593755,137422173592,17177627819
hash,2593756,137422173600,17177627820
hash,2593757,137422173608,17177627821
hash,2593758,137422173624,17177627823
hash,2593759,137422173616,17177627822
hash,2593760,67436092,8285631
hash,2593761,137422173624,17177627823
hash,2593762,137422173616,17177627822
hash,2593763,67436092,8285631
hash,2593764,137422173644,17177627825
hash,2593765,137422173624,17177627823
hash,2593766,137422174000,17177627870
hash,2593767,137422173644,17177627825
hash,2593768,137422173584,17177627818
hash,2593769,137422173600,17177627820
hash,2593770,137422173608,17177627821
hash,2593771,137422173616,17177627822
hash,2593772,67436080,8285630
hash,2593773,137422173644,17177627825
hash,2593774,67445888,8286856
hash,2593775,137422173616,17177627822
hash,2593776,67436092,8285631
hash,2593777,137422173644,17177627825
hash,2593778,137422173624,17177627823
hash,2593779,137422174000,17177627870
hash,2593780,137422173644,17177627825
hash,2593781,137422173584,17177627818
hash,2593782,137422173600,17177627820
hash,2593783,137422173608,17177627821
hash,2593784,137422173616,17177627822
hash,2593785,67436080,8285630
hash,2593786,137422173644,17177627825
hash,2593787,67445892,8286856
hash,2593788,137422173616,17177627822
hash,2593789,67436092,8285631
hash,2593790,137422173644,17177627825
hash,2593791,137422173624,17177627823
hash,2593792,137422174000,17177627870
hash,2593793,137422173644,17177627825
hash,2593794,137422173584,17177627818
hash,2593795,137422173600,17177627820
hash,2593796,137422173608,17177627821
hash,2593797,137422173616,17177627822
hash,2593798,67436080,8285630
hash,2593799,137422173644,17177627825
hash,2593800,67445896,8286857
hash,2593801,137422173616,17177627822
hash,2593802,67436092,8285631
hash,2593803,137422173644,17177627825
hash,2593804,137422173624,17177627823
hash,2593805,137422174000,17177627870
hash,2593806,137422173644,17177627825
hash,2593807,137422173584,17177627818
hash,2593808,137422173600,17177627820
hash,2593809,137422173608,17177627821
hash,2593810,137422173616,17177627822
hash,2593811,67436080,8285630
hash,2593812,137422173644,17177627825
hash,2593813,67445900,8286857
hash,2593814,137422173616,17177627822
hash,2593815,67436092,8285631
hash,2593816,137422173644,17177627825
hash,2593817,137422173624,17177627823
hash,2593818,137422174000,17177627870
hash,2593819,137422173644,17177627825
hash,2593820,137422173584,17177627818
hash,2593821,137422173600,17177627820
hash,2593822,137422173608,17177627821
hash,2593823,137422173616,17177627822
hash,2593824,67436080,8285630
hash,2593825,137422173644,17177627825
hash,2593826,67445904,8286858
hash,2593827,137422173616,17177627822
hash,2593828,67436092,8285631
hash,2593829,137422173644,17177627825
hash,2593830,137422173624,17177627823
hash,2593831,137422174000,17177627870
hash,2593832,137422173644,17177627825
hash,2593833,137422173584,17177627818
hash,2593834,137422173600,17177627820
hash,2593835,137422173608,17177627821
hash,2593836,137422173616,17177627822
hash,2593837,67436080,8285630
hash,2593838,137422173644,17177627825
hash,2593839,67445908,8286858
hash,2593840,137422173616,17177627822
hash,2593841,67436092,8285631
hash,2593842,137422173644,17177627825
hash,2593843,137422173624,17177627823
hash,2593844,137422174000,17177627870
hash,2593845,137422173644,17177627825
hash,2593846,137422173584,17177627818
hash,2593847,137422173600,17177627820
hash,2593848,137422173608,17177627821
hash,2593849,137422173616,17177627822
hash,2593850,67436080,8285630
hash,2593851,137422173644,17177627825
hash,2593852,67445912,8286859
hash,2593853,137422173616,17177627822
hash,2593854,67436092,8285631
hash,2593855,137422173644,17177627825
hash,2593856,137422173624,17177627823
hash,2593857,137422174000,17177627870
hash,2593858,137422173644,17177627825
hash,2593859,137422173584,17177627818
hash,2593860,137422173600,17177627820
hash,2593861,137422173608,17177627821
hash,2593862,137422173616,17177627822
hash,2593863,67436080,8285630
hash,2593864,137422173644,17177627825
hash,2593865,67445916,8286859
hash,2593866,137422173616,17177627822
hash,2593867,67436092,8285631
hash,2593868,137422173644,17177627825
hash,2593869,137422173624,17177627823
hash,2593870,137422174000,17177627870
hash,2593871,137422173644,17177627825
hash,2593872,137422173584,17177627818
hash,2593873,137422173600,17177627820
hash,2593874,137422173608,17177627821
hash,2593875,137422173616,17177627822
hash,2593876,67436080,8285630
hash,2593877,137422173644,17177627825
hash,2593878,67445920,8286860
hash,2593879,137422173616,17177627822
hash,2593880,67436092,8285631
hash,2593881,137422173644,17177627825
hash,2593882,137422173624,17177627823
hash,2593883,137422174000,17177627870
hash,2593884,137422173644,17177627825
hash,2593885,137422173584,17177627818
hash,2593886,137422173600,17177627820
hash,2593887,137422173608,17177627821
hash,2593888,137422173616,17177627822
hash,2593889,67436080,8285630
hash,2593890,137422173644,17177627825
hash,2593891,67445924,8286860
hash,2593892,137422173616,17177627822
hash,2593893,67436092,8285631
hash,2593894,137422173644,17177627825
hash,2593895,137422173624,17177627823
hash,2593896,137422174000,17177627870
hash,2593897,137422173644,17177627825
hash,2593898,137422173584,17177627818
hash,2593899,137422173600,17177627820
hash,2593900,137422173608,17177627821
hash,2593901,137422173616,17177627822
hash,2593902,67436080,8285630
hash,2593903,137422173644,17177627825
hash,2593904,67445928,8286861
hash,2593905,137422173616,17177627822
hash,2593906,67436092,8285631
hash,2593907,137422173644,17177627825
hash,2593908,137422173624,17177627823
hash,2593909,137422174000,17177627870
hash,2593910,137422173644,17177627825
hash,2593911,137422173584,17177627818
hash,2593912,137422173600,17177627820
hash,2593913,137422173608,17177627821
hash,2593914,137422173616,17177627822
hash,2593915,67436080,8285630
hash,2593916,137422173644,17177627825
hash,2593917,67445932,8286861
hash,2593918,137422173616,17177627822
hash,2593919,67436092,8285631
hash,2593920,137422173644,17177627825
hash,2593921,137422173624,17177627823
hash,2593922,137422174000,17177627870
hash,2593923,137422173644,17177627825
hash,2593924,137422173584,17177627818
hash,2593925,137422173600,17177627820
hash,2593926,137422173608,17177627821
hash,2593927,137422173616,17177627822
hash,2593928,67436080,8285630
hash,2593929,137422173644,17177627825
hash,2593930,67445936,8286862
hash,2593931,137422173616,17177627822
hash,2593932,67436092,8285631
hash,2593933,137422173644,17177627825
hash,2593934,137422173624,17177627823
hash,2593935,137422174000,17177627870
hash,2593936,137422173644,17177627825
hash,2593937,137422173584,17177627818
hash,2593938,137422173600,17177627820
hash,2593939,137422173608,17177627821
hash,2593940,137422173616,17177627822
hash,2593941,67436080,8285630
hash,2593942,137422173644,17177627825
hash,2593943,67445940,8286862
hash,2593944,137422173616,17177627822
hash,2593945,67436092,8285631
hash,2593946,137422173644,17177627825
hash,2593947,137422173624,17177627823
hash,2593948,137422174000,17177627870
hash,2593949,137422173644,17177627825
hash,2593950,137422173584,17177627818
hash,2593951,137422173600,17177627820
hash,2593952,137422173608,17177627821
hash,2593953,137422173616,17177627822
hash,2593954,67436080,8285630
hash,2593955,137422173644,17177627825
hash,2593956,67445944,8286863
hash,2593957,137422173616,17177627822
hash,2593958,67436092,8285631
hash,2593959,137422173644,17177627825
hash,2593960,137422173624,17177627823
hash,2593961,137422174000,17177627870
hash,2593962,137422173644,17177627825
hash,2593963,137422173584,17177627818
hash,2593964,137422173600,17177627820
hash,2593965,137422173608,17177627821
hash,2593966,137422173616,17177627822
hash,2593967,67436080,8285630
hash,2593968,137422173644,17177627825
hash,2593969,67445948,8286863
hash,2593970,137422173616,17177627822
hash,2593971,67436092,8285631
hash,2593972,137422173644,17177627825
hash,2593973,137422173616,17177627822
hash,2593974,67436092,8285631
hash,2593975,137422173624,17177627823
hash,2593976,137422173648,17177627826
hash,2593977,137422173656,17177627827
hash,2593978,137422173680,17177627830
hash,2593979,137422173688,17177627831
hash,2593980,137422173720,17177627835
hash,2593981,137422173736,17177627837
hash,2593982,137422173744,17177627838
hash,2593983,137422173752,17177627839
hash,2593984,137422173816,17177627847
hash,2593985,81812584,10082693
hash,2593986,137422173784,17177627843
hash,2593987,137422173832,17177627849
hash,2593988,137422173840,17177627850
hash,2593989,137422173848,17177627851
hash,2593990,137422173896,17177627857
hash,2593991,81812584,10082693
hash,2593992,137422173880,17177627855
hash,2593993,137422173904,17177627858
hash,2593994,137422173912,17177627859
hash,2593995,137422173864,17177627853
hash,2593996,137422173996,17177627869
hash,2593997,137422173864,17177627853
hash,2593998,137422173992,17177627869
hash,2593999,137422173864,17177627853
hash,2594000,137422173984,17177627868
hash,2594001,137422173864,17177627853
hash,2594002,137422173996,17177627869
hash,2594003,137422173824,17177627848
hash,2594004,137422173840,17177627850
hash,2594005,137422173848,17177627851
hash,2594006,137422173856,17177627852
hash,2594007,137422173832,17177627849
hash,2594008,137422173824,17177627848
hash,2594009,137422173784,17177627843
hash,2594010,137422173784,17177627843
hash,2594011,137422173784,17177627843
hash,2594012,137422173776,17177627842
hash,2594013,137422174012,17177627871
hash,2594014,137422173776,17177627842
hash,2594015,137422174012,17177627871
hash,2594016,1175344,3038
hash,2594017,78464800,9664220
hash,2594018,80818568,9958441
hash,2594019,80788888,9954731
hash,2594020,81812440,10082675
hash,2594021,80789992,9954869
hash,2594022,67346454,8274426
hash,2594023,67346600,8274445
hash,2594024,67433040,8285250
hash,2594025,137422173704,17177627833
hash,2594026,137422173712,17177627834
hash,2594027,137422173720,17177627835
hash,2594028,137422173728,17177627836
hash,2594029,137422173736,17177627837
hash,2594030,137422173752,17177627839
hash,2594031,137422173760,17177627840
hash,2594032,137422173768,17177627841
hash,2594033,137422173784,17177627843
hash,2594034,137422173776,17177627842
hash,2594035,137422174012,17177627871
hash,2594036,137422173784,17177627843
hash,2594037,137422173776,17177627842
hash,2594038,137422174012,17177627871
hash,2594039,137422173804,17177627845
hash,2594040,137422173784,17177627843
hash,2594041,67530080,8297380
hash,2594042,137422173804,17177627845
hash,2594043,137422173744,17177627838
hash,2594044,137422173760,17177627840
hash,2594045,137422173768,17177627841
hash,2594046,137422173776,17177627842
hash,2594047,137422174000,17177627870
hash,2594048,137422173804,17177627845
hash,2594049,67533200,8297770
hash,2594050,137422173776,17177627842
hash,2594051,137422174012,17177627871
hash,2594052,137422173804,17177627845
hash,2594053,137422173784,17177627843
hash,2594054,67530080,8297380
hash,2594055,137422173804,17177627845
hash,2594056,137422173744,17177627838
hash,2594057,137422173760,17177627840
hash,2594058,137422173768,17177627841
hash,2594059,137422173776,17177627842
hash,2594060,137422174000,17177627870
hash,2594061,137422173804,17177627845
hash,2594062,67533204,8297770
hash,2594063,137422173776,17177627842
hash,2594064,137422174012,17177627871
hash,2594065,137422173804,17177627845
hash,2594066,137422173784,17177627843
hash,2594067,67530080,8297380
hash,2594068,137422173804,17177627845
hash,2594069,137422173744,17177627838
hash,2594070,137422173760,17177627840
hash,2594071,137422173768,17177627841
hash,2594072,137422173776,17177627842
hash,2594073,137422174000,17177627870
hash,2594074,137422173804,17177627845
hash,2594075,67533208,8297771
hash,2594076,137422173776,17177627842
hash,2594077,137422174012,17177627871
hash,2594078,137422173804,17177627845
hash,2594079,137422173784,17177627843
hash,2594080,67530080,8297380
hash,2594081,137422173804,17177627845
hash,2594082,137422173744,17177627838
hash,2594083,137422173760,17177627840
hash,2594084,137422173768,17177627841
hash,2594085,137422173776,17177627842
hash,2594086,137422174000,17177627870
hash,2594087,137422173804,17177627845
hash,2594088,67533212,8297771
hash,2594089,137422173776,17177627842
hash,2594090,137422174012,17177627871
hash,2594091,137422173804,17177627845
hash,2594092,137422173784,17177627843
hash,2594093,67530080,8297380
hash,2594094,137422173804,17177627845
hash,2594095,137422173744,17177627838
hash,2594096,137422173760,17177627840
hash,2594097,137422173768,17177627841
hash,2594098,137422173776,17177627842
hash,2594099,137422174000,17177627870
hash,2594100,137422173804,17177627845
hash,2594101,67533216,8297772
hash,2594102,137422173776,17177627842
hash,2594103,137422174012,17177627871
hash,2594104,137422173804,17177627845
hash,2594105,137422173784,17177627843
hash,2594106,67530080,8297380
hash,2594107,137422173804,17177627845
hash,2594108,137422173744,17177627838
hash,2594109,137422173760,17177627840
hash,2594110,137422173768,17177627841
hash,2594111,137422173776,17177627842
hash,2594112,137422174000,17177627870
hash,2594113,137422173804,17177627845
hash,2594114,67533220,8297772
hash,2594115,137422173776,17177627842
hash,2594116,137422174012,17177627871
hash,2594117,137422173804,17177627845
hash,2594118,137422173784,17177627843
hash,2594119,67530080,8297380
hash,2594120,137422173804,17177627845
hash,2594121,137422173744,17177627838
hash,2594122,137422173760,17177627840
hash,2594123,137422173768,17177627841
hash,2594124,137422173776,17177627842
hash,2594125,137422174000,17177627870
hash,2594126,137422173804,17177627845
hash,2594127,67533224,8297773
hash,2594128,137422173776,17177627842
hash,2594129,137422174012,17177627871
hash,2594130,137422173804,17177627845
hash,2594131,137422173784,17177627843
hash,2594132,67530080,8297380
hash,2594133,137422173804,17177627845
hash,2594134,137422173744,17177627838
hash,2594135,137422173760,17177627840
hash,2594136,137422173768,17177627841
hash,2594137,137422173776,17177627842
hash,2594138,137422174000,17177627870
hash,2594139,137422173804,17177627845
hash,2594140,67533228,8297773
hash,2594141,137422173776,17177627842
hash,2594142,137422174012,17177627871
hash,2594143,137422173804,17177627845
hash,2594144,137422173784,17177627843
hash,2594145,67530080,8297380
hash,2594146,137422173804,17177627845
hash,2594147,137422173744,17177627838
hash,2594148,137422173760,17177627840
hash,2594149,137422173768,17177627841
hash,2594150,137422173776,17177627842
hash,2594151,137422174000,17177627870
hash,2594152,137422173804,17177627845
hash,2594153,67533232,8297774
hash,2594154,137422173776,17177627842
hash,2594155,137422174012,17177627871
hash,2594156,137422173804,17177627845
hash,2594157,137422173784,17177627843
hash,2594158,67530080,8297380
hash,2594159,137422173804,17177627845
hash,2594160,137422173744,17177627838
hash,2594161,137422173760,17177627840
hash,2594162,137422173768,17177627841
hash,2594163,137422173776,17177627842
hash,2594164,137422174000,17177627870
hash,2594165,137422173804,17177627845
hash,2594166,67533236,8297774
hash,2594167,137422173776,17177627842
hash,2594168,137422174012,17177627871
hash,2594169,137422173804,17177627845
hash,2594170,137422173784,17177627843
hash,2594171,67530080,8297380
hash,2594172,137422173804,17177627845
hash,2594173,137422173744,17177627838
hash,2594174,137422173760,17177627840
hash,2594175,137422173768,17177627841
hash,2594176,137422173776,17177627842
hash,2594177,137422174000,17177627870
hash,2594178,137422173804,17177627845
hash,2594179,67533240,8297775
hash,2594180,137422173776,17177627842
hash,2594181,137422174012,17177627871
hash,2594182,137422173804,17177627845
hash,2594183,137422173784,17177627843
hash,2594184,67530080,8297380
hash,2594185,137422173804,17177627845
hash,2594186,137422173744,17177627838
hash,2594187,137422173760,17177627840
hash,2594188,137422173768,17177627841
hash,2594189,137422173776,17177627842
hash,2594190,137422174000,17177627870
hash,2594191,137422173804,17177627845
hash,2594192,67533244,8297775
hash,2594193,137422173776,17177627842
hash,2594194,137422174012,17177627871
hash,2594195,137422173804,17177627845
hash,2594196,137422173784,17177627843
hash,2594197,67530080,8297380
hash,2594198,137422173804,17177627845
hash,2594199,137422173744,17177627838
hash,2594200,137422173760,17177627840
hash,2594201,137422173768,17177627841
hash,2594202,137422173776,17177627842
hash,2594203,137422174000,17177627870
hash,2594204,137422173804,17177627845
hash,2594205,67533248,8297776
hash,2594206,137422173776,17177627842
hash,2594207,137422174012,17177627871
hash,2594208,137422173804,17177627845
hash,2594209,137422173784,17177627843
hash,2594210,67530080,8297380
hash,2594211,137422173804,17177627845
hash,2594212,137422173744,17177627838
hash,2594213,137422173760,17177627840
hash,2594214,137422173768,17177627841
hash,2594215,137422173776,17177627842
hash,2594216,137422174000,17177627870
hash,2594217,137422173804,17177627845
hash,2594218,67533252,8297776
hash,2594219,137422173776,17177627842
hash,2594220,137422174012,17177627871
hash,2594221,137422173804,17177627845
hash,2594222,137422173784,17177627843
hash,2594223,67530080,8297380
hash,2594224,137422173804,17177627845
hash,2594225,137422173744,17177627838
hash,2594226,137422173760,17177627840
hash,2594227,137422173768,17177627841
hash,2594228,137422173776,17177627842
hash,2594229,137422174000,17177627870
hash,2594230,137422173804,17177627845
hash,2594231,67533256,8297777
hash,2594232,137422173776,17177627842
hash,2594233,137422174012,17177627871
hash,2594234,137422173804,17177627845
hash,2594235,137422173784,17177627843
hash,2594236,67530080,8297380
hash,2594237,137422173804,17177627845
hash,2594238,137422173744,17177627838
hash,2594239,137422173760,17177627840
hash,2594240,137422173768,17177627841
hash,2594241,137422173776,17177627842
hash,2594242,137422174000,17177627870
hash,2594243,137422173804,17177627845
hash,2594244,67533260,8297777
hash,2594245,137422173776,17177627842
hash,2594246,137422174012,17177627871
hash,2594247,137422173804,17177627845
hash,2594248,137422173776,17177627842
hash,2594249,137422174012,17177627871
hash,2594250,137422173784,17177627843
hash,2594251,137422173808,17177627846
hash,2594252,137422173816,17177627847
hash,2594253,137422173840,17177627850
hash,2594254,137422173848,17177627851
hash,2594255,137422173864,17177627853
hash,2594256,137422173996,17177627869
hash,2594257,137422173864,17177627853
hash,2594258,137422173872,17177627854
hash,2594259,137422173880,17177627855
hash,2594260,137422173888,17177627856
hash,2594261,137422173896,17177627857
hash,2594262,137422173904,17177627858
hash,2594263,137422173912,17177627859
hash,2594264,137422173896,17177627857
hash,2594265,137422173864,17177627853
hash,2594266,137422173816,17177627847
hash,2594267,137422174012,17177627871
hash,2594268,137422173836,17177627849
hash,2594269,137422173816,17177627847
hash,2594270,137422174012,17177627871
hash,2594271,137422173836,17177627849
hash,2594272,137422173816,17177627847
hash,2594273,137422174012,17177627871
hash,2594274,137422173836,17177627849
hash,2594275,137422173816,17177627847
hash,2594276,137422174012,17177627871
hash,2594277,137422173836,17177627849
hash,2594278,137422173816,17177627847
hash,2594279,137422174012,17177627871
hash,2594280,137422173836,17177627849
hash,2594281,137422173816,17177627847
hash,2594282,137422174012,17177627871
hash,2594283,137422173836,17177627849
hash,2594284,137422173816,17177627847
hash,2594285,137422174012,17177627871
hash,2594286,137422173836,17177627849
hash,2594287,137422173816,17177627847
hash,2594288,137422174012,17177627871
hash,2594289,137422173836,17177627849
hash,2594290,137422173816,17177627847
hash,2594291,137422174012,17177627871
hash,2594292,137422173836,17177627849
hash,2594293,137422173816,17177627847
hash,2594294,137422174012,17177627871
hash,2594295,137422173836,17177627849
hash,2594296,137422173816,17177627847
hash,2594297,137422174012,17177627871
hash,2594298,137422173836,17177627849
hash,2594299,137422173816,17177627847
hash,2594300,137422174012,17177627871
hash,2594301,137422173836,17177627849
hash,2594302,137422173816,17177627847
hash,2594303,137422174012,17177627871
hash,2594304,137422173836,17177627849
hash,2594305,137422173816,17177627847
hash,2594306,137422174012,17177627871
hash,2594307,137422173836,17177627849
hash,2594308,137422173816,17177627847
hash,2594309,137422174012,17177627871
hash,2594310,137422173836,17177627849
hash,2594311,137422173816,17177627847
hash,2594312,137422174012,17177627871
hash,2594313,137422173836,17177627849
hash,2594314,137422173816,17177627847
hash,2594315,137422174012,17177627871
hash,2594316,137422173836,17177627849
hash,2594317,137422173840,17177627850
hash,2594318,137422173848,17177627851
hash,2594319,137422173864,17177627853
hash,2594320,137422174000,17177627870
hash,2594321,1175320,3035
hash,2594322,78466120,9664385
hash,2594323,80788984,9954743
hash,2594324,67533192,8297769
hash,2594325,81812384,10082668
hash,2594326,80788888,9954731
hash,2594327,81812440,10082675
hash,2594328,67533192,8297769
hash,2594329,80788888,9954731
hash,2594330,81812440,10082675
hash,2594331,80789992,9954869
hash,2594332,80790008,9954871
hash,2594333,80818552,9958439
hash,2594334,67533208,8297771
hash,2594335,67346454,8274426
hash,2594336,80818552,9958439
hash,2594337,67346600,8274445
hash,2594338,137422173752,17177627839
hash,2594339,137422173760,17177627840
hash,2594340,137422173768,17177627841
hash,2594341,137422173776,17177627842
hash,2594342,137422173784,17177627843
hash,2594343,137422173816,17177627847
hash,2594344,137422173824,17177627848
hash,2594345,137422173832,17177627849
hash,2594346,137422173840,17177627850
hash,2594347,137422173848,17177627851
hash,2594348,137422173872,17177627854
hash,2594349,137422173880,17177627855
hash,2594350,137422173904,17177627858
hash,2594351,137422173912,17177627859
hash,2594352,137422173896,17177627857
hash,2594353,137422173980,17177627867
hash,2594354,137422173904,17177627858
hash,2594355,137422173912,17177627859
hash,2594356,137422173964,17177627865
hash,2594357,137422173944,17177627863
hash,2594358,81812584,10082693
hash,2594359,137422173808,17177627846
hash,2594360,137422173784,17177627843
hash,2594361,137422173996,17177627869
hash,2594362,137422173792,17177627844
hash,2594363,137422173800,17177627845
hash,2594364,137422173808,17177627846
hash,2594365,137422173784,17177627843
hash,2594366,137422173984,17177627868
hash,2594367,137422173780,17177627842
hash,2594368,137422173792,17177627844
hash,2594369,137422173800,17177627845
hash,2594370,137422173784,17177627843
hash,2594371,137422173776,17177627842
hash,2594372,137422173736,17177627837
hash,2594373,137422173736,17177627837
hash,2594374,137422173736,17177627837
hash,2594375,137422173728,17177627836
hash,2594376,67530076,8297379
hash,2594377,137422173728,17177627836
hash,2594378,67530076,8297379
hash,2594379,1175344,3038
hash,2594380,78464800,9664220
hash,2594381,80818568,9958441
hash,2594382,80788888,9954731
hash,2594383,81812440,10082675
hash,2594384,80789992,9954869
hash,2594385,67346448,8274426
hash,2594386,67346576,8274442
hash,2594387,67535248,8298026
hash,2594388,137422173656,17177627827
hash,2594389,137422173664,17177627828
hash,2594390,137422173672,17177627829
hash,2594391,137422173680,17177627830
hash,2594392,137422173688,17177627831
hash,2594393,137422173704,17177627833
hash,2594394,137422173712,17177627834
hash,2594395,137422173720,17177627835
hash,2594396,137422173736,17177627837
hash,2594397,137422173728,17177627836
hash,2594398,67530076,8297379
hash,2594399,137422173736,17177627837
hash,2594400,137422173728,17177627836
hash,2594401,67530076,8297379
hash,2594402,137422173756,17177627839
hash,2594403,137422173736,17177627837
hash,2594404,137422173840,17177627850
hash,2594405,137422173756,17177627839
hash,2594406,137422173696,17177627832
hash,2594407,137422173712,17177627834
hash,2594408,137422173720,17177627835
hash,2594409,137422173728,17177627836
hash,2594410,67530064,8297378
hash,2594411,137422173756,17177627839
hash,2594412,67503584,8294068
hash,2594413,137422173728,17177627836
hash,2594414,67530076,8297379
hash,2594415,137422173756,17177627839
hash,2594416,137422173728,17177627836
hash,2594417,67530076,8297379
hash,2594418,137422173736,17177627837
hash,2594419,137422173760,17177627840
hash,2594420,137422173768,17177627841
hash,2594421,137422173792,17177627844
hash,2594422,137422173800,17177627845
hash,2594423,137422173808,17177627846
hash,2594424,137422173784,17177627843
hash,2594425,137422173996,17177627869
hash,2594426,137422173792,17177627844
hash,2594427,137422173800,17177627845
hash,2594428,137422173836,17177627849
hash,2594429,137422173836,17177627849
hash,2594430,137422173808,17177627846
hash,2594431,137422173784,17177627843
hash,2594432,137422173984,17177627868
hash,2594433,137422173780,17177627842
hash,2594434,137422173792,17177627844
hash,2594435,137422173800,17177627845
hash,2594436,137422173752,17177627839
hash,2594437,137422173704,17177627833
hash,2594438,137422173672,17177627829
hash,2594439,137422173672,17177627829
hash,2594440,137422173672,17177627829
hash,2594441,137422173680,17177627830
hash,2594442,137422173688,17177627831
hash,2594443,137422173712,17177627834
hash,2594444,137422173720,17177627835
hash,2594445,137422173744,17177627838
hash,2594446,137422173704,17177627833
hash,2594447,137422173672,17177627829
hash,2594448,137422173852,17177627851
hash,2594449,137422173680,17177627830
hash,2594450,137422173688,17177627831
hash,2594451,137422173712,17177627834
hash,2594452,137422173720,17177627835
hash,2594453,137422173768,17177627841
hash,2594454,137422173736,17177627837
hash,2594455,137422173704,17177627833
hash,2594456,137422173672,17177627829
hash,2594457,67530092,8297381
hash,2594458,137422173680,17177627830
hash,2594459,137422173688,17177627831
hash,2594460,137422173712,17177627834
hash,2594461,137422173720,17177627835
hash,2594462,137422173772,17177627841
hash,2594463,1176352,3164
hash,2594464,137422173768,17177627841
hash,2594465,137422173744,17177627838
hash,2594466,137422173704,17177627833
hash,2594467,137422173700,17177627832
hash,2594468,137422173672,17177627829
hash,2594469,137422173840,17177627850
hash,2594470,137422173668,17177627828
hash,2594471,137422173680,17177627830
hash,2594472,137422173688,17177627831
hash,2594473,67535248,8298026
hash,2594474,137422173712,17177627834
hash,2594475,137422173720,17177627835
hash,2594476,137422173772,17177627841
hash,2594477,137422173736,17177627837
hash,2594478,137422173704,17177627833
hash,2594479,137422173700,17177627832
hash,2594480,137422173672,17177627829
hash,2594481,67530080,8297380
hash,2594482,137422173668,17177627828
hash,2594483,137422173680,17177627830
hash,2594484,137422173688,17177627831
hash,2594485,67433040,8285250
hash,2594486,137422173712,17177627834
hash,2594487,137422173720,17177627835
hash,2594488,137422173768,17177627841
hash,2594489,137422173744,17177627838
hash,2594490,137422173704,17177627833
hash,2594491,137422173700,17177627832
hash,2594492,137422173672,17177627829
hash,2594493,137422173840,17177627850
hash,2594494,137422173668,17177627828
hash,2594495,137422173680,17177627830
hash,2594496,137422173688,17177627831
hash,2594497,67535248,8298026
hash,2594498,137422173712,17177627834
hash,2594499,137422173720,17177627835
hash,2594500,137422173772,17177627841
hash,2594501,137422173736,17177627837
hash,2594502,137422173704,17177627833
hash,2594503,137422173700,17177627832
hash,2594504,137422173672,17177627829
hash,2594505,67530080,8297380
hash,2594506,137422173668,17177627828
hash,2594507,137422173680,17177627830
hash,2594508,137422173688,17177627831
hash,2594509,67433040,8285250
hash,2594510,137422173712,17177627834
hash,2594511,137422173720,17177627835
hash,2594512,137422173744,17177627838
hash,2594513,137422173704,17177627833
hash,2594514,137422173672,17177627829
hash,2594515,137422173852,17177627851
hash,2594516,137422173680,17177627830
hash,2594517,137422173688,17177627831
hash,2594518,137422173712,17177627834
hash,2594519,137422173720,17177627835
hash,2594520,137422173768,17177627841
hash,2594521,137422173736,17177627837
hash,2594522,137422173704,17177627833
hash,2594523,137422173672,17177627829
hash,2594524,67530092,8297381
hash,2594525,137422173680,17177627830
hash,2594526,137422173688,17177627831
hash,2594527,137422173712,17177627834
hash,2594528,137422173720,17177627835
hash,2594529,137422173772,17177627841
hash,2594530,1176352,3164
hash,2594531,137422173768,17177627841
hash,2594532,137422173744,17177627838
hash,2594533,137422173704,17177627833
hash,2594534,137422173700,17177627832
hash,2594535,137422173672,17177627829
hash,2594536,137422173840,17177627850
hash,2594537,137422173668,17177627828
hash,2594538,137422173680,17177627830
hash,2594539,137422173688,17177627831
hash,2594540,67535248,8298026
hash,2594541,137422173712,17177627834
hash,2594542,137422173720,17177627835
hash,2594543,137422173772,17177627841
hash,2594544,137422173736,17177627837
hash,2594545,137422173704,17177627833
hash,2594546,137422173700,17177627832
hash,2594547,137422173672,17177627829
hash,2594548,67530080,8297380
hash,2594549,137422173668,17177627828
hash,2594550,137422173680,17177627830
hash,2594551,137422173688,17177627831
hash,2594552,67433044,8285250
hash,2594553,137422173712,17177627834
hash,2594554,137422173720,17177627835
hash,2594555,137422173768,17177627841
hash,2594556,137422173744,17177627838
hash,2594557,137422173704,17177627833
hash,2594558,137422173700,17177627832
hash,2594559,137422173672,17177627829
hash,2594560,137422173840,17177627850
hash,2594561,137422173668,17177627828
hash,2594562,137422173680,17177627830
hash,2594563,137422173688,17177627831
hash,2594564,67535248,8298026
hash,2594565,137422173712,17177627834
hash,2594566,137422173720,17177627835
hash,2594567,137422173772,17177627841
hash,2594568,137422173736,17177627837
hash,2594569,137422173704,17177627833
hash,2594570,137422173700,17177627832
hash,2594571,137422173672,17177627829
hash,2594572,67530080,8297380
hash,2594573,137422173668,17177627828
hash,2594574,137422173680,17177627830
hash,2594575,137422173688,17177627831
hash,2594576,67433044,8285250
hash,2594577,137422173712,17177627834
hash,2594578,137422173720,17177627835
hash,2594579,137422173744,17177627838
hash,2594580,137422173704,17177627833
hash,2594581,137422173672,17177627829
hash,2594582,137422173852,17177627851
hash,2594583,137422173680,17177627830
hash,2594584,137422173688,17177627831
hash,2594585,137422173712,17177627834
hash,2594586,137422173720,17177627835
hash,2594587,137422173768,17177627841
hash,2594588,137422173736,17177627837
hash,2594589,137422173704,17177627833
hash,2594590,137422173672,17177627829
hash,2594591,67530092,8297381
hash,2594592,137422173680,17177627830
hash,2594593,137422173688,17177627831
hash,2594594,137422173712,17177627834
hash,2594595,137422173720,17177627835
hash,2594596,137422173772,17177627841
hash,2594597,1176352,3164
hash,2594598,137422173768,17177627841
hash,2594599,137422173744,17177627838
hash,2594600,137422173704,17177627833
hash,2594601,137422173700,17177627832
hash,2594602,137422173672,17177627829
hash,2594603,137422173840,17177627850
hash,2594604,137422173668,17177627828
hash,2594605,137422173680,17177627830
hash,2594606,137422173688,17177627831
hash,2594607,67535248,8298026
hash,2594608,137422173712,17177627834
hash,2594609,137422173720,17177627835
hash,2594610,137422173772,17177627841
hash,2594611,137422173736,17177627837
hash,2594612,137422173704,17177627833
hash,2594613,137422173700,17177627832
hash,2594614,137422173672,17177627829
hash,2594615,67530080,8297380
hash,2594616,137422173668,17177627828
hash,2594617,137422173680,17177627830
hash,2594618,137422173688,17177627831
hash,2594619,67433048,8285251
hash,2594620,137422173712,17177627834
hash,2594621,137422173720,17177627835
hash,2594622,137422173768,17177627841
hash,2594623,137422173744,17177627838
hash,2594624,137422173704,17177627833
hash,2594625,137422173700,17177627832
hash,2594626,137422173672,17177627829
hash,2594627,137422173840,17177627850
hash,2594628,137422173668,17177627828
hash,2594629,137422173680,17177627830
hash,2594630,137422173688,17177627831
hash,2594631,67535248,8298026
hash,2594632,137422173712,17177627834
hash,2594633,137422173720,17177627835
hash,2594634,137422173772,17177627841
hash,2594635,137422173736,17177627837
hash,2594636,137422173704,17177627833
hash,2594637,137422173700,17177627832
hash,2594638,137422173672,17177627829
hash,2594639,67530080,8297380
hash,2594640,137422173668,17177627828
hash,2594641,137422173680,17177627830
hash,2594642,137422173688,17177627831
hash,2594643,67433048,8285251
hash,2594644,137422173712,17177627834
hash,2594645,137422173720,17177627835
hash,2594646,137422173744,17177627838
hash,2594647,137422173704,17177627833
hash,2594648,137422173672,17177627829
hash,2594649,137422173852,17177627851
hash,2594650,137422173680,17177627830
hash,2594651,137422173688,17177627831
hash,2594652,137422173712,17177627834
hash,2594653,137422173720,17177627835
hash,2594654,137422173768,17177627841
hash,2594655,137422173736,17177627837
hash,2594656,137422173704,17177627833
hash,2594657,137422173672,17177627829
hash,2594658,67530092,8297381
hash,2594659,137422173680,17177627830
hash,2594660,137422173688,17177627831
hash,2594661,137422173712,17177627834
hash,2594662,137422173720,17177627835
hash,2594663,137422173772,17177627841
hash,2594664,1176352,3164
hash,2594665,137422173768,17177627841
hash,2594666,137422173744,17177627838
hash,2594667,137422173704,17177627833
hash,2594668,137422173700,17177627832
hash,2594669,137422173672,17177627829
hash,2594670,137422173840,17177627850
hash,2594671,137422173668,17177627828
hash,2594672,137422173680,17177627830
hash,2594673,137422173688,17177627831
hash,2594674,67535248,8298026
hash,2594675,137422173712,17177627834
hash,2594676,137422173720,17177627835
hash,2594677,137422173772,17177627841
hash,2594678,137422173736,17177627837
hash,2594679,137422173704,17177627833
hash,2594680,137422173700,17177627832
hash,2594681,137422173672,17177627829
hash,2594682,67530080,8297380
hash,2594683,137422173668,17177627828
hash,2594684,137422173680,17177627830
hash,2594685,137422173688,17177627831
hash,2594686,67433052,8285251
hash,2594687,137422173712,17177627834
hash,2594688,137422173720,17177627835
hash,2594689,137422173768,17177627841
hash,2594690,137422173744,17177627838
hash,2594691,137422173704,17177627833
hash,2594692,137422173700,17177627832
hash,2594693,137422173672,17177627829
hash,2594694,137422173840,17177627850
hash,2594695,137422173668,17177627828
hash,2594696,137422173680,17177627830
hash,2594697,137422173688,17177627831
hash,2594698,67535248,8298026
hash,2594699,137422173712,17177627834
hash,2594700,137422173720,17177627835
hash,2594701,137422173772,17177627841
hash,2594702,137422173736,17177627837
hash,2594703,137422173704,17177627833
hash,2594704,137422173700,17177627832
hash,2594705,137422173672,17177627829
hash,2594706,67530080,8297380
hash,2594707,137422173668,17177627828
hash,2594708,137422173680,17177627830
hash,2594709,137422173688,17177627831
hash,2594710,67433052,8285251
hash,2594711,137422173712,17177627834
hash,2594712,137422173720,17177627835
hash,2594713,137422173744,17177627838
hash,2594714,137422173704,17177627833
hash,2594715,137422173672,17177627829
hash,2594716,137422173852,17177627851
hash,2594717,137422173680,17177627830
hash,2594718,137422173688,17177627831
hash,2594719,137422173712,17177627834
hash,2594720,137422173720,17177627835
hash,2594721,137422173768,17177627841
hash,2594722,137422173736,17177627837
hash,2594723,137422173704,17177627833
hash,2594724,137422173672,17177627829
hash,2594725,67530092,8297381
hash,2594726,137422173680,17177627830
hash,2594727,137422173688,17177627831
hash,2594728,137422173712,17177627834
hash,2594729,137422173720,17177627835
hash,2594730,137422173772,17177627841
hash,2594731,1176352,3164
hash,2594732,137422173768,17177627841
hash,2594733,137422173744,17177627838
hash,2594734,137422173704,17177627833
hash,2594735,137422173700,17177627832
hash,2594736,137422173672,17177627829
hash,2594737,137422173840,17177627850
hash,2594738,137422173668,17177627828
hash,2594739,137422173680,17177627830
hash,2594740,137422173688,17177627831
hash,2594741,67535248,8298026
hash,2594742,137422173712,17177627834
hash,2594743,137422173720,17177627835
hash,2594744,137422173772,17177627841
hash,2594745,137422173736,17177627837
hash,2594746,137422173704,17177627833
hash,2594747,137422173700,17177627832
hash,2594748,137422173672,17177627829
hash,2594749,67530080,8297380
hash,2594750,137422173668,17177627828
hash,2594751,137422173680,17177627830
hash,2594752,137422173688,17177627831
hash,2594753,67433056,8285252
hash,2594754,137422173712,17177627834
hash,2594755,137422173720,17177627835
hash,2594756,137422173768,17177627841
hash,2594757,137422173744,17177627838
hash,2594758,137422173704,17177627833
hash,2594759,137422173700,17177627832
hash,2594760,137422173672,17177627829
hash,2594761,137422173840,17177627850
hash,2594762,137422173668,17177627828
hash,2594763,137422173680,17177627830
hash,2594764,137422173688,17177627831
hash,2594765,67535248,8298026
hash,2594766,137422173712,17177627834
hash,2594767,137422173720,17177627835
hash,2594768,137422173772,17177627841
hash,2594769,137422173736,17177627837
hash,2594770,137422173704,17177627833
hash,2594771,137422173700,17177627832
hash,2594772,137422173672,17177627829
hash,2594773,67530080,8297380
hash,2594774,137422173668,17177627828
hash,2594775,137422173680,17177627830
hash,2594776,137422173688,17177627831
hash,2594777,67433056,8285252
hash,2594778,137422173712,17177627834
hash,2594779,137422173720,17177627835
hash,2594780,137422173744,17177627838
hash,2594781,137422173704,17177627833
hash,2594782,137422173672,17177627829
hash,2594783,137422173852,17177627851
hash,2594784,137422173680,17177627830
hash,2594785,137422173688,17177627831
hash,2594786,137422173712,17177627834
hash,2594787,137422173720,17177627835
hash,2594788,137422173768,17177627841
hash,2594789,137422173736,17177627837
hash,2594790,137422173704,17177627833
hash,2594791,137422173672,17177627829
hash,2594792,67530092,8297381
hash,2594793,137422173680,17177627830
hash,2594794,137422173688,17177627831
hash,2594795,137422173712,17177627834
hash,2594796,137422173720,17177627835
hash,2594797,137422173772,17177627841
hash,2594798,1176352,3164
hash,2594799,137422173768,17177627841
hash,2594800,137422173744,17177627838
hash,2594801,137422173704,17177627833
hash,2594802,137422173700,17177627832
hash,2594803,137422173672,17177627829
hash,2594804,137422173840,17177627850
hash,2594805,137422173668,17177627828
hash,2594806,137422173680,17177627830
hash,2594807,137422173688,17177627831
hash,2594808,67535248,8298026
hash,2594809,137422173712,17177627834
hash,2594810,137422173720,17177627835
hash,2594811,137422173772,17177627841
hash,2594812,137422173736,17177627837
hash,2594813,137422173704,17177627833
hash,2594814,137422173700,17177627832
hash,2594815,137422173672,17177627829
hash,2594816,67530080,8297380
hash,2594817,137422173668,17177627828
hash,2594818,137422173680,17177627830
hash,2594819,137422173688,17177627831
hash,2594820,67433060,8285252
hash,2594821,137422173712,17177627834
hash,2594822,137422173720,17177627835
hash,2594823,137422173768,17177627841
hash,2594824,137422173744,17177627838
hash,2594825,137422173704,17177627833
hash,2594826,137422173700,17177627832
hash,2594827,137422173672,17177627829
hash,2594828,137422173840,17177627850
hash,2594829,137422173668,17177627828
hash,2594830,137422173680,17177627830
hash,2594831,137422173688,17177627831
hash,2594832,67535248,8298026
hash,2594833,137422173712,17177627834
hash,2594834,137422173720,17177627835
hash,2594835,137422173772,17177627841
hash,2594836,137422173736,17177627837
hash,2594837,137422173704,17177627833
hash,2594838,137422173700,17177627832
hash,2594839,137422173672,17177627829
hash,2594840,67530080,8297380
hash,2594841,137422173668,17177627828
hash,2594842,137422173680,17177627830
hash,2594843,137422173688,17177627831
hash,2594844,67433060,8285252
hash,2594845,137422173712,17177627834
hash,2594846,137422173720,17177627835
hash,2594847,137422173744,17177627838
hash,2594848,137422173704,17177627833
hash,2594849,137422173672,17177627829
hash,2594850,137422173852,17177627851
hash,2594851,137422173680,17177627830
hash,2594852,137422173688,17177627831
hash,2594853,137422173712,17177627834
hash,2594854,137422173720,17177627835
hash,2594855,137422173768,17177627841
hash,2594856,137422173736,17177627837
hash,2594857,137422173704,17177627833
hash,2594858,137422173672,17177627829
hash,2594859,67530092,8297381
hash,2594860,137422173680,17177627830
hash,2594861,137422173688,17177627831
hash,2594862,137422173712,17177627834
hash,2594863,137422173720,17177627835
hash,2594864,137422173772,17177627841
hash,2594865,1176352,3164
hash,2594866,137422173768,17177627841
hash,2594867,137422173744,17177627838
hash,2594868,137422173704,17177627833
hash,2594869,137422173700,17177627832
hash,2594870,137422173672,17177627829
hash,2594871,137422173840,17177627850
hash,2594872,137422173668,17177627828
hash,2594873,137422173680,17177627830
hash,2594874,137422173688,17177627831
hash,2594875,67535248,8298026
hash,2594876,137422173712,17177627834
hash,2594877,137422173720,17177627835
hash,2594878,137422173772,17177627841
hash,2594879,137422173736,17177627837
hash,2594880,137422173704,17177627833
hash,2594881,137422173700,17177627832
hash,2594882,137422173672,17177627829
hash,2594883,67530080,8297380
hash,2594884,137422173668,17177627828
hash,2594885,137422173680,17177627830
hash,2594886,137422173688,17177627831
hash,2594887,67433064,8285253
hash,2594888,137422173712,17177627834
hash,2594889,137422173720,17177627835
hash,2594890,137422173744,17177627838
hash,2594891,137422173704,17177627833
hash,2594892,137422173672,17177627829
hash,2594893,137422173852,17177627851
hash,2594894,137422173680,17177627830
hash,2594895,137422173688,17177627831
hash,2594896,137422173712,17177627834
hash,2594897,137422173720,17177627835
hash,2594898,137422173768,17177627841
hash,2594899,137422173752,17177627839
hash,2594900,137422173784,17177627843
hash,2594901,137422173792,17177627844
hash,2594902,137422173800,17177627845
hash,2594903,137422173776,17177627842
hash,2594904,137422173784,17177627843
hash,2594905,137422173736,17177627837
hash,2594906,137422173728,17177627836
hash,2594907,137422173736,17177627837
hash,2594908,137422173688,17177627831
hash,2594909,137422173852,17177627851
hash,2594910,137422173708,17177627833
hash,2594911,137422173688,17177627831
hash,2594912,137422173852,17177627851
hash,2594913,137422173708,17177627833
hash,2594914,137422173712,17177627834
hash,2594915,137422173720,17177627835
hash,2594916,137422173736,17177627837
hash,2594917,137422173840,17177627850
hash,2594918,1175320,3035
hash,2594919,78466120,9664385
hash,2594920,80788984,9954743
hash,2594921,67535240,8298025
hash,2594922,81812384,10082668
hash,2594923,80788888,9954731
hash,2594924,81812440,10082675
hash,2594925,67535240,8298025
hash,2594926,80788888,9954731
hash,2594927,81812440,10082675
hash,2594928,80789992,9954869
hash,2594929,80790008,9954871
hash,2594930,80818552,9958439
hash,2594931,67535256,8298027
hash,2594932,67346448,8274426
hash,2594933,80818552,9958439
hash,2594934,67346576,8274442
hash,2594935,137422173624,17177627823
hash,2594936,137422173632,17177627824
hash,2594937,137422173640,17177627825
hash,2594938,137422173648,17177627826
hash,2594939,137422173656,17177627827
hash,2594940,137422173688,17177627831
hash,2594941,137422173696,17177627832
hash,2594942,137422173704,17177627833
hash,2594943,137422173712,17177627834
hash,2594944,137422173720,17177627835
hash,2594945,137422173736,17177627837
hash,2594946,137422173736,17177627837
hash,2594947,137422173736,17177627837
hash,2594948,137422173728,17177627836
hash,2594949,137422173868,17177627853
hash,2594950,137422173736,17177627837
hash,2594951,137422173760,17177627840
hash,2594952,137422173768,17177627841
hash,2594953,137422173784,17177627843
hash,2594954,137422173792,17177627844
hash,2594955,137422173800,17177627845
hash,2594956,137422173784,17177627843
hash,2594957,137422173752,17177627839
hash,2594958,137422173704,17177627833
hash,2594959,137422173868,17177627853
hash,2594960,137422173724,17177627835
hash,2594961,137422173728,17177627836
hash,2594962,137422173736,17177627837
hash,2594963,137422173752,17177627839
hash,2594964,137422173856,17177627852
hash,2594965,1175320,3035
hash,2594966,78466120,9664385
hash,2594967,137422173736,17177627837
hash,2594968,137422173760,17177627840
hash,2594969,137422173768,17177627841
hash,2594970,137422173792,17177627844
hash,2594971,137422173800,17177627845
hash,2594972,137422173808,17177627846
hash,2594973,137422173784,17177627843
hash,2594974,137422173996,17177627869
hash,2594975,137422173792,17177627844
hash,2594976,137422173800,17177627845
hash,2594977,137422173836,17177627849
hash,2594978,137422173816,17177627847
hash,2594979,137422173784,17177627843
hash,2594980,137422173776,17177627842
hash,2594981,137422173736,17177627837
hash,2594982,137422173736,17177627837
hash,2594983,137422173736,17177627837
hash,2594984,137422173728,17177627836
hash,2594985,137422173852,17177627851
hash,2594986,137422173760,17177627840
hash,2594987,137422173768,17177627841
hash,2594988,137422173792,17177627844
hash,2594989,137422173800,17177627845
hash,2594990,137422173784,17177627843
hash,2594991,137422173752,17177627839
hash,2594992,137422173704,17177627833
hash,2594993,137422173852,17177627851
hash,2594994,137422173724,17177627835
hash,2594995,137422173728,17177627836
hash,2594996,137422173736,17177627837
hash,2594997,137422173752,17177627839
hash,2594998,137422173840,17177627850
hash,2594999,1175320,3035
hash,2595000,78466120,9664385
hash,2595001,137422173736,17177627837
hash,2595002,137422173760,17177627840
hash,2595003,137422173768,17177627841
hash,2595004,137422173792,17177627844
hash,2595005,137422173800,17177627845
hash,2595006,137422173880,17177627855
hash,2595007,81812584,10082693
hash,2595008,137422173816,17177627847
hash,2595009,137422173896,17177627857
hash,2595010,137422173904,17177627858
hash,2595011,137422173912,17177627859
hash,2595012,137422173896,17177627857
hash,2595013,137422173848,17177627851
hash,2595014,137422173996,17177627869
hash,2595015,137422173868,17177627853
hash,2595016,137422173848,17177627851
hash,2595017,137422173984,17177627868
hash,2595018,137422173868,17177627853
hash,2595019,137422173816,17177627847
hash,2595020,137422173784,17177627843
hash,2595021,137422173736,17177627837
hash,2595022,67530076,8297379
hash,2595023,137422173756,17177627839
hash,2595024,137422173736,17177627837
hash,2595025,67530076,8297379
hash,2595026,137422173756,17177627839
hash,2595027,137422173760,17177627840
hash,2595028,137422173768,17177627841
hash,2595029,137422173784,17177627843
hash,2595030,67530064,8297378
hash,2595031,1175320,3035
hash,2595032,78466120,9664385
hash,2595033,80788984,9954743
hash,2595034,67503576,8294067
hash,2595035,81812384,10082668
hash,2595036,80788888,9954731
hash,2595037,81812440,10082675
hash,2595038,67503576,8294067
hash,2595039,80788888,9954731
hash,2595040,81812440,10082675
hash,2595041,80789992,9954869
hash,2595042,80790008,9954871
hash,2595043,80818552,9958439
hash,2595044,67503592,8294069
hash,2595045,67346448,8274426
hash,2595046,80818552,9958439
hash,2595047,67346576,8274442
hash,2595048,137422173672,17177627829
hash,2595049,137422173680,17177627830
hash,2595050,137422173688,17177627831
hash,2595051,137422173696,17177627832
hash,2595052,137422173704,17177627833
hash,2595053,137422173736,17177627837
hash,2595054,137422173744,17177627838
hash,2595055,137422173752,17177627839
hash,2595056,137422173760,17177627840
hash,2595057,137422173768,17177627841
hash,2595058,137422173792,17177627844
hash,2595059,137422173800,17177627845
hash,2595060,137422173824,17177627848
hash,2595061,137422173832,17177627849
hash,2595062,137422173848,17177627851
hash,2595063,137422173996,17177627869
hash,2595064,137422173868,17177627853
hash,2595065,137422173848,17177627851
hash,2595066,137422173984,17177627868
hash,2595067,137422173868,17177627853
hash,2595068,137422173816,17177627847
hash,2595069,137422173784,17177627843
hash,2595070,137422173736,17177627837
hash,2595071,67530092,8297381
hash,2595072,137422173756,17177627839
hash,2595073,137422173736,17177627837
hash,2595074,67530092,8297381
hash,2595075,137422173756,17177627839
hash,2595076,137422173736,17177627837
hash,2595077,67530092,8297381
hash,2595078,137422173756,17177627839
hash,2595079,137422173736,17177627837
hash,2595080,67530092,8297381
hash,2595081,137422173756,17177627839
hash,2595082,137422173736,17177627837
hash,2595083,67530092,8297381
hash,2595084,137422173756,17177627839
hash,2595085,137422173736,17177627837
hash,2595086,67530092,8297381
hash,2595087,137422173756,17177627839
hash,2595088,137422173736,17177627837
hash,2595089,67530092,8297381
hash,2595090,137422173756,17177627839
hash,2595091,137422173736,17177627837
hash,2595092,67530092,8297381
hash,2595093,137422173756,17177627839
hash,2595094,137422173736,17177627837
hash,2595095,67530092,8297381
hash,2595096,137422173756,17177627839
hash,2595097,137422173736,17177627837
hash,2595098,67530092,8297381
hash,2595099,137422173756,17177627839
hash,2595100,137422173736,17177627837
hash,2595101,67530092,8297381
hash,2595102,137422173756,17177627839
hash,2595103,137422173736,17177627837
hash,2595104,67530092,8297381
hash,2595105,137422173756,17177627839
hash,2595106,137422173736,17177627837
hash,2595107,67530092,8297381
hash,2595108,137422173756,17177627839
hash,2595109,137422173736,17177627837
hash,2595110,67530092,8297381
hash,2595111,137422173756,17177627839
hash,2595112,137422173736,17177627837
hash,2595113,67530092,8297381
hash,2595114,137422173756,17177627839
hash,2595115,137422173736,17177627837
hash,2595116,67530092,8297381
hash,2595117,137422173756,17177627839
hash,2595118,137422173736,17177627837
hash,2595119,67530092,8297381
hash,2595120,137422173756,17177627839
hash,2595121,137422173760,17177627840
hash,2595122,137422173768,17177627841
hash,2595123,137422173784,17177627843
hash,2595124,67530080,8297380
hash,2595125,1175320,3035
hash,2595126,78466120,9664385
hash,2595127,80788984,9954743
hash,2595128,67433032,8285249
hash,2595129,81812384,10082668
hash,2595130,80788888,9954731
hash,2595131,81812440,10082675
hash,2595132,67433032,8285249
hash,2595133,80788888,9954731
hash,2595134,81812440,10082675
hash,2595135,80789992,9954869
hash,2595136,80790008,9954871
hash,2595137,80818552,9958439
hash,2595138,67433048,8285251
hash,2595139,67346454,8274426
hash,2595140,80818552,9958439
hash,2595141,67346600,8274445
hash,2595142,137422173672,17177627829
hash,2595143,137422173680,17177627830
hash,2595144,137422173688,17177627831
hash,2595145,137422173696,17177627832
hash,2595146,137422173704,17177627833
hash,2595147,137422173736,17177627837
hash,2595148,137422173744,17177627838
hash,2595149,137422173752,17177627839
hash,2595150,137422173760,17177627840
hash,2595151,137422173768,17177627841
hash,2595152,137422173792,17177627844
hash,2595153,137422173800,17177627845
hash,2595154,137422173824,17177627848
hash,2595155,137422173832,17177627849
hash,2595156,137422173848,17177627851
hash,2595157,137422173996,17177627869
hash,2595158,137422173868,17177627853
hash,2595159,137422173872,17177627854
hash,2595160,137422173880,17177627855
hash,2595161,137422173896,17177627857
hash,2595162,137422173984,17177627868
hash,2595163,1175320,3035
hash,2595164,78466120,9664385
hash,2595165,80788984,9954743
hash,2595166,67530056,8297377
hash,2595167,81812384,10082668
hash,2595168,80788888,9954731
hash,2595169,81812440,10082675
hash,2595170,67530056,8297377
hash,2595171,80788888,9954731
hash,2595172,81812440,10082675
hash,2595173,80789992,9954869
hash,2595174,80790008,9954871
hash,2595175,80818552,9958439
hash,2595176,67530072,8297379
hash,2595177,67346454,8274426
hash,2595178,80818552,9958439
hash,2595179,67346600,8274445
hash,2595180,137422173784,17177627843
hash,2595181,137422173792,17177627844
hash,2595182,137422173800,17177627845
hash,2595183,137422173808,17177627846
hash,2595184,137422173816,17177627847
hash,2595185,137422173848,17177627851
hash,2595186,137422173856,17177627852
hash,2595187,137422173864,17177627853
hash,2595188,137422173872,17177627854
hash,2595189,137422173880,17177627855
hash,2595190,137422173904,17177627858
hash,2595191,137422173912,17177627859
hash,2595192,137422173896,17177627857
hash,2595193,137422173848,17177627851
hash,2595194,137422173980,17177627867
hash,2595195,137422173868,17177627853
hash,2595196,137422173848,17177627851
hash,2595197,137422173968,17177627866
hash,2595198,137422173868,17177627853
hash,2595199,137422173816,17177627847
hash,2595200,1175256,3027
hash,2595201,67529656,8297327
hash,2595202,137422173800,17177627845
hash,2595203,137422173816,17177627847
hash,2595204,1175256,3027
hash,2595205,67529624,8297323
hash,2595206,137422173800,17177627845
hash,2595207,137422173816,17177627847
hash,2595208,1175256,3027
hash,2595209,67529584,8297318
hash,2595210,137422173800,17177627845
hash,2595211,137422173824,17177627848
hash,2595212,137422173832,17177627849
hash,2595213,137422173848,17177627851
hash,2595214,137422173980,17177627867
hash,2595215,137422173868,17177627853
hash,2595216,137422173848,17177627851
hash,2595217,137422173968,17177627866
hash,2595218,137422173868,17177627853
hash,2595219,137422173816,17177627847
hash,2595220,1175256,3027
hash,2595221,67529760,8297340
hash,2595222,137422173800,17177627845
hash,2595223,137422173816,17177627847
hash,2595224,1175256,3027
hash,2595225,67529728,8297336
hash,2595226,137422173800,17177627845
hash,2595227,137422173816,17177627847
hash,2595228,1175256,3027
hash,2595229,67529688,8297331
hash,2595230,137422173800,17177627845
hash,2595231,137422173824,17177627848
hash,2595232,137422173832,17177627849
hash,2595233,137422173848,17177627851
hash,2595234,137422173980,17177627867
hash,2595235,137422173868,17177627853
hash,2595236,137422173872,17177627854
hash,2595237,137422173880,17177627855
hash,2595238,137422173896,17177627857
hash,2595239,137422173968,17177627866
hash,2595240,1175320,3035
hash,2595241,78466120,9664385
hash,2595242,80788984,9954743
hash,2595243,67529576,8297317
hash,2595244,81812384,10082668
hash,2595245,80788888,9954731
hash,2595246,81812440,10082675
hash,2595247,67529576,8297317
hash,2595248,80788888,9954731
hash,2595249,81812440,10082675
hash,2595250,80789992,9954869
hash,2595251,80790008,9954871
hash,2595252,80818552,9958439
hash,2595253,67529592,8297319
hash,2595254,67346498,8274432
hash,2595255,80818552,9958439
hash,2595256,67346776,8274467
hash,2595257,137422173784,17177627843
hash,2595258,137422173792,17177627844
hash,2595259,137422173800,17177627845
hash,2595260,137422173808,17177627846
hash,2595261,137422173816,17177627847
hash,2595262,137422173848,17177627851
hash,2595263,137422173856,17177627852
hash,2595264,137422173864,17177627853
hash,2595265,137422173872,17177627854
hash,2595266,137422173880,17177627855
hash,2595267,137422173904,17177627858
hash,2595268,137422173912,17177627859
hash,2595269,137422174024,17177627873
hash,2595270,81812584,10082693
hash,2595271,137422173944,17177627863
hash,2595272,137422174040,17177627875
hash,2595273,137422174048,17177627876
hash,2595274,137422174056,17177627877
hash,2595275,137422174104,17177627883
hash,2595276,81812584,10082693
hash,2595277,137422174088,17177627881
hash,2595278,137422174112,17177627884
hash,2595279,137422174120,17177627885
hash,2595280,1175256,3027
hash,2595281,137422174192,17177627894
hash,2595282,137422174120,17177627885
hash,2595283,137422174112,17177627884
hash,2595284,137422174120,17177627885
hash,2595285,137422174104,17177627883
hash,2595286,137422174072,17177627879
hash,2595287,137422174188,17177627893
hash,2595288,137422174080,17177627880
hash,2595289,137422174088,17177627881
hash,2595290,137422174112,17177627884
hash,2595291,137422174120,17177627885
hash,2595292,1175328,3036
hash,2595293,78466192,9664394
hash,2595294,1151718,84
hash,2595295,137422174088,17177627881
hash,2595296,78468008,9664621
hash,2595297,81812584,10082693
hash,2595298,78471112,9665009
hash,2595299,1175616,3072
hash,2595300,78451448,9662551
hash,2595301,1175840,3100
hash,2595302,1175656,3077
hash,2595303,137422173920,17177627860
hash,2595304,137422173928,17177627861
hash,2595305,137422173936,17177627862
hash,2595306,137422173944,17177627863
hash,2595307,137422174000,17177627870
hash,2595308,1175616,3072
hash,2595309,78451448,9662551
hash,2595310,1175640,3075
hash,2595311,1175856,3102
hash,2595312,137422173992,17177627869
hash,2595313,78474848,9665476
hash,2595314,78445160,9661765
hash,2595315,78474912,9665484
hash,2595316,78470296,9664907
hash,2595317,80795072,9955504
hash,2595318,81812560,10082690
hash,2595319,80795208,9955521
hash,2595320,80822336,9958912
hash,2595321,80799512,9956059
hash,2595322,137422173880,17177627855
hash,2595323,80795264,9955528
hash,2595324,80795288,9955531
hash,2595325,137422173880,17177627855
hash,2595326,80785512,9954309
hash,2595327,80795112,9955509
hash,2595328,80795072,9955504
hash,2595329,80795120,9955510
hash,2595330,80788400,9954670
hash,2595331,1151719,84
hash,2595332,1151718,84
hash,2595333,137422173784,17177627843
hash,2595334,137422173800,17177627845
hash,2595335,137422173816,17177627847
hash,2595336,137422173824,17177627848
hash,2595337,137422173832,17177627849
hash,2595338,137422173840,17177627850
hash,2595339,137422173848,17177627851
hash,2595340,137422173856,17177627852
hash,2595341,137422173864,17177627853
hash,2595342,80795072,9955504
hash,2595343,80795208,9955521
hash,2595344,80822336,9958912
hash,2595345,80799508,9956058
hash,2595346,137422173896,17177627857
hash,2595347,137422173904,17177627858
hash,2595348,137422173912,17177627859
hash,2595349,137422173920,17177627860
hash,2595350,137422173928,17177627861
hash,2595351,137422173936,17177627862
hash,2595352,137422173944,17177627863
hash,2595353,1175616,3072
hash,2595354,78451448,9662551
hash,2595355,137422174008,17177627871
hash,2595356,1175616,3072
hash,2595357,78451448,9662551
hash,2595358,1175649,3076
hash,2595359,137422174024,17177627873
hash,2595360,81812584,10082693
hash,2595361,137422174040,17177627875
hash,2595362,137422174048,17177627876
hash,2595363,137422174056,17177627877
hash,2595364,137422174064,17177627878
hash,2595365,137422174072,17177627879
hash,2595366,137422174080,17177627880
hash,2595367,137422174088,17177627881
hash,2595368,137422174096,17177627882
hash,2595369,137422174104,17177627883
hash,2595370,137422174112,17177627884
hash,2595371,137422174120,17177627885
hash,2595372,137422174104,17177627883
hash,2595373,137422174072,17177627879
hash,2595374,137422174024,17177627873
hash,2595375,137422174188,17177627893
hash,2595376,137422174044,17177627875
hash,2595377,137422174048,17177627876
hash,2595378,137422174056,17177627877
hash,2595379,137422174072,17177627879
hash,2595380,137422174176,17177627892
hash,2595381,1175320,3035
hash,2595382,78466120,9664385
hash,2595383,137422174056,17177627877
hash,2595384,137422174080,17177627880
hash,2595385,137422174088,17177627881
hash,2595386,137422174112,17177627884
hash,2595387,137422174120,17177627885
hash,2595388,137422174232,17177627899
hash,2595389,81812584,10082693
hash,2595390,137422174248,17177627901
hash,2595391,137422174256,17177627902
hash,2595392,137422174264,17177627903
hash,2595393,137422174248,17177627901
hash,2595394,137422174200,17177627895
hash,2595395,137422174316,17177627909
hash,2595396,137422174220,17177627897
hash,2595397,137422174200,17177627895
hash,2595398,137422174304,17177627908
hash,2595399,137422174220,17177627897
hash,2595400,1175256,3027
hash,2595401,67422864,8283978
hash,2595402,137422174184,17177627893
hash,2595403,137422174200,17177627895
hash,2595404,137422174316,17177627909
hash,2595405,137422174220,17177627897
hash,2595406,137422174200,17177627895
hash,2595407,137422174304,17177627908
hash,2595408,137422174220,17177627897
hash,2595409,1175256,3027
hash,2595410,67422896,8283982
hash,2595411,137422174184,17177627893
hash,2595412,137422174200,17177627895
hash,2595413,137422174316,17177627909
hash,2595414,137422174220,17177627897
hash,2595415,137422174200,17177627895
hash,2595416,137422174304,17177627908
hash,2595417,137422174220,17177627897
hash,2595418,1175256,3027
hash,2595419,67422928,8283986
hash,2595420,137422174184,17177627893
hash,2595421,137422174200,17177627895
hash,2595422,137422174316,17177627909
hash,2595423,137422174220,17177627897
hash,2595424,137422174200,17177627895
hash,2595425,137422174304,17177627908
hash,2595426,137422174220,17177627897
hash,2595427,1175256,3027
hash,2595428,67422960,8283990
hash,2595429,137422174184,17177627893
hash,2595430,137422174200,17177627895
hash,2595431,137422174316,17177627909
hash,2595432,137422174220,17177627897
hash,2595433,137422174224,17177627898
hash,2595434,137422174232,17177627899
hash,2595435,137422174248,17177627901
hash,2595436,137422174304,17177627908
hash,2595437,1175320,3035
hash,2595438,78466120,9664385
hash,2595439,80788984,9954743
hash,2595440,67422856,8283977
hash,2595441,81812384,10082668
hash,2595442,80788888,9954731
hash,2595443,81812440,10082675
hash,2595444,67422856,8283977
hash,2595445,80788888,9954731
hash,2595446,81812440,10082675
hash,2595447,80789992,9954869
hash,2595448,80790008,9954871
hash,2595449,80818552,9958439
hash,2595450,67422872,8283979
hash,2595451,67346462,8274427
hash,2595452,80818552,9958439
hash,2595453,67346632,8274449
hash,2595454,137422174136,17177627887
hash,2595455,137422174144,17177627888
hash,2595456,137422174152,17177627889
hash,2595457,137422174160,17177627890
hash,2595458,137422174168,17177627891
hash,2595459,137422174200,17177627895
hash,2595460,137422174208,17177627896
hash,2595461,137422174216,17177627897
hash,2595462,137422174224,17177627898
hash,2595463,137422174232,17177627899
hash,2595464,137422174256,17177627902
hash,2595465,137422174264,17177627903
hash,2595466,137422174280,17177627905
hash,2595467,137422174236,17177627899
hash,2595468,137422174236,17177627899
hash,2595469,81812584,10082693
hash,2595470,1175176,3017
hash,2595471,81812584,10082693
hash,2595472,78464048,9664126
hash,2595473,80789168,9954766
hash,2595474,67337640,8273325
hash,2595475,137422174120,17177627885
hash,2595476,137422174128,17177627886
hash,2595477,137422174136,17177627887
hash,2595478,137422174152,17177627889
hash,2595479,81812584,10082693
hash,2595480,137422174160,17177627890
hash,2595481,137422174168,17177627891
hash,2595482,137422174152,17177627889
hash,2595483,137422174176,17177627892
hash,2595484,137422174160,17177627890
hash,2595485,137422174168,17177627891
hash,2595486,137422174152,17177627889
hash,2595487,81812584,10082693
hash,2595488,137422174088,17177627881
hash,2595489,137422174056,17177627877
hash,2595490,137422174184,17177627893
hash,2595491,137422174064,17177627878
hash,2595492,137422174072,17177627879
hash,2595493,137422174048,17177627876
hash,2595494,137422174104,17177627883
hash,2595495,137422174056,17177627877
hash,2595496,137422174064,17177627878
hash,2595497,137422174072,17177627879
hash,2595498,137422174112,17177627884
hash,2595499,137422174120,17177627885
hash,2595500,81812584,10082693
hash,2595501,137422174128,17177627886
hash,2595502,137422174136,17177627887
hash,2595503,137422174160,17177627890
hash,2595504,137422174168,17177627891
hash,2595505,137422174152,17177627889
hash,2595506,137422174192,17177627894
hash,2595507,137422174160,17177627890
hash,2595508,137422174168,17177627891
hash,2595509,137422174200,17177627895
hash,2595510,81812584,10082693
hash,2595511,137422174208,17177627896
hash,2595512,137422174216,17177627897
hash,2595513,137422174236,17177627899
hash,2595514,1176288,3156
hash,2595515,137422174236,17177627899
hash,2595516,137422174236,17177627899
hash,2595517,1176296,3157
hash,2595518,137422174248,17177627901
hash,2595519,137422174224,17177627898
hash,2595520,137422174236,17177627899
hash,2595521,137422174256,17177627902
hash,2595522,137422174264,17177627903
hash,2595523,1175256,3027
hash,2595524,137422174800,17177627970
hash,2595525,137422174264,17177627903
hash,2595526,1175288,3031
hash,2595527,78459608,9663571
hash,2595528,78459712,9663584
hash,2595529,137422175056,17177628002
hash,2595530,78465072,9664254
hash,2595531,78466120,9664385
hash,2595532,80788984,9954743
hash,2595533,67530008,8297371
hash,2595534,81812384,10082668
hash,2595535,80788888,9954731
hash,2595536,81812440,10082675
hash,2595537,67530008,8297371
hash,2595538,80788888,9954731
hash,2595539,81812440,10082675
hash,2595540,80789992,9954869
hash,2595541,80790008,9954871
hash,2595542,80818552,9958439
hash,2595543,67530024,8297373
hash,2595544,67346450,8274426
hash,2595545,80818552,9958439
hash,2595546,67346584,8274443
hash,2595547,137422174136,17177627887
hash,2595548,137422174144,17177627888
hash,2595549,137422174152,17177627889
hash,2595550,137422174160,17177627890
hash,2595551,137422174168,17177627891
hash,2595552,137422174200,17177627895
hash,2595553,137422174208,17177627896
hash,2595554,137422174216,17177627897
hash,2595555,137422174224,17177627898
hash,2595556,137422174232,17177627899
hash,2595557,78461288,9663781
hash,2595558,78468456,9664677
hash,2595559,137422175040,17177628000
hash,2595560,78477272,9665779
hash,2595561,137422174216,17177627897
hash,2595562,137422174224,17177627898
hash,2595563,137422174232,17177627899
hash,2595564,78460136,9663637
hash,2595565,137422174248,17177627901
hash,2595566,137422174256,17177627902
hash,2595567,78468792,9664719
hash,2595568,78461968,9663866
hash,2595569,78467200,9664520
hash,2595570,137422175128,17177628011
hash,2595571,137422174200,17177627895
hash,2595572,137422174208,17177627896
hash,2595573,137422174216,17177627897
hash,2595574,137422174224,17177627898
hash,2595575,137422174232,17177627899
hash,2595576,78463568,9664066
hash,2595577,137422175128,17177628011
hash,2595578,137422174200,17177627895
hash,2595579,137422174208,17177627896
hash,2595580,137422174216,17177627897
hash,2595581,137422174224,17177627898
hash,2595582,137422174232,17177627899
hash,2595583,137422175288,17177628031
hash,2595584,137422174248,17177627901
hash,2595585,137422174256,17177627902
hash,2595586,78468456,9664677
hash,2595587,137422175296,17177628032
hash,2595588,78477272,9665779
hash,2595589,137422174248,17177627901
hash,2595590,137422174256,17177627902
hash,2595591,137422174264,17177627903
hash,2595592,1175184,3018
hash,2595593,1175904,3108
hash,2595594,78448728,9662211
hash,2595595,1176160,3140
hash,2595596,78482008,9666371
hash,2595597,78482019,9666372
hash,2595598,137422174232,17177627899
hash,2595599,137422174240,17177627900
hash,2595600,137422174248,17177627901
hash,2595601,137422174256,17177627902
hash,2595602,78463696,9664082
hash,2595603,81812584,10082693
hash,2595604,78470000,9664870
hash,2595605,1175904,3108
hash,2595606,78448728,9662211
hash,2595607,1175952,3114
hash,2595608,1176136,3137
hash,2595609,78467688,9664581
hash,2595610,1175616,3072
hash,2595611,81812584,10082693
hash,2595612,78451448,9662551
hash,2595613,1175856,3102
hash,2595614,78471112,9665009
hash,2595615,1175616,3072
hash,2595616,78451448,9662551
hash,2595617,1175840,3100
hash,2595618,1175656,3077
hash,2595619,137422174000,17177627870
hash,2595620,137422174008,17177627871
hash,2595621,137422174016,17177627872
hash,2595622,137422174024,17177627873
hash,2595623,137422174032,17177627874
hash,2595624,1175616,3072
hash,2595625,78451448,9662551
hash,2595626,1175856,3102
hash,2595627,78474848,9665476
hash,2595628,78445112,9661759
hash,2595629,78474912,9665484
hash,2595630,78471280,9665030
hash,2595631,80795072,9955504
hash,2595632,80795208,9955521
hash,2595633,80822336,9958912
hash,2595634,81812560,10082690
hash,2595635,80799512,9956059
hash,2595636,80795288,9955531
hash,2595637,80785552,9954314
hash,2595638,80795112,9955509
hash,2595639,80795104,9955508
hash,2595640,80795264,9955528
hash,2595641,80795288,9955531
hash,2595642,80795072,9955504
hash,2595643,80795088,9955506
hash,2595644,80795104,9955508
hash,2595645,80785576,9954317
hash,2595646,80795184,9955518
hash,2595647,80795188,9955518
hash,2595648,80822336,9958912
hash,2595649,137422173832,17177627849
hash,2595650,80795216,9955522
hash,2595651,137422173840,17177627850
hash,2595652,137422173848,17177627851
hash,2595653,137422173856,17177627852
hash,2595654,137422173864,17177627853
hash,2595655,137422173872,17177627854
hash,2595656,137422173880,17177627855
hash,2595657,80795200,9955520
hash,2595658,80795128,9955511
hash,2595659,80795264,9955528
hash,2595660,80795072,9955504
hash,2595661,80795136,9955512
hash,2595662,137422173896,17177627857
hash,2595663,137422173904,17177627858
hash,2595664,137422173912,17177627859
hash,2595665,137422173920,17177627860
hash,2595666,137422173928,17177627861
hash,2595667,137422173936,17177627862
hash,2595668,137422173944,17177627863
hash,2595669,80795080,9955505
hash,2595670,80795088,9955506
hash,2595671,137422173968,17177627866
hash,2595672,137422173976,17177627867
hash,2595673,137422173984,17177627868
hash,2595674,137422173992,17177627869
hash,2595675,80795072,9955504
hash,2595676,80795208,9955521
hash,2595677,80822336,9958912
hash,2595678,80799508,9956058
hash,2595679,137422174000,17177627870
hash,2595680,137422174008,17177627871
hash,2595681,137422174016,17177627872
hash,2595682,137422174024,17177627873
hash,2595683,137422174040,17177627875
hash,2595684,1175616,3072
hash,2595685,78451448,9662551
hash,2595686,1175649,3076
hash,2595687,137422174056,17177627877
hash,2595688,81812584,10082693
hash,2595689,137422174064,17177627878
hash,2595690,137422174072,17177627879
hash,2595691,137422174080,17177627880
hash,2595692,137422174088,17177627881
hash,2595693,1175904,3108
hash,2595694,78448728,9662211
hash,2595695,1175952,3114
hash,2595696,137422174096,17177627882
hash,2595697,137422174104,17177627883
hash,2595698,137422174112,17177627884
hash,2595699,137422174120,17177627885
hash,2595700,137422174128,17177627886
hash,2595701,137422174136,17177627887
hash,2595702,137422174199,17177627894
hash,2595703,137422174768,17177627966
hash,2595704,1175904,3108
hash,2595705,78448728,9662211
hash,2595706,1176152,3139
hash,2595707,78474768,9665466
hash,2595708,78474776,9665467
hash,2595709,78474752,9665464
hash,2595710,78445136,9661762
hash,2595711,78474816,9665472
hash,2595712,78471400,9665045
hash,2595713,80791892,9955106
hash,2595714,80791784,9955093
hash,2595715,80791792,9955094
hash,2595716,67425989,8284368
hash,2595717,137422174080,17177627880
hash,2595718,137422174088,17177627881
hash,2595719,137422174096,17177627882
hash,2595720,137422174104,17177627883
hash,2595721,78474816,9665472
hash,2595722,137422174120,17177627885
hash,2595723,137422174128,17177627886
hash,2595724,78465984,9664368
hash,2595725,80791892,9955106
hash,2595726,137422174104,17177627883
hash,2595727,137422174112,17177627884
hash,2595728,137422174120,17177627885
hash,2595729,137422174128,17177627886
hash,2595730,80791784,9955093
hash,2595731,80791800,9955095
hash,2595732,67425989,8284368
hash,2595733,137422174112,17177627884
hash,2595734,137422174120,17177627885
hash,2595735,137422174128,17177627886
hash,2595736,137422174136,17177627887
hash,2595737,137422174159,17177627889
hash,2595738,137422174164,17177627890
hash,2595739,78474768,9665466
hash,2595740,78474776,9665467
hash,2595741,137422174776,17177627967
hash,2595742,137422174768,17177627966
hash,2595743,137422174144,17177627888
hash,2595744,137422174784,17177627968
hash,2595745,137422174768,17177627966
hash,2595746,78474768,9665466
hash,2595747,78474776,9665467
hash,2595748,78474752,9665464
hash,2595749,78445144,9661763
hash,2595750,78474816,9665472
hash,2595751,78471400,9665045
hash,2595752,80791892,9955106
hash,2595753,80791784,9955093
hash,2595754,80791792,9955094
hash,2595755,67425989,8284368
hash,2595756,137422174080,17177627880
hash,2595757,137422174088,17177627881
hash,2595758,137422174096,17177627882
hash,2595759,137422174104,17177627883
hash,2595760,137422174120,17177627885
hash,2595761,137422174128,17177627886
hash,2595762,137422174136,17177627887
hash,2595763,78474768,9665466
hash,2595764,78474776,9665467
hash,2595765,78474752,9665464
hash,2595766,78445136,9661762
hash,2595767,78474816,9665472
hash,2595768,78471400,9665045
hash,2595769,80791892,9955106
hash,2595770,80791784,9955093
hash,2595771,80791792,9955094
hash,2595772,67425990,8284368
hash,2595773,137422174080,17177627880
hash,2595774,137422174088,17177627881
hash,2595775,137422174096,17177627882
hash,2595776,137422174104,17177627883
hash,2595777,78474816,9665472
hash,2595778,137422174120,17177627885
hash,2595779,137422174128,17177627886
hash,2595780,78465984,9664368
hash,2595781,80791892,9955106
hash,2595782,137422174104,17177627883
hash,2595783,137422174112,17177627884
hash,2595784,137422174120,17177627885
hash,2595785,137422174128,17177627886
hash,2595786,80791784,9955093
hash,2595787,80791800,9955095
hash,2595788,67425990,8284368
hash,2595789,137422174112,17177627884
hash,2595790,137422174120,17177627885
hash,2595791,137422174128,17177627886
hash,2595792,137422174136,17177627887
hash,2595793,137422174159,17177627889
hash,2595794,137422174164,17177627890
hash,2595795,78474768,9665466
hash,2595796,78474776,9665467
hash,2595797,137422174776,17177627967
hash,2595798,137422174768,17177627966
hash,2595799,137422174144,17177627888
hash,2595800,137422174784,17177627968
hash,2595801,137422174768,17177627966
hash,2595802,78474768,9665466
hash,2595803,78474776,9665467
hash,2595804,78474752,9665464
hash,2595805,78445144,9661763
hash,2595806,78474816,9665472
hash,2595807,78471400,9665045
hash,2595808,80791892,9955106
hash,2595809,80791784,9955093
hash,2595810,80791792,9955094
hash,2595811,67425990,8284368
hash,2595812,137422174080,17177627880
hash,2595813,137422174088,17177627881
hash,2595814,137422174096,17177627882
hash,2595815,137422174104,17177627883
hash,2595816,137422174120,17177627885
hash,2595817,137422174128,17177627886
hash,2595818,137422174136,17177627887
hash,2595819,78474768,9665466
hash,2595820,78474776,9665467
hash,2595821,78474752,9665464
hash,2595822,78445136,9661762
hash,2595823,78474816,9665472
hash,2595824,78471400,9665045
hash,2595825,80791892,9955106
hash,2595826,80791784,9955093
hash,2595827,80791792,9955094
hash,2595828,67425991,8284368
hash,2595829,137422174080,17177627880
hash,2595830,137422174088,17177627881
hash,2595831,137422174096,17177627882
hash,2595832,137422174104,17177627883
hash,2595833,78474816,9665472
hash,2595834,137422174120,17177627885
hash,2595835,137422174128,17177627886
hash,2595836,78465984,9664368
hash,2595837,80791892,9955106
hash,2595838,137422174104,17177627883
hash,2595839,137422174112,17177627884
hash,2595840,137422174120,17177627885
hash,2595841,137422174128,17177627886
hash,2595842,80791784,9955093
hash,2595843,80791800,9955095
hash,2595844,67425991,8284368
hash,2595845,137422174112,17177627884
hash,2595846,137422174120,17177627885
hash,2595847,137422174128,17177627886
hash,2595848,137422174136,17177627887
hash,2595849,137422174159,17177627889
hash,2595850,137422174164,17177627890
hash,2595851,78474768,9665466
hash,2595852,78474776,9665467
hash,2595853,137422174776,17177627967
hash,2595854,137422174768,17177627966
hash,2595855,137422174144,17177627888
hash,2595856,137422174784,17177627968
hash,2595857,137422174768,17177627966
hash,2595858,78474768,9665466
hash,2595859,78474776,9665467
hash,2595860,78474752,9665464
hash,2595861,78445144,9661763
hash,2595862,78474816,9665472
hash,2595863,78471400,9665045
hash,2595864,80791892,9955106
hash,2595865,80791784,9955093
hash,2595866,80791792,9955094
hash,2595867,67425991,8284368
hash,2595868,137422174080,17177627880
hash,2595869,137422174088,17177627881
hash,2595870,137422174096,17177627882
hash,2595871,137422174104,17177627883
hash,2595872,137422174120,17177627885
hash,2595873,137422174128,17177627886
hash,2595874,137422174136,17177627887
hash,2595875,78474768,9665466
hash,2595876,78474776,9665467
hash,2595877,78474752,9665464
hash,2595878,78445136,9661762
hash,2595879,78474816,9665472
hash,2595880,78471400,9665045
hash,2595881,80791892,9955106
hash,2595882,80791784,9955093
hash,2595883,80791792,9955094
hash,2595884,67425992,8284369
hash,2595885,137422174080,17177627880
hash,2595886,137422174088,17177627881
hash,2595887,137422174096,17177627882
hash,2595888,137422174104,17177627883
hash,2595889,78474816,9665472
hash,2595890,137422174120,17177627885
hash,2595891,137422174128,17177627886
hash,2595892,78465984,9664368
hash,2595893,80791892,9955106
hash,2595894,137422174104,17177627883
hash,2595895,137422174112,17177627884
hash,2595896,137422174120,17177627885
hash,2595897,137422174128,17177627886
hash,2595898,80791784,9955093
hash,2595899,80791800,9955095
hash,2595900,67425992,8284369
hash,2595901,137422174112,17177627884
hash,2595902,137422174120,17177627885
hash,2595903,137422174128,17177627886
hash,2595904,137422174136,17177627887
hash,2595905,137422174159,17177627889
hash,2595906,137422174164,17177627890
hash,2595907,78474768,9665466
hash,2595908,78474776,9665467
hash,2595909,137422174776,17177627967
hash,2595910,137422174768,17177627966
hash,2595911,137422174144,17177627888
hash,2595912,137422174784,17177627968
hash,2595913,137422174768,17177627966
hash,2595914,78474768,9665466
hash,2595915,78474776,9665467
hash,2595916,78474752,9665464
hash,2595917,78445144,9661763
hash,2595918,78474816,9665472
hash,2595919,78471400,9665045
hash,2595920,80791892,9955106
hash,2595921,80791784,9955093
hash,2595922,80791792,9955094
hash,2595923,67425992,8284369
hash,2595924,137422174080,17177627880
hash,2595925,137422174088,17177627881
hash,2595926,137422174096,17177627882
hash,2595927,137422174104,17177627883
hash,2595928,137422174120,17177627885
hash,2595929,137422174128,17177627886
hash,2595930,137422174136,17177627887
hash,2595931,78474768,9665466
hash,2595932,78474776,9665467
hash,2595933,78474752,9665464
hash,2595934,78445136,9661762
hash,2595935,78474816,9665472
hash,2595936,78471400,9665045
hash,2595937,80791892,9955106
hash,2595938,80791784,9955093
hash,2595939,80791792,9955094
hash,2595940,67425993,8284369
hash,2595941,137422174080,17177627880
hash,2595942,137422174088,17177627881
hash,2595943,137422174096,17177627882
hash,2595944,137422174104,17177627883
hash,2595945,78474816,9665472
hash,2595946,137422174120,17177627885
hash,2595947,137422174128,17177627886
hash,2595948,78465984,9664368
hash,2595949,80791892,9955106
hash,2595950,137422174104,17177627883
hash,2595951,137422174112,17177627884
hash,2595952,137422174120,17177627885
hash,2595953,137422174128,17177627886
hash,2595954,80791784,9955093
hash,2595955,80791800,9955095
hash,2595956,67425993,8284369
hash,2595957,137422174112,17177627884
hash,2595958,137422174120,17177627885
hash,2595959,137422174128,17177627886
hash,2595960,137422174136,17177627887
hash,2595961,137422174159,17177627889
hash,2595962,137422174164,17177627890
hash,2595963,78474768,9665466
hash,2595964,78474776,9665467
hash,2595965,137422174776,17177627967
hash,2595966,137422174768,17177627966
hash,2595967,137422174144,17177627888
hash,2595968,137422174784,17177627968
hash,2595969,137422174768,17177627966
hash,2595970,78474768,9665466
hash,2595971,78474776,9665467
hash,2595972,78474752,9665464
hash,2595973,78445144,9661763
hash,2595974,78474816,9665472
hash,2595975,78471400,9665045
hash,2595976,80791892,9955106
hash,2595977,80791784,9955093
hash,2595978,80791792,9955094
hash,2595979,67425993,8284369
hash,2595980,137422174080,17177627880
hash,2595981,137422174088,17177627881
hash,2595982,137422174096,17177627882
hash,2595983,137422174104,17177627883
hash,2595984,137422174120,17177627885
hash,2595985,137422174128,17177627886
hash,2595986,137422174136,17177627887
hash,2595987,78474768,9665466
hash,2595988,78474776,9665467
hash,2595989,78474752,9665464
hash,2595990,78445136,9661762
hash,2595991,78474816,9665472
hash,2595992,78471400,9665045
hash,2595993,80791892,9955106
hash,2595994,80791784,9955093
hash,2595995,80791792,9955094
hash,2595996,67425994,8284369
hash,2595997,137422174080,17177627880
hash,2595998,137422174088,17177627881
hash,2595999,137422174096,17177627882
hash,2596000,137422174104,17177627883
hash,2596001,78474816,9665472
hash,2596002,137422174120,17177627885
hash,2596003,137422174128,17177627886
hash,2596004,78465984,9664368
hash,2596005,80791892,9955106
hash,2596006,137422174104,17177627883
hash,2596007,137422174112,17177627884
hash,2596008,137422174120,17177627885
hash,2596009,137422174128,17177627886
hash,2596010,80791784,9955093
hash,2596011,80791800,9955095
hash,2596012,67425994,8284369
hash,2596013,137422174112,17177627884
hash,2596014,137422174120,17177627885
hash,2596015,137422174128,17177627886
hash,2596016,137422174136,17177627887
hash,2596017,137422174159,17177627889
hash,2596018,137422174164,17177627890
hash,2596019,78474768,9665466
hash,2596020,78474776,9665467
hash,2596021,137422174776,17177627967
hash,2596022,137422174768,17177627966
hash,2596023,137422174144,17177627888
hash,2596024,137422174784,17177627968
hash,2596025,137422174768,17177627966
hash,2596026,78474768,9665466
hash,2596027,78474776,9665467
hash,2596028,78474752,9665464
hash,2596029,78445144,9661763
hash,2596030,78474816,9665472
hash,2596031,78471400,9665045
hash,2596032,80791892,9955106
hash,2596033,80791784,9955093
hash,2596034,80791792,9955094
hash,2596035,67425994,8284369
hash,2596036,137422174080,17177627880
hash,2596037,137422174088,17177627881
hash,2596038,137422174096,17177627882
hash,2596039,137422174104,17177627883
hash,2596040,137422174120,17177627885
hash,2596041,137422174128,17177627886
hash,2596042,137422174136,17177627887
hash,2596043,78474768,9665466
hash,2596044,78474776,9665467
hash,2596045,78474752,9665464
hash,2596046,78445136,9661762
hash,2596047,78474816,9665472
hash,2596048,78471400,9665045
hash,2596049,80791892,9955106
hash,2596050,80791784,9955093
hash,2596051,80791792,9955094
hash,2596052,67425995,8284369
hash,2596053,137422174080,17177627880
hash,2596054,137422174088,17177627881
hash,2596055,137422174096,17177627882
hash,2596056,137422174104,17177627883
hash,2596057,78474816,9665472
hash,2596058,137422174120,17177627885
hash,2596059,137422174128,17177627886
hash,2596060,78465984,9664368
hash,2596061,80791892,9955106
hash,2596062,137422174104,17177627883
hash,2596063,137422174112,17177627884
hash,2596064,137422174120,17177627885
hash,2596065,137422174128,17177627886
hash,2596066,80791784,9955093
hash,2596067,80791800,9955095
hash,2596068,67425995,8284369
hash,2596069,137422174112,17177627884
hash,2596070,137422174120,17177627885
hash,2596071,137422174128,17177627886
hash,2596072,137422174136,17177627887
hash,2596073,137422174159,17177627889
hash,2596074,137422174164,17177627890
hash,2596075,78474768,9665466
hash,2596076,78474776,9665467
hash,2596077,137422174776,17177627967
hash,2596078,137422174768,17177627966
hash,2596079,137422174144,17177627888
hash,2596080,137422174784,17177627968
hash,2596081,137422174768,17177627966
hash,2596082,78474768,9665466
hash,2596083,78474776,9665467
hash,2596084,78474752,9665464
hash,2596085,78445144,9661763
hash,2596086,78474816,9665472
hash,2596087,78471400,9665045
hash,2596088,80791892,9955106
hash,2596089,80791784,9955093
hash,2596090,80791792,9955094
hash,2596091,67425995,8284369
hash,2596092,137422174080,17177627880
hash,2596093,137422174088,17177627881
hash,2596094,137422174096,17177627882
hash,2596095,137422174104,17177627883
hash,2596096,137422174120,17177627885
hash,2596097,137422174128,17177627886
hash,2596098,137422174136,17177627887
hash,2596099,78474768,9665466
hash,2596100,78474776,9665467
hash,2596101,78474752,9665464
hash,2596102,78445136,9661762
hash,2596103,78474816,9665472
hash,2596104,78471400,9665045
hash,2596105,80791892,9955106
hash,2596106,80791784,9955093
hash,2596107,80791792,9955094
hash,2596108,67425996,8284369
hash,2596109,137422174080,17177627880
hash,2596110,137422174088,17177627881
hash,2596111,137422174096,17177627882
hash,2596112,137422174104,17177627883
hash,2596113,78474816,9665472
hash,2596114,137422174120,17177627885
hash,2596115,137422174128,17177627886
hash,2596116,78465984,9664368
hash,2596117,80791892,9955106
hash,2596118,137422174104,17177627883
hash,2596119,137422174112,17177627884
hash,2596120,137422174120,17177627885
hash,2596121,137422174128,17177627886
hash,2596122,80791784,9955093
hash,2596123,80791800,9955095
hash,2596124,67425996,8284369
hash,2596125,137422174112,17177627884
hash,2596126,137422174120,17177627885
hash,2596127,137422174128,17177627886
hash,2596128,137422174136,17177627887
hash,2596129,137422174159,17177627889
hash,2596130,137422174164,17177627890
hash,2596131,78474768,9665466
hash,2596132,78474776,9665467
hash,2596133,137422174776,17177627967
hash,2596134,137422174768,17177627966
hash,2596135,137422174144,17177627888
hash,2596136,137422174784,17177627968
hash,2596137,137422174768,17177627966
hash,2596138,78474768,9665466
hash,2596139,78474776,9665467
hash,2596140,78474752,9665464
hash,2596141,78445144,9661763
hash,2596142,78474816,9665472
hash,2596143,78471400,9665045
hash,2596144,80791892,9955106
hash,2596145,80791784,9955093
hash,2596146,80791792,9955094
hash,2596147,67425996,8284369
hash,2596148,137422174080,17177627880
hash,2596149,137422174088,17177627881
hash,2596150,137422174096,17177627882
hash,2596151,137422174104,17177627883
hash,2596152,137422174120,17177627885
hash,2596153,137422174128,17177627886
hash,2596154,137422174136,17177627887
hash,2596155,78474768,9665466
hash,2596156,78474776,9665467
hash,2596157,78474752,9665464
hash,2596158,78445136,9661762
hash,2596159,78474816,9665472
hash,2596160,78471400,9665045
hash,2596161,80791892,9955106
hash,2596162,80791784,9955093
hash,2596163,80791792,9955094
hash,2596164,67425997,8284369
hash,2596165,137422174080,17177627880
hash,2596166,137422174088,17177627881
hash,2596167,137422174096,17177627882
hash,2596168,137422174104,17177627883
hash,2596169,78474816,9665472
hash,2596170,137422174120,17177627885
hash,2596171,137422174128,17177627886
hash,2596172,78465984,9664368
hash,2596173,80791892,9955106
hash,2596174,137422174104,17177627883
hash,2596175,137422174112,17177627884
hash,2596176,137422174120,17177627885
hash,2596177,137422174128,17177627886
hash,2596178,80791784,9955093
hash,2596179,80791800,9955095
hash,2596180,67425997,8284369
hash,2596181,137422174112,17177627884
hash,2596182,137422174120,17177627885
hash,2596183,137422174128,17177627886
hash,2596184,137422174136,17177627887
hash,2596185,137422174159,17177627889
hash,2596186,137422174164,17177627890
hash,2596187,78474768,9665466
hash,2596188,78474776,9665467
hash,2596189,137422174776,17177627967
hash,2596190,137422174768,17177627966
hash,2596191,137422174144,17177627888
hash,2596192,137422174784,17177627968
hash,2596193,137422174768,17177627966
hash,2596194,78474768,9665466
hash,2596195,78474776,9665467
hash,2596196,78474752,9665464
hash,2596197,78445144,9661763
hash,2596198,78474816,9665472
hash,2596199,78471400,9665045
hash,2596200,80791892,9955106
hash,2596201,80791784,9955093
hash,2596202,80791792,9955094
hash,2596203,67425997,8284369
hash,2596204,137422174080,17177627880
hash,2596205,137422174088,17177627881
hash,2596206,137422174096,17177627882
hash,2596207,137422174104,17177627883
hash,2596208,137422174120,17177627885
hash,2596209,137422174128,17177627886
hash,2596210,137422174136,17177627887
hash,2596211,78474768,9665466
hash,2596212,78474776,9665467
hash,2596213,78474752,9665464
hash,2596214,78445136,9661762
hash,2596215,78474816,9665472
hash,2596216,78471400,9665045
hash,2596217,80791892,9955106
hash,2596218,80791784,9955093
hash,2596219,80791792,9955094
hash,2596220,67425998,8284369
hash,2596221,137422174080,17177627880
hash,2596222,137422174088,17177627881
hash,2596223,137422174096,17177627882
hash,2596224,137422174104,17177627883
hash,2596225,78474816,9665472
hash,2596226,137422174120,17177627885
hash,2596227,137422174128,17177627886
hash,2596228,78465984,9664368
hash,2596229,80791892,9955106
hash,2596230,137422174104,17177627883
hash,2596231,137422174112,17177627884
hash,2596232,137422174120,17177627885
hash,2596233,137422174128,17177627886
hash,2596234,80791784,9955093
hash,2596235,80791800,9955095
hash,2596236,67425998,8284369
hash,2596237,137422174112,17177627884
hash,2596238,137422174120,17177627885
hash,2596239,137422174128,17177627886
hash,2596240,137422174136,17177627887
hash,2596241,137422174159,17177627889
hash,2596242,137422174164,17177627890
hash,2596243,78474768,9665466
hash,2596244,78474776,9665467
hash,2596245,137422174776,17177627967
hash,2596246,137422174768,17177627966
hash,2596247,137422174144,17177627888
hash,2596248,137422174784,17177627968
hash,2596249,137422174768,17177627966
hash,2596250,78474768,9665466
hash,2596251,78474776,9665467
hash,2596252,78474752,9665464
hash,2596253,78445144,9661763
hash,2596254,78474816,9665472
hash,2596255,78471400,9665045
hash,2596256,80791892,9955106
hash,2596257,80791784,9955093
hash,2596258,80791792,9955094
hash,2596259,67425998,8284369
hash,2596260,137422174080,17177627880
hash,2596261,137422174088,17177627881
hash,2596262,137422174096,17177627882
hash,2596263,137422174104,17177627883
hash,2596264,137422174120,17177627885
hash,2596265,137422174128,17177627886
hash,2596266,137422174136,17177627887
hash,2596267,78474768,9665466
hash,2596268,78474776,9665467
hash,2596269,78474752,9665464
hash,2596270,78445136,9661762
hash,2596271,78474816,9665472
hash,2596272,78471400,9665045
hash,2596273,80791892,9955106
hash,2596274,80791784,9955093
hash,2596275,80791792,9955094
hash,2596276,67425999,8284369
hash,2596277,137422174080,17177627880
hash,2596278,137422174088,17177627881
hash,2596279,137422174096,17177627882
hash,2596280,137422174104,17177627883
hash,2596281,78474816,9665472
hash,2596282,137422174120,17177627885
hash,2596283,137422174128,17177627886
hash,2596284,78465984,9664368
hash,2596285,80791892,9955106
hash,2596286,137422174104,17177627883
hash,2596287,137422174112,17177627884
hash,2596288,137422174120,17177627885
hash,2596289,137422174128,17177627886
hash,2596290,80791784,9955093
hash,2596291,80791800,9955095
hash,2596292,67425999,8284369
hash,2596293,137422174112,17177627884
hash,2596294,137422174120,17177627885
hash,2596295,137422174128,17177627886
hash,2596296,137422174136,17177627887
hash,2596297,137422174159,17177627889
hash,2596298,137422174164,17177627890
hash,2596299,78474768,9665466
hash,2596300,78474776,9665467
hash,2596301,137422174776,17177627967
hash,2596302,137422174768,17177627966
hash,2596303,137422174144,17177627888
hash,2596304,137422174784,17177627968
hash,2596305,137422174768,17177627966
hash,2596306,78474768,9665466
hash,2596307,78474776,9665467
hash,2596308,78474752,9665464
hash,2596309,78445144,9661763
hash,2596310,78474816,9665472
hash,2596311,78471400,9665045
hash,2596312,80791892,9955106
hash,2596313,80791784,9955093
hash,2596314,80791792,9955094
hash,2596315,67425999,8284369
hash,2596316,137422174080,17177627880
hash,2596317,137422174088,17177627881
hash,2596318,137422174096,17177627882
hash,2596319,137422174104,17177627883
hash,2596320,137422174120,17177627885
hash,2596321,137422174128,17177627886
hash,2596322,137422174136,17177627887
hash,2596323,78474768,9665466
hash,2596324,78474776,9665467
hash,2596325,78474752,9665464
hash,2596326,78445136,9661762
hash,2596327,78474816,9665472
hash,2596328,78471400,9665045
hash,2596329,80791892,9955106
hash,2596330,80791784,9955093
hash,2596331,80791792,9955094
hash,2596332,67426000,8284370
hash,2596333,137422174080,17177627880
hash,2596334,137422174088,17177627881
hash,2596335,137422174096,17177627882
hash,2596336,137422174104,17177627883
hash,2596337,78474816,9665472
hash,2596338,137422174120,17177627885
hash,2596339,137422174128,17177627886
hash,2596340,78465984,9664368
hash,2596341,80791892,9955106
hash,2596342,137422174104,17177627883
hash,2596343,137422174112,17177627884
hash,2596344,137422174120,17177627885
hash,2596345,137422174128,17177627886
hash,2596346,80791784,9955093
hash,2596347,80791800,9955095
hash,2596348,67426000,8284370
hash,2596349,137422174112,17177627884
hash,2596350,137422174120,17177627885
hash,2596351,137422174128,17177627886
hash,2596352,137422174136,17177627887
hash,2596353,137422174159,17177627889
hash,2596354,137422174164,17177627890
hash,2596355,78474768,9665466
hash,2596356,78474776,9665467
hash,2596357,137422174776,17177627967
hash,2596358,137422174768,17177627966
hash,2596359,137422174144,17177627888
hash,2596360,137422174784,17177627968
hash,2596361,137422174768,17177627966
hash,2596362,78474768,9665466
hash,2596363,78474776,9665467
hash,2596364,78474752,9665464
hash,2596365,78445144,9661763
hash,2596366,78474816,9665472
hash,2596367,78471400,9665045
hash,2596368,80791892,9955106
hash,2596369,80791784,9955093
hash,2596370,80791792,9955094
hash,2596371,67426000,8284370
hash,2596372,137422174080,17177627880
hash,2596373,137422174088,17177627881
hash,2596374,137422174096,17177627882
hash,2596375,137422174104,17177627883
hash,2596376,137422174120,17177627885
hash,2596377,137422174128,17177627886
hash,2596378,137422174136,17177627887
hash,2596379,78474768,9665466
hash,2596380,78474776,9665467
hash,2596381,78474752,9665464
hash,2596382,78445136,9661762
hash,2596383,78474816,9665472
hash,2596384,78471400,9665045
hash,2596385,80791892,9955106
hash,2596386,80791784,9955093
hash,2596387,80791792,9955094
hash,2596388,67426001,8284370
hash,2596389,137422174080,17177627880
hash,2596390,137422174088,17177627881
hash,2596391,137422174096,17177627882
hash,2596392,137422174104,17177627883
hash,2596393,78474816,9665472
hash,2596394,137422174120,17177627885
hash,2596395,137422174128,17177627886
hash,2596396,78465984,9664368
hash,2596397,80791892,9955106
hash,2596398,137422174104,17177627883
hash,2596399,137422174112,17177627884
hash,2596400,137422174120,17177627885
hash,2596401,137422174128,17177627886
hash,2596402,80791784,9955093
hash,2596403,80791800,9955095
hash,2596404,67426001,8284370
hash,2596405,137422174112,17177627884
hash,2596406,137422174120,17177627885
hash,2596407,137422174128,17177627886
hash,2596408,137422174136,17177627887
hash,2596409,137422174159,17177627889
hash,2596410,137422174164,17177627890
hash,2596411,78474768,9665466
hash,2596412,78474776,9665467
hash,2596413,137422174776,17177627967
hash,2596414,137422174768,17177627966
hash,2596415,137422174144,17177627888
hash,2596416,137422174784,17177627968
hash,2596417,137422174768,17177627966
hash,2596418,78474768,9665466
hash,2596419,78474776,9665467
hash,2596420,78474752,9665464
hash,2596421,78445144,9661763
hash,2596422,78474816,9665472
hash,2596423,78471400,9665045
hash,2596424,80791892,9955106
hash,2596425,80791784,9955093
hash,2596426,80791792,9955094
hash,2596427,67426001,8284370
hash,2596428,137422174080,17177627880
hash,2596429,137422174088,17177627881
hash,2596430,137422174096,17177627882
hash,2596431,137422174104,17177627883
hash,2596432,137422174120,17177627885
hash,2596433,137422174128,17177627886
hash,2596434,137422174136,17177627887
hash,2596435,78474768,9665466
hash,2596436,78474776,9665467
hash,2596437,78474752,9665464
hash,2596438,78445136,9661762
hash,2596439,78474816,9665472
hash,2596440,78471400,9665045
hash,2596441,80791892,9955106
hash,2596442,80791784,9955093
hash,2596443,80791792,9955094
hash,2596444,67426002,8284370
hash,2596445,137422174080,17177627880
hash,2596446,137422174088,17177627881
hash,2596447,137422174096,17177627882
hash,2596448,137422174104,17177627883
hash,2596449,78474816,9665472
hash,2596450,137422174120,17177627885
hash,2596451,137422174128,17177627886
hash,2596452,78465984,9664368
hash,2596453,80791892,9955106
hash,2596454,137422174104,17177627883
hash,2596455,137422174112,17177627884
hash,2596456,137422174120,17177627885
hash,2596457,137422174128,17177627886
hash,2596458,80791784,9955093
hash,2596459,80791800,9955095
hash,2596460,67426002,8284370
hash,2596461,137422174112,17177627884
hash,2596462,137422174120,17177627885
hash,2596463,137422174128,17177627886
hash,2596464,137422174136,17177627887
hash,2596465,137422174159,17177627889
hash,2596466,137422174164,17177627890
hash,2596467,78474768,9665466
hash,2596468,78474776,9665467
hash,2596469,137422174776,17177627967
hash,2596470,137422174768,17177627966
hash,2596471,137422174144,17177627888
hash,2596472,137422174784,17177627968
hash,2596473,137422174768,17177627966
hash,2596474,78474768,9665466
hash,2596475,78474776,9665467
hash,2596476,78474752,9665464
hash,2596477,78445144,9661763
hash,2596478,78474816,9665472
hash,2596479,78471400,9665045
hash,2596480,80791892,9955106
hash,2596481,80791784,9955093
hash,2596482,80791792,9955094
hash,2596483,67426002,8284370
hash,2596484,137422174080,17177627880
hash,2596485,137422174088,17177627881
hash,2596486,137422174096,17177627882
hash,2596487,137422174104,17177627883
hash,2596488,137422174120,17177627885
hash,2596489,137422174128,17177627886
hash,2596490,137422174136,17177627887
hash,2596491,78474768,9665466
hash,2596492,78474776,9665467
hash,2596493,78474752,9665464
hash,2596494,78445136,9661762
hash,2596495,78474816,9665472
hash,2596496,78471400,9665045
hash,2596497,80791892,9955106
hash,2596498,80791784,9955093
hash,2596499,80791792,9955094
hash,2596500,67426003,8284370
hash,2596501,137422174080,17177627880
hash,2596502,137422174088,17177627881
hash,2596503,137422174096,17177627882
hash,2596504,137422174104,17177627883
hash,2596505,78474816,9665472
hash,2596506,137422174120,17177627885
hash,2596507,137422174128,17177627886
hash,2596508,78465984,9664368
hash,2596509,80791892,9955106
hash,2596510,137422174104,17177627883
hash,2596511,137422174112,17177627884
hash,2596512,137422174120,17177627885
hash,2596513,137422174128,17177627886
hash,2596514,80791784,9955093
hash,2596515,80791800,9955095
hash,2596516,67426003,8284370
hash,2596517,137422174112,17177627884
hash,2596518,137422174120,17177627885
hash,2596519,137422174128,17177627886
hash,2596520,137422174136,17177627887
hash,2596521,137422174159,17177627889
hash,2596522,137422174164,17177627890
hash,2596523,78474768,9665466
hash,2596524,78474776,9665467
hash,2596525,137422174776,17177627967
hash,2596526,137422174768,17177627966
hash,2596527,137422174144,17177627888
hash,2596528,137422174784,17177627968
hash,2596529,137422174768,17177627966
hash,2596530,78474768,9665466
hash,2596531,78474776,9665467
hash,2596532,78474752,9665464
hash,2596533,78445144,9661763
hash,2596534,78474816,9665472
hash,2596535,78471400,9665045
hash,2596536,80791892,9955106
hash,2596537,80791784,9955093
hash,2596538,80791792,9955094
hash,2596539,67426003,8284370
hash,2596540,137422174080,17177627880
hash,2596541,137422174088,17177627881
hash,2596542,137422174096,17177627882
hash,2596543,137422174104,17177627883
hash,2596544,137422174120,17177627885
hash,2596545,137422174128,17177627886
hash,2596546,137422174136,17177627887
hash,2596547,78474768,9665466
hash,2596548,78474776,9665467
hash,2596549,78474752,9665464
hash,2596550,78445136,9661762
hash,2596551,78474816,9665472
hash,2596552,78471400,9665045
hash,2596553,80791892,9955106
hash,2596554,80791784,9955093
hash,2596555,80791792,9955094
hash,2596556,67426004,8284370
hash,2596557,137422174080,17177627880
hash,2596558,137422174088,17177627881
hash,2596559,137422174096,17177627882
hash,2596560,137422174104,17177627883
hash,2596561,78474816,9665472
hash,2596562,137422174120,17177627885
hash,2596563,137422174128,17177627886
hash,2596564,78465984,9664368
hash,2596565,80791892,9955106
hash,2596566,137422174104,17177627883
hash,2596567,137422174112,17177627884
hash,2596568,137422174120,17177627885
hash,2596569,137422174128,17177627886
hash,2596570,80791784,9955093
hash,2596571,80791800,9955095
hash,2596572,67426004,8284370
hash,2596573,137422174112,17177627884
hash,2596574,137422174120,17177627885
hash,2596575,137422174128,17177627886
hash,2596576,137422174136,17177627887
hash,2596577,137422174159,17177627889
hash,2596578,137422174164,17177627890
hash,2596579,78474768,9665466
hash,2596580,78474776,9665467
hash,2596581,137422174776,17177627967
hash,2596582,137422174768,17177627966
hash,2596583,137422174144,17177627888
hash,2596584,137422174784,17177627968
hash,2596585,137422174768,17177627966
hash,2596586,78474768,9665466
hash,2596587,78474776,9665467
hash,2596588,78474752,9665464
hash,2596589,78445144,9661763
hash,2596590,78474816,9665472
hash,2596591,78471400,9665045
hash,2596592,80791892,9955106
hash,2596593,80791784,9955093
hash,2596594,80791792,9955094
hash,2596595,67426004,8284370
hash,2596596,137422174080,17177627880
hash,2596597,137422174088,17177627881
hash,2596598,137422174096,17177627882
hash,2596599,137422174104,17177627883
hash,2596600,137422174120,17177627885
hash,2596601,137422174128,17177627886
hash,2596602,137422174136,17177627887
hash,2596603,78474768,9665466
hash,2596604,78474776,9665467
hash,2596605,78474752,9665464
hash,2596606,78445136,9661762
hash,2596607,78474816,9665472
hash,2596608,78471400,9665045
hash,2596609,80791892,9955106
hash,2596610,80791784,9955093
hash,2596611,80791792,9955094
hash,2596612,67426005,8284370
hash,2596613,137422174080,17177627880
hash,2596614,137422174088,17177627881
hash,2596615,137422174096,17177627882
hash,2596616,137422174104,17177627883
hash,2596617,78474816,9665472
hash,2596618,137422174120,17177627885
hash,2596619,137422174128,17177627886
hash,2596620,78465984,9664368
hash,2596621,80791892,9955106
hash,2596622,137422174104,17177627883
hash,2596623,137422174112,17177627884
hash,2596624,137422174120,17177627885
hash,2596625,137422174128,17177627886
hash,2596626,80791784,9955093
hash,2596627,80791800,9955095
hash,2596628,67426005,8284370
hash,2596629,137422174112,17177627884
hash,2596630,137422174120,17177627885
hash,2596631,137422174128,17177627886
hash,2596632,137422174136,17177627887
hash,2596633,137422174159,17177627889
hash,2596634,137422174164,17177627890
hash,2596635,78474768,9665466
hash,2596636,78474776,9665467
hash,2596637,137422174776,17177627967
hash,2596638,137422174768,17177627966
hash,2596639,137422174144,17177627888
hash,2596640,137422174784,17177627968
hash,2596641,137422174768,17177627966
hash,2596642,78474768,9665466
hash,2596643,78474776,9665467
hash,2596644,78474752,9665464
hash,2596645,78445144,9661763
hash,2596646,78474816,9665472
hash,2596647,78471400,9665045
hash,2596648,80791892,9955106
hash,2596649,80791784,9955093
hash,2596650,80791792,9955094
hash,2596651,67426005,8284370
hash,2596652,137422174080,17177627880
hash,2596653,137422174088,17177627881
hash,2596654,137422174096,17177627882
hash,2596655,137422174104,17177627883
hash,2596656,137422174120,17177627885
hash,2596657,137422174128,17177627886
hash,2596658,137422174136,17177627887
hash,2596659,78474768,9665466
hash,2596660,78474776,9665467
hash,2596661,78474752,9665464
hash,2596662,78445136,9661762
hash,2596663,78474816,9665472
hash,2596664,78471400,9665045
hash,2596665,80791892,9955106
hash,2596666,80791784,9955093
hash,2596667,80791792,9955094
hash,2596668,67426006,8284370
hash,2596669,137422174080,17177627880
hash,2596670,137422174088,17177627881
hash,2596671,137422174096,17177627882
hash,2596672,137422174104,17177627883
hash,2596673,78474816,9665472
hash,2596674,137422174120,17177627885
hash,2596675,137422174128,17177627886
hash,2596676,78465984,9664368
hash,2596677,80791892,9955106
hash,2596678,137422174104,17177627883
hash,2596679,137422174112,17177627884
hash,2596680,137422174120,17177627885
hash,2596681,137422174128,17177627886
hash,2596682,80791784,9955093
hash,2596683,80791800,9955095
hash,2596684,67426006,8284370
hash,2596685,137422174112,17177627884
hash,2596686,137422174120,17177627885
hash,2596687,137422174128,17177627886
hash,2596688,137422174136,17177627887
hash,2596689,137422174159,17177627889
hash,2596690,137422174164,17177627890
hash,2596691,78474768,9665466
hash,2596692,78474776,9665467
hash,2596693,137422174776,17177627967
hash,2596694,137422174768,17177627966
hash,2596695,137422174144,17177627888
hash,2596696,137422174784,17177627968
hash,2596697,137422174768,17177627966
hash,2596698,78474768,9665466
hash,2596699,78474776,9665467
hash,2596700,78474752,9665464
hash,2596701,78445144,9661763
hash,2596702,78474816,9665472
hash,2596703,78471400,9665045
hash,2596704,80791892,9955106
hash,2596705,80791784,9955093
hash,2596706,80791792,9955094
hash,2596707,67426006,8284370
hash,2596708,137422174080,17177627880
hash,2596709,137422174088,17177627881
hash,2596710,137422174096,17177627882
hash,2596711,137422174104,17177627883
hash,2596712,137422174120,17177627885
hash,2596713,137422174128,17177627886
hash,2596714,137422174136,17177627887
hash,2596715,78474768,9665466
hash,2596716,78474776,9665467
hash,2596717,78474752,9665464
hash,2596718,78445136,9661762
hash,2596719,78474816,9665472
hash,2596720,78471400,9665045
hash,2596721,80791892,9955106
hash,2596722,80791784,9955093
hash,2596723,80791792,9955094
hash,2596724,67426007,8284370
hash,2596725,137422174080,17177627880
hash,2596726,137422174088,17177627881
hash,2596727,137422174096,17177627882
hash,2596728,137422174104,17177627883
hash,2596729,78474816,9665472
hash,2596730,137422174120,17177627885
hash,2596731,137422174128,17177627886
hash,2596732,78465984,9664368
hash,2596733,80791892,9955106
hash,2596734,137422174104,17177627883
hash,2596735,137422174112,17177627884
hash,2596736,137422174120,17177627885
hash,2596737,137422174128,17177627886
hash,2596738,80791784,9955093
hash,2596739,80791800,9955095
hash,2596740,67426007,8284370
hash,2596741,137422174112,17177627884
hash,2596742,137422174120,17177627885
hash,2596743,137422174128,17177627886
hash,2596744,137422174136,17177627887
hash,2596745,137422174159,17177627889
hash,2596746,137422174164,17177627890
hash,2596747,78474768,9665466
hash,2596748,78474776,9665467
hash,2596749,137422174776,17177627967
hash,2596750,137422174768,17177627966
hash,2596751,137422174144,17177627888
hash,2596752,137422174784,17177627968
hash,2596753,137422174768,17177627966
hash,2596754,78474768,9665466
hash,2596755,78474776,9665467
hash,2596756,78474752,9665464
hash,2596757,78445144,9661763
hash,2596758,78474816,9665472
hash,2596759,78471400,9665045
hash,2596760,80791892,9955106
hash,2596761,80791784,9955093
hash,2596762,80791792,9955094
hash,2596763,67426007,8284370
hash,2596764,137422174080,17177627880
hash,2596765,137422174088,17177627881
hash,2596766,137422174096,17177627882
hash,2596767,137422174104,17177627883
hash,2596768,137422174120,17177627885
hash,2596769,137422174128,17177627886
hash,2596770,137422174136,17177627887
hash,2596771,78474768,9665466
hash,2596772,78474776,9665467
hash,2596773,78474752,9665464
hash,2596774,78445136,9661762
hash,2596775,78474816,9665472
hash,2596776,78471400,9665045
hash,2596777,80791892,9955106
hash,2596778,80791784,9955093
hash,2596779,80791792,9955094
hash,2596780,67426008,8284371
hash,2596781,137422174080,17177627880
hash,2596782,137422174088,17177627881
hash,2596783,137422174096,17177627882
hash,2596784,137422174104,17177627883
hash,2596785,78474816,9665472
hash,2596786,137422174120,17177627885
hash,2596787,137422174128,17177627886
hash,2596788,78465984,9664368
hash,2596789,80791892,9955106
hash,2596790,137422174104,17177627883
hash,2596791,137422174112,17177627884
hash,2596792,137422174120,17177627885
hash,2596793,137422174128,17177627886
hash,2596794,80791784,9955093
hash,2596795,80791800,9955095
hash,2596796,67426008,8284371
hash,2596797,137422174112,17177627884
hash,2596798,137422174120,17177627885
hash,2596799,137422174128,17177627886
hash,2596800,137422174136,17177627887
hash,2596801,137422174159,17177627889
hash,2596802,137422174164,17177627890
hash,2596803,78474768,9665466
hash,2596804,78474776,9665467
hash,2596805,137422174776,17177627967
hash,2596806,137422174768,17177627966
hash,2596807,137422174144,17177627888
hash,2596808,137422174784,17177627968
hash,2596809,137422174768,17177627966
hash,2596810,78474768,9665466
hash,2596811,78474776,9665467
hash,2596812,78474752,9665464
hash,2596813,78445144,9661763
hash,2596814,78474816,9665472
hash,2596815,78471400,9665045
hash,2596816,80791892,9955106
hash,2596817,80791784,9955093
hash,2596818,80791792,9955094
hash,2596819,67426008,8284371
hash,2596820,137422174080,17177627880
hash,2596821,137422174088,17177627881
hash,2596822,137422174096,17177627882
hash,2596823,137422174104,17177627883
hash,2596824,137422174120,17177627885
hash,2596825,137422174128,17177627886
hash,2596826,137422174136,17177627887
hash,2596827,78474768,9665466
hash,2596828,78474776,9665467
hash,2596829,78474752,9665464
hash,2596830,78445136,9661762
hash,2596831,78474816,9665472
hash,2596832,78471400,9665045
hash,2596833,80791892,9955106
hash,2596834,80791784,9955093
hash,2596835,80791792,9955094
hash,2596836,67426009,8284371
hash,2596837,137422174080,17177627880
hash,2596838,137422174088,17177627881
hash,2596839,137422174096,17177627882
hash,2596840,137422174104,17177627883
hash,2596841,78474816,9665472
hash,2596842,137422174120,17177627885
hash,2596843,137422174128,17177627886
hash,2596844,78465984,9664368
hash,2596845,80791892,9955106
hash,2596846,137422174104,17177627883
hash,2596847,137422174112,17177627884
hash,2596848,137422174120,17177627885
hash,2596849,137422174128,17177627886
hash,2596850,80791784,9955093
hash,2596851,80791800,9955095
hash,2596852,67426009,8284371
hash,2596853,137422174112,17177627884
hash,2596854,137422174120,17177627885
hash,2596855,137422174128,17177627886
hash,2596856,137422174136,17177627887
hash,2596857,137422174159,17177627889
hash,2596858,137422174164,17177627890
hash,2596859,78474768,9665466
hash,2596860,78474776,9665467
hash,2596861,137422174776,17177627967
hash,2596862,137422174768,17177627966
hash,2596863,137422174144,17177627888
hash,2596864,137422174784,17177627968
hash,2596865,137422174768,17177627966
hash,2596866,78474768,9665466
hash,2596867,78474776,9665467
hash,2596868,78474752,9665464
hash,2596869,78445144,9661763
hash,2596870,78474816,9665472
hash,2596871,78471400,9665045
hash,2596872,80791892,9955106
hash,2596873,80791784,9955093
hash,2596874,80791792,9955094
hash,2596875,67426009,8284371
hash,2596876,137422174080,17177627880
hash,2596877,137422174088,17177627881
hash,2596878,137422174096,17177627882
hash,2596879,137422174104,17177627883
hash,2596880,137422174120,17177627885
hash,2596881,137422174128,17177627886
hash,2596882,137422174136,17177627887
hash,2596883,78474768,9665466
hash,2596884,78474776,9665467
hash,2596885,78474752,9665464
hash,2596886,78445136,9661762
hash,2596887,78474816,9665472
hash,2596888,78471400,9665045
hash,2596889,80791892,9955106
hash,2596890,80791784,9955093
hash,2596891,80791792,9955094
hash,2596892,67426010,8284371
hash,2596893,137422174080,17177627880
hash,2596894,137422174088,17177627881
