variante,ciclo,endereco,endereco_norm
demo,1,67337816,8282051
demo,2,67337832,8282053
demo,3,67337848,8282055
demo,4,67337864,8282057
demo,5,67337880,8282059
demo,6,67337896,8282061
demo,7,67337912,8282063
demo,8,67337928,8282065
demo,9,67337944,8282067
demo,10,67337960,8282069
demo,11,67337976,8282071
demo,12,67337992,8282073
demo,13,67338008,8282075
demo,14,67338024,8282077
demo,15,67338040,8282079
demo,16,67338056,8282081
demo,17,67338072,8282083
demo,18,67338088,8282085
demo,19,67338104,8282087
demo,20,67341830,8282552
demo,21,67341200,8282474
demo,22,67341072,8282458
demo,23,67341064,8282457
demo,24,67341080,8282459
demo,25,67341088,8282460
demo,26,67341328,8282490
demo,27,67341224,8282477
demo,28,67341496,8282511
demo,29,67341704,8282537
demo,30,67341096,8282461
demo,31,67337936,8282066
demo,32,67341112,8282463
demo,33,67337968,8282070
demo,34,67341328,8282490
demo,35,67341336,8282491
demo,36,67338096,8282086
demo,37,67341272,8282483
demo,38,67341160,8282469
demo,39,67341408,8282500
demo,40,67338032,8282078
demo,41,67341280,8282484
demo,42,67338016,8282076
demo,43,67338064,8282082
demo,44,67341320,8282489
demo,45,67338080,8282084
demo,46,67112360,8253869
demo,47,67112368,8253870
demo,48,67112376,8253871
demo,49,67341830,8282552
demo,50,67340976,8282446
demo,51,67337936,8282066
demo,52,67341104,8282462
demo,53,67337952,8282068
demo,54,67341424,8282502
demo,55,137422175536,17177636766
demo,56,137422175520,17177636764
demo,57,137422175528,17177636765
demo,58,67341088,8282460
demo,59,67337888,8282060
demo,60,67112296,8253861
demo,61,67112288,8253860
demo,62,67110894,8253685
demo,63,67340976,8282446
demo,64,67110896,8253686
demo,65,67110892,8253685
demo,66,67112320,8253864
demo,67,67112312,8253863
demo,68,67111014,8253700
demo,69,67340976,8282446
demo,70,67111016,8253701
demo,71,67111012,8253700
demo,72,67112344,8253867
demo,73,67112336,8253866
demo,74,67110294,8253610
demo,75,67340976,8282446
demo,76,67110296,8253611
demo,77,67110292,8253610
demo,78,67340976,8282446
demo,79,67341830,8282552
demo,80,137422175568,17177636770
demo,81,137422175552,17177636768
demo,82,137422175560,17177636769
demo,83,67341088,8282460
demo,84,67337888,8282060
demo,85,137422175448,17177636755
demo,86,67341704,8282537
demo,87,67337856,8282056
demo,88,67341830,8282552
demo,89,67109936,8253566
demo,90,67109944,8253567
demo,91,67109940,8253566
demo,92,67109948,8253567
demo,93,137422175448,17177636755
demo,94,137422175504,17177636762
demo,95,137422175496,17177636761
demo,96,137422175648,17177636780
demo,97,137422175672,17177636783
demo,98,137422175680,17177636784
demo,99,137422175688,17177636785
demo,100,137422175696,17177636786
demo,101,137422175704,17177636787
demo,102,137422175712,17177636788
demo,103,137422175720,17177636789
demo,104,137422175728,17177636790
demo,105,137422175736,17177636791
demo,106,137422175744,17177636792
demo,107,137422175752,17177636793
demo,108,137422175760,17177636794
demo,109,137422175768,17177636795
demo,110,137422175776,17177636796
demo,111,137422175784,17177636797
demo,112,137422175792,17177636798
demo,113,137422175800,17177636799
demo,114,137422175808,17177636800
demo,115,137422175816,17177636801
demo,116,137422175824,17177636802
demo,117,137422175832,17177636803
demo,118,137422175840,17177636804
demo,119,137422175848,17177636805
demo,120,137422175856,17177636806
demo,121,137422175864,17177636807
demo,122,137422175872,17177636808
demo,123,137422175880,17177636809
demo,124,137422175888,17177636810
demo,125,137422175896,17177636811
demo,126,137422175904,17177636812
demo,127,137422175912,17177636813
demo,128,137422175920,17177636814
demo,129,137422175928,17177636815
demo,130,137422175936,17177636816
demo,131,137422175944,17177636817
demo,132,137422175952,17177636818
demo,133,137422175960,17177636819
demo,134,137422175968,17177636820
demo,135,137422175976,17177636821
demo,136,137422175984,17177636822
demo,137,137422175992,17177636823
demo,138,137422176000,17177636824
demo,139,137422176008,17177636825
demo,140,137422176016,17177636826
demo,141,137422176024,17177636827
demo,142,137422176032,17177636828
demo,143,137422176040,17177636829
demo,144,137422176048,17177636830
demo,145,137422176056,17177636831
demo,146,137422176064,17177636832
demo,147,137422176072,17177636833
demo,148,137422176080,17177636834
demo,149,137422176088,17177636835
demo,150,137422176096,17177636836
demo,151,137422176104,17177636837
demo,152,137422176112,17177636838
demo,153,137422176120,17177636839
demo,154,137422176128,17177636840
demo,155,137422176136,17177636841
demo,156,137422176144,17177636842
demo,157,137422176152,17177636843
demo,158,137422176160,17177636844
demo,159,137422176168,17177636845
demo,160,137422176176,17177636846
demo,161,137422176184,17177636847
demo,162,137422176192,17177636848
demo,163,137422176200,17177636849
demo,164,137422176208,17177636850
demo,165,137422176216,17177636851
demo,166,137422176224,17177636852
demo,167,137422176232,17177636853
demo,168,137422176240,17177636854
demo,169,137422176248,17177636855
demo,170,137422176256,17177636856
demo,171,137422176264,17177636857
demo,172,137422176272,17177636858
demo,173,137422176280,17177636859
demo,174,137422176288,17177636860
demo,175,137422176296,17177636861
demo,176,137422176304,17177636862
demo,177,137422176312,17177636863
demo,178,137422176320,17177636864
demo,179,137422176328,17177636865
demo,180,137422176336,17177636866
demo,181,137422176344,17177636867
demo,182,137422176352,17177636868
demo,183,137422176360,17177636869
demo,184,137422176368,17177636870
demo,185,137422176376,17177636871
demo,186,137422176384,17177636872
demo,187,137422176392,17177636873
demo,188,137422176400,17177636874
demo,189,137422176408,17177636875
demo,190,137422176416,17177636876
demo,191,137422176424,17177636877
demo,192,137422176432,17177636878
demo,193,137422176440,17177636879
demo,194,137422176448,17177636880
demo,195,137422176456,17177636881
demo,196,137422176464,17177636882
demo,197,137422176472,17177636883
demo,198,137422176480,17177636884
demo,199,137422176488,17177636885
demo,200,137422176496,17177636886
demo,201,137422176504,17177636887
demo,202,137422176512,17177636888
demo,203,137422176520,17177636889
demo,204,137422176528,17177636890
demo,205,137422176536,17177636891
demo,206,137422176544,17177636892
demo,207,137422176552,17177636893
demo,208,137422176560,17177636894
demo,209,137422176568,17177636895
demo,210,137422176576,17177636896
demo,211,137422176584,17177636897
demo,212,137422176592,17177636898
demo,213,137422176600,17177636899
demo,214,137422176608,17177636900
demo,215,137422176616,17177636901
demo,216,137422176624,17177636902
demo,217,137422176632,17177636903
demo,218,137422176640,17177636904
demo,219,137422176648,17177636905
demo,220,137422176656,17177636906
demo,221,137422176664,17177636907
demo,222,137422176672,17177636908
demo,223,137422176680,17177636909
demo,224,137422176688,17177636910
demo,225,137422176696,17177636911
demo,226,137422176704,17177636912
demo,227,137422176712,17177636913
demo,228,137422176720,17177636914
demo,229,137422176728,17177636915
demo,230,137422176736,17177636916
demo,231,137422176744,17177636917
demo,232,137422176752,17177636918
demo,233,137422174976,17177636696
demo,234,137422175128,17177636715
demo,235,137422175160,17177636719
demo,236,137422174952,17177636693
demo,237,137422174968,17177636695
demo,238,137422175000,17177636699
demo,239,137422175336,17177636741
demo,240,137422175112,17177636713
demo,241,137422175048,17177636705
demo,242,137422175056,17177636706
demo,243,137422175168,17177636720
demo,244,137422175064,17177636707
demo,245,137422175072,17177636708
demo,246,137422175128,17177636715
demo,247,137422175192,17177636723
demo,248,137422175352,17177636743
demo,249,137422175360,17177636744
demo,250,137422175368,17177636745
demo,251,137422175376,17177636746
demo,252,137422175384,17177636747
demo,253,67343056,8282706
demo,254,67336776,8281921
demo,255,137422175672,17177636783
demo,256,137422176836,17177636928
demo,257,137422176837,17177636928
demo,258,137422176838,17177636928
demo,259,137422176839,17177636928
demo,260,137422176840,17177636929
demo,261,137422176841,17177636929
demo,262,137422176842,17177636929
demo,263,137422176843,17177636929
demo,264,137422176844,17177636929
demo,265,137422176845,17177636929
demo,266,137422176846,17177636929
demo,267,137422176847,17177636929
demo,268,137422176848,17177636930
demo,269,137422176849,17177636930
demo,270,137422176850,17177636930
demo,271,137422176851,17177636930
demo,272,137422176852,17177636930
demo,273,137422176836,17177636928
demo,274,67298051,8277080
demo,275,137422176837,17177636928
demo,276,67331240,8281229
demo,277,67331241,8281229
demo,278,67331376,8281246
demo,279,67331377,8281246
demo,280,137422176836,17177636928
demo,281,67331512,8281263
demo,282,67331513,8281263
demo,283,67331648,8281280
demo,284,67331649,8281280
demo,285,67331784,8281297
demo,286,67331785,8281297
demo,287,67331920,8281314
demo,288,67331921,8281314
demo,289,67332056,8281331
demo,290,67332057,8281331
demo,291,67332192,8281348
demo,292,67332193,8281348
demo,293,67332328,8281365
demo,294,67332329,8281365
demo,295,67332464,8281382
demo,296,67332465,8281382
demo,297,67332600,8281399
demo,298,67332601,8281399
demo,299,67332736,8281416
demo,300,67332737,8281416
demo,301,67332872,8281433
demo,302,67332873,8281433
demo,303,137422176836,17177636928
demo,304,67333008,8281450
demo,305,67333009,8281450
demo,306,137422176836,17177636928
demo,307,67333144,8281467
demo,308,67333145,8281467
demo,309,137422176836,17177636928
demo,310,67333280,8281484
demo,311,67333281,8281484
demo,312,67333416,8281501
demo,313,67333417,8281501
demo,314,67333552,8281518
demo,315,67333553,8281518
demo,316,67333688,8281535
demo,317,67333689,8281535
demo,318,67333824,8281552
demo,319,67333825,8281552
demo,320,137422176836,17177636928
demo,321,67333960,8281569
demo,322,67333961,8281569
demo,323,67334096,8281586
demo,324,67334097,8281586
demo,325,67334232,8281603
demo,326,67334233,8281603
demo,327,67334368,8281620
demo,328,67334369,8281620
demo,329,137422176836,17177636928
demo,330,67334504,8281637
demo,331,67334505,8281637
demo,332,67334640,8281654
demo,333,67334641,8281654
demo,334,67334776,8281671
demo,335,67334777,8281671
demo,336,137422176836,17177636928
demo,337,67334912,8281688
demo,338,67334913,8281688
demo,339,67335048,8281705
demo,340,67335049,8281705
demo,341,67335184,8281722
demo,342,67335185,8281722
demo,343,67335320,8281739
demo,344,67335321,8281739
demo,345,67335456,8281756
demo,346,67335457,8281756
demo,347,137422176836,17177636928
demo,348,67335592,8281773
demo,349,67335593,8281773
demo,350,67335728,8281790
demo,351,67335729,8281790
demo,352,137422176836,17177636928
demo,353,67335864,8281807
demo,354,67335865,8281807
demo,355,67336000,8281824
demo,356,67336001,8281824
demo,357,67336136,8281841
demo,358,67336137,8281841
demo,359,67336272,8281858
demo,360,67336273,8281858
demo,361,67336408,8281875
demo,362,67336409,8281875
demo,363,137422176836,17177636928
demo,364,67336544,8281892
demo,365,67336545,8281892
demo,366,67336680,8281909
demo,367,67336681,8281909
demo,368,137422175680,17177636784
demo,369,137422176869,17177636932
demo,370,137422176870,17177636932
demo,371,137422176871,17177636932
demo,372,137422176872,17177636933
demo,373,137422176873,17177636933
demo,374,137422176874,17177636933
demo,375,137422176875,17177636933
demo,376,137422176876,17177636933
demo,377,137422176877,17177636933
demo,378,137422176869,17177636932
demo,379,67331240,8281229
demo,380,67331241,8281229
demo,381,67331376,8281246
demo,382,67331377,8281246
demo,383,137422176869,17177636932
demo,384,67331512,8281263
demo,385,67331513,8281263
demo,386,67331648,8281280
demo,387,67331649,8281280
demo,388,67331784,8281297
demo,389,67331785,8281297
demo,390,67331920,8281314
demo,391,67331921,8281314
demo,392,67332056,8281331
demo,393,67332057,8281331
demo,394,67332192,8281348
demo,395,67332193,8281348
demo,396,67332328,8281365
demo,397,67332329,8281365
demo,398,67332464,8281382
demo,399,67332465,8281382
demo,400,67332600,8281399
demo,401,67332601,8281399
demo,402,67332736,8281416
demo,403,67332737,8281416
demo,404,67332872,8281433
demo,405,67332873,8281433
demo,406,137422176869,17177636932
demo,407,67333008,8281450
demo,408,67333009,8281450
demo,409,137422176869,17177636932
demo,410,67333010,8281450
demo,411,137422176870,17177636932
demo,412,67333144,8281467
demo,413,67333145,8281467
demo,414,137422176869,17177636932
demo,415,67333280,8281484
demo,416,67333281,8281484
demo,417,67333416,8281501
demo,418,67333417,8281501
demo,419,67333552,8281518
demo,420,67333553,8281518
demo,421,67333688,8281535
demo,422,67333689,8281535
demo,423,67333824,8281552
demo,424,67333825,8281552
demo,425,137422176869,17177636932
demo,426,67333826,8281552
demo,427,137422176870,17177636932
demo,428,67333960,8281569
demo,429,67333961,8281569
demo,430,67334096,8281586
demo,431,67334097,8281586
demo,432,67334232,8281603
demo,433,67334233,8281603
demo,434,67334368,8281620
demo,435,67334369,8281620
demo,436,137422176869,17177636932
demo,437,67334504,8281637
demo,438,67334505,8281637
demo,439,67334640,8281654
demo,440,67334641,8281654
demo,441,67334776,8281671
demo,442,67334777,8281671
demo,443,137422176869,17177636932
demo,444,67334912,8281688
demo,445,67334913,8281688
demo,446,67335048,8281705
demo,447,67335049,8281705
demo,448,67335184,8281722
demo,449,67335185,8281722
demo,450,67335320,8281739
demo,451,67335321,8281739
demo,452,67335456,8281756
demo,453,67335457,8281756
demo,454,137422176869,17177636932
demo,455,67335592,8281773
demo,456,67335593,8281773
demo,457,67335728,8281790
demo,458,67335729,8281790
demo,459,137422176869,17177636932
demo,460,67335864,8281807
demo,461,67335865,8281807
demo,462,67336000,8281824
demo,463,67336001,8281824
demo,464,67336136,8281841
demo,465,67336137,8281841
demo,466,67336272,8281858
demo,467,67336273,8281858
demo,468,67336408,8281875
demo,469,67336409,8281875
demo,470,137422176869,17177636932
demo,471,67336544,8281892
demo,472,67336545,8281892
demo,473,67336680,8281909
demo,474,67336681,8281909
demo,475,137422175688,17177636785
demo,476,137422176901,17177636936
demo,477,137422176902,17177636936
demo,478,137422176903,17177636936
demo,479,137422176904,17177636937
demo,480,137422176905,17177636937
demo,481,137422176906,17177636937
demo,482,137422176907,17177636937
demo,483,137422176908,17177636937
demo,484,137422176909,17177636937
demo,485,137422176910,17177636937
demo,486,137422176911,17177636937
demo,487,137422176901,17177636936
demo,488,67331240,8281229
demo,489,67331241,8281229
demo,490,67331376,8281246
demo,491,67331377,8281246
demo,492,137422176901,17177636936
demo,493,67331512,8281263
demo,494,67331513,8281263
demo,495,67331648,8281280
demo,496,67331649,8281280
demo,497,67331784,8281297
demo,498,67331785,8281297
demo,499,67331920,8281314
demo,500,67331921,8281314
demo,501,67332056,8281331
demo,502,67332057,8281331
demo,503,67332192,8281348
demo,504,67332193,8281348
demo,505,67332328,8281365
demo,506,67332329,8281365
demo,507,67332464,8281382
demo,508,67332465,8281382
demo,509,67332600,8281399
demo,510,67332601,8281399
demo,511,67332736,8281416
demo,512,67332737,8281416
demo,513,67332872,8281433
demo,514,67332873,8281433
demo,515,137422176901,17177636936
demo,516,67333008,8281450
demo,517,67333009,8281450
demo,518,137422176901,17177636936
demo,519,67333144,8281467
demo,520,67333145,8281467
demo,521,137422176901,17177636936
demo,522,67333280,8281484
demo,523,67333281,8281484
demo,524,67333416,8281501
demo,525,67333417,8281501
demo,526,67333552,8281518
demo,527,67333553,8281518
demo,528,67333688,8281535
demo,529,67333689,8281535
demo,530,67333824,8281552
demo,531,67333825,8281552
demo,532,137422176901,17177636936
demo,533,67333960,8281569
demo,534,67333961,8281569
demo,535,67334096,8281586
demo,536,67334097,8281586
demo,537,67334232,8281603
demo,538,67334233,8281603
demo,539,67334368,8281620
demo,540,67334369,8281620
demo,541,137422176901,17177636936
demo,542,67334504,8281637
demo,543,67334505,8281637
demo,544,67334640,8281654
demo,545,67334641,8281654
demo,546,67334776,8281671
demo,547,67334777,8281671
demo,548,137422176901,17177636936
demo,549,67334912,8281688
demo,550,67334913,8281688
demo,551,67335048,8281705
demo,552,67335049,8281705
demo,553,67335184,8281722
demo,554,67335185,8281722
demo,555,67335320,8281739
demo,556,67335321,8281739
demo,557,67335456,8281756
demo,558,67335457,8281756
demo,559,137422176901,17177636936
demo,560,67335592,8281773
demo,561,67335593,8281773
demo,562,67335728,8281790
demo,563,67335729,8281790
demo,564,137422176901,17177636936
demo,565,67335864,8281807
demo,566,67335865,8281807
demo,567,67336000,8281824
demo,568,67336001,8281824
demo,569,67336136,8281841
demo,570,67336137,8281841
demo,571,67336272,8281858
demo,572,67336273,8281858
demo,573,67336408,8281875
demo,574,67336409,8281875
demo,575,137422176901,17177636936
demo,576,67336544,8281892
demo,577,67336545,8281892
demo,578,67336680,8281909
demo,579,67336681,8281909
demo,580,137422175696,17177636786
demo,581,137422176927,17177636939
demo,582,137422176928,17177636940
demo,583,137422176929,17177636940
demo,584,137422176930,17177636940
demo,585,137422176931,17177636940
demo,586,137422176932,17177636940
demo,587,137422176933,17177636940
demo,588,137422176934,17177636940
demo,589,137422176935,17177636940
demo,590,137422176936,17177636941
demo,591,137422176937,17177636941
demo,592,137422176938,17177636941
demo,593,137422176939,17177636941
demo,594,137422176940,17177636941
demo,595,137422176941,17177636941
demo,596,137422176942,17177636941
demo,597,137422176943,17177636941
demo,598,137422176944,17177636942
demo,599,137422176945,17177636942
demo,600,137422176946,17177636942
demo,601,137422176947,17177636942
demo,602,137422176948,17177636942
demo,603,137422176949,17177636942
demo,604,137422176950,17177636942
demo,605,137422176951,17177636942
demo,606,137422176952,17177636943
demo,607,137422176953,17177636943
demo,608,137422176927,17177636939
demo,609,67331240,8281229
demo,610,67331241,8281229
demo,611,67331376,8281246
demo,612,67331377,8281246
demo,613,137422176927,17177636939
demo,614,67331512,8281263
demo,615,67331513,8281263
demo,616,67331648,8281280
demo,617,67331649,8281280
demo,618,67331784,8281297
demo,619,67331785,8281297
demo,620,67331920,8281314
demo,621,67331921,8281314
demo,622,67332056,8281331
demo,623,67332057,8281331
demo,624,67332192,8281348
demo,625,67332193,8281348
demo,626,67332328,8281365
demo,627,67332329,8281365
demo,628,67332464,8281382
demo,629,67332465,8281382
demo,630,67332600,8281399
demo,631,67332601,8281399
demo,632,67332736,8281416
demo,633,67332737,8281416
demo,634,67332872,8281433
demo,635,67332873,8281433
demo,636,137422176927,17177636939
demo,637,67333008,8281450
demo,638,67333009,8281450
demo,639,137422176927,17177636939
demo,640,67333144,8281467
demo,641,67333145,8281467
demo,642,137422176927,17177636939
demo,643,67333280,8281484
demo,644,67333281,8281484
demo,645,67333416,8281501
demo,646,67333417,8281501
demo,647,67333552,8281518
demo,648,67333553,8281518
demo,649,67333688,8281535
demo,650,67333689,8281535
demo,651,67333824,8281552
demo,652,67333825,8281552
demo,653,137422176927,17177636939
demo,654,67333960,8281569
demo,655,67333961,8281569
demo,656,67334096,8281586
demo,657,67334097,8281586
demo,658,67334232,8281603
demo,659,67334233,8281603
demo,660,67334368,8281620
demo,661,67334369,8281620
demo,662,137422176927,17177636939
demo,663,67334504,8281637
demo,664,67334505,8281637
demo,665,67334640,8281654
demo,666,67334641,8281654
demo,667,67334776,8281671
demo,668,67334777,8281671
demo,669,137422176927,17177636939
demo,670,67334912,8281688
demo,671,67334913,8281688
demo,672,67335048,8281705
demo,673,67335049,8281705
demo,674,67335184,8281722
demo,675,67335185,8281722
demo,676,67335320,8281739
demo,677,67335321,8281739
demo,678,67335456,8281756
demo,679,67335457,8281756
demo,680,137422176927,17177636939
demo,681,67335592,8281773
demo,682,67335593,8281773
demo,683,67335728,8281790
demo,684,67335729,8281790
demo,685,137422176927,17177636939
demo,686,67335864,8281807
demo,687,67335865,8281807
demo,688,67336000,8281824
demo,689,67336001,8281824
demo,690,67336136,8281841
demo,691,67336137,8281841
demo,692,67336272,8281858
demo,693,67336273,8281858
demo,694,67336408,8281875
demo,695,67336409,8281875
demo,696,137422176927,17177636939
demo,697,67336544,8281892
demo,698,67336545,8281892
demo,699,67336680,8281909
demo,700,67336681,8281909
demo,701,137422175704,17177636787
demo,702,137422176965,17177636944
demo,703,137422176966,17177636944
demo,704,137422176967,17177636944
demo,705,137422176968,17177636945
demo,706,137422176969,17177636945
demo,707,137422176970,17177636945
demo,708,137422176971,17177636945
demo,709,137422176972,17177636945
demo,710,137422176973,17177636945
demo,711,137422176974,17177636945
demo,712,137422176975,17177636945
demo,713,137422176976,17177636946
demo,714,137422176977,17177636946
demo,715,137422176978,17177636946
demo,716,137422176979,17177636946
demo,717,137422176980,17177636946
demo,718,137422176981,17177636946
demo,719,137422176982,17177636946
demo,720,137422176983,17177636946
demo,721,137422176984,17177636947
demo,722,137422176985,17177636947
demo,723,137422176986,17177636947
demo,724,137422176965,17177636944
demo,725,67331240,8281229
demo,726,67331241,8281229
demo,727,67331376,8281246
demo,728,67331377,8281246
demo,729,137422176965,17177636944
demo,730,67331512,8281263
demo,731,67331513,8281263
demo,732,67331648,8281280
demo,733,67331649,8281280
demo,734,67331784,8281297
demo,735,67331785,8281297
demo,736,67331920,8281314
demo,737,67331921,8281314
demo,738,67332056,8281331
demo,739,67332057,8281331
demo,740,67332192,8281348
demo,741,67332193,8281348
demo,742,67332328,8281365
demo,743,67332329,8281365
demo,744,67332464,8281382
demo,745,67332465,8281382
demo,746,67332600,8281399
demo,747,67332601,8281399
demo,748,67332736,8281416
demo,749,67332737,8281416
demo,750,67332872,8281433
demo,751,67332873,8281433
demo,752,137422176965,17177636944
demo,753,67333008,8281450
demo,754,67333009,8281450
demo,755,137422176965,17177636944
demo,756,67333144,8281467
demo,757,67333145,8281467
demo,758,137422176965,17177636944
demo,759,67333280,8281484
demo,760,67333281,8281484
demo,761,67333416,8281501
demo,762,67333417,8281501
demo,763,67333552,8281518
demo,764,67333553,8281518
demo,765,67333688,8281535
demo,766,67333689,8281535
demo,767,67333824,8281552
demo,768,67333825,8281552
demo,769,137422176965,17177636944
demo,770,67333960,8281569
demo,771,67333961,8281569
demo,772,67334096,8281586
demo,773,67334097,8281586
demo,774,67334232,8281603
demo,775,67334233,8281603
demo,776,67334368,8281620
demo,777,67334369,8281620
demo,778,137422176965,17177636944
demo,779,67334504,8281637
demo,780,67334505,8281637
demo,781,67334640,8281654
demo,782,67334641,8281654
demo,783,67334776,8281671
demo,784,67334777,8281671
demo,785,137422176965,17177636944
demo,786,67334912,8281688
demo,787,67334913,8281688
demo,788,67335048,8281705
demo,789,67335049,8281705
demo,790,67335184,8281722
demo,791,67335185,8281722
demo,792,67335320,8281739
demo,793,67335321,8281739
demo,794,67335456,8281756
demo,795,67335457,8281756
demo,796,137422176965,17177636944
demo,797,67335592,8281773
demo,798,67335593,8281773
demo,799,67335728,8281790
demo,800,67335729,8281790
demo,801,137422176965,17177636944
demo,802,67335864,8281807
demo,803,67335865,8281807
demo,804,67336000,8281824
demo,805,67336001,8281824
demo,806,67336136,8281841
demo,807,67336137,8281841
demo,808,67336272,8281858
demo,809,67336273,8281858
demo,810,67336408,8281875
demo,811,67336409,8281875
demo,812,137422176965,17177636944
demo,813,67336544,8281892
demo,814,67336545,8281892
demo,815,67336680,8281909
demo,816,67336681,8281909
demo,817,137422175712,17177636788
demo,818,137422177030,17177636952
demo,819,137422177031,17177636952
demo,820,137422177032,17177636953
demo,821,137422177033,17177636953
demo,822,137422177034,17177636953
demo,823,137422177035,17177636953
demo,824,137422177036,17177636953
demo,825,137422177037,17177636953
demo,826,137422177038,17177636953
demo,827,137422177030,17177636952
demo,828,67331240,8281229
demo,829,67331241,8281229
demo,830,67331376,8281246
demo,831,67331377,8281246
demo,832,137422177030,17177636952
demo,833,67331512,8281263
demo,834,67331513,8281263
demo,835,67331648,8281280
demo,836,67331649,8281280
demo,837,67331784,8281297
demo,838,67331785,8281297
demo,839,67331920,8281314
demo,840,67331921,8281314
demo,841,67332056,8281331
demo,842,67332057,8281331
demo,843,67332192,8281348
demo,844,67332193,8281348
demo,845,67332328,8281365
demo,846,67332329,8281365
demo,847,67332464,8281382
demo,848,67332465,8281382
demo,849,67332600,8281399
demo,850,67332601,8281399
demo,851,67332736,8281416
demo,852,67332737,8281416
demo,853,67332872,8281433
demo,854,67332873,8281433
demo,855,137422177030,17177636952
demo,856,67333008,8281450
demo,857,67333009,8281450
demo,858,137422177030,17177636952
demo,859,67333010,8281450
demo,860,137422177031,17177636952
demo,861,67333144,8281467
demo,862,67333145,8281467
demo,863,137422177030,17177636952
demo,864,67333280,8281484
demo,865,67333281,8281484
demo,866,67333416,8281501
demo,867,67333417,8281501
demo,868,67333552,8281518
demo,869,67333553,8281518
demo,870,67333688,8281535
demo,871,67333689,8281535
demo,872,67333824,8281552
demo,873,67333825,8281552
demo,874,137422177030,17177636952
demo,875,67333826,8281552
demo,876,137422177031,17177636952
demo,877,67333960,8281569
demo,878,67333961,8281569
demo,879,67334096,8281586
demo,880,67334097,8281586
demo,881,67334232,8281603
demo,882,67334233,8281603
demo,883,67334368,8281620
demo,884,67334369,8281620
demo,885,137422177030,17177636952
demo,886,67334504,8281637
demo,887,67334505,8281637
demo,888,67334640,8281654
demo,889,67334641,8281654
demo,890,67334776,8281671
demo,891,67334777,8281671
demo,892,137422177030,17177636952
demo,893,67334912,8281688
demo,894,67334913,8281688
demo,895,67335048,8281705
demo,896,67335049,8281705
demo,897,67335184,8281722
demo,898,67335185,8281722
demo,899,67335320,8281739
demo,900,67335321,8281739
demo,901,67335456,8281756
demo,902,67335457,8281756
demo,903,137422177030,17177636952
demo,904,67335592,8281773
demo,905,67335593,8281773
demo,906,67335728,8281790
demo,907,67335729,8281790
demo,908,137422177030,17177636952
demo,909,67335864,8281807
demo,910,67335865,8281807
demo,911,67336000,8281824
demo,912,67336001,8281824
demo,913,67336136,8281841
demo,914,67336137,8281841
demo,915,67336272,8281858
demo,916,67336273,8281858
demo,917,67336408,8281875
demo,918,67336409,8281875
demo,919,137422177030,17177636952
demo,920,67336544,8281892
demo,921,67336545,8281892
demo,922,67336680,8281909
demo,923,67336681,8281909
demo,924,137422175720,17177636789
demo,925,137422177045,17177636954
demo,926,137422177046,17177636954
demo,927,137422177047,17177636954
demo,928,137422177048,17177636955
demo,929,137422177049,17177636955
demo,930,137422177045,17177636954
demo,931,67331240,8281229
demo,932,67331241,8281229
demo,933,67331376,8281246
demo,934,67331377,8281246
demo,935,137422177045,17177636954
demo,936,67331512,8281263
demo,937,67331513,8281263
demo,938,67331648,8281280
demo,939,67331649,8281280
demo,940,67331784,8281297
demo,941,67331785,8281297
demo,942,67331920,8281314
demo,943,67331921,8281314
demo,944,67332056,8281331
demo,945,67332057,8281331
demo,946,67332192,8281348
demo,947,67332193,8281348
demo,948,67332328,8281365
demo,949,67332329,8281365
demo,950,67332464,8281382
demo,951,67332465,8281382
demo,952,67332600,8281399
demo,953,67332601,8281399
demo,954,67332736,8281416
demo,955,67332737,8281416
demo,956,67332872,8281433
demo,957,67332873,8281433
demo,958,137422177045,17177636954
demo,959,67333008,8281450
demo,960,67333009,8281450
demo,961,137422177045,17177636954
demo,962,67333144,8281467
demo,963,67333145,8281467
demo,964,137422177045,17177636954
demo,965,67333280,8281484
demo,966,67333281,8281484
demo,967,67333416,8281501
demo,968,67333417,8281501
demo,969,67333552,8281518
demo,970,67333553,8281518
demo,971,67333688,8281535
demo,972,67333689,8281535
demo,973,67333824,8281552
demo,974,67333825,8281552
demo,975,137422177045,17177636954
demo,976,67333960,8281569
demo,977,67333961,8281569
demo,978,67334096,8281586
demo,979,67334097,8281586
demo,980,67334232,8281603
demo,981,67334233,8281603
demo,982,67334368,8281620
demo,983,67334369,8281620
demo,984,137422177045,17177636954
demo,985,67334504,8281637
demo,986,67334505,8281637
demo,987,67334640,8281654
demo,988,67334641,8281654
demo,989,67334776,8281671
demo,990,67334777,8281671
demo,991,137422177045,17177636954
demo,992,67334912,8281688
demo,993,67334913,8281688
demo,994,67335048,8281705
demo,995,67335049,8281705
demo,996,67335184,8281722
demo,997,67335185,8281722
demo,998,67335320,8281739
demo,999,67335321,8281739
demo,1000,67335456,8281756
demo,1001,67335457,8281756
demo,1002,137422177045,17177636954
demo,1003,67335592,8281773
demo,1004,67335593,8281773
demo,1005,67335728,8281790
demo,1006,67335729,8281790
demo,1007,137422177045,17177636954
demo,1008,67335864,8281807
demo,1009,67335865,8281807
demo,1010,67336000,8281824
demo,1011,67336001,8281824
demo,1012,67336136,8281841
demo,1013,67336137,8281841
demo,1014,67336272,8281858
demo,1015,67336273,8281858
demo,1016,67336408,8281875
demo,1017,67336409,8281875
demo,1018,137422177045,17177636954
demo,1019,67336544,8281892
demo,1020,67336545,8281892
demo,1021,67336680,8281909
demo,1022,67336681,8281909
demo,1023,137422175728,17177636790
demo,1024,137422177059,17177636956
demo,1025,137422177060,17177636956
demo,1026,137422177061,17177636956
demo,1027,137422177062,17177636956
demo,1028,137422177063,17177636956
demo,1029,137422177064,17177636957
demo,1030,137422177065,17177636957
demo,1031,137422177066,17177636957
demo,1032,137422177059,17177636956
demo,1033,67331240,8281229
demo,1034,67331241,8281229
demo,1035,67331376,8281246
demo,1036,67331377,8281246
demo,1037,137422177059,17177636956
demo,1038,67331512,8281263
demo,1039,67331513,8281263
demo,1040,67331648,8281280
demo,1041,67331649,8281280
demo,1042,67331784,8281297
demo,1043,67331785,8281297
demo,1044,67331920,8281314
demo,1045,67331921,8281314
demo,1046,67332056,8281331
demo,1047,67332057,8281331
demo,1048,67332192,8281348
demo,1049,67332193,8281348
demo,1050,67332328,8281365
demo,1051,67332329,8281365
demo,1052,67332464,8281382
demo,1053,67332465,8281382
demo,1054,67332600,8281399
demo,1055,67332601,8281399
demo,1056,67332736,8281416
demo,1057,67332737,8281416
demo,1058,67332872,8281433
demo,1059,67332873,8281433
demo,1060,137422177059,17177636956
demo,1061,67333008,8281450
demo,1062,67333009,8281450
demo,1063,137422177059,17177636956
demo,1064,67333010,8281450
demo,1065,137422177060,17177636956
demo,1066,67333144,8281467
demo,1067,67333145,8281467
demo,1068,137422177059,17177636956
demo,1069,67333280,8281484
demo,1070,67333281,8281484
demo,1071,67333416,8281501
demo,1072,67333417,8281501
demo,1073,67333552,8281518
demo,1074,67333553,8281518
demo,1075,67333688,8281535
demo,1076,67333689,8281535
demo,1077,67333824,8281552
demo,1078,67333825,8281552
demo,1079,137422177059,17177636956
demo,1080,67333826,8281552
demo,1081,137422177060,17177636956
demo,1082,67333960,8281569
demo,1083,67333961,8281569
demo,1084,67334096,8281586
demo,1085,67334097,8281586
demo,1086,67334232,8281603
demo,1087,67334233,8281603
demo,1088,67334368,8281620
demo,1089,67334369,8281620
demo,1090,137422177059,17177636956
demo,1091,67334504,8281637
demo,1092,67334505,8281637
demo,1093,67334640,8281654
demo,1094,67334641,8281654
demo,1095,67334776,8281671
demo,1096,67334777,8281671
demo,1097,137422177059,17177636956
demo,1098,67334912,8281688
demo,1099,67334913,8281688
demo,1100,67335048,8281705
demo,1101,67335049,8281705
demo,1102,67335184,8281722
demo,1103,67335185,8281722
demo,1104,67335320,8281739
demo,1105,67335321,8281739
demo,1106,67335456,8281756
demo,1107,67335457,8281756
demo,1108,137422177059,17177636956
demo,1109,67335592,8281773
demo,1110,67335593,8281773
demo,1111,67335728,8281790
demo,1112,67335729,8281790
demo,1113,137422177059,17177636956
demo,1114,67335864,8281807
demo,1115,67335865,8281807
demo,1116,67336000,8281824
demo,1117,67336001,8281824
demo,1118,67336136,8281841
demo,1119,67336137,8281841
demo,1120,67336272,8281858
demo,1121,67336273,8281858
demo,1122,67336408,8281875
demo,1123,67336409,8281875
demo,1124,137422177059,17177636956
demo,1125,67336544,8281892
demo,1126,67336545,8281892
demo,1127,67336680,8281909
demo,1128,67336681,8281909
demo,1129,137422175736,17177636791
demo,1130,137422177079,17177636958
demo,1131,137422177080,17177636959
demo,1132,137422177081,17177636959
demo,1133,137422177082,17177636959
demo,1134,137422177083,17177636959
demo,1135,137422177084,17177636959
demo,1136,137422177085,17177636959
demo,1137,137422177086,17177636959
demo,1138,137422177087,17177636959
demo,1139,137422177088,17177636960
demo,1140,137422177089,17177636960
demo,1141,137422177090,17177636960
demo,1142,137422177091,17177636960
demo,1143,137422177092,17177636960
demo,1144,137422177093,17177636960
demo,1145,137422177094,17177636960
demo,1146,137422177095,17177636960
demo,1147,137422177096,17177636961
demo,1148,137422177079,17177636958
demo,1149,67331240,8281229
demo,1150,67331241,8281229
demo,1151,67331376,8281246
demo,1152,67331377,8281246
demo,1153,137422177079,17177636958
demo,1154,67331512,8281263
demo,1155,67331513,8281263
demo,1156,67331648,8281280
demo,1157,67331649,8281280
demo,1158,67331784,8281297
demo,1159,67331785,8281297
demo,1160,67331920,8281314
demo,1161,67331921,8281314
demo,1162,67332056,8281331
demo,1163,67332057,8281331
demo,1164,67332192,8281348
demo,1165,67332193,8281348
demo,1166,67332328,8281365
demo,1167,67332329,8281365
demo,1168,67332464,8281382
demo,1169,67332465,8281382
demo,1170,67332600,8281399
demo,1171,67332601,8281399
demo,1172,67332736,8281416
demo,1173,67332737,8281416
demo,1174,67332872,8281433
demo,1175,67332873,8281433
demo,1176,137422177079,17177636958
demo,1177,67333008,8281450
demo,1178,67333009,8281450
demo,1179,137422177079,17177636958
demo,1180,67333144,8281467
demo,1181,67333145,8281467
demo,1182,137422177079,17177636958
demo,1183,67333280,8281484
demo,1184,67333281,8281484
demo,1185,67333416,8281501
demo,1186,67333417,8281501
demo,1187,67333552,8281518
demo,1188,67333553,8281518
demo,1189,67333688,8281535
demo,1190,67333689,8281535
demo,1191,67333824,8281552
demo,1192,67333825,8281552
demo,1193,137422177079,17177636958
demo,1194,67333960,8281569
demo,1195,67333961,8281569
demo,1196,67334096,8281586
demo,1197,67334097,8281586
demo,1198,67334232,8281603
demo,1199,67334233,8281603
demo,1200,67334368,8281620
demo,1201,67334369,8281620
demo,1202,137422177079,17177636958
demo,1203,67334504,8281637
demo,1204,67334505,8281637
demo,1205,67334640,8281654
demo,1206,67334641,8281654
demo,1207,67334776,8281671
demo,1208,67334777,8281671
demo,1209,137422177079,17177636958
demo,1210,67334912,8281688
demo,1211,67334913,8281688
demo,1212,67335048,8281705
demo,1213,67335049,8281705
demo,1214,67335184,8281722
demo,1215,67335185,8281722
demo,1216,67335320,8281739
demo,1217,67335321,8281739
demo,1218,67335456,8281756
demo,1219,67335457,8281756
demo,1220,137422177079,17177636958
demo,1221,67335592,8281773
demo,1222,67335593,8281773
demo,1223,67335728,8281790
demo,1224,67335729,8281790
demo,1225,137422177079,17177636958
demo,1226,67335864,8281807
demo,1227,67335865,8281807
demo,1228,67336000,8281824
demo,1229,67336001,8281824
demo,1230,67336136,8281841
demo,1231,67336137,8281841
demo,1232,67336272,8281858
demo,1233,67336273,8281858
demo,1234,67336408,8281875
demo,1235,67336409,8281875
demo,1236,137422177079,17177636958
demo,1237,67336544,8281892
demo,1238,67336545,8281892
demo,1239,67336680,8281909
demo,1240,67336681,8281909
demo,1241,137422175744,17177636792
demo,1242,137422177282,17177636984
demo,1243,137422177283,17177636984
demo,1244,137422177284,17177636984
demo,1245,137422177285,17177636984
demo,1246,137422177286,17177636984
demo,1247,137422177287,17177636984
demo,1248,137422177288,17177636985
demo,1249,137422177289,17177636985
demo,1250,137422177290,17177636985
demo,1251,137422177282,17177636984
demo,1252,67331240,8281229
demo,1253,67331241,8281229
demo,1254,67331376,8281246
demo,1255,67331377,8281246
demo,1256,137422177282,17177636984
demo,1257,67331512,8281263
demo,1258,67331513,8281263
demo,1259,67331648,8281280
demo,1260,67331649,8281280
demo,1261,67331784,8281297
demo,1262,67331785,8281297
demo,1263,67331920,8281314
demo,1264,67331921,8281314
demo,1265,67332056,8281331
demo,1266,67332057,8281331
demo,1267,67332192,8281348
demo,1268,67332193,8281348
demo,1269,67332328,8281365
demo,1270,67332329,8281365
demo,1271,67332464,8281382
demo,1272,67332465,8281382
demo,1273,67332600,8281399
demo,1274,67332601,8281399
demo,1275,67332736,8281416
demo,1276,67332737,8281416
demo,1277,67332872,8281433
demo,1278,67332873,8281433
demo,1279,137422177282,17177636984
demo,1280,67333008,8281450
demo,1281,67333009,8281450
demo,1282,137422177282,17177636984
demo,1283,67333144,8281467
demo,1284,67333145,8281467
demo,1285,137422177282,17177636984
demo,1286,67333280,8281484
demo,1287,67333281,8281484
demo,1288,67333416,8281501
demo,1289,67333417,8281501
demo,1290,67333552,8281518
demo,1291,67333553,8281518
demo,1292,67333688,8281535
demo,1293,67333689,8281535
demo,1294,67333824,8281552
demo,1295,67333825,8281552
demo,1296,137422177282,17177636984
demo,1297,67333960,8281569
demo,1298,67333961,8281569
demo,1299,67334096,8281586
demo,1300,67334097,8281586
demo,1301,67334232,8281603
demo,1302,67334233,8281603
demo,1303,67334368,8281620
demo,1304,67334369,8281620
demo,1305,137422177282,17177636984
demo,1306,67334504,8281637
demo,1307,67334505,8281637
demo,1308,67334640,8281654
demo,1309,67334641,8281654
demo,1310,67334776,8281671
demo,1311,67334777,8281671
demo,1312,137422177282,17177636984
demo,1313,67334912,8281688
demo,1314,67334913,8281688
demo,1315,67335048,8281705
demo,1316,67335049,8281705
demo,1317,67335184,8281722
demo,1318,67335185,8281722
demo,1319,67335320,8281739
demo,1320,67335321,8281739
demo,1321,67335456,8281756
demo,1322,67335457,8281756
demo,1323,137422177282,17177636984
demo,1324,67335592,8281773
demo,1325,67335593,8281773
demo,1326,67335728,8281790
demo,1327,67335729,8281790
demo,1328,137422177282,17177636984
demo,1329,67335864,8281807
demo,1330,67335865,8281807
demo,1331,67336000,8281824
demo,1332,67336001,8281824
demo,1333,67336136,8281841
demo,1334,67336137,8281841
demo,1335,67336272,8281858
demo,1336,67336273,8281858
demo,1337,67336408,8281875
demo,1338,67336409,8281875
demo,1339,137422177282,17177636984
demo,1340,67336544,8281892
demo,1341,67336545,8281892
demo,1342,67336680,8281909
demo,1343,67336681,8281909
demo,1344,137422175752,17177636793
demo,1345,137422177297,17177636986
demo,1346,137422177298,17177636986
demo,1347,137422177299,17177636986
demo,1348,137422177300,17177636986
demo,1349,137422177301,17177636986
demo,1350,137422177302,17177636986
demo,1351,137422177303,17177636986
demo,1352,137422177304,17177636987
demo,1353,137422177305,17177636987
demo,1354,137422177306,17177636987
demo,1355,137422177307,17177636987
demo,1356,137422177308,17177636987
demo,1357,137422177309,17177636987
demo,1358,137422177310,17177636987
demo,1359,137422177311,17177636987
demo,1360,137422177312,17177636988
demo,1361,137422177313,17177636988
demo,1362,137422177314,17177636988
demo,1363,137422177315,17177636988
demo,1364,137422177316,17177636988
demo,1365,137422177317,17177636988
demo,1366,137422177318,17177636988
demo,1367,137422177319,17177636988
demo,1368,137422177320,17177636989
demo,1369,137422177321,17177636989
demo,1370,137422177322,17177636989
demo,1371,137422177323,17177636989
demo,1372,137422177324,17177636989
demo,1373,137422177325,17177636989
demo,1374,137422177326,17177636989
demo,1375,137422177327,17177636989
demo,1376,137422177297,17177636986
demo,1377,67331240,8281229
demo,1378,67331241,8281229
demo,1379,67331376,8281246
demo,1380,67331377,8281246
demo,1381,137422177297,17177636986
demo,1382,67331512,8281263
demo,1383,67331513,8281263
demo,1384,67331648,8281280
demo,1385,67331649,8281280
demo,1386,67331784,8281297
demo,1387,67331785,8281297
demo,1388,67331920,8281314
demo,1389,67331921,8281314
demo,1390,67332056,8281331
demo,1391,67332057,8281331
demo,1392,67332192,8281348
demo,1393,67332193,8281348
demo,1394,67332328,8281365
demo,1395,67332329,8281365
demo,1396,67332464,8281382
demo,1397,67332465,8281382
demo,1398,67332600,8281399
demo,1399,67332601,8281399
demo,1400,67332736,8281416
demo,1401,67332737,8281416
demo,1402,67332872,8281433
demo,1403,67332873,8281433
demo,1404,137422177297,17177636986
demo,1405,67333008,8281450
demo,1406,67333009,8281450
demo,1407,137422177297,17177636986
demo,1408,67333144,8281467
demo,1409,67333145,8281467
demo,1410,137422177297,17177636986
demo,1411,67333280,8281484
demo,1412,67333281,8281484
demo,1413,67333416,8281501
demo,1414,67333417,8281501
demo,1415,67333552,8281518
demo,1416,67333553,8281518
demo,1417,67333688,8281535
demo,1418,67333689,8281535
demo,1419,67333824,8281552
demo,1420,67333825,8281552
demo,1421,137422177297,17177636986
demo,1422,67333960,8281569
demo,1423,67333961,8281569
demo,1424,67334096,8281586
demo,1425,67334097,8281586
demo,1426,67334232,8281603
demo,1427,67334233,8281603
demo,1428,67334368,8281620
demo,1429,67334369,8281620
demo,1430,137422177297,17177636986
demo,1431,67334504,8281637
demo,1432,67334505,8281637
demo,1433,67334640,8281654
demo,1434,67334641,8281654
demo,1435,67334776,8281671
demo,1436,67334777,8281671
demo,1437,137422177297,17177636986
demo,1438,67334912,8281688
demo,1439,67334913,8281688
demo,1440,67335048,8281705
demo,1441,67335049,8281705
demo,1442,67335184,8281722
demo,1443,67335185,8281722
demo,1444,67335320,8281739
demo,1445,67335321,8281739
demo,1446,67335456,8281756
demo,1447,67335457,8281756
demo,1448,137422177297,17177636986
demo,1449,67335592,8281773
demo,1450,67335593,8281773
demo,1451,67335728,8281790
demo,1452,67335729,8281790
demo,1453,137422177297,17177636986
demo,1454,67335864,8281807
demo,1455,67335865,8281807
demo,1456,67336000,8281824
demo,1457,67336001,8281824
demo,1458,67336136,8281841
demo,1459,67336137,8281841
demo,1460,67336272,8281858
demo,1461,67336273,8281858
demo,1462,67336408,8281875
demo,1463,67336409,8281875
demo,1464,137422177297,17177636986
demo,1465,67336544,8281892
demo,1466,67336545,8281892
demo,1467,67336680,8281909
demo,1468,67336681,8281909
demo,1469,137422175760,17177636794
demo,1470,137422177333,17177636990
demo,1471,137422177334,17177636990
demo,1472,137422177335,17177636990
demo,1473,137422177336,17177636991
demo,1474,137422177337,17177636991
demo,1475,137422177338,17177636991
demo,1476,137422177339,17177636991
demo,1477,137422177340,17177636991
demo,1478,137422177341,17177636991
demo,1479,137422177342,17177636991
demo,1480,137422177343,17177636991
demo,1481,137422177344,17177636992
demo,1482,137422177345,17177636992
demo,1483,137422177346,17177636992
demo,1484,137422177347,17177636992
demo,1485,137422177348,17177636992
demo,1486,137422177349,17177636992
demo,1487,137422177333,17177636990
demo,1488,67331240,8281229
demo,1489,67331241,8281229
demo,1490,67331376,8281246
demo,1491,67331377,8281246
demo,1492,137422177333,17177636990
demo,1493,67331512,8281263
demo,1494,67331513,8281263
demo,1495,67331648,8281280
demo,1496,67331649,8281280
demo,1497,67331784,8281297
demo,1498,67331785,8281297
demo,1499,67331920,8281314
demo,1500,67331921,8281314
demo,1501,67332056,8281331
demo,1502,67332057,8281331
demo,1503,67332192,8281348
demo,1504,67332193,8281348
demo,1505,67332328,8281365
demo,1506,67332329,8281365
demo,1507,67332464,8281382
demo,1508,67332465,8281382
demo,1509,67332600,8281399
demo,1510,67332601,8281399
demo,1511,67332736,8281416
demo,1512,67332737,8281416
demo,1513,67332872,8281433
demo,1514,67332873,8281433
demo,1515,137422177333,17177636990
demo,1516,67333008,8281450
demo,1517,67333009,8281450
demo,1518,137422177333,17177636990
demo,1519,67333144,8281467
demo,1520,67333145,8281467
demo,1521,137422177333,17177636990
demo,1522,67333280,8281484
demo,1523,67333281,8281484
demo,1524,67333416,8281501
demo,1525,67333417,8281501
demo,1526,67333552,8281518
demo,1527,67333553,8281518
demo,1528,67333688,8281535
demo,1529,67333689,8281535
demo,1530,67333824,8281552
demo,1531,67333825,8281552
demo,1532,137422177333,17177636990
demo,1533,67333960,8281569
demo,1534,67333961,8281569
demo,1535,67334096,8281586
demo,1536,67334097,8281586
demo,1537,67334232,8281603
demo,1538,67334233,8281603
demo,1539,67334368,8281620
demo,1540,67334369,8281620
demo,1541,137422177333,17177636990
demo,1542,67334504,8281637
demo,1543,67334505,8281637
demo,1544,67334640,8281654
demo,1545,67334641,8281654
demo,1546,67334776,8281671
demo,1547,67334777,8281671
demo,1548,137422177333,17177636990
demo,1549,67334912,8281688
demo,1550,67334913,8281688
demo,1551,67335048,8281705
demo,1552,67335049,8281705
demo,1553,67335184,8281722
demo,1554,67335185,8281722
demo,1555,67335320,8281739
demo,1556,67335321,8281739
demo,1557,67335456,8281756
demo,1558,67335457,8281756
demo,1559,137422177333,17177636990
demo,1560,67335592,8281773
demo,1561,67335593,8281773
demo,1562,67335728,8281790
demo,1563,67335729,8281790
demo,1564,137422177333,17177636990
demo,1565,67335864,8281807
demo,1566,67335865,8281807
demo,1567,67336000,8281824
demo,1568,67336001,8281824
demo,1569,67336136,8281841
demo,1570,67336137,8281841
demo,1571,67336272,8281858
demo,1572,67336273,8281858
demo,1573,67336408,8281875
demo,1574,67336409,8281875
demo,1575,137422177333,17177636990
demo,1576,67336544,8281892
demo,1577,67336545,8281892
demo,1578,67336680,8281909
demo,1579,67336681,8281909
demo,1580,137422175768,17177636795
demo,1581,137422177354,17177636993
demo,1582,137422177355,17177636993
demo,1583,137422177356,17177636993
demo,1584,137422177357,17177636993
demo,1585,137422177358,17177636993
demo,1586,137422177359,17177636993
demo,1587,137422177354,17177636993
demo,1588,67331240,8281229
demo,1589,67331241,8281229
demo,1590,67331376,8281246
demo,1591,67331377,8281246
demo,1592,137422177354,17177636993
demo,1593,67331512,8281263
demo,1594,67331513,8281263
demo,1595,67331648,8281280
demo,1596,67331649,8281280
demo,1597,67331784,8281297
demo,1598,67331785,8281297
demo,1599,67331920,8281314
demo,1600,67331921,8281314
demo,1601,67332056,8281331
demo,1602,67332057,8281331
demo,1603,67332192,8281348
demo,1604,67332193,8281348
demo,1605,67332328,8281365
demo,1606,67332329,8281365
demo,1607,67332464,8281382
demo,1608,67332465,8281382
demo,1609,67332600,8281399
demo,1610,67332601,8281399
demo,1611,67332736,8281416
demo,1612,67332737,8281416
demo,1613,67332872,8281433
demo,1614,67332873,8281433
demo,1615,137422177354,17177636993
demo,1616,67333008,8281450
demo,1617,67333009,8281450
demo,1618,137422177354,17177636993
demo,1619,67333144,8281467
demo,1620,67333145,8281467
demo,1621,137422177354,17177636993
demo,1622,67333280,8281484
demo,1623,67333281,8281484
demo,1624,67333416,8281501
demo,1625,67333417,8281501
demo,1626,67333552,8281518
demo,1627,67333553,8281518
demo,1628,67333688,8281535
demo,1629,67333689,8281535
demo,1630,67333824,8281552
demo,1631,67333825,8281552
demo,1632,137422177354,17177636993
demo,1633,67333960,8281569
demo,1634,67333961,8281569
demo,1635,67334096,8281586
demo,1636,67334097,8281586
demo,1637,67334232,8281603
demo,1638,67334233,8281603
demo,1639,67334368,8281620
demo,1640,67334369,8281620
demo,1641,137422177354,17177636993
demo,1642,67334504,8281637
demo,1643,67334505,8281637
demo,1644,67334640,8281654
demo,1645,67334641,8281654
demo,1646,67334776,8281671
demo,1647,67334777,8281671
demo,1648,137422177354,17177636993
demo,1649,67334912,8281688
demo,1650,67334913,8281688
demo,1651,67335048,8281705
demo,1652,67335049,8281705
demo,1653,67335184,8281722
demo,1654,67335185,8281722
demo,1655,67335320,8281739
demo,1656,67335321,8281739
demo,1657,67335456,8281756
demo,1658,67335457,8281756
demo,1659,137422177354,17177636993
demo,1660,67335592,8281773
demo,1661,67335593,8281773
demo,1662,67335728,8281790
demo,1663,67335729,8281790
demo,1664,137422177354,17177636993
demo,1665,67335864,8281807
demo,1666,67335865,8281807
demo,1667,67336000,8281824
demo,1668,67336001,8281824
demo,1669,67336136,8281841
demo,1670,67336137,8281841
demo,1671,67336272,8281858
demo,1672,67336273,8281858
demo,1673,67336408,8281875
demo,1674,67336409,8281875
demo,1675,137422177354,17177636993
demo,1676,67336544,8281892
demo,1677,67336545,8281892
demo,1678,67336680,8281909
demo,1679,67336681,8281909
demo,1680,137422175776,17177636796
demo,1681,137422177362,17177636994
demo,1682,137422177363,17177636994
demo,1683,137422177364,17177636994
demo,1684,137422177365,17177636994
demo,1685,137422177366,17177636994
demo,1686,137422177367,17177636994
demo,1687,137422177368,17177636995
demo,1688,137422177369,17177636995
demo,1689,137422177370,17177636995
demo,1690,137422177371,17177636995
demo,1691,137422177372,17177636995
demo,1692,137422177373,17177636995
demo,1693,137422177374,17177636995
demo,1694,137422177375,17177636995
demo,1695,137422177376,17177636996
demo,1696,137422177377,17177636996
demo,1697,137422177362,17177636994
demo,1698,67331240,8281229
demo,1699,67331241,8281229
demo,1700,67331376,8281246
demo,1701,67331377,8281246
demo,1702,137422177362,17177636994
demo,1703,67331512,8281263
demo,1704,67331513,8281263
demo,1705,67331648,8281280
demo,1706,67331649,8281280
demo,1707,67331784,8281297
demo,1708,67331785,8281297
demo,1709,67331920,8281314
demo,1710,67331921,8281314
demo,1711,67332056,8281331
demo,1712,67332057,8281331
demo,1713,67332192,8281348
demo,1714,67332193,8281348
demo,1715,67332328,8281365
demo,1716,67332329,8281365
demo,1717,67332464,8281382
demo,1718,67332465,8281382
demo,1719,67332600,8281399
demo,1720,67332601,8281399
demo,1721,67332736,8281416
demo,1722,67332737,8281416
demo,1723,67332872,8281433
demo,1724,67332873,8281433
demo,1725,137422177362,17177636994
demo,1726,67333008,8281450
demo,1727,67333009,8281450
demo,1728,137422177362,17177636994
demo,1729,67333010,8281450
demo,1730,137422177363,17177636994
demo,1731,67333011,8281450
demo,1732,137422177364,17177636994
demo,1733,67333012,8281450
demo,1734,137422177365,17177636994
demo,1735,67333144,8281467
demo,1736,67333145,8281467
demo,1737,137422177362,17177636994
demo,1738,67333280,8281484
demo,1739,67333281,8281484
demo,1740,67333416,8281501
demo,1741,67333417,8281501
demo,1742,67333552,8281518
demo,1743,67333553,8281518
demo,1744,67333688,8281535
demo,1745,67333689,8281535
demo,1746,67333824,8281552
demo,1747,67333825,8281552
demo,1748,137422177362,17177636994
demo,1749,67333826,8281552
demo,1750,137422177363,17177636994
demo,1751,67333827,8281552
demo,1752,137422177364,17177636994
demo,1753,67333828,8281552
demo,1754,137422177365,17177636994
demo,1755,67333960,8281569
demo,1756,67333961,8281569
demo,1757,67334096,8281586
demo,1758,67334097,8281586
demo,1759,67334232,8281603
demo,1760,67334233,8281603
demo,1761,67334368,8281620
demo,1762,67334369,8281620
demo,1763,137422177362,17177636994
demo,1764,67334504,8281637
demo,1765,67334505,8281637
demo,1766,67334640,8281654
demo,1767,67334641,8281654
demo,1768,67334776,8281671
demo,1769,67334777,8281671
demo,1770,137422177362,17177636994
demo,1771,67334912,8281688
demo,1772,67334913,8281688
demo,1773,67335048,8281705
demo,1774,67335049,8281705
demo,1775,67335184,8281722
demo,1776,67335185,8281722
demo,1777,67335320,8281739
demo,1778,67335321,8281739
demo,1779,67335456,8281756
demo,1780,67335457,8281756
demo,1781,137422177362,17177636994
demo,1782,67335592,8281773
demo,1783,67335593,8281773
demo,1784,67335728,8281790
demo,1785,67335729,8281790
demo,1786,137422177362,17177636994
demo,1787,67335864,8281807
demo,1788,67335865,8281807
demo,1789,67336000,8281824
demo,1790,67336001,8281824
demo,1791,67336136,8281841
demo,1792,67336137,8281841
demo,1793,67336272,8281858
demo,1794,67336273,8281858
demo,1795,67336408,8281875
demo,1796,67336409,8281875
demo,1797,137422177362,17177636994
demo,1798,67336544,8281892
demo,1799,67336545,8281892
demo,1800,67336680,8281909
demo,1801,67336681,8281909
demo,1802,137422175784,17177636797
demo,1803,137422177393,17177636998
demo,1804,137422177394,17177636998
demo,1805,137422177395,17177636998
demo,1806,137422177396,17177636998
demo,1807,137422177397,17177636998
demo,1808,137422177393,17177636998
demo,1809,67331240,8281229
demo,1810,67331241,8281229
demo,1811,67331376,8281246
demo,1812,67331377,8281246
demo,1813,137422177393,17177636998
demo,1814,67331512,8281263
demo,1815,67331513,8281263
demo,1816,67331648,8281280
demo,1817,67331649,8281280
demo,1818,67331784,8281297
demo,1819,67331785,8281297
demo,1820,67331920,8281314
demo,1821,67331921,8281314
demo,1822,67332056,8281331
demo,1823,67332057,8281331
demo,1824,67332192,8281348
demo,1825,67332193,8281348
demo,1826,67332328,8281365
demo,1827,67332329,8281365
demo,1828,67332464,8281382
demo,1829,67332465,8281382
demo,1830,67332600,8281399
demo,1831,67332601,8281399
demo,1832,67332736,8281416
demo,1833,67332737,8281416
demo,1834,67332872,8281433
demo,1835,67332873,8281433
demo,1836,137422177393,17177636998
demo,1837,67333008,8281450
demo,1838,67333009,8281450
demo,1839,137422177393,17177636998
demo,1840,67333144,8281467
demo,1841,67333145,8281467
demo,1842,137422177393,17177636998
demo,1843,67333280,8281484
demo,1844,67333281,8281484
demo,1845,67333416,8281501
demo,1846,67333417,8281501
demo,1847,67333552,8281518
demo,1848,67333553,8281518
demo,1849,67333688,8281535
demo,1850,67333689,8281535
demo,1851,67333824,8281552
demo,1852,67333825,8281552
demo,1853,137422177393,17177636998
demo,1854,67333960,8281569
demo,1855,67333961,8281569
demo,1856,67334096,8281586
demo,1857,67334097,8281586
demo,1858,67334232,8281603
demo,1859,67334233,8281603
demo,1860,67334368,8281620
demo,1861,67334369,8281620
demo,1862,137422177393,17177636998
demo,1863,67334504,8281637
demo,1864,67334505,8281637
demo,1865,67334640,8281654
demo,1866,67334641,8281654
demo,1867,67334776,8281671
demo,1868,67334777,8281671
demo,1869,137422177393,17177636998
demo,1870,67334912,8281688
demo,1871,67334913,8281688
demo,1872,67335048,8281705
demo,1873,67335049,8281705
demo,1874,67335184,8281722
demo,1875,67335185,8281722
demo,1876,67335320,8281739
demo,1877,67335321,8281739
demo,1878,67335456,8281756
demo,1879,67335457,8281756
demo,1880,137422177393,17177636998
demo,1881,67335592,8281773
demo,1882,67335593,8281773
demo,1883,67335728,8281790
demo,1884,67335729,8281790
demo,1885,137422177393,17177636998
demo,1886,67335864,8281807
demo,1887,67335865,8281807
demo,1888,67336000,8281824
demo,1889,67336001,8281824
demo,1890,67336136,8281841
demo,1891,67336137,8281841
demo,1892,67336272,8281858
demo,1893,67336273,8281858
demo,1894,67336408,8281875
demo,1895,67336409,8281875
demo,1896,137422177393,17177636998
demo,1897,67336544,8281892
demo,1898,67336545,8281892
demo,1899,67336680,8281909
demo,1900,67336681,8281909
demo,1901,137422175792,17177636798
demo,1902,137422177413,17177637000
demo,1903,137422177414,17177637000
demo,1904,137422177415,17177637000
demo,1905,137422177416,17177637001
demo,1906,137422177417,17177637001
demo,1907,137422177418,17177637001
demo,1908,137422177419,17177637001
demo,1909,137422177420,17177637001
demo,1910,137422177421,17177637001
demo,1911,137422177422,17177637001
demo,1912,137422177423,17177637001
demo,1913,137422177424,17177637002
demo,1914,137422177425,17177637002
demo,1915,137422177426,17177637002
demo,1916,137422177427,17177637002
demo,1917,137422177413,17177637000
demo,1918,67331240,8281229
demo,1919,67331241,8281229
demo,1920,67331376,8281246
demo,1921,67331377,8281246
demo,1922,137422177413,17177637000
demo,1923,67331512,8281263
demo,1924,67331513,8281263
demo,1925,67331648,8281280
demo,1926,67331649,8281280
demo,1927,67331784,8281297
demo,1928,67331785,8281297
demo,1929,67331920,8281314
demo,1930,67331921,8281314
demo,1931,67332056,8281331
demo,1932,67332057,8281331
demo,1933,67332192,8281348
demo,1934,67332193,8281348
demo,1935,67332328,8281365
demo,1936,67332329,8281365
demo,1937,67332464,8281382
demo,1938,67332465,8281382
demo,1939,67332600,8281399
demo,1940,67332601,8281399
demo,1941,67332736,8281416
demo,1942,67332737,8281416
demo,1943,67332872,8281433
demo,1944,67332873,8281433
demo,1945,137422177413,17177637000
demo,1946,67333008,8281450
demo,1947,67333009,8281450
demo,1948,137422177413,17177637000
demo,1949,67333144,8281467
demo,1950,67333145,8281467
demo,1951,137422177413,17177637000
demo,1952,67333280,8281484
demo,1953,67333281,8281484
demo,1954,67333416,8281501
demo,1955,67333417,8281501
demo,1956,67333552,8281518
demo,1957,67333553,8281518
demo,1958,67333688,8281535
demo,1959,67333689,8281535
demo,1960,67333824,8281552
demo,1961,67333825,8281552
demo,1962,137422177413,17177637000
demo,1963,67333960,8281569
demo,1964,67333961,8281569
demo,1965,67334096,8281586
demo,1966,67334097,8281586
demo,1967,67334232,8281603
demo,1968,67334233,8281603
demo,1969,67334368,8281620
demo,1970,67334369,8281620
demo,1971,137422177413,17177637000
demo,1972,67334504,8281637
demo,1973,67334505,8281637
demo,1974,67334640,8281654
demo,1975,67334641,8281654
demo,1976,67334776,8281671
demo,1977,67334777,8281671
demo,1978,137422177413,17177637000
demo,1979,67334912,8281688
demo,1980,67334913,8281688
demo,1981,67335048,8281705
demo,1982,67335049,8281705
demo,1983,67335184,8281722
demo,1984,67335185,8281722
demo,1985,67335320,8281739
demo,1986,67335321,8281739
demo,1987,67335456,8281756
demo,1988,67335457,8281756
demo,1989,137422177413,17177637000
demo,1990,67335592,8281773
demo,1991,67335593,8281773
demo,1992,67335728,8281790
demo,1993,67335729,8281790
demo,1994,137422177413,17177637000
demo,1995,67335864,8281807
demo,1996,67335865,8281807
demo,1997,67336000,8281824
demo,1998,67336001,8281824
demo,1999,67336136,8281841
demo,2000,67336137,8281841
demo,2001,67336272,8281858
demo,2002,67336273,8281858
demo,2003,67336408,8281875
demo,2004,67336409,8281875
demo,2005,137422177413,17177637000
demo,2006,67336544,8281892
demo,2007,67336545,8281892
demo,2008,67336680,8281909
demo,2009,67336681,8281909
demo,2010,137422175800,17177636799
demo,2011,137422177443,17177637004
demo,2012,137422177444,17177637004
demo,2013,137422177445,17177637004
demo,2014,137422177446,17177637004
demo,2015,137422177447,17177637004
demo,2016,137422177448,17177637005
demo,2017,137422177449,17177637005
demo,2018,137422177443,17177637004
demo,2019,67331240,8281229
demo,2020,67331241,8281229
demo,2021,67331376,8281246
demo,2022,67331377,8281246
demo,2023,137422177443,17177637004
demo,2024,67331512,8281263
demo,2025,67331513,8281263
demo,2026,67331648,8281280
demo,2027,67331649,8281280
demo,2028,67331784,8281297
demo,2029,67331785,8281297
demo,2030,67331920,8281314
demo,2031,67331921,8281314
demo,2032,67332056,8281331
demo,2033,67332057,8281331
demo,2034,67332192,8281348
demo,2035,67332193,8281348
demo,2036,67332328,8281365
demo,2037,67332329,8281365
demo,2038,67332464,8281382
demo,2039,67332465,8281382
demo,2040,67332600,8281399
demo,2041,67332601,8281399
demo,2042,67332736,8281416
demo,2043,67332737,8281416
demo,2044,67332872,8281433
demo,2045,67332873,8281433
demo,2046,137422177443,17177637004
demo,2047,67333008,8281450
demo,2048,67333009,8281450
demo,2049,137422177443,17177637004
demo,2050,67333144,8281467
demo,2051,67333145,8281467
demo,2052,137422177443,17177637004
demo,2053,67333280,8281484
demo,2054,67333281,8281484
demo,2055,67333416,8281501
demo,2056,67333417,8281501
demo,2057,67333552,8281518
demo,2058,67333553,8281518
demo,2059,67333688,8281535
demo,2060,67333689,8281535
demo,2061,67333824,8281552
demo,2062,67333825,8281552
demo,2063,137422177443,17177637004
demo,2064,67333960,8281569
demo,2065,67333961,8281569
demo,2066,67334096,8281586
demo,2067,67334097,8281586
demo,2068,67334232,8281603
demo,2069,67334233,8281603
demo,2070,67334368,8281620
demo,2071,67334369,8281620
demo,2072,137422177443,17177637004
demo,2073,67334504,8281637
demo,2074,67334505,8281637
demo,2075,67334640,8281654
demo,2076,67334641,8281654
demo,2077,67334776,8281671
demo,2078,67334777,8281671
demo,2079,137422177443,17177637004
demo,2080,67334912,8281688
demo,2081,67334913,8281688
demo,2082,67335048,8281705
demo,2083,67335049,8281705
demo,2084,67335184,8281722
demo,2085,67335185,8281722
demo,2086,67335320,8281739
demo,2087,67335321,8281739
demo,2088,67335456,8281756
demo,2089,67335457,8281756
demo,2090,137422177443,17177637004
demo,2091,67335592,8281773
demo,2092,67335593,8281773
demo,2093,67335728,8281790
demo,2094,67335729,8281790
demo,2095,137422177443,17177637004
demo,2096,67335864,8281807
demo,2097,67335865,8281807
demo,2098,67336000,8281824
demo,2099,67336001,8281824
demo,2100,67336136,8281841
demo,2101,67336137,8281841
demo,2102,67336272,8281858
demo,2103,67336273,8281858
demo,2104,67336408,8281875
demo,2105,67336409,8281875
demo,2106,137422177443,17177637004
demo,2107,67336544,8281892
demo,2108,67336545,8281892
demo,2109,67336680,8281909
demo,2110,67336681,8281909
demo,2111,137422175808,17177636800
demo,2112,137422177487,17177637009
demo,2113,137422177488,17177637010
demo,2114,137422177489,17177637010
demo,2115,137422177490,17177637010
demo,2116,137422177491,17177637010
demo,2117,137422177492,17177637010
demo,2118,137422177493,17177637010
demo,2119,137422177494,17177637010
demo,2120,137422177495,17177637010
demo,2121,137422177496,17177637011
demo,2122,137422177497,17177637011
demo,2123,137422177498,17177637011
demo,2124,137422177499,17177637011
demo,2125,137422177500,17177637011
demo,2126,137422177501,17177637011
demo,2127,137422177502,17177637011
demo,2128,137422177487,17177637009
demo,2129,67331240,8281229
demo,2130,67331241,8281229
demo,2131,67331376,8281246
demo,2132,67331377,8281246
demo,2133,137422177487,17177637009
demo,2134,67331512,8281263
demo,2135,67331513,8281263
demo,2136,67331648,8281280
demo,2137,67331649,8281280
demo,2138,67331784,8281297
demo,2139,67331785,8281297
demo,2140,67331920,8281314
demo,2141,67331921,8281314
demo,2142,67332056,8281331
demo,2143,67332057,8281331
demo,2144,67332192,8281348
demo,2145,67332193,8281348
demo,2146,67332328,8281365
demo,2147,67332329,8281365
demo,2148,67332464,8281382
demo,2149,67332465,8281382
demo,2150,67332600,8281399
demo,2151,67332601,8281399
demo,2152,67332736,8281416
demo,2153,67332737,8281416
demo,2154,67332872,8281433
demo,2155,67332873,8281433
demo,2156,137422177487,17177637009
demo,2157,67333008,8281450
demo,2158,67333009,8281450
demo,2159,137422177487,17177637009
demo,2160,67333144,8281467
demo,2161,67333145,8281467
demo,2162,137422177487,17177637009
demo,2163,67333280,8281484
demo,2164,67333281,8281484
demo,2165,67333416,8281501
demo,2166,67333417,8281501
demo,2167,67333552,8281518
demo,2168,67333553,8281518
demo,2169,67333688,8281535
demo,2170,67333689,8281535
demo,2171,67333824,8281552
demo,2172,67333825,8281552
demo,2173,137422177487,17177637009
demo,2174,67333960,8281569
demo,2175,67333961,8281569
demo,2176,67334096,8281586
demo,2177,67334097,8281586
demo,2178,67334232,8281603
demo,2179,67334233,8281603
demo,2180,67334368,8281620
demo,2181,67334369,8281620
demo,2182,137422177487,17177637009
demo,2183,67334504,8281637
demo,2184,67334505,8281637
demo,2185,67334640,8281654
demo,2186,67334641,8281654
demo,2187,67334776,8281671
demo,2188,67334777,8281671
demo,2189,137422177487,17177637009
demo,2190,67334912,8281688
demo,2191,67334913,8281688
demo,2192,67335048,8281705
demo,2193,67335049,8281705
demo,2194,67335184,8281722
demo,2195,67335185,8281722
demo,2196,67335320,8281739
demo,2197,67335321,8281739
demo,2198,67335456,8281756
demo,2199,67335457,8281756
demo,2200,137422177487,17177637009
demo,2201,67335592,8281773
demo,2202,67335593,8281773
demo,2203,67335728,8281790
demo,2204,67335729,8281790
demo,2205,137422177487,17177637009
demo,2206,67335864,8281807
demo,2207,67335865,8281807
demo,2208,67336000,8281824
demo,2209,67336001,8281824
demo,2210,67336136,8281841
demo,2211,67336137,8281841
demo,2212,67336272,8281858
demo,2213,67336273,8281858
demo,2214,67336408,8281875
demo,2215,67336409,8281875
demo,2216,137422177487,17177637009
demo,2217,67336544,8281892
demo,2218,67336545,8281892
demo,2219,67336680,8281909
demo,2220,67336681,8281909
demo,2221,137422175816,17177636801
demo,2222,137422177512,17177637013
demo,2223,137422177513,17177637013
demo,2224,137422177514,17177637013
demo,2225,137422177515,17177637013
demo,2226,137422177516,17177637013
demo,2227,137422177517,17177637013
demo,2228,137422177518,17177637013
demo,2229,137422177519,17177637013
demo,2230,137422177512,17177637013
demo,2231,67331240,8281229
demo,2232,67331241,8281229
demo,2233,67331376,8281246
demo,2234,67331377,8281246
demo,2235,137422177512,17177637013
demo,2236,67331512,8281263
demo,2237,67331513,8281263
demo,2238,67331648,8281280
demo,2239,67331649,8281280
demo,2240,67331784,8281297
demo,2241,67331785,8281297
demo,2242,67331920,8281314
demo,2243,67331921,8281314
demo,2244,67332056,8281331
demo,2245,67332057,8281331
demo,2246,67332192,8281348
demo,2247,67332193,8281348
demo,2248,67332328,8281365
demo,2249,67332329,8281365
demo,2250,67332464,8281382
demo,2251,67332465,8281382
demo,2252,67332600,8281399
demo,2253,67332601,8281399
demo,2254,67332736,8281416
demo,2255,67332737,8281416
demo,2256,67332872,8281433
demo,2257,67332873,8281433
demo,2258,137422177512,17177637013
demo,2259,67333008,8281450
demo,2260,67333009,8281450
demo,2261,137422177512,17177637013
demo,2262,67333144,8281467
demo,2263,67333145,8281467
demo,2264,137422177512,17177637013
demo,2265,67333280,8281484
demo,2266,67333281,8281484
demo,2267,67333416,8281501
demo,2268,67333417,8281501
demo,2269,67333552,8281518
demo,2270,67333553,8281518
demo,2271,67333688,8281535
demo,2272,67333689,8281535
demo,2273,67333824,8281552
demo,2274,67333825,8281552
demo,2275,137422177512,17177637013
demo,2276,67333960,8281569
demo,2277,67333961,8281569
demo,2278,67334096,8281586
demo,2279,67334097,8281586
demo,2280,67334232,8281603
demo,2281,67334233,8281603
demo,2282,67334368,8281620
demo,2283,67334369,8281620
demo,2284,137422177512,17177637013
demo,2285,67334504,8281637
demo,2286,67334505,8281637
demo,2287,67334640,8281654
demo,2288,67334641,8281654
demo,2289,67334776,8281671
demo,2290,67334777,8281671
demo,2291,137422177512,17177637013
demo,2292,67334912,8281688
demo,2293,67334913,8281688
demo,2294,67335048,8281705
demo,2295,67335049,8281705
demo,2296,67335184,8281722
demo,2297,67335185,8281722
demo,2298,67335320,8281739
demo,2299,67335321,8281739
demo,2300,67335456,8281756
demo,2301,67335457,8281756
demo,2302,137422177512,17177637013
demo,2303,67335592,8281773
demo,2304,67335593,8281773
demo,2305,67335728,8281790
demo,2306,67335729,8281790
demo,2307,137422177512,17177637013
demo,2308,67335864,8281807
demo,2309,67335865,8281807
demo,2310,67336000,8281824
demo,2311,67336001,8281824
demo,2312,67336136,8281841
demo,2313,67336137,8281841
demo,2314,67336272,8281858
demo,2315,67336273,8281858
demo,2316,67336408,8281875
demo,2317,67336409,8281875
demo,2318,137422177512,17177637013
demo,2319,67336544,8281892
demo,2320,67336545,8281892
demo,2321,67336680,8281909
demo,2322,67336681,8281909
demo,2323,137422175824,17177636802
demo,2324,137422177567,17177637019
demo,2325,137422177568,17177637020
demo,2326,137422177569,17177637020
demo,2327,137422177570,17177637020
demo,2328,137422177571,17177637020
demo,2329,137422177572,17177637020
demo,2330,137422177573,17177637020
demo,2331,137422177574,17177637020
demo,2332,137422177567,17177637019
demo,2333,67331240,8281229
demo,2334,67331241,8281229
demo,2335,67331376,8281246
demo,2336,67331377,8281246
demo,2337,137422177567,17177637019
demo,2338,67331512,8281263
demo,2339,67331513,8281263
demo,2340,67331648,8281280
demo,2341,67331649,8281280
demo,2342,67331784,8281297
demo,2343,67331785,8281297
demo,2344,67331920,8281314
demo,2345,67331921,8281314
demo,2346,67332056,8281331
demo,2347,67332057,8281331
demo,2348,67332192,8281348
demo,2349,67332193,8281348
demo,2350,67332328,8281365
demo,2351,67332329,8281365
demo,2352,67332464,8281382
demo,2353,67332465,8281382
demo,2354,67332600,8281399
demo,2355,67332601,8281399
demo,2356,67332736,8281416
demo,2357,67332737,8281416
demo,2358,67332872,8281433
demo,2359,67332873,8281433
demo,2360,137422177567,17177637019
demo,2361,67333008,8281450
demo,2362,67333009,8281450
demo,2363,137422177567,17177637019
demo,2364,67333144,8281467
demo,2365,67333145,8281467
demo,2366,137422177567,17177637019
demo,2367,67333280,8281484
demo,2368,67333281,8281484
demo,2369,67333416,8281501
demo,2370,67333417,8281501
demo,2371,67333552,8281518
demo,2372,67333553,8281518
demo,2373,67333688,8281535
demo,2374,67333689,8281535
demo,2375,67333824,8281552
demo,2376,67333825,8281552
demo,2377,137422177567,17177637019
demo,2378,67333960,8281569
demo,2379,67333961,8281569
demo,2380,67334096,8281586
demo,2381,67334097,8281586
demo,2382,67334232,8281603
demo,2383,67334233,8281603
demo,2384,67334368,8281620
demo,2385,67334369,8281620
demo,2386,137422177567,17177637019
demo,2387,67334504,8281637
demo,2388,67334505,8281637
demo,2389,67334640,8281654
demo,2390,67334641,8281654
demo,2391,67334776,8281671
demo,2392,67334777,8281671
demo,2393,137422177567,17177637019
demo,2394,67334912,8281688
demo,2395,67334913,8281688
demo,2396,67335048,8281705
demo,2397,67335049,8281705
demo,2398,67335184,8281722
demo,2399,67335185,8281722
demo,2400,67335320,8281739
demo,2401,67335321,8281739
demo,2402,67335456,8281756
demo,2403,67335457,8281756
demo,2404,137422177567,17177637019
demo,2405,67335592,8281773
demo,2406,67335593,8281773
demo,2407,67335728,8281790
demo,2408,67335729,8281790
demo,2409,137422177567,17177637019
demo,2410,67335864,8281807
demo,2411,67335865,8281807
demo,2412,67336000,8281824
demo,2413,67336001,8281824
demo,2414,67336136,8281841
demo,2415,67336137,8281841
demo,2416,67336272,8281858
demo,2417,67336273,8281858
demo,2418,67336408,8281875
demo,2419,67336409,8281875
demo,2420,137422177567,17177637019
demo,2421,67336544,8281892
demo,2422,67336545,8281892
demo,2423,67336680,8281909
demo,2424,67336681,8281909
demo,2425,137422175832,17177636803
demo,2426,137422177631,17177637027
demo,2427,137422177632,17177637028
demo,2428,137422177633,17177637028
demo,2429,137422177634,17177637028
demo,2430,137422177635,17177637028
demo,2431,137422177636,17177637028
demo,2432,137422177637,17177637028
demo,2433,137422177638,17177637028
demo,2434,137422177639,17177637028
demo,2435,137422177640,17177637029
demo,2436,137422177641,17177637029
demo,2437,137422177642,17177637029
demo,2438,137422177643,17177637029
demo,2439,137422177644,17177637029
demo,2440,137422177645,17177637029
demo,2441,137422177646,17177637029
demo,2442,137422177631,17177637027
demo,2443,67331240,8281229
demo,2444,67331241,8281229
demo,2445,67331376,8281246
demo,2446,67331377,8281246
demo,2447,137422177631,17177637027
demo,2448,67331512,8281263
demo,2449,67331513,8281263
demo,2450,67331648,8281280
demo,2451,67331649,8281280
demo,2452,67331784,8281297
demo,2453,67331785,8281297
demo,2454,67331920,8281314
demo,2455,67331921,8281314
demo,2456,67332056,8281331
demo,2457,67332057,8281331
demo,2458,67332192,8281348
demo,2459,67332193,8281348
demo,2460,67332328,8281365
demo,2461,67332329,8281365
demo,2462,67332464,8281382
demo,2463,67332465,8281382
demo,2464,67332600,8281399
demo,2465,67332601,8281399
demo,2466,67332736,8281416
demo,2467,67332737,8281416
demo,2468,67332872,8281433
demo,2469,67332873,8281433
demo,2470,137422177631,17177637027
demo,2471,67333008,8281450
demo,2472,67333009,8281450
demo,2473,137422177631,17177637027
demo,2474,67333144,8281467
demo,2475,67333145,8281467
demo,2476,137422177631,17177637027
demo,2477,67333280,8281484
demo,2478,67333281,8281484
demo,2479,67333416,8281501
demo,2480,67333417,8281501
demo,2481,67333552,8281518
demo,2482,67333553,8281518
demo,2483,67333688,8281535
demo,2484,67333689,8281535
demo,2485,67333824,8281552
demo,2486,67333825,8281552
demo,2487,137422177631,17177637027
demo,2488,67333960,8281569
demo,2489,67333961,8281569
demo,2490,67334096,8281586
demo,2491,67334097,8281586
demo,2492,67334232,8281603
demo,2493,67334233,8281603
demo,2494,67334368,8281620
demo,2495,67334369,8281620
demo,2496,137422177631,17177637027
demo,2497,67334504,8281637
demo,2498,67334505,8281637
demo,2499,67334640,8281654
demo,2500,67334641,8281654
demo,2501,67334776,8281671
demo,2502,67334777,8281671
demo,2503,137422177631,17177637027
demo,2504,67334912,8281688
demo,2505,67334913,8281688
demo,2506,67335048,8281705
demo,2507,67335049,8281705
demo,2508,67335184,8281722
demo,2509,67335185,8281722
demo,2510,67335320,8281739
demo,2511,67335321,8281739
demo,2512,67335456,8281756
demo,2513,67335457,8281756
demo,2514,137422177631,17177637027
demo,2515,67335592,8281773
demo,2516,67335593,8281773
demo,2517,67335728,8281790
demo,2518,67335729,8281790
demo,2519,137422177631,17177637027
demo,2520,67335864,8281807
demo,2521,67335865,8281807
demo,2522,67336000,8281824
demo,2523,67336001,8281824
demo,2524,67336136,8281841
demo,2525,67336137,8281841
demo,2526,67336272,8281858
demo,2527,67336273,8281858
demo,2528,67336408,8281875
demo,2529,67336409,8281875
demo,2530,137422177631,17177637027
demo,2531,67336544,8281892
demo,2532,67336545,8281892
demo,2533,67336680,8281909
demo,2534,67336681,8281909
demo,2535,137422175840,17177636804
demo,2536,137422177693,17177637035
demo,2537,137422177694,17177637035
demo,2538,137422177695,17177637035
demo,2539,137422177696,17177637036
demo,2540,137422177697,17177637036
demo,2541,137422177698,17177637036
demo,2542,137422177699,17177637036
demo,2543,137422177700,17177637036
demo,2544,137422177701,17177637036
demo,2545,137422177702,17177637036
demo,2546,137422177703,17177637036
demo,2547,137422177704,17177637037
demo,2548,137422177705,17177637037
demo,2549,137422177706,17177637037
demo,2550,137422177707,17177637037
demo,2551,137422177708,17177637037
demo,2552,137422177709,17177637037
demo,2553,137422177710,17177637037
demo,2554,137422177711,17177637037
demo,2555,137422177712,17177637038
demo,2556,137422177713,17177637038
demo,2557,137422177714,17177637038
demo,2558,137422177715,17177637038
demo,2559,137422177716,17177637038
demo,2560,137422177717,17177637038
demo,2561,137422177718,17177637038
demo,2562,137422177693,17177637035
demo,2563,67298051,8277080
demo,2564,137422177694,17177637035
demo,2565,67331240,8281229
demo,2566,67331241,8281229
demo,2567,67331376,8281246
demo,2568,67331377,8281246
demo,2569,137422177693,17177637035
demo,2570,67331512,8281263
demo,2571,67331513,8281263
demo,2572,67331648,8281280
demo,2573,67331649,8281280
demo,2574,67331784,8281297
demo,2575,67331785,8281297
demo,2576,67331920,8281314
demo,2577,67331921,8281314
demo,2578,67332056,8281331
demo,2579,67332057,8281331
demo,2580,67332192,8281348
demo,2581,67332193,8281348
demo,2582,67332328,8281365
demo,2583,67332329,8281365
demo,2584,67332464,8281382
demo,2585,67332465,8281382
demo,2586,67332600,8281399
demo,2587,67332601,8281399
demo,2588,67332736,8281416
demo,2589,67332737,8281416
demo,2590,67332872,8281433
demo,2591,67332873,8281433
demo,2592,137422177693,17177637035
demo,2593,67333008,8281450
demo,2594,67333009,8281450
demo,2595,137422177693,17177637035
demo,2596,67333144,8281467
demo,2597,67333145,8281467
demo,2598,137422177693,17177637035
demo,2599,67333280,8281484
demo,2600,67333281,8281484
demo,2601,67333416,8281501
demo,2602,67333417,8281501
demo,2603,67333552,8281518
demo,2604,67333553,8281518
demo,2605,67333688,8281535
demo,2606,67333689,8281535
demo,2607,67333824,8281552
demo,2608,67333825,8281552
demo,2609,137422177693,17177637035
demo,2610,67333960,8281569
demo,2611,67333961,8281569
demo,2612,67334096,8281586
demo,2613,67334097,8281586
demo,2614,67334232,8281603
demo,2615,67334233,8281603
demo,2616,67334368,8281620
demo,2617,67334369,8281620
demo,2618,137422177693,17177637035
demo,2619,67334504,8281637
demo,2620,67334505,8281637
demo,2621,67334640,8281654
demo,2622,67334641,8281654
demo,2623,67334776,8281671
demo,2624,67334777,8281671
demo,2625,137422177693,17177637035
demo,2626,67334912,8281688
demo,2627,67334913,8281688
demo,2628,67335048,8281705
demo,2629,67335049,8281705
demo,2630,67335184,8281722
demo,2631,67335185,8281722
demo,2632,67335320,8281739
demo,2633,67335321,8281739
demo,2634,67335456,8281756
demo,2635,67335457,8281756
demo,2636,137422177693,17177637035
demo,2637,67335592,8281773
demo,2638,67335593,8281773
demo,2639,67335728,8281790
demo,2640,67335729,8281790
demo,2641,137422177693,17177637035
demo,2642,67335864,8281807
demo,2643,67335865,8281807
demo,2644,67336000,8281824
demo,2645,67336001,8281824
demo,2646,67336136,8281841
demo,2647,67336137,8281841
demo,2648,67336272,8281858
demo,2649,67336273,8281858
demo,2650,67336408,8281875
demo,2651,67336409,8281875
demo,2652,137422177693,17177637035
demo,2653,67336544,8281892
demo,2654,67336545,8281892
demo,2655,67336680,8281909
demo,2656,67336681,8281909
demo,2657,137422175848,17177636805
demo,2658,137422177758,17177637043
demo,2659,137422177759,17177637043
demo,2660,137422177760,17177637044
demo,2661,137422177761,17177637044
demo,2662,137422177762,17177637044
demo,2663,137422177763,17177637044
demo,2664,137422177764,17177637044
demo,2665,137422177765,17177637044
demo,2666,137422177766,17177637044
demo,2667,137422177767,17177637044
demo,2668,137422177768,17177637045
demo,2669,137422177769,17177637045
demo,2670,137422177758,17177637043
demo,2671,67298051,8277080
demo,2672,137422177759,17177637043
demo,2673,67331240,8281229
demo,2674,67331241,8281229
demo,2675,67331376,8281246
demo,2676,67331377,8281246
demo,2677,137422177758,17177637043
demo,2678,67331512,8281263
demo,2679,67331513,8281263
demo,2680,67331648,8281280
demo,2681,67331649,8281280
demo,2682,67331784,8281297
demo,2683,67331785,8281297
demo,2684,67331920,8281314
demo,2685,67331921,8281314
demo,2686,67332056,8281331
demo,2687,67332057,8281331
demo,2688,67332192,8281348
demo,2689,67332193,8281348
demo,2690,67332328,8281365
demo,2691,67332329,8281365
demo,2692,67332464,8281382
demo,2693,67332465,8281382
demo,2694,67332600,8281399
demo,2695,67332601,8281399
demo,2696,67332736,8281416
demo,2697,67332737,8281416
demo,2698,67332872,8281433
demo,2699,67332873,8281433
demo,2700,137422177758,17177637043
demo,2701,67333008,8281450
demo,2702,67333009,8281450
demo,2703,137422177758,17177637043
demo,2704,67333144,8281467
demo,2705,67333145,8281467
demo,2706,137422177758,17177637043
demo,2707,67333280,8281484
demo,2708,67333281,8281484
demo,2709,67333416,8281501
demo,2710,67333417,8281501
demo,2711,67333552,8281518
demo,2712,67333553,8281518
demo,2713,67333688,8281535
demo,2714,67333689,8281535
demo,2715,67333824,8281552
demo,2716,67333825,8281552
demo,2717,137422177758,17177637043
demo,2718,67333960,8281569
demo,2719,67333961,8281569
demo,2720,67334096,8281586
demo,2721,67334097,8281586
demo,2722,67334232,8281603
demo,2723,67334233,8281603
demo,2724,67334368,8281620
demo,2725,67334369,8281620
demo,2726,137422177758,17177637043
demo,2727,67334504,8281637
demo,2728,67334505,8281637
demo,2729,67334640,8281654
demo,2730,67334641,8281654
demo,2731,67334776,8281671
demo,2732,67334777,8281671
demo,2733,137422177758,17177637043
demo,2734,67334912,8281688
demo,2735,67334913,8281688
demo,2736,67335048,8281705
demo,2737,67335049,8281705
demo,2738,67335184,8281722
demo,2739,67335185,8281722
demo,2740,67335320,8281739
demo,2741,67335321,8281739
demo,2742,67335456,8281756
demo,2743,67335457,8281756
demo,2744,137422177758,17177637043
demo,2745,67335592,8281773
demo,2746,67335593,8281773
demo,2747,67335728,8281790
demo,2748,67335729,8281790
demo,2749,137422177758,17177637043
demo,2750,67335864,8281807
demo,2751,67335865,8281807
demo,2752,67336000,8281824
demo,2753,67336001,8281824
demo,2754,67336136,8281841
demo,2755,67336137,8281841
demo,2756,67336272,8281858
demo,2757,67336273,8281858
demo,2758,67336408,8281875
demo,2759,67336409,8281875
demo,2760,137422177758,17177637043
demo,2761,67336544,8281892
demo,2762,67336545,8281892
demo,2763,67336680,8281909
demo,2764,67336681,8281909
demo,2765,137422175856,17177636806
demo,2766,137422177786,17177637047
demo,2767,137422177787,17177637047
demo,2768,137422177788,17177637047
demo,2769,137422177789,17177637047
demo,2770,137422177790,17177637047
demo,2771,137422177791,17177637047
demo,2772,137422177792,17177637048
demo,2773,137422177793,17177637048
demo,2774,137422177794,17177637048
demo,2775,137422177795,17177637048
demo,2776,137422177796,17177637048
demo,2777,137422177797,17177637048
demo,2778,137422177798,17177637048
demo,2779,137422177799,17177637048
demo,2780,137422177786,17177637047
demo,2781,67331240,8281229
demo,2782,67331241,8281229
demo,2783,67331376,8281246
demo,2784,67331377,8281246
demo,2785,137422177786,17177637047
demo,2786,67331512,8281263
demo,2787,67331513,8281263
demo,2788,67331648,8281280
demo,2789,67331649,8281280
demo,2790,67331784,8281297
demo,2791,67331785,8281297
demo,2792,67331920,8281314
demo,2793,67331921,8281314
demo,2794,67332056,8281331
demo,2795,67332057,8281331
demo,2796,67332192,8281348
demo,2797,67332193,8281348
demo,2798,67332328,8281365
demo,2799,67332329,8281365
demo,2800,67332464,8281382
demo,2801,67332465,8281382
demo,2802,67332600,8281399
demo,2803,67332601,8281399
demo,2804,67332736,8281416
demo,2805,67332737,8281416
demo,2806,67332872,8281433
demo,2807,67332873,8281433
demo,2808,137422177786,17177637047
demo,2809,67333008,8281450
demo,2810,67333009,8281450
demo,2811,137422177786,17177637047
demo,2812,67333144,8281467
demo,2813,67333145,8281467
demo,2814,137422177786,17177637047
demo,2815,67333280,8281484
demo,2816,67333281,8281484
demo,2817,67333416,8281501
demo,2818,67333417,8281501
demo,2819,67333552,8281518
demo,2820,67333553,8281518
demo,2821,67333688,8281535
demo,2822,67333689,8281535
demo,2823,67333824,8281552
demo,2824,67333825,8281552
demo,2825,137422177786,17177637047
demo,2826,67333960,8281569
demo,2827,67333961,8281569
demo,2828,67334096,8281586
demo,2829,67334097,8281586
demo,2830,67334232,8281603
demo,2831,67334233,8281603
demo,2832,67334368,8281620
demo,2833,67334369,8281620
demo,2834,137422177786,17177637047
demo,2835,67334504,8281637
demo,2836,67334505,8281637
demo,2837,67334640,8281654
demo,2838,67334641,8281654
demo,2839,67334776,8281671
demo,2840,67334777,8281671
demo,2841,137422177786,17177637047
demo,2842,67334912,8281688
demo,2843,67334913,8281688
demo,2844,67335048,8281705
demo,2845,67335049,8281705
demo,2846,67335184,8281722
demo,2847,67335185,8281722
demo,2848,67335320,8281739
demo,2849,67335321,8281739
demo,2850,67335456,8281756
demo,2851,67335457,8281756
demo,2852,137422177786,17177637047
demo,2853,67335592,8281773
demo,2854,67335593,8281773
demo,2855,67335728,8281790
demo,2856,67335729,8281790
demo,2857,137422177786,17177637047
demo,2858,67335864,8281807
demo,2859,67335865,8281807
demo,2860,67336000,8281824
demo,2861,67336001,8281824
demo,2862,67336136,8281841
demo,2863,67336137,8281841
demo,2864,67336272,8281858
demo,2865,67336273,8281858
demo,2866,67336408,8281875
demo,2867,67336409,8281875
demo,2868,137422177786,17177637047
demo,2869,67336544,8281892
demo,2870,67336545,8281892
demo,2871,67336680,8281909
demo,2872,67336681,8281909
demo,2873,137422175864,17177636807
demo,2874,137422177838,17177637053
demo,2875,137422177839,17177637053
demo,2876,137422177840,17177637054
demo,2877,137422177841,17177637054
demo,2878,137422177838,17177637053
demo,2879,67331240,8281229
demo,2880,67331241,8281229
demo,2881,67331376,8281246
demo,2882,67331377,8281246
demo,2883,137422177838,17177637053
demo,2884,67331512,8281263
demo,2885,67331513,8281263
demo,2886,67331648,8281280
demo,2887,67331649,8281280
demo,2888,67331784,8281297
demo,2889,67331785,8281297
demo,2890,67331920,8281314
demo,2891,67331921,8281314
demo,2892,67332056,8281331
demo,2893,67332057,8281331
demo,2894,67332192,8281348
demo,2895,67332193,8281348
demo,2896,67332328,8281365
demo,2897,67332329,8281365
demo,2898,67332464,8281382
demo,2899,67332465,8281382
demo,2900,67332600,8281399
demo,2901,67332601,8281399
demo,2902,67332736,8281416
demo,2903,67332737,8281416
demo,2904,67332872,8281433
demo,2905,67332873,8281433
demo,2906,137422177838,17177637053
demo,2907,67333008,8281450
demo,2908,67333009,8281450
demo,2909,137422177838,17177637053
demo,2910,67333144,8281467
demo,2911,67333145,8281467
demo,2912,137422177838,17177637053
demo,2913,67333280,8281484
demo,2914,67333281,8281484
demo,2915,67333416,8281501
demo,2916,67333417,8281501
demo,2917,67333552,8281518
demo,2918,67333553,8281518
demo,2919,67333688,8281535
demo,2920,67333689,8281535
demo,2921,67333824,8281552
demo,2922,67333825,8281552
demo,2923,137422177838,17177637053
demo,2924,67333960,8281569
demo,2925,67333961,8281569
demo,2926,67334096,8281586
demo,2927,67334097,8281586
demo,2928,67334232,8281603
demo,2929,67334233,8281603
demo,2930,67334368,8281620
demo,2931,67334369,8281620
demo,2932,137422177838,17177637053
demo,2933,67334504,8281637
demo,2934,67334505,8281637
demo,2935,67334640,8281654
demo,2936,67334641,8281654
demo,2937,67334776,8281671
demo,2938,67334777,8281671
demo,2939,137422177838,17177637053
demo,2940,67334912,8281688
demo,2941,67334913,8281688
demo,2942,67335048,8281705
demo,2943,67335049,8281705
demo,2944,67335184,8281722
demo,2945,67335185,8281722
demo,2946,67335320,8281739
demo,2947,67335321,8281739
demo,2948,67335456,8281756
demo,2949,67335457,8281756
demo,2950,137422177838,17177637053
demo,2951,67335592,8281773
demo,2952,67335593,8281773
demo,2953,67335728,8281790
demo,2954,67335729,8281790
demo,2955,137422177838,17177637053
demo,2956,67335864,8281807
demo,2957,67335865,8281807
demo,2958,67336000,8281824
demo,2959,67336001,8281824
demo,2960,67336136,8281841
demo,2961,67336137,8281841
demo,2962,67336272,8281858
demo,2963,67336273,8281858
demo,2964,67336408,8281875
demo,2965,67336409,8281875
demo,2966,137422177838,17177637053
demo,2967,67336544,8281892
demo,2968,67336545,8281892
demo,2969,67336680,8281909
demo,2970,67336681,8281909
demo,2971,137422175872,17177636808
demo,2972,137422177850,17177637055
demo,2973,137422177851,17177637055
demo,2974,137422177852,17177637055
demo,2975,137422177853,17177637055
demo,2976,137422177854,17177637055
demo,2977,137422177855,17177637055
demo,2978,137422177856,17177637056
demo,2979,137422177857,17177637056
demo,2980,137422177858,17177637056
demo,2981,137422177859,17177637056
demo,2982,137422177860,17177637056
demo,2983,137422177861,17177637056
demo,2984,137422177850,17177637055
demo,2985,67331240,8281229
demo,2986,67331241,8281229
demo,2987,67331376,8281246
demo,2988,67331377,8281246
demo,2989,137422177850,17177637055
demo,2990,67331512,8281263
demo,2991,67331513,8281263
demo,2992,67331648,8281280
demo,2993,67331649,8281280
demo,2994,67331784,8281297
demo,2995,67331785,8281297
demo,2996,67331920,8281314
demo,2997,67331921,8281314
demo,2998,67332056,8281331
demo,2999,67332057,8281331
demo,3000,67332192,8281348
demo,3001,67332193,8281348
demo,3002,67332328,8281365
demo,3003,67332329,8281365
demo,3004,67332464,8281382
demo,3005,67332465,8281382
demo,3006,67332600,8281399
demo,3007,67332601,8281399
demo,3008,67332736,8281416
demo,3009,67332737,8281416
demo,3010,67332872,8281433
demo,3011,67332873,8281433
demo,3012,137422177850,17177637055
demo,3013,67333008,8281450
demo,3014,67333009,8281450
demo,3015,137422177850,17177637055
demo,3016,67333010,8281450
demo,3017,137422177851,17177637055
demo,3018,67333144,8281467
demo,3019,67333145,8281467
demo,3020,137422177850,17177637055
demo,3021,67333280,8281484
demo,3022,67333281,8281484
demo,3023,67333416,8281501
demo,3024,67333417,8281501
demo,3025,67333552,8281518
demo,3026,67333553,8281518
demo,3027,67333688,8281535
demo,3028,67333689,8281535
demo,3029,67333824,8281552
demo,3030,67333825,8281552
demo,3031,137422177850,17177637055
demo,3032,67333826,8281552
demo,3033,137422177851,17177637055
demo,3034,67333960,8281569
demo,3035,67333961,8281569
demo,3036,67334096,8281586
demo,3037,67334097,8281586
demo,3038,67334232,8281603
demo,3039,67334233,8281603
demo,3040,67334368,8281620
demo,3041,67334369,8281620
demo,3042,137422177850,17177637055
demo,3043,67334504,8281637
demo,3044,67334505,8281637
demo,3045,67334640,8281654
demo,3046,67334641,8281654
demo,3047,67334776,8281671
demo,3048,67334777,8281671
demo,3049,137422177850,17177637055
demo,3050,67334912,8281688
demo,3051,67334913,8281688
demo,3052,67335048,8281705
demo,3053,67335049,8281705
demo,3054,67335184,8281722
demo,3055,67335185,8281722
demo,3056,67335320,8281739
demo,3057,67335321,8281739
demo,3058,67335456,8281756
demo,3059,67335457,8281756
demo,3060,137422177850,17177637055
demo,3061,67335592,8281773
demo,3062,67335593,8281773
demo,3063,67335728,8281790
demo,3064,67335729,8281790
demo,3065,137422177850,17177637055
demo,3066,67335864,8281807
demo,3067,67335865,8281807
demo,3068,67336000,8281824
demo,3069,67336001,8281824
demo,3070,67336136,8281841
demo,3071,67336137,8281841
demo,3072,67336272,8281858
demo,3073,67336273,8281858
demo,3074,67336408,8281875
demo,3075,67336409,8281875
demo,3076,137422177850,17177637055
demo,3077,67336544,8281892
demo,3078,67336545,8281892
demo,3079,67336680,8281909
demo,3080,67336681,8281909
demo,3081,137422175880,17177636809
demo,3082,137422177874,17177637058
demo,3083,137422177875,17177637058
demo,3084,137422177876,17177637058
demo,3085,137422177877,17177637058
demo,3086,137422177878,17177637058
demo,3087,137422177879,17177637058
demo,3088,137422177880,17177637059
demo,3089,137422177881,17177637059
demo,3090,137422177882,17177637059
demo,3091,137422177883,17177637059
demo,3092,137422177884,17177637059
demo,3093,137422177885,17177637059
demo,3094,137422177886,17177637059
demo,3095,137422177887,17177637059
demo,3096,137422177888,17177637060
demo,3097,137422177889,17177637060
demo,3098,137422177890,17177637060
demo,3099,137422177891,17177637060
demo,3100,137422177892,17177637060
demo,3101,137422177893,17177637060
demo,3102,137422177894,17177637060
demo,3103,137422177895,17177637060
demo,3104,137422177896,17177637061
demo,3105,137422177874,17177637058
demo,3106,67331240,8281229
demo,3107,67331241,8281229
demo,3108,67331376,8281246
demo,3109,67331377,8281246
demo,3110,137422177874,17177637058
demo,3111,67331512,8281263
demo,3112,67331513,8281263
demo,3113,67331648,8281280
demo,3114,67331649,8281280
demo,3115,67331784,8281297
demo,3116,67331785,8281297
demo,3117,67331920,8281314
demo,3118,67331921,8281314
demo,3119,67332056,8281331
demo,3120,67332057,8281331
demo,3121,67332192,8281348
demo,3122,67332193,8281348
demo,3123,67332328,8281365
demo,3124,67332329,8281365
demo,3125,67332464,8281382
demo,3126,67332465,8281382
demo,3127,67332600,8281399
demo,3128,67332601,8281399
demo,3129,67332736,8281416
demo,3130,67332737,8281416
demo,3131,67332872,8281433
demo,3132,67332873,8281433
demo,3133,137422177874,17177637058
demo,3134,67333008,8281450
demo,3135,67333009,8281450
demo,3136,137422177874,17177637058
demo,3137,67333144,8281467
demo,3138,67333145,8281467
demo,3139,137422177874,17177637058
demo,3140,67333280,8281484
demo,3141,67333281,8281484
demo,3142,67333416,8281501
demo,3143,67333417,8281501
demo,3144,67333552,8281518
demo,3145,67333553,8281518
demo,3146,67333688,8281535
demo,3147,67333689,8281535
demo,3148,67333824,8281552
demo,3149,67333825,8281552
demo,3150,137422177874,17177637058
demo,3151,67333960,8281569
demo,3152,67333961,8281569
demo,3153,67334096,8281586
demo,3154,67334097,8281586
demo,3155,67334232,8281603
demo,3156,67334233,8281603
demo,3157,67334368,8281620
demo,3158,67334369,8281620
demo,3159,137422177874,17177637058
demo,3160,67334504,8281637
demo,3161,67334505,8281637
demo,3162,67334640,8281654
demo,3163,67334641,8281654
demo,3164,67334776,8281671
demo,3165,67334777,8281671
demo,3166,137422177874,17177637058
demo,3167,67334912,8281688
demo,3168,67334913,8281688
demo,3169,67335048,8281705
demo,3170,67335049,8281705
demo,3171,67335184,8281722
demo,3172,67335185,8281722
demo,3173,67335320,8281739
demo,3174,67335321,8281739
demo,3175,67335456,8281756
demo,3176,67335457,8281756
demo,3177,137422177874,17177637058
demo,3178,67335592,8281773
demo,3179,67335593,8281773
demo,3180,67335728,8281790
demo,3181,67335729,8281790
demo,3182,137422177874,17177637058
demo,3183,67335864,8281807
demo,3184,67335865,8281807
demo,3185,67336000,8281824
demo,3186,67336001,8281824
demo,3187,67336136,8281841
demo,3188,67336137,8281841
demo,3189,67336272,8281858
demo,3190,67336273,8281858
demo,3191,67336408,8281875
demo,3192,67336409,8281875
demo,3193,137422177874,17177637058
demo,3194,67336544,8281892
demo,3195,67336545,8281892
demo,3196,67336680,8281909
demo,3197,67336681,8281909
demo,3198,137422175888,17177636810
demo,3199,137422177901,17177637061
demo,3200,137422177902,17177637061
demo,3201,137422177903,17177637061
demo,3202,137422177904,17177637062
demo,3203,137422177905,17177637062
demo,3204,137422177906,17177637062
demo,3205,137422177907,17177637062
demo,3206,137422177908,17177637062
demo,3207,137422177909,17177637062
demo,3208,137422177910,17177637062
demo,3209,137422177911,17177637062
demo,3210,137422177912,17177637063
demo,3211,137422177913,17177637063
demo,3212,137422177914,17177637063
demo,3213,137422177915,17177637063
demo,3214,137422177916,17177637063
demo,3215,137422177917,17177637063
demo,3216,137422177901,17177637061
demo,3217,67331240,8281229
demo,3218,67331241,8281229
demo,3219,67331376,8281246
demo,3220,67331377,8281246
demo,3221,137422177901,17177637061
demo,3222,67331512,8281263
demo,3223,67331513,8281263
demo,3224,67331648,8281280
demo,3225,67331649,8281280
demo,3226,67331784,8281297
demo,3227,67331785,8281297
demo,3228,67331920,8281314
demo,3229,67331921,8281314
demo,3230,67332056,8281331
demo,3231,67332057,8281331
demo,3232,67332192,8281348
demo,3233,67332193,8281348
demo,3234,67332328,8281365
demo,3235,67332329,8281365
demo,3236,67332464,8281382
demo,3237,67332465,8281382
demo,3238,67332600,8281399
demo,3239,67332601,8281399
demo,3240,67332736,8281416
demo,3241,67332737,8281416
demo,3242,67332872,8281433
demo,3243,67332873,8281433
demo,3244,137422177901,17177637061
demo,3245,67333008,8281450
demo,3246,67333009,8281450
demo,3247,137422177901,17177637061
demo,3248,67333144,8281467
demo,3249,67333145,8281467
demo,3250,137422177901,17177637061
demo,3251,67333280,8281484
demo,3252,67333281,8281484
demo,3253,67333416,8281501
demo,3254,67333417,8281501
demo,3255,67333552,8281518
demo,3256,67333553,8281518
demo,3257,67333688,8281535
demo,3258,67333689,8281535
demo,3259,67333824,8281552
demo,3260,67333825,8281552
demo,3261,137422177901,17177637061
demo,3262,67333960,8281569
demo,3263,67333961,8281569
demo,3264,67334096,8281586
demo,3265,67334097,8281586
demo,3266,67334232,8281603
demo,3267,67334233,8281603
demo,3268,67334368,8281620
demo,3269,67334369,8281620
demo,3270,137422177901,17177637061
demo,3271,67334504,8281637
demo,3272,67334505,8281637
demo,3273,67334640,8281654
demo,3274,67334641,8281654
demo,3275,67334776,8281671
demo,3276,67334777,8281671
demo,3277,137422177901,17177637061
demo,3278,67334912,8281688
demo,3279,67334913,8281688
demo,3280,67335048,8281705
demo,3281,67335049,8281705
demo,3282,67335184,8281722
demo,3283,67335185,8281722
demo,3284,67335320,8281739
demo,3285,67335321,8281739
demo,3286,67335456,8281756
demo,3287,67335457,8281756
demo,3288,137422177901,17177637061
demo,3289,67335592,8281773
demo,3290,67335593,8281773
demo,3291,67335728,8281790
demo,3292,67335729,8281790
demo,3293,137422177901,17177637061
demo,3294,67335864,8281807
demo,3295,67335865,8281807
demo,3296,67336000,8281824
demo,3297,67336001,8281824
demo,3298,67336136,8281841
demo,3299,67336137,8281841
demo,3300,67336272,8281858
demo,3301,67336273,8281858
demo,3302,67336408,8281875
demo,3303,67336409,8281875
demo,3304,137422177901,17177637061
demo,3305,67336544,8281892
demo,3306,67336545,8281892
demo,3307,67336680,8281909
demo,3308,67336681,8281909
demo,3309,137422175896,17177636811
demo,3310,137422177924,17177637064
demo,3311,137422177925,17177637064
demo,3312,137422177926,17177637064
demo,3313,137422177927,17177637064
demo,3314,137422177928,17177637065
demo,3315,137422177929,17177637065
demo,3316,137422177930,17177637065
demo,3317,137422177931,17177637065
demo,3318,137422177932,17177637065
demo,3319,137422177933,17177637065
demo,3320,137422177934,17177637065
demo,3321,137422177935,17177637065
demo,3322,137422177936,17177637066
demo,3323,137422177937,17177637066
demo,3324,137422177938,17177637066
demo,3325,137422177939,17177637066
demo,3326,137422177924,17177637064
demo,3327,67331240,8281229
demo,3328,67331241,8281229
demo,3329,67331376,8281246
demo,3330,67331377,8281246
demo,3331,137422177924,17177637064
demo,3332,67331512,8281263
demo,3333,67331513,8281263
demo,3334,67331648,8281280
demo,3335,67331649,8281280
demo,3336,67331784,8281297
demo,3337,67331785,8281297
demo,3338,67331920,8281314
demo,3339,67331921,8281314
demo,3340,67332056,8281331
demo,3341,67332057,8281331
demo,3342,67332192,8281348
demo,3343,67332193,8281348
demo,3344,67332328,8281365
demo,3345,67332329,8281365
demo,3346,67332464,8281382
demo,3347,67332465,8281382
demo,3348,67332600,8281399
demo,3349,67332601,8281399
demo,3350,67332736,8281416
demo,3351,67332737,8281416
demo,3352,67332872,8281433
demo,3353,67332873,8281433
demo,3354,137422177924,17177637064
demo,3355,67333008,8281450
demo,3356,67333009,8281450
demo,3357,137422177924,17177637064
demo,3358,67333144,8281467
demo,3359,67333145,8281467
demo,3360,137422177924,17177637064
demo,3361,67333280,8281484
demo,3362,67333281,8281484
demo,3363,67333416,8281501
demo,3364,67333417,8281501
demo,3365,67333552,8281518
demo,3366,67333553,8281518
demo,3367,67333688,8281535
demo,3368,67333689,8281535
demo,3369,67333824,8281552
demo,3370,67333825,8281552
demo,3371,137422177924,17177637064
demo,3372,67333960,8281569
demo,3373,67333961,8281569
demo,3374,67334096,8281586
demo,3375,67334097,8281586
demo,3376,67334232,8281603
demo,3377,67334233,8281603
demo,3378,67334368,8281620
demo,3379,67334369,8281620
demo,3380,137422177924,17177637064
demo,3381,67334504,8281637
demo,3382,67334505,8281637
demo,3383,67334640,8281654
demo,3384,67334641,8281654
demo,3385,67334776,8281671
demo,3386,67334777,8281671
demo,3387,137422177924,17177637064
demo,3388,67334912,8281688
demo,3389,67334913,8281688
demo,3390,67335048,8281705
demo,3391,67335049,8281705
demo,3392,67335184,8281722
demo,3393,67335185,8281722
demo,3394,67335320,8281739
demo,3395,67335321,8281739
demo,3396,67335456,8281756
demo,3397,67335457,8281756
demo,3398,137422177924,17177637064
demo,3399,67335592,8281773
demo,3400,67335593,8281773
demo,3401,67335728,8281790
demo,3402,67335729,8281790
demo,3403,137422177924,17177637064
demo,3404,67335864,8281807
demo,3405,67335865,8281807
demo,3406,67336000,8281824
demo,3407,67336001,8281824
demo,3408,67336136,8281841
demo,3409,67336137,8281841
demo,3410,67336272,8281858
demo,3411,67336273,8281858
demo,3412,67336408,8281875
demo,3413,67336409,8281875
demo,3414,137422177924,17177637064
demo,3415,67336544,8281892
demo,3416,67336545,8281892
demo,3417,67336680,8281909
demo,3418,67336681,8281909
demo,3419,137422175904,17177636812
demo,3420,137422177941,17177637066
demo,3421,137422177942,17177637066
demo,3422,137422177943,17177637066
demo,3423,137422177944,17177637067
demo,3424,137422177945,17177637067
demo,3425,137422177946,17177637067
demo,3426,137422177947,17177637067
demo,3427,137422177948,17177637067
demo,3428,137422177949,17177637067
demo,3429,137422177941,17177637066
demo,3430,67331240,8281229
demo,3431,67331241,8281229
demo,3432,67331376,8281246
demo,3433,67331377,8281246
demo,3434,137422177941,17177637066
demo,3435,67331512,8281263
demo,3436,67331513,8281263
demo,3437,67331648,8281280
demo,3438,67331649,8281280
demo,3439,67331784,8281297
demo,3440,67331785,8281297
demo,3441,67331920,8281314
demo,3442,67331921,8281314
demo,3443,67332056,8281331
demo,3444,67332057,8281331
demo,3445,67332192,8281348
demo,3446,67332193,8281348
demo,3447,67332328,8281365
demo,3448,67332329,8281365
demo,3449,67332464,8281382
demo,3450,67332465,8281382
demo,3451,67332600,8281399
demo,3452,67332601,8281399
demo,3453,67332736,8281416
demo,3454,67332737,8281416
demo,3455,67332872,8281433
demo,3456,67332873,8281433
demo,3457,137422177941,17177637066
demo,3458,67333008,8281450
demo,3459,67333009,8281450
demo,3460,137422177941,17177637066
demo,3461,67333144,8281467
demo,3462,67333145,8281467
demo,3463,137422177941,17177637066
demo,3464,67333280,8281484
demo,3465,67333281,8281484
demo,3466,67333416,8281501
demo,3467,67333417,8281501
demo,3468,67333552,8281518
demo,3469,67333553,8281518
demo,3470,67333688,8281535
demo,3471,67333689,8281535
demo,3472,67333824,8281552
demo,3473,67333825,8281552
demo,3474,137422177941,17177637066
demo,3475,67333960,8281569
demo,3476,67333961,8281569
demo,3477,67334096,8281586
demo,3478,67334097,8281586
demo,3479,67334232,8281603
demo,3480,67334233,8281603
demo,3481,67334368,8281620
demo,3482,67334369,8281620
demo,3483,137422177941,17177637066
demo,3484,67334504,8281637
demo,3485,67334505,8281637
demo,3486,67334640,8281654
demo,3487,67334641,8281654
demo,3488,67334776,8281671
demo,3489,67334777,8281671
demo,3490,137422177941,17177637066
demo,3491,67334912,8281688
demo,3492,67334913,8281688
demo,3493,67335048,8281705
demo,3494,67335049,8281705
demo,3495,67335184,8281722
demo,3496,67335185,8281722
demo,3497,67335320,8281739
demo,3498,67335321,8281739
demo,3499,67335456,8281756
demo,3500,67335457,8281756
demo,3501,137422177941,17177637066
demo,3502,67335592,8281773
demo,3503,67335593,8281773
demo,3504,67335728,8281790
demo,3505,67335729,8281790
demo,3506,137422177941,17177637066
demo,3507,67335864,8281807
demo,3508,67335865,8281807
demo,3509,67336000,8281824
demo,3510,67336001,8281824
demo,3511,67336136,8281841
demo,3512,67336137,8281841
demo,3513,67336272,8281858
demo,3514,67336273,8281858
demo,3515,67336408,8281875
demo,3516,67336409,8281875
demo,3517,137422177941,17177637066
demo,3518,67336544,8281892
demo,3519,67336545,8281892
demo,3520,67336680,8281909
demo,3521,67336681,8281909
demo,3522,137422175912,17177636813
demo,3523,137422177952,17177637068
demo,3524,137422177953,17177637068
demo,3525,137422177954,17177637068
demo,3526,137422177955,17177637068
demo,3527,137422177956,17177637068
demo,3528,137422177957,17177637068
demo,3529,137422177958,17177637068
demo,3530,137422177959,17177637068
demo,3531,137422177960,17177637069
demo,3532,137422177961,17177637069
demo,3533,137422177962,17177637069
demo,3534,137422177963,17177637069
demo,3535,137422177964,17177637069
demo,3536,137422177965,17177637069
demo,3537,137422177966,17177637069
demo,3538,137422177967,17177637069
demo,3539,137422177968,17177637070
demo,3540,137422177969,17177637070
demo,3541,137422177970,17177637070
demo,3542,137422177971,17177637070
demo,3543,137422177972,17177637070
demo,3544,137422177973,17177637070
demo,3545,137422177974,17177637070
demo,3546,137422177975,17177637070
demo,3547,137422177976,17177637071
demo,3548,137422177952,17177637068
demo,3549,67331240,8281229
demo,3550,67331241,8281229
demo,3551,67331376,8281246
demo,3552,67331377,8281246
demo,3553,137422177952,17177637068
demo,3554,67331512,8281263
demo,3555,67331513,8281263
demo,3556,67331648,8281280
demo,3557,67331649,8281280
demo,3558,67331784,8281297
demo,3559,67331785,8281297
demo,3560,67331920,8281314
demo,3561,67331921,8281314
demo,3562,67332056,8281331
demo,3563,67332057,8281331
demo,3564,67332192,8281348
demo,3565,67332193,8281348
demo,3566,67332328,8281365
demo,3567,67332329,8281365
demo,3568,67332464,8281382
demo,3569,67332465,8281382
demo,3570,67332600,8281399
demo,3571,67332601,8281399
demo,3572,67332736,8281416
demo,3573,67332737,8281416
demo,3574,67332872,8281433
demo,3575,67332873,8281433
demo,3576,137422177952,17177637068
demo,3577,67333008,8281450
demo,3578,67333009,8281450
demo,3579,137422177952,17177637068
demo,3580,67333144,8281467
demo,3581,67333145,8281467
demo,3582,137422177952,17177637068
demo,3583,67333280,8281484
demo,3584,67333281,8281484
demo,3585,67333416,8281501
demo,3586,67333417,8281501
demo,3587,67333552,8281518
demo,3588,67333553,8281518
demo,3589,67333688,8281535
demo,3590,67333689,8281535
demo,3591,67333824,8281552
demo,3592,67333825,8281552
demo,3593,137422177952,17177637068
demo,3594,67333960,8281569
demo,3595,67333961,8281569
demo,3596,67334096,8281586
demo,3597,67334097,8281586
demo,3598,67334232,8281603
demo,3599,67334233,8281603
demo,3600,67334368,8281620
demo,3601,67334369,8281620
demo,3602,137422177952,17177637068
demo,3603,67334504,8281637
demo,3604,67334505,8281637
demo,3605,67334640,8281654
demo,3606,67334641,8281654
demo,3607,67334776,8281671
demo,3608,67334777,8281671
demo,3609,137422177952,17177637068
demo,3610,67334912,8281688
demo,3611,67334913,8281688
demo,3612,67335048,8281705
demo,3613,67335049,8281705
demo,3614,67335184,8281722
demo,3615,67335185,8281722
demo,3616,67335320,8281739
demo,3617,67335321,8281739
demo,3618,67335456,8281756
demo,3619,67335457,8281756
demo,3620,137422177952,17177637068
demo,3621,67335592,8281773
demo,3622,67335593,8281773
demo,3623,67335728,8281790
demo,3624,67335729,8281790
demo,3625,137422177952,17177637068
demo,3626,67335864,8281807
demo,3627,67335865,8281807
demo,3628,67336000,8281824
demo,3629,67336001,8281824
demo,3630,67336136,8281841
demo,3631,67336137,8281841
demo,3632,67336272,8281858
demo,3633,67336273,8281858
demo,3634,67336408,8281875
demo,3635,67336409,8281875
demo,3636,137422177952,17177637068
demo,3637,67336544,8281892
demo,3638,67336545,8281892
demo,3639,67336680,8281909
demo,3640,67336681,8281909
demo,3641,137422175920,17177636814
demo,3642,137422178006,17177637074
demo,3643,137422178007,17177637074
demo,3644,137422178008,17177637075
demo,3645,137422178009,17177637075
demo,3646,137422178010,17177637075
demo,3647,137422178011,17177637075
demo,3648,137422178012,17177637075
demo,3649,137422178013,17177637075
demo,3650,137422178014,17177637075
demo,3651,137422178015,17177637075
demo,3652,137422178016,17177637076
demo,3653,137422178017,17177637076
demo,3654,137422178018,17177637076
demo,3655,137422178019,17177637076
demo,3656,137422178020,17177637076
demo,3657,137422178021,17177637076
demo,3658,137422178022,17177637076
demo,3659,137422178023,17177637076
demo,3660,137422178024,17177637077
demo,3661,137422178025,17177637077
demo,3662,137422178026,17177637077
demo,3663,137422178027,17177637077
demo,3664,137422178028,17177637077
demo,3665,137422178029,17177637077
demo,3666,137422178030,17177637077
demo,3667,137422178031,17177637077
demo,3668,137422178032,17177637078
demo,3669,137422178033,17177637078
demo,3670,137422178034,17177637078
demo,3671,137422178035,17177637078
demo,3672,137422178006,17177637074
demo,3673,67298051,8277080
demo,3674,137422178007,17177637074
demo,3675,67331240,8281229
demo,3676,67331241,8281229
demo,3677,67331376,8281246
demo,3678,67331377,8281246
demo,3679,137422178006,17177637074
demo,3680,67331512,8281263
demo,3681,67331513,8281263
demo,3682,67331648,8281280
demo,3683,67331649,8281280
demo,3684,67331784,8281297
demo,3685,67331785,8281297
demo,3686,67331920,8281314
demo,3687,67331921,8281314
demo,3688,67332056,8281331
demo,3689,67332057,8281331
demo,3690,67332192,8281348
demo,3691,67332193,8281348
demo,3692,67332328,8281365
demo,3693,67332329,8281365
demo,3694,67332464,8281382
demo,3695,67332465,8281382
demo,3696,67332600,8281399
demo,3697,67332601,8281399
demo,3698,67332736,8281416
demo,3699,67332737,8281416
demo,3700,67332872,8281433
demo,3701,67332873,8281433
demo,3702,137422178006,17177637074
demo,3703,67333008,8281450
demo,3704,67333009,8281450
demo,3705,137422178006,17177637074
demo,3706,67333144,8281467
demo,3707,67333145,8281467
demo,3708,137422178006,17177637074
demo,3709,67333280,8281484
demo,3710,67333281,8281484
demo,3711,67333416,8281501
demo,3712,67333417,8281501
demo,3713,67333552,8281518
demo,3714,67333553,8281518
demo,3715,67333688,8281535
demo,3716,67333689,8281535
demo,3717,67333824,8281552
demo,3718,67333825,8281552
demo,3719,137422178006,17177637074
demo,3720,67333960,8281569
demo,3721,67333961,8281569
demo,3722,67334096,8281586
demo,3723,67334097,8281586
demo,3724,67334232,8281603
demo,3725,67334233,8281603
demo,3726,67334368,8281620
demo,3727,67334369,8281620
demo,3728,137422178006,17177637074
demo,3729,67334504,8281637
demo,3730,67334505,8281637
demo,3731,67334640,8281654
demo,3732,67334641,8281654
demo,3733,67334776,8281671
demo,3734,67334777,8281671
demo,3735,137422178006,17177637074
demo,3736,67334912,8281688
demo,3737,67334913,8281688
demo,3738,67335048,8281705
demo,3739,67335049,8281705
demo,3740,67335184,8281722
demo,3741,67335185,8281722
demo,3742,67335320,8281739
demo,3743,67335321,8281739
demo,3744,67335456,8281756
demo,3745,67335457,8281756
demo,3746,137422178006,17177637074
demo,3747,67335592,8281773
demo,3748,67335593,8281773
demo,3749,67335728,8281790
demo,3750,67335729,8281790
demo,3751,137422178006,17177637074
demo,3752,67335864,8281807
demo,3753,67335865,8281807
demo,3754,67336000,8281824
demo,3755,67336001,8281824
demo,3756,67336136,8281841
demo,3757,67336137,8281841
demo,3758,67336272,8281858
demo,3759,67336273,8281858
demo,3760,67336408,8281875
demo,3761,67336409,8281875
demo,3762,137422178006,17177637074
demo,3763,67336544,8281892
demo,3764,67336545,8281892
demo,3765,67336680,8281909
demo,3766,67336681,8281909
demo,3767,137422175928,17177636815
demo,3768,137422178042,17177637079
demo,3769,137422178043,17177637079
demo,3770,137422178044,17177637079
demo,3771,137422178045,17177637079
demo,3772,137422178046,17177637079
demo,3773,137422178047,17177637079
demo,3774,137422178048,17177637080
demo,3775,137422178049,17177637080
demo,3776,137422178042,17177637079
demo,3777,67331240,8281229
demo,3778,67331241,8281229
demo,3779,67331376,8281246
demo,3780,67331377,8281246
demo,3781,137422178042,17177637079
demo,3782,67331512,8281263
demo,3783,67331513,8281263
demo,3784,67331648,8281280
demo,3785,67331649,8281280
demo,3786,67331784,8281297
demo,3787,67331785,8281297
demo,3788,67331920,8281314
demo,3789,67331921,8281314
demo,3790,67332056,8281331
demo,3791,67332057,8281331
demo,3792,67332192,8281348
demo,3793,67332193,8281348
demo,3794,67332328,8281365
demo,3795,67332329,8281365
demo,3796,67332464,8281382
demo,3797,67332465,8281382
demo,3798,67332600,8281399
demo,3799,67332601,8281399
demo,3800,67332736,8281416
demo,3801,67332737,8281416
demo,3802,67332872,8281433
demo,3803,67332873,8281433
demo,3804,137422178042,17177637079
demo,3805,67333008,8281450
demo,3806,67333009,8281450
demo,3807,137422178042,17177637079
demo,3808,67333144,8281467
demo,3809,67333145,8281467
demo,3810,137422178042,17177637079
demo,3811,67333280,8281484
demo,3812,67333281,8281484
demo,3813,67333416,8281501
demo,3814,67333417,8281501
demo,3815,67333552,8281518
demo,3816,67333553,8281518
demo,3817,67333688,8281535
demo,3818,67333689,8281535
demo,3819,67333824,8281552
demo,3820,67333825,8281552
demo,3821,137422178042,17177637079
demo,3822,67333960,8281569
demo,3823,67333961,8281569
demo,3824,67334096,8281586
demo,3825,67334097,8281586
demo,3826,67334232,8281603
demo,3827,67334233,8281603
demo,3828,67334368,8281620
demo,3829,67334369,8281620
demo,3830,137422178042,17177637079
demo,3831,67334504,8281637
demo,3832,67334505,8281637
demo,3833,67334640,8281654
demo,3834,67334641,8281654
demo,3835,67334776,8281671
demo,3836,67334777,8281671
demo,3837,137422178042,17177637079
demo,3838,67334912,8281688
demo,3839,67334913,8281688
demo,3840,67335048,8281705
demo,3841,67335049,8281705
demo,3842,67335184,8281722
demo,3843,67335185,8281722
demo,3844,67335320,8281739
demo,3845,67335321,8281739
demo,3846,67335456,8281756
demo,3847,67335457,8281756
demo,3848,137422178042,17177637079
demo,3849,67335592,8281773
demo,3850,67335593,8281773
demo,3851,67335728,8281790
demo,3852,67335729,8281790
demo,3853,137422178042,17177637079
demo,3854,67335864,8281807
demo,3855,67335865,8281807
demo,3856,67336000,8281824
demo,3857,67336001,8281824
demo,3858,67336136,8281841
demo,3859,67336137,8281841
demo,3860,67336272,8281858
demo,3861,67336273,8281858
demo,3862,67336408,8281875
demo,3863,67336409,8281875
demo,3864,137422178042,17177637079
demo,3865,67336544,8281892
demo,3866,67336545,8281892
demo,3867,67336680,8281909
demo,3868,67336681,8281909
demo,3869,137422175936,17177636816
demo,3870,137422178070,17177637082
demo,3871,137422178071,17177637082
demo,3872,137422178072,17177637083
demo,3873,137422178073,17177637083
demo,3874,137422178074,17177637083
demo,3875,137422178075,17177637083
demo,3876,137422178076,17177637083
demo,3877,137422178077,17177637083
demo,3878,137422178078,17177637083
demo,3879,137422178079,17177637083
demo,3880,137422178080,17177637084
demo,3881,137422178081,17177637084
demo,3882,137422178082,17177637084
demo,3883,137422178083,17177637084
demo,3884,137422178084,17177637084
demo,3885,137422178085,17177637084
demo,3886,137422178086,17177637084
demo,3887,137422178087,17177637084
demo,3888,137422178088,17177637085
demo,3889,137422178089,17177637085
demo,3890,137422178090,17177637085
demo,3891,137422178091,17177637085
demo,3892,137422178092,17177637085
demo,3893,137422178093,17177637085
demo,3894,137422178094,17177637085
demo,3895,137422178095,17177637085
demo,3896,137422178096,17177637086
demo,3897,137422178097,17177637086
demo,3898,137422178098,17177637086
demo,3899,137422178099,17177637086
demo,3900,137422178100,17177637086
demo,3901,137422178101,17177637086
demo,3902,137422178102,17177637086
demo,3903,137422178103,17177637086
demo,3904,137422178104,17177637087
demo,3905,137422178070,17177637082
demo,3906,67331240,8281229
demo,3907,67331241,8281229
demo,3908,67331376,8281246
demo,3909,67331377,8281246
demo,3910,137422178070,17177637082
demo,3911,67331512,8281263
demo,3912,67331513,8281263
demo,3913,67331648,8281280
demo,3914,67331649,8281280
demo,3915,67331784,8281297
demo,3916,67331785,8281297
demo,3917,67331920,8281314
demo,3918,67331921,8281314
demo,3919,67332056,8281331
demo,3920,67332057,8281331
demo,3921,67332192,8281348
demo,3922,67332193,8281348
demo,3923,67332328,8281365
demo,3924,67332329,8281365
demo,3925,67332464,8281382
demo,3926,67332465,8281382
demo,3927,67332600,8281399
demo,3928,67332601,8281399
demo,3929,67332736,8281416
demo,3930,67332737,8281416
demo,3931,67332872,8281433
demo,3932,67332873,8281433
demo,3933,137422178070,17177637082
demo,3934,67333008,8281450
demo,3935,67333009,8281450
demo,3936,137422178070,17177637082
demo,3937,67333144,8281467
demo,3938,67333145,8281467
demo,3939,137422178070,17177637082
demo,3940,67333280,8281484
demo,3941,67333281,8281484
demo,3942,67333416,8281501
demo,3943,67333417,8281501
demo,3944,67333552,8281518
demo,3945,67333553,8281518
demo,3946,67333688,8281535
demo,3947,67333689,8281535
demo,3948,67333824,8281552
demo,3949,67333825,8281552
demo,3950,137422178070,17177637082
demo,3951,67333960,8281569
demo,3952,67333961,8281569
demo,3953,67334096,8281586
demo,3954,67334097,8281586
demo,3955,67334232,8281603
demo,3956,67334233,8281603
demo,3957,67334368,8281620
demo,3958,67334369,8281620
demo,3959,137422178070,17177637082
demo,3960,67334504,8281637
demo,3961,67334505,8281637
demo,3962,67334640,8281654
demo,3963,67334641,8281654
demo,3964,67334776,8281671
demo,3965,67334777,8281671
demo,3966,137422178070,17177637082
demo,3967,67334912,8281688
demo,3968,67334913,8281688
demo,3969,67335048,8281705
demo,3970,67335049,8281705
demo,3971,67335184,8281722
demo,3972,67335185,8281722
demo,3973,67335320,8281739
demo,3974,67335321,8281739
demo,3975,67335456,8281756
demo,3976,67335457,8281756
demo,3977,137422178070,17177637082
demo,3978,67335592,8281773
demo,3979,67335593,8281773
demo,3980,67335728,8281790
demo,3981,67335729,8281790
demo,3982,137422178070,17177637082
demo,3983,67335864,8281807
demo,3984,67335865,8281807
demo,3985,67336000,8281824
demo,3986,67336001,8281824
demo,3987,67336136,8281841
demo,3988,67336137,8281841
demo,3989,67336272,8281858
demo,3990,67336273,8281858
demo,3991,67336408,8281875
demo,3992,67336409,8281875
demo,3993,137422178070,17177637082
demo,3994,67336544,8281892
demo,3995,67336545,8281892
demo,3996,67336680,8281909
demo,3997,67336681,8281909
demo,3998,137422175944,17177636817
demo,3999,137422178119,17177637088
demo,4000,137422178120,17177637089
demo,4001,137422178121,17177637089
demo,4002,137422178122,17177637089
demo,4003,137422178123,17177637089
demo,4004,137422178124,17177637089
demo,4005,137422178125,17177637089
demo,4006,137422178126,17177637089
demo,4007,137422178127,17177637089
demo,4008,137422178128,17177637090
demo,4009,137422178129,17177637090
demo,4010,137422178130,17177637090
demo,4011,137422178131,17177637090
demo,4012,137422178132,17177637090
demo,4013,137422178119,17177637088
demo,4014,67298051,8277080
demo,4015,137422178120,17177637089
demo,4016,67331240,8281229
demo,4017,67331241,8281229
demo,4018,67331376,8281246
demo,4019,67331377,8281246
demo,4020,137422178119,17177637088
demo,4021,67331512,8281263
demo,4022,67331513,8281263
demo,4023,67331648,8281280
demo,4024,67331649,8281280
demo,4025,67331784,8281297
demo,4026,67331785,8281297
demo,4027,67331920,8281314
demo,4028,67331921,8281314
demo,4029,67332056,8281331
demo,4030,67332057,8281331
demo,4031,67332192,8281348
demo,4032,67332193,8281348
demo,4033,67332328,8281365
demo,4034,67332329,8281365
demo,4035,67332464,8281382
demo,4036,67332465,8281382
demo,4037,67332600,8281399
demo,4038,67332601,8281399
demo,4039,67332736,8281416
demo,4040,67332737,8281416
demo,4041,67332872,8281433
demo,4042,67332873,8281433
demo,4043,137422178119,17177637088
demo,4044,67333008,8281450
demo,4045,67333009,8281450
demo,4046,137422178119,17177637088
demo,4047,67333144,8281467
demo,4048,67333145,8281467
demo,4049,137422178119,17177637088
demo,4050,67333280,8281484
demo,4051,67333281,8281484
demo,4052,67333416,8281501
demo,4053,67333417,8281501
demo,4054,67333552,8281518
demo,4055,67333553,8281518
demo,4056,67333688,8281535
demo,4057,67333689,8281535
demo,4058,67333824,8281552
demo,4059,67333825,8281552
demo,4060,137422178119,17177637088
demo,4061,67333960,8281569
demo,4062,67333961,8281569
demo,4063,67334096,8281586
demo,4064,67334097,8281586
demo,4065,67334232,8281603
demo,4066,67334233,8281603
demo,4067,67334368,8281620
demo,4068,67334369,8281620
demo,4069,137422178119,17177637088
demo,4070,67334504,8281637
demo,4071,67334505,8281637
demo,4072,67334640,8281654
demo,4073,67334641,8281654
demo,4074,67334776,8281671
demo,4075,67334777,8281671
demo,4076,137422178119,17177637088
demo,4077,67334912,8281688
demo,4078,67334913,8281688
demo,4079,67335048,8281705
demo,4080,67335049,8281705
demo,4081,67335184,8281722
demo,4082,67335185,8281722
demo,4083,67335320,8281739
demo,4084,67335321,8281739
demo,4085,67335456,8281756
demo,4086,67335457,8281756
demo,4087,137422178119,17177637088
demo,4088,67335592,8281773
demo,4089,67335593,8281773
demo,4090,67335728,8281790
demo,4091,67335729,8281790
demo,4092,137422178119,17177637088
demo,4093,67335864,8281807
demo,4094,67335865,8281807
demo,4095,67336000,8281824
demo,4096,67336001,8281824
demo,4097,67336136,8281841
demo,4098,67336137,8281841
demo,4099,67336272,8281858
demo,4100,67336273,8281858
demo,4101,67336408,8281875
demo,4102,67336409,8281875
demo,4103,137422178119,17177637088
demo,4104,67336544,8281892
demo,4105,67336545,8281892
demo,4106,67336680,8281909
demo,4107,67336681,8281909
demo,4108,137422175952,17177636818
demo,4109,137422178138,17177637091
demo,4110,137422178139,17177637091
demo,4111,137422178140,17177637091
demo,4112,137422178141,17177637091
demo,4113,137422178142,17177637091
demo,4114,137422178143,17177637091
demo,4115,137422178144,17177637092
demo,4116,137422178145,17177637092
demo,4117,137422178138,17177637091
demo,4118,67331240,8281229
demo,4119,67331241,8281229
demo,4120,67331376,8281246
demo,4121,67331377,8281246
demo,4122,137422178138,17177637091
demo,4123,67331512,8281263
demo,4124,67331513,8281263
demo,4125,67331648,8281280
demo,4126,67331649,8281280
demo,4127,67331784,8281297
demo,4128,67331785,8281297
demo,4129,67331920,8281314
demo,4130,67331921,8281314
demo,4131,67332056,8281331
demo,4132,67332057,8281331
demo,4133,67332192,8281348
demo,4134,67332193,8281348
demo,4135,67332328,8281365
demo,4136,67332329,8281365
demo,4137,67332464,8281382
demo,4138,67332465,8281382
demo,4139,67332600,8281399
demo,4140,67332601,8281399
demo,4141,67332736,8281416
demo,4142,67332737,8281416
demo,4143,67332872,8281433
demo,4144,67332873,8281433
demo,4145,137422178138,17177637091
demo,4146,67333008,8281450
demo,4147,67333009,8281450
demo,4148,137422178138,17177637091
demo,4149,67333010,8281450
demo,4150,137422178139,17177637091
demo,4151,67333144,8281467
demo,4152,67333145,8281467
demo,4153,137422178138,17177637091
demo,4154,67333280,8281484
demo,4155,67333281,8281484
demo,4156,67333416,8281501
demo,4157,67333417,8281501
demo,4158,67333552,8281518
demo,4159,67333553,8281518
demo,4160,67333688,8281535
demo,4161,67333689,8281535
demo,4162,67333824,8281552
demo,4163,67333825,8281552
demo,4164,137422178138,17177637091
demo,4165,67333826,8281552
demo,4166,137422178139,17177637091
demo,4167,67333960,8281569
demo,4168,67333961,8281569
demo,4169,67334096,8281586
demo,4170,67334097,8281586
demo,4171,67334232,8281603
demo,4172,67334233,8281603
demo,4173,67334368,8281620
demo,4174,67334369,8281620
demo,4175,137422178138,17177637091
demo,4176,67334504,8281637
demo,4177,67334505,8281637
demo,4178,67334640,8281654
demo,4179,67334641,8281654
demo,4180,67334776,8281671
demo,4181,67334777,8281671
demo,4182,137422178138,17177637091
demo,4183,67334912,8281688
demo,4184,67334913,8281688
demo,4185,67335048,8281705
demo,4186,67335049,8281705
demo,4187,67335184,8281722
demo,4188,67335185,8281722
demo,4189,67335320,8281739
demo,4190,67335321,8281739
demo,4191,67335456,8281756
demo,4192,67335457,8281756
demo,4193,137422178138,17177637091
demo,4194,67335592,8281773
demo,4195,67335593,8281773
demo,4196,67335728,8281790
demo,4197,67335729,8281790
demo,4198,137422178138,17177637091
demo,4199,67335864,8281807
demo,4200,67335865,8281807
demo,4201,67336000,8281824
demo,4202,67336001,8281824
demo,4203,67336136,8281841
demo,4204,67336137,8281841
demo,4205,67336272,8281858
demo,4206,67336273,8281858
demo,4207,67336408,8281875
demo,4208,67336409,8281875
demo,4209,137422178138,17177637091
demo,4210,67336544,8281892
demo,4211,67336545,8281892
demo,4212,67336680,8281909
demo,4213,67336681,8281909
demo,4214,137422175960,17177636819
demo,4215,137422178155,17177637093
demo,4216,137422178156,17177637093
demo,4217,137422178157,17177637093
demo,4218,137422178158,17177637093
demo,4219,137422178159,17177637093
demo,4220,137422178160,17177637094
demo,4221,137422178161,17177637094
demo,4222,137422178162,17177637094
demo,4223,137422178163,17177637094
demo,4224,137422178164,17177637094
demo,4225,137422178165,17177637094
demo,4226,137422178166,17177637094
demo,4227,137422178155,17177637093
demo,4228,67331240,8281229
demo,4229,67331241,8281229
demo,4230,67331376,8281246
demo,4231,67331377,8281246
demo,4232,137422178155,17177637093
demo,4233,67331512,8281263
demo,4234,67331513,8281263
demo,4235,67331648,8281280
demo,4236,67331649,8281280
demo,4237,67331784,8281297
demo,4238,67331785,8281297
demo,4239,67331920,8281314
demo,4240,67331921,8281314
demo,4241,67332056,8281331
demo,4242,67332057,8281331
demo,4243,67332192,8281348
demo,4244,67332193,8281348
demo,4245,67332328,8281365
demo,4246,67332329,8281365
demo,4247,67332464,8281382
demo,4248,67332465,8281382
demo,4249,67332600,8281399
demo,4250,67332601,8281399
demo,4251,67332736,8281416
demo,4252,67332737,8281416
demo,4253,67332872,8281433
demo,4254,67332873,8281433
demo,4255,137422178155,17177637093
demo,4256,67333008,8281450
demo,4257,67333009,8281450
demo,4258,137422178155,17177637093
demo,4259,67333144,8281467
demo,4260,67333145,8281467
demo,4261,137422178155,17177637093
demo,4262,67333280,8281484
demo,4263,67333281,8281484
demo,4264,67333416,8281501
demo,4265,67333417,8281501
demo,4266,67333552,8281518
demo,4267,67333553,8281518
demo,4268,67333688,8281535
demo,4269,67333689,8281535
demo,4270,67333824,8281552
demo,4271,67333825,8281552
demo,4272,137422178155,17177637093
demo,4273,67333960,8281569
demo,4274,67333961,8281569
demo,4275,67334096,8281586
demo,4276,67334097,8281586
demo,4277,67334232,8281603
demo,4278,67334233,8281603
demo,4279,67334368,8281620
demo,4280,67334369,8281620
demo,4281,137422178155,17177637093
demo,4282,67334504,8281637
demo,4283,67334505,8281637
demo,4284,67334640,8281654
demo,4285,67334641,8281654
demo,4286,67334776,8281671
demo,4287,67334777,8281671
demo,4288,137422178155,17177637093
demo,4289,67334912,8281688
demo,4290,67334913,8281688
demo,4291,67335048,8281705
demo,4292,67335049,8281705
demo,4293,67335184,8281722
demo,4294,67335185,8281722
demo,4295,67335320,8281739
demo,4296,67335321,8281739
demo,4297,67335456,8281756
demo,4298,67335457,8281756
demo,4299,137422178155,17177637093
demo,4300,67335592,8281773
demo,4301,67335593,8281773
demo,4302,67335728,8281790
demo,4303,67335729,8281790
demo,4304,137422178155,17177637093
demo,4305,67335864,8281807
demo,4306,67335865,8281807
demo,4307,67336000,8281824
demo,4308,67336001,8281824
demo,4309,67336136,8281841
demo,4310,67336137,8281841
demo,4311,67336272,8281858
demo,4312,67336273,8281858
demo,4313,67336408,8281875
demo,4314,67336409,8281875
demo,4315,137422178155,17177637093
demo,4316,67336544,8281892
demo,4317,67336545,8281892
demo,4318,67336680,8281909
demo,4319,67336681,8281909
demo,4320,137422175968,17177636820
demo,4321,137422178169,17177637095
demo,4322,137422178170,17177637095
demo,4323,137422178169,17177637095
demo,4324,67331240,8281229
demo,4325,67331241,8281229
demo,4326,67331376,8281246
demo,4327,67331377,8281246
demo,4328,137422178169,17177637095
demo,4329,67331512,8281263
demo,4330,67331513,8281263
demo,4331,67331648,8281280
demo,4332,67331649,8281280
demo,4333,67331784,8281297
demo,4334,67331785,8281297
demo,4335,67331920,8281314
demo,4336,67331921,8281314
demo,4337,67332056,8281331
demo,4338,67332057,8281331
demo,4339,67332192,8281348
demo,4340,67332193,8281348
demo,4341,67332328,8281365
demo,4342,67332329,8281365
demo,4343,67332464,8281382
demo,4344,67332465,8281382
demo,4345,67332600,8281399
demo,4346,67332601,8281399
demo,4347,67332736,8281416
demo,4348,67332737,8281416
demo,4349,67332872,8281433
demo,4350,67332873,8281433
demo,4351,137422178169,17177637095
demo,4352,67333008,8281450
demo,4353,67333009,8281450
demo,4354,137422178169,17177637095
demo,4355,67333144,8281467
demo,4356,67333145,8281467
demo,4357,137422178169,17177637095
demo,4358,67333280,8281484
demo,4359,67333281,8281484
demo,4360,67333416,8281501
demo,4361,67333417,8281501
demo,4362,67333552,8281518
demo,4363,67333553,8281518
demo,4364,67333688,8281535
demo,4365,67333689,8281535
demo,4366,67333824,8281552
demo,4367,67333825,8281552
demo,4368,137422178169,17177637095
demo,4369,67333960,8281569
demo,4370,67333961,8281569
demo,4371,67334096,8281586
demo,4372,67334097,8281586
demo,4373,67334232,8281603
demo,4374,67334233,8281603
demo,4375,67334368,8281620
demo,4376,67334369,8281620
demo,4377,137422178169,17177637095
demo,4378,67334504,8281637
demo,4379,67334505,8281637
demo,4380,67334640,8281654
demo,4381,67334641,8281654
demo,4382,67334776,8281671
demo,4383,67334777,8281671
demo,4384,137422178169,17177637095
demo,4385,67334912,8281688
demo,4386,67334913,8281688
demo,4387,67335048,8281705
demo,4388,67335049,8281705
demo,4389,67335184,8281722
demo,4390,67335185,8281722
demo,4391,67335320,8281739
demo,4392,67335321,8281739
demo,4393,67335456,8281756
demo,4394,67335457,8281756
demo,4395,137422178169,17177637095
demo,4396,67335592,8281773
demo,4397,67335593,8281773
demo,4398,67335728,8281790
demo,4399,67335729,8281790
demo,4400,137422178169,17177637095
demo,4401,67335864,8281807
demo,4402,67335865,8281807
demo,4403,67336000,8281824
demo,4404,67336001,8281824
demo,4405,67336136,8281841
demo,4406,67336137,8281841
demo,4407,67336272,8281858
demo,4408,67336273,8281858
demo,4409,67336408,8281875
demo,4410,67336409,8281875
demo,4411,137422178169,17177637095
demo,4412,67336544,8281892
demo,4413,67336545,8281892
demo,4414,67336680,8281909
demo,4415,67336681,8281909
demo,4416,137422175976,17177636821
demo,4417,137422178188,17177637097
demo,4418,137422178189,17177637097
demo,4419,137422178190,17177637097
demo,4420,137422178191,17177637097
demo,4421,137422178192,17177637098
demo,4422,137422178193,17177637098
demo,4423,137422178194,17177637098
demo,4424,137422178195,17177637098
demo,4425,137422178196,17177637098
demo,4426,137422178197,17177637098
demo,4427,137422178198,17177637098
demo,4428,137422178199,17177637098
demo,4429,137422178200,17177637099
demo,4430,137422178201,17177637099
demo,4431,137422178188,17177637097
demo,4432,67331240,8281229
demo,4433,67331241,8281229
demo,4434,67331376,8281246
demo,4435,67331377,8281246
demo,4436,137422178188,17177637097
demo,4437,67331512,8281263
demo,4438,67331513,8281263
demo,4439,67331648,8281280
demo,4440,67331649,8281280
demo,4441,67331784,8281297
demo,4442,67331785,8281297
demo,4443,67331920,8281314
demo,4444,67331921,8281314
demo,4445,67332056,8281331
demo,4446,67332057,8281331
demo,4447,67332192,8281348
demo,4448,67332193,8281348
demo,4449,67332328,8281365
demo,4450,67332329,8281365
demo,4451,67332464,8281382
demo,4452,67332465,8281382
demo,4453,67332600,8281399
demo,4454,67332601,8281399
demo,4455,67332736,8281416
demo,4456,67332737,8281416
demo,4457,67332872,8281433
demo,4458,67332873,8281433
demo,4459,137422178188,17177637097
demo,4460,67333008,8281450
demo,4461,67333009,8281450
demo,4462,137422178188,17177637097
demo,4463,67333144,8281467
demo,4464,67333145,8281467
demo,4465,137422178188,17177637097
demo,4466,67333280,8281484
demo,4467,67333281,8281484
demo,4468,67333416,8281501
demo,4469,67333417,8281501
demo,4470,67333552,8281518
demo,4471,67333553,8281518
demo,4472,67333688,8281535
demo,4473,67333689,8281535
demo,4474,67333824,8281552
demo,4475,67333825,8281552
demo,4476,137422178188,17177637097
demo,4477,67333960,8281569
demo,4478,67333961,8281569
demo,4479,67334096,8281586
demo,4480,67334097,8281586
demo,4481,67334232,8281603
demo,4482,67334233,8281603
demo,4483,67334368,8281620
demo,4484,67334369,8281620
demo,4485,137422178188,17177637097
demo,4486,67334504,8281637
demo,4487,67334505,8281637
demo,4488,67334640,8281654
demo,4489,67334641,8281654
demo,4490,67334776,8281671
demo,4491,67334777,8281671
demo,4492,137422178188,17177637097
demo,4493,67334912,8281688
demo,4494,67334913,8281688
demo,4495,67335048,8281705
demo,4496,67335049,8281705
demo,4497,67335184,8281722
demo,4498,67335185,8281722
demo,4499,67335320,8281739
demo,4500,67335321,8281739
demo,4501,67335456,8281756
demo,4502,67335457,8281756
demo,4503,137422178188,17177637097
demo,4504,67335592,8281773
demo,4505,67335593,8281773
demo,4506,67335728,8281790
demo,4507,67335729,8281790
demo,4508,137422178188,17177637097
demo,4509,67335864,8281807
demo,4510,67335865,8281807
demo,4511,67336000,8281824
demo,4512,67336001,8281824
demo,4513,67336136,8281841
demo,4514,67336137,8281841
demo,4515,67336272,8281858
demo,4516,67336273,8281858
demo,4517,67336408,8281875
demo,4518,67336409,8281875
demo,4519,137422178188,17177637097
demo,4520,67336544,8281892
demo,4521,67336545,8281892
demo,4522,67336680,8281909
demo,4523,67336681,8281909
demo,4524,137422175984,17177636822
demo,4525,137422178215,17177637100
demo,4526,137422178216,17177637101
demo,4527,137422178217,17177637101
demo,4528,137422178218,17177637101
demo,4529,137422178219,17177637101
demo,4530,137422178220,17177637101
demo,4531,137422178221,17177637101
demo,4532,137422178222,17177637101
demo,4533,137422178223,17177637101
demo,4534,137422178224,17177637102
demo,4535,137422178225,17177637102
demo,4536,137422178226,17177637102
demo,4537,137422178227,17177637102
demo,4538,137422178228,17177637102
demo,4539,137422178229,17177637102
demo,4540,137422178230,17177637102
demo,4541,137422178231,17177637102
demo,4542,137422178232,17177637103
demo,4543,137422178215,17177637100
demo,4544,67331240,8281229
demo,4545,67331241,8281229
demo,4546,67331376,8281246
demo,4547,67331377,8281246
demo,4548,137422178215,17177637100
demo,4549,67331512,8281263
demo,4550,67331513,8281263
demo,4551,67331648,8281280
demo,4552,67331649,8281280
demo,4553,67331784,8281297
demo,4554,67331785,8281297
demo,4555,67331920,8281314
demo,4556,67331921,8281314
demo,4557,67332056,8281331
demo,4558,67332057,8281331
demo,4559,67332192,8281348
demo,4560,67332193,8281348
demo,4561,67332328,8281365
demo,4562,67332329,8281365
demo,4563,67332464,8281382
demo,4564,67332465,8281382
demo,4565,67332600,8281399
demo,4566,67332601,8281399
demo,4567,67332736,8281416
demo,4568,67332737,8281416
demo,4569,67332872,8281433
demo,4570,67332873,8281433
demo,4571,137422178215,17177637100
demo,4572,67333008,8281450
demo,4573,67333009,8281450
demo,4574,137422178215,17177637100
demo,4575,67333144,8281467
demo,4576,67333145,8281467
demo,4577,137422178215,17177637100
demo,4578,67333280,8281484
demo,4579,67333281,8281484
demo,4580,67333416,8281501
demo,4581,67333417,8281501
demo,4582,67333552,8281518
demo,4583,67333553,8281518
demo,4584,67333688,8281535
demo,4585,67333689,8281535
demo,4586,67333824,8281552
demo,4587,67333825,8281552
demo,4588,137422178215,17177637100
demo,4589,67333960,8281569
demo,4590,67333961,8281569
demo,4591,67334096,8281586
demo,4592,67334097,8281586
demo,4593,67334232,8281603
demo,4594,67334233,8281603
demo,4595,67334368,8281620
demo,4596,67334369,8281620
demo,4597,137422178215,17177637100
demo,4598,67334504,8281637
demo,4599,67334505,8281637
demo,4600,67334640,8281654
demo,4601,67334641,8281654
demo,4602,67334776,8281671
demo,4603,67334777,8281671
demo,4604,137422178215,17177637100
demo,4605,67334912,8281688
demo,4606,67334913,8281688
demo,4607,67335048,8281705
demo,4608,67335049,8281705
demo,4609,67335184,8281722
demo,4610,67335185,8281722
demo,4611,67335320,8281739
demo,4612,67335321,8281739
demo,4613,67335456,8281756
demo,4614,67335457,8281756
demo,4615,137422178215,17177637100
demo,4616,67335592,8281773
demo,4617,67335593,8281773
demo,4618,67335728,8281790
demo,4619,67335729,8281790
demo,4620,137422178215,17177637100
demo,4621,67335864,8281807
demo,4622,67335865,8281807
demo,4623,67336000,8281824
demo,4624,67336001,8281824
demo,4625,67336136,8281841
demo,4626,67336137,8281841
demo,4627,67336272,8281858
demo,4628,67336273,8281858
demo,4629,67336408,8281875
demo,4630,67336409,8281875
demo,4631,137422178215,17177637100
demo,4632,67336544,8281892
demo,4633,67336545,8281892
demo,4634,67336680,8281909
demo,4635,67336681,8281909
demo,4636,137422175992,17177636823
demo,4637,137422178238,17177637103
demo,4638,137422178239,17177637103
demo,4639,137422178240,17177637104
demo,4640,137422178241,17177637104
demo,4641,137422178242,17177637104
demo,4642,137422178238,17177637103
demo,4643,67331240,8281229
demo,4644,67331241,8281229
demo,4645,67331376,8281246
demo,4646,67331377,8281246
demo,4647,137422178238,17177637103
demo,4648,67331512,8281263
demo,4649,67331513,8281263
demo,4650,67331648,8281280
demo,4651,67331649,8281280
demo,4652,67331784,8281297
demo,4653,67331785,8281297
demo,4654,67331920,8281314
demo,4655,67331921,8281314
demo,4656,67332056,8281331
demo,4657,67332057,8281331
demo,4658,67332192,8281348
demo,4659,67332193,8281348
demo,4660,67332328,8281365
demo,4661,67332329,8281365
demo,4662,67332464,8281382
demo,4663,67332465,8281382
demo,4664,67332600,8281399
demo,4665,67332601,8281399
demo,4666,67332736,8281416
demo,4667,67332737,8281416
demo,4668,67332872,8281433
demo,4669,67332873,8281433
demo,4670,137422178238,17177637103
demo,4671,67333008,8281450
demo,4672,67333009,8281450
demo,4673,137422178238,17177637103
demo,4674,67333144,8281467
demo,4675,67333145,8281467
demo,4676,137422178238,17177637103
demo,4677,67333280,8281484
demo,4678,67333281,8281484
demo,4679,67333416,8281501
demo,4680,67333417,8281501
demo,4681,67333552,8281518
demo,4682,67333553,8281518
demo,4683,67333688,8281535
demo,4684,67333689,8281535
demo,4685,67333824,8281552
demo,4686,67333825,8281552
demo,4687,137422178238,17177637103
demo,4688,67333960,8281569
demo,4689,67333961,8281569
demo,4690,67334096,8281586
demo,4691,67334097,8281586
demo,4692,67334232,8281603
demo,4693,67334233,8281603
demo,4694,67334368,8281620
demo,4695,67334369,8281620
demo,4696,137422178238,17177637103
demo,4697,67334504,8281637
demo,4698,67334505,8281637
demo,4699,67334640,8281654
demo,4700,67334641,8281654
demo,4701,67334776,8281671
demo,4702,67334777,8281671
demo,4703,137422178238,17177637103
demo,4704,67334912,8281688
demo,4705,67334913,8281688
demo,4706,67335048,8281705
demo,4707,67335049,8281705
demo,4708,67335184,8281722
demo,4709,67335185,8281722
demo,4710,67335320,8281739
demo,4711,67335321,8281739
demo,4712,67335456,8281756
demo,4713,67335457,8281756
demo,4714,137422178238,17177637103
demo,4715,67335592,8281773
demo,4716,67335593,8281773
demo,4717,67335728,8281790
demo,4718,67335729,8281790
demo,4719,137422178238,17177637103
demo,4720,67335864,8281807
demo,4721,67335865,8281807
demo,4722,67336000,8281824
demo,4723,67336001,8281824
demo,4724,67336136,8281841
demo,4725,67336137,8281841
demo,4726,67336272,8281858
demo,4727,67336273,8281858
demo,4728,67336408,8281875
demo,4729,67336409,8281875
demo,4730,137422178238,17177637103
demo,4731,67336544,8281892
demo,4732,67336545,8281892
demo,4733,67336680,8281909
demo,4734,67336681,8281909
demo,4735,137422176000,17177636824
demo,4736,137422178248,17177637105
demo,4737,137422178249,17177637105
demo,4738,137422178250,17177637105
demo,4739,137422178251,17177637105
demo,4740,137422178252,17177637105
demo,4741,137422178253,17177637105
demo,4742,137422178254,17177637105
demo,4743,137422178255,17177637105
demo,4744,137422178256,17177637106
demo,4745,137422178257,17177637106
demo,4746,137422178258,17177637106
demo,4747,137422178259,17177637106
demo,4748,137422178260,17177637106
demo,4749,137422178261,17177637106
demo,4750,137422178262,17177637106
demo,4751,137422178248,17177637105
demo,4752,67331240,8281229
demo,4753,67331241,8281229
demo,4754,67331376,8281246
demo,4755,67331377,8281246
demo,4756,137422178248,17177637105
demo,4757,67331512,8281263
demo,4758,67331513,8281263
demo,4759,67331648,8281280
demo,4760,67331649,8281280
demo,4761,67331784,8281297
demo,4762,67331785,8281297
demo,4763,67331920,8281314
demo,4764,67331921,8281314
demo,4765,67332056,8281331
demo,4766,67332057,8281331
demo,4767,67332192,8281348
demo,4768,67332193,8281348
demo,4769,67332328,8281365
demo,4770,67332329,8281365
demo,4771,67332464,8281382
demo,4772,67332465,8281382
demo,4773,67332600,8281399
demo,4774,67332601,8281399
demo,4775,67332736,8281416
demo,4776,67332737,8281416
demo,4777,67332872,8281433
demo,4778,67332873,8281433
demo,4779,137422178248,17177637105
demo,4780,67333008,8281450
demo,4781,67333009,8281450
demo,4782,137422178248,17177637105
demo,4783,67333144,8281467
demo,4784,67333145,8281467
demo,4785,137422178248,17177637105
demo,4786,67333280,8281484
demo,4787,67333281,8281484
demo,4788,67333416,8281501
demo,4789,67333417,8281501
demo,4790,67333552,8281518
demo,4791,67333553,8281518
demo,4792,67333688,8281535
demo,4793,67333689,8281535
demo,4794,67333824,8281552
demo,4795,67333825,8281552
demo,4796,137422178248,17177637105
demo,4797,67333960,8281569
demo,4798,67333961,8281569
demo,4799,67334096,8281586
demo,4800,67334097,8281586
demo,4801,67334232,8281603
demo,4802,67334233,8281603
demo,4803,67334368,8281620
demo,4804,67334369,8281620
demo,4805,137422178248,17177637105
demo,4806,67334504,8281637
demo,4807,67334505,8281637
demo,4808,67334640,8281654
demo,4809,67334641,8281654
demo,4810,67334776,8281671
demo,4811,67334777,8281671
demo,4812,137422178248,17177637105
demo,4813,67334912,8281688
demo,4814,67334913,8281688
demo,4815,67335048,8281705
demo,4816,67335049,8281705
demo,4817,67335184,8281722
demo,4818,67335185,8281722
demo,4819,67335320,8281739
demo,4820,67335321,8281739
demo,4821,67335456,8281756
demo,4822,67335457,8281756
demo,4823,137422178248,17177637105
demo,4824,67335592,8281773
demo,4825,67335593,8281773
demo,4826,67335728,8281790
demo,4827,67335729,8281790
demo,4828,137422178248,17177637105
demo,4829,67335864,8281807
demo,4830,67335865,8281807
demo,4831,67336000,8281824
demo,4832,67336001,8281824
demo,4833,67336136,8281841
demo,4834,67336137,8281841
demo,4835,67336272,8281858
demo,4836,67336273,8281858
demo,4837,67336408,8281875
demo,4838,67336409,8281875
demo,4839,137422178248,17177637105
demo,4840,67336544,8281892
demo,4841,67336545,8281892
demo,4842,67336680,8281909
demo,4843,67336681,8281909
demo,4844,137422176008,17177636825
demo,4845,137422178266,17177637107
demo,4846,137422178267,17177637107
demo,4847,137422178268,17177637107
demo,4848,137422178269,17177637107
demo,4849,137422178270,17177637107
demo,4850,137422178271,17177637107
demo,4851,137422178272,17177637108
demo,4852,137422178273,17177637108
demo,4853,137422178274,17177637108
demo,4854,137422178275,17177637108
demo,4855,137422178276,17177637108
demo,4856,137422178277,17177637108
demo,4857,137422178278,17177637108
demo,4858,137422178279,17177637108
demo,4859,137422178280,17177637109
demo,4860,137422178281,17177637109
demo,4861,137422178282,17177637109
demo,4862,137422178283,17177637109
demo,4863,137422178284,17177637109
demo,4864,137422178285,17177637109
demo,4865,137422178286,17177637109
demo,4866,137422178287,17177637109
demo,4867,137422178288,17177637110
demo,4868,137422178289,17177637110
demo,4869,137422178290,17177637110
demo,4870,137422178266,17177637107
demo,4871,67298051,8277080
demo,4872,137422178267,17177637107
demo,4873,67331240,8281229
demo,4874,67331241,8281229
demo,4875,67331376,8281246
demo,4876,67331377,8281246
demo,4877,137422178266,17177637107
demo,4878,67331512,8281263
demo,4879,67331513,8281263
demo,4880,67331648,8281280
demo,4881,67331649,8281280
demo,4882,67331784,8281297
demo,4883,67331785,8281297
demo,4884,67331920,8281314
demo,4885,67331921,8281314
demo,4886,67332056,8281331
demo,4887,67332057,8281331
demo,4888,67332192,8281348
demo,4889,67332193,8281348
demo,4890,67332328,8281365
demo,4891,67332329,8281365
demo,4892,67332464,8281382
demo,4893,67332465,8281382
demo,4894,67332600,8281399
demo,4895,67332601,8281399
demo,4896,67332736,8281416
demo,4897,67332737,8281416
demo,4898,67332872,8281433
demo,4899,67332873,8281433
demo,4900,137422178266,17177637107
demo,4901,67333008,8281450
demo,4902,67333009,8281450
demo,4903,137422178266,17177637107
demo,4904,67333144,8281467
demo,4905,67333145,8281467
demo,4906,137422178266,17177637107
demo,4907,67333280,8281484
demo,4908,67333281,8281484
demo,4909,67333416,8281501
demo,4910,67333417,8281501
demo,4911,67333552,8281518
demo,4912,67333553,8281518
demo,4913,67333688,8281535
demo,4914,67333689,8281535
demo,4915,67333824,8281552
demo,4916,67333825,8281552
demo,4917,137422178266,17177637107
demo,4918,67333960,8281569
demo,4919,67333961,8281569
demo,4920,67334096,8281586
demo,4921,67334097,8281586
demo,4922,67334232,8281603
demo,4923,67334233,8281603
demo,4924,67334368,8281620
demo,4925,67334369,8281620
demo,4926,137422178266,17177637107
demo,4927,67334504,8281637
demo,4928,67334505,8281637
demo,4929,67334640,8281654
demo,4930,67334641,8281654
demo,4931,67334776,8281671
demo,4932,67334777,8281671
demo,4933,137422178266,17177637107
demo,4934,67334912,8281688
demo,4935,67334913,8281688
demo,4936,67335048,8281705
demo,4937,67335049,8281705
demo,4938,67335184,8281722
demo,4939,67335185,8281722
demo,4940,67335320,8281739
demo,4941,67335321,8281739
demo,4942,67335456,8281756
demo,4943,67335457,8281756
demo,4944,137422178266,17177637107
demo,4945,67335592,8281773
demo,4946,67335593,8281773
demo,4947,67335728,8281790
demo,4948,67335729,8281790
demo,4949,137422178266,17177637107
demo,4950,67335864,8281807
demo,4951,67335865,8281807
demo,4952,67336000,8281824
demo,4953,67336001,8281824
demo,4954,67336136,8281841
demo,4955,67336137,8281841
demo,4956,67336272,8281858
demo,4957,67336273,8281858
demo,4958,67336408,8281875
demo,4959,67336409,8281875
demo,4960,137422178266,17177637107
demo,4961,67336544,8281892
demo,4962,67336545,8281892
demo,4963,67336680,8281909
demo,4964,67336681,8281909
demo,4965,137422176016,17177636826
demo,4966,137422178310,17177637112
demo,4967,137422178311,17177637112
demo,4968,137422178312,17177637113
demo,4969,137422178313,17177637113
demo,4970,137422178314,17177637113
demo,4971,137422178315,17177637113
demo,4972,137422178316,17177637113
demo,4973,137422178317,17177637113
demo,4974,137422178318,17177637113
demo,4975,137422178319,17177637113
demo,4976,137422178320,17177637114
demo,4977,137422178321,17177637114
demo,4978,137422178322,17177637114
demo,4979,137422178323,17177637114
demo,4980,137422178310,17177637112
demo,4981,67331240,8281229
demo,4982,67331241,8281229
demo,4983,67331376,8281246
demo,4984,67331377,8281246
demo,4985,137422178310,17177637112
demo,4986,67331512,8281263
demo,4987,67331513,8281263
demo,4988,67331648,8281280
demo,4989,67331649,8281280
demo,4990,67331784,8281297
demo,4991,67331785,8281297
demo,4992,67331920,8281314
demo,4993,67331921,8281314
demo,4994,67332056,8281331
demo,4995,67332057,8281331
demo,4996,67332192,8281348
demo,4997,67332193,8281348
demo,4998,67332328,8281365
demo,4999,67332329,8281365
demo,5000,67332464,8281382
demo,5001,67332465,8281382
demo,5002,67332600,8281399
demo,5003,67332601,8281399
demo,5004,67332736,8281416
demo,5005,67332737,8281416
demo,5006,67332872,8281433
demo,5007,67332873,8281433
demo,5008,137422178310,17177637112
demo,5009,67333008,8281450
demo,5010,67333009,8281450
demo,5011,137422178310,17177637112
demo,5012,67333144,8281467
demo,5013,67333145,8281467
demo,5014,137422178310,17177637112
demo,5015,67333280,8281484
demo,5016,67333281,8281484
demo,5017,67333416,8281501
demo,5018,67333417,8281501
demo,5019,67333552,8281518
demo,5020,67333553,8281518
demo,5021,67333688,8281535
demo,5022,67333689,8281535
demo,5023,67333824,8281552
demo,5024,67333825,8281552
demo,5025,137422178310,17177637112
demo,5026,67333960,8281569
demo,5027,67333961,8281569
demo,5028,67334096,8281586
demo,5029,67334097,8281586
demo,5030,67334232,8281603
demo,5031,67334233,8281603
demo,5032,67334368,8281620
demo,5033,67334369,8281620
demo,5034,137422178310,17177637112
demo,5035,67334504,8281637
demo,5036,67334505,8281637
demo,5037,67334640,8281654
demo,5038,67334641,8281654
demo,5039,67334776,8281671
demo,5040,67334777,8281671
demo,5041,137422178310,17177637112
demo,5042,67334912,8281688
demo,5043,67334913,8281688
demo,5044,67335048,8281705
demo,5045,67335049,8281705
demo,5046,67335184,8281722
demo,5047,67335185,8281722
demo,5048,67335320,8281739
demo,5049,67335321,8281739
demo,5050,67335456,8281756
demo,5051,67335457,8281756
demo,5052,137422178310,17177637112
demo,5053,67335592,8281773
demo,5054,67335593,8281773
demo,5055,67335728,8281790
demo,5056,67335729,8281790
demo,5057,137422178310,17177637112
demo,5058,67335864,8281807
demo,5059,67335865,8281807
demo,5060,67336000,8281824
demo,5061,67336001,8281824
demo,5062,67336136,8281841
demo,5063,67336137,8281841
demo,5064,67336272,8281858
demo,5065,67336273,8281858
demo,5066,67336408,8281875
demo,5067,67336409,8281875
demo,5068,137422178310,17177637112
demo,5069,67336544,8281892
demo,5070,67336545,8281892
demo,5071,67336680,8281909
demo,5072,67336681,8281909
demo,5073,137422176024,17177636827
demo,5074,137422178326,17177637114
demo,5075,137422178327,17177637114
demo,5076,137422178328,17177637115
demo,5077,137422178329,17177637115
demo,5078,137422178330,17177637115
demo,5079,137422178326,17177637114
demo,5080,67331240,8281229
demo,5081,67331241,8281229
demo,5082,67331376,8281246
demo,5083,67331377,8281246
demo,5084,137422178326,17177637114
demo,5085,67331512,8281263
demo,5086,67331513,8281263
demo,5087,67331648,8281280
demo,5088,67331649,8281280
demo,5089,67331784,8281297
demo,5090,67331785,8281297
demo,5091,67331920,8281314
demo,5092,67331921,8281314
demo,5093,67332056,8281331
demo,5094,67332057,8281331
demo,5095,67332192,8281348
demo,5096,67332193,8281348
demo,5097,67332328,8281365
demo,5098,67332329,8281365
demo,5099,67332464,8281382
demo,5100,67332465,8281382
demo,5101,67332600,8281399
demo,5102,67332601,8281399
demo,5103,67332736,8281416
demo,5104,67332737,8281416
demo,5105,67332872,8281433
demo,5106,67332873,8281433
demo,5107,137422178326,17177637114
demo,5108,67333008,8281450
demo,5109,67333009,8281450
demo,5110,137422178326,17177637114
demo,5111,67333144,8281467
demo,5112,67333145,8281467
demo,5113,137422178326,17177637114
demo,5114,67333280,8281484
demo,5115,67333281,8281484
demo,5116,67333416,8281501
demo,5117,67333417,8281501
demo,5118,67333552,8281518
demo,5119,67333553,8281518
demo,5120,67333688,8281535
demo,5121,67333689,8281535
demo,5122,67333824,8281552
demo,5123,67333825,8281552
demo,5124,137422178326,17177637114
demo,5125,67333960,8281569
demo,5126,67333961,8281569
demo,5127,67334096,8281586
demo,5128,67334097,8281586
demo,5129,67334232,8281603
demo,5130,67334233,8281603
demo,5131,67334368,8281620
demo,5132,67334369,8281620
demo,5133,137422178326,17177637114
demo,5134,67334504,8281637
demo,5135,67334505,8281637
demo,5136,67334640,8281654
demo,5137,67334641,8281654
demo,5138,67334776,8281671
demo,5139,67334777,8281671
demo,5140,137422178326,17177637114
demo,5141,67334912,8281688
demo,5142,67334913,8281688
demo,5143,67335048,8281705
demo,5144,67335049,8281705
demo,5145,67335184,8281722
demo,5146,67335185,8281722
demo,5147,67335320,8281739
demo,5148,67335321,8281739
demo,5149,67335456,8281756
demo,5150,67335457,8281756
demo,5151,137422178326,17177637114
demo,5152,67335592,8281773
demo,5153,67335593,8281773
demo,5154,67335728,8281790
demo,5155,67335729,8281790
demo,5156,137422178326,17177637114
demo,5157,67335864,8281807
demo,5158,67335865,8281807
demo,5159,67336000,8281824
demo,5160,67336001,8281824
demo,5161,67336136,8281841
demo,5162,67336137,8281841
demo,5163,67336272,8281858
demo,5164,67336273,8281858
demo,5165,67336408,8281875
demo,5166,67336409,8281875
demo,5167,137422178326,17177637114
demo,5168,67336544,8281892
demo,5169,67336545,8281892
demo,5170,67336680,8281909
demo,5171,67336681,8281909
demo,5172,137422176032,17177636828
demo,5173,137422178795,17177637173
demo,5174,137422178796,17177637173
demo,5175,137422178797,17177637173
demo,5176,137422178798,17177637173
demo,5177,137422178799,17177637173
demo,5178,137422178800,17177637174
demo,5179,137422178801,17177637174
demo,5180,137422178802,17177637174
demo,5181,137422178803,17177637174
demo,5182,137422178804,17177637174
demo,5183,137422178805,17177637174
demo,5184,137422178806,17177637174
demo,5185,137422178807,17177637174
demo,5186,137422178808,17177637175
demo,5187,137422178809,17177637175
demo,5188,137422178810,17177637175
demo,5189,137422178795,17177637173
demo,5190,67331240,8281229
demo,5191,67331241,8281229
demo,5192,67331376,8281246
demo,5193,67331377,8281246
demo,5194,137422178795,17177637173
demo,5195,67331512,8281263
demo,5196,67331513,8281263
demo,5197,67331648,8281280
demo,5198,67331649,8281280
demo,5199,67331784,8281297
demo,5200,67331785,8281297
demo,5201,67331920,8281314
demo,5202,67331921,8281314
demo,5203,67332056,8281331
demo,5204,67332057,8281331
demo,5205,67332192,8281348
demo,5206,67332193,8281348
demo,5207,67332328,8281365
demo,5208,67332329,8281365
demo,5209,67332464,8281382
demo,5210,67332465,8281382
demo,5211,67332600,8281399
demo,5212,67332601,8281399
demo,5213,67332736,8281416
demo,5214,67332737,8281416
demo,5215,67332872,8281433
demo,5216,67332873,8281433
demo,5217,137422178795,17177637173
demo,5218,67333008,8281450
demo,5219,67333009,8281450
demo,5220,137422178795,17177637173
demo,5221,67333144,8281467
demo,5222,67333145,8281467
demo,5223,137422178795,17177637173
demo,5224,67333280,8281484
demo,5225,67333281,8281484
demo,5226,67333416,8281501
demo,5227,67333417,8281501
demo,5228,67333552,8281518
demo,5229,67333553,8281518
demo,5230,67333688,8281535
demo,5231,67333689,8281535
demo,5232,67333824,8281552
demo,5233,67333825,8281552
demo,5234,137422178795,17177637173
demo,5235,67333960,8281569
demo,5236,67333961,8281569
demo,5237,67334096,8281586
demo,5238,67334097,8281586
demo,5239,67334232,8281603
demo,5240,67334233,8281603
demo,5241,67334368,8281620
demo,5242,67334369,8281620
demo,5243,137422178795,17177637173
demo,5244,67334504,8281637
demo,5245,67334505,8281637
demo,5246,67334640,8281654
demo,5247,67334641,8281654
demo,5248,67334776,8281671
demo,5249,67334777,8281671
demo,5250,137422178795,17177637173
demo,5251,67334912,8281688
demo,5252,67334913,8281688
demo,5253,67335048,8281705
demo,5254,67335049,8281705
demo,5255,67335184,8281722
demo,5256,67335185,8281722
demo,5257,67335320,8281739
demo,5258,67335321,8281739
demo,5259,67335456,8281756
demo,5260,67335457,8281756
demo,5261,137422178795,17177637173
demo,5262,67335592,8281773
demo,5263,67335593,8281773
demo,5264,67335728,8281790
demo,5265,67335729,8281790
demo,5266,137422178795,17177637173
demo,5267,67335864,8281807
demo,5268,67335865,8281807
demo,5269,67336000,8281824
demo,5270,67336001,8281824
demo,5271,67336136,8281841
demo,5272,67336137,8281841
demo,5273,67336272,8281858
demo,5274,67336273,8281858
demo,5275,67336408,8281875
demo,5276,67336409,8281875
demo,5277,137422178795,17177637173
demo,5278,67336544,8281892
demo,5279,67336545,8281892
demo,5280,67336680,8281909
demo,5281,67336681,8281909
demo,5282,137422176040,17177636829
demo,5283,137422178881,17177637184
demo,5284,137422178882,17177637184
demo,5285,137422178883,17177637184
demo,5286,137422178884,17177637184
demo,5287,137422178885,17177637184
demo,5288,137422178886,17177637184
demo,5289,137422178887,17177637184
demo,5290,137422178888,17177637185
demo,5291,137422178889,17177637185
demo,5292,137422178881,17177637184
demo,5293,67298051,8277080
demo,5294,137422178882,17177637184
demo,5295,67331240,8281229
demo,5296,67331241,8281229
demo,5297,67331376,8281246
demo,5298,67331377,8281246
demo,5299,137422178881,17177637184
demo,5300,67331512,8281263
demo,5301,67331513,8281263
demo,5302,67331648,8281280
demo,5303,67331649,8281280
demo,5304,67331784,8281297
demo,5305,67331785,8281297
demo,5306,67331920,8281314
demo,5307,67331921,8281314
demo,5308,67332056,8281331
demo,5309,67332057,8281331
demo,5310,67332192,8281348
demo,5311,67332193,8281348
demo,5312,67332328,8281365
demo,5313,67332329,8281365
demo,5314,67332464,8281382
demo,5315,67332465,8281382
demo,5316,67332600,8281399
demo,5317,67332601,8281399
demo,5318,67332736,8281416
demo,5319,67332737,8281416
demo,5320,67332872,8281433
demo,5321,67332873,8281433
demo,5322,137422178881,17177637184
demo,5323,67333008,8281450
demo,5324,67333009,8281450
demo,5325,137422178881,17177637184
demo,5326,67333144,8281467
demo,5327,67333145,8281467
demo,5328,137422178881,17177637184
demo,5329,67333280,8281484
demo,5330,67333281,8281484
demo,5331,67333416,8281501
demo,5332,67333417,8281501
demo,5333,67333552,8281518
demo,5334,67333553,8281518
demo,5335,67333688,8281535
demo,5336,67333689,8281535
demo,5337,67333824,8281552
demo,5338,67333825,8281552
demo,5339,137422178881,17177637184
demo,5340,67333960,8281569
demo,5341,67333961,8281569
demo,5342,67334096,8281586
demo,5343,67334097,8281586
demo,5344,67334232,8281603
demo,5345,67334233,8281603
demo,5346,67334368,8281620
demo,5347,67334369,8281620
demo,5348,137422178881,17177637184
demo,5349,67334504,8281637
demo,5350,67334505,8281637
demo,5351,67334640,8281654
demo,5352,67334641,8281654
demo,5353,67334776,8281671
demo,5354,67334777,8281671
demo,5355,137422178881,17177637184
demo,5356,67334912,8281688
demo,5357,67334913,8281688
demo,5358,67335048,8281705
demo,5359,67335049,8281705
demo,5360,67335184,8281722
demo,5361,67335185,8281722
demo,5362,67335320,8281739
demo,5363,67335321,8281739
demo,5364,67335456,8281756
demo,5365,67335457,8281756
demo,5366,137422178881,17177637184
demo,5367,67335592,8281773
demo,5368,67335593,8281773
demo,5369,67335728,8281790
demo,5370,67335729,8281790
demo,5371,137422178881,17177637184
demo,5372,67335864,8281807
demo,5373,67335865,8281807
demo,5374,67336000,8281824
demo,5375,67336001,8281824
demo,5376,67336136,8281841
demo,5377,67336137,8281841
demo,5378,67336272,8281858
demo,5379,67336273,8281858
demo,5380,67336408,8281875
demo,5381,67336409,8281875
demo,5382,137422178881,17177637184
demo,5383,67336544,8281892
demo,5384,67336545,8281892
demo,5385,67336680,8281909
demo,5386,67336681,8281909
demo,5387,137422176048,17177636830
demo,5388,137422178896,17177637186
demo,5389,137422178897,17177637186
demo,5390,137422178898,17177637186
demo,5391,137422178899,17177637186
demo,5392,137422178900,17177637186
demo,5393,137422178901,17177637186
demo,5394,137422178902,17177637186
demo,5395,137422178903,17177637186
demo,5396,137422178904,17177637187
demo,5397,137422178905,17177637187
demo,5398,137422178896,17177637186
demo,5399,67331240,8281229
demo,5400,67331241,8281229
demo,5401,67331376,8281246
demo,5402,67331377,8281246
demo,5403,137422178896,17177637186
demo,5404,67331512,8281263
demo,5405,67331513,8281263
demo,5406,67331648,8281280
demo,5407,67331649,8281280
demo,5408,67331784,8281297
demo,5409,67331785,8281297
demo,5410,67331920,8281314
demo,5411,67331921,8281314
demo,5412,67332056,8281331
demo,5413,67332057,8281331
demo,5414,67332192,8281348
demo,5415,67332193,8281348
demo,5416,67332328,8281365
demo,5417,67332329,8281365
demo,5418,67332464,8281382
demo,5419,67332465,8281382
demo,5420,67332600,8281399
demo,5421,67332601,8281399
demo,5422,67332736,8281416
demo,5423,67332737,8281416
demo,5424,67332872,8281433
demo,5425,67332873,8281433
demo,5426,137422178896,17177637186
demo,5427,67333008,8281450
demo,5428,67333009,8281450
demo,5429,137422178896,17177637186
demo,5430,67333144,8281467
demo,5431,67333145,8281467
demo,5432,137422178896,17177637186
demo,5433,67333280,8281484
demo,5434,67333281,8281484
demo,5435,67333416,8281501
demo,5436,67333417,8281501
demo,5437,67333552,8281518
demo,5438,67333553,8281518
demo,5439,67333688,8281535
demo,5440,67333689,8281535
demo,5441,67333824,8281552
demo,5442,67333825,8281552
demo,5443,137422178896,17177637186
demo,5444,67333960,8281569
demo,5445,67333961,8281569
demo,5446,67334096,8281586
demo,5447,67334097,8281586
demo,5448,67334232,8281603
demo,5449,67334233,8281603
demo,5450,67334368,8281620
demo,5451,67334369,8281620
demo,5452,137422178896,17177637186
demo,5453,67334504,8281637
demo,5454,67334505,8281637
demo,5455,67334640,8281654
demo,5456,67334641,8281654
demo,5457,67334776,8281671
demo,5458,67334777,8281671
demo,5459,137422178896,17177637186
demo,5460,67334912,8281688
demo,5461,67334913,8281688
demo,5462,67335048,8281705
demo,5463,67335049,8281705
demo,5464,67335184,8281722
demo,5465,67335185,8281722
demo,5466,67335320,8281739
demo,5467,67335321,8281739
demo,5468,67335456,8281756
demo,5469,67335457,8281756
demo,5470,137422178896,17177637186
demo,5471,67335592,8281773
demo,5472,67335593,8281773
demo,5473,67335728,8281790
demo,5474,67335729,8281790
demo,5475,137422178896,17177637186
demo,5476,67335864,8281807
demo,5477,67335865,8281807
demo,5478,67336000,8281824
demo,5479,67336001,8281824
demo,5480,67336136,8281841
demo,5481,67336137,8281841
demo,5482,67336272,8281858
demo,5483,67336273,8281858
demo,5484,67336408,8281875
demo,5485,67336409,8281875
demo,5486,137422178896,17177637186
demo,5487,67336544,8281892
demo,5488,67336545,8281892
demo,5489,67336680,8281909
demo,5490,67336681,8281909
demo,5491,137422176056,17177636831
demo,5492,137422178909,17177637187
demo,5493,137422178910,17177637187
demo,5494,137422178911,17177637187
demo,5495,137422178912,17177637188
demo,5496,137422178913,17177637188
demo,5497,137422178914,17177637188
demo,5498,137422178915,17177637188
demo,5499,137422178916,17177637188
demo,5500,137422178917,17177637188
demo,5501,137422178918,17177637188
demo,5502,137422178919,17177637188
demo,5503,137422178920,17177637189
demo,5504,137422178921,17177637189
demo,5505,137422178909,17177637187
demo,5506,67298051,8277080
demo,5507,137422178910,17177637187
demo,5508,67331240,8281229
demo,5509,67331241,8281229
demo,5510,67331376,8281246
demo,5511,67331377,8281246
demo,5512,137422178909,17177637187
demo,5513,67331512,8281263
demo,5514,67331513,8281263
demo,5515,67331648,8281280
demo,5516,67331649,8281280
demo,5517,67331784,8281297
demo,5518,67331785,8281297
demo,5519,67331920,8281314
demo,5520,67331921,8281314
demo,5521,67332056,8281331
demo,5522,67332057,8281331
demo,5523,67332192,8281348
demo,5524,67332193,8281348
demo,5525,67332328,8281365
demo,5526,67332329,8281365
demo,5527,67332464,8281382
demo,5528,67332465,8281382
demo,5529,67332600,8281399
demo,5530,67332601,8281399
demo,5531,67332736,8281416
demo,5532,67332737,8281416
demo,5533,67332872,8281433
demo,5534,67332873,8281433
demo,5535,137422178909,17177637187
demo,5536,67333008,8281450
demo,5537,67333009,8281450
demo,5538,137422178909,17177637187
demo,5539,67333144,8281467
demo,5540,67333145,8281467
demo,5541,137422178909,17177637187
demo,5542,67333280,8281484
demo,5543,67333281,8281484
demo,5544,67333416,8281501
demo,5545,67333417,8281501
demo,5546,67333552,8281518
demo,5547,67333553,8281518
demo,5548,67333688,8281535
demo,5549,67333689,8281535
demo,5550,67333824,8281552
demo,5551,67333825,8281552
demo,5552,137422178909,17177637187
demo,5553,67333960,8281569
demo,5554,67333961,8281569
demo,5555,67334096,8281586
demo,5556,67334097,8281586
demo,5557,67334232,8281603
demo,5558,67334233,8281603
demo,5559,67334368,8281620
demo,5560,67334369,8281620
demo,5561,137422178909,17177637187
demo,5562,67334504,8281637
demo,5563,67334505,8281637
demo,5564,67334640,8281654
demo,5565,67334641,8281654
demo,5566,67334776,8281671
demo,5567,67334777,8281671
demo,5568,137422178909,17177637187
demo,5569,67334912,8281688
demo,5570,67334913,8281688
demo,5571,67335048,8281705
demo,5572,67335049,8281705
demo,5573,67335184,8281722
demo,5574,67335185,8281722
demo,5575,67335320,8281739
demo,5576,67335321,8281739
demo,5577,67335456,8281756
demo,5578,67335457,8281756
demo,5579,137422178909,17177637187
demo,5580,67335592,8281773
demo,5581,67335593,8281773
demo,5582,67335728,8281790
demo,5583,67335729,8281790
demo,5584,137422178909,17177637187
demo,5585,67335864,8281807
demo,5586,67335865,8281807
demo,5587,67336000,8281824
demo,5588,67336001,8281824
demo,5589,67336136,8281841
demo,5590,67336137,8281841
demo,5591,67336272,8281858
demo,5592,67336273,8281858
demo,5593,67336408,8281875
demo,5594,67336409,8281875
demo,5595,137422178909,17177637187
demo,5596,67336544,8281892
demo,5597,67336545,8281892
demo,5598,67336680,8281909
demo,5599,67336681,8281909
demo,5600,137422176064,17177636832
demo,5601,137422178939,17177637191
demo,5602,137422178940,17177637191
demo,5603,137422178941,17177637191
demo,5604,137422178942,17177637191
demo,5605,137422178943,17177637191
demo,5606,137422178944,17177637192
demo,5607,137422178945,17177637192
demo,5608,137422178946,17177637192
demo,5609,137422178947,17177637192
demo,5610,137422178948,17177637192
demo,5611,137422178949,17177637192
demo,5612,137422178950,17177637192
demo,5613,137422178951,17177637192
demo,5614,137422178952,17177637193
demo,5615,137422178953,17177637193
demo,5616,137422178954,17177637193
demo,5617,137422178955,17177637193
demo,5618,137422178939,17177637191
demo,5619,67331240,8281229
demo,5620,67331241,8281229
demo,5621,67331376,8281246
demo,5622,67331377,8281246
demo,5623,137422178939,17177637191
demo,5624,67331512,8281263
demo,5625,67331513,8281263
demo,5626,67331648,8281280
demo,5627,67331649,8281280
demo,5628,67331784,8281297
demo,5629,67331785,8281297
demo,5630,67331920,8281314
demo,5631,67331921,8281314
demo,5632,67332056,8281331
demo,5633,67332057,8281331
demo,5634,67332192,8281348
demo,5635,67332193,8281348
demo,5636,67332328,8281365
demo,5637,67332329,8281365
demo,5638,67332464,8281382
demo,5639,67332465,8281382
demo,5640,67332600,8281399
demo,5641,67332601,8281399
demo,5642,67332736,8281416
demo,5643,67332737,8281416
demo,5644,67332872,8281433
demo,5645,67332873,8281433
demo,5646,137422178939,17177637191
demo,5647,67333008,8281450
demo,5648,67333009,8281450
demo,5649,137422178939,17177637191
demo,5650,67333144,8281467
demo,5651,67333145,8281467
demo,5652,137422178939,17177637191
demo,5653,67333280,8281484
demo,5654,67333281,8281484
demo,5655,67333416,8281501
demo,5656,67333417,8281501
demo,5657,67333552,8281518
demo,5658,67333553,8281518
demo,5659,67333688,8281535
demo,5660,67333689,8281535
demo,5661,67333824,8281552
demo,5662,67333825,8281552
demo,5663,137422178939,17177637191
demo,5664,67333960,8281569
demo,5665,67333961,8281569
demo,5666,67334096,8281586
demo,5667,67334097,8281586
demo,5668,67334232,8281603
demo,5669,67334233,8281603
demo,5670,67334368,8281620
demo,5671,67334369,8281620
demo,5672,137422178939,17177637191
demo,5673,67334504,8281637
demo,5674,67334505,8281637
demo,5675,67334640,8281654
demo,5676,67334641,8281654
demo,5677,67334776,8281671
demo,5678,67334777,8281671
demo,5679,137422178939,17177637191
demo,5680,67334912,8281688
demo,5681,67334913,8281688
demo,5682,67335048,8281705
demo,5683,67335049,8281705
demo,5684,67335184,8281722
demo,5685,67335185,8281722
demo,5686,67335320,8281739
demo,5687,67335321,8281739
demo,5688,67335456,8281756
demo,5689,67335457,8281756
demo,5690,137422178939,17177637191
demo,5691,67335592,8281773
demo,5692,67335593,8281773
demo,5693,67335728,8281790
demo,5694,67335729,8281790
demo,5695,137422178939,17177637191
demo,5696,67335864,8281807
demo,5697,67335865,8281807
demo,5698,67336000,8281824
demo,5699,67336001,8281824
demo,5700,67336136,8281841
demo,5701,67336137,8281841
demo,5702,67336272,8281858
demo,5703,67336273,8281858
demo,5704,67336408,8281875
demo,5705,67336409,8281875
demo,5706,137422178939,17177637191
demo,5707,67336544,8281892
demo,5708,67336545,8281892
demo,5709,67336680,8281909
demo,5710,67336681,8281909
demo,5711,137422176072,17177636833
demo,5712,137422178997,17177637198
demo,5713,137422178998,17177637198
demo,5714,137422178999,17177637198
demo,5715,137422179000,17177637199
demo,5716,137422179001,17177637199
demo,5717,137422179002,17177637199
demo,5718,137422179003,17177637199
demo,5719,137422179004,17177637199
demo,5720,137422179005,17177637199
demo,5721,137422179006,17177637199
demo,5722,137422179007,17177637199
demo,5723,137422178997,17177637198
demo,5724,67331240,8281229
demo,5725,67331241,8281229
demo,5726,67331376,8281246
demo,5727,67331377,8281246
demo,5728,137422178997,17177637198
demo,5729,67331512,8281263
demo,5730,67331513,8281263
demo,5731,67331648,8281280
demo,5732,67331649,8281280
demo,5733,67331784,8281297
demo,5734,67331785,8281297
demo,5735,67331920,8281314
demo,5736,67331921,8281314
demo,5737,67332056,8281331
demo,5738,67332057,8281331
demo,5739,67332192,8281348
demo,5740,67332193,8281348
demo,5741,67332328,8281365
demo,5742,67332329,8281365
demo,5743,67332464,8281382
demo,5744,67332465,8281382
demo,5745,67332600,8281399
demo,5746,67332601,8281399
demo,5747,67332736,8281416
demo,5748,67332737,8281416
demo,5749,67332872,8281433
demo,5750,67332873,8281433
demo,5751,137422178997,17177637198
demo,5752,67333008,8281450
demo,5753,67333009,8281450
demo,5754,137422178997,17177637198
demo,5755,67333010,8281450
demo,5756,137422178998,17177637198
demo,5757,67333144,8281467
demo,5758,67333145,8281467
demo,5759,137422178997,17177637198
demo,5760,67333280,8281484
demo,5761,67333281,8281484
demo,5762,67333416,8281501
demo,5763,67333417,8281501
demo,5764,67333552,8281518
demo,5765,67333553,8281518
demo,5766,67333688,8281535
demo,5767,67333689,8281535
demo,5768,67333824,8281552
demo,5769,67333825,8281552
demo,5770,137422178997,17177637198
demo,5771,67333826,8281552
demo,5772,137422178998,17177637198
demo,5773,67333960,8281569
demo,5774,67333961,8281569
demo,5775,67334096,8281586
demo,5776,67334097,8281586
demo,5777,67334232,8281603
demo,5778,67334233,8281603
demo,5779,67334368,8281620
demo,5780,67334369,8281620
demo,5781,137422178997,17177637198
demo,5782,67334504,8281637
demo,5783,67334505,8281637
demo,5784,67334640,8281654
demo,5785,67334641,8281654
demo,5786,67334776,8281671
demo,5787,67334777,8281671
demo,5788,137422178997,17177637198
demo,5789,67334912,8281688
demo,5790,67334913,8281688
demo,5791,67335048,8281705
demo,5792,67335049,8281705
demo,5793,67335184,8281722
demo,5794,67335185,8281722
demo,5795,67335320,8281739
demo,5796,67335321,8281739
demo,5797,67335456,8281756
demo,5798,67335457,8281756
demo,5799,137422178997,17177637198
demo,5800,67335592,8281773
demo,5801,67335593,8281773
demo,5802,67335728,8281790
demo,5803,67335729,8281790
demo,5804,137422178997,17177637198
demo,5805,67335864,8281807
demo,5806,67335865,8281807
demo,5807,67336000,8281824
demo,5808,67336001,8281824
demo,5809,67336136,8281841
demo,5810,67336137,8281841
demo,5811,67336272,8281858
demo,5812,67336273,8281858
demo,5813,67336408,8281875
demo,5814,67336409,8281875
demo,5815,137422178997,17177637198
demo,5816,67336544,8281892
demo,5817,67336545,8281892
demo,5818,67336680,8281909
demo,5819,67336681,8281909
demo,5820,137422176080,17177636834
demo,5821,137422179020,17177637201
demo,5822,137422179021,17177637201
demo,5823,137422179022,17177637201
demo,5824,137422179023,17177637201
demo,5825,137422179024,17177637202
demo,5826,137422179025,17177637202
demo,5827,137422179026,17177637202
demo,5828,137422179027,17177637202
demo,5829,137422179028,17177637202
demo,5830,137422179029,17177637202
demo,5831,137422179030,17177637202
demo,5832,137422179031,17177637202
demo,5833,137422179032,17177637203
demo,5834,137422179033,17177637203
demo,5835,137422179034,17177637203
demo,5836,137422179035,17177637203
demo,5837,137422179036,17177637203
demo,5838,137422179037,17177637203
demo,5839,137422179038,17177637203
demo,5840,137422179039,17177637203
demo,5841,137422179040,17177637204
demo,5842,137422179020,17177637201
demo,5843,67331240,8281229
demo,5844,67331241,8281229
demo,5845,67331376,8281246
demo,5846,67331377,8281246
demo,5847,137422179020,17177637201
demo,5848,67331512,8281263
demo,5849,67331513,8281263
demo,5850,67331648,8281280
demo,5851,67331649,8281280
demo,5852,67331784,8281297
demo,5853,67331785,8281297
demo,5854,67331920,8281314
demo,5855,67331921,8281314
demo,5856,67332056,8281331
demo,5857,67332057,8281331
demo,5858,67332192,8281348
demo,5859,67332193,8281348
demo,5860,67332328,8281365
demo,5861,67332329,8281365
demo,5862,67332464,8281382
demo,5863,67332465,8281382
demo,5864,67332600,8281399
demo,5865,67332601,8281399
demo,5866,67332736,8281416
demo,5867,67332737,8281416
demo,5868,67332872,8281433
demo,5869,67332873,8281433
demo,5870,137422179020,17177637201
demo,5871,67333008,8281450
demo,5872,67333009,8281450
demo,5873,137422179020,17177637201
demo,5874,67333144,8281467
demo,5875,67333145,8281467
demo,5876,137422179020,17177637201
demo,5877,67333280,8281484
demo,5878,67333281,8281484
demo,5879,67333416,8281501
demo,5880,67333417,8281501
demo,5881,67333552,8281518
demo,5882,67333553,8281518
demo,5883,67333688,8281535
demo,5884,67333689,8281535
demo,5885,67333824,8281552
demo,5886,67333825,8281552
demo,5887,137422179020,17177637201
demo,5888,67333960,8281569
demo,5889,67333961,8281569
demo,5890,67334096,8281586
demo,5891,67334097,8281586
demo,5892,67334232,8281603
demo,5893,67334233,8281603
demo,5894,67334368,8281620
demo,5895,67334369,8281620
demo,5896,137422179020,17177637201
demo,5897,67334504,8281637
demo,5898,67334505,8281637
demo,5899,67334640,8281654
demo,5900,67334641,8281654
demo,5901,67334776,8281671
demo,5902,67334777,8281671
demo,5903,137422179020,17177637201
demo,5904,67334912,8281688
demo,5905,67334913,8281688
demo,5906,67335048,8281705
demo,5907,67335049,8281705
demo,5908,67335184,8281722
demo,5909,67335185,8281722
demo,5910,67335320,8281739
demo,5911,67335321,8281739
demo,5912,67335456,8281756
demo,5913,67335457,8281756
demo,5914,137422179020,17177637201
demo,5915,67335592,8281773
demo,5916,67335593,8281773
demo,5917,67335728,8281790
demo,5918,67335729,8281790
demo,5919,137422179020,17177637201
demo,5920,67335864,8281807
demo,5921,67335865,8281807
demo,5922,67336000,8281824
demo,5923,67336001,8281824
demo,5924,67336136,8281841
demo,5925,67336137,8281841
demo,5926,67336272,8281858
demo,5927,67336273,8281858
demo,5928,67336408,8281875
demo,5929,67336409,8281875
demo,5930,137422179020,17177637201
demo,5931,67336544,8281892
demo,5932,67336545,8281892
demo,5933,67336680,8281909
demo,5934,67336681,8281909
demo,5935,137422176088,17177636835
demo,5936,137422179079,17177637208
demo,5937,137422179080,17177637209
demo,5938,137422179081,17177637209
demo,5939,137422179082,17177637209
demo,5940,137422179083,17177637209
demo,5941,137422179084,17177637209
demo,5942,137422179085,17177637209
demo,5943,137422179086,17177637209
demo,5944,137422179087,17177637209
demo,5945,137422179088,17177637210
demo,5946,137422179089,17177637210
demo,5947,137422179090,17177637210
demo,5948,137422179091,17177637210
demo,5949,137422179092,17177637210
demo,5950,137422179093,17177637210
demo,5951,137422179094,17177637210
demo,5952,137422179079,17177637208
demo,5953,67331240,8281229
demo,5954,67331241,8281229
demo,5955,67331376,8281246
demo,5956,67331377,8281246
demo,5957,137422179079,17177637208
demo,5958,67331512,8281263
demo,5959,67331513,8281263
demo,5960,67331648,8281280
demo,5961,67331649,8281280
demo,5962,67331784,8281297
demo,5963,67331785,8281297
demo,5964,67331920,8281314
demo,5965,67331921,8281314
demo,5966,67332056,8281331
demo,5967,67332057,8281331
demo,5968,67332192,8281348
demo,5969,67332193,8281348
demo,5970,67332328,8281365
demo,5971,67332329,8281365
demo,5972,67332464,8281382
demo,5973,67332465,8281382
demo,5974,67332600,8281399
demo,5975,67332601,8281399
demo,5976,67332736,8281416
demo,5977,67332737,8281416
demo,5978,67332872,8281433
demo,5979,67332873,8281433
demo,5980,137422179079,17177637208
demo,5981,67333008,8281450
demo,5982,67333009,8281450
demo,5983,137422179079,17177637208
demo,5984,67333144,8281467
demo,5985,67333145,8281467
demo,5986,137422179079,17177637208
demo,5987,67333280,8281484
demo,5988,67333281,8281484
demo,5989,67333416,8281501
demo,5990,67333417,8281501
demo,5991,67333552,8281518
demo,5992,67333553,8281518
demo,5993,67333688,8281535
demo,5994,67333689,8281535
demo,5995,67333824,8281552
demo,5996,67333825,8281552
demo,5997,137422179079,17177637208
demo,5998,67333960,8281569
demo,5999,67333961,8281569
demo,6000,67334096,8281586
demo,6001,67334097,8281586
demo,6002,67334232,8281603
demo,6003,67334233,8281603
demo,6004,67334368,8281620
demo,6005,67334369,8281620
demo,6006,137422179079,17177637208
demo,6007,67334504,8281637
demo,6008,67334505,8281637
demo,6009,67334640,8281654
demo,6010,67334641,8281654
demo,6011,67334776,8281671
demo,6012,67334777,8281671
demo,6013,137422179079,17177637208
demo,6014,67334912,8281688
demo,6015,67334913,8281688
demo,6016,67335048,8281705
demo,6017,67335049,8281705
demo,6018,67335184,8281722
demo,6019,67335185,8281722
demo,6020,67335320,8281739
demo,6021,67335321,8281739
demo,6022,67335456,8281756
demo,6023,67335457,8281756
demo,6024,137422179079,17177637208
demo,6025,67335592,8281773
demo,6026,67335593,8281773
demo,6027,67335728,8281790
demo,6028,67335729,8281790
demo,6029,137422179079,17177637208
demo,6030,67335864,8281807
demo,6031,67335865,8281807
demo,6032,67336000,8281824
demo,6033,67336001,8281824
demo,6034,67336136,8281841
demo,6035,67336137,8281841
demo,6036,67336272,8281858
demo,6037,67336273,8281858
demo,6038,67336408,8281875
demo,6039,67336409,8281875
demo,6040,137422179079,17177637208
demo,6041,67336544,8281892
demo,6042,67336545,8281892
demo,6043,67336680,8281909
demo,6044,67336681,8281909
demo,6045,137422176096,17177636836
demo,6046,137422179110,17177637212
demo,6047,137422179111,17177637212
demo,6048,137422179112,17177637213
demo,6049,137422179113,17177637213
demo,6050,137422179114,17177637213
demo,6051,137422179115,17177637213
demo,6052,137422179116,17177637213
demo,6053,137422179117,17177637213
demo,6054,137422179118,17177637213
demo,6055,137422179119,17177637213
demo,6056,137422179120,17177637214
demo,6057,137422179121,17177637214
demo,6058,137422179110,17177637212
demo,6059,67298051,8277080
demo,6060,137422179111,17177637212
demo,6061,67331240,8281229
demo,6062,67331241,8281229
demo,6063,67331376,8281246
demo,6064,67331377,8281246
demo,6065,137422179110,17177637212
demo,6066,67331512,8281263
demo,6067,67331513,8281263
demo,6068,67331648,8281280
demo,6069,67331649,8281280
demo,6070,67331784,8281297
demo,6071,67331785,8281297
demo,6072,67331920,8281314
demo,6073,67331921,8281314
demo,6074,67332056,8281331
demo,6075,67332057,8281331
demo,6076,67332192,8281348
demo,6077,67332193,8281348
demo,6078,67332328,8281365
demo,6079,67332329,8281365
demo,6080,67332464,8281382
demo,6081,67332465,8281382
demo,6082,67332600,8281399
demo,6083,67332601,8281399
demo,6084,67332736,8281416
demo,6085,67332737,8281416
demo,6086,67332872,8281433
demo,6087,67332873,8281433
demo,6088,137422179110,17177637212
demo,6089,67333008,8281450
demo,6090,67333009,8281450
demo,6091,137422179110,17177637212
demo,6092,67333144,8281467
demo,6093,67333145,8281467
demo,6094,137422179110,17177637212
demo,6095,67333280,8281484
demo,6096,67333281,8281484
demo,6097,67333416,8281501
demo,6098,67333417,8281501
demo,6099,67333552,8281518
demo,6100,67333553,8281518
demo,6101,67333688,8281535
demo,6102,67333689,8281535
demo,6103,67333824,8281552
demo,6104,67333825,8281552
demo,6105,137422179110,17177637212
demo,6106,67333960,8281569
demo,6107,67333961,8281569
demo,6108,67334096,8281586
demo,6109,67334097,8281586
demo,6110,67334232,8281603
demo,6111,67334233,8281603
demo,6112,67334368,8281620
demo,6113,67334369,8281620
demo,6114,137422179110,17177637212
demo,6115,67334504,8281637
demo,6116,67334505,8281637
demo,6117,67334640,8281654
demo,6118,67334641,8281654
demo,6119,67334776,8281671
demo,6120,67334777,8281671
demo,6121,137422179110,17177637212
demo,6122,67334912,8281688
demo,6123,67334913,8281688
demo,6124,67335048,8281705
demo,6125,67335049,8281705
demo,6126,67335184,8281722
demo,6127,67335185,8281722
demo,6128,67335320,8281739
demo,6129,67335321,8281739
demo,6130,67335456,8281756
demo,6131,67335457,8281756
demo,6132,137422179110,17177637212
demo,6133,67335592,8281773
demo,6134,67335593,8281773
demo,6135,67335728,8281790
demo,6136,67335729,8281790
demo,6137,137422179110,17177637212
demo,6138,67335864,8281807
demo,6139,67335865,8281807
demo,6140,67336000,8281824
demo,6141,67336001,8281824
demo,6142,67336136,8281841
demo,6143,67336137,8281841
demo,6144,67336272,8281858
demo,6145,67336273,8281858
demo,6146,67336408,8281875
demo,6147,67336409,8281875
demo,6148,137422179110,17177637212
demo,6149,67336544,8281892
demo,6150,67336545,8281892
demo,6151,67336680,8281909
demo,6152,67336681,8281909
demo,6153,137422176104,17177636837
demo,6154,137422179126,17177637214
demo,6155,137422179127,17177637214
demo,6156,137422179128,17177637215
demo,6157,137422179129,17177637215
demo,6158,137422179130,17177637215
demo,6159,137422179131,17177637215
demo,6160,137422179132,17177637215
demo,6161,137422179133,17177637215
demo,6162,137422179134,17177637215
demo,6163,137422179135,17177637215
demo,6164,137422179136,17177637216
demo,6165,137422179137,17177637216
demo,6166,137422179138,17177637216
demo,6167,137422179139,17177637216
demo,6168,137422179140,17177637216
demo,6169,137422179141,17177637216
demo,6170,137422179142,17177637216
demo,6171,137422179143,17177637216
demo,6172,137422179126,17177637214
demo,6173,67298051,8277080
demo,6174,137422179127,17177637214
demo,6175,67298052,8277080
demo,6176,137422179128,17177637215
demo,6177,67298053,8277080
demo,6178,137422179129,17177637215
demo,6179,67298054,8277080
demo,6180,137422179130,17177637215
demo,6181,67298055,8277080
demo,6182,137422179131,17177637215
demo,6183,67331240,8281229
demo,6184,67331241,8281229
demo,6185,67331376,8281246
demo,6186,67331377,8281246
demo,6187,137422179126,17177637214
demo,6188,67331512,8281263
demo,6189,67331513,8281263
demo,6190,67331648,8281280
demo,6191,67331649,8281280
demo,6192,67331784,8281297
demo,6193,67331785,8281297
demo,6194,67331920,8281314
demo,6195,67331921,8281314
demo,6196,67332056,8281331
demo,6197,67332057,8281331
demo,6198,67332192,8281348
demo,6199,67332193,8281348
demo,6200,67332328,8281365
demo,6201,67332329,8281365
demo,6202,67332464,8281382
demo,6203,67332465,8281382
demo,6204,67332600,8281399
demo,6205,67332601,8281399
demo,6206,67332736,8281416
demo,6207,67332737,8281416
demo,6208,67332872,8281433
demo,6209,67332873,8281433
demo,6210,137422179126,17177637214
demo,6211,67333008,8281450
demo,6212,67333009,8281450
demo,6213,137422179126,17177637214
demo,6214,67333144,8281467
demo,6215,67333145,8281467
demo,6216,137422179126,17177637214
demo,6217,67333280,8281484
demo,6218,67333281,8281484
demo,6219,67333416,8281501
demo,6220,67333417,8281501
demo,6221,67333552,8281518
demo,6222,67333553,8281518
demo,6223,67333688,8281535
demo,6224,67333689,8281535
demo,6225,67333824,8281552
demo,6226,67333825,8281552
demo,6227,137422179126,17177637214
demo,6228,67333960,8281569
demo,6229,67333961,8281569
demo,6230,67334096,8281586
demo,6231,67334097,8281586
demo,6232,67334232,8281603
demo,6233,67334233,8281603
demo,6234,67334368,8281620
demo,6235,67334369,8281620
demo,6236,137422179126,17177637214
demo,6237,67334504,8281637
demo,6238,67334505,8281637
demo,6239,67334640,8281654
demo,6240,67334641,8281654
demo,6241,67334776,8281671
demo,6242,67334777,8281671
demo,6243,137422179126,17177637214
demo,6244,67334912,8281688
demo,6245,67334913,8281688
demo,6246,67335048,8281705
demo,6247,67335049,8281705
demo,6248,67335184,8281722
demo,6249,67335185,8281722
demo,6250,67335320,8281739
demo,6251,67335321,8281739
demo,6252,67335456,8281756
demo,6253,67335457,8281756
demo,6254,137422179126,17177637214
demo,6255,67335592,8281773
demo,6256,67335593,8281773
demo,6257,67335728,8281790
demo,6258,67335729,8281790
demo,6259,137422179126,17177637214
demo,6260,67335864,8281807
demo,6261,67335865,8281807
demo,6262,67336000,8281824
demo,6263,67336001,8281824
demo,6264,67336136,8281841
demo,6265,67336137,8281841
demo,6266,67336272,8281858
demo,6267,67336273,8281858
demo,6268,67336408,8281875
demo,6269,67336409,8281875
demo,6270,137422179126,17177637214
demo,6271,67336544,8281892
demo,6272,67336545,8281892
demo,6273,67336680,8281909
demo,6274,67336681,8281909
demo,6275,137422176112,17177636838
demo,6276,137422179146,17177637217
demo,6277,137422179147,17177637217
demo,6278,137422179148,17177637217
demo,6279,137422179149,17177637217
demo,6280,137422179150,17177637217
demo,6281,137422179151,17177637217
demo,6282,137422179152,17177637218
demo,6283,137422179153,17177637218
demo,6284,137422179154,17177637218
demo,6285,137422179155,17177637218
demo,6286,137422179156,17177637218
demo,6287,137422179157,17177637218
demo,6288,137422179158,17177637218
demo,6289,137422179146,17177637217
demo,6290,67331240,8281229
demo,6291,67331241,8281229
demo,6292,67331376,8281246
demo,6293,67331377,8281246
demo,6294,137422179146,17177637217
demo,6295,67331512,8281263
demo,6296,67331513,8281263
demo,6297,67331648,8281280
demo,6298,67331649,8281280
demo,6299,67331784,8281297
demo,6300,67331785,8281297
demo,6301,67331920,8281314
demo,6302,67331921,8281314
demo,6303,67332056,8281331
demo,6304,67332057,8281331
demo,6305,67332192,8281348
demo,6306,67332193,8281348
demo,6307,67332328,8281365
demo,6308,67332329,8281365
demo,6309,67332464,8281382
demo,6310,67332465,8281382
demo,6311,67332600,8281399
demo,6312,67332601,8281399
demo,6313,67332736,8281416
demo,6314,67332737,8281416
demo,6315,67332872,8281433
demo,6316,67332873,8281433
demo,6317,137422179146,17177637217
demo,6318,67333008,8281450
demo,6319,67333009,8281450
demo,6320,137422179146,17177637217
demo,6321,67333144,8281467
demo,6322,67333145,8281467
demo,6323,137422179146,17177637217
demo,6324,67333280,8281484
demo,6325,67333281,8281484
demo,6326,67333416,8281501
demo,6327,67333417,8281501
demo,6328,67333552,8281518
demo,6329,67333553,8281518
demo,6330,67333688,8281535
demo,6331,67333689,8281535
demo,6332,67333824,8281552
demo,6333,67333825,8281552
demo,6334,137422179146,17177637217
demo,6335,67333960,8281569
demo,6336,67333961,8281569
demo,6337,67334096,8281586
demo,6338,67334097,8281586
demo,6339,67334232,8281603
demo,6340,67334233,8281603
demo,6341,67334368,8281620
demo,6342,67334369,8281620
demo,6343,137422179146,17177637217
demo,6344,67334504,8281637
demo,6345,67334505,8281637
demo,6346,67334640,8281654
demo,6347,67334641,8281654
demo,6348,67334776,8281671
demo,6349,67334777,8281671
demo,6350,137422179146,17177637217
demo,6351,67334912,8281688
demo,6352,67334913,8281688
demo,6353,67335048,8281705
demo,6354,67335049,8281705
demo,6355,67335184,8281722
demo,6356,67335185,8281722
demo,6357,67335320,8281739
demo,6358,67335321,8281739
demo,6359,67335456,8281756
demo,6360,67335457,8281756
demo,6361,137422179146,17177637217
demo,6362,67335592,8281773
demo,6363,67335593,8281773
demo,6364,67335728,8281790
demo,6365,67335729,8281790
demo,6366,137422179146,17177637217
demo,6367,67335864,8281807
demo,6368,67335865,8281807
demo,6369,67336000,8281824
demo,6370,67336001,8281824
demo,6371,67336136,8281841
demo,6372,67336137,8281841
demo,6373,67336272,8281858
demo,6374,67336273,8281858
demo,6375,67336408,8281875
demo,6376,67336409,8281875
demo,6377,137422179146,17177637217
demo,6378,67336544,8281892
demo,6379,67336545,8281892
demo,6380,67336680,8281909
demo,6381,67336681,8281909
demo,6382,137422176120,17177636839
demo,6383,137422179161,17177637219
demo,6384,137422179162,17177637219
demo,6385,137422179163,17177637219
demo,6386,137422179164,17177637219
demo,6387,137422179165,17177637219
demo,6388,137422179166,17177637219
demo,6389,137422179167,17177637219
demo,6390,137422179168,17177637220
demo,6391,137422179161,17177637219
demo,6392,67331240,8281229
demo,6393,67331241,8281229
demo,6394,67331376,8281246
demo,6395,67331377,8281246
demo,6396,137422179161,17177637219
demo,6397,67331512,8281263
demo,6398,67331513,8281263
demo,6399,67331648,8281280
demo,6400,67331649,8281280
demo,6401,67331784,8281297
demo,6402,67331785,8281297
demo,6403,67331920,8281314
demo,6404,67331921,8281314
demo,6405,67332056,8281331
demo,6406,67332057,8281331
demo,6407,67332192,8281348
demo,6408,67332193,8281348
demo,6409,67332328,8281365
demo,6410,67332329,8281365
demo,6411,67332464,8281382
demo,6412,67332465,8281382
demo,6413,67332600,8281399
demo,6414,67332601,8281399
demo,6415,67332736,8281416
demo,6416,67332737,8281416
demo,6417,67332872,8281433
demo,6418,67332873,8281433
demo,6419,137422179161,17177637219
demo,6420,67333008,8281450
demo,6421,67333009,8281450
demo,6422,137422179161,17177637219
demo,6423,67333144,8281467
demo,6424,67333145,8281467
demo,6425,137422179161,17177637219
demo,6426,67333280,8281484
demo,6427,67333281,8281484
demo,6428,67333416,8281501
demo,6429,67333417,8281501
demo,6430,67333552,8281518
demo,6431,67333553,8281518
demo,6432,67333688,8281535
demo,6433,67333689,8281535
demo,6434,67333824,8281552
demo,6435,67333825,8281552
demo,6436,137422179161,17177637219
demo,6437,67333960,8281569
demo,6438,67333961,8281569
demo,6439,67334096,8281586
demo,6440,67334097,8281586
demo,6441,67334232,8281603
demo,6442,67334233,8281603
demo,6443,67334368,8281620
demo,6444,67334369,8281620
demo,6445,137422179161,17177637219
demo,6446,67334504,8281637
demo,6447,67334505,8281637
demo,6448,67334640,8281654
demo,6449,67334641,8281654
demo,6450,67334776,8281671
demo,6451,67334777,8281671
demo,6452,137422179161,17177637219
demo,6453,67334912,8281688
demo,6454,67334913,8281688
demo,6455,67335048,8281705
demo,6456,67335049,8281705
demo,6457,67335184,8281722
demo,6458,67335185,8281722
demo,6459,67335320,8281739
demo,6460,67335321,8281739
demo,6461,67335456,8281756
demo,6462,67335457,8281756
demo,6463,137422179161,17177637219
demo,6464,67335592,8281773
demo,6465,67335593,8281773
demo,6466,67335728,8281790
demo,6467,67335729,8281790
demo,6468,137422179161,17177637219
demo,6469,67335864,8281807
demo,6470,67335865,8281807
demo,6471,67336000,8281824
demo,6472,67336001,8281824
demo,6473,67336136,8281841
demo,6474,67336137,8281841
demo,6475,67336272,8281858
demo,6476,67336273,8281858
demo,6477,67336408,8281875
demo,6478,67336409,8281875
demo,6479,137422179161,17177637219
demo,6480,67336544,8281892
demo,6481,67336545,8281892
demo,6482,67336680,8281909
demo,6483,67336681,8281909
demo,6484,137422176128,17177636840
demo,6485,137422179172,17177637220
demo,6486,137422179173,17177637220
demo,6487,137422179174,17177637220
demo,6488,137422179175,17177637220
demo,6489,137422179176,17177637221
demo,6490,137422179172,17177637220
demo,6491,67331240,8281229
demo,6492,67331241,8281229
demo,6493,67331376,8281246
demo,6494,67331377,8281246
demo,6495,137422179172,17177637220
demo,6496,67331512,8281263
demo,6497,67331513,8281263
demo,6498,67331648,8281280
demo,6499,67331649,8281280
demo,6500,67331784,8281297
demo,6501,67331785,8281297
demo,6502,67331920,8281314
demo,6503,67331921,8281314
demo,6504,67332056,8281331
demo,6505,67332057,8281331
demo,6506,67332192,8281348
demo,6507,67332193,8281348
demo,6508,67332328,8281365
demo,6509,67332329,8281365
demo,6510,67332464,8281382
demo,6511,67332465,8281382
demo,6512,67332600,8281399
demo,6513,67332601,8281399
demo,6514,67332736,8281416
demo,6515,67332737,8281416
demo,6516,67332872,8281433
demo,6517,67332873,8281433
demo,6518,137422179172,17177637220
demo,6519,67333008,8281450
demo,6520,67333009,8281450
demo,6521,137422179172,17177637220
demo,6522,67333010,8281450
demo,6523,137422179173,17177637220
demo,6524,67333144,8281467
demo,6525,67333145,8281467
demo,6526,137422179172,17177637220
demo,6527,67333280,8281484
demo,6528,67333281,8281484
demo,6529,67333416,8281501
demo,6530,67333417,8281501
demo,6531,67333552,8281518
demo,6532,67333553,8281518
demo,6533,67333688,8281535
demo,6534,67333689,8281535
demo,6535,67333824,8281552
demo,6536,67333825,8281552
demo,6537,137422179172,17177637220
demo,6538,67333826,8281552
demo,6539,137422179173,17177637220
demo,6540,67333960,8281569
demo,6541,67333961,8281569
demo,6542,67334096,8281586
demo,6543,67334097,8281586
demo,6544,67334232,8281603
demo,6545,67334233,8281603
demo,6546,67334368,8281620
demo,6547,67334369,8281620
demo,6548,137422179172,17177637220
demo,6549,67334504,8281637
demo,6550,67334505,8281637
demo,6551,67334640,8281654
demo,6552,67334641,8281654
demo,6553,67334776,8281671
demo,6554,67334777,8281671
demo,6555,137422179172,17177637220
demo,6556,67334912,8281688
demo,6557,67334913,8281688
demo,6558,67335048,8281705
demo,6559,67335049,8281705
demo,6560,67335184,8281722
demo,6561,67335185,8281722
demo,6562,67335320,8281739
demo,6563,67335321,8281739
demo,6564,67335456,8281756
demo,6565,67335457,8281756
demo,6566,137422179172,17177637220
demo,6567,67335592,8281773
demo,6568,67335593,8281773
demo,6569,67335728,8281790
demo,6570,67335729,8281790
demo,6571,137422179172,17177637220
demo,6572,67335864,8281807
demo,6573,67335865,8281807
demo,6574,67336000,8281824
demo,6575,67336001,8281824
demo,6576,67336136,8281841
demo,6577,67336137,8281841
demo,6578,67336272,8281858
demo,6579,67336273,8281858
demo,6580,67336408,8281875
demo,6581,67336409,8281875
demo,6582,137422179172,17177637220
demo,6583,67336544,8281892
demo,6584,67336545,8281892
demo,6585,67336680,8281909
demo,6586,67336681,8281909
demo,6587,137422176136,17177636841
demo,6588,137422179189,17177637222
demo,6589,137422179190,17177637222
demo,6590,137422179191,17177637222
demo,6591,137422179192,17177637223
demo,6592,137422179193,17177637223
demo,6593,137422179194,17177637223
demo,6594,137422179195,17177637223
demo,6595,137422179196,17177637223
demo,6596,137422179197,17177637223
demo,6597,137422179198,17177637223
demo,6598,137422179199,17177637223
demo,6599,137422179200,17177637224
demo,6600,137422179201,17177637224
demo,6601,137422179202,17177637224
demo,6602,137422179203,17177637224
demo,6603,137422179204,17177637224
demo,6604,137422179205,17177637224
demo,6605,137422179206,17177637224
demo,6606,137422179207,17177637224
demo,6607,137422179208,17177637225
demo,6608,137422179189,17177637222
demo,6609,67331240,8281229
demo,6610,67331241,8281229
demo,6611,67331376,8281246
demo,6612,67331377,8281246
demo,6613,137422179189,17177637222
demo,6614,67331512,8281263
demo,6615,67331513,8281263
demo,6616,67331648,8281280
demo,6617,67331649,8281280
demo,6618,67331784,8281297
demo,6619,67331785,8281297
demo,6620,67331920,8281314
demo,6621,67331921,8281314
demo,6622,67332056,8281331
demo,6623,67332057,8281331
demo,6624,67332192,8281348
demo,6625,67332193,8281348
demo,6626,67332328,8281365
demo,6627,67332329,8281365
demo,6628,67332464,8281382
demo,6629,67332465,8281382
demo,6630,67332600,8281399
demo,6631,67332601,8281399
demo,6632,67332736,8281416
demo,6633,67332737,8281416
demo,6634,67332872,8281433
demo,6635,67332873,8281433
demo,6636,137422179189,17177637222
demo,6637,67333008,8281450
demo,6638,67333009,8281450
demo,6639,137422179189,17177637222
demo,6640,67333144,8281467
demo,6641,67333145,8281467
demo,6642,137422179189,17177637222
demo,6643,67333280,8281484
demo,6644,67333281,8281484
demo,6645,67333416,8281501
demo,6646,67333417,8281501
demo,6647,67333552,8281518
demo,6648,67333553,8281518
demo,6649,67333688,8281535
demo,6650,67333689,8281535
demo,6651,67333824,8281552
demo,6652,67333825,8281552
demo,6653,137422179189,17177637222
demo,6654,67333960,8281569
demo,6655,67333961,8281569
demo,6656,67334096,8281586
demo,6657,67334097,8281586
demo,6658,67334232,8281603
demo,6659,67334233,8281603
demo,6660,67334368,8281620
demo,6661,67334369,8281620
demo,6662,137422179189,17177637222
demo,6663,67334504,8281637
demo,6664,67334505,8281637
demo,6665,67334640,8281654
demo,6666,67334641,8281654
demo,6667,67334776,8281671
demo,6668,67334777,8281671
demo,6669,137422179189,17177637222
demo,6670,67334912,8281688
demo,6671,67334913,8281688
demo,6672,67335048,8281705
demo,6673,67335049,8281705
demo,6674,67335184,8281722
demo,6675,67335185,8281722
demo,6676,67335320,8281739
demo,6677,67335321,8281739
demo,6678,67335456,8281756
demo,6679,67335457,8281756
demo,6680,137422179189,17177637222
demo,6681,67335592,8281773
demo,6682,67335593,8281773
demo,6683,67335728,8281790
demo,6684,67335729,8281790
demo,6685,137422179189,17177637222
demo,6686,67335864,8281807
demo,6687,67335865,8281807
demo,6688,67336000,8281824
demo,6689,67336001,8281824
demo,6690,67336136,8281841
demo,6691,67336137,8281841
demo,6692,67336272,8281858
demo,6693,67336273,8281858
demo,6694,67336408,8281875
demo,6695,67336409,8281875
demo,6696,137422179189,17177637222
demo,6697,67336544,8281892
demo,6698,67336545,8281892
demo,6699,67336680,8281909
demo,6700,67336681,8281909
demo,6701,137422176144,17177636842
demo,6702,137422179220,17177637226
demo,6703,137422179221,17177637226
demo,6704,137422179222,17177637226
demo,6705,137422179223,17177637226
demo,6706,137422179224,17177637227
demo,6707,137422179225,17177637227
demo,6708,137422179226,17177637227
demo,6709,137422179227,17177637227
demo,6710,137422179228,17177637227
demo,6711,137422179229,17177637227
demo,6712,137422179230,17177637227
demo,6713,137422179231,17177637227
demo,6714,137422179232,17177637228
demo,6715,137422179220,17177637226
demo,6716,67331240,8281229
demo,6717,67331241,8281229
demo,6718,67331376,8281246
demo,6719,67331377,8281246
demo,6720,137422179220,17177637226
demo,6721,67331512,8281263
demo,6722,67331513,8281263
demo,6723,67331648,8281280
demo,6724,67331649,8281280
demo,6725,67331784,8281297
demo,6726,67331785,8281297
demo,6727,67331920,8281314
demo,6728,67331921,8281314
demo,6729,67332056,8281331
demo,6730,67332057,8281331
demo,6731,67332192,8281348
demo,6732,67332193,8281348
demo,6733,67332328,8281365
demo,6734,67332329,8281365
demo,6735,67332464,8281382
demo,6736,67332465,8281382
demo,6737,67332600,8281399
demo,6738,67332601,8281399
demo,6739,67332736,8281416
demo,6740,67332737,8281416
demo,6741,67332872,8281433
demo,6742,67332873,8281433
demo,6743,137422179220,17177637226
demo,6744,67333008,8281450
demo,6745,67333009,8281450
demo,6746,137422179220,17177637226
demo,6747,67333010,8281450
demo,6748,137422179221,17177637226
demo,6749,67333144,8281467
demo,6750,67333145,8281467
demo,6751,137422179220,17177637226
demo,6752,67333280,8281484
demo,6753,67333281,8281484
demo,6754,67333416,8281501
demo,6755,67333417,8281501
demo,6756,67333552,8281518
demo,6757,67333553,8281518
demo,6758,67333688,8281535
demo,6759,67333689,8281535
demo,6760,67333824,8281552
demo,6761,67333825,8281552
demo,6762,137422179220,17177637226
demo,6763,67333826,8281552
demo,6764,137422179221,17177637226
demo,6765,67333960,8281569
demo,6766,67333961,8281569
demo,6767,67334096,8281586
demo,6768,67334097,8281586
demo,6769,67334232,8281603
demo,6770,67334233,8281603
demo,6771,67334368,8281620
demo,6772,67334369,8281620
demo,6773,137422179220,17177637226
demo,6774,67334504,8281637
demo,6775,67334505,8281637
demo,6776,67334640,8281654
demo,6777,67334641,8281654
demo,6778,67334776,8281671
demo,6779,67334777,8281671
demo,6780,137422179220,17177637226
demo,6781,67334912,8281688
demo,6782,67334913,8281688
demo,6783,67335048,8281705
demo,6784,67335049,8281705
demo,6785,67335184,8281722
demo,6786,67335185,8281722
demo,6787,67335320,8281739
demo,6788,67335321,8281739
demo,6789,67335456,8281756
demo,6790,67335457,8281756
demo,6791,137422179220,17177637226
demo,6792,67335592,8281773
demo,6793,67335593,8281773
demo,6794,67335728,8281790
demo,6795,67335729,8281790
demo,6796,137422179220,17177637226
demo,6797,67335864,8281807
demo,6798,67335865,8281807
demo,6799,67336000,8281824
demo,6800,67336001,8281824
demo,6801,67336136,8281841
demo,6802,67336137,8281841
demo,6803,67336272,8281858
demo,6804,67336273,8281858
demo,6805,67336408,8281875
demo,6806,67336409,8281875
demo,6807,137422179220,17177637226
demo,6808,67336544,8281892
demo,6809,67336545,8281892
demo,6810,67336680,8281909
demo,6811,67336681,8281909
demo,6812,137422176152,17177636843
demo,6813,137422179245,17177637229
demo,6814,137422179246,17177637229
demo,6815,137422179247,17177637229
demo,6816,137422179248,17177637230
demo,6817,137422179249,17177637230
demo,6818,137422179250,17177637230
demo,6819,137422179251,17177637230
demo,6820,137422179252,17177637230
demo,6821,137422179253,17177637230
demo,6822,137422179254,17177637230
demo,6823,137422179255,17177637230
demo,6824,137422179245,17177637229
demo,6825,67331240,8281229
demo,6826,67331241,8281229
demo,6827,67331376,8281246
demo,6828,67331377,8281246
demo,6829,137422179245,17177637229
demo,6830,67331512,8281263
demo,6831,67331513,8281263
demo,6832,67331648,8281280
demo,6833,67331649,8281280
demo,6834,67331784,8281297
demo,6835,67331785,8281297
demo,6836,67331920,8281314
demo,6837,67331921,8281314
demo,6838,67332056,8281331
demo,6839,67332057,8281331
demo,6840,67332192,8281348
demo,6841,67332193,8281348
demo,6842,67332328,8281365
demo,6843,67332329,8281365
demo,6844,67332464,8281382
demo,6845,67332465,8281382
demo,6846,67332600,8281399
demo,6847,67332601,8281399
demo,6848,67332736,8281416
demo,6849,67332737,8281416
demo,6850,67332872,8281433
demo,6851,67332873,8281433
demo,6852,137422179245,17177637229
demo,6853,67333008,8281450
demo,6854,67333009,8281450
demo,6855,137422179245,17177637229
demo,6856,67333144,8281467
demo,6857,67333145,8281467
demo,6858,137422179245,17177637229
demo,6859,67333280,8281484
demo,6860,67333281,8281484
demo,6861,67333416,8281501
demo,6862,67333417,8281501
demo,6863,67333552,8281518
demo,6864,67333553,8281518
demo,6865,67333688,8281535
demo,6866,67333689,8281535
demo,6867,67333824,8281552
demo,6868,67333825,8281552
demo,6869,137422179245,17177637229
demo,6870,67333960,8281569
demo,6871,67333961,8281569
demo,6872,67334096,8281586
demo,6873,67334097,8281586
demo,6874,67334232,8281603
demo,6875,67334233,8281603
demo,6876,67334368,8281620
demo,6877,67334369,8281620
demo,6878,137422179245,17177637229
demo,6879,67334504,8281637
demo,6880,67334505,8281637
demo,6881,67334640,8281654
demo,6882,67334641,8281654
demo,6883,67334776,8281671
demo,6884,67334777,8281671
demo,6885,137422179245,17177637229
demo,6886,67334912,8281688
demo,6887,67334913,8281688
demo,6888,67335048,8281705
demo,6889,67335049,8281705
demo,6890,67335184,8281722
demo,6891,67335185,8281722
demo,6892,67335320,8281739
demo,6893,67335321,8281739
demo,6894,67335456,8281756
demo,6895,67335457,8281756
demo,6896,137422179245,17177637229
demo,6897,67335592,8281773
demo,6898,67335593,8281773
demo,6899,67335728,8281790
demo,6900,67335729,8281790
demo,6901,137422179245,17177637229
demo,6902,67335864,8281807
demo,6903,67335865,8281807
demo,6904,67336000,8281824
demo,6905,67336001,8281824
demo,6906,67336136,8281841
demo,6907,67336137,8281841
demo,6908,67336272,8281858
demo,6909,67336273,8281858
demo,6910,67336408,8281875
demo,6911,67336409,8281875
demo,6912,137422179245,17177637229
demo,6913,67336544,8281892
demo,6914,67336545,8281892
demo,6915,67336680,8281909
demo,6916,67336681,8281909
demo,6917,137422176160,17177636844
demo,6918,137422179265,17177637232
demo,6919,137422179266,17177637232
demo,6920,137422179267,17177637232
demo,6921,137422179268,17177637232
demo,6922,137422179269,17177637232
demo,6923,137422179270,17177637232
demo,6924,137422179271,17177637232
demo,6925,137422179272,17177637233
demo,6926,137422179273,17177637233
demo,6927,137422179274,17177637233
demo,6928,137422179275,17177637233
demo,6929,137422179276,17177637233
demo,6930,137422179277,17177637233
demo,6931,137422179278,17177637233
demo,6932,137422179279,17177637233
demo,6933,137422179280,17177637234
demo,6934,137422179281,17177637234
demo,6935,137422179282,17177637234
demo,6936,137422179283,17177637234
demo,6937,137422179284,17177637234
demo,6938,137422179265,17177637232
demo,6939,67331240,8281229
demo,6940,67331241,8281229
demo,6941,67331376,8281246
demo,6942,67331377,8281246
demo,6943,137422179265,17177637232
demo,6944,67331512,8281263
demo,6945,67331513,8281263
demo,6946,67331648,8281280
demo,6947,67331649,8281280
demo,6948,67331784,8281297
demo,6949,67331785,8281297
demo,6950,67331920,8281314
demo,6951,67331921,8281314
demo,6952,67332056,8281331
demo,6953,67332057,8281331
demo,6954,67332192,8281348
demo,6955,67332193,8281348
demo,6956,67332328,8281365
demo,6957,67332329,8281365
demo,6958,67332464,8281382
demo,6959,67332465,8281382
demo,6960,67332600,8281399
demo,6961,67332601,8281399
demo,6962,67332736,8281416
demo,6963,67332737,8281416
demo,6964,67332872,8281433
demo,6965,67332873,8281433
demo,6966,137422179265,17177637232
demo,6967,67333008,8281450
demo,6968,67333009,8281450
demo,6969,137422179265,17177637232
demo,6970,67333144,8281467
demo,6971,67333145,8281467
demo,6972,137422179265,17177637232
demo,6973,67333280,8281484
demo,6974,67333281,8281484
demo,6975,67333416,8281501
demo,6976,67333417,8281501
demo,6977,67333552,8281518
demo,6978,67333553,8281518
demo,6979,67333688,8281535
demo,6980,67333689,8281535
demo,6981,67333824,8281552
demo,6982,67333825,8281552
demo,6983,137422179265,17177637232
demo,6984,67333960,8281569
demo,6985,67333961,8281569
demo,6986,67334096,8281586
demo,6987,67334097,8281586
demo,6988,67334232,8281603
demo,6989,67334233,8281603
demo,6990,67334368,8281620
demo,6991,67334369,8281620
demo,6992,137422179265,17177637232
demo,6993,67334504,8281637
demo,6994,67334505,8281637
demo,6995,67334640,8281654
demo,6996,67334641,8281654
demo,6997,67334776,8281671
demo,6998,67334777,8281671
demo,6999,137422179265,17177637232
demo,7000,67334912,8281688
demo,7001,67334913,8281688
demo,7002,67335048,8281705
demo,7003,67335049,8281705
demo,7004,67335184,8281722
demo,7005,67335185,8281722
demo,7006,67335320,8281739
demo,7007,67335321,8281739
demo,7008,67335456,8281756
demo,7009,67335457,8281756
demo,7010,137422179265,17177637232
demo,7011,67335592,8281773
demo,7012,67335593,8281773
demo,7013,67335728,8281790
demo,7014,67335729,8281790
demo,7015,137422179265,17177637232
demo,7016,67335864,8281807
demo,7017,67335865,8281807
demo,7018,67336000,8281824
demo,7019,67336001,8281824
demo,7020,67336136,8281841
demo,7021,67336137,8281841
demo,7022,67336272,8281858
demo,7023,67336273,8281858
demo,7024,67336408,8281875
demo,7025,67336409,8281875
demo,7026,137422179265,17177637232
demo,7027,67336544,8281892
demo,7028,67336545,8281892
demo,7029,67336680,8281909
demo,7030,67336681,8281909
demo,7031,137422176168,17177636845
demo,7032,137422179294,17177637235
demo,7033,137422179295,17177637235
demo,7034,137422179296,17177637236
demo,7035,137422179297,17177637236
demo,7036,137422179298,17177637236
demo,7037,137422179299,17177637236
demo,7038,137422179300,17177637236
demo,7039,137422179301,17177637236
demo,7040,137422179302,17177637236
demo,7041,137422179303,17177637236
demo,7042,137422179304,17177637237
demo,7043,137422179294,17177637235
demo,7044,67331240,8281229
demo,7045,67331241,8281229
demo,7046,67331376,8281246
demo,7047,67331377,8281246
demo,7048,137422179294,17177637235
demo,7049,67331512,8281263
demo,7050,67331513,8281263
demo,7051,67331648,8281280
demo,7052,67331649,8281280
demo,7053,67331784,8281297
demo,7054,67331785,8281297
demo,7055,67331920,8281314
demo,7056,67331921,8281314
demo,7057,67332056,8281331
demo,7058,67332057,8281331
demo,7059,67332192,8281348
demo,7060,67332193,8281348
demo,7061,67332328,8281365
demo,7062,67332329,8281365
demo,7063,67332464,8281382
demo,7064,67332465,8281382
demo,7065,67332600,8281399
demo,7066,67332601,8281399
demo,7067,67332736,8281416
demo,7068,67332737,8281416
demo,7069,67332872,8281433
demo,7070,67332873,8281433
demo,7071,137422179294,17177637235
demo,7072,67333008,8281450
demo,7073,67333009,8281450
demo,7074,137422179294,17177637235
demo,7075,67333144,8281467
demo,7076,67333145,8281467
demo,7077,137422179294,17177637235
demo,7078,67333280,8281484
demo,7079,67333281,8281484
demo,7080,67333416,8281501
demo,7081,67333417,8281501
demo,7082,67333552,8281518
demo,7083,67333553,8281518
demo,7084,67333688,8281535
demo,7085,67333689,8281535
demo,7086,67333824,8281552
demo,7087,67333825,8281552
demo,7088,137422179294,17177637235
demo,7089,67333960,8281569
demo,7090,67333961,8281569
demo,7091,67334096,8281586
demo,7092,67334097,8281586
demo,7093,67334232,8281603
demo,7094,67334233,8281603
demo,7095,67334368,8281620
demo,7096,67334369,8281620
demo,7097,137422179294,17177637235
demo,7098,67334504,8281637
demo,7099,67334505,8281637
demo,7100,67334640,8281654
demo,7101,67334641,8281654
demo,7102,67334776,8281671
demo,7103,67334777,8281671
demo,7104,137422179294,17177637235
demo,7105,67334912,8281688
demo,7106,67334913,8281688
demo,7107,67335048,8281705
demo,7108,67335049,8281705
demo,7109,67335184,8281722
demo,7110,67335185,8281722
demo,7111,67335320,8281739
demo,7112,67335321,8281739
demo,7113,67335456,8281756
demo,7114,67335457,8281756
demo,7115,137422179294,17177637235
demo,7116,67335592,8281773
demo,7117,67335593,8281773
demo,7118,67335728,8281790
demo,7119,67335729,8281790
demo,7120,137422179294,17177637235
demo,7121,67335864,8281807
demo,7122,67335865,8281807
demo,7123,67336000,8281824
demo,7124,67336001,8281824
demo,7125,67336136,8281841
demo,7126,67336137,8281841
demo,7127,67336272,8281858
demo,7128,67336273,8281858
demo,7129,67336408,8281875
demo,7130,67336409,8281875
demo,7131,137422179294,17177637235
demo,7132,67336544,8281892
demo,7133,67336545,8281892
demo,7134,67336680,8281909
demo,7135,67336681,8281909
demo,7136,137422176176,17177636846
demo,7137,137422179332,17177637240
demo,7138,137422179333,17177637240
demo,7139,137422179334,17177637240
demo,7140,137422179335,17177637240
demo,7141,137422179336,17177637241
demo,7142,137422179337,17177637241
demo,7143,137422179338,17177637241
demo,7144,137422179339,17177637241
demo,7145,137422179340,17177637241
demo,7146,137422179341,17177637241
demo,7147,137422179332,17177637240
demo,7148,67331240,8281229
demo,7149,67331241,8281229
demo,7150,67331376,8281246
demo,7151,67331377,8281246
demo,7152,137422179332,17177637240
demo,7153,67331512,8281263
demo,7154,67331513,8281263
demo,7155,67331648,8281280
demo,7156,67331649,8281280
demo,7157,67331784,8281297
demo,7158,67331785,8281297
demo,7159,67331920,8281314
demo,7160,67331921,8281314
demo,7161,67332056,8281331
demo,7162,67332057,8281331
demo,7163,67332192,8281348
demo,7164,67332193,8281348
demo,7165,67332328,8281365
demo,7166,67332329,8281365
demo,7167,67332464,8281382
demo,7168,67332465,8281382
demo,7169,67332600,8281399
demo,7170,67332601,8281399
demo,7171,67332736,8281416
demo,7172,67332737,8281416
demo,7173,67332872,8281433
demo,7174,67332873,8281433
demo,7175,137422179332,17177637240
demo,7176,67333008,8281450
demo,7177,67333009,8281450
demo,7178,137422179332,17177637240
demo,7179,67333010,8281450
demo,7180,137422179333,17177637240
demo,7181,67333144,8281467
demo,7182,67333145,8281467
demo,7183,137422179332,17177637240
demo,7184,67333280,8281484
demo,7185,67333281,8281484
demo,7186,67333416,8281501
demo,7187,67333417,8281501
demo,7188,67333552,8281518
demo,7189,67333553,8281518
demo,7190,67333688,8281535
demo,7191,67333689,8281535
demo,7192,67333824,8281552
demo,7193,67333825,8281552
demo,7194,137422179332,17177637240
demo,7195,67333826,8281552
demo,7196,137422179333,17177637240
demo,7197,67333960,8281569
demo,7198,67333961,8281569
demo,7199,67334096,8281586
demo,7200,67334097,8281586
demo,7201,67334232,8281603
demo,7202,67334233,8281603
demo,7203,67334368,8281620
demo,7204,67334369,8281620
demo,7205,137422179332,17177637240
demo,7206,67334504,8281637
demo,7207,67334505,8281637
demo,7208,67334640,8281654
demo,7209,67334641,8281654
demo,7210,67334776,8281671
demo,7211,67334777,8281671
demo,7212,137422179332,17177637240
demo,7213,67334912,8281688
demo,7214,67334913,8281688
demo,7215,67335048,8281705
demo,7216,67335049,8281705
demo,7217,67335184,8281722
demo,7218,67335185,8281722
demo,7219,67335320,8281739
demo,7220,67335321,8281739
demo,7221,67335456,8281756
demo,7222,67335457,8281756
demo,7223,137422179332,17177637240
demo,7224,67335592,8281773
demo,7225,67335593,8281773
demo,7226,67335728,8281790
demo,7227,67335729,8281790
demo,7228,137422179332,17177637240
demo,7229,67335864,8281807
demo,7230,67335865,8281807
demo,7231,67336000,8281824
demo,7232,67336001,8281824
demo,7233,67336136,8281841
demo,7234,67336137,8281841
demo,7235,67336272,8281858
demo,7236,67336273,8281858
demo,7237,67336408,8281875
demo,7238,67336409,8281875
demo,7239,137422179332,17177637240
demo,7240,67336544,8281892
demo,7241,67336545,8281892
demo,7242,67336680,8281909
demo,7243,67336681,8281909
demo,7244,137422176184,17177636847
demo,7245,137422179343,17177637241
demo,7246,137422179344,17177637242
demo,7247,137422179345,17177637242
demo,7248,137422179346,17177637242
demo,7249,137422179347,17177637242
demo,7250,137422179348,17177637242
demo,7251,137422179349,17177637242
demo,7252,137422179350,17177637242
demo,7253,137422179351,17177637242
demo,7254,137422179352,17177637243
demo,7255,137422179353,17177637243
demo,7256,137422179354,17177637243
demo,7257,137422179355,17177637243
demo,7258,137422179356,17177637243
demo,7259,137422179343,17177637241
demo,7260,67331240,8281229
demo,7261,67331241,8281229
demo,7262,67331376,8281246
demo,7263,67331377,8281246
demo,7264,137422179343,17177637241
demo,7265,67331512,8281263
demo,7266,67331513,8281263
demo,7267,67331648,8281280
demo,7268,67331649,8281280
demo,7269,67331784,8281297
demo,7270,67331785,8281297
demo,7271,67331920,8281314
demo,7272,67331921,8281314
demo,7273,67332056,8281331
demo,7274,67332057,8281331
demo,7275,67332192,8281348
demo,7276,67332193,8281348
demo,7277,67332328,8281365
demo,7278,67332329,8281365
demo,7279,67332464,8281382
demo,7280,67332465,8281382
demo,7281,67332600,8281399
demo,7282,67332601,8281399
demo,7283,67332736,8281416
demo,7284,67332737,8281416
demo,7285,67332872,8281433
demo,7286,67332873,8281433
demo,7287,137422179343,17177637241
demo,7288,67333008,8281450
demo,7289,67333009,8281450
demo,7290,137422179343,17177637241
demo,7291,67333144,8281467
demo,7292,67333145,8281467
demo,7293,137422179343,17177637241
demo,7294,67333280,8281484
demo,7295,67333281,8281484
demo,7296,67333416,8281501
demo,7297,67333417,8281501
demo,7298,67333552,8281518
demo,7299,67333553,8281518
demo,7300,67333688,8281535
demo,7301,67333689,8281535
demo,7302,67333824,8281552
demo,7303,67333825,8281552
demo,7304,137422179343,17177637241
demo,7305,67333960,8281569
demo,7306,67333961,8281569
demo,7307,67334096,8281586
demo,7308,67334097,8281586
demo,7309,67334232,8281603
demo,7310,67334233,8281603
demo,7311,67334368,8281620
demo,7312,67334369,8281620
demo,7313,137422179343,17177637241
demo,7314,67334504,8281637
demo,7315,67334505,8281637
demo,7316,67334640,8281654
demo,7317,67334641,8281654
demo,7318,67334776,8281671
demo,7319,67334777,8281671
demo,7320,137422179343,17177637241
demo,7321,67334912,8281688
demo,7322,67334913,8281688
demo,7323,67335048,8281705
demo,7324,67335049,8281705
demo,7325,67335184,8281722
demo,7326,67335185,8281722
demo,7327,67335320,8281739
demo,7328,67335321,8281739
demo,7329,67335456,8281756
demo,7330,67335457,8281756
demo,7331,137422179343,17177637241
demo,7332,67335592,8281773
demo,7333,67335593,8281773
demo,7334,67335728,8281790
demo,7335,67335729,8281790
demo,7336,137422179343,17177637241
demo,7337,67335864,8281807
demo,7338,67335865,8281807
demo,7339,67336000,8281824
demo,7340,67336001,8281824
demo,7341,67336136,8281841
demo,7342,67336137,8281841
demo,7343,67336272,8281858
demo,7344,67336273,8281858
demo,7345,67336408,8281875
demo,7346,67336409,8281875
demo,7347,137422179343,17177637241
demo,7348,67336544,8281892
demo,7349,67336545,8281892
demo,7350,67336680,8281909
demo,7351,67336681,8281909
demo,7352,137422176192,17177636848
demo,7353,137422179384,17177637247
demo,7354,137422179385,17177637247
demo,7355,137422179386,17177637247
demo,7356,137422179387,17177637247
demo,7357,137422179388,17177637247
demo,7358,137422179389,17177637247
demo,7359,137422179390,17177637247
demo,7360,137422179391,17177637247
demo,7361,137422179392,17177637248
demo,7362,137422179393,17177637248
demo,7363,137422179394,17177637248
demo,7364,137422179395,17177637248
demo,7365,137422179396,17177637248
demo,7366,137422179397,17177637248
demo,7367,137422179398,17177637248
demo,7368,137422179399,17177637248
demo,7369,137422179400,17177637249
demo,7370,137422179401,17177637249
demo,7371,137422179402,17177637249
demo,7372,137422179403,17177637249
demo,7373,137422179404,17177637249
demo,7374,137422179384,17177637247
demo,7375,67331240,8281229
demo,7376,67331241,8281229
demo,7377,67331376,8281246
demo,7378,67331377,8281246
demo,7379,137422179384,17177637247
demo,7380,67331512,8281263
demo,7381,67331513,8281263
demo,7382,67331648,8281280
demo,7383,67331649,8281280
demo,7384,67331784,8281297
demo,7385,67331785,8281297
demo,7386,67331920,8281314
demo,7387,67331921,8281314
demo,7388,67332056,8281331
demo,7389,67332057,8281331
demo,7390,67332192,8281348
demo,7391,67332193,8281348
demo,7392,67332328,8281365
demo,7393,67332329,8281365
demo,7394,67332464,8281382
demo,7395,67332465,8281382
demo,7396,67332600,8281399
demo,7397,67332601,8281399
demo,7398,67332736,8281416
demo,7399,67332737,8281416
demo,7400,67332872,8281433
demo,7401,67332873,8281433
demo,7402,137422179384,17177637247
demo,7403,67333008,8281450
demo,7404,67333009,8281450
demo,7405,137422179384,17177637247
demo,7406,67333144,8281467
demo,7407,67333145,8281467
demo,7408,137422179384,17177637247
demo,7409,67333280,8281484
demo,7410,67333281,8281484
demo,7411,67333416,8281501
demo,7412,67333417,8281501
demo,7413,67333552,8281518
demo,7414,67333553,8281518
demo,7415,67333688,8281535
demo,7416,67333689,8281535
demo,7417,67333824,8281552
demo,7418,67333825,8281552
demo,7419,137422179384,17177637247
demo,7420,67333960,8281569
demo,7421,67333961,8281569
demo,7422,67334096,8281586
demo,7423,67334097,8281586
demo,7424,67334232,8281603
demo,7425,67334233,8281603
demo,7426,67334368,8281620
demo,7427,67334369,8281620
demo,7428,137422179384,17177637247
demo,7429,67334504,8281637
demo,7430,67334505,8281637
demo,7431,67334640,8281654
demo,7432,67334641,8281654
demo,7433,67334776,8281671
demo,7434,67334777,8281671
demo,7435,137422179384,17177637247
demo,7436,67334912,8281688
demo,7437,67334913,8281688
demo,7438,67335048,8281705
demo,7439,67335049,8281705
demo,7440,67335184,8281722
demo,7441,67335185,8281722
demo,7442,67335320,8281739
demo,7443,67335321,8281739
demo,7444,67335456,8281756
demo,7445,67335457,8281756
demo,7446,137422179384,17177637247
demo,7447,67335592,8281773
demo,7448,67335593,8281773
demo,7449,67335728,8281790
demo,7450,67335729,8281790
demo,7451,137422179384,17177637247
demo,7452,67335864,8281807
demo,7453,67335865,8281807
demo,7454,67336000,8281824
demo,7455,67336001,8281824
demo,7456,67336136,8281841
demo,7457,67336137,8281841
demo,7458,67336272,8281858
demo,7459,67336273,8281858
demo,7460,67336408,8281875
demo,7461,67336409,8281875
demo,7462,137422179384,17177637247
demo,7463,67336544,8281892
demo,7464,67336545,8281892
demo,7465,67336680,8281909
demo,7466,67336681,8281909
demo,7467,137422176200,17177636849
demo,7468,137422179436,17177637253
demo,7469,137422179437,17177637253
demo,7470,137422179438,17177637253
demo,7471,137422179439,17177637253
demo,7472,137422179440,17177637254
demo,7473,137422179441,17177637254
demo,7474,137422179436,17177637253
demo,7475,67331240,8281229
demo,7476,67331241,8281229
demo,7477,67331376,8281246
demo,7478,67331377,8281246
demo,7479,137422179436,17177637253
demo,7480,67331512,8281263
demo,7481,67331513,8281263
demo,7482,67331648,8281280
demo,7483,67331649,8281280
demo,7484,67331784,8281297
demo,7485,67331785,8281297
demo,7486,67331920,8281314
demo,7487,67331921,8281314
demo,7488,67332056,8281331
demo,7489,67332057,8281331
demo,7490,67332192,8281348
demo,7491,67332193,8281348
demo,7492,67332328,8281365
demo,7493,67332329,8281365
demo,7494,67332464,8281382
demo,7495,67332465,8281382
demo,7496,67332600,8281399
demo,7497,67332601,8281399
demo,7498,67332736,8281416
demo,7499,67332737,8281416
demo,7500,67332872,8281433
demo,7501,67332873,8281433
demo,7502,137422179436,17177637253
demo,7503,67333008,8281450
demo,7504,67333009,8281450
demo,7505,137422179436,17177637253
demo,7506,67333144,8281467
demo,7507,67333145,8281467
demo,7508,137422179436,17177637253
demo,7509,67333280,8281484
demo,7510,67333281,8281484
demo,7511,67333416,8281501
demo,7512,67333417,8281501
demo,7513,67333552,8281518
demo,7514,67333553,8281518
demo,7515,67333688,8281535
demo,7516,67333689,8281535
demo,7517,67333824,8281552
demo,7518,67333825,8281552
demo,7519,137422179436,17177637253
demo,7520,67333960,8281569
demo,7521,67333961,8281569
demo,7522,67334096,8281586
demo,7523,67334097,8281586
demo,7524,67334232,8281603
demo,7525,67334233,8281603
demo,7526,67334368,8281620
demo,7527,67334369,8281620
demo,7528,137422179436,17177637253
demo,7529,67334504,8281637
demo,7530,67334505,8281637
demo,7531,67334640,8281654
demo,7532,67334641,8281654
demo,7533,67334776,8281671
demo,7534,67334777,8281671
demo,7535,137422179436,17177637253
demo,7536,67334912,8281688
demo,7537,67334913,8281688
demo,7538,67335048,8281705
demo,7539,67335049,8281705
demo,7540,67335184,8281722
demo,7541,67335185,8281722
demo,7542,67335320,8281739
demo,7543,67335321,8281739
demo,7544,67335456,8281756
demo,7545,67335457,8281756
demo,7546,137422179436,17177637253
demo,7547,67335592,8281773
demo,7548,67335593,8281773
demo,7549,67335728,8281790
demo,7550,67335729,8281790
demo,7551,137422179436,17177637253
demo,7552,67335864,8281807
demo,7553,67335865,8281807
demo,7554,67336000,8281824
demo,7555,67336001,8281824
demo,7556,67336136,8281841
demo,7557,67336137,8281841
demo,7558,67336272,8281858
demo,7559,67336273,8281858
demo,7560,67336408,8281875
demo,7561,67336409,8281875
demo,7562,137422179436,17177637253
demo,7563,67336544,8281892
demo,7564,67336545,8281892
demo,7565,67336680,8281909
demo,7566,67336681,8281909
demo,7567,137422176208,17177636850
demo,7568,137422179452,17177637255
demo,7569,137422179453,17177637255
demo,7570,137422179454,17177637255
demo,7571,137422179455,17177637255
demo,7572,137422179456,17177637256
demo,7573,137422179457,17177637256
demo,7574,137422179458,17177637256
demo,7575,137422179459,17177637256
demo,7576,137422179452,17177637255
demo,7577,67331240,8281229
demo,7578,67331241,8281229
demo,7579,67331376,8281246
demo,7580,67331377,8281246
demo,7581,137422179452,17177637255
demo,7582,67331512,8281263
demo,7583,67331513,8281263
demo,7584,67331648,8281280
demo,7585,67331649,8281280
demo,7586,67331784,8281297
demo,7587,67331785,8281297
demo,7588,67331920,8281314
demo,7589,67331921,8281314
demo,7590,67332056,8281331
demo,7591,67332057,8281331
demo,7592,67332192,8281348
demo,7593,67332193,8281348
demo,7594,67332328,8281365
demo,7595,67332329,8281365
demo,7596,67332464,8281382
demo,7597,67332465,8281382
demo,7598,67332600,8281399
demo,7599,67332601,8281399
demo,7600,67332736,8281416
demo,7601,67332737,8281416
demo,7602,67332872,8281433
demo,7603,67332873,8281433
demo,7604,137422179452,17177637255
demo,7605,67333008,8281450
demo,7606,67333009,8281450
demo,7607,137422179452,17177637255
demo,7608,67333010,8281450
demo,7609,137422179453,17177637255
demo,7610,67333144,8281467
demo,7611,67333145,8281467
demo,7612,137422179452,17177637255
demo,7613,67333280,8281484
demo,7614,67333281,8281484
demo,7615,67333416,8281501
demo,7616,67333417,8281501
demo,7617,67333552,8281518
demo,7618,67333553,8281518
demo,7619,67333688,8281535
demo,7620,67333689,8281535
demo,7621,67333824,8281552
demo,7622,67333825,8281552
demo,7623,137422179452,17177637255
demo,7624,67333826,8281552
demo,7625,137422179453,17177637255
demo,7626,67333960,8281569
demo,7627,67333961,8281569
demo,7628,67334096,8281586
demo,7629,67334097,8281586
demo,7630,67334232,8281603
demo,7631,67334233,8281603
demo,7632,67334368,8281620
demo,7633,67334369,8281620
demo,7634,137422179452,17177637255
demo,7635,67334504,8281637
demo,7636,67334505,8281637
demo,7637,67334640,8281654
demo,7638,67334641,8281654
demo,7639,67334776,8281671
demo,7640,67334777,8281671
demo,7641,137422179452,17177637255
demo,7642,67334912,8281688
demo,7643,67334913,8281688
demo,7644,67335048,8281705
demo,7645,67335049,8281705
demo,7646,67335184,8281722
demo,7647,67335185,8281722
demo,7648,67335320,8281739
demo,7649,67335321,8281739
demo,7650,67335456,8281756
demo,7651,67335457,8281756
demo,7652,137422179452,17177637255
demo,7653,67335592,8281773
demo,7654,67335593,8281773
demo,7655,67335728,8281790
demo,7656,67335729,8281790
demo,7657,137422179452,17177637255
demo,7658,67335864,8281807
demo,7659,67335865,8281807
demo,7660,67336000,8281824
demo,7661,67336001,8281824
demo,7662,67336136,8281841
demo,7663,67336137,8281841
demo,7664,67336272,8281858
demo,7665,67336273,8281858
demo,7666,67336408,8281875
demo,7667,67336409,8281875
demo,7668,137422179452,17177637255
demo,7669,67336544,8281892
demo,7670,67336545,8281892
demo,7671,67336680,8281909
demo,7672,67336681,8281909
demo,7673,137422176216,17177636851
demo,7674,137422179472,17177637258
demo,7675,137422179473,17177637258
demo,7676,137422179474,17177637258
demo,7677,137422179475,17177637258
demo,7678,137422179476,17177637258
demo,7679,137422179477,17177637258
demo,7680,137422179478,17177637258
demo,7681,137422179479,17177637258
demo,7682,137422179480,17177637259
demo,7683,137422179481,17177637259
demo,7684,137422179482,17177637259
demo,7685,137422179483,17177637259
demo,7686,137422179484,17177637259
demo,7687,137422179485,17177637259
demo,7688,137422179486,17177637259
demo,7689,137422179487,17177637259
demo,7690,137422179488,17177637260
demo,7691,137422179472,17177637258
demo,7692,67331240,8281229
demo,7693,67331241,8281229
demo,7694,67331376,8281246
demo,7695,67331377,8281246
demo,7696,137422179472,17177637258
demo,7697,67331512,8281263
demo,7698,67331513,8281263
demo,7699,67331648,8281280
demo,7700,67331649,8281280
demo,7701,67331784,8281297
demo,7702,67331785,8281297
demo,7703,67331920,8281314
demo,7704,67331921,8281314
demo,7705,67332056,8281331
demo,7706,67332057,8281331
demo,7707,67332192,8281348
demo,7708,67332193,8281348
demo,7709,67332328,8281365
demo,7710,67332329,8281365
demo,7711,67332464,8281382
demo,7712,67332465,8281382
demo,7713,67332600,8281399
demo,7714,67332601,8281399
demo,7715,67332736,8281416
demo,7716,67332737,8281416
demo,7717,67332872,8281433
demo,7718,67332873,8281433
demo,7719,137422179472,17177637258
demo,7720,67333008,8281450
demo,7721,67333009,8281450
demo,7722,137422179472,17177637258
demo,7723,67333144,8281467
demo,7724,67333145,8281467
demo,7725,137422179472,17177637258
demo,7726,67333280,8281484
demo,7727,67333281,8281484
demo,7728,67333416,8281501
demo,7729,67333417,8281501
demo,7730,67333552,8281518
demo,7731,67333553,8281518
demo,7732,67333688,8281535
demo,7733,67333689,8281535
demo,7734,67333824,8281552
demo,7735,67333825,8281552
demo,7736,137422179472,17177637258
demo,7737,67333960,8281569
demo,7738,67333961,8281569
demo,7739,67334096,8281586
demo,7740,67334097,8281586
demo,7741,67334232,8281603
demo,7742,67334233,8281603
demo,7743,67334368,8281620
demo,7744,67334369,8281620
demo,7745,137422179472,17177637258
demo,7746,67334504,8281637
demo,7747,67334505,8281637
demo,7748,67334640,8281654
demo,7749,67334641,8281654
demo,7750,67334776,8281671
demo,7751,67334777,8281671
demo,7752,137422179472,17177637258
demo,7753,67334912,8281688
demo,7754,67334913,8281688
demo,7755,67335048,8281705
demo,7756,67335049,8281705
demo,7757,67335184,8281722
demo,7758,67335185,8281722
demo,7759,67335320,8281739
demo,7760,67335321,8281739
demo,7761,67335456,8281756
demo,7762,67335457,8281756
demo,7763,137422179472,17177637258
demo,7764,67335592,8281773
demo,7765,67335593,8281773
demo,7766,67335728,8281790
demo,7767,67335729,8281790
demo,7768,137422179472,17177637258
demo,7769,67335864,8281807
demo,7770,67335865,8281807
demo,7771,67336000,8281824
demo,7772,67336001,8281824
demo,7773,67336136,8281841
demo,7774,67336137,8281841
demo,7775,67336272,8281858
demo,7776,67336273,8281858
demo,7777,67336408,8281875
demo,7778,67336409,8281875
demo,7779,137422179472,17177637258
demo,7780,67336544,8281892
demo,7781,67336545,8281892
demo,7782,67336680,8281909
demo,7783,67336681,8281909
demo,7784,137422176224,17177636852
demo,7785,137422179491,17177637260
demo,7786,137422179492,17177637260
demo,7787,137422179493,17177637260
demo,7788,137422179494,17177637260
demo,7789,137422179495,17177637260
demo,7790,137422179496,17177637261
demo,7791,137422179497,17177637261
demo,7792,137422179498,17177637261
demo,7793,137422179499,17177637261
demo,7794,137422179500,17177637261
demo,7795,137422179501,17177637261
demo,7796,137422179491,17177637260
demo,7797,67298051,8277080
demo,7798,137422179492,17177637260
demo,7799,67331240,8281229
demo,7800,67331241,8281229
demo,7801,67331376,8281246
demo,7802,67331377,8281246
demo,7803,137422179491,17177637260
demo,7804,67331512,8281263
demo,7805,67331513,8281263
demo,7806,67331648,8281280
demo,7807,67331649,8281280
demo,7808,67331784,8281297
demo,7809,67331785,8281297
demo,7810,67331920,8281314
demo,7811,67331921,8281314
demo,7812,67332056,8281331
demo,7813,67332057,8281331
demo,7814,67332192,8281348
demo,7815,67332193,8281348
demo,7816,67332328,8281365
demo,7817,67332329,8281365
demo,7818,67332464,8281382
demo,7819,67332465,8281382
demo,7820,67332600,8281399
demo,7821,67332601,8281399
demo,7822,67332736,8281416
demo,7823,67332737,8281416
demo,7824,67332872,8281433
demo,7825,67332873,8281433
demo,7826,137422179491,17177637260
demo,7827,67333008,8281450
demo,7828,67333009,8281450
demo,7829,137422179491,17177637260
demo,7830,67333144,8281467
demo,7831,67333145,8281467
demo,7832,137422179491,17177637260
demo,7833,67333280,8281484
demo,7834,67333281,8281484
demo,7835,67333416,8281501
demo,7836,67333417,8281501
demo,7837,67333552,8281518
demo,7838,67333553,8281518
demo,7839,67333688,8281535
demo,7840,67333689,8281535
demo,7841,67333824,8281552
demo,7842,67333825,8281552
demo,7843,137422179491,17177637260
demo,7844,67333960,8281569
demo,7845,67333961,8281569
demo,7846,67334096,8281586
demo,7847,67334097,8281586
demo,7848,67334232,8281603
demo,7849,67334233,8281603
demo,7850,67334368,8281620
demo,7851,67334369,8281620
demo,7852,137422179491,17177637260
demo,7853,67334504,8281637
demo,7854,67334505,8281637
demo,7855,67334640,8281654
demo,7856,67334641,8281654
demo,7857,67334776,8281671
demo,7858,67334777,8281671
demo,7859,137422179491,17177637260
demo,7860,67334912,8281688
demo,7861,67334913,8281688
demo,7862,67335048,8281705
demo,7863,67335049,8281705
demo,7864,67335184,8281722
demo,7865,67335185,8281722
demo,7866,67335320,8281739
demo,7867,67335321,8281739
demo,7868,67335456,8281756
demo,7869,67335457,8281756
demo,7870,137422179491,17177637260
demo,7871,67335592,8281773
demo,7872,67335593,8281773
demo,7873,67335728,8281790
demo,7874,67335729,8281790
demo,7875,137422179491,17177637260
demo,7876,67335864,8281807
demo,7877,67335865,8281807
demo,7878,67336000,8281824
demo,7879,67336001,8281824
demo,7880,67336136,8281841
demo,7881,67336137,8281841
demo,7882,67336272,8281858
demo,7883,67336273,8281858
demo,7884,67336408,8281875
demo,7885,67336409,8281875
demo,7886,137422179491,17177637260
demo,7887,67336544,8281892
demo,7888,67336545,8281892
demo,7889,67336680,8281909
demo,7890,67336681,8281909
demo,7891,137422176232,17177636853
demo,7892,137422179511,17177637262
demo,7893,137422179512,17177637263
demo,7894,137422179513,17177637263
demo,7895,137422179514,17177637263
demo,7896,137422179515,17177637263
demo,7897,137422179516,17177637263
demo,7898,137422179517,17177637263
demo,7899,137422179518,17177637263
demo,7900,137422179519,17177637263
demo,7901,137422179520,17177637264
demo,7902,137422179511,17177637262
demo,7903,67331240,8281229
demo,7904,67331241,8281229
demo,7905,67331376,8281246
demo,7906,67331377,8281246
demo,7907,137422179511,17177637262
demo,7908,67331512,8281263
demo,7909,67331513,8281263
demo,7910,67331648,8281280
demo,7911,67331649,8281280
demo,7912,67331784,8281297
demo,7913,67331785,8281297
demo,7914,67331920,8281314
demo,7915,67331921,8281314
demo,7916,67332056,8281331
demo,7917,67332057,8281331
demo,7918,67332192,8281348
demo,7919,67332193,8281348
demo,7920,67332328,8281365
demo,7921,67332329,8281365
demo,7922,67332464,8281382
demo,7923,67332465,8281382
demo,7924,67332600,8281399
demo,7925,67332601,8281399
demo,7926,67332736,8281416
demo,7927,67332737,8281416
demo,7928,67332872,8281433
demo,7929,67332873,8281433
demo,7930,137422179511,17177637262
demo,7931,67333008,8281450
demo,7932,67333009,8281450
demo,7933,137422179511,17177637262
demo,7934,67333010,8281450
demo,7935,137422179512,17177637263
demo,7936,67333144,8281467
demo,7937,67333145,8281467
demo,7938,137422179511,17177637262
demo,7939,67333280,8281484
demo,7940,67333281,8281484
demo,7941,67333416,8281501
demo,7942,67333417,8281501
demo,7943,67333552,8281518
demo,7944,67333553,8281518
demo,7945,67333688,8281535
demo,7946,67333689,8281535
demo,7947,67333824,8281552
demo,7948,67333825,8281552
demo,7949,137422179511,17177637262
demo,7950,67333826,8281552
demo,7951,137422179512,17177637263
demo,7952,67333960,8281569
demo,7953,67333961,8281569
demo,7954,67334096,8281586
demo,7955,67334097,8281586
demo,7956,67334232,8281603
demo,7957,67334233,8281603
demo,7958,67334368,8281620
demo,7959,67334369,8281620
demo,7960,137422179511,17177637262
demo,7961,67334504,8281637
demo,7962,67334505,8281637
demo,7963,67334640,8281654
demo,7964,67334641,8281654
demo,7965,67334776,8281671
demo,7966,67334777,8281671
demo,7967,137422179511,17177637262
demo,7968,67334912,8281688
demo,7969,67334913,8281688
demo,7970,67335048,8281705
demo,7971,67335049,8281705
demo,7972,67335184,8281722
demo,7973,67335185,8281722
demo,7974,67335320,8281739
demo,7975,67335321,8281739
demo,7976,67335456,8281756
demo,7977,67335457,8281756
demo,7978,137422179511,17177637262
demo,7979,67335592,8281773
demo,7980,67335593,8281773
demo,7981,67335728,8281790
demo,7982,67335729,8281790
demo,7983,137422179511,17177637262
demo,7984,67335864,8281807
demo,7985,67335865,8281807
demo,7986,67336000,8281824
demo,7987,67336001,8281824
demo,7988,67336136,8281841
demo,7989,67336137,8281841
demo,7990,67336272,8281858
demo,7991,67336273,8281858
demo,7992,67336408,8281875
demo,7993,67336409,8281875
demo,7994,137422179511,17177637262
demo,7995,67336544,8281892
demo,7996,67336545,8281892
demo,7997,67336680,8281909
demo,7998,67336681,8281909
demo,7999,137422176240,17177636854
demo,8000,137422179545,17177637267
demo,8001,137422179546,17177637267
demo,8002,137422179547,17177637267
demo,8003,137422179548,17177637267
demo,8004,137422179549,17177637267
demo,8005,137422179550,17177637267
demo,8006,137422179551,17177637267
demo,8007,137422179552,17177637268
demo,8008,137422179553,17177637268
demo,8009,137422179554,17177637268
demo,8010,137422179555,17177637268
demo,8011,137422179556,17177637268
demo,8012,137422179557,17177637268
demo,8013,137422179558,17177637268
demo,8014,137422179559,17177637268
demo,8015,137422179545,17177637267
demo,8016,67331240,8281229
demo,8017,67331241,8281229
demo,8018,67331376,8281246
demo,8019,67331377,8281246
demo,8020,137422179545,17177637267
demo,8021,67331512,8281263
demo,8022,67331513,8281263
demo,8023,67331648,8281280
demo,8024,67331649,8281280
demo,8025,67331784,8281297
demo,8026,67331785,8281297
demo,8027,67331920,8281314
demo,8028,67331921,8281314
demo,8029,67332056,8281331
demo,8030,67332057,8281331
demo,8031,67332192,8281348
demo,8032,67332193,8281348
demo,8033,67332328,8281365
demo,8034,67332329,8281365
demo,8035,67332464,8281382
demo,8036,67332465,8281382
demo,8037,67332600,8281399
demo,8038,67332601,8281399
demo,8039,67332736,8281416
demo,8040,67332737,8281416
demo,8041,67332872,8281433
demo,8042,67332873,8281433
demo,8043,137422179545,17177637267
demo,8044,67333008,8281450
demo,8045,67333009,8281450
demo,8046,137422179545,17177637267
demo,8047,67333010,8281450
demo,8048,137422179546,17177637267
demo,8049,67333144,8281467
demo,8050,67333145,8281467
demo,8051,137422179545,17177637267
demo,8052,67333280,8281484
demo,8053,67333281,8281484
demo,8054,67333416,8281501
demo,8055,67333417,8281501
demo,8056,67333552,8281518
demo,8057,67333553,8281518
demo,8058,67333688,8281535
demo,8059,67333689,8281535
demo,8060,67333824,8281552
demo,8061,67333825,8281552
demo,8062,137422179545,17177637267
demo,8063,67333826,8281552
demo,8064,137422179546,17177637267
demo,8065,67333960,8281569
demo,8066,67333961,8281569
demo,8067,67334096,8281586
demo,8068,67334097,8281586
demo,8069,67334232,8281603
demo,8070,67334233,8281603
demo,8071,67334368,8281620
demo,8072,67334369,8281620
demo,8073,137422179545,17177637267
demo,8074,67334504,8281637
demo,8075,67334505,8281637
demo,8076,67334640,8281654
demo,8077,67334641,8281654
demo,8078,67334776,8281671
demo,8079,67334777,8281671
demo,8080,137422179545,17177637267
demo,8081,67334912,8281688
demo,8082,67334913,8281688
demo,8083,67335048,8281705
demo,8084,67335049,8281705
demo,8085,67335184,8281722
demo,8086,67335185,8281722
demo,8087,67335320,8281739
demo,8088,67335321,8281739
demo,8089,67335456,8281756
demo,8090,67335457,8281756
demo,8091,137422179545,17177637267
demo,8092,67335592,8281773
demo,8093,67335593,8281773
demo,8094,67335728,8281790
demo,8095,67335729,8281790
demo,8096,137422179545,17177637267
demo,8097,67335864,8281807
demo,8098,67335865,8281807
demo,8099,67336000,8281824
demo,8100,67336001,8281824
demo,8101,67336136,8281841
demo,8102,67336137,8281841
demo,8103,67336272,8281858
demo,8104,67336273,8281858
demo,8105,67336408,8281875
demo,8106,67336409,8281875
demo,8107,137422179545,17177637267
demo,8108,67336544,8281892
demo,8109,67336545,8281892
demo,8110,67336680,8281909
demo,8111,67336681,8281909
demo,8112,137422176248,17177636855
demo,8113,137422179572,17177637270
demo,8114,137422179573,17177637270
demo,8115,137422179574,17177637270
demo,8116,137422179575,17177637270
demo,8117,137422179576,17177637271
demo,8118,137422179577,17177637271
demo,8119,137422179578,17177637271
demo,8120,137422179579,17177637271
demo,8121,137422179580,17177637271
demo,8122,137422179581,17177637271
demo,8123,137422179582,17177637271
demo,8124,137422179583,17177637271
demo,8125,137422179584,17177637272
demo,8126,137422179585,17177637272
demo,8127,137422179586,17177637272
demo,8128,137422179572,17177637270
demo,8129,67298051,8277080
demo,8130,137422179573,17177637270
demo,8131,67331240,8281229
demo,8132,67331241,8281229
demo,8133,67331376,8281246
demo,8134,67331377,8281246
demo,8135,137422179572,17177637270
demo,8136,67331512,8281263
demo,8137,67331513,8281263
demo,8138,67331648,8281280
demo,8139,67331649,8281280
demo,8140,67331784,8281297
demo,8141,67331785,8281297
demo,8142,67331920,8281314
demo,8143,67331921,8281314
demo,8144,67332056,8281331
demo,8145,67332057,8281331
demo,8146,67332192,8281348
demo,8147,67332193,8281348
demo,8148,67332328,8281365
demo,8149,67332329,8281365
demo,8150,67332464,8281382
demo,8151,67332465,8281382
demo,8152,67332600,8281399
demo,8153,67332601,8281399
demo,8154,67332736,8281416
demo,8155,67332737,8281416
demo,8156,67332872,8281433
demo,8157,67332873,8281433
demo,8158,137422179572,17177637270
demo,8159,67333008,8281450
demo,8160,67333009,8281450
demo,8161,137422179572,17177637270
demo,8162,67333144,8281467
demo,8163,67333145,8281467
demo,8164,137422179572,17177637270
demo,8165,67333280,8281484
demo,8166,67333281,8281484
demo,8167,67333416,8281501
demo,8168,67333417,8281501
demo,8169,67333552,8281518
demo,8170,67333553,8281518
demo,8171,67333688,8281535
demo,8172,67333689,8281535
demo,8173,67333824,8281552
demo,8174,67333825,8281552
demo,8175,137422179572,17177637270
demo,8176,67333960,8281569
demo,8177,67333961,8281569
demo,8178,67334096,8281586
demo,8179,67334097,8281586
demo,8180,67334232,8281603
demo,8181,67334233,8281603
demo,8182,67334368,8281620
demo,8183,67334369,8281620
demo,8184,137422179572,17177637270
demo,8185,67334504,8281637
demo,8186,67334505,8281637
demo,8187,67334640,8281654
demo,8188,67334641,8281654
demo,8189,67334776,8281671
demo,8190,67334777,8281671
demo,8191,137422179572,17177637270
demo,8192,67334912,8281688
demo,8193,67334913,8281688
demo,8194,67335048,8281705
demo,8195,67335049,8281705
demo,8196,67335184,8281722
demo,8197,67335185,8281722
demo,8198,67335320,8281739
demo,8199,67335321,8281739
demo,8200,67335456,8281756
demo,8201,67335457,8281756
demo,8202,137422179572,17177637270
demo,8203,67335592,8281773
demo,8204,67335593,8281773
demo,8205,67335728,8281790
demo,8206,67335729,8281790
demo,8207,137422179572,17177637270
demo,8208,67335864,8281807
demo,8209,67335865,8281807
demo,8210,67336000,8281824
demo,8211,67336001,8281824
demo,8212,67336136,8281841
demo,8213,67336137,8281841
demo,8214,67336272,8281858
demo,8215,67336273,8281858
demo,8216,67336408,8281875
demo,8217,67336409,8281875
demo,8218,137422179572,17177637270
demo,8219,67336544,8281892
demo,8220,67336545,8281892
demo,8221,67336680,8281909
demo,8222,67336681,8281909
demo,8223,137422176256,17177636856
demo,8224,137422179624,17177637277
demo,8225,137422179625,17177637277
demo,8226,137422179626,17177637277
demo,8227,137422179627,17177637277
demo,8228,137422179628,17177637277
demo,8229,137422179629,17177637277
demo,8230,137422179630,17177637277
demo,8231,137422179631,17177637277
demo,8232,137422179632,17177637278
demo,8233,137422179633,17177637278
demo,8234,137422179634,17177637278
demo,8235,137422179635,17177637278
demo,8236,137422179636,17177637278
demo,8237,137422179637,17177637278
demo,8238,137422179638,17177637278
demo,8239,137422179639,17177637278
demo,8240,137422179640,17177637279
demo,8241,137422179624,17177637277
demo,8242,67298051,8277080
demo,8243,137422179625,17177637277
demo,8244,67331240,8281229
demo,8245,67331241,8281229
demo,8246,67331376,8281246
demo,8247,67331377,8281246
demo,8248,137422179624,17177637277
demo,8249,67331512,8281263
demo,8250,67331513,8281263
demo,8251,67331648,8281280
demo,8252,67331649,8281280
demo,8253,67331784,8281297
demo,8254,67331785,8281297
demo,8255,67331920,8281314
demo,8256,67331921,8281314
demo,8257,67332056,8281331
demo,8258,67332057,8281331
demo,8259,67332192,8281348
demo,8260,67332193,8281348
demo,8261,67332328,8281365
demo,8262,67332329,8281365
demo,8263,67332464,8281382
demo,8264,67332465,8281382
demo,8265,67332600,8281399
demo,8266,67332601,8281399
demo,8267,67332736,8281416
demo,8268,67332737,8281416
demo,8269,67332872,8281433
demo,8270,67332873,8281433
demo,8271,137422179624,17177637277
demo,8272,67333008,8281450
demo,8273,67333009,8281450
demo,8274,137422179624,17177637277
demo,8275,67333144,8281467
demo,8276,67333145,8281467
demo,8277,137422179624,17177637277
demo,8278,67333280,8281484
demo,8279,67333281,8281484
demo,8280,67333416,8281501
demo,8281,67333417,8281501
demo,8282,67333552,8281518
demo,8283,67333553,8281518
demo,8284,67333688,8281535
demo,8285,67333689,8281535
demo,8286,67333824,8281552
demo,8287,67333825,8281552
demo,8288,137422179624,17177637277
demo,8289,67333960,8281569
demo,8290,67333961,8281569
demo,8291,67334096,8281586
demo,8292,67334097,8281586
demo,8293,67334232,8281603
demo,8294,67334233,8281603
demo,8295,67334368,8281620
demo,8296,67334369,8281620
demo,8297,137422179624,17177637277
demo,8298,67334504,8281637
demo,8299,67334505,8281637
demo,8300,67334640,8281654
demo,8301,67334641,8281654
demo,8302,67334776,8281671
demo,8303,67334777,8281671
demo,8304,137422179624,17177637277
demo,8305,67334912,8281688
demo,8306,67334913,8281688
demo,8307,67335048,8281705
demo,8308,67335049,8281705
demo,8309,67335184,8281722
demo,8310,67335185,8281722
demo,8311,67335320,8281739
demo,8312,67335321,8281739
demo,8313,67335456,8281756
demo,8314,67335457,8281756
demo,8315,137422179624,17177637277
demo,8316,67335592,8281773
demo,8317,67335593,8281773
demo,8318,67335728,8281790
demo,8319,67335729,8281790
demo,8320,137422179624,17177637277
demo,8321,67335864,8281807
demo,8322,67335865,8281807
demo,8323,67336000,8281824
demo,8324,67336001,8281824
demo,8325,67336136,8281841
demo,8326,67336137,8281841
demo,8327,67336272,8281858
demo,8328,67336273,8281858
demo,8329,67336408,8281875
demo,8330,67336409,8281875
demo,8331,137422179624,17177637277
demo,8332,67336544,8281892
demo,8333,67336545,8281892
demo,8334,67336680,8281909
demo,8335,67336681,8281909
demo,8336,137422176264,17177636857
demo,8337,137422179648,17177637280
demo,8338,137422179649,17177637280
demo,8339,137422179650,17177637280
demo,8340,137422179651,17177637280
demo,8341,137422179652,17177637280
demo,8342,137422179653,17177637280
demo,8343,137422179654,17177637280
demo,8344,137422179655,17177637280
demo,8345,137422179656,17177637281
demo,8346,137422179657,17177637281
demo,8347,137422179658,17177637281
demo,8348,137422179659,17177637281
demo,8349,137422179660,17177637281
demo,8350,137422179661,17177637281
demo,8351,137422179662,17177637281
demo,8352,137422179663,17177637281
demo,8353,137422179664,17177637282
demo,8354,137422179665,17177637282
demo,8355,137422179648,17177637280
demo,8356,67331240,8281229
demo,8357,67331241,8281229
demo,8358,67331376,8281246
demo,8359,67331377,8281246
demo,8360,137422179648,17177637280
demo,8361,67331512,8281263
demo,8362,67331513,8281263
demo,8363,67331648,8281280
demo,8364,67331649,8281280
demo,8365,67331784,8281297
demo,8366,67331785,8281297
demo,8367,67331920,8281314
demo,8368,67331921,8281314
demo,8369,67332056,8281331
demo,8370,67332057,8281331
demo,8371,67332192,8281348
demo,8372,67332193,8281348
demo,8373,67332328,8281365
demo,8374,67332329,8281365
demo,8375,67332464,8281382
demo,8376,67332465,8281382
demo,8377,67332600,8281399
demo,8378,67332601,8281399
demo,8379,67332736,8281416
demo,8380,67332737,8281416
demo,8381,67332872,8281433
demo,8382,67332873,8281433
demo,8383,137422179648,17177637280
demo,8384,67333008,8281450
demo,8385,67333009,8281450
demo,8386,137422179648,17177637280
demo,8387,67333010,8281450
demo,8388,137422179649,17177637280
demo,8389,67333144,8281467
demo,8390,67333145,8281467
demo,8391,137422179648,17177637280
demo,8392,67333280,8281484
demo,8393,67333281,8281484
demo,8394,67333416,8281501
demo,8395,67333417,8281501
demo,8396,67333552,8281518
demo,8397,67333553,8281518
demo,8398,67333688,8281535
demo,8399,67333689,8281535
demo,8400,67333824,8281552
demo,8401,67333825,8281552
demo,8402,137422179648,17177637280
demo,8403,67333826,8281552
demo,8404,137422179649,17177637280
demo,8405,67333960,8281569
demo,8406,67333961,8281569
demo,8407,67334096,8281586
demo,8408,67334097,8281586
demo,8409,67334232,8281603
demo,8410,67334233,8281603
demo,8411,67334368,8281620
demo,8412,67334369,8281620
demo,8413,137422179648,17177637280
demo,8414,67334504,8281637
demo,8415,67334505,8281637
demo,8416,67334640,8281654
demo,8417,67334641,8281654
demo,8418,67334776,8281671
demo,8419,67334777,8281671
demo,8420,137422179648,17177637280
demo,8421,67334912,8281688
demo,8422,67334913,8281688
demo,8423,67335048,8281705
demo,8424,67335049,8281705
demo,8425,67335184,8281722
demo,8426,67335185,8281722
demo,8427,67335320,8281739
demo,8428,67335321,8281739
demo,8429,67335456,8281756
demo,8430,67335457,8281756
demo,8431,137422179648,17177637280
demo,8432,67335592,8281773
demo,8433,67335593,8281773
demo,8434,67335728,8281790
demo,8435,67335729,8281790
demo,8436,137422179648,17177637280
demo,8437,67335864,8281807
demo,8438,67335865,8281807
demo,8439,67336000,8281824
demo,8440,67336001,8281824
demo,8441,67336136,8281841
demo,8442,67336137,8281841
demo,8443,67336272,8281858
demo,8444,67336273,8281858
demo,8445,67336408,8281875
demo,8446,67336409,8281875
demo,8447,137422179648,17177637280
demo,8448,67336544,8281892
demo,8449,67336545,8281892
demo,8450,67336680,8281909
demo,8451,67336681,8281909
demo,8452,137422176272,17177636858
demo,8453,137422179678,17177637283
demo,8454,137422179679,17177637283
demo,8455,137422179680,17177637284
demo,8456,137422179681,17177637284
demo,8457,137422179682,17177637284
demo,8458,137422179683,17177637284
demo,8459,137422179684,17177637284
demo,8460,137422179685,17177637284
demo,8461,137422179686,17177637284
demo,8462,137422179687,17177637284
demo,8463,137422179688,17177637285
demo,8464,137422179689,17177637285
demo,8465,137422179690,17177637285
demo,8466,137422179678,17177637283
demo,8467,67331240,8281229
demo,8468,67331241,8281229
demo,8469,67331376,8281246
demo,8470,67331377,8281246
demo,8471,137422179678,17177637283
demo,8472,67331512,8281263
demo,8473,67331513,8281263
demo,8474,67331648,8281280
demo,8475,67331649,8281280
demo,8476,67331784,8281297
demo,8477,67331785,8281297
demo,8478,67331920,8281314
demo,8479,67331921,8281314
demo,8480,67332056,8281331
demo,8481,67332057,8281331
demo,8482,67332192,8281348
demo,8483,67332193,8281348
demo,8484,67332328,8281365
demo,8485,67332329,8281365
demo,8486,67332464,8281382
demo,8487,67332465,8281382
demo,8488,67332600,8281399
demo,8489,67332601,8281399
demo,8490,67332736,8281416
demo,8491,67332737,8281416
demo,8492,67332872,8281433
demo,8493,67332873,8281433
demo,8494,137422179678,17177637283
demo,8495,67333008,8281450
demo,8496,67333009,8281450
demo,8497,137422179678,17177637283
demo,8498,67333144,8281467
demo,8499,67333145,8281467
demo,8500,137422179678,17177637283
demo,8501,67333280,8281484
demo,8502,67333281,8281484
demo,8503,67333416,8281501
demo,8504,67333417,8281501
demo,8505,67333552,8281518
demo,8506,67333553,8281518
demo,8507,67333688,8281535
demo,8508,67333689,8281535
demo,8509,67333824,8281552
demo,8510,67333825,8281552
demo,8511,137422179678,17177637283
demo,8512,67333960,8281569
demo,8513,67333961,8281569
demo,8514,67334096,8281586
demo,8515,67334097,8281586
demo,8516,67334232,8281603
demo,8517,67334233,8281603
demo,8518,67334368,8281620
demo,8519,67334369,8281620
demo,8520,137422179678,17177637283
demo,8521,67334504,8281637
demo,8522,67334505,8281637
demo,8523,67334640,8281654
demo,8524,67334641,8281654
demo,8525,67334776,8281671
demo,8526,67334777,8281671
demo,8527,137422179678,17177637283
demo,8528,67334912,8281688
demo,8529,67334913,8281688
demo,8530,67335048,8281705
demo,8531,67335049,8281705
demo,8532,67335184,8281722
demo,8533,67335185,8281722
demo,8534,67335320,8281739
demo,8535,67335321,8281739
demo,8536,67335456,8281756
demo,8537,67335457,8281756
demo,8538,137422179678,17177637283
demo,8539,67335592,8281773
demo,8540,67335593,8281773
demo,8541,67335728,8281790
demo,8542,67335729,8281790
demo,8543,137422179678,17177637283
demo,8544,67335864,8281807
demo,8545,67335865,8281807
demo,8546,67336000,8281824
demo,8547,67336001,8281824
demo,8548,67336136,8281841
demo,8549,67336137,8281841
demo,8550,67336272,8281858
demo,8551,67336273,8281858
demo,8552,67336408,8281875
demo,8553,67336409,8281875
demo,8554,137422179678,17177637283
demo,8555,67336544,8281892
demo,8556,67336545,8281892
demo,8557,67336680,8281909
demo,8558,67336681,8281909
demo,8559,137422176280,17177636859
demo,8560,137422179696,17177637286
demo,8561,137422179697,17177637286
demo,8562,137422179698,17177637286
demo,8563,137422179699,17177637286
demo,8564,137422179700,17177637286
demo,8565,137422179701,17177637286
demo,8566,137422179702,17177637286
demo,8567,137422179703,17177637286
demo,8568,137422179704,17177637287
demo,8569,137422179696,17177637286
demo,8570,67331240,8281229
demo,8571,67331241,8281229
demo,8572,67331376,8281246
demo,8573,67331377,8281246
demo,8574,137422179696,17177637286
demo,8575,67331512,8281263
demo,8576,67331513,8281263
demo,8577,67331648,8281280
demo,8578,67331649,8281280
demo,8579,67331784,8281297
demo,8580,67331785,8281297
demo,8581,67331920,8281314
demo,8582,67331921,8281314
demo,8583,67332056,8281331
demo,8584,67332057,8281331
demo,8585,67332192,8281348
demo,8586,67332193,8281348
demo,8587,67332328,8281365
demo,8588,67332329,8281365
demo,8589,67332464,8281382
demo,8590,67332465,8281382
demo,8591,67332600,8281399
demo,8592,67332601,8281399
demo,8593,67332736,8281416
demo,8594,67332737,8281416
demo,8595,67332872,8281433
demo,8596,67332873,8281433
demo,8597,137422179696,17177637286
demo,8598,67333008,8281450
demo,8599,67333009,8281450
demo,8600,137422179696,17177637286
demo,8601,67333144,8281467
demo,8602,67333145,8281467
demo,8603,137422179696,17177637286
demo,8604,67333280,8281484
demo,8605,67333281,8281484
demo,8606,67333416,8281501
demo,8607,67333417,8281501
demo,8608,67333552,8281518
demo,8609,67333553,8281518
demo,8610,67333688,8281535
demo,8611,67333689,8281535
demo,8612,67333824,8281552
demo,8613,67333825,8281552
demo,8614,137422179696,17177637286
demo,8615,67333960,8281569
demo,8616,67333961,8281569
demo,8617,67334096,8281586
demo,8618,67334097,8281586
demo,8619,67334232,8281603
demo,8620,67334233,8281603
demo,8621,67334368,8281620
demo,8622,67334369,8281620
demo,8623,137422179696,17177637286
demo,8624,67334504,8281637
demo,8625,67334505,8281637
demo,8626,67334640,8281654
demo,8627,67334641,8281654
demo,8628,67334776,8281671
demo,8629,67334777,8281671
demo,8630,137422179696,17177637286
demo,8631,67334912,8281688
demo,8632,67334913,8281688
demo,8633,67335048,8281705
demo,8634,67335049,8281705
demo,8635,67335184,8281722
demo,8636,67335185,8281722
demo,8637,67335320,8281739
demo,8638,67335321,8281739
demo,8639,67335456,8281756
demo,8640,67335457,8281756
demo,8641,137422179696,17177637286
demo,8642,67335592,8281773
demo,8643,67335593,8281773
demo,8644,67335728,8281790
demo,8645,67335729,8281790
demo,8646,137422179696,17177637286
demo,8647,67335864,8281807
demo,8648,67335865,8281807
demo,8649,67336000,8281824
demo,8650,67336001,8281824
demo,8651,67336136,8281841
demo,8652,67336137,8281841
demo,8653,67336272,8281858
demo,8654,67336273,8281858
demo,8655,67336408,8281875
demo,8656,67336409,8281875
demo,8657,137422179696,17177637286
demo,8658,67336544,8281892
demo,8659,67336545,8281892
demo,8660,67336680,8281909
demo,8661,67336681,8281909
demo,8662,137422176288,17177636860
demo,8663,137422179707,17177637287
demo,8664,137422179708,17177637287
demo,8665,137422179709,17177637287
demo,8666,137422179710,17177637287
demo,8667,137422179707,17177637287
demo,8668,67331240,8281229
demo,8669,67331241,8281229
demo,8670,67331376,8281246
demo,8671,67331377,8281246
demo,8672,137422179707,17177637287
demo,8673,67331512,8281263
demo,8674,67331513,8281263
demo,8675,67331648,8281280
demo,8676,67331649,8281280
demo,8677,67331784,8281297
demo,8678,67331785,8281297
demo,8679,67331920,8281314
demo,8680,67331921,8281314
demo,8681,67332056,8281331
demo,8682,67332057,8281331
demo,8683,67332192,8281348
demo,8684,67332193,8281348
demo,8685,67332328,8281365
demo,8686,67332329,8281365
demo,8687,67332464,8281382
demo,8688,67332465,8281382
demo,8689,67332600,8281399
demo,8690,67332601,8281399
demo,8691,67332736,8281416
demo,8692,67332737,8281416
demo,8693,67332872,8281433
demo,8694,67332873,8281433
demo,8695,137422179707,17177637287
demo,8696,67333008,8281450
demo,8697,67333009,8281450
demo,8698,137422179707,17177637287
demo,8699,67333144,8281467
demo,8700,67333145,8281467
demo,8701,137422179707,17177637287
demo,8702,67333280,8281484
demo,8703,67333281,8281484
demo,8704,67333416,8281501
demo,8705,67333417,8281501
demo,8706,67333552,8281518
demo,8707,67333553,8281518
demo,8708,67333688,8281535
demo,8709,67333689,8281535
demo,8710,67333824,8281552
demo,8711,67333825,8281552
demo,8712,137422179707,17177637287
demo,8713,67333960,8281569
demo,8714,67333961,8281569
demo,8715,67334096,8281586
demo,8716,67334097,8281586
demo,8717,67334232,8281603
demo,8718,67334233,8281603
demo,8719,67334368,8281620
demo,8720,67334369,8281620
demo,8721,137422179707,17177637287
demo,8722,67334504,8281637
demo,8723,67334505,8281637
demo,8724,67334640,8281654
demo,8725,67334641,8281654
demo,8726,67334776,8281671
demo,8727,67334777,8281671
demo,8728,137422179707,17177637287
demo,8729,67334912,8281688
demo,8730,67334913,8281688
demo,8731,67335048,8281705
demo,8732,67335049,8281705
demo,8733,67335184,8281722
demo,8734,67335185,8281722
demo,8735,67335320,8281739
demo,8736,67335321,8281739
demo,8737,67335456,8281756
demo,8738,67335457,8281756
demo,8739,137422179707,17177637287
demo,8740,67335592,8281773
demo,8741,67335593,8281773
demo,8742,67335728,8281790
demo,8743,67335729,8281790
demo,8744,137422179707,17177637287
demo,8745,67335864,8281807
demo,8746,67335865,8281807
demo,8747,67336000,8281824
demo,8748,67336001,8281824
demo,8749,67336136,8281841
demo,8750,67336137,8281841
demo,8751,67336272,8281858
demo,8752,67336273,8281858
demo,8753,67336408,8281875
demo,8754,67336409,8281875
demo,8755,137422179707,17177637287
demo,8756,67336544,8281892
demo,8757,67336545,8281892
demo,8758,67336680,8281909
demo,8759,67336681,8281909
demo,8760,137422176296,17177636861
demo,8761,137422179748,17177637292
demo,8762,137422179749,17177637292
demo,8763,137422179750,17177637292
demo,8764,137422179751,17177637292
demo,8765,137422179752,17177637293
demo,8766,137422179753,17177637293
demo,8767,137422179754,17177637293
demo,8768,137422179755,17177637293
demo,8769,137422179756,17177637293
demo,8770,137422179757,17177637293
demo,8771,137422179758,17177637293
demo,8772,137422179759,17177637293
demo,8773,137422179760,17177637294
demo,8774,137422179761,17177637294
demo,8775,137422179762,17177637294
demo,8776,137422179763,17177637294
demo,8777,137422179748,17177637292
demo,8778,67331240,8281229
demo,8779,67331241,8281229
demo,8780,67331376,8281246
demo,8781,67331377,8281246
demo,8782,137422179748,17177637292
demo,8783,67331512,8281263
demo,8784,67331513,8281263
demo,8785,67331648,8281280
demo,8786,67331649,8281280
demo,8787,67331784,8281297
demo,8788,67331785,8281297
demo,8789,67331920,8281314
demo,8790,67331921,8281314
demo,8791,67332056,8281331
demo,8792,67332057,8281331
demo,8793,67332192,8281348
demo,8794,67332193,8281348
demo,8795,67332328,8281365
demo,8796,67332329,8281365
demo,8797,67332464,8281382
demo,8798,67332465,8281382
demo,8799,67332600,8281399
demo,8800,67332601,8281399
demo,8801,67332736,8281416
demo,8802,67332737,8281416
demo,8803,67332872,8281433
demo,8804,67332873,8281433
demo,8805,137422179748,17177637292
demo,8806,67333008,8281450
demo,8807,67333009,8281450
demo,8808,137422179748,17177637292
demo,8809,67333144,8281467
demo,8810,67333145,8281467
demo,8811,137422179748,17177637292
demo,8812,67333280,8281484
demo,8813,67333281,8281484
demo,8814,67333416,8281501
demo,8815,67333417,8281501
demo,8816,67333552,8281518
demo,8817,67333553,8281518
demo,8818,67333688,8281535
demo,8819,67333689,8281535
demo,8820,67333824,8281552
demo,8821,67333825,8281552
demo,8822,137422179748,17177637292
demo,8823,67333960,8281569
demo,8824,67333961,8281569
demo,8825,67334096,8281586
demo,8826,67334097,8281586
demo,8827,67334232,8281603
demo,8828,67334233,8281603
demo,8829,67334368,8281620
demo,8830,67334369,8281620
demo,8831,137422179748,17177637292
demo,8832,67334504,8281637
demo,8833,67334505,8281637
demo,8834,67334640,8281654
demo,8835,67334641,8281654
demo,8836,67334776,8281671
demo,8837,67334777,8281671
demo,8838,137422179748,17177637292
demo,8839,67334912,8281688
demo,8840,67334913,8281688
demo,8841,67335048,8281705
demo,8842,67335049,8281705
demo,8843,67335184,8281722
demo,8844,67335185,8281722
demo,8845,67335320,8281739
demo,8846,67335321,8281739
demo,8847,67335456,8281756
demo,8848,67335457,8281756
demo,8849,137422179748,17177637292
demo,8850,67335592,8281773
demo,8851,67335593,8281773
demo,8852,67335728,8281790
demo,8853,67335729,8281790
demo,8854,137422179748,17177637292
demo,8855,67335864,8281807
demo,8856,67335865,8281807
demo,8857,67336000,8281824
demo,8858,67336001,8281824
demo,8859,67336136,8281841
demo,8860,67336137,8281841
demo,8861,67336272,8281858
demo,8862,67336273,8281858
demo,8863,67336408,8281875
demo,8864,67336409,8281875
demo,8865,137422179748,17177637292
demo,8866,67336544,8281892
demo,8867,67336545,8281892
demo,8868,67336680,8281909
demo,8869,67336681,8281909
demo,8870,137422176304,17177636862
demo,8871,137422179795,17177637298
demo,8872,137422179796,17177637298
demo,8873,137422179797,17177637298
demo,8874,137422179798,17177637298
demo,8875,137422179799,17177637298
demo,8876,137422179800,17177637299
demo,8877,137422179801,17177637299
demo,8878,137422179802,17177637299
demo,8879,137422179803,17177637299
demo,8880,137422179804,17177637299
demo,8881,137422179805,17177637299
demo,8882,137422179806,17177637299
demo,8883,137422179807,17177637299
demo,8884,137422179808,17177637300
demo,8885,137422179809,17177637300
demo,8886,137422179810,17177637300
demo,8887,137422179811,17177637300
demo,8888,137422179812,17177637300
demo,8889,137422179813,17177637300
demo,8890,137422179814,17177637300
demo,8891,137422179815,17177637300
demo,8892,137422179816,17177637301
demo,8893,137422179817,17177637301
demo,8894,137422179795,17177637298
demo,8895,67331240,8281229
demo,8896,67331241,8281229
demo,8897,67331376,8281246
demo,8898,67331377,8281246
demo,8899,137422179795,17177637298
demo,8900,67331512,8281263
demo,8901,67331513,8281263
demo,8902,67331648,8281280
demo,8903,67331649,8281280
demo,8904,67331784,8281297
demo,8905,67331785,8281297
demo,8906,67331920,8281314
demo,8907,67331921,8281314
demo,8908,67332056,8281331
demo,8909,67332057,8281331
demo,8910,67332192,8281348
demo,8911,67332193,8281348
demo,8912,67332328,8281365
demo,8913,67332329,8281365
demo,8914,67332464,8281382
demo,8915,67332465,8281382
demo,8916,67332600,8281399
demo,8917,67332601,8281399
demo,8918,67332736,8281416
demo,8919,67332737,8281416
demo,8920,67332872,8281433
demo,8921,67332873,8281433
demo,8922,137422179795,17177637298
demo,8923,67333008,8281450
demo,8924,67333009,8281450
demo,8925,137422179795,17177637298
demo,8926,67333144,8281467
demo,8927,67333145,8281467
demo,8928,137422179795,17177637298
demo,8929,67333280,8281484
demo,8930,67333281,8281484
demo,8931,67333416,8281501
demo,8932,67333417,8281501
demo,8933,67333552,8281518
demo,8934,67333553,8281518
demo,8935,67333688,8281535
demo,8936,67333689,8281535
demo,8937,67333824,8281552
demo,8938,67333825,8281552
demo,8939,137422179795,17177637298
demo,8940,67333960,8281569
demo,8941,67333961,8281569
demo,8942,67334096,8281586
demo,8943,67334097,8281586
demo,8944,67334232,8281603
demo,8945,67334233,8281603
demo,8946,67334368,8281620
demo,8947,67334369,8281620
demo,8948,137422179795,17177637298
demo,8949,67334504,8281637
demo,8950,67334505,8281637
demo,8951,67334640,8281654
demo,8952,67334641,8281654
demo,8953,67334776,8281671
demo,8954,67334777,8281671
demo,8955,137422179795,17177637298
demo,8956,67334912,8281688
demo,8957,67334913,8281688
demo,8958,67335048,8281705
demo,8959,67335049,8281705
demo,8960,67335184,8281722
demo,8961,67335185,8281722
demo,8962,67335320,8281739
demo,8963,67335321,8281739
demo,8964,67335456,8281756
demo,8965,67335457,8281756
demo,8966,137422179795,17177637298
demo,8967,67335592,8281773
demo,8968,67335593,8281773
demo,8969,67335728,8281790
demo,8970,67335729,8281790
demo,8971,137422179795,17177637298
demo,8972,67335864,8281807
demo,8973,67335865,8281807
demo,8974,67336000,8281824
demo,8975,67336001,8281824
demo,8976,67336136,8281841
demo,8977,67336137,8281841
demo,8978,67336272,8281858
demo,8979,67336273,8281858
demo,8980,67336408,8281875
demo,8981,67336409,8281875
demo,8982,137422179795,17177637298
demo,8983,67336544,8281892
demo,8984,67336545,8281892
demo,8985,67336680,8281909
demo,8986,67336681,8281909
demo,8987,137422176312,17177636863
demo,8988,137422179900,17177637311
demo,8989,137422179901,17177637311
demo,8990,137422179902,17177637311
demo,8991,137422179903,17177637311
demo,8992,137422179904,17177637312
demo,8993,137422179905,17177637312
demo,8994,137422179906,17177637312
demo,8995,137422179907,17177637312
demo,8996,137422179908,17177637312
demo,8997,137422179909,17177637312
demo,8998,137422179910,17177637312
demo,8999,137422179911,17177637312
demo,9000,137422179912,17177637313
demo,9001,137422179913,17177637313
demo,9002,137422179914,17177637313
demo,9003,137422179915,17177637313
demo,9004,137422179916,17177637313
demo,9005,137422179917,17177637313
demo,9006,137422179900,17177637311
demo,9007,67331240,8281229
demo,9008,67331241,8281229
demo,9009,67331376,8281246
demo,9010,67331377,8281246
demo,9011,137422179900,17177637311
demo,9012,67331512,8281263
demo,9013,67331513,8281263
demo,9014,67331648,8281280
demo,9015,67331649,8281280
demo,9016,67331784,8281297
demo,9017,67331785,8281297
demo,9018,67331920,8281314
demo,9019,67331921,8281314
demo,9020,67332056,8281331
demo,9021,67332057,8281331
demo,9022,67332192,8281348
demo,9023,67332193,8281348
demo,9024,67332328,8281365
demo,9025,67332329,8281365
demo,9026,67332464,8281382
demo,9027,67332465,8281382
demo,9028,67332600,8281399
demo,9029,67332601,8281399
demo,9030,67332736,8281416
demo,9031,67332737,8281416
demo,9032,67332872,8281433
demo,9033,67332873,8281433
demo,9034,137422179900,17177637311
demo,9035,67333008,8281450
demo,9036,67333009,8281450
demo,9037,137422179900,17177637311
demo,9038,67333144,8281467
demo,9039,67333145,8281467
demo,9040,137422179900,17177637311
demo,9041,67333280,8281484
demo,9042,67333281,8281484
demo,9043,67333416,8281501
demo,9044,67333417,8281501
demo,9045,67333552,8281518
demo,9046,67333553,8281518
demo,9047,67333688,8281535
demo,9048,67333689,8281535
demo,9049,67333824,8281552
demo,9050,67333825,8281552
demo,9051,137422179900,17177637311
demo,9052,67333960,8281569
demo,9053,67333961,8281569
demo,9054,67334096,8281586
demo,9055,67334097,8281586
demo,9056,67334232,8281603
demo,9057,67334233,8281603
demo,9058,67334368,8281620
demo,9059,67334369,8281620
demo,9060,137422179900,17177637311
demo,9061,67334504,8281637
demo,9062,67334505,8281637
demo,9063,67334640,8281654
demo,9064,67334641,8281654
demo,9065,67334776,8281671
demo,9066,67334777,8281671
demo,9067,137422179900,17177637311
demo,9068,67334912,8281688
demo,9069,67334913,8281688
demo,9070,67335048,8281705
demo,9071,67335049,8281705
demo,9072,67335184,8281722
demo,9073,67335185,8281722
demo,9074,67335320,8281739
demo,9075,67335321,8281739
demo,9076,67335456,8281756
demo,9077,67335457,8281756
demo,9078,137422179900,17177637311
demo,9079,67335592,8281773
demo,9080,67335593,8281773
demo,9081,67335728,8281790
demo,9082,67335729,8281790
demo,9083,137422179900,17177637311
demo,9084,67335864,8281807
demo,9085,67335865,8281807
demo,9086,67336000,8281824
demo,9087,67336001,8281824
demo,9088,67336136,8281841
demo,9089,67336137,8281841
demo,9090,67336272,8281858
demo,9091,67336273,8281858
demo,9092,67336408,8281875
demo,9093,67336409,8281875
demo,9094,137422179900,17177637311
demo,9095,67336544,8281892
demo,9096,67336545,8281892
demo,9097,67336680,8281909
demo,9098,67336681,8281909
demo,9099,137422176320,17177636864
demo,9100,137422179923,17177637314
demo,9101,137422179924,17177637314
demo,9102,137422179925,17177637314
demo,9103,137422179926,17177637314
demo,9104,137422179927,17177637314
demo,9105,137422179928,17177637315
demo,9106,137422179929,17177637315
demo,9107,137422179930,17177637315
demo,9108,137422179931,17177637315
demo,9109,137422179932,17177637315
demo,9110,137422179933,17177637315
demo,9111,137422179934,17177637315
demo,9112,137422179935,17177637315
demo,9113,137422179923,17177637314
demo,9114,67331240,8281229
demo,9115,67331241,8281229
demo,9116,67331376,8281246
demo,9117,67331377,8281246
demo,9118,137422179923,17177637314
demo,9119,67331512,8281263
demo,9120,67331513,8281263
demo,9121,67331648,8281280
demo,9122,67331649,8281280
demo,9123,67331784,8281297
demo,9124,67331785,8281297
demo,9125,67331920,8281314
demo,9126,67331921,8281314
demo,9127,67332056,8281331
demo,9128,67332057,8281331
demo,9129,67332192,8281348
demo,9130,67332193,8281348
demo,9131,67332328,8281365
demo,9132,67332329,8281365
demo,9133,67332464,8281382
demo,9134,67332465,8281382
demo,9135,67332600,8281399
demo,9136,67332601,8281399
demo,9137,67332736,8281416
demo,9138,67332737,8281416
demo,9139,67332872,8281433
demo,9140,67332873,8281433
demo,9141,137422179923,17177637314
demo,9142,67333008,8281450
demo,9143,67333009,8281450
demo,9144,137422179923,17177637314
demo,9145,67333144,8281467
demo,9146,67333145,8281467
demo,9147,137422179923,17177637314
demo,9148,67333280,8281484
demo,9149,67333281,8281484
demo,9150,67333416,8281501
demo,9151,67333417,8281501
demo,9152,67333552,8281518
demo,9153,67333553,8281518
demo,9154,67333688,8281535
demo,9155,67333689,8281535
demo,9156,67333824,8281552
demo,9157,67333825,8281552
demo,9158,137422179923,17177637314
demo,9159,67333960,8281569
demo,9160,67333961,8281569
demo,9161,67334096,8281586
demo,9162,67334097,8281586
demo,9163,67334232,8281603
demo,9164,67334233,8281603
demo,9165,67334368,8281620
demo,9166,67334369,8281620
demo,9167,137422179923,17177637314
demo,9168,67334504,8281637
demo,9169,67334505,8281637
demo,9170,67334640,8281654
demo,9171,67334641,8281654
demo,9172,67334776,8281671
demo,9173,67334777,8281671
demo,9174,137422179923,17177637314
demo,9175,67334912,8281688
demo,9176,67334913,8281688
demo,9177,67335048,8281705
demo,9178,67335049,8281705
demo,9179,67335184,8281722
demo,9180,67335185,8281722
demo,9181,67335320,8281739
demo,9182,67335321,8281739
demo,9183,67335456,8281756
demo,9184,67335457,8281756
demo,9185,137422179923,17177637314
demo,9186,67335592,8281773
demo,9187,67335593,8281773
demo,9188,67335728,8281790
demo,9189,67335729,8281790
demo,9190,137422179923,17177637314
demo,9191,67335864,8281807
demo,9192,67335865,8281807
demo,9193,67336000,8281824
demo,9194,67336001,8281824
demo,9195,67336136,8281841
demo,9196,67336137,8281841
demo,9197,67336272,8281858
demo,9198,67336273,8281858
demo,9199,67336408,8281875
demo,9200,67336409,8281875
demo,9201,137422179923,17177637314
demo,9202,67336544,8281892
demo,9203,67336545,8281892
demo,9204,67336680,8281909
demo,9205,67336681,8281909
demo,9206,137422176328,17177636865
demo,9207,137422179937,17177637316
demo,9208,137422179938,17177637316
demo,9209,137422179939,17177637316
demo,9210,137422179940,17177637316
demo,9211,137422179941,17177637316
demo,9212,137422179942,17177637316
demo,9213,137422179943,17177637316
demo,9214,137422179944,17177637317
demo,9215,137422179945,17177637317
demo,9216,137422179946,17177637317
demo,9217,137422179947,17177637317
demo,9218,137422179948,17177637317
demo,9219,137422179949,17177637317
demo,9220,137422179950,17177637317
demo,9221,137422179937,17177637316
demo,9222,67331240,8281229
demo,9223,67331241,8281229
demo,9224,67331376,8281246
demo,9225,67331377,8281246
demo,9226,137422179937,17177637316
demo,9227,67331512,8281263
demo,9228,67331513,8281263
demo,9229,67331648,8281280
demo,9230,67331649,8281280
demo,9231,67331784,8281297
demo,9232,67331785,8281297
demo,9233,67331920,8281314
demo,9234,67331921,8281314
demo,9235,67332056,8281331
demo,9236,67332057,8281331
demo,9237,67332192,8281348
demo,9238,67332193,8281348
demo,9239,67332328,8281365
demo,9240,67332329,8281365
demo,9241,67332464,8281382
demo,9242,67332465,8281382
demo,9243,67332600,8281399
demo,9244,67332601,8281399
demo,9245,67332736,8281416
demo,9246,67332737,8281416
demo,9247,67332872,8281433
demo,9248,67332873,8281433
demo,9249,137422179937,17177637316
demo,9250,67333008,8281450
demo,9251,67333009,8281450
demo,9252,137422179937,17177637316
demo,9253,67333144,8281467
demo,9254,67333145,8281467
demo,9255,137422179937,17177637316
demo,9256,67333280,8281484
demo,9257,67333281,8281484
demo,9258,67333416,8281501
demo,9259,67333417,8281501
demo,9260,67333552,8281518
demo,9261,67333553,8281518
demo,9262,67333688,8281535
demo,9263,67333689,8281535
demo,9264,67333824,8281552
demo,9265,67333825,8281552
demo,9266,137422179937,17177637316
demo,9267,67333960,8281569
demo,9268,67333961,8281569
demo,9269,67334096,8281586
demo,9270,67334097,8281586
demo,9271,67334232,8281603
demo,9272,67334233,8281603
demo,9273,67334368,8281620
demo,9274,67334369,8281620
demo,9275,137422179937,17177637316
demo,9276,67334504,8281637
demo,9277,67334505,8281637
demo,9278,67334640,8281654
demo,9279,67334641,8281654
demo,9280,67334776,8281671
demo,9281,67334777,8281671
demo,9282,137422179937,17177637316
demo,9283,67334912,8281688
demo,9284,67334913,8281688
demo,9285,67335048,8281705
demo,9286,67335049,8281705
demo,9287,67335184,8281722
demo,9288,67335185,8281722
demo,9289,67335320,8281739
demo,9290,67335321,8281739
demo,9291,67335456,8281756
demo,9292,67335457,8281756
demo,9293,137422179937,17177637316
demo,9294,67335592,8281773
demo,9295,67335593,8281773
demo,9296,67335728,8281790
demo,9297,67335729,8281790
demo,9298,137422179937,17177637316
demo,9299,67335864,8281807
demo,9300,67335865,8281807
demo,9301,67336000,8281824
demo,9302,67336001,8281824
demo,9303,67336136,8281841
demo,9304,67336137,8281841
demo,9305,67336272,8281858
demo,9306,67336273,8281858
demo,9307,67336408,8281875
demo,9308,67336409,8281875
demo,9309,137422179937,17177637316
demo,9310,67336544,8281892
demo,9311,67336545,8281892
demo,9312,67336680,8281909
demo,9313,67336681,8281909
demo,9314,137422176336,17177636866
demo,9315,137422180080,17177637334
demo,9316,137422180081,17177637334
demo,9317,137422180082,17177637334
demo,9318,137422180083,17177637334
demo,9319,137422180084,17177637334
demo,9320,137422180085,17177637334
demo,9321,137422180086,17177637334
demo,9322,137422180087,17177637334
demo,9323,137422180088,17177637335
demo,9324,137422180089,17177637335
demo,9325,137422180090,17177637335
demo,9326,137422180080,17177637334
demo,9327,67331240,8281229
demo,9328,67331241,8281229
demo,9329,67331376,8281246
demo,9330,67331377,8281246
demo,9331,137422180080,17177637334
demo,9332,67331512,8281263
demo,9333,67331513,8281263
demo,9334,67331648,8281280
demo,9335,67331649,8281280
demo,9336,67331784,8281297
demo,9337,67331785,8281297
demo,9338,67331920,8281314
demo,9339,67331921,8281314
demo,9340,67332056,8281331
demo,9341,67332057,8281331
demo,9342,67332192,8281348
demo,9343,67332193,8281348
demo,9344,67332328,8281365
demo,9345,67332329,8281365
demo,9346,67332464,8281382
demo,9347,67332465,8281382
demo,9348,67332600,8281399
demo,9349,67332601,8281399
demo,9350,67332736,8281416
demo,9351,67332737,8281416
demo,9352,67332872,8281433
demo,9353,67332873,8281433
demo,9354,137422180080,17177637334
demo,9355,67333008,8281450
demo,9356,67333009,8281450
demo,9357,137422180080,17177637334
demo,9358,67333010,8281450
demo,9359,137422180081,17177637334
demo,9360,67333144,8281467
demo,9361,67333145,8281467
demo,9362,137422180080,17177637334
demo,9363,67333280,8281484
demo,9364,67333281,8281484
demo,9365,67333416,8281501
demo,9366,67333417,8281501
demo,9367,67333552,8281518
demo,9368,67333553,8281518
demo,9369,67333688,8281535
demo,9370,67333689,8281535
demo,9371,67333824,8281552
demo,9372,67333825,8281552
demo,9373,137422180080,17177637334
demo,9374,67333826,8281552
demo,9375,137422180081,17177637334
demo,9376,67333960,8281569
demo,9377,67333961,8281569
demo,9378,67334096,8281586
demo,9379,67334097,8281586
demo,9380,67334232,8281603
demo,9381,67334233,8281603
demo,9382,67334368,8281620
demo,9383,67334369,8281620
demo,9384,137422180080,17177637334
demo,9385,67334504,8281637
demo,9386,67334505,8281637
demo,9387,67334640,8281654
demo,9388,67334641,8281654
demo,9389,67334776,8281671
demo,9390,67334777,8281671
demo,9391,137422180080,17177637334
demo,9392,67334912,8281688
demo,9393,67334913,8281688
demo,9394,67335048,8281705
demo,9395,67335049,8281705
demo,9396,67335184,8281722
demo,9397,67335185,8281722
demo,9398,67335320,8281739
demo,9399,67335321,8281739
demo,9400,67335456,8281756
demo,9401,67335457,8281756
demo,9402,137422180080,17177637334
demo,9403,67335592,8281773
demo,9404,67335593,8281773
demo,9405,67335728,8281790
demo,9406,67335729,8281790
demo,9407,137422180080,17177637334
demo,9408,67335864,8281807
demo,9409,67335865,8281807
demo,9410,67336000,8281824
demo,9411,67336001,8281824
demo,9412,67336136,8281841
demo,9413,67336137,8281841
demo,9414,67336272,8281858
demo,9415,67336273,8281858
demo,9416,67336408,8281875
demo,9417,67336409,8281875
demo,9418,137422180080,17177637334
demo,9419,67336544,8281892
demo,9420,67336545,8281892
demo,9421,67336680,8281909
demo,9422,67336681,8281909
demo,9423,137422176344,17177636867
demo,9424,137422180103,17177637336
demo,9425,137422180104,17177637337
demo,9426,137422180105,17177637337
demo,9427,137422180106,17177637337
demo,9428,137422180107,17177637337
demo,9429,137422180108,17177637337
demo,9430,137422180109,17177637337
demo,9431,137422180110,17177637337
demo,9432,137422180111,17177637337
demo,9433,137422180103,17177637336
demo,9434,67331240,8281229
demo,9435,67331241,8281229
demo,9436,67331376,8281246
demo,9437,67331377,8281246
demo,9438,137422180103,17177637336
demo,9439,67331512,8281263
demo,9440,67331513,8281263
demo,9441,67331648,8281280
demo,9442,67331649,8281280
demo,9443,67331784,8281297
demo,9444,67331785,8281297
demo,9445,67331920,8281314
demo,9446,67331921,8281314
demo,9447,67332056,8281331
demo,9448,67332057,8281331
demo,9449,67332192,8281348
demo,9450,67332193,8281348
demo,9451,67332328,8281365
demo,9452,67332329,8281365
demo,9453,67332464,8281382
demo,9454,67332465,8281382
demo,9455,67332600,8281399
demo,9456,67332601,8281399
demo,9457,67332736,8281416
demo,9458,67332737,8281416
demo,9459,67332872,8281433
demo,9460,67332873,8281433
demo,9461,137422180103,17177637336
demo,9462,67333008,8281450
demo,9463,67333009,8281450
demo,9464,137422180103,17177637336
demo,9465,67333010,8281450
demo,9466,137422180104,17177637337
demo,9467,67333144,8281467
demo,9468,67333145,8281467
demo,9469,137422180103,17177637336
demo,9470,67333280,8281484
demo,9471,67333281,8281484
demo,9472,67333416,8281501
demo,9473,67333417,8281501
demo,9474,67333552,8281518
demo,9475,67333553,8281518
demo,9476,67333688,8281535
demo,9477,67333689,8281535
demo,9478,67333824,8281552
demo,9479,67333825,8281552
demo,9480,137422180103,17177637336
demo,9481,67333826,8281552
demo,9482,137422180104,17177637337
demo,9483,67333960,8281569
demo,9484,67333961,8281569
demo,9485,67334096,8281586
demo,9486,67334097,8281586
demo,9487,67334232,8281603
demo,9488,67334233,8281603
demo,9489,67334368,8281620
demo,9490,67334369,8281620
demo,9491,137422180103,17177637336
demo,9492,67334504,8281637
demo,9493,67334505,8281637
demo,9494,67334640,8281654
demo,9495,67334641,8281654
demo,9496,67334776,8281671
demo,9497,67334777,8281671
demo,9498,137422180103,17177637336
demo,9499,67334912,8281688
demo,9500,67334913,8281688
demo,9501,67335048,8281705
demo,9502,67335049,8281705
demo,9503,67335184,8281722
demo,9504,67335185,8281722
demo,9505,67335320,8281739
demo,9506,67335321,8281739
demo,9507,67335456,8281756
demo,9508,67335457,8281756
demo,9509,137422180103,17177637336
demo,9510,67335592,8281773
demo,9511,67335593,8281773
demo,9512,67335728,8281790
demo,9513,67335729,8281790
demo,9514,137422180103,17177637336
demo,9515,67335864,8281807
demo,9516,67335865,8281807
demo,9517,67336000,8281824
demo,9518,67336001,8281824
demo,9519,67336136,8281841
demo,9520,67336137,8281841
demo,9521,67336272,8281858
demo,9522,67336273,8281858
demo,9523,67336408,8281875
demo,9524,67336409,8281875
demo,9525,137422180103,17177637336
demo,9526,67336544,8281892
demo,9527,67336545,8281892
demo,9528,67336680,8281909
demo,9529,67336681,8281909
demo,9530,137422176352,17177636868
demo,9531,137422180124,17177637339
demo,9532,137422180125,17177637339
demo,9533,137422180126,17177637339
demo,9534,137422180127,17177637339
demo,9535,137422180128,17177637340
demo,9536,137422180129,17177637340
demo,9537,137422180130,17177637340
demo,9538,137422180131,17177637340
demo,9539,137422180132,17177637340
demo,9540,137422180133,17177637340
demo,9541,137422180134,17177637340
demo,9542,137422180124,17177637339
demo,9543,67331240,8281229
demo,9544,67331241,8281229
demo,9545,67331376,8281246
demo,9546,67331377,8281246
demo,9547,137422180124,17177637339
demo,9548,67331512,8281263
demo,9549,67331513,8281263
demo,9550,67331648,8281280
demo,9551,67331649,8281280
demo,9552,67331784,8281297
demo,9553,67331785,8281297
demo,9554,67331920,8281314
demo,9555,67331921,8281314
demo,9556,67332056,8281331
demo,9557,67332057,8281331
demo,9558,67332192,8281348
demo,9559,67332193,8281348
demo,9560,67332328,8281365
demo,9561,67332329,8281365
demo,9562,67332464,8281382
demo,9563,67332465,8281382
demo,9564,67332600,8281399
demo,9565,67332601,8281399
demo,9566,67332736,8281416
demo,9567,67332737,8281416
demo,9568,67332872,8281433
demo,9569,67332873,8281433
demo,9570,137422180124,17177637339
demo,9571,67333008,8281450
demo,9572,67333009,8281450
demo,9573,137422180124,17177637339
demo,9574,67333144,8281467
demo,9575,67333145,8281467
demo,9576,137422180124,17177637339
demo,9577,67333280,8281484
demo,9578,67333281,8281484
demo,9579,67333416,8281501
demo,9580,67333417,8281501
demo,9581,67333552,8281518
demo,9582,67333553,8281518
demo,9583,67333688,8281535
demo,9584,67333689,8281535
demo,9585,67333824,8281552
demo,9586,67333825,8281552
demo,9587,137422180124,17177637339
demo,9588,67333960,8281569
demo,9589,67333961,8281569
demo,9590,67334096,8281586
demo,9591,67334097,8281586
demo,9592,67334232,8281603
demo,9593,67334233,8281603
demo,9594,67334368,8281620
demo,9595,67334369,8281620
demo,9596,137422180124,17177637339
demo,9597,67334504,8281637
demo,9598,67334505,8281637
demo,9599,67334640,8281654
demo,9600,67334641,8281654
demo,9601,67334776,8281671
demo,9602,67334777,8281671
demo,9603,137422180124,17177637339
demo,9604,67334912,8281688
demo,9605,67334913,8281688
demo,9606,67335048,8281705
demo,9607,67335049,8281705
demo,9608,67335184,8281722
demo,9609,67335185,8281722
demo,9610,67335320,8281739
demo,9611,67335321,8281739
demo,9612,67335456,8281756
demo,9613,67335457,8281756
demo,9614,137422180124,17177637339
demo,9615,67335592,8281773
demo,9616,67335593,8281773
demo,9617,67335728,8281790
demo,9618,67335729,8281790
demo,9619,137422180124,17177637339
demo,9620,67335864,8281807
demo,9621,67335865,8281807
demo,9622,67336000,8281824
demo,9623,67336001,8281824
demo,9624,67336136,8281841
demo,9625,67336137,8281841
demo,9626,67336272,8281858
demo,9627,67336273,8281858
demo,9628,67336408,8281875
demo,9629,67336409,8281875
demo,9630,137422180124,17177637339
demo,9631,67336544,8281892
demo,9632,67336545,8281892
demo,9633,67336680,8281909
demo,9634,67336681,8281909
demo,9635,137422176360,17177636869
demo,9636,137422180137,17177637341
demo,9637,137422180138,17177637341
demo,9638,137422180139,17177637341
demo,9639,137422180140,17177637341
demo,9640,137422180141,17177637341
demo,9641,137422180142,17177637341
demo,9642,137422180143,17177637341
demo,9643,137422180144,17177637342
demo,9644,137422180145,17177637342
demo,9645,137422180146,17177637342
demo,9646,137422180147,17177637342
demo,9647,137422180148,17177637342
demo,9648,137422180149,17177637342
demo,9649,137422180150,17177637342
demo,9650,137422180137,17177637341
demo,9651,67331240,8281229
demo,9652,67331241,8281229
demo,9653,67331376,8281246
demo,9654,67331377,8281246
demo,9655,137422180137,17177637341
demo,9656,67331512,8281263
demo,9657,67331513,8281263
demo,9658,67331648,8281280
demo,9659,67331649,8281280
demo,9660,67331784,8281297
demo,9661,67331785,8281297
demo,9662,67331920,8281314
demo,9663,67331921,8281314
demo,9664,67332056,8281331
demo,9665,67332057,8281331
demo,9666,67332192,8281348
demo,9667,67332193,8281348
demo,9668,67332328,8281365
demo,9669,67332329,8281365
demo,9670,67332464,8281382
demo,9671,67332465,8281382
demo,9672,67332600,8281399
demo,9673,67332601,8281399
demo,9674,67332736,8281416
demo,9675,67332737,8281416
demo,9676,67332872,8281433
demo,9677,67332873,8281433
demo,9678,137422180137,17177637341
demo,9679,67333008,8281450
demo,9680,67333009,8281450
demo,9681,137422180137,17177637341
demo,9682,67333144,8281467
demo,9683,67333145,8281467
demo,9684,137422180137,17177637341
demo,9685,67333280,8281484
demo,9686,67333281,8281484
demo,9687,67333416,8281501
demo,9688,67333417,8281501
demo,9689,67333552,8281518
demo,9690,67333553,8281518
demo,9691,67333688,8281535
demo,9692,67333689,8281535
demo,9693,67333824,8281552
demo,9694,67333825,8281552
demo,9695,137422180137,17177637341
demo,9696,67333960,8281569
demo,9697,67333961,8281569
demo,9698,67334096,8281586
demo,9699,67334097,8281586
demo,9700,67334232,8281603
demo,9701,67334233,8281603
demo,9702,67334368,8281620
demo,9703,67334369,8281620
demo,9704,137422180137,17177637341
demo,9705,67334504,8281637
demo,9706,67334505,8281637
demo,9707,67334640,8281654
demo,9708,67334641,8281654
demo,9709,67334776,8281671
demo,9710,67334777,8281671
demo,9711,137422180137,17177637341
demo,9712,67334912,8281688
demo,9713,67334913,8281688
demo,9714,67335048,8281705
demo,9715,67335049,8281705
demo,9716,67335184,8281722
demo,9717,67335185,8281722
demo,9718,67335320,8281739
demo,9719,67335321,8281739
demo,9720,67335456,8281756
demo,9721,67335457,8281756
demo,9722,137422180137,17177637341
demo,9723,67335592,8281773
demo,9724,67335593,8281773
demo,9725,67335728,8281790
demo,9726,67335729,8281790
demo,9727,137422180137,17177637341
demo,9728,67335864,8281807
demo,9729,67335865,8281807
demo,9730,67336000,8281824
demo,9731,67336001,8281824
demo,9732,67336136,8281841
demo,9733,67336137,8281841
demo,9734,67336272,8281858
demo,9735,67336273,8281858
demo,9736,67336408,8281875
demo,9737,67336409,8281875
demo,9738,137422180137,17177637341
demo,9739,67336544,8281892
demo,9740,67336545,8281892
demo,9741,67336680,8281909
demo,9742,67336681,8281909
demo,9743,137422176368,17177636870
demo,9744,137422180164,17177637344
demo,9745,137422180165,17177637344
demo,9746,137422180166,17177637344
demo,9747,137422180167,17177637344
demo,9748,137422180168,17177637345
demo,9749,137422180169,17177637345
demo,9750,137422180170,17177637345
demo,9751,137422180171,17177637345
demo,9752,137422180172,17177637345
demo,9753,137422180173,17177637345
demo,9754,137422180174,17177637345
demo,9755,137422180164,17177637344
demo,9756,67331240,8281229
demo,9757,67331241,8281229
demo,9758,67331376,8281246
demo,9759,67331377,8281246
demo,9760,137422180164,17177637344
demo,9761,67331512,8281263
demo,9762,67331513,8281263
demo,9763,67331648,8281280
demo,9764,67331649,8281280
demo,9765,67331784,8281297
demo,9766,67331785,8281297
demo,9767,67331920,8281314
demo,9768,67331921,8281314
demo,9769,67332056,8281331
demo,9770,67332057,8281331
demo,9771,67332192,8281348
demo,9772,67332193,8281348
demo,9773,67332328,8281365
demo,9774,67332329,8281365
demo,9775,67332464,8281382
demo,9776,67332465,8281382
demo,9777,67332600,8281399
demo,9778,67332601,8281399
demo,9779,67332736,8281416
demo,9780,67332737,8281416
demo,9781,67332872,8281433
demo,9782,67332873,8281433
demo,9783,137422180164,17177637344
demo,9784,67333008,8281450
demo,9785,67333009,8281450
demo,9786,137422180164,17177637344
demo,9787,67333144,8281467
demo,9788,67333145,8281467
demo,9789,137422180164,17177637344
demo,9790,67333280,8281484
demo,9791,67333281,8281484
demo,9792,67333416,8281501
demo,9793,67333417,8281501
demo,9794,67333552,8281518
demo,9795,67333553,8281518
demo,9796,67333688,8281535
demo,9797,67333689,8281535
demo,9798,67333824,8281552
demo,9799,67333825,8281552
demo,9800,137422180164,17177637344
demo,9801,67333960,8281569
demo,9802,67333961,8281569
demo,9803,67334096,8281586
demo,9804,67334097,8281586
demo,9805,67334232,8281603
demo,9806,67334233,8281603
demo,9807,67334368,8281620
demo,9808,67334369,8281620
demo,9809,137422180164,17177637344
demo,9810,67334504,8281637
demo,9811,67334505,8281637
demo,9812,67334640,8281654
demo,9813,67334641,8281654
demo,9814,67334776,8281671
demo,9815,67334777,8281671
demo,9816,137422180164,17177637344
demo,9817,67334912,8281688
demo,9818,67334913,8281688
demo,9819,67335048,8281705
demo,9820,67335049,8281705
demo,9821,67335184,8281722
demo,9822,67335185,8281722
demo,9823,67335320,8281739
demo,9824,67335321,8281739
demo,9825,67335456,8281756
demo,9826,67335457,8281756
demo,9827,137422180164,17177637344
demo,9828,67335592,8281773
demo,9829,67335593,8281773
demo,9830,67335728,8281790
demo,9831,67335729,8281790
demo,9832,137422180164,17177637344
demo,9833,67335864,8281807
demo,9834,67335865,8281807
demo,9835,67336000,8281824
demo,9836,67336001,8281824
demo,9837,67336136,8281841
demo,9838,67336137,8281841
demo,9839,67336272,8281858
demo,9840,67336273,8281858
demo,9841,67336408,8281875
demo,9842,67336409,8281875
demo,9843,137422180164,17177637344
demo,9844,67336544,8281892
demo,9845,67336545,8281892
demo,9846,67336680,8281909
demo,9847,67336681,8281909
demo,9848,137422176376,17177636871
demo,9849,137422180181,17177637346
demo,9850,137422180182,17177637346
demo,9851,137422180183,17177637346
demo,9852,137422180184,17177637347
demo,9853,137422180185,17177637347
demo,9854,137422180186,17177637347
demo,9855,137422180187,17177637347
demo,9856,137422180188,17177637347
demo,9857,137422180189,17177637347
demo,9858,137422180190,17177637347
demo,9859,137422180191,17177637347
demo,9860,137422180192,17177637348
demo,9861,137422180193,17177637348
demo,9862,137422180194,17177637348
demo,9863,137422180195,17177637348
demo,9864,137422180196,17177637348
demo,9865,137422180197,17177637348
demo,9866,137422180198,17177637348
demo,9867,137422180181,17177637346
demo,9868,67298051,8277080
demo,9869,137422180182,17177637346
demo,9870,67298052,8277080
demo,9871,137422180183,17177637346
demo,9872,67298053,8277080
demo,9873,137422180184,17177637347
demo,9874,67298054,8277080
demo,9875,137422180185,17177637347
demo,9876,67298055,8277080
demo,9877,137422180186,17177637347
demo,9878,67331240,8281229
demo,9879,67331241,8281229
demo,9880,67331376,8281246
demo,9881,67331377,8281246
demo,9882,137422180181,17177637346
demo,9883,67331512,8281263
demo,9884,67331513,8281263
demo,9885,67331648,8281280
demo,9886,67331649,8281280
demo,9887,67331784,8281297
demo,9888,67331785,8281297
demo,9889,67331920,8281314
demo,9890,67331921,8281314
demo,9891,67332056,8281331
demo,9892,67332057,8281331
demo,9893,67332192,8281348
demo,9894,67332193,8281348
demo,9895,67332328,8281365
demo,9896,67332329,8281365
demo,9897,67332464,8281382
demo,9898,67332465,8281382
demo,9899,67332600,8281399
demo,9900,67332601,8281399
demo,9901,67332736,8281416
demo,9902,67332737,8281416
demo,9903,67332872,8281433
demo,9904,67332873,8281433
demo,9905,137422180181,17177637346
demo,9906,67333008,8281450
demo,9907,67333009,8281450
demo,9908,137422180181,17177637346
demo,9909,67333144,8281467
demo,9910,67333145,8281467
demo,9911,137422180181,17177637346
demo,9912,67333280,8281484
demo,9913,67333281,8281484
demo,9914,67333416,8281501
demo,9915,67333417,8281501
demo,9916,67333552,8281518
demo,9917,67333553,8281518
demo,9918,67333688,8281535
demo,9919,67333689,8281535
demo,9920,67333824,8281552
demo,9921,67333825,8281552
demo,9922,137422180181,17177637346
demo,9923,67333960,8281569
demo,9924,67333961,8281569
demo,9925,67334096,8281586
demo,9926,67334097,8281586
demo,9927,67334232,8281603
demo,9928,67334233,8281603
demo,9929,67334368,8281620
demo,9930,67334369,8281620
demo,9931,137422180181,17177637346
demo,9932,67334504,8281637
demo,9933,67334505,8281637
demo,9934,67334640,8281654
demo,9935,67334641,8281654
demo,9936,67334776,8281671
demo,9937,67334777,8281671
demo,9938,137422180181,17177637346
demo,9939,67334912,8281688
demo,9940,67334913,8281688
demo,9941,67335048,8281705
demo,9942,67335049,8281705
demo,9943,67335184,8281722
demo,9944,67335185,8281722
demo,9945,67335320,8281739
demo,9946,67335321,8281739
demo,9947,67335456,8281756
demo,9948,67335457,8281756
demo,9949,137422180181,17177637346
demo,9950,67335592,8281773
demo,9951,67335593,8281773
demo,9952,67335728,8281790
demo,9953,67335729,8281790
demo,9954,137422180181,17177637346
demo,9955,67335864,8281807
demo,9956,67335865,8281807
demo,9957,67336000,8281824
demo,9958,67336001,8281824
demo,9959,67336136,8281841
demo,9960,67336137,8281841
demo,9961,67336272,8281858
demo,9962,67336273,8281858
demo,9963,67336408,8281875
demo,9964,67336409,8281875
demo,9965,137422180181,17177637346
demo,9966,67336544,8281892
demo,9967,67336545,8281892
demo,9968,67336680,8281909
demo,9969,67336681,8281909
demo,9970,137422176384,17177636872
demo,9971,137422180201,17177637349
demo,9972,137422180202,17177637349
demo,9973,137422180203,17177637349
demo,9974,137422180204,17177637349
demo,9975,137422180205,17177637349
demo,9976,137422180206,17177637349
demo,9977,137422180207,17177637349
demo,9978,137422180208,17177637350
demo,9979,137422180209,17177637350
demo,9980,137422180210,17177637350
demo,9981,137422180211,17177637350
demo,9982,137422180201,17177637349
demo,9983,67331240,8281229
demo,9984,67331241,8281229
demo,9985,67331376,8281246
demo,9986,67331377,8281246
demo,9987,137422180201,17177637349
demo,9988,67331512,8281263
demo,9989,67331513,8281263
demo,9990,67331648,8281280
demo,9991,67331649,8281280
demo,9992,67331784,8281297
demo,9993,67331785,8281297
demo,9994,67331920,8281314
demo,9995,67331921,8281314
demo,9996,67332056,8281331
demo,9997,67332057,8281331
demo,9998,67332192,8281348
demo,9999,67332193,8281348
demo,10000,67332328,8281365
demo,10001,67332329,8281365
demo,10002,67332464,8281382
demo,10003,67332465,8281382
demo,10004,67332600,8281399
demo,10005,67332601,8281399
demo,10006,67332736,8281416
demo,10007,67332737,8281416
demo,10008,67332872,8281433
demo,10009,67332873,8281433
demo,10010,137422180201,17177637349
demo,10011,67333008,8281450
demo,10012,67333009,8281450
demo,10013,137422180201,17177637349
demo,10014,67333010,8281450
demo,10015,137422180202,17177637349
demo,10016,67333011,8281450
demo,10017,137422180203,17177637349
demo,10018,67333012,8281450
demo,10019,137422180204,17177637349
demo,10020,67333013,8281450
demo,10021,137422180205,17177637349
demo,10022,67333014,8281450
demo,10023,137422180206,17177637349
demo,10024,67333015,8281450
demo,10025,137422180207,17177637349
demo,10026,67333144,8281467
demo,10027,67333145,8281467
demo,10028,137422180201,17177637349
demo,10029,67333280,8281484
demo,10030,67333281,8281484
demo,10031,67333416,8281501
demo,10032,67333417,8281501
demo,10033,67333552,8281518
demo,10034,67333553,8281518
demo,10035,67333688,8281535
demo,10036,67333689,8281535
demo,10037,67333824,8281552
demo,10038,67333825,8281552
demo,10039,137422180201,17177637349
demo,10040,67333826,8281552
demo,10041,137422180202,17177637349
demo,10042,67333827,8281552
demo,10043,137422180203,17177637349
demo,10044,67333828,8281552
demo,10045,137422180204,17177637349
demo,10046,67333960,8281569
demo,10047,67333961,8281569
demo,10048,67334096,8281586
demo,10049,67334097,8281586
demo,10050,67334232,8281603
demo,10051,67334233,8281603
demo,10052,67334368,8281620
demo,10053,67334369,8281620
demo,10054,137422180201,17177637349
demo,10055,67334504,8281637
demo,10056,67334505,8281637
demo,10057,67334640,8281654
demo,10058,67334641,8281654
demo,10059,67334776,8281671
demo,10060,67334777,8281671
demo,10061,137422180201,17177637349
demo,10062,67334912,8281688
demo,10063,67334913,8281688
demo,10064,67335048,8281705
demo,10065,67335049,8281705
demo,10066,67335184,8281722
demo,10067,67335185,8281722
demo,10068,67335320,8281739
demo,10069,67335321,8281739
demo,10070,67335456,8281756
demo,10071,67335457,8281756
demo,10072,137422180201,17177637349
demo,10073,67335592,8281773
demo,10074,67335593,8281773
demo,10075,67335728,8281790
demo,10076,67335729,8281790
demo,10077,137422180201,17177637349
demo,10078,67335864,8281807
demo,10079,67335865,8281807
demo,10080,67336000,8281824
demo,10081,67336001,8281824
demo,10082,67336136,8281841
demo,10083,67336137,8281841
demo,10084,67336272,8281858
demo,10085,67336273,8281858
demo,10086,67336408,8281875
demo,10087,67336409,8281875
demo,10088,137422180201,17177637349
demo,10089,67336544,8281892
demo,10090,67336545,8281892
demo,10091,67336680,8281909
demo,10092,67336681,8281909
demo,10093,137422176392,17177636873
demo,10094,137422175336,17177636741
demo,10095,137422175344,17177636742
demo,10096,137422175352,17177636743
demo,10097,137422175360,17177636744
demo,10098,137422175368,17177636745
demo,10099,137422175376,17177636746
demo,10100,137422175384,17177636747
demo,10101,67332680,8281409
demo,10102,67332720,8281414
demo,10103,67332736,8281416
demo,10104,137422175352,17177636743
demo,10105,137422175372,17177636745
demo,10106,137422175376,17177636746
demo,10107,137422175384,17177636747
demo,10108,137422175384,17177636747
demo,10109,67336976,8281946
demo,10110,137422175264,17177636732
demo,10111,67336980,8281946
demo,10112,67336980,8281946
demo,10113,67336980,8281946
demo,10114,67336896,8281936
demo,10115,67336980,8281946
demo,10116,67337007,8281949
demo,10117,137422175112,17177636713
demo,10118,137422175120,17177636714
demo,10119,137422175128,17177636715
demo,10120,67337004,8281949
demo,10121,67337008,8281950
demo,10122,67337032,8281953
demo,10123,67337036,8281953
demo,10124,67337040,8281954
demo,10125,67337020,8281951
demo,10126,67337024,8281952
demo,10127,67337048,8281955
demo,10128,67337052,8281955
demo,10129,67337056,8281956
demo,10130,67337068,8281957
demo,10131,67337200,8281974
demo,10132,67337188,8281972
demo,10133,67337084,8281959
demo,10134,67337072,8281958
demo,10135,67337160,8281969
demo,10136,67337256,8281981
demo,10137,67337204,8281974
demo,10138,67337216,8281976
demo,10139,137422174812,17177636675
demo,10140,137422174784,17177636672
demo,10141,137422174804,17177636674
demo,10142,137422174808,17177636675
demo,10143,137422174796,17177636673
demo,10144,67336980,8281946
demo,10145,67337092,8281960
demo,10146,67337108,8281962
demo,10147,67337024,8281952
demo,10148,67337224,8281977
demo,10149,67337680,8282034
demo,10150,67337084,8281959
demo,10151,67337048,8281955
demo,10152,137422175080,17177636709
demo,10153,137422175088,17177636710
demo,10154,137422175096,17177636711
demo,10155,137422175104,17177636712
demo,10156,137422175112,17177636713
demo,10157,137422175120,17177636714
demo,10158,137422175128,17177636715
demo,10159,137422175264,17177636732
demo,10160,137422175268,17177636732
demo,10161,137422175272,17177636733
demo,10162,137422175312,17177636738
demo,10163,67337056,8281956
demo,10164,67337048,8281955
demo,10165,67290445,8276129
demo,10166,67290300,8276111
demo,10167,67337316,8281988
demo,10168,67337007,8281949
demo,10169,67337488,8282010
demo,10170,67337035,8281953
demo,10171,67337188,8281972
demo,10172,67337040,8281954
demo,10173,67337008,8281950
demo,10174,67336980,8281946
demo,10175,67336984,8281947
demo,10176,67336988,8281947
demo,10177,67290928,8276190
demo,10178,67290792,8276173
demo,10179,67290720,8276164
demo,10180,67290688,8276160
demo,10181,67290672,8276158
demo,10182,67290664,8276157
demo,10183,67290656,8276156
demo,10184,67290928,8276190
demo,10185,67291064,8276207
demo,10186,67291000,8276199
demo,10187,67290968,8276195
demo,10188,67290952,8276193
demo,10189,67290944,8276192
demo,10190,67290936,8276191
demo,10191,67290928,8276190
demo,10192,67290792,8276173
demo,10193,67290720,8276164
demo,10194,67290688,8276160
demo,10195,67290672,8276158
demo,10196,67290664,8276157
demo,10197,67290656,8276156
demo,10198,67290928,8276190
demo,10199,67291064,8276207
demo,10200,67291000,8276199
demo,10201,67290968,8276195
demo,10202,67290952,8276193
demo,10203,67290960,8276194
demo,10204,137422175000,17177636699
demo,10205,137422175008,17177636700
demo,10206,137422175016,17177636701
demo,10207,137422175024,17177636702
demo,10208,137422175032,17177636703
demo,10209,67336984,8281947
demo,10210,67336988,8281947
demo,10211,137422175000,17177636699
demo,10212,137422175008,17177636700
demo,10213,137422175016,17177636701
demo,10214,137422175024,17177636702
demo,10215,137422175032,17177636703
demo,10216,137422175080,17177636709
demo,10217,137422175088,17177636710
demo,10218,137422175096,17177636711
demo,10219,137422175104,17177636712
demo,10220,137422175112,17177636713
demo,10221,137422175120,17177636714
demo,10222,137422175128,17177636715
demo,10223,67336980,8281946
demo,10224,67336984,8281947
demo,10225,67336988,8281947
demo,10226,67290928,8276190
demo,10227,67290792,8276173
demo,10228,67290720,8276164
demo,10229,67290688,8276160
demo,10230,67290672,8276158
demo,10231,67290664,8276157
demo,10232,67290656,8276156
demo,10233,67290928,8276190
demo,10234,67291064,8276207
demo,10235,67291000,8276199
demo,10236,67290968,8276195
demo,10237,67290952,8276193
demo,10238,67290944,8276192
demo,10239,67290936,8276191
demo,10240,67290928,8276190
demo,10241,67290792,8276173
demo,10242,67290720,8276164
demo,10243,67290688,8276160
demo,10244,67290672,8276158
demo,10245,67290664,8276157
demo,10246,67290656,8276156
demo,10247,67290928,8276190
demo,10248,67291064,8276207
demo,10249,67291000,8276199
demo,10250,67290968,8276195
demo,10251,67290952,8276193
demo,10252,67290960,8276194
demo,10253,137422175000,17177636699
demo,10254,137422175008,17177636700
demo,10255,137422175016,17177636701
demo,10256,137422175024,17177636702
demo,10257,137422175032,17177636703
demo,10258,67336984,8281947
demo,10259,67336988,8281947
demo,10260,137422175000,17177636699
demo,10261,137422175008,17177636700
demo,10262,137422175016,17177636701
demo,10263,137422175024,17177636702
demo,10264,137422175032,17177636703
demo,10265,137422175080,17177636709
demo,10266,137422175088,17177636710
demo,10267,137422175096,17177636711
demo,10268,137422175104,17177636712
demo,10269,137422175112,17177636713
demo,10270,137422175120,17177636714
demo,10271,137422175128,17177636715
demo,10272,67336980,8281946
demo,10273,67336984,8281947
demo,10274,67336988,8281947
demo,10275,67290928,8276190
demo,10276,67290792,8276173
demo,10277,67290720,8276164
demo,10278,67290688,8276160
demo,10279,67290672,8276158
demo,10280,67290664,8276157
demo,10281,67290656,8276156
demo,10282,67290928,8276190
demo,10283,67291064,8276207
demo,10284,67291000,8276199
demo,10285,67290968,8276195
demo,10286,67290952,8276193
demo,10287,67290944,8276192
demo,10288,67290936,8276191
demo,10289,67290928,8276190
demo,10290,67290792,8276173
demo,10291,67290720,8276164
demo,10292,67290688,8276160
demo,10293,67290672,8276158
demo,10294,67290664,8276157
demo,10295,67290656,8276156
demo,10296,67290928,8276190
demo,10297,67291064,8276207
demo,10298,67291000,8276199
demo,10299,67290968,8276195
demo,10300,67290952,8276193
demo,10301,67290960,8276194
demo,10302,137422175000,17177636699
demo,10303,137422175008,17177636700
demo,10304,137422175016,17177636701
demo,10305,137422175024,17177636702
demo,10306,137422175032,17177636703
demo,10307,67336984,8281947
demo,10308,67336988,8281947
demo,10309,137422175000,17177636699
demo,10310,137422175008,17177636700
demo,10311,137422175016,17177636701
demo,10312,137422175024,17177636702
demo,10313,137422175032,17177636703
demo,10314,137422175080,17177636709
demo,10315,137422175088,17177636710
demo,10316,137422175096,17177636711
demo,10317,137422175104,17177636712
demo,10318,137422175112,17177636713
demo,10319,137422175120,17177636714
demo,10320,137422175128,17177636715
demo,10321,67336980,8281946
demo,10322,67336984,8281947
demo,10323,67336988,8281947
demo,10324,67290928,8276190
demo,10325,67290792,8276173
demo,10326,67290720,8276164
demo,10327,67290688,8276160
demo,10328,67290672,8276158
demo,10329,67290664,8276157
demo,10330,67290656,8276156
demo,10331,67290928,8276190
demo,10332,67291064,8276207
demo,10333,67291000,8276199
demo,10334,67290968,8276195
demo,10335,67290952,8276193
demo,10336,67290944,8276192
demo,10337,67290936,8276191
demo,10338,67290928,8276190
demo,10339,67290792,8276173
demo,10340,67290720,8276164
demo,10341,67290688,8276160
demo,10342,67290672,8276158
demo,10343,67290664,8276157
demo,10344,67290656,8276156
demo,10345,67290928,8276190
demo,10346,67291064,8276207
demo,10347,67291000,8276199
demo,10348,67290968,8276195
demo,10349,67290952,8276193
demo,10350,67290960,8276194
demo,10351,137422175000,17177636699
demo,10352,137422175008,17177636700
demo,10353,137422175016,17177636701
demo,10354,137422175024,17177636702
demo,10355,137422175032,17177636703
demo,10356,67336984,8281947
demo,10357,67336988,8281947
demo,10358,137422175000,17177636699
demo,10359,137422175008,17177636700
demo,10360,137422175016,17177636701
demo,10361,137422175024,17177636702
demo,10362,137422175032,17177636703
demo,10363,137422175080,17177636709
demo,10364,137422175088,17177636710
demo,10365,137422175096,17177636711
demo,10366,137422175104,17177636712
demo,10367,137422175112,17177636713
demo,10368,137422175120,17177636714
demo,10369,137422175128,17177636715
demo,10370,67336980,8281946
demo,10371,67336984,8281947
demo,10372,67336988,8281947
demo,10373,67290928,8276190
demo,10374,67290792,8276173
demo,10375,67290720,8276164
demo,10376,67290688,8276160
demo,10377,67290672,8276158
demo,10378,67290664,8276157
demo,10379,67290656,8276156
demo,10380,67290928,8276190
demo,10381,67291064,8276207
demo,10382,67291000,8276199
demo,10383,67290968,8276195
demo,10384,67290952,8276193
demo,10385,67290944,8276192
demo,10386,67290936,8276191
demo,10387,67290928,8276190
demo,10388,67290792,8276173
demo,10389,67290720,8276164
demo,10390,67290688,8276160
demo,10391,67290672,8276158
demo,10392,67290664,8276157
demo,10393,67290656,8276156
demo,10394,67290928,8276190
demo,10395,67291064,8276207
demo,10396,67291000,8276199
demo,10397,67290968,8276195
demo,10398,67290952,8276193
demo,10399,67290960,8276194
demo,10400,137422175000,17177636699
demo,10401,137422175008,17177636700
demo,10402,137422175016,17177636701
demo,10403,137422175024,17177636702
demo,10404,137422175032,17177636703
demo,10405,67336984,8281947
demo,10406,67336988,8281947
demo,10407,137422175000,17177636699
demo,10408,137422175008,17177636700
demo,10409,137422175016,17177636701
demo,10410,137422175024,17177636702
demo,10411,137422175032,17177636703
demo,10412,137422175080,17177636709
demo,10413,137422175088,17177636710
demo,10414,137422175096,17177636711
demo,10415,137422175104,17177636712
demo,10416,137422175112,17177636713
demo,10417,137422175120,17177636714
demo,10418,137422175128,17177636715
demo,10419,137422175216,17177636726
demo,10420,67336980,8281946
demo,10421,67336984,8281947
demo,10422,67336988,8281947
demo,10423,67290928,8276190
demo,10424,67290792,8276173
demo,10425,67290720,8276164
demo,10426,67290688,8276160
demo,10427,67290672,8276158
demo,10428,67290664,8276157
demo,10429,67290656,8276156
demo,10430,67290928,8276190
demo,10431,67291064,8276207
demo,10432,67291000,8276199
demo,10433,67290968,8276195
demo,10434,67290952,8276193
demo,10435,67290944,8276192
demo,10436,67290936,8276191
demo,10437,67290928,8276190
demo,10438,67290792,8276173
demo,10439,67290720,8276164
demo,10440,67290688,8276160
demo,10441,67290672,8276158
demo,10442,67290664,8276157
demo,10443,67290656,8276156
demo,10444,67290928,8276190
demo,10445,67291064,8276207
demo,10446,67291000,8276199
demo,10447,67290968,8276195
demo,10448,67290952,8276193
demo,10449,67290960,8276194
demo,10450,137422175000,17177636699
demo,10451,137422175008,17177636700
demo,10452,137422175016,17177636701
demo,10453,137422175024,17177636702
demo,10454,137422175032,17177636703
demo,10455,67336984,8281947
demo,10456,67336988,8281947
demo,10457,137422175000,17177636699
demo,10458,137422175008,17177636700
demo,10459,137422175016,17177636701
demo,10460,137422175024,17177636702
demo,10461,137422175032,17177636703
demo,10462,137422175080,17177636709
demo,10463,137422175088,17177636710
demo,10464,137422175096,17177636711
demo,10465,137422175104,17177636712
demo,10466,137422175112,17177636713
demo,10467,137422175120,17177636714
demo,10468,137422175128,17177636715
demo,10469,67336980,8281946
demo,10470,67336984,8281947
demo,10471,67336988,8281947
demo,10472,67290928,8276190
demo,10473,67290792,8276173
demo,10474,67290720,8276164
demo,10475,67290688,8276160
demo,10476,67290672,8276158
demo,10477,67290664,8276157
demo,10478,67290656,8276156
demo,10479,67290928,8276190
demo,10480,67291064,8276207
demo,10481,67291000,8276199
demo,10482,67290968,8276195
demo,10483,67290952,8276193
demo,10484,67290944,8276192
demo,10485,67290936,8276191
demo,10486,67290928,8276190
demo,10487,67290792,8276173
demo,10488,67290720,8276164
demo,10489,67290688,8276160
demo,10490,67290672,8276158
demo,10491,67290664,8276157
demo,10492,67290656,8276156
demo,10493,67290928,8276190
demo,10494,67291064,8276207
demo,10495,67291000,8276199
demo,10496,67290968,8276195
demo,10497,67290952,8276193
demo,10498,67290960,8276194
demo,10499,137422175000,17177636699
demo,10500,137422175008,17177636700
demo,10501,137422175016,17177636701
demo,10502,137422175024,17177636702
demo,10503,137422175032,17177636703
demo,10504,67336984,8281947
demo,10505,67336988,8281947
demo,10506,137422175000,17177636699
demo,10507,137422175008,17177636700
demo,10508,137422175016,17177636701
demo,10509,137422175024,17177636702
demo,10510,137422175032,17177636703
demo,10511,137422175080,17177636709
demo,10512,137422175088,17177636710
demo,10513,137422175096,17177636711
demo,10514,137422175104,17177636712
demo,10515,137422175112,17177636713
demo,10516,137422175120,17177636714
demo,10517,137422175128,17177636715
demo,10518,67336980,8281946
demo,10519,67336984,8281947
demo,10520,67336988,8281947
demo,10521,67290928,8276190
demo,10522,67290792,8276173
demo,10523,67290720,8276164
demo,10524,67290688,8276160
demo,10525,67290672,8276158
demo,10526,67290664,8276157
demo,10527,67290656,8276156
demo,10528,67290928,8276190
demo,10529,67291064,8276207
demo,10530,67291000,8276199
demo,10531,67290968,8276195
demo,10532,67290952,8276193
demo,10533,67290944,8276192
demo,10534,67290936,8276191
demo,10535,67290928,8276190
demo,10536,67290792,8276173
demo,10537,67290720,8276164
demo,10538,67290688,8276160
demo,10539,67290672,8276158
demo,10540,67290664,8276157
demo,10541,67290656,8276156
demo,10542,67290928,8276190
demo,10543,67291064,8276207
demo,10544,67291000,8276199
demo,10545,67290968,8276195
demo,10546,67290952,8276193
demo,10547,67290960,8276194
demo,10548,137422175000,17177636699
demo,10549,137422175008,17177636700
demo,10550,137422175016,17177636701
demo,10551,137422175024,17177636702
demo,10552,137422175032,17177636703
demo,10553,67336984,8281947
demo,10554,67336988,8281947
demo,10555,137422175000,17177636699
demo,10556,137422175008,17177636700
demo,10557,137422175016,17177636701
demo,10558,137422175024,17177636702
demo,10559,137422175032,17177636703
demo,10560,137422175080,17177636709
demo,10561,137422175088,17177636710
demo,10562,137422175096,17177636711
demo,10563,137422175104,17177636712
demo,10564,137422175112,17177636713
demo,10565,137422175120,17177636714
demo,10566,137422175128,17177636715
demo,10567,67336980,8281946
demo,10568,67336984,8281947
demo,10569,67336988,8281947
demo,10570,67290928,8276190
demo,10571,67290792,8276173
demo,10572,67290720,8276164
demo,10573,67290688,8276160
demo,10574,67290672,8276158
demo,10575,67290664,8276157
demo,10576,67290656,8276156
demo,10577,67290928,8276190
demo,10578,67291064,8276207
demo,10579,67291000,8276199
demo,10580,67290968,8276195
demo,10581,67290952,8276193
demo,10582,67290944,8276192
demo,10583,67290936,8276191
demo,10584,67290928,8276190
demo,10585,67290792,8276173
demo,10586,67290720,8276164
demo,10587,67290688,8276160
demo,10588,67290672,8276158
demo,10589,67290664,8276157
demo,10590,67290656,8276156
demo,10591,67290928,8276190
demo,10592,67291064,8276207
demo,10593,67291000,8276199
demo,10594,67290968,8276195
demo,10595,67290952,8276193
demo,10596,67290960,8276194
demo,10597,137422175000,17177636699
demo,10598,137422175008,17177636700
demo,10599,137422175016,17177636701
demo,10600,137422175024,17177636702
demo,10601,137422175032,17177636703
demo,10602,67336984,8281947
demo,10603,67336988,8281947
demo,10604,137422175000,17177636699
demo,10605,137422175008,17177636700
demo,10606,137422175016,17177636701
demo,10607,137422175024,17177636702
demo,10608,137422175032,17177636703
demo,10609,137422175080,17177636709
demo,10610,137422175088,17177636710
demo,10611,137422175096,17177636711
demo,10612,137422175104,17177636712
demo,10613,137422175112,17177636713
demo,10614,137422175120,17177636714
demo,10615,137422175128,17177636715
demo,10616,137422175232,17177636728
demo,10617,67336980,8281946
demo,10618,67336984,8281947
demo,10619,67336988,8281947
demo,10620,67290928,8276190
demo,10621,67290792,8276173
demo,10622,67290720,8276164
demo,10623,67290688,8276160
demo,10624,67290672,8276158
demo,10625,67290664,8276157
demo,10626,67290656,8276156
demo,10627,67290928,8276190
demo,10628,67291064,8276207
demo,10629,67291000,8276199
demo,10630,67290968,8276195
demo,10631,67290952,8276193
demo,10632,67290944,8276192
demo,10633,67290936,8276191
demo,10634,67290928,8276190
demo,10635,67290792,8276173
demo,10636,67290720,8276164
demo,10637,67290688,8276160
demo,10638,67290672,8276158
demo,10639,67290664,8276157
demo,10640,67290656,8276156
demo,10641,67290928,8276190
demo,10642,67291064,8276207
demo,10643,67291000,8276199
demo,10644,67290968,8276195
demo,10645,67290952,8276193
demo,10646,67290960,8276194
demo,10647,137422175000,17177636699
demo,10648,137422175008,17177636700
demo,10649,137422175016,17177636701
demo,10650,137422175024,17177636702
demo,10651,137422175032,17177636703
demo,10652,67336984,8281947
demo,10653,67336988,8281947
demo,10654,137422175000,17177636699
demo,10655,137422175008,17177636700
demo,10656,137422175016,17177636701
demo,10657,137422175024,17177636702
demo,10658,137422175032,17177636703
demo,10659,137422175080,17177636709
demo,10660,137422175088,17177636710
demo,10661,137422175096,17177636711
demo,10662,137422175104,17177636712
demo,10663,137422175112,17177636713
demo,10664,137422175120,17177636714
demo,10665,137422175128,17177636715
demo,10666,67336980,8281946
demo,10667,67336984,8281947
demo,10668,67336988,8281947
demo,10669,67290928,8276190
demo,10670,67290792,8276173
demo,10671,67290720,8276164
demo,10672,67290688,8276160
demo,10673,67290672,8276158
demo,10674,67290664,8276157
demo,10675,67290656,8276156
demo,10676,67290928,8276190
demo,10677,67291064,8276207
demo,10678,67291000,8276199
demo,10679,67290968,8276195
demo,10680,67290952,8276193
demo,10681,67290944,8276192
demo,10682,67290936,8276191
demo,10683,67290928,8276190
demo,10684,67290792,8276173
demo,10685,67290720,8276164
demo,10686,67290688,8276160
demo,10687,67290672,8276158
demo,10688,67290664,8276157
demo,10689,67290656,8276156
demo,10690,67290928,8276190
demo,10691,67291064,8276207
demo,10692,67291000,8276199
demo,10693,67290968,8276195
demo,10694,67290952,8276193
demo,10695,67290960,8276194
demo,10696,137422175000,17177636699
demo,10697,137422175008,17177636700
demo,10698,137422175016,17177636701
demo,10699,137422175024,17177636702
demo,10700,137422175032,17177636703
demo,10701,67336984,8281947
demo,10702,67336988,8281947
demo,10703,137422175000,17177636699
demo,10704,137422175008,17177636700
demo,10705,137422175016,17177636701
demo,10706,137422175024,17177636702
demo,10707,137422175032,17177636703
demo,10708,137422175080,17177636709
demo,10709,137422175088,17177636710
demo,10710,137422175096,17177636711
demo,10711,137422175104,17177636712
demo,10712,137422175112,17177636713
demo,10713,137422175120,17177636714
demo,10714,137422175128,17177636715
demo,10715,67336980,8281946
demo,10716,67336984,8281947
demo,10717,67336988,8281947
demo,10718,67290928,8276190
demo,10719,67290792,8276173
demo,10720,67290720,8276164
demo,10721,67290688,8276160
demo,10722,67290672,8276158
demo,10723,67290664,8276157
demo,10724,67290656,8276156
demo,10725,67290928,8276190
demo,10726,67291064,8276207
demo,10727,67291000,8276199
demo,10728,67290968,8276195
demo,10729,67290952,8276193
demo,10730,67290944,8276192
demo,10731,67290936,8276191
demo,10732,67290928,8276190
demo,10733,67290792,8276173
demo,10734,67290720,8276164
demo,10735,67290688,8276160
demo,10736,67290672,8276158
demo,10737,67290664,8276157
demo,10738,67290656,8276156
demo,10739,67290928,8276190
demo,10740,67291064,8276207
demo,10741,67291000,8276199
demo,10742,67290968,8276195
demo,10743,67290952,8276193
demo,10744,67290960,8276194
demo,10745,137422175000,17177636699
demo,10746,137422175008,17177636700
demo,10747,137422175016,17177636701
demo,10748,137422175024,17177636702
demo,10749,137422175032,17177636703
demo,10750,67336984,8281947
demo,10751,67336988,8281947
demo,10752,137422175000,17177636699
demo,10753,137422175008,17177636700
demo,10754,137422175016,17177636701
demo,10755,137422175024,17177636702
demo,10756,137422175032,17177636703
demo,10757,137422175080,17177636709
demo,10758,137422175088,17177636710
demo,10759,137422175096,17177636711
demo,10760,137422175104,17177636712
demo,10761,137422175112,17177636713
demo,10762,137422175120,17177636714
demo,10763,137422175128,17177636715
demo,10764,137422175240,17177636729
demo,10765,67336988,8281947
demo,10766,137422175280,17177636734
demo,10767,67336976,8281946
demo,10768,67336980,8281946
demo,10769,137422175288,17177636735
demo,10770,67336984,8281947
demo,10771,67337008,8281950
demo,10772,137422175064,17177636707
demo,10773,137422175052,17177636705
demo,10774,137422175048,17177636705
demo,10775,137422175040,17177636704
demo,10776,137422175070,17177636707
demo,10777,137422175064,17177636707
demo,10778,137422175052,17177636705
demo,10779,137422175060,17177636706
demo,10780,137422175072,17177636708
demo,10781,137422175071,17177636707
demo,10782,137422175072,17177636708
demo,10783,137422175080,17177636709
demo,10784,137422175088,17177636710
demo,10785,137422175096,17177636711
demo,10786,137422175104,17177636712
demo,10787,137422175112,17177636713
demo,10788,137422175120,17177636714
demo,10789,137422175128,17177636715
demo,10790,137422175288,17177636735
demo,10791,137422175280,17177636734
demo,10792,137422175160,17177636719
demo,10793,137422175152,17177636718
demo,10794,137422175144,17177636717
demo,10795,137422175136,17177636716
demo,10796,137422175168,17177636720
demo,10797,137422175200,17177636724
demo,10798,137422175192,17177636723
demo,10799,137422175248,17177636730
demo,10800,137422175184,17177636722
demo,10801,137422175176,17177636721
demo,10802,137422175240,17177636729
demo,10803,137422175232,17177636728
demo,10804,137422175208,17177636725
demo,10805,67332272,8281358
demo,10806,67332312,8281363
demo,10807,67332328,8281365
demo,10808,137422175128,17177636715
demo,10809,137422175312,17177636738
demo,10810,67332408,8281375
demo,10811,67332448,8281380
demo,10812,67332464,8281382
demo,10813,137422175128,17177636715
demo,10814,137422175312,17177636738
demo,10815,67332136,8281341
demo,10816,67332176,8281346
demo,10817,67332192,8281348
demo,10818,137422175128,17177636715
demo,10819,137422175312,17177636738
demo,10820,67331728,8281290
demo,10821,67331768,8281295
demo,10822,67331784,8281297
demo,10823,137422175128,17177636715
demo,10824,137422175312,17177636738
demo,10825,137422175200,17177636724
demo,10826,67334584,8281647
demo,10827,67334624,8281652
demo,10828,67334640,8281654
demo,10829,137422175128,17177636715
demo,10830,137422175312,17177636738
demo,10831,137422175216,17177636726
demo,10832,137422175256,17177636731
demo,10833,67332272,8281358
demo,10834,137422175312,17177636738
demo,10835,67332280,8281359
demo,10836,137422175296,17177636736
demo,10837,67332288,8281360
demo,10838,137422175304,17177636737
demo,10839,137422175112,17177636713
demo,10840,137422175120,17177636714
demo,10841,137422175128,17177636715
demo,10842,137422175224,17177636727
demo,10843,137422175256,17177636731
demo,10844,67332408,8281375
demo,10845,137422175312,17177636738
demo,10846,67332416,8281376
demo,10847,137422175296,17177636736
demo,10848,67332424,8281377
demo,10849,137422175304,17177636737
demo,10850,137422175112,17177636713
demo,10851,137422175120,17177636714
demo,10852,137422175128,17177636715
demo,10853,137422175256,17177636731
demo,10854,137422175192,17177636723
demo,10855,67332136,8281341
demo,10856,137422175312,17177636738
demo,10857,67332144,8281342
demo,10858,137422175296,17177636736
demo,10859,67332152,8281343
demo,10860,137422175304,17177636737
demo,10861,137422175112,17177636713
demo,10862,137422175120,17177636714
demo,10863,137422175128,17177636715
demo,10864,137422175256,17177636731
demo,10865,67331728,8281290
demo,10866,137422175312,17177636738
demo,10867,67331736,8281291
demo,10868,137422175296,17177636736
demo,10869,67331744,8281292
demo,10870,137422175304,17177636737
demo,10871,137422175112,17177636713
demo,10872,137422175120,17177636714
demo,10873,137422175128,17177636715
demo,10874,137422175200,17177636724
demo,10875,67334584,8281647
demo,10876,137422175312,17177636738
demo,10877,67334592,8281648
demo,10878,137422175296,17177636736
demo,10879,67334600,8281649
demo,10880,137422175304,17177636737
demo,10881,137422175112,17177636713
demo,10882,137422175120,17177636714
demo,10883,137422175128,17177636715
demo,10884,137422175208,17177636725
demo,10885,137422175248,17177636730
demo,10886,137422175240,17177636729
demo,10887,137422175232,17177636728
demo,10888,67336976,8281946
demo,10889,67336080,8281834
demo,10890,67336136,8281841
demo,10891,137422175128,17177636715
demo,10892,67332952,8281443
demo,10893,67332992,8281448
demo,10894,67333008,8281450
demo,10895,137422175128,17177636715
demo,10896,67337020,8281951
demo,10897,67337108,8281962
demo,10898,67336976,8281946
demo,10899,67337048,8281955
demo,10900,67337084,8281959
demo,10901,67333904,8281562
demo,10902,67333960,8281569
demo,10903,137422175128,17177636715
demo,10904,67335128,8281715
demo,10905,67335184,8281722
demo,10906,137422175128,17177636715
demo,10907,67333360,8281494
demo,10908,67333400,8281499
demo,10909,67333416,8281501
demo,10910,137422175128,17177636715
demo,10911,137422175336,17177636741
demo,10912,137422175344,17177636742
demo,10913,137422175352,17177636743
demo,10914,137422175360,17177636744
demo,10915,137422175368,17177636745
demo,10916,137422175376,17177636746
demo,10917,137422175384,17177636747
demo,10918,67336872,8281933
demo,10919,67298373,8277120
demo,10920,137422175384,17177636747
demo,10921,67343000,8282699
demo,10922,137422175360,17177636744
demo,10923,137422175368,17177636745
demo,10924,137422175376,17177636746
demo,10925,137422175384,17177636747
demo,10926,67336776,8281921
demo,10927,137422175400,17177636749
demo,10928,137422175392,17177636748
demo,10929,67336968,8281945
demo,10930,137422174680,17177636659
demo,10931,67336776,8281921
demo,10932,67343056,8282706
demo,10933,137422174832,17177636678
demo,10934,137422175672,17177636783
demo,10935,137422176836,17177636928
demo,10936,137422175680,17177636784
demo,10937,137422176869,17177636932
demo,10938,137422176870,17177636932
demo,10939,137422175688,17177636785
demo,10940,137422176901,17177636936
demo,10941,137422175696,17177636786
demo,10942,137422176927,17177636939
demo,10943,137422175704,17177636787
demo,10944,137422176965,17177636944
demo,10945,137422175712,17177636788
demo,10946,137422177030,17177636952
demo,10947,137422177031,17177636952
demo,10948,137422175720,17177636789
demo,10949,137422177045,17177636954
demo,10950,137422175728,17177636790
demo,10951,137422177059,17177636956
demo,10952,137422177060,17177636956
demo,10953,137422175736,17177636791
demo,10954,137422177079,17177636958
demo,10955,137422175744,17177636792
demo,10956,137422177282,17177636984
demo,10957,137422175752,17177636793
demo,10958,137422177297,17177636986
demo,10959,137422175760,17177636794
demo,10960,137422177333,17177636990
demo,10961,137422175768,17177636795
demo,10962,137422177354,17177636993
demo,10963,137422175776,17177636796
demo,10964,137422177362,17177636994
demo,10965,137422177363,17177636994
demo,10966,137422177364,17177636994
demo,10967,137422174680,17177636659
demo,10968,137422177365,17177636994
demo,10969,137422177366,17177636994
demo,10970,137422177367,17177636994
demo,10971,137422177368,17177636995
demo,10972,137422177369,17177636995
demo,10973,137422177370,17177636995
demo,10974,137422177371,17177636995
demo,10975,137422177372,17177636995
demo,10976,137422177373,17177636995
demo,10977,137422177374,17177636995
demo,10978,137422177375,17177636995
demo,10979,137422177376,17177636996
demo,10980,137422177377,17177636996
demo,10981,67293568,8276520
demo,10982,137422177365,17177636994
demo,10983,137422177373,17177636995
demo,10984,137422174832,17177636678
demo,10985,137422175784,17177636797
demo,10986,137422177393,17177636998
demo,10987,137422175792,17177636798
demo,10988,137422177413,17177637000
demo,10989,137422175800,17177636799
demo,10990,137422177443,17177637004
demo,10991,137422175808,17177636800
demo,10992,137422177487,17177637009
demo,10993,137422175816,17177636801
demo,10994,137422177512,17177637013
demo,10995,137422175824,17177636802
demo,10996,137422177567,17177637019
demo,10997,137422175832,17177636803
demo,10998,137422177631,17177637027
demo,10999,137422175840,17177636804
demo,11000,137422177693,17177637035
demo,11001,137422175848,17177636805
demo,11002,137422177758,17177637043
demo,11003,137422175856,17177636806
demo,11004,137422177786,17177637047
demo,11005,137422175864,17177636807
demo,11006,137422177838,17177637053
demo,11007,137422175872,17177636808
demo,11008,137422177850,17177637055
demo,11009,137422177851,17177637055
demo,11010,137422175880,17177636809
demo,11011,137422177874,17177637058
demo,11012,137422175888,17177636810
demo,11013,137422177901,17177637061
demo,11014,137422175896,17177636811
demo,11015,137422177924,17177637064
demo,11016,137422175904,17177636812
demo,11017,137422177941,17177637066
demo,11018,137422175912,17177636813
demo,11019,137422177952,17177637068
demo,11020,137422175920,17177636814
demo,11021,137422178006,17177637074
demo,11022,137422175928,17177636815
demo,11023,137422178042,17177637079
demo,11024,137422175936,17177636816
demo,11025,137422178070,17177637082
demo,11026,137422175944,17177636817
demo,11027,137422178119,17177637088
demo,11028,137422175952,17177636818
demo,11029,137422178138,17177637091
demo,11030,137422178139,17177637091
demo,11031,137422175960,17177636819
demo,11032,137422178155,17177637093
demo,11033,137422175968,17177636820
demo,11034,137422178169,17177637095
demo,11035,137422175976,17177636821
demo,11036,137422178188,17177637097
demo,11037,137422175984,17177636822
demo,11038,137422178215,17177637100
demo,11039,137422175992,17177636823
demo,11040,137422178238,17177637103
demo,11041,137422176000,17177636824
demo,11042,137422178248,17177637105
demo,11043,137422176008,17177636825
demo,11044,137422178266,17177637107
demo,11045,137422176016,17177636826
demo,11046,137422178310,17177637112
demo,11047,137422176024,17177636827
demo,11048,137422178326,17177637114
demo,11049,137422176032,17177636828
demo,11050,137422178795,17177637173
demo,11051,137422176040,17177636829
demo,11052,137422178881,17177637184
demo,11053,137422176048,17177636830
demo,11054,137422178896,17177637186
demo,11055,137422176056,17177636831
demo,11056,137422178909,17177637187
demo,11057,137422176064,17177636832
demo,11058,137422178939,17177637191
demo,11059,137422176072,17177636833
demo,11060,137422178997,17177637198
demo,11061,137422178998,17177637198
demo,11062,137422176080,17177636834
demo,11063,137422179020,17177637201
demo,11064,137422176088,17177636835
demo,11065,137422179079,17177637208
demo,11066,137422176096,17177636836
demo,11067,137422179110,17177637212
demo,11068,137422176104,17177636837
demo,11069,137422179126,17177637214
demo,11070,137422176112,17177636838
demo,11071,137422179146,17177637217
demo,11072,137422176120,17177636839
demo,11073,137422179161,17177637219
demo,11074,137422176128,17177636840
demo,11075,137422179172,17177637220
demo,11076,137422179173,17177637220
demo,11077,137422176136,17177636841
demo,11078,137422179189,17177637222
demo,11079,137422176144,17177636842
demo,11080,137422179220,17177637226
demo,11081,137422179221,17177637226
demo,11082,137422176152,17177636843
demo,11083,137422179245,17177637229
demo,11084,137422176160,17177636844
demo,11085,137422179265,17177637232
demo,11086,137422176168,17177636845
demo,11087,137422179294,17177637235
demo,11088,137422176176,17177636846
demo,11089,137422179332,17177637240
demo,11090,137422179333,17177637240
demo,11091,137422176184,17177636847
demo,11092,137422179343,17177637241
demo,11093,137422176192,17177636848
demo,11094,137422179384,17177637247
demo,11095,137422176200,17177636849
demo,11096,137422179436,17177637253
demo,11097,137422176208,17177636850
demo,11098,137422179452,17177637255
demo,11099,137422179453,17177637255
demo,11100,137422176216,17177636851
demo,11101,137422179472,17177637258
demo,11102,137422176224,17177636852
demo,11103,137422179491,17177637260
demo,11104,137422176232,17177636853
demo,11105,137422179511,17177637262
demo,11106,137422179512,17177637263
demo,11107,137422176240,17177636854
demo,11108,137422179545,17177637267
demo,11109,137422179546,17177637267
demo,11110,137422176248,17177636855
demo,11111,137422179572,17177637270
demo,11112,137422176256,17177636856
demo,11113,137422179624,17177637277
demo,11114,137422176264,17177636857
demo,11115,137422179648,17177637280
demo,11116,137422179649,17177637280
demo,11117,137422176272,17177636858
demo,11118,137422179678,17177637283
demo,11119,137422176280,17177636859
demo,11120,137422179696,17177637286
demo,11121,137422176288,17177636860
demo,11122,137422179707,17177637287
demo,11123,137422176296,17177636861
demo,11124,137422179748,17177637292
demo,11125,137422176304,17177636862
demo,11126,137422179795,17177637298
demo,11127,137422176312,17177636863
demo,11128,137422179900,17177637311
demo,11129,137422176320,17177636864
demo,11130,137422179923,17177637314
demo,11131,137422176328,17177636865
demo,11132,137422179937,17177637316
demo,11133,137422176336,17177636866
demo,11134,137422180080,17177637334
demo,11135,137422180081,17177637334
demo,11136,137422176344,17177636867
demo,11137,137422180103,17177637336
demo,11138,137422180104,17177637337
demo,11139,137422176352,17177636868
demo,11140,137422180124,17177637339
demo,11141,137422176360,17177636869
demo,11142,137422180137,17177637341
demo,11143,137422176368,17177636870
demo,11144,137422180164,17177637344
demo,11145,137422176376,17177636871
demo,11146,137422180181,17177637346
demo,11147,137422176384,17177636872
demo,11148,137422180201,17177637349
demo,11149,137422180202,17177637349
demo,11150,137422180203,17177637349
demo,11151,137422174680,17177636659
demo,11152,137422180204,17177637349
demo,11153,137422180205,17177637349
demo,11154,137422180206,17177637349
demo,11155,137422180207,17177637349
demo,11156,137422180208,17177637350
demo,11157,137422180209,17177637350
demo,11158,137422180210,17177637350
demo,11159,137422180211,17177637350
demo,11160,67293548,8276517
demo,11161,137422180204,17177637349
demo,11162,137422180204,17177637349
demo,11163,137422180207,17177637349
demo,11164,137422174832,17177636678
demo,11165,137422176392,17177636873
demo,11166,137422174680,17177636659
demo,11167,67336864,8281932
demo,11168,67336824,8281927
demo,11169,137422174768,17177636670
demo,11170,137422175656,17177636781
demo,11171,137422175408,17177636750
demo,11172,137422174604,17177636649
demo,11173,67336736,8281916
demo,11174,67336720,8281914
demo,11175,67342736,8282666
demo,11176,67336888,8281935
demo,11177,137422174536,17177636641
demo,11178,137422174544,17177636642
demo,11179,137422174552,17177636643
demo,11180,137422174560,17177636644
demo,11181,137422174568,17177636645
demo,11182,137422174584,17177636647
demo,11183,137422174616,17177636651
demo,11184,137422174592,17177636648
demo,11185,67301287,8277484
demo,11186,137422174568,17177636645
demo,11187,137422174584,17177636647
demo,11188,137422174608,17177636650
demo,11189,67301287,8277484
demo,11190,67343924,8282814
demo,11191,137422174604,17177636649
demo,11192,67336865,8281932
demo,11193,67338240,8282104
demo,11194,137422174608,17177636650
demo,11195,67301287,8277484
demo,11196,137422174632,17177636653
demo,11197,137422174640,17177636654
demo,11198,137422174648,17177636655
demo,11199,137422174656,17177636656
demo,11200,137422174664,17177636657
demo,11201,137422174672,17177636658
demo,11202,137422174680,17177636659
demo,11203,137422174752,17177636668
demo,11204,137422174768,17177636670
demo,11205,137422175408,17177636750
demo,11206,67336752,8281918
demo,11207,137422174632,17177636653
demo,11208,67338240,8282104
demo,11209,67340928,8282440
demo,11210,137422174648,17177636655
demo,11211,137422174656,17177636656
demo,11212,137422174664,17177636657
demo,11213,137422174672,17177636658
demo,11214,67336744,8281917
demo,11215,137422174680,17177636659
demo,11216,67338240,8282104
demo,11217,67343824,8282802
demo,11218,67343808,8282800
demo,11219,137422174760,17177636669
demo,11220,67314816,8279176
demo,11221,67336888,8281935
demo,11222,1081408,0
demo,11223,67293628,8276527
demo,11224,1081424,2
demo,11225,1081464,7
demo,11226,67293616,8276526
demo,11227,67340992,8282448
demo,11228,67343072,8282708
demo,11229,1081480,9
demo,11230,1081520,14
demo,11231,67293608,8276525
demo,11232,1081536,16
demo,11233,67343072,8282708
demo,11234,67343984,8282822
demo,11235,67343926,8282814
demo,11236,1081560,19
demo,11237,67343992,8282823
demo,11238,1081576,21
demo,11239,67293608,8276525
demo,11240,1081592,23
demo,11241,67343072,8282708
demo,11242,67343984,8282822
demo,11243,67343926,8282814
demo,11244,1081616,26
demo,11245,67343992,8282823
demo,11246,1081632,28
demo,11247,67293608,8276525
demo,11248,1081648,30
demo,11249,67343072,8282708
demo,11250,67343984,8282822
demo,11251,67343926,8282814
demo,11252,1081672,33
demo,11253,67343992,8282823
demo,11254,1081688,35
demo,11255,67293608,8276525
demo,11256,1081704,37
demo,11257,67343072,8282708
demo,11258,67343984,8282822
demo,11259,67343926,8282814
demo,11260,1081728,40
demo,11261,67343992,8282823
demo,11262,1081744,42
demo,11263,67293612,8276525
demo,11264,67343072,8282708
demo,11265,1081760,44
demo,11266,1081748,42
demo,11267,67343926,8282814
demo,11268,1081800,49
demo,11269,67293620,8276526
demo,11270,1081856,56
demo,11271,67293620,8276526
demo,11272,1081912,63
demo,11273,1081968,70
demo,11274,1082024,77
demo,11275,1082028,77
demo,11276,1082080,84
demo,11277,1082112,88
demo,11278,1082096,86
demo,11279,137422174760,17177636669
demo,11280,1082080,84
demo,11281,1082024,77
demo,11282,1081968,70
demo,11283,1081912,63
demo,11284,1081960,69
demo,11285,1081952,68
demo,11286,67343072,8282708
demo,11287,1081928,65
demo,11288,1082168,95
demo,11289,1082176,96
demo,11290,1082180,96
demo,11291,1082172,95
demo,11292,1082184,97
demo,11293,1082188,97
demo,11294,1082192,98
demo,11295,67343930,8282815
demo,11296,1082200,99
demo,11297,1082204,99
demo,11298,1082208,100
demo,11299,67343930,8282815
demo,11300,137422174680,17177636659
demo,11301,1081856,56
demo,11302,1081872,58
demo,11303,67343072,8282708
demo,11304,1081896,61
demo,11305,67343930,8282815
demo,11306,1081800,49
demo,11307,1081816,51
demo,11308,67343072,8282708
demo,11309,1081840,54
demo,11310,67343930,8282815
demo,11311,1081744,42
demo,11312,1081688,35
demo,11313,1081632,28
demo,11314,1081576,21
demo,11315,1081520,14
demo,11316,1081464,7
demo,11317,1081408,0
demo,11318,137422174760,17177636669
demo,11319,67344192,8282848
demo,11320,137422174760,17177636669
demo,11321,67343992,8282823
demo,11322,67341032,8282453
demo,11323,67341152,8282468
demo,11324,67341830,8282552
demo,11325,67342976,8282696
demo,11326,67340976,8282446
demo,11327,67337824,8282052
demo,11328,67341080,8282459
demo,11329,67337872,8282058
demo,11330,1082136,91
demo,11331,67111873,8253808
demo,11332,1082144,92
demo,11333,67111881,8253809
demo,11334,67111873,8253808
demo,11335,1082136,91
demo,11336,137422174680,17177636659
demo,11337,67342984,8282697
demo,11338,67341828,8282552
demo,11339,137422174760,17177636669
demo,11340,67343088,8282710
demo,11341,1105136,2966
demo,11342,1105152,2968
demo,11343,1105168,2970
demo,11344,1105184,2972
demo,11345,1105200,2974
demo,11346,1105216,2976
demo,11347,1105232,2978
demo,11348,1105248,2980
demo,11349,1105264,2982
demo,11350,1105280,2984
demo,11351,1105296,2986
demo,11352,1105312,2988
demo,11353,1105328,2990
demo,11354,1105344,2992
demo,11355,1105360,2994
demo,11356,1105376,2996
demo,11357,1105392,2998
demo,11358,1105408,3000
demo,11359,1105424,3002
demo,11360,1105440,3004
demo,11361,1105456,3006
demo,11362,1105472,3008
demo,11363,1105488,3010
demo,11364,1105504,3012
demo,11365,1105520,3014
demo,11366,1105536,3016
demo,11367,1105552,3018
demo,11368,1105568,3020
demo,11369,1105584,3022
demo,11370,137422174760,17177636669
demo,11371,67343072,8282708
demo,11372,137422174760,17177636669
demo,11373,67343926,8282814
demo,11374,67343168,8282720
demo,11375,137422174760,17177636669
demo,11376,67343160,8282719
demo,11377,137422174760,17177636669
demo,11378,67343176,8282721
demo,11379,137422174760,17177636669
demo,11380,67343184,8282722
demo,11381,137422174760,17177636669
demo,11382,67343424,8282752
demo,11383,137422174760,17177636669
demo,11384,67343320,8282739
demo,11385,137422174760,17177636669
demo,11386,67343592,8282773
demo,11387,137422174760,17177636669
demo,11388,67343800,8282799
demo,11389,137422174760,17177636669
demo,11390,67343192,8282723
demo,11391,67343296,8282736
demo,11392,1105448,3005
demo,11393,1105416,3001
demo,11394,137422174760,17177636669
demo,11395,67343192,8282723
demo,11396,137422174760,17177636669
demo,11397,67343208,8282725
demo,11398,1105480,3009
demo,11399,67343424,8282752
demo,11400,137422174760,17177636669
demo,11401,67343376,8282746
demo,11402,1105496,3011
demo,11403,137422174760,17177636669
demo,11404,137422174760,17177636669
demo,11405,67343504,8282762
demo,11406,1105512,3013
demo,11407,67336864,8281932
demo,11408,137422174760,17177636669
demo,11409,67343504,8282762
demo,11410,137422174760,17177636669
demo,11411,67343368,8282745
demo,11412,137422174760,17177636669
demo,11413,67343248,8282730
demo,11414,137422174760,17177636669
demo,11415,67343800,8282799
demo,11416,1105288,2985
demo,11417,67343926,8282814
demo,11418,1082288,110
demo,11419,1082296,111
demo,11420,1082292,110
demo,11421,1082300,111
demo,11422,137422174680,17177636659
demo,11423,137422175320,17177636739
demo,11424,67337624,8282027
demo,11425,67337632,8282028
demo,11426,137422175312,17177636738
demo,11427,137422175304,17177636737
demo,11428,137422175280,17177636734
demo,11429,137422175272,17177636733
demo,11430,67337024,8281952
demo,11431,67337008,8281950
demo,11432,67337020,8281951
demo,11433,67337084,8281959
demo,11434,67337048,8281955
demo,11435,137422174376,17177636621
demo,11436,137422174480,17177636634
demo,11437,137422174328,17177636615
demo,11438,137422174336,17177636616
demo,11439,137422174344,17177636617
demo,11440,137422174352,17177636618
demo,11441,137422174360,17177636619
demo,11442,137422174368,17177636620
demo,11443,137422174376,17177636621
demo,11444,137422174460,17177636631
demo,11445,137422174448,17177636630
demo,11446,137422174480,17177636634
demo,11447,137422174488,17177636635
demo,11448,67302480,8277634
demo,11449,67302480,8277634
demo,11450,67302489,8277635
demo,11451,137422174312,17177636613
demo,11452,137422174504,17177636637
demo,11453,137422174488,17177636635
demo,11454,67302489,8277635
demo,11455,67302490,8277635
demo,11456,67302490,8277635
demo,11457,67302499,8277636
demo,11458,137422174312,17177636613
demo,11459,137422174504,17177636637
demo,11460,137422174496,17177636636
demo,11461,137422174328,17177636615
demo,11462,137422174336,17177636616
demo,11463,137422174344,17177636617
demo,11464,137422174352,17177636618
demo,11465,137422174360,17177636619
demo,11466,137422174368,17177636620
demo,11467,137422174376,17177636621
demo,11468,137422174488,17177636635
demo,11469,137422174480,17177636634
demo,11470,137422174488,17177636635
demo,11471,67302499,8277636
demo,11472,67302500,8277636
demo,11473,67302500,8277636
demo,11474,67302509,8277637
demo,11475,137422174312,17177636613
demo,11476,67302500,8277636
demo,11477,137422174312,17177636613
demo,11478,137422174504,17177636637
demo,11479,137422174496,17177636636
demo,11480,137422174328,17177636615
demo,11481,137422174336,17177636616
demo,11482,137422174344,17177636617
demo,11483,137422174352,17177636618
demo,11484,137422174360,17177636619
demo,11485,137422174368,17177636620
demo,11486,137422174376,17177636621
demo,11487,137422174488,17177636635
demo,11488,137422174480,17177636634
demo,11489,137422174488,17177636635
demo,11490,67302509,8277637
demo,11491,137422174328,17177636615
demo,11492,137422174336,17177636616
demo,11493,137422174344,17177636617
demo,11494,137422174352,17177636618
demo,11495,137422174360,17177636619
demo,11496,137422174368,17177636620
demo,11497,137422174376,17177636621
demo,11498,67336720,8281914
demo,11499,67342736,8282666
demo,11500,67342744,8282667
demo,11501,137422174344,17177636617
demo,11502,137422174352,17177636618
demo,11503,137422174360,17177636619
demo,11504,137422174368,17177636620
demo,11505,137422174376,17177636621
demo,11506,137422174472,17177636633
demo,11507,137422174480,17177636634
demo,11508,137422174352,17177636618
demo,11509,137422174360,17177636619
demo,11510,137422174368,17177636620
demo,11511,137422174376,17177636621
demo,11512,137422174460,17177636631
demo,11513,137422174448,17177636630
demo,11514,137422174480,17177636634
demo,11515,137422174488,17177636635
demo,11516,67302480,8277634
demo,11517,67302480,8277634
demo,11518,67302489,8277635
demo,11519,137422174312,17177636613
demo,11520,137422174504,17177636637
demo,11521,137422174488,17177636635
demo,11522,67302489,8277635
demo,11523,67302490,8277635
demo,11524,67302490,8277635
demo,11525,67302499,8277636
demo,11526,137422174312,17177636613
demo,11527,137422174504,17177636637
demo,11528,137422174496,17177636636
demo,11529,137422174328,17177636615
demo,11530,137422174336,17177636616
demo,11531,137422174344,17177636617
demo,11532,137422174352,17177636618
demo,11533,137422174360,17177636619
demo,11534,137422174368,17177636620
demo,11535,137422174376,17177636621
demo,11536,137422174480,17177636634
demo,11537,67342816,8282676
demo,11538,137422174488,17177636635
demo,11539,137422174480,17177636634
demo,11540,137422174488,17177636635
demo,11541,67302499,8277636
demo,11542,67302500,8277636
demo,11543,67302500,8277636
demo,11544,67302509,8277637
demo,11545,137422174312,17177636613
demo,11546,67302500,8277636
demo,11547,137422174312,17177636613
demo,11548,137422174504,17177636637
demo,11549,137422174496,17177636636
demo,11550,137422174328,17177636615
demo,11551,137422174336,17177636616
demo,11552,137422174344,17177636617
demo,11553,137422174352,17177636618
demo,11554,137422174360,17177636619
demo,11555,137422174368,17177636620
demo,11556,137422174376,17177636621
demo,11557,137422174480,17177636634
demo,11558,67342816,8282676
demo,11559,137422174488,17177636635
demo,11560,137422174480,17177636634
demo,11561,137422174488,17177636635
demo,11562,67302509,8277637
demo,11563,137422174328,17177636615
demo,11564,137422174336,17177636616
demo,11565,137422174344,17177636617
demo,11566,137422174352,17177636618
demo,11567,137422174360,17177636619
demo,11568,137422174368,17177636620
demo,11569,137422174376,17177636621
demo,11570,137422174472,17177636633
demo,11571,67342808,8282675
demo,11572,67342816,8282676
demo,11573,67344600,8282899
demo,11574,67344584,8282897
demo,11575,67344576,8282896
demo,11576,67344592,8282898
demo,11577,67302490,8277635
demo,11578,67302500,8277636
demo,11579,67302491,8277635
demo,11580,67302501,8277636
demo,11581,137422174376,17177636621
demo,11582,67344588,8282897
demo,11583,67344592,8282898
demo,11584,137422174472,17177636633
demo,11585,137422174464,17177636632
demo,11586,137422174416,17177636626
demo,11587,137422174408,17177636625
demo,11588,137422174400,17177636624
demo,11589,137422174392,17177636623
demo,11590,137422174384,17177636622
demo,11591,137422174440,17177636629
demo,11592,137422174432,17177636628
demo,11593,67336720,8281914
demo,11594,67342736,8282666
demo,11595,67342744,8282667
demo,11596,137422174344,17177636617
demo,11597,137422174352,17177636618
demo,11598,137422174360,17177636619
demo,11599,137422174368,17177636620
demo,11600,137422174376,17177636621
demo,11601,137422174440,17177636629
demo,11602,67331064,8281207
demo,11603,137422174480,17177636634
demo,11604,137422174328,17177636615
demo,11605,137422174336,17177636616
demo,11606,137422174344,17177636617
demo,11607,137422174352,17177636618
demo,11608,137422174360,17177636619
demo,11609,137422174368,17177636620
demo,11610,137422174376,17177636621
demo,11611,137422174460,17177636631
demo,11612,137422174448,17177636630
demo,11613,137422174480,17177636634
demo,11614,137422174488,17177636635
demo,11615,67302480,8277634
demo,11616,67302480,8277634
demo,11617,67302489,8277635
demo,11618,137422174312,17177636613
demo,11619,137422174504,17177636637
demo,11620,137422174488,17177636635
demo,11621,67302489,8277635
demo,11622,67302490,8277635
demo,11623,67302490,8277635
demo,11624,67302499,8277636
demo,11625,137422174312,17177636613
demo,11626,137422174504,17177636637
demo,11627,137422174496,17177636636
demo,11628,137422174328,17177636615
demo,11629,137422174336,17177636616
demo,11630,137422174344,17177636617
demo,11631,137422174352,17177636618
demo,11632,137422174360,17177636619
demo,11633,137422174368,17177636620
demo,11634,137422174376,17177636621
demo,11635,137422174488,17177636635
demo,11636,137422174480,17177636634
demo,11637,67302491,8277635
demo,11638,67302490,8277635
demo,11639,137422174376,17177636621
demo,11640,137422174488,17177636635
demo,11641,137422174480,17177636634
demo,11642,137422174488,17177636635
demo,11643,67302499,8277636
demo,11644,67302500,8277636
demo,11645,67302500,8277636
demo,11646,67302509,8277637
demo,11647,137422174312,17177636613
demo,11648,67302500,8277636
demo,11649,137422174312,17177636613
demo,11650,137422174504,17177636637
demo,11651,137422174496,17177636636
demo,11652,137422174328,17177636615
demo,11653,137422174336,17177636616
demo,11654,137422174344,17177636617
demo,11655,137422174352,17177636618
demo,11656,137422174360,17177636619
demo,11657,137422174368,17177636620
demo,11658,137422174376,17177636621
demo,11659,137422174488,17177636635
demo,11660,137422174480,17177636634
demo,11661,67302501,8277636
demo,11662,67302500,8277636
demo,11663,137422174376,17177636621
demo,11664,137422174488,17177636635
demo,11665,137422174480,17177636634
demo,11666,137422174488,17177636635
demo,11667,67302509,8277637
demo,11668,137422174328,17177636615
demo,11669,137422174336,17177636616
demo,11670,137422174344,17177636617
demo,11671,137422174352,17177636618
demo,11672,137422174360,17177636619
demo,11673,137422174368,17177636620
demo,11674,137422174376,17177636621
demo,11675,137422174424,17177636627
demo,11676,137422174472,17177636633
demo,11677,137422174464,17177636632
demo,11678,137422174520,17177636639
demo,11679,137422174528,17177636640
demo,11680,137422174536,17177636641
demo,11681,137422174544,17177636642
demo,11682,137422174552,17177636643
demo,11683,137422174560,17177636644
demo,11684,137422174568,17177636645
demo,11685,67336720,8281914
demo,11686,67342736,8282666
demo,11687,67342744,8282667
demo,11688,137422174536,17177636641
demo,11689,137422174544,17177636642
demo,11690,137422174552,17177636643
demo,11691,137422174560,17177636644
demo,11692,137422174568,17177636645
demo,11693,67331064,8281207
demo,11694,67336720,8281914
demo,11695,67342736,8282666
demo,11696,67342744,8282667
demo,11697,137422174536,17177636641
demo,11698,137422174544,17177636642
demo,11699,137422174552,17177636643
demo,11700,137422174560,17177636644
demo,11701,137422174568,17177636645
demo,11702,67331040,8281204
demo,11703,67344704,8282912
demo,11704,67331064,8281207
demo,11705,137422174616,17177636651
demo,11706,137422174568,17177636645
demo,11707,137422174600,17177636649
demo,11708,137422174608,17177636650
demo,11709,67289128,8275965
demo,11710,67289175,8275970
demo,11711,137422174616,17177636651
demo,11712,137422174568,17177636645
demo,11713,137422174600,17177636649
demo,11714,137422174608,17177636650
demo,11715,67289136,8275966
demo,11716,67289202,8275974
demo,11717,137422174616,17177636651
demo,11718,137422174568,17177636645
demo,11719,137422174600,17177636649
demo,11720,137422174608,17177636650
demo,11721,67289144,8275967
demo,11722,67289208,8275975
demo,11723,137422174616,17177636651
demo,11724,137422174568,17177636645
demo,11725,67338240,8282104
demo,11726,67343924,8282814
demo,11727,67343368,8282745
demo,11728,67343256,8282731
demo,11729,137422174592,17177636648
demo,11730,137422177378,17177636996
demo,11731,137422177378,17177636996
demo,11732,137422174568,17177636645
demo,11733,137422174592,17177636648
demo,11734,137422177385,17177636997
demo,11735,137422177378,17177636996
demo,11736,137422174536,17177636641
demo,11737,137422174544,17177636642
demo,11738,137422174545,17177636642
demo,11739,137422174546,17177636642
demo,11740,137422174547,17177636642
demo,11741,137422174548,17177636642
demo,11742,137422174549,17177636642
demo,11743,137422174550,17177636642
demo,11744,137422174551,17177636642
demo,11745,137422174552,17177636643
demo,11746,137422174553,17177636643
demo,11747,137422174554,17177636643
demo,11748,137422174555,17177636643
demo,11749,137422174556,17177636643
demo,11750,137422174557,17177636643
demo,11751,137422174558,17177636643
demo,11752,67336720,8281914
demo,11753,67342736,8282666
demo,11754,67342744,8282667
demo,11755,137422174504,17177636637
demo,11756,137422174512,17177636638
demo,11757,137422174520,17177636639
demo,11758,137422174528,17177636640
demo,11759,137422174536,17177636641
demo,11760,137422174584,17177636647
demo,11761,137422174456,17177636631
demo,11762,137422174448,17177636630
demo,11763,67297091,8276960
demo,11764,137422174472,17177636633
demo,11765,137422174544,17177636642
demo,11766,67297091,8276960
demo,11767,67297092,8276960
demo,11768,67297092,8276960
demo,11769,67297093,8276960
demo,11770,137422174545,17177636642
demo,11771,67297091,8276960
demo,11772,67297092,8276960
demo,11773,67297092,8276960
demo,11774,67297093,8276960
demo,11775,137422174546,17177636642
demo,11776,67297091,8276960
demo,11777,67297092,8276960
demo,11778,67297092,8276960
demo,11779,67297093,8276960
demo,11780,137422174547,17177636642
demo,11781,67297091,8276960
demo,11782,67297092,8276960
demo,11783,67297092,8276960
demo,11784,67297093,8276960
demo,11785,137422174548,17177636642
demo,11786,67297091,8276960
demo,11787,67297092,8276960
demo,11788,67297092,8276960
demo,11789,67297093,8276960
demo,11790,137422174549,17177636642
demo,11791,67297091,8276960
demo,11792,67297092,8276960
demo,11793,67297092,8276960
demo,11794,67297093,8276960
demo,11795,137422174550,17177636642
demo,11796,67297091,8276960
demo,11797,67297092,8276960
demo,11798,67297092,8276960
demo,11799,67297093,8276960
demo,11800,137422174551,17177636642
demo,11801,67297091,8276960
demo,11802,67297092,8276960
demo,11803,67297092,8276960
demo,11804,67297093,8276960
demo,11805,137422174552,17177636643
demo,11806,67297091,8276960
demo,11807,67297092,8276960
demo,11808,67297092,8276960
demo,11809,67297093,8276960
demo,11810,137422174553,17177636643
demo,11811,67297091,8276960
demo,11812,67297092,8276960
demo,11813,67297092,8276960
demo,11814,67297093,8276960
demo,11815,137422174554,17177636643
demo,11816,67297091,8276960
demo,11817,67297092,8276960
demo,11818,67297092,8276960
demo,11819,67297093,8276960
demo,11820,137422174555,17177636643
demo,11821,67297091,8276960
demo,11822,67297092,8276960
demo,11823,67297092,8276960
demo,11824,67297093,8276960
demo,11825,137422174556,17177636643
demo,11826,67297091,8276960
demo,11827,67297092,8276960
demo,11828,67297092,8276960
demo,11829,67297093,8276960
demo,11830,137422174557,17177636643
demo,11831,67297091,8276960
demo,11832,67297092,8276960
demo,11833,67297092,8276960
demo,11834,67297093,8276960
demo,11835,137422174558,17177636643
demo,11836,137422174408,17177636625
demo,11837,137422174544,17177636642
demo,11838,137422174432,17177636628
demo,11839,137422174544,17177636642
demo,11840,137422174558,17177636643
demo,11841,137422174344,17177636617
demo,11842,137422174360,17177636619
demo,11843,137422174368,17177636620
demo,11844,137422174376,17177636621
demo,11845,137422174384,17177636622
demo,11846,137422174392,17177636623
demo,11847,137422174400,17177636624
demo,11848,137422174544,17177636642
demo,11849,137422174376,17177636621
demo,11850,67336720,8281914
demo,11851,67342736,8282666
demo,11852,67342744,8282667
demo,11853,137422174344,17177636617
demo,11854,137422174352,17177636618
demo,11855,137422174360,17177636619
demo,11856,137422174368,17177636620
demo,11857,137422174376,17177636621
demo,11858,137422174384,17177636622
demo,11859,137422174392,17177636623
demo,11860,137422174400,17177636624
demo,11861,137422174551,17177636642
demo,11862,137422174544,17177636642
demo,11863,137422174408,17177636625
demo,11864,67345088,8282960
demo,11865,137422174408,17177636625
demo,11866,67345101,8282961
demo,11867,67340968,8282445
demo,11868,67344784,8282922
demo,11869,67344752,8282918
demo,11870,67344864,8282932
demo,11871,67344832,8282928
demo,11872,67344944,8282942
demo,11873,67344912,8282938
demo,11874,67345024,8282952
demo,11875,67344992,8282948
demo,11876,137422174424,17177636627
demo,11877,67331064,8281207
demo,11878,137422174440,17177636629
demo,11879,67336720,8281914
demo,11880,67342736,8282666
demo,11881,67342744,8282667
demo,11882,137422174376,17177636621
demo,11883,137422174384,17177636622
demo,11884,137422174392,17177636623
demo,11885,137422174400,17177636624
demo,11886,137422174408,17177636625
demo,11887,67331064,8281207
demo,11888,67345095,8282960
demo,11889,67345088,8282960
demo,11890,137422174408,17177636625
demo,11891,67342720,8282664
demo,11892,67331064,8281207
demo,11893,67345088,8282960
demo,11894,137422174416,17177636626
demo,11895,137422174424,17177636627
demo,11896,67340968,8282445
demo,11897,137422174464,17177636632
demo,11898,67336728,8281915
demo,11899,67342728,8282665
demo,11900,137422174408,17177636625
demo,11901,137422174456,17177636631
demo,11902,137422174448,17177636630
demo,11903,67297091,8276960
demo,11904,137422174472,17177636633
demo,11905,137422174408,17177636625
demo,11906,137422174488,17177636635
demo,11907,137422174496,17177636636
demo,11908,137422174504,17177636637
demo,11909,137422174512,17177636638
demo,11910,137422174520,17177636639
demo,11911,137422174528,17177636640
demo,11912,137422174536,17177636641
demo,11913,67331088,8281210
demo,11914,67345072,8282958
demo,11915,137422174632,17177636653
demo,11916,137422174640,17177636654
demo,11917,137422174648,17177636655
demo,11918,137422174656,17177636656
demo,11919,137422174664,17177636657
demo,11920,137422174672,17177636658
demo,11921,137422174680,17177636659
demo,11922,67340976,8282446
demo,11923,67342632,8282653
demo,11924,67342648,8282655
demo,11925,67342640,8282654
demo,11926,67342664,8282657
demo,11927,67342640,8282654
demo,11928,67338240,8282104
demo,11929,137422174680,17177636659
demo,11930,67340984,8282447
demo,11931,67341032,8282453
demo,11932,67342976,8282696
demo,11933,67341828,8282552
demo,11934,137422174736,17177636666
demo,11935,137422174760,17177636669
demo,11936,67108916,8253438
demo,11937,67108918,8253438
demo,11938,67108920,8253439
demo,11939,67108896,8253436
demo,11940,67109488,8253510
demo,11941,67109520,8253514
demo,11942,67342112,8282588
demo,11943,67109504,8253512
demo,11944,137422174760,17177636669
demo,11945,67343176,8282721
demo,11946,67343744,8282792
demo,11947,1105304,2987
demo,11948,67343926,8282814
demo,11949,67343752,8282793
demo,11950,137422175320,17177636739
demo,11951,137422174992,17177636698
demo,11952,67342452,8282630
demo,11953,67342456,8282631
demo,11954,137422174680,17177636659
demo,11955,137422174760,17177636669
demo,11956,67343304,8282737
demo,11957,137422174680,17177636659
demo,11958,137422174760,17177636669
demo,11959,67337808,8282050
demo,11960,67337800,8282049
demo,11961,137422174640,17177636654
demo,11962,137422174648,17177636655
demo,11963,137422174656,17177636656
demo,11964,137422174664,17177636657
demo,11965,137422174672,17177636658
demo,11966,137422174680,17177636659
demo,11967,137422174728,17177636665
demo,11968,67341000,8282449
demo,11969,137422175288,17177636735
demo,11970,137422174760,17177636669
demo,11971,137422175288,17177636735
demo,11972,137422180212,17177637350
demo,11973,67300503,8277386
demo,11974,67300504,8277387
demo,11975,67300503,8277386
demo,11976,67300504,8277387
demo,11977,67300505,8277387
demo,11978,137422180212,17177637350
demo,11979,137422170207,17177636099
demo,11980,137422180213,17177637350
demo,11981,137422170277,17177636108
demo,11982,137422180214,17177637350
demo,11983,137422170275,17177636108
demo,11984,137422180215,17177637350
demo,11985,137422170274,17177636108
demo,11986,137422180216,17177637351
demo,11987,137422170207,17177636099
demo,11988,137422180218,17177637351
demo,11989,137422170265,17177636107
demo,11990,137422180217,17177637351
demo,11991,137422170268,17177636107
demo,11992,137422180219,17177637351
demo,11993,137422170258,17177636106
demo,11994,137422180220,17177637351
demo,11995,137422170261,17177636106
demo,11996,137422180222,17177637351
demo,11997,137422170261,17177636106
demo,11998,137422180221,17177637351
demo,11999,137422170280,17177636109
demo,12000,137422180223,17177637351
demo,12001,137422170259,17177636106
demo,12002,137422180224,17177637352
demo,12003,137422170207,17177636099
demo,12004,137422180226,17177637352
demo,12005,137422170257,17177636106
demo,12006,137422180225,17177637352
demo,12007,137422170278,17177636108
demo,12008,137422180227,17177637352
demo,12009,137422170268,17177636107
demo,12010,137422180228,17177637352
demo,12011,137422170263,17177636106
demo,12012,137422180230,17177637352
demo,12013,137422170265,17177636107
demo,12014,137422180229,17177637352
demo,12015,137422170274,17177636108
demo,12016,137422180231,17177637352
demo,12017,137422170270,17177636107
demo,12018,137422180232,17177637353
demo,12019,137422170260,17177636106
demo,12020,137422180234,17177637353
demo,12021,137422170278,17177636108
demo,12022,137422180233,17177637353
demo,12023,137422170207,17177636099
demo,12024,137422180235,17177637353
demo,12025,137422170263,17177636106
demo,12026,137422180236,17177637353
demo,12027,137422170272,17177636108
demo,12028,137422180238,17177637353
demo,12029,137422170261,17177636106
demo,12030,137422180237,17177637353
demo,12031,137422170274,17177636108
demo,12032,137422180239,17177637353
demo,12033,137422170268,17177636107
demo,12034,137422180240,17177637354
demo,12035,137422170271,17177636107
demo,12036,137422180242,17177637354
demo,12037,137422170260,17177636106
demo,12038,137422180241,17177637354
demo,12039,137422170257,17177636106
demo,12040,137422180243,17177637354
demo,12041,137422170255,17177636105
demo,12042,137422180244,17177637354
demo,12043,137422170259,17177636106
demo,12044,137422180246,17177637354
demo,12045,137422170274,17177636108
demo,12046,137422180245,17177637354
demo,12047,137422170271,17177636107
demo,12048,137422180247,17177637354
demo,12049,137422170261,17177636106
demo,12050,137422180248,17177637355
demo,12051,137422170205,17177636099
demo,12052,137422180250,17177637355
demo,12053,137422170269,17177636107
demo,12054,137422180249,17177637355
demo,12055,137422170257,17177636106
demo,12056,137422180251,17177637355
demo,12057,137422170260,17177636106
demo,12058,137422180252,17177637355
demo,12059,137422170214,17177636100
demo,12060,137422180254,17177637355
demo,12061,137422170205,17177636099
demo,12062,137422180253,17177637355
demo,12063,137422170212,17177636100
demo,12064,137422180255,17177637355
demo,12065,137422170268,17177636107
demo,12066,137422180256,17177637356
demo,12067,137422170265,17177636107
demo,12068,137422180258,17177637356
demo,12069,137422170277,17177636108
demo,12070,137422180257,17177637356
demo,12071,137422170270,17177636107
demo,12072,137422180259,17177637356
demo,12073,137422170280,17177636109
demo,12074,137422180260,17177637356
demo,12075,137422170206,17177636099
demo,12076,137422180262,17177637356
demo,12077,137422170271,17177636107
demo,12078,137422180261,17177637356
demo,12079,137422170275,17177636108
demo,12080,137422180263,17177637356
demo,12081,137422170160,17177636094
demo,12082,137422170424,17177636127
demo,12083,137422170432,17177636128
demo,12084,137422170440,17177636129
demo,12085,137422180212,17177637350
demo,12086,137422180228,17177637352
demo,12087,137422180247,17177637354
demo,12088,137422180231,17177637352
demo,12089,137422170440,17177636129
demo,12090,67336776,8281921
demo,12091,137422180263,17177637356
demo,12092,137422170528,17177636140
demo,12093,137422170456,17177636131
demo,12094,67338248,8282105
demo,12095,67342896,8282686
demo,12096,67342616,8282651
demo,12097,67336816,8281926
demo,12098,67336816,8281926
demo,12099,137422170056,17177636081
demo,12100,67336816,8281926
demo,12101,137422170056,17177636081
demo,12102,137422170080,17177636084
demo,12103,137422170072,17177636083
demo,12104,137422170512,17177636138
demo,12105,137422170496,17177636136
demo,12106,137422170504,17177636137
demo,12107,67340800,8282424
demo,12108,67338240,8282104
demo,12109,67343925,8282814
demo,12110,67343926,8282814
demo,12111,67343080,8282709
demo,12112,67294548,8276642
demo,12113,137422170528,17177636140
demo,12114,67344560,8282894
demo,12115,67344568,8282895
demo,12116,137422170528,17177636140
demo,12117,137422168968,17177635945
demo,12118,67343128,8282715
demo,12119,67344544,8282892
demo,12120,67294548,8276642
demo,12121,137422170528,17177636140
demo,12122,67344560,8282894
demo,12123,67344568,8282895
demo,12124,137422170528,17177636140
demo,12125,137422168968,17177635945
demo,12126,67344552,8282893
demo,12127,137422168976,17177635946
demo,12128,137422168984,17177635947
demo,12129,137422168992,17177635948
demo,12130,137422169000,17177635949
demo,12131,67343925,8282814
demo,12132,67343248,8282730
demo,12133,67343096,8282711
demo,12134,67341829,8282552
demo,12135,67341830,8282552
demo,12136,67340984,8282447
demo,12137,137422170528,17177636140
demo,12138,1082136,91
demo,12139,137422170536,17177636141
demo,12140,1082144,92
demo,12141,1082137,91
demo,12142,137422170529,17177636140
demo,12143,137422168968,17177635945
demo,12144,67341032,8282453
demo,12145,67342976,8282696
demo,12146,137422170528,17177636140
demo,12147,1082136,91
demo,12148,137422170536,17177636141
demo,12149,1082144,92
demo,12150,1082137,91
demo,12151,137422170529,17177636140
demo,12152,137422168968,17177635945
demo,12153,67342984,8282697
demo,12154,67342912,8282688
demo,12155,137422170528,17177636140
demo,12156,67111873,8253808
demo,12157,137422170536,17177636141
demo,12158,67111881,8253809
demo,12159,67111873,8253808
demo,12160,137422170528,17177636140
demo,12161,137422168968,17177635945
demo,12162,67342920,8282689
demo,12163,137422168976,17177635946
demo,12164,137422168984,17177635947
demo,12165,137422168992,17177635948
demo,12166,137422169000,17177635949
demo,12167,67341829,8282552
demo,12168,67341152,8282468
demo,12169,67337824,8282052
demo,12170,67341080,8282459
demo,12171,67337872,8282058
demo,12172,67341830,8282552
demo,12173,137422170528,17177636140
demo,12174,67111873,8253808
demo,12175,137422170536,17177636141
demo,12176,67111881,8253809
demo,12177,67111873,8253808
demo,12178,137422170528,17177636140
demo,12179,137422169000,17177635949
demo,12180,67341000,8282449
demo,12181,137422169072,17177635958
demo,12182,137422169084,17177635959
demo,12183,67336864,8281932
demo,12184,67337808,8282050
demo,12185,137422170528,17177636140
demo,12186,137422170528,17177636140
demo,12187,137422169000,17177635949
demo,12188,137422170528,17177636140
demo,12189,137422170544,17177636142
demo,12190,137422170560,17177636144
demo,12191,137422170576,17177636146
demo,12192,137422170579,17177636146
demo,12193,137422168936,17177635941
demo,12194,137422168952,17177635943
demo,12195,137422168960,17177635944
demo,12196,137422168968,17177635945
demo,12197,137422168976,17177635946
demo,12198,137422168984,17177635947
demo,12199,137422168992,17177635948
demo,12200,137422170528,17177636140
demo,12201,137422170544,17177636142
demo,12202,137422170560,17177636144
demo,12203,137422170576,17177636146
demo,12204,137422168968,17177635945
demo,12205,67336720,8281914
demo,12206,67342736,8282666
demo,12207,67342744,8282667
demo,12208,137422168936,17177635941
demo,12209,137422168944,17177635942
demo,12210,137422168952,17177635943
demo,12211,137422168960,17177635944
demo,12212,137422168968,17177635945
demo,12213,137422168976,17177635946
demo,12214,137422168984,17177635947
demo,12215,137422168992,17177635948
demo,12216,137422170528,17177636140
demo,12217,137422170544,17177636142
demo,12218,137422170564,17177636144
demo,12219,137422170548,17177636142
demo,12220,137422169000,17177635949
demo,12221,67337808,8282050
demo,12222,137422168912,17177635938
demo,12223,137422168920,17177635939
demo,12224,137422168920,17177635939
demo,12225,137422169120,17177635964
demo,12226,137422169128,17177635965
demo,12227,137422169136,17177635966
demo,12228,137422169137,17177635966
demo,12229,137422169140,17177635966
demo,12230,137422169148,17177635967
demo,12231,137422169146,17177635967
demo,12232,137422169144,17177635967
demo,12233,137422169182,17177635971
demo,12234,137422169184,17177635972
demo,12235,137422169160,17177635969
demo,12236,137422168952,17177635943
demo,12237,137422168960,17177635944
demo,12238,137422168968,17177635945
demo,12239,137422168976,17177635946
demo,12240,137422168984,17177635947
demo,12241,137422168992,17177635948
demo,12242,137422169000,17177635949
demo,12243,137422169056,17177635956
demo,12244,137422169072,17177635958
demo,12245,67336768,8281920
demo,12246,137422169048,17177635955
demo,12247,137422169084,17177635959
demo,12248,137422169080,17177635959
demo,12249,137422168984,17177635947
demo,12250,137422168616,17177635901
demo,12251,137422169000,17177635949
demo,12252,137422168768,17177635920
demo,12253,137422168776,17177635921
demo,12254,137422168768,17177635920
demo,12255,67338240,8282104
demo,12256,67343926,8282814
demo,12257,67344064,8282832
demo,12258,67343096,8282711
demo,12259,67341830,8282552
demo,12260,67341968,8282570
demo,12261,67341000,8282449
demo,12262,137422169000,17177635949
demo,12263,137422168984,17177635947
demo,12264,67336864,8281932
demo,12265,137422169000,17177635949
demo,12266,137422168984,17177635947
demo,12267,137422168976,17177635946
demo,12268,137422168720,17177635914
demo,12269,137422168712,17177635913
demo,12270,67337808,8282050
demo,12271,137422170528,17177636140
demo,12272,137422170544,17177636142
demo,12273,137422170560,17177636144
demo,12274,137422170576,17177636146
demo,12275,137422168504,17177635887
demo,12276,67336736,8281916
demo,12277,67336720,8281914
demo,12278,67342736,8282666
demo,12279,67342744,8282667
demo,12280,67336888,8281935
demo,12281,137422168432,17177635878
demo,12282,137422168440,17177635879
demo,12283,137422168448,17177635880
demo,12284,137422168456,17177635881
demo,12285,67342592,8282648
demo,12286,67333632,8281528
demo,12287,67333672,8281533
demo,12288,67333688,8281535
demo,12289,137422168392,17177635873
demo,12290,137422168412,17177635875
demo,12291,137422168424,17177635877
demo,12292,137422168432,17177635878
demo,12293,137422168440,17177635879
demo,12294,137422168448,17177635880
demo,12295,137422168456,17177635881
demo,12296,67342736,8282666
demo,12297,137422168472,17177635883
demo,12298,137422168480,17177635884
demo,12299,137422168488,17177635885
demo,12300,137422168496,17177635886
demo,12301,137422168504,17177635887
demo,12302,137422168520,17177635889
demo,12303,137422168552,17177635893
demo,12304,137422168528,17177635890
demo,12305,137422170528,17177636140
demo,12306,137422170544,17177636142
demo,12307,137422170564,17177636144
demo,12308,137422170548,17177636142
demo,12309,137422168504,17177635887
demo,12310,137422168520,17177635889
demo,12311,137422168544,17177635892
demo,12312,67345184,8282972
demo,12313,137422168536,17177635891
demo,12314,75735892,9331810
demo,12315,137422168540,17177635891
demo,12316,67336865,8281932
demo,12317,67338240,8282104
demo,12318,67343864,8282807
demo,12319,75735968,9331820
demo,12320,137422168544,17177635892
demo,12321,67345184,8282972
demo,12322,67345184,8282972
demo,12323,67345200,8282974
demo,12324,67345216,8282976
demo,12325,67345232,8282978
demo,12326,137422168504,17177635887
demo,12327,67336720,8281914
demo,12328,67342736,8282666
demo,12329,67342744,8282667
demo,12330,137422168472,17177635883
demo,12331,137422168480,17177635884
demo,12332,137422168488,17177635885
demo,12333,137422168496,17177635886
demo,12334,137422168504,17177635887
demo,12335,137422168552,17177635893
demo,12336,137422168544,17177635892
demo,12337,67345184,8282972
demo,12338,67345200,8282974
demo,12339,67345220,8282976
demo,12340,67345204,8282974
demo,12341,137422168504,17177635887
demo,12342,75736387,9331872
demo,12343,75736386,9331872
demo,12344,75736385,9331872
demo,12345,75736384,9331872
demo,12346,75736383,9331871
demo,12347,75736382,9331871
demo,12348,75736381,9331871
demo,12349,75736380,9331871
demo,12350,75736379,9331871
demo,12351,75736378,9331871
demo,12352,75736377,9331871
demo,12353,75736376,9331871
demo,12354,75736375,9331870
demo,12355,75736374,9331870
demo,12356,75736373,9331870
demo,12357,75736372,9331870
demo,12358,75736371,9331870
demo,12359,75736370,9331870
demo,12360,75736369,9331870
demo,12361,75736368,9331870
demo,12362,75736367,9331869
demo,12363,75736366,9331869
demo,12364,75736365,9331869
demo,12365,75736364,9331869
demo,12366,75736363,9331869
demo,12367,75736362,9331869
demo,12368,75736361,9331869
demo,12369,75736360,9331869
demo,12370,75736359,9331868
demo,12371,75736358,9331868
demo,12372,75736357,9331868
demo,12373,137422168568,17177635895
demo,12374,137422168576,17177635896
demo,12375,137422168584,17177635897
demo,12376,137422168592,17177635898
demo,12377,137422168600,17177635899
demo,12378,137422168608,17177635900
demo,12379,137422168616,17177635901
demo,12380,137422169152,17177635968
demo,12381,137422169160,17177635969
demo,12382,137422169144,17177635967
demo,12383,137422169184,17177635972
demo,12384,137422169120,17177635964
demo,12385,75735792,9331798
demo,12386,137422168680,17177635909
demo,12387,67336888,8281935
demo,12388,137422168680,17177635909
demo,12389,137422169192,17177635973
demo,12390,137422169208,17177635975
demo,12391,137422169200,17177635974
demo,12392,137422168704,17177635912
demo,12393,137422168744,17177635917
demo,12394,137422169224,17177635977
demo,12395,137422169232,17177635978
demo,12396,137422169240,17177635979
demo,12397,137422169196,17177635973
demo,12398,137422168744,17177635917
demo,12399,137422169248,17177635980
demo,12400,137422169264,17177635982
demo,12401,137422169256,17177635981
demo,12402,137422168704,17177635912
demo,12403,137422168744,17177635917
demo,12404,137422169280,17177635984
demo,12405,137422169288,17177635985
demo,12406,137422169296,17177635986
demo,12407,137422168008,17177635825
demo,12408,137422168728,17177635915
demo,12409,137422169252,17177635980
demo,12410,137422168744,17177635917
demo,12411,137422169304,17177635987
demo,12412,137422169320,17177635989
demo,12413,137422169312,17177635988
demo,12414,137422168704,17177635912
demo,12415,137422168744,17177635917
demo,12416,137422169336,17177635991
demo,12417,137422169344,17177635992
demo,12418,137422169352,17177635993
demo,12419,137422168064,17177635832
demo,12420,137422168728,17177635915
demo,12421,137422169308,17177635987
demo,12422,137422168744,17177635917
demo,12423,137422169360,17177635994
demo,12424,137422169376,17177635996
demo,12425,137422169368,17177635995
demo,12426,137422168704,17177635912
demo,12427,137422168744,17177635917
demo,12428,137422169392,17177635998
demo,12429,137422169400,17177635999
demo,12430,137422169408,17177636000
demo,12431,137422168120,17177635839
demo,12432,137422168728,17177635915
demo,12433,137422169364,17177635994
demo,12434,137422168744,17177635917
demo,12435,137422169416,17177636001
demo,12436,137422169448,17177636005
demo,12437,137422169432,17177636003
demo,12438,75735894,9331810
demo,12439,137422169456,17177636006
demo,12440,137422169420,17177636001
demo,12441,137422169472,17177636008
demo,12442,137422169528,17177636015
demo,12443,137422169584,17177636022
demo,12444,137422169640,17177636029
demo,12445,137422169696,17177636036
demo,12446,137422169700,17177636036
demo,12447,137422169752,17177636043
demo,12448,137422169784,17177636047
demo,12449,137422169768,17177636045
demo,12450,137422168660,17177635906
demo,12451,137422168648,17177635905
demo,12452,137422168640,17177635904
demo,12453,137422168632,17177635903
demo,12454,137422168744,17177635917
demo,12455,75735056,9331706
demo,12456,137422168696,17177635911
demo,12457,137422168744,17177635917
demo,12458,137422168000,17177635824
demo,12459,137422168032,17177635828
demo,12460,137422168192,17177635848
demo,12461,137422168048,17177635830
demo,12462,137422168740,17177635916
demo,12463,137422168040,17177635829
demo,12464,67337317,8281988
demo,12465,137422167968,17177635820
demo,12466,137422167976,17177635821
demo,12467,137422167984,17177635822
demo,12468,137422167992,17177635823
demo,12469,137422168696,17177635911
demo,12470,137422168704,17177635912
demo,12471,137422168728,17177635915
demo,12472,137422168744,17177635917
demo,12473,75735776,9331796
demo,12474,137422168040,17177635829
demo,12475,137422169160,17177635969
demo,12476,137422169184,17177635972
demo,12477,137422168008,17177635825
demo,12478,137422168024,17177635827
demo,12479,137422168016,17177635826
demo,12480,137422168744,17177635917
demo,12481,137422168064,17177635832
demo,12482,137422168056,17177635831
demo,12483,75735040,9331704
demo,12484,137422168104,17177635837
demo,12485,137422168096,17177635836
demo,12486,137422168740,17177635916
demo,12487,137422167968,17177635820
demo,12488,137422167976,17177635821
demo,12489,137422167984,17177635822
demo,12490,137422167992,17177635823
demo,12491,75735776,9331796
demo,12492,137422168080,17177635834
demo,12493,137422168072,17177635833
demo,12494,137422168744,17177635917
demo,12495,137422168120,17177635839
demo,12496,137422168112,17177635838
demo,12497,75735040,9331704
demo,12498,137422168160,17177635844
demo,12499,137422168152,17177635843
demo,12500,137422168740,17177635916
demo,12501,137422167968,17177635820
demo,12502,137422167976,17177635821
demo,12503,137422167984,17177635822
demo,12504,137422167992,17177635823
demo,12505,75735776,9331796
demo,12506,137422168136,17177635841
demo,12507,137422168128,17177635840
demo,12508,137422168744,17177635917
demo,12509,137422168176,17177635846
demo,12510,137422168168,17177635845
demo,12511,75735040,9331704
demo,12512,137422168216,17177635851
demo,12513,137422168208,17177635850
demo,12514,137422168740,17177635916
demo,12515,137422167968,17177635820
demo,12516,137422167976,17177635821
demo,12517,137422167984,17177635822
demo,12518,137422167992,17177635823
demo,12519,75735776,9331796
demo,12520,137422168192,17177635848
demo,12521,137422168184,17177635847
demo,12522,75735040,9331704
demo,12523,67336888,8281935
demo,12524,137422168216,17177635851
demo,12525,137422167992,17177635823
demo,12526,137422168728,17177635915
demo,12527,137422168744,17177635917
demo,12528,75735056,9331706
demo,12529,137422168664,17177635907
demo,12530,75735040,9331704
demo,12531,75759192,9334723
demo,12532,75759208,9334725
demo,12533,75759224,9334727
demo,12534,75759240,9334729
demo,12535,75759256,9334731
demo,12536,75759272,9334733
demo,12537,75759288,9334735
demo,12538,75759304,9334737
demo,12539,75759320,9334739
demo,12540,75759336,9334741
demo,12541,75759352,9334743
demo,12542,75759368,9334745
demo,12543,75759384,9334747
demo,12544,75759400,9334749
demo,12545,75759416,9334751
demo,12546,75759432,9334753
demo,12547,75759448,9334755
demo,12548,75759464,9334757
demo,12549,75735894,9331810
demo,12550,75735136,9331716
demo,12551,75735128,9331715
demo,12552,75735144,9331717
demo,12553,75735152,9331718
demo,12554,75735392,9331748
demo,12555,75735288,9331735
demo,12556,75735560,9331769
demo,12557,75735768,9331795
demo,12558,75735160,9331719
demo,12559,75735264,9331732
demo,12560,75759392,9334748
demo,12561,75735176,9331721
demo,12562,75759424,9334752
demo,12563,75735392,9331748
demo,12564,75735344,9331742
demo,12565,75735472,9331758
demo,12566,75759440,9334754
demo,12567,67336864,8281932
demo,12568,75735336,9331741
demo,12569,75735776,9331796
demo,12570,75735040,9331704
demo,12571,67342448,8282630
demo,12572,137422168736,17177635916
demo,12573,75736160,9331844
demo,12574,75735792,9331798
demo,12575,137422168740,17177635916
demo,12576,75743856,9332806
demo,12577,75743800,9332799
demo,12578,75743744,9332792
demo,12579,75743688,9332785
demo,12580,75743736,9332791
demo,12581,75743728,9332790
demo,12582,75735040,9331704
demo,12583,75743704,9332787
demo,12584,75743912,9332813
demo,12585,75743920,9332814
demo,12586,75743924,9332814
demo,12587,75743916,9332813
demo,12588,75743928,9332815
demo,12589,75743932,9332815
demo,12590,75743936,9332816
demo,12591,75735898,9331811
demo,12592,137422168616,17177635901
demo,12593,75735776,9331796
demo,12594,75743632,9332778
demo,12595,75735898,9331811
demo,12596,75743576,9332771
demo,12597,75735898,9331811
demo,12598,75743520,9332764
demo,12599,75743464,9332757
demo,12600,75743408,9332750
demo,12601,75743352,9332743
demo,12602,75743296,9332736
demo,12603,137422168740,17177635916
demo,12604,137422168616,17177635901
demo,12605,137422168660,17177635906
demo,12606,75735784,9331797
demo,12607,75735040,9331704
demo,12608,67336864,8281932
demo,12609,75735768,9331795
demo,12610,75759296,9334736
demo,12611,75735894,9331810
demo,12612,75743984,9332822
demo,12613,75743992,9332823
demo,12614,75743988,9332822
demo,12615,75743996,9332823
demo,12616,137422168616,17177635901
demo,12617,137422168984,17177635947
demo,12618,75735232,9331728
demo,12619,75736092,9331835
demo,12620,137422168752,17177635918
demo,12621,137422168672,17177635908
demo,12622,67337600,8282024
demo,12623,137422169000,17177635949
demo,12624,137422169000,17177635949
demo,12625,67338272,8282108
demo,12626,75735216,9331726
demo,12627,75736176,9331846
demo,12628,137422169000,17177635949
demo,12629,67336752,8281918
demo,12630,137422168568,17177635895
demo,12631,67338240,8282104
demo,12632,67343096,8282711
demo,12633,67341000,8282449
demo,12634,67340928,8282440
demo,12635,137422168584,17177635897
demo,12636,137422168592,17177635898
demo,12637,137422168600,17177635899
demo,12638,137422168608,17177635900
demo,12639,67336744,8281917
demo,12640,137422168616,17177635901
demo,12641,137422168984,17177635947
demo,12642,137422169000,17177635949
demo,12643,67342640,8282654
demo,12644,137422168616,17177635901
demo,12645,67342656,8282656
demo,12646,75735088,9331710
demo,12647,67338240,8282104
demo,12648,67343926,8282814
demo,12649,137422169000,17177635949
demo,12650,67337808,8282050
demo,12651,137422168616,17177635901
demo,12652,137422168920,17177635939
demo,12653,137422168928,17177635940
demo,12654,137422168936,17177635941
demo,12655,137422168944,17177635942
demo,12656,137422168952,17177635943
demo,12657,137422168960,17177635944
demo,12658,137422168968,17177635945
demo,12659,137422169976,17177636071
demo,12660,137422169984,17177636072
demo,12661,137422169992,17177636073
demo,12662,137422170000,17177636074
demo,12663,137422170008,17177636075
demo,12664,137422170016,17177636076
demo,12665,137422170024,17177636077
demo,12666,137422170040,17177636079
demo,12667,137422170048,17177636080
demo,12668,137422170056,17177636081
demo,12669,67342896,8282686
demo,12670,137422170064,17177636082
demo,12671,137422170088,17177636085
demo,12672,137422170344,17177636117
demo,12673,137422170352,17177636118
demo,12674,137422170360,17177636119
demo,12675,137422170368,17177636120
demo,12676,137422170376,17177636121
demo,12677,137422170384,17177636122
demo,12678,137422170408,17177636125
demo,12679,137422170416,17177636126
demo,12680,137422170424,17177636127
demo,12681,137422170432,17177636128
demo,12682,137422170440,17177636129
demo,12683,137422170488,17177636135
demo,12684,67338248,8282105
demo,12685,137422180263,17177637356
demo,12686,137422174632,17177636653
demo,12687,137422174640,17177636654
demo,12688,137422174648,17177636655
demo,12689,137422174656,17177636656
demo,12690,137422174664,17177636657
demo,12691,137422174672,17177636658
demo,12692,137422174680,17177636659
demo,12693,137422175296,17177636736
demo,12694,137422174680,17177636659
demo,12695,137422174728,17177636665
demo,12696,67341000,8282449
demo,12697,75735064,9331707
demo,12698,67337632,8282028
demo,12699,137422174760,17177636669
demo,12700,137422175320,17177636739
demo,12701,67343924,8282814
demo,12702,137422174672,17177636658
demo,12703,75735892,9331810
demo,12704,137422173304,17177636487
demo,12705,67343008,8282700
demo,12706,67343832,8282803
demo,12707,67344096,8282836
demo,12708,137422173424,17177636502
demo,12709,67343144,8282717
demo,12710,67343176,8282721
demo,12711,1105304,2987
demo,12712,67343926,8282814
demo,12713,137422173432,17177636503
demo,12714,67343088,8282710
demo,12715,137422173440,17177636504
demo,12716,1105136,2966
demo,12717,137422173480,17177636509
demo,12718,1105144,2967
demo,12719,1084012,325
demo,12720,1084026,327
demo,12721,137422173224,17177636477
demo,12722,137422173240,17177636479
demo,12723,137422173248,17177636480
demo,12724,137422173256,17177636481
demo,12725,137422173264,17177636482
demo,12726,137422173272,17177636483
demo,12727,137422173280,17177636484
demo,12728,137422173288,17177636485
demo,12729,67342896,8282686
demo,12730,67342616,8282651
demo,12731,67336816,8281926
demo,12732,67336816,8281926
demo,12733,137422172984,17177636447
demo,12734,67336816,8281926
demo,12735,137422172984,17177636447
demo,12736,137422173008,17177636450
demo,12737,137422173000,17177636449
demo,12738,137422173520,17177636514
demo,12739,137422173528,17177636515
demo,12740,137422173544,17177636517
demo,12741,137422173532,17177636515
demo,12742,67343924,8282814
demo,12743,67343120,8282714
demo,12744,67340800,8282424
demo,12745,67338240,8282104
demo,12746,67343925,8282814
demo,12747,67343926,8282814
demo,12748,67343080,8282709
demo,12749,67294564,8276644
demo,12750,67344560,8282894
demo,12751,1084000,324
demo,12752,67344568,8282895
demo,12753,1084012,325
demo,12754,137422171896,17177636311
demo,12755,67343128,8282715
demo,12756,67344544,8282892
demo,12757,67294564,8276644
demo,12758,67344560,8282894
demo,12759,1084000,324
demo,12760,67344568,8282895
demo,12761,1084012,325
demo,12762,137422171896,17177636311
demo,12763,67344552,8282893
demo,12764,137422171904,17177636312
demo,12765,137422171912,17177636313
demo,12766,137422171920,17177636314
demo,12767,137422171928,17177636315
demo,12768,67343925,8282814
demo,12769,67343248,8282730
demo,12770,67343096,8282711
demo,12771,67341829,8282552
demo,12772,67341830,8282552
demo,12773,67340984,8282447
demo,12774,1084012,325
demo,12775,1082136,91
demo,12776,1084020,326
demo,12777,1082144,92
demo,12778,1082136,91
demo,12779,1084012,325
demo,12780,137422171896,17177636311
demo,12781,67341032,8282453
demo,12782,67342976,8282696
demo,12783,1084012,325
demo,12784,1082136,91
demo,12785,1084020,326
demo,12786,1082144,92
demo,12787,1082136,91
demo,12788,1084012,325
demo,12789,137422171896,17177636311
demo,12790,67342984,8282697
demo,12791,67342912,8282688
demo,12792,1084012,325
demo,12793,67111873,8253808
demo,12794,1084020,326
demo,12795,67111881,8253809
demo,12796,67111874,8253808
demo,12797,1084013,325
demo,12798,137422171896,17177636311
demo,12799,67342920,8282689
demo,12800,137422171904,17177636312
demo,12801,137422171912,17177636313
demo,12802,137422171920,17177636314
demo,12803,137422171928,17177636315
demo,12804,67341829,8282552
demo,12805,67341152,8282468
demo,12806,67337824,8282052
demo,12807,67341080,8282459
demo,12808,67337872,8282058
demo,12809,67341830,8282552
demo,12810,1084012,325
demo,12811,67111873,8253808
demo,12812,1084020,326
demo,12813,67111881,8253809
demo,12814,67111874,8253808
demo,12815,1084013,325
demo,12816,137422171928,17177636315
demo,12817,67341000,8282449
demo,12818,75735893,9331810
demo,12819,75735894,9331810
demo,12820,75735048,9331705
demo,12821,1084012,325
demo,12822,67345184,8282972
demo,12823,1084020,326
demo,12824,67345192,8282973
demo,12825,67345184,8282972
demo,12826,1084012,325
demo,12827,137422171896,17177636311
demo,12828,75735096,9331711
demo,12829,75736256,9331856
demo,12830,1084012,325
demo,12831,75736280,9331859
demo,12832,1084020,326
demo,12833,75736288,9331860
demo,12834,75736280,9331859
demo,12835,1084012,325
demo,12836,137422171896,17177636311
demo,12837,75736264,9331857
demo,12838,137422171904,17177636312
demo,12839,137422171912,17177636313
demo,12840,137422171920,17177636314
demo,12841,137422171928,17177636315
demo,12842,75735893,9331810
demo,12843,75735216,9331726
demo,12844,75735064,9331707
demo,12845,137422172000,17177636324
demo,12846,137422172012,17177636325
demo,12847,67336864,8281932
demo,12848,67337808,8282050
demo,12849,1084012,325
demo,12850,1084026,327
demo,12851,137422171928,17177636315
demo,12852,1084012,325
demo,12853,137422171928,17177636315
demo,12854,67336864,8281932
demo,12855,67343368,8282745
demo,12856,67338240,8282104
demo,12857,67343944,8282817
demo,12858,67343864,8282807
demo,12859,137422171992,17177636323
demo,12860,137422171952,17177636318
demo,12861,137422171960,17177636319
demo,12862,137422171944,17177636317
demo,12863,67343924,8282814
demo,12864,137422172012,17177636325
demo,12865,67343944,8282817
demo,12866,67331088,8281210
demo,12867,137422172012,17177636325
demo,12868,137422171968,17177636320
demo,12869,67331088,8281210
demo,12870,67331056,8281206
demo,12871,67342720,8282664
demo,12872,137422171904,17177636312
demo,12873,137422171640,17177636279
demo,12874,67345072,8282958
demo,12875,67336864,8281932
demo,12876,67345136,8282966
demo,12877,67345128,8282965
demo,12878,137422171632,17177636278
demo,12879,67345163,8282969
demo,12880,67345156,8282968
demo,12881,137422171496,17177636261
demo,12882,137422171628,17177636277
demo,12883,137422171664,17177636282
demo,12884,67331064,8281207
demo,12885,67345144,8282967
demo,12886,137422171664,17177636282
demo,12887,67331072,8281208
demo,12888,67344616,8282901
demo,12889,67344608,8282900
demo,12890,67344656,8282906
demo,12891,67344663,8282906
demo,12892,137422171496,17177636261
demo,12893,137422171688,17177636285
demo,12894,137422171680,17177636284
demo,12895,1084019,326
demo,12896,1084012,325
demo,12897,137422171496,17177636261
demo,12898,67336864,8281932
demo,12899,137422171920,17177636314
demo,12900,137422171912,17177636313
demo,12901,137422171672,17177636283
demo,12902,67337808,8282050
demo,12903,137422171408,17177636250
demo,12904,137422171416,17177636251
demo,12905,137422171448,17177636255
demo,12906,137422171456,17177636256
demo,12907,137422171464,17177636257
demo,12908,137422171472,17177636258
demo,12909,137422171480,17177636259
demo,12910,137422171488,17177636260
demo,12911,137422171496,17177636261
demo,12912,67345144,8282967
demo,12913,67343120,8282714
demo,12914,67338240,8282104
demo,12915,67343926,8282814
demo,12916,137422171688,17177636285
demo,12917,137422171616,17177636276
demo,12918,137422171496,17177636261
demo,12919,67331064,8281207
demo,12920,67345148,8282967
demo,12921,137422171664,17177636282
demo,12922,67331072,8281208
demo,12923,67344632,8282903
demo,12924,67344624,8282902
demo,12925,67344679,8282908
demo,12926,67344686,8282909
demo,12927,137422171496,17177636261
demo,12928,137422171688,17177636285
demo,12929,137422171680,17177636284
demo,12930,1084019,326
demo,12931,1084012,325
demo,12932,137422171496,17177636261
demo,12933,67336864,8281932
demo,12934,137422171920,17177636314
demo,12935,137422171912,17177636313
demo,12936,137422171672,17177636283
demo,12937,67337808,8282050
demo,12938,137422171408,17177636250
demo,12939,137422171416,17177636251
demo,12940,137422171448,17177636255
demo,12941,137422171456,17177636256
demo,12942,137422171464,17177636257
demo,12943,137422171472,17177636258
demo,12944,137422171480,17177636259
demo,12945,137422171488,17177636260
demo,12946,137422171496,17177636261
demo,12947,67345148,8282967
demo,12948,67343120,8282714
demo,12949,67338240,8282104
demo,12950,67343926,8282814
demo,12951,137422171688,17177636285
demo,12952,137422171616,17177636276
demo,12953,137422171496,17177636261
demo,12954,67331064,8281207
demo,12955,67345152,8282968
demo,12956,137422171664,17177636282
demo,12957,67331072,8281208
demo,12958,67344648,8282905
demo,12959,67344640,8282904
demo,12960,137422171496,17177636261
demo,12961,137422171688,17177636285
demo,12962,137422171680,17177636284
demo,12963,1084019,326
demo,12964,1084012,325
demo,12965,137422171496,17177636261
demo,12966,67336864,8281932
demo,12967,137422171920,17177636314
demo,12968,137422171912,17177636313
demo,12969,137422171672,17177636283
demo,12970,67337808,8282050
demo,12971,137422171408,17177636250
demo,12972,137422171416,17177636251
demo,12973,137422171448,17177636255
demo,12974,137422171456,17177636256
demo,12975,137422171464,17177636257
demo,12976,137422171472,17177636258
demo,12977,137422171480,17177636259
demo,12978,137422171488,17177636260
demo,12979,137422171496,17177636261
demo,12980,67345152,8282968
demo,12981,67343120,8282714
demo,12982,67338240,8282104
demo,12983,67343926,8282814
demo,12984,137422171688,17177636285
demo,12985,137422171616,17177636276
demo,12986,137422171496,17177636261
demo,12987,137422171720,17177636289
demo,12988,137422171656,17177636281
demo,12989,67331064,8281207
demo,12990,137422171656,17177636281
demo,12991,67343008,8282700
demo,12992,137422171216,17177636226
demo,12993,137422171640,17177636279
demo,12994,67345080,8282959
demo,12995,137422171624,17177636277
demo,12996,137422171600,17177636274
demo,12997,137422171848,17177636305
demo,12998,137422171856,17177636306
demo,12999,137422171864,17177636307
demo,13000,137422171872,17177636308
demo,13001,137422171880,17177636309
demo,13002,137422171888,17177636310
demo,13003,137422171896,17177636311
demo,13004,67344080,8282834
demo,13005,137422172012,17177636325
demo,13006,67336904,8281937
demo,13007,67336864,8281932
demo,13008,67342800,8282674
demo,13009,137422171472,17177636258
demo,13010,137422171480,17177636259
demo,13011,137422171480,17177636259
demo,13012,137422171536,17177636266
demo,13013,137422171456,17177636256
demo,13014,137422171464,17177636257
demo,13015,137422171472,17177636258
demo,13016,137422171480,17177636259
demo,13017,137422171480,17177636259
demo,13018,137422171632,17177636278
demo,13019,137422171640,17177636279
demo,13020,137422171648,17177636280
demo,13021,137422171656,17177636281
demo,13022,137422171664,17177636282
demo,13023,137422171672,17177636283
demo,13024,67342784,8282672
demo,13025,75763712,9335288
demo,13026,75763720,9335289
demo,13027,75763728,9335290
demo,13028,75763732,9335290
demo,13029,75763740,9335291
demo,13030,67342792,8282673
demo,13031,67336872,8281933
demo,13032,75763732,9335290
demo,13033,67298373,8277120
demo,13034,67337541,8282016
demo,13035,67298381,8277121
demo,13036,67337549,8282017
demo,13037,67337548,8282017
demo,13038,67298380,8277121
demo,13039,137422171672,17177636283
demo,13040,67333768,8281545
demo,13041,67333808,8281550
demo,13042,67333824,8281552
demo,13043,137422171672,17177636283
demo,13044,137422171824,17177636302
demo,13045,67336960,8281944
demo,13046,137422171816,17177636301
demo,13047,75784644,9337904
demo,13048,137422171808,17177636300
demo,13049,1084012,325
demo,13050,75832330,9343865
demo,13051,1084013,325
demo,13052,75832331,9343865
demo,13053,1084014,325
demo,13054,75832332,9343865
demo,13055,1084015,325
demo,13056,75832333,9343865
demo,13057,137422171672,17177636283
demo,13058,137422171816,17177636301
demo,13059,75774180,9336596
demo,13060,137422171808,17177636300
demo,13061,1084012,325
demo,13062,75834133,9344090
demo,13063,1084013,325
demo,13064,75834134,9344090
demo,13065,1084014,325
demo,13066,75834135,9344090
demo,13067,1084015,325
demo,13068,75834136,9344091
demo,13069,137422171672,17177636283
demo,13070,137422171816,17177636301
demo,13071,75768948,9335942
demo,13072,137422171808,17177636300
demo,13073,1084012,325
demo,13074,75846451,9345630
demo,13075,1084013,325
demo,13076,75846452,9345630
demo,13077,1084014,325
demo,13078,75846453,9345630
demo,13079,1084015,325
demo,13080,75846454,9345630
demo,13081,137422171672,17177636283
demo,13082,137422171816,17177636301
demo,13083,75771564,9336269
demo,13084,137422171808,17177636300
demo,13085,1084012,325
demo,13086,75836827,9344427
demo,13087,1084013,325
demo,13088,75836828,9344427
demo,13089,1084014,325
demo,13090,75836829,9344427
demo,13091,1084015,325
demo,13092,75836830,9344427
demo,13093,1084016,326
demo,13094,75836831,9344427
demo,13095,137422171672,17177636283
demo,13096,137422171816,17177636301
demo,13097,75770244,9336104
demo,13098,137422171808,17177636300
demo,13099,1084012,325
demo,13100,75865372,9347995
demo,13101,1084013,325
demo,13102,75865373,9347995
demo,13103,1084014,325
demo,13104,75865374,9347995
demo,13105,1084015,325
demo,13106,75865375,9347995
demo,13107,1084016,326
demo,13108,75865376,9347996
demo,13109,137422171672,17177636283
demo,13110,137422171816,17177636301
demo,13111,75770892,9336185
demo,13112,137422171808,17177636300
demo,13113,1084012,325
demo,13114,75845826,9345552
demo,13115,1084013,325
demo,13116,75845827,9345552
demo,13117,1084014,325
demo,13118,75845828,9345552
demo,13119,1084015,325
demo,13120,75845829,9345552
demo,13121,1084016,326
demo,13122,75845830,9345552
demo,13123,137422171672,17177636283
demo,13124,137422171816,17177636301
demo,13125,75770556,9336143
demo,13126,137422171808,17177636300
demo,13127,1084012,325
demo,13128,75832182,9343846
demo,13129,1084013,325
demo,13130,75832183,9343846
demo,13131,1084014,325
demo,13132,75832184,9343847
demo,13133,1084015,325
demo,13134,75832185,9343847
demo,13135,1084016,326
demo,13136,75832186,9343847
demo,13137,137422171672,17177636283
demo,13138,137422171816,17177636301
demo,13139,75770388,9336122
demo,13140,137422171808,17177636300
demo,13141,1084012,325
demo,13142,75813192,9341473
demo,13143,1084013,325
demo,13144,75813193,9341473
demo,13145,1084014,325
demo,13146,75813194,9341473
demo,13147,1084015,325
demo,13148,75813195,9341473
demo,13149,1084016,326
demo,13150,75813196,9341473
demo,13151,137422171672,17177636283
demo,13152,137422171816,17177636301
demo,13153,75770460,9336131
demo,13154,137422171808,17177636300
demo,13155,1084012,325
demo,13156,75817666,9342032
demo,13157,1084013,325
demo,13158,75817667,9342032
demo,13159,1084014,325
demo,13160,75817668,9342032
demo,13161,1084015,325
demo,13162,75817669,9342032
demo,13163,1084016,326
demo,13164,75817670,9342032
demo,13165,1084017,326
demo,13166,75817671,9342032
demo,13167,1084018,326
demo,13168,75817672,9342033
demo,13169,1084019,326
demo,13170,75817673,9342033
demo,13171,1084020,326
demo,13172,75817674,9342033
demo,13173,1084021,326
demo,13174,75817675,9342033
demo,13175,1084022,326
demo,13176,75817676,9342033
demo,13177,1084023,326
demo,13178,75817677,9342033
demo,13179,1084024,327
demo,13180,75817678,9342033
demo,13181,1084025,327
demo,13182,75817679,9342033
demo,13183,1084026,327
demo,13184,75817680,9342034
demo,13185,137422171672,17177636283
demo,13186,137422171800,17177636299
demo,13187,137422171816,17177636301
demo,13188,137422171808,17177636300
demo,13189,75770436,9336128
demo,13190,1084012,325
demo,13191,75810289,9341110
demo,13192,1084013,325
demo,13193,75810290,9341110
demo,13194,1084014,325
demo,13195,75810291,9341110
demo,13196,1084015,325
demo,13197,75810292,9341110
demo,13198,1084016,326
demo,13199,75810293,9341110
demo,13200,1084017,326
demo,13201,75810294,9341110
demo,13202,137422171672,17177636283
demo,13203,137422171784,17177636297
demo,13204,137422171792,17177636298
demo,13205,137422171752,17177636293
demo,13206,137422171816,17177636301
demo,13207,137422171800,17177636299
demo,13208,137422171816,17177636301
demo,13209,75770456,9336131
demo,13210,75770464,9336132
demo,13211,75770472,9336133
demo,13212,137422171784,17177636297
demo,13213,137422171768,17177636295
demo,13214,137422171792,17177636298
demo,13215,67336864,8281932
demo,13216,137422171784,17177636297
demo,13217,75817644,9342029
demo,13218,75817648,9342030
demo,13219,75817664,9342032
demo,13220,75817680,9342034
demo,13221,137422171672,17177636283
demo,13222,137422171784,17177636297
demo,13223,75817644,9342029
demo,13224,75817660,9342031
demo,13225,75817665,9342032
demo,13226,75817649,9342030
demo,13227,137422171624,17177636277
demo,13228,137422171632,17177636278
demo,13229,137422171648,17177636280
demo,13230,137422171664,17177636282
demo,13231,137422171680,17177636284
demo,13232,137422171592,17177636273
demo,13233,67336720,8281914
demo,13234,67342736,8282666
demo,13235,67342744,8282667
demo,13236,137422171560,17177636269
demo,13237,137422171568,17177636270
demo,13238,137422171576,17177636271
demo,13239,137422171584,17177636272
demo,13240,137422171592,17177636273
demo,13241,137422171600,17177636274
demo,13242,137422171608,17177636275
demo,13243,137422171616,17177636276
demo,13244,137422171632,17177636278
demo,13245,137422171648,17177636280
demo,13246,137422171653,17177636280
demo,13247,137422171637,17177636278
demo,13248,137422171624,17177636277
demo,13249,137422171880,17177636309
demo,13250,137422171888,17177636310
demo,13251,137422171896,17177636311
demo,13252,137422171904,17177636312
demo,13253,137422171912,17177636313
demo,13254,137422171920,17177636314
demo,13255,137422171928,17177636315
demo,13256,67344125,8282839
demo,13257,67337808,8282050
demo,13258,137422171840,17177636304
demo,13259,137422171848,17177636305
demo,13260,137422171848,17177636305
demo,13261,137422172048,17177636330
demo,13262,137422172056,17177636331
demo,13263,137422172056,17177636331
demo,13264,137422172064,17177636332
demo,13265,137422172065,17177636332
demo,13266,137422172068,17177636332
demo,13267,137422172076,17177636333
demo,13268,137422172074,17177636333
demo,13269,137422172072,17177636333
demo,13270,137422172110,17177636337
demo,13271,137422172112,17177636338
demo,13272,137422172088,17177636335
demo,13273,137422171880,17177636309
demo,13274,137422171888,17177636310
demo,13275,137422171896,17177636311
demo,13276,137422171904,17177636312
demo,13277,137422171912,17177636313
demo,13278,137422171920,17177636314
demo,13279,137422171928,17177636315
demo,13280,137422171960,17177636319
demo,13281,67336864,8281932
demo,13282,137422172000,17177636324
demo,13283,137422172024,17177636327
demo,13284,67336768,8281920
demo,13285,137422171976,17177636321
demo,13286,137422172012,17177636325
demo,13287,137422172008,17177636325
demo,13288,137422171912,17177636313
demo,13289,137422171544,17177636267
demo,13290,137422171928,17177636315
demo,13291,137422171696,17177636286
demo,13292,137422171704,17177636287
demo,13293,137422171696,17177636286
demo,13294,67338240,8282104
demo,13295,67343926,8282814
demo,13296,67344064,8282832
demo,13297,67343096,8282711
demo,13298,67341830,8282552
demo,13299,67341968,8282570
demo,13300,67341000,8282449
demo,13301,75735894,9331810
demo,13302,75736032,9331828
demo,13303,75736040,9331829
demo,13304,75735064,9331707
demo,13305,137422171928,17177636315
demo,13306,137422171912,17177636313
demo,13307,67336864,8281932
demo,13308,137422171928,17177636315
demo,13309,137422171912,17177636313
demo,13310,137422171904,17177636312
demo,13311,137422171648,17177636280
demo,13312,137422171640,17177636279
demo,13313,67337808,8282050
demo,13314,1084012,325
demo,13315,137422171432,17177636253
demo,13316,67336736,8281916
demo,13317,67336720,8281914
demo,13318,67342736,8282666
demo,13319,67342744,8282667
demo,13320,137422171400,17177636249
demo,13321,137422171408,17177636250
demo,13322,137422171416,17177636251
demo,13323,137422171424,17177636252
demo,13324,137422171432,17177636253
demo,13325,137422171448,17177636255
demo,13326,137422171480,17177636259
demo,13327,137422171456,17177636256
demo,13328,1084019,326
demo,13329,1084012,325
demo,13330,137422171432,17177636253
demo,13331,137422171448,17177636255
demo,13332,137422171472,17177636258
demo,13333,75736400,9331874
demo,13334,137422171464,17177636257
demo,13335,75737300,9331986
demo,13336,137422171468,17177636257
demo,13337,67336865,8281932
demo,13338,67338240,8282104
demo,13339,67343864,8282807
demo,13340,75737376,9331996
demo,13341,137422171472,17177636258
demo,13342,75736400,9331874
demo,13343,75736400,9331874
demo,13344,75736416,9331876
demo,13345,75736432,9331878
demo,13346,75736448,9331880
demo,13347,137422171432,17177636253
demo,13348,67336720,8281914
demo,13349,67342736,8282666
demo,13350,67342744,8282667
demo,13351,137422171400,17177636249
demo,13352,137422171408,17177636250
demo,13353,137422171416,17177636251
demo,13354,137422171424,17177636252
demo,13355,137422171432,17177636253
demo,13356,137422171480,17177636259
demo,13357,137422171472,17177636258
demo,13358,75736400,9331874
demo,13359,75736416,9331876
demo,13360,75736421,9331876
demo,13361,75736405,9331874
demo,13362,137422171432,17177636253
demo,13363,75737748,9332042
demo,13364,75737747,9332042
demo,13365,75737746,9332042
demo,13366,75737745,9332042
demo,13367,75737744,9332042
demo,13368,75737743,9332041
demo,13369,75737742,9332041
demo,13370,75737741,9332041
demo,13371,75737740,9332041
demo,13372,75737739,9332041
demo,13373,75737738,9332041
demo,13374,75737737,9332041
demo,13375,75737736,9332041
demo,13376,75737735,9332040
demo,13377,75737734,9332040
demo,13378,75737733,9332040
demo,13379,137422171496,17177636261
demo,13380,137422171504,17177636262
demo,13381,137422171512,17177636263
demo,13382,137422171520,17177636264
demo,13383,137422171528,17177636265
demo,13384,137422171536,17177636266
demo,13385,137422171544,17177636267
demo,13386,137422172080,17177636334
demo,13387,137422172088,17177636335
demo,13388,137422172072,17177636333
demo,13389,137422172112,17177636338
demo,13390,137422172048,17177636330
demo,13391,75737200,9331974
demo,13392,137422171608,17177636275
demo,13393,67336888,8281935
demo,13394,137422171608,17177636275
demo,13395,137422172120,17177636339
demo,13396,137422172136,17177636341
demo,13397,137422172128,17177636340
demo,13398,137422171632,17177636278
demo,13399,137422171672,17177636283
demo,13400,137422172152,17177636343
demo,13401,137422172160,17177636344
demo,13402,137422172168,17177636345
demo,13403,137422172124,17177636339
demo,13404,137422171672,17177636283
demo,13405,137422172176,17177636346
demo,13406,137422172192,17177636348
demo,13407,137422172184,17177636347
demo,13408,137422171632,17177636278
demo,13409,137422171672,17177636283
demo,13410,137422172208,17177636350
demo,13411,137422172216,17177636351
demo,13412,137422172224,17177636352
demo,13413,137422170888,17177636185
demo,13414,137422171656,17177636281
demo,13415,137422172180,17177636346
demo,13416,137422171672,17177636283
demo,13417,137422172232,17177636353
demo,13418,137422172248,17177636355
demo,13419,137422172240,17177636354
demo,13420,137422171632,17177636278
demo,13421,137422171672,17177636283
demo,13422,137422172264,17177636357
demo,13423,137422172272,17177636358
demo,13424,137422172280,17177636359
demo,13425,137422170944,17177636192
demo,13426,137422171656,17177636281
demo,13427,137422172236,17177636353
demo,13428,137422171672,17177636283
demo,13429,137422172288,17177636360
demo,13430,137422172304,17177636362
demo,13431,137422172296,17177636361
demo,13432,137422171632,17177636278
demo,13433,137422171672,17177636283
demo,13434,137422172320,17177636364
demo,13435,137422172328,17177636365
demo,13436,137422172336,17177636366
demo,13437,137422171000,17177636199
demo,13438,137422171656,17177636281
demo,13439,137422172292,17177636360
demo,13440,137422171672,17177636283
demo,13441,137422172344,17177636367
demo,13442,137422172376,17177636371
demo,13443,137422172360,17177636369
demo,13444,75737302,9331986
demo,13445,137422172384,17177636372
demo,13446,137422172348,17177636367
demo,13447,137422172400,17177636374
demo,13448,137422172456,17177636381
demo,13449,137422172512,17177636388
demo,13450,137422172552,17177636393
demo,13451,137422172560,17177636394
demo,13452,137422172528,17177636390
demo,13453,137422172544,17177636392
demo,13454,75737300,9331986
demo,13455,137422172568,17177636395
demo,13456,137422172624,17177636402
demo,13457,137422172680,17177636409
demo,13458,137422172684,17177636409
demo,13459,137422172736,17177636416
demo,13460,137422172768,17177636420
demo,13461,137422172752,17177636418
demo,13462,137422171588,17177636272
demo,13463,137422171576,17177636271
demo,13464,137422171568,17177636270
demo,13465,137422171560,17177636269
demo,13466,137422171672,17177636283
demo,13467,75736464,9331882
demo,13468,137422171624,17177636277
demo,13469,137422171672,17177636283
demo,13470,137422170880,17177636184
demo,13471,137422170912,17177636188
demo,13472,137422171072,17177636208
demo,13473,137422170928,17177636190
demo,13474,137422171668,17177636282
demo,13475,137422170920,17177636189
demo,13476,67337317,8281988
demo,13477,137422170848,17177636180
demo,13478,137422170856,17177636181
demo,13479,137422170864,17177636182
demo,13480,137422170872,17177636183
demo,13481,137422171624,17177636277
demo,13482,137422171632,17177636278
demo,13483,137422171656,17177636281
demo,13484,137422171672,17177636283
demo,13485,75737184,9331972
demo,13486,137422170920,17177636189
demo,13487,137422172088,17177636335
demo,13488,137422172112,17177636338
demo,13489,137422170888,17177636185
demo,13490,137422170904,17177636187
demo,13491,137422170896,17177636186
demo,13492,137422171672,17177636283
demo,13493,137422170944,17177636192
demo,13494,137422170936,17177636191
demo,13495,75736448,9331880
demo,13496,137422170984,17177636197
demo,13497,137422170976,17177636196
demo,13498,137422171668,17177636282
demo,13499,137422170848,17177636180
demo,13500,137422170856,17177636181
demo,13501,137422170864,17177636182
demo,13502,137422170872,17177636183
demo,13503,75737184,9331972
demo,13504,137422170960,17177636194
demo,13505,137422170952,17177636193
demo,13506,137422171672,17177636283
demo,13507,137422171000,17177636199
demo,13508,137422170992,17177636198
demo,13509,75736448,9331880
demo,13510,137422171040,17177636204
demo,13511,137422171032,17177636203
demo,13512,137422171668,17177636282
demo,13513,137422170848,17177636180
demo,13514,137422170856,17177636181
demo,13515,137422170864,17177636182
demo,13516,137422170872,17177636183
demo,13517,75737184,9331972
demo,13518,137422171016,17177636201
demo,13519,137422171008,17177636200
demo,13520,137422171672,17177636283
demo,13521,137422171056,17177636206
demo,13522,137422171048,17177636205
demo,13523,75736448,9331880
demo,13524,137422171096,17177636211
demo,13525,137422171088,17177636210
demo,13526,137422171668,17177636282
demo,13527,137422170848,17177636180
demo,13528,137422170856,17177636181
demo,13529,137422170864,17177636182
demo,13530,137422170872,17177636183
demo,13531,75737184,9331972
demo,13532,137422171072,17177636208
demo,13533,137422171064,17177636207
demo,13534,75736448,9331880
demo,13535,67336888,8281935
demo,13536,137422171096,17177636211
demo,13537,137422170872,17177636183
demo,13538,137422171656,17177636281
demo,13539,137422171096,17177636211
demo,13540,137422170848,17177636180
demo,13541,137422170856,17177636181
demo,13542,137422170864,17177636182
demo,13543,137422170872,17177636183
demo,13544,137422171672,17177636283
demo,13545,75736464,9331882
demo,13546,137422171592,17177636273
demo,13547,75736448,9331880
demo,13548,78458240,9672104
demo,13549,78458256,9672106
demo,13550,78458272,9672108
demo,13551,78458288,9672110
demo,13552,78458304,9672112
demo,13553,78458320,9672114
demo,13554,78458336,9672116
demo,13555,78458352,9672118
demo,13556,78458368,9672120
demo,13557,78458384,9672122
demo,13558,78458400,9672124
demo,13559,78458416,9672126
demo,13560,78458432,9672128
demo,13561,78458448,9672130
demo,13562,78458464,9672132
demo,13563,78458480,9672134
demo,13564,78458496,9672136
demo,13565,78458512,9672138
demo,13566,78458528,9672140
demo,13567,78458544,9672142
demo,13568,78458560,9672144
demo,13569,78458576,9672146
demo,13570,78458592,9672148
demo,13571,78458608,9672150
demo,13572,78458624,9672152
demo,13573,78458640,9672154
demo,13574,78458656,9672156
demo,13575,78458672,9672158
demo,13576,78458688,9672160
demo,13577,78458704,9672162
demo,13578,75737302,9331986
demo,13579,75736544,9331892
demo,13580,75736536,9331891
demo,13581,75736552,9331893
demo,13582,75736560,9331894
demo,13583,75736800,9331924
demo,13584,75736696,9331911
demo,13585,75736968,9331945
demo,13586,75737176,9331971
demo,13587,75736568,9331895
demo,13588,75736672,9331908
demo,13589,78458568,9672145
demo,13590,78458536,9672141
demo,13591,75736568,9331895
demo,13592,75736584,9331897
demo,13593,78458600,9672149
demo,13594,75736800,9331924
demo,13595,75736752,9331918
demo,13596,75736880,9331934
demo,13597,75737500,9332011
demo,13598,75736744,9331917
demo,13599,75737184,9331972
demo,13600,75736448,9331880
demo,13601,67342448,8282630
demo,13602,137422171664,17177636282
demo,13603,75737568,9332020
demo,13604,75736448,9331880
demo,13605,75737200,9331974
demo,13606,137422171668,17177636282
demo,13607,75879080,9349709
demo,13608,75879024,9349702
demo,13609,75878968,9349695
demo,13610,75878912,9349688
demo,13611,75878960,9349694
demo,13612,75878952,9349693
demo,13613,75736448,9331880
demo,13614,75878928,9349690
demo,13615,75879136,9349716
demo,13616,75879144,9349717
demo,13617,75879148,9349717
demo,13618,75879140,9349716
demo,13619,75879152,9349718
demo,13620,75879156,9349718
demo,13621,75879160,9349719
demo,13622,75737306,9331987
demo,13623,137422171544,17177636267
demo,13624,75737184,9331972
demo,13625,75878856,9349681
demo,13626,75878800,9349674
demo,13627,75737306,9331987
demo,13628,75878744,9349667
demo,13629,75737306,9331987
demo,13630,75878688,9349660
demo,13631,75878632,9349653
demo,13632,75878576,9349646
demo,13633,75878520,9349639
demo,13634,75878464,9349632
demo,13635,137422171668,17177636282
demo,13636,137422171544,17177636267
demo,13637,137422171588,17177636272
demo,13638,75737192,9331973
demo,13639,75736448,9331880
demo,13640,67336864,8281932
demo,13641,75737176,9331971
demo,13642,78458424,9672127
demo,13643,75737302,9331986
demo,13644,75879328,9349740
demo,13645,75879336,9349741
demo,13646,75879332,9349740
demo,13647,75879340,9349741
demo,13648,137422171544,17177636267
demo,13649,137422171912,17177636313
demo,13650,75736640,9331904
demo,13651,75737500,9332011
demo,13652,137422171680,17177636284
demo,13653,137422171600,17177636274
demo,13654,67337600,8282024
demo,13655,137422171928,17177636315
demo,13656,137422171928,17177636315
demo,13657,67338272,8282108
demo,13658,75736624,9331902
demo,13659,78458312,9672113
demo,13660,75736552,9331893
demo,13661,78458440,9672129
demo,13662,75737302,9331986
demo,13663,76374167,9411594
demo,13664,67297195,8276973
demo,13665,76374175,9411595
demo,13666,67297203,8276974
demo,13667,67297198,8276973
demo,13668,76374170,9411595
demo,13669,137422171544,17177636267
demo,13670,75737584,9332022
demo,13671,75737300,9331986
demo,13672,67342456,8282631
demo,13673,67342452,8282630
demo,13674,137422171536,17177636266
demo,13675,137422171544,17177636267
demo,13676,137422171928,17177636315
demo,13677,67336752,8281918
demo,13678,137422171496,17177636261
demo,13679,67338240,8282104
demo,13680,67343096,8282711
demo,13681,67341000,8282449
demo,13682,75735064,9331707
demo,13683,67340928,8282440
demo,13684,137422171512,17177636263
demo,13685,137422171520,17177636264
demo,13686,137422171528,17177636265
demo,13687,137422171536,17177636266
demo,13688,67336744,8281917
demo,13689,137422171544,17177636267
demo,13690,137422171912,17177636313
demo,13691,137422171928,17177636315
demo,13692,67342640,8282654
demo,13693,137422171544,17177636267
demo,13694,67342656,8282656
demo,13695,75736496,9331886
demo,13696,67338240,8282104
demo,13697,67343926,8282814
demo,13698,137422171928,17177636315
demo,13699,67337808,8282050
demo,13700,137422171544,17177636267
demo,13701,137422171848,17177636305
demo,13702,137422171856,17177636306
demo,13703,137422171864,17177636307
demo,13704,137422171872,17177636308
demo,13705,137422171880,17177636309
demo,13706,137422171888,17177636310
demo,13707,137422171896,17177636311
demo,13708,137422172904,17177636437
demo,13709,137422172912,17177636438
demo,13710,137422172920,17177636439
demo,13711,137422172928,17177636440
demo,13712,137422172936,17177636441
demo,13713,137422172944,17177636442
demo,13714,137422172952,17177636443
demo,13715,137422172968,17177636445
demo,13716,137422172976,17177636446
demo,13717,137422172984,17177636447
demo,13718,67342896,8282686
demo,13719,137422172992,17177636448
demo,13720,137422173016,17177636451
demo,13721,137422173272,17177636483
demo,13722,137422173280,17177636484
demo,13723,137422173288,17177636485
demo,13724,137422173496,17177636511
demo,13725,137422173552,17177636518
demo,13726,75737300,9331986
demo,13727,137422173448,17177636505
demo,13728,75737300,9331986
demo,13729,137422173472,17177636508
demo,13730,1105152,2968
demo,13731,137422173480,17177636509
demo,13732,1105160,2969
demo,13733,1084027,327
demo,13734,1084040,329
demo,13735,137422173192,17177636473
demo,13736,137422173208,17177636475
demo,13737,137422173216,17177636476
demo,13738,137422173224,17177636477
demo,13739,137422173232,17177636478
demo,13740,137422173240,17177636479
demo,13741,137422173248,17177636480
demo,13742,137422173256,17177636481
demo,13743,67342896,8282686
demo,13744,67342616,8282651
demo,13745,67336816,8281926
demo,13746,67336816,8281926
demo,13747,137422172952,17177636443
demo,13748,67336816,8281926
demo,13749,137422172952,17177636443
demo,13750,137422172976,17177636446
demo,13751,137422172968,17177636445
demo,13752,137422173520,17177636514
demo,13753,137422173528,17177636515
demo,13754,137422173544,17177636517
demo,13755,137422173532,17177636515
demo,13756,67343924,8282814
demo,13757,67343120,8282714
demo,13758,67340800,8282424
demo,13759,67338240,8282104
demo,13760,67343925,8282814
demo,13761,67343926,8282814
demo,13762,67343080,8282709
demo,13763,67294568,8276645
demo,13764,67344560,8282894
demo,13765,1084016,326
demo,13766,67344568,8282895
demo,13767,1084027,327
demo,13768,137422171864,17177636307
demo,13769,67343128,8282715
demo,13770,67344544,8282892
demo,13771,67294568,8276645
demo,13772,67344560,8282894
demo,13773,1084016,326
demo,13774,67344568,8282895
demo,13775,1084027,327
demo,13776,137422171864,17177636307
demo,13777,67344552,8282893
demo,13778,137422171872,17177636308
demo,13779,137422171880,17177636309
demo,13780,137422171888,17177636310
demo,13781,137422171896,17177636311
demo,13782,67343925,8282814
demo,13783,67343248,8282730
demo,13784,67343096,8282711
demo,13785,67341829,8282552
demo,13786,67341830,8282552
demo,13787,67340984,8282447
demo,13788,67294568,8276645
demo,13789,1082128,90
demo,13790,1084016,326
demo,13791,1082136,91
demo,13792,1084027,327
demo,13793,137422171864,17177636307
demo,13794,67341032,8282453
demo,13795,67342976,8282696
demo,13796,67294568,8276645
demo,13797,1082128,90
demo,13798,1084016,326
demo,13799,1082136,91
demo,13800,1084027,327
demo,13801,137422171864,17177636307
demo,13802,67342984,8282697
demo,13803,67342912,8282688
demo,13804,67294540,8276641
demo,13805,67111872,8253808
demo,13806,1084016,326
demo,13807,67111874,8253808
demo,13808,1084028,327
demo,13809,137422171864,17177636307
demo,13810,67342920,8282689
demo,13811,137422171872,17177636308
demo,13812,137422171880,17177636309
demo,13813,137422171888,17177636310
demo,13814,137422171896,17177636311
demo,13815,67341829,8282552
demo,13816,67341152,8282468
demo,13817,67337824,8282052
demo,13818,67341080,8282459
demo,13819,67337872,8282058
demo,13820,67341830,8282552
demo,13821,67294540,8276641
demo,13822,67111872,8253808
demo,13823,1084016,326
demo,13824,67111874,8253808
demo,13825,1084028,327
demo,13826,137422171896,17177636311
demo,13827,67341000,8282449
demo,13828,75735893,9331810
demo,13829,75735894,9331810
demo,13830,75735048,9331705
demo,13831,67294536,8276641
demo,13832,67345184,8282972
demo,13833,1084016,326
demo,13834,67345184,8282972
demo,13835,1084027,327
demo,13836,137422171864,17177636307
demo,13837,75735096,9331711
demo,13838,75736256,9331856
demo,13839,67294568,8276645
demo,13840,75736272,9331858
demo,13841,1084016,326
demo,13842,75736280,9331859
demo,13843,1084027,327
demo,13844,137422171864,17177636307
demo,13845,75736264,9331857
demo,13846,137422171872,17177636308
demo,13847,137422171880,17177636309
demo,13848,137422171888,17177636310
demo,13849,137422171896,17177636311
demo,13850,75735893,9331810
demo,13851,75735216,9331726
demo,13852,75735064,9331707
demo,13853,75737301,9331986
demo,13854,75737302,9331986
demo,13855,75736456,9331881
demo,13856,67294536,8276641
demo,13857,75736400,9331874
demo,13858,1084016,326
demo,13859,75736400,9331874
demo,13860,1084027,327
demo,13861,137422171864,17177636307
demo,13862,75736504,9331887
demo,13863,75737664,9332032
demo,13864,67294568,8276645
demo,13865,75737680,9332034
demo,13866,1084016,326
demo,13867,75737691,9332035
demo,13868,1084030,327
demo,13869,137422171864,17177636307
demo,13870,75737672,9332033
demo,13871,137422171872,17177636308
demo,13872,137422171880,17177636309
demo,13873,137422171888,17177636310
demo,13874,137422171896,17177636311
demo,13875,75737301,9331986
demo,13876,75736624,9331902
demo,13877,78458312,9672113
demo,13878,75736552,9331893
demo,13879,78458440,9672129
demo,13880,75737302,9331986
demo,13881,67294564,8276644
demo,13882,76374160,9411594
demo,13883,1084016,326
demo,13884,76374170,9411595
demo,13885,1084030,327
demo,13886,137422171896,17177636311
demo,13887,75736472,9331883
demo,13888,137422171968,17177636320
demo,13889,137422171980,17177636321
demo,13890,67336864,8281932
demo,13891,67337808,8282050
demo,13892,1084027,327
demo,13893,1084040,329
demo,13894,137422171896,17177636311
demo,13895,1084027,327
demo,13896,137422171896,17177636311
demo,13897,67336864,8281932
demo,13898,67343368,8282745
demo,13899,67338240,8282104
demo,13900,67343944,8282817
demo,13901,67343864,8282807
demo,13902,137422171960,17177636319
demo,13903,137422171920,17177636314
demo,13904,137422171928,17177636315
demo,13905,137422171912,17177636313
demo,13906,67343924,8282814
demo,13907,137422171980,17177636321
demo,13908,67343944,8282817
demo,13909,67331088,8281210
demo,13910,137422171980,17177636321
demo,13911,137422171936,17177636316
demo,13912,67331088,8281210
demo,13913,67331056,8281206
demo,13914,67342720,8282664
demo,13915,137422171872,17177636308
demo,13916,137422171608,17177636275
demo,13917,67345072,8282958
demo,13918,67336864,8281932
demo,13919,67345136,8282966
demo,13920,67345128,8282965
demo,13921,137422171600,17177636274
demo,13922,67345163,8282969
demo,13923,67345156,8282968
demo,13924,137422171464,17177636257
demo,13925,137422171596,17177636273
demo,13926,137422171632,17177636278
demo,13927,67331064,8281207
demo,13928,67345144,8282967
demo,13929,67331064,8281207
demo,13930,67345148,8282967
demo,13931,67331064,8281207
demo,13932,67345152,8282968
demo,13933,137422171632,17177636278
demo,13934,67331072,8281208
demo,13935,67344648,8282905
demo,13936,67344640,8282904
demo,13937,137422171464,17177636257
demo,13938,137422171656,17177636281
demo,13939,137422171648,17177636280
demo,13940,1084033,328
demo,13941,1084027,327
demo,13942,137422171464,17177636257
demo,13943,67336864,8281932
demo,13944,137422171888,17177636310
demo,13945,137422171880,17177636309
demo,13946,137422171640,17177636279
demo,13947,67337808,8282050
demo,13948,137422171376,17177636246
demo,13949,137422171384,17177636247
demo,13950,137422171416,17177636251
demo,13951,137422171424,17177636252
demo,13952,137422171432,17177636253
demo,13953,137422171440,17177636254
demo,13954,137422171448,17177636255
demo,13955,137422171456,17177636256
demo,13956,137422171464,17177636257
demo,13957,67345152,8282968
demo,13958,67331064,8281207
demo,13959,137422171624,17177636277
demo,13960,67343008,8282700
demo,13961,137422171184,17177636222
demo,13962,137422171608,17177636275
demo,13963,67345080,8282959
demo,13964,137422171592,17177636273
demo,13965,137422171568,17177636270
demo,13966,137422171816,17177636301
demo,13967,137422171824,17177636302
demo,13968,137422171832,17177636303
demo,13969,137422171840,17177636304
demo,13970,137422171848,17177636305
demo,13971,137422171856,17177636306
demo,13972,137422171864,17177636307
demo,13973,67344080,8282834
demo,13974,137422171980,17177636321
demo,13975,67336904,8281937
demo,13976,67336864,8281932
demo,13977,67342800,8282674
demo,13978,67342784,8282672
demo,13979,67342792,8282673
demo,13980,67336872,8281933
demo,13981,75763732,9335290
demo,13982,67298373,8277120
demo,13983,67337541,8282016
demo,13984,67298381,8277121
demo,13985,67337549,8282017
demo,13986,67337548,8282017
demo,13987,67298380,8277121
demo,13988,137422171640,17177636279
demo,13989,67333768,8281545
demo,13990,67333808,8281550
demo,13991,67333824,8281552
demo,13992,137422171640,17177636279
demo,13993,137422171792,17177636298
demo,13994,67336960,8281944
demo,13995,137422171784,17177636297
demo,13996,75784644,9337904
demo,13997,137422171776,17177636296
demo,13998,1084027,327
demo,13999,75832330,9343865
demo,14000,1084028,327
demo,14001,75832331,9343865
demo,14002,1084029,327
demo,14003,75832332,9343865
demo,14004,1084030,327
demo,14005,75832333,9343865
demo,14006,137422171640,17177636279
demo,14007,137422171784,17177636297
demo,14008,75795108,9339212
demo,14009,137422171776,17177636296
demo,14010,1084027,327
demo,14011,75836318,9344363
demo,14012,1084028,327
demo,14013,75836319,9344363
demo,14014,1084029,327
demo,14015,75836320,9344364
demo,14016,1084030,327
demo,14017,75836321,9344364
demo,14018,137422171640,17177636279
demo,14019,137422171784,17177636297
demo,14020,75789876,9338558
demo,14021,137422171776,17177636296
demo,14022,1084027,327
demo,14023,75840338,9344866
demo,14024,1084028,327
demo,14025,75840339,9344866
demo,14026,1084029,327
demo,14027,75840340,9344866
demo,14028,1084030,327
demo,14029,75840341,9344866
demo,14030,137422171640,17177636279
demo,14031,137422171784,17177636297
demo,14032,75787260,9338231
demo,14033,137422171776,17177636296
demo,14034,1084027,327
demo,14035,75833862,9344056
demo,14036,1084028,327
demo,14037,75833863,9344056
demo,14038,1084029,327
demo,14039,75833864,9344057
demo,14040,1084030,327
demo,14041,75833865,9344057
demo,14042,1084031,327
demo,14043,75833866,9344057
demo,14044,137422171640,17177636279
demo,14045,137422171784,17177636297
demo,14046,75788556,9338393
demo,14047,137422171776,17177636296
demo,14048,1084027,327
demo,14049,75869919,9348563
demo,14050,1084028,327
demo,14051,75869920,9348564
demo,14052,1084029,327
demo,14053,75869921,9348564
demo,14054,1084030,327
demo,14055,75869922,9348564
demo,14056,1084031,327
demo,14057,75869923,9348564
demo,14058,137422171640,17177636279
demo,14059,137422171784,17177636297
demo,14060,75789204,9338474
demo,14061,137422171776,17177636296
demo,14062,1084027,327
demo,14063,75845865,9345557
demo,14064,1084028,327
demo,14065,75845866,9345557
demo,14066,1084029,327
demo,14067,75845867,9345557
demo,14068,1084030,327
demo,14069,75845868,9345557
demo,14070,1084031,327
demo,14071,75845869,9345557
demo,14072,1084032,328
demo,14073,75845870,9345557
demo,14074,1084033,328
demo,14075,75845871,9345557
demo,14076,137422171640,17177636279
demo,14077,137422171784,17177636297
demo,14078,75789540,9338516
demo,14079,137422171776,17177636296
demo,14080,1084027,327
demo,14081,75869148,9348467
demo,14082,1084028,327
demo,14083,75869149,9348467
demo,14084,1084029,327
demo,14085,75869150,9348467
demo,14086,1084030,327
demo,14087,75869151,9348467
demo,14088,1084031,327
demo,14089,75869152,9348468
demo,14090,137422171640,17177636279
demo,14091,137422171784,17177636297
demo,14092,75789372,9338495
demo,14093,137422171776,17177636296
demo,14094,1084027,327
demo,14095,75847000,9345699
demo,14096,1084028,327
demo,14097,75847001,9345699
demo,14098,1084029,327
demo,14099,75847002,9345699
demo,14100,1084030,327
demo,14101,75847003,9345699
demo,14102,1084031,327
demo,14103,75847004,9345699
demo,14104,137422171640,17177636279
demo,14105,137422171784,17177636297
demo,14106,75789276,9338483
demo,14107,137422171776,17177636296
demo,14108,1084027,327
demo,14109,75856136,9346841
demo,14110,1084028,327
demo,14111,75856137,9346841
demo,14112,1084029,327
demo,14113,75856138,9346841
demo,14114,1084030,327
demo,14115,75856139,9346841
demo,14116,1084031,327
demo,14117,75856140,9346841
demo,14118,1084032,328
demo,14119,75856141,9346841
demo,14120,137422171640,17177636279
demo,14121,137422171784,17177636297
demo,14122,75789228,9338477
demo,14123,137422171776,17177636296
demo,14124,1084027,327
demo,14125,75844913,9345438
demo,14126,1084028,327
demo,14127,75844914,9345438
demo,14128,1084029,327
demo,14129,75844915,9345438
demo,14130,1084030,327
demo,14131,75844916,9345438
demo,14132,1084031,327
demo,14133,75844917,9345438
demo,14134,1084032,328
demo,14135,75844918,9345438
demo,14136,1084033,328
demo,14137,75844919,9345438
demo,14138,1084034,328
demo,14139,75844920,9345439
demo,14140,1084035,328
demo,14141,75844921,9345439
demo,14142,1084036,328
demo,14143,75844922,9345439
demo,14144,1084037,328
demo,14145,75844923,9345439
demo,14146,1084038,328
demo,14147,75844924,9345439
demo,14148,1084039,328
demo,14149,75844925,9345439
demo,14150,1084040,329
demo,14151,75844926,9345439
demo,14152,137422171640,17177636279
demo,14153,137422171768,17177636295
demo,14154,137422171784,17177636297
demo,14155,137422171776,17177636296
demo,14156,75789204,9338474
demo,14157,1084027,327
demo,14158,75845865,9345557
demo,14159,1084028,327
demo,14160,75845866,9345557
demo,14161,1084029,327
demo,14162,75845867,9345557
demo,14163,1084030,327
demo,14164,75845868,9345557
demo,14165,1084031,327
demo,14166,75845869,9345557
demo,14167,1084032,328
demo,14168,75845870,9345557
demo,14169,1084033,328
demo,14170,75845871,9345557
demo,14171,137422171640,17177636279
demo,14172,137422171752,17177636293
demo,14173,137422171760,17177636294
demo,14174,137422171720,17177636289
demo,14175,137422171784,17177636297
demo,14176,137422171768,17177636295
demo,14177,137422171784,17177636297
demo,14178,75789224,9338477
demo,14179,75789232,9338478
demo,14180,75789240,9338479
demo,14181,137422171752,17177636293
demo,14182,137422171736,17177636291
demo,14183,137422171760,17177636294
demo,14184,67336864,8281932
demo,14185,137422171752,17177636293
demo,14186,75844891,9345435
demo,14187,75844896,9345436
demo,14188,75844912,9345438
demo,14189,75844928,9345440
demo,14190,137422171640,17177636279
demo,14191,137422171752,17177636293
demo,14192,75844891,9345435
demo,14193,75844907,9345437
demo,14194,75844911,9345437
demo,14195,75844895,9345435
demo,14196,137422171592,17177636273
demo,14197,137422171600,17177636274
demo,14198,137422171616,17177636276
demo,14199,137422171632,17177636278
demo,14200,137422171648,17177636280
demo,14201,137422171560,17177636269
demo,14202,67336720,8281914
demo,14203,67342736,8282666
demo,14204,67342744,8282667
demo,14205,137422171528,17177636265
demo,14206,137422171536,17177636266
demo,14207,137422171544,17177636267
demo,14208,137422171552,17177636268
demo,14209,137422171560,17177636269
demo,14210,137422171568,17177636270
demo,14211,137422171576,17177636271
demo,14212,137422171584,17177636272
demo,14213,137422171600,17177636274
demo,14214,137422171616,17177636276
demo,14215,137422171620,17177636276
demo,14216,137422171604,17177636274
demo,14217,137422171592,17177636273
demo,14218,137422171848,17177636305
demo,14219,137422171856,17177636306
demo,14220,137422171864,17177636307
demo,14221,137422171872,17177636308
demo,14222,137422171880,17177636309
demo,14223,137422171888,17177636310
demo,14224,137422171896,17177636311
demo,14225,67344125,8282839
demo,14226,67337808,8282050
demo,14227,137422171808,17177636300
demo,14228,137422171816,17177636301
demo,14229,137422171816,17177636301
demo,14230,137422172016,17177636326
demo,14231,137422172024,17177636327
demo,14232,137422172032,17177636328
demo,14233,137422172033,17177636328
demo,14234,137422172036,17177636328
demo,14235,137422172044,17177636329
demo,14236,137422172042,17177636329
demo,14237,137422172040,17177636329
demo,14238,137422172078,17177636333
demo,14239,137422172080,17177636334
demo,14240,137422172056,17177636331
demo,14241,137422171848,17177636305
demo,14242,137422171856,17177636306
demo,14243,137422171864,17177636307
demo,14244,137422171872,17177636308
demo,14245,137422171880,17177636309
demo,14246,137422171888,17177636310
demo,14247,137422171896,17177636311
demo,14248,137422171928,17177636315
demo,14249,67336864,8281932
demo,14250,137422171968,17177636320
demo,14251,137422171992,17177636323
demo,14252,67336768,8281920
demo,14253,137422171944,17177636317
demo,14254,137422171980,17177636321
demo,14255,137422171976,17177636321
demo,14256,137422171880,17177636309
demo,14257,137422171512,17177636263
demo,14258,137422171896,17177636311
demo,14259,137422171664,17177636282
demo,14260,137422171672,17177636283
demo,14261,137422171664,17177636282
demo,14262,67338240,8282104
demo,14263,67343926,8282814
demo,14264,67344064,8282832
demo,14265,67343096,8282711
demo,14266,67341830,8282552
demo,14267,67341968,8282570
demo,14268,67341000,8282449
demo,14269,75735894,9331810
demo,14270,75736032,9331828
demo,14271,75736040,9331829
demo,14272,75735064,9331707
demo,14273,75737302,9331986
demo,14274,75737440,9332004
demo,14275,75737448,9332005
demo,14276,75736472,9331883
demo,14277,137422171896,17177636311
demo,14278,137422171880,17177636309
demo,14279,67336864,8281932
demo,14280,137422171896,17177636311
demo,14281,137422171880,17177636309
demo,14282,137422171872,17177636308
demo,14283,137422171616,17177636276
demo,14284,137422171608,17177636275
demo,14285,67337808,8282050
demo,14286,1084027,327
demo,14287,137422171400,17177636249
demo,14288,67336736,8281916
demo,14289,67336720,8281914
demo,14290,67342736,8282666
demo,14291,67342744,8282667
demo,14292,137422171368,17177636245
demo,14293,137422171376,17177636246
demo,14294,137422171384,17177636247
demo,14295,137422171392,17177636248
demo,14296,137422171400,17177636249
demo,14297,137422171416,17177636251
demo,14298,137422171448,17177636255
demo,14299,137422171424,17177636252
demo,14300,1084033,328
demo,14301,1084027,327
demo,14302,137422171400,17177636249
demo,14303,137422171416,17177636251
demo,14304,137422171440,17177636254
demo,14305,75737760,9332044
demo,14306,137422171432,17177636253
demo,14307,75738660,9332156
demo,14308,137422171436,17177636253
demo,14309,67336865,8281932
demo,14310,67338240,8282104
demo,14311,67343864,8282807
demo,14312,75738736,9332166
demo,14313,137422171440,17177636254
demo,14314,75737760,9332044
demo,14315,75737760,9332044
demo,14316,75737776,9332046
demo,14317,75737792,9332048
demo,14318,75737808,9332050
demo,14319,137422171400,17177636249
demo,14320,67336720,8281914
demo,14321,67342736,8282666
demo,14322,67342744,8282667
demo,14323,137422171368,17177636245
demo,14324,137422171376,17177636246
demo,14325,137422171384,17177636247
demo,14326,137422171392,17177636248
demo,14327,137422171400,17177636249
demo,14328,137422171448,17177636255
demo,14329,137422171440,17177636254
demo,14330,75737760,9332044
demo,14331,75737776,9332046
demo,14332,75737780,9332046
demo,14333,75737764,9332044
demo,14334,137422171400,17177636249
demo,14335,75739107,9332212
demo,14336,75739106,9332212
demo,14337,75739105,9332212
demo,14338,75739104,9332212
demo,14339,75739103,9332211
demo,14340,75739102,9332211
demo,14341,75739101,9332211
demo,14342,75739100,9332211
demo,14343,75739099,9332211
demo,14344,75739098,9332211
demo,14345,75739097,9332211
demo,14346,75739096,9332211
demo,14347,75739095,9332210
demo,14348,75739094,9332210
demo,14349,75739093,9332210
demo,14350,137422171464,17177636257
demo,14351,137422171472,17177636258
demo,14352,137422171480,17177636259
demo,14353,137422171488,17177636260
demo,14354,137422171496,17177636261
demo,14355,137422171504,17177636262
demo,14356,137422171512,17177636263
demo,14357,137422172048,17177636330
demo,14358,137422172056,17177636331
demo,14359,137422172040,17177636329
demo,14360,137422172080,17177636334
demo,14361,137422172016,17177636326
demo,14362,75738560,9332144
demo,14363,137422171576,17177636271
demo,14364,67336888,8281935
demo,14365,137422171576,17177636271
demo,14366,137422172088,17177636335
demo,14367,137422172104,17177636337
demo,14368,137422172096,17177636336
demo,14369,137422171600,17177636274
demo,14370,137422171640,17177636279
demo,14371,137422172120,17177636339
demo,14372,137422172128,17177636340
demo,14373,137422172136,17177636341
demo,14374,137422172092,17177636335
demo,14375,137422171640,17177636279
demo,14376,137422172144,17177636342
demo,14377,137422172160,17177636344
demo,14378,137422172152,17177636343
demo,14379,137422171600,17177636274
demo,14380,137422171640,17177636279
demo,14381,137422172176,17177636346
demo,14382,137422172184,17177636347
demo,14383,137422172192,17177636348
demo,14384,137422170856,17177636181
demo,14385,137422171624,17177636277
demo,14386,137422172148,17177636342
demo,14387,137422171640,17177636279
demo,14388,137422172200,17177636349
demo,14389,137422172216,17177636351
demo,14390,137422172208,17177636350
demo,14391,137422171600,17177636274
demo,14392,137422171640,17177636279
demo,14393,137422172232,17177636353
demo,14394,137422172240,17177636354
demo,14395,137422172248,17177636355
demo,14396,137422170912,17177636188
demo,14397,137422171624,17177636277
demo,14398,137422172204,17177636349
demo,14399,137422171640,17177636279
demo,14400,137422172256,17177636356
demo,14401,137422172272,17177636358
demo,14402,137422172264,17177636357
demo,14403,137422171600,17177636274
demo,14404,137422171640,17177636279
demo,14405,137422172288,17177636360
demo,14406,137422172296,17177636361
demo,14407,137422172304,17177636362
demo,14408,137422170968,17177636195
demo,14409,137422171624,17177636277
demo,14410,137422172260,17177636356
demo,14411,137422171640,17177636279
demo,14412,137422172312,17177636363
demo,14413,137422172344,17177636367
demo,14414,137422172328,17177636365
demo,14415,75738662,9332156
demo,14416,137422172352,17177636368
demo,14417,137422172316,17177636363
demo,14418,137422172368,17177636370
demo,14419,137422172424,17177636377
demo,14420,137422172480,17177636384
demo,14421,137422172520,17177636389
demo,14422,137422172528,17177636390
demo,14423,137422172496,17177636386
demo,14424,137422172512,17177636388
demo,14425,75738660,9332156
demo,14426,137422172536,17177636391
demo,14427,137422172592,17177636398
demo,14428,137422172648,17177636405
demo,14429,137422172652,17177636405
demo,14430,137422172704,17177636412
demo,14431,137422172736,17177636416
demo,14432,137422172720,17177636414
demo,14433,137422171556,17177636268
demo,14434,137422171544,17177636267
demo,14435,137422171536,17177636266
demo,14436,137422171528,17177636265
demo,14437,137422171640,17177636279
demo,14438,75737824,9332052
demo,14439,137422171592,17177636273
demo,14440,137422171640,17177636279
demo,14441,137422170848,17177636180
demo,14442,137422170880,17177636184
demo,14443,137422171040,17177636204
demo,14444,137422170896,17177636186
demo,14445,137422171636,17177636278
demo,14446,137422170888,17177636185
demo,14447,67337317,8281988
demo,14448,137422170816,17177636176
demo,14449,137422170824,17177636177
demo,14450,137422170832,17177636178
demo,14451,137422170840,17177636179
demo,14452,137422171592,17177636273
demo,14453,137422171600,17177636274
demo,14454,137422171624,17177636277
demo,14455,137422171640,17177636279
demo,14456,75738544,9332142
demo,14457,137422170888,17177636185
demo,14458,137422172056,17177636331
demo,14459,137422172080,17177636334
demo,14460,137422170856,17177636181
demo,14461,137422170872,17177636183
demo,14462,137422170864,17177636182
demo,14463,137422171640,17177636279
demo,14464,137422170912,17177636188
demo,14465,137422170904,17177636187
demo,14466,75737808,9332050
demo,14467,137422170952,17177636193
demo,14468,137422170944,17177636192
demo,14469,137422171636,17177636278
demo,14470,137422170816,17177636176
demo,14471,137422170824,17177636177
demo,14472,137422170832,17177636178
demo,14473,137422170840,17177636179
demo,14474,75738544,9332142
demo,14475,137422170928,17177636190
demo,14476,137422170920,17177636189
demo,14477,137422171640,17177636279
demo,14478,137422170968,17177636195
demo,14479,137422170960,17177636194
demo,14480,75737808,9332050
demo,14481,137422171008,17177636200
demo,14482,137422171000,17177636199
demo,14483,137422171636,17177636278
demo,14484,137422170816,17177636176
demo,14485,137422170824,17177636177
demo,14486,137422170832,17177636178
demo,14487,137422170840,17177636179
demo,14488,75738544,9332142
demo,14489,137422170984,17177636197
demo,14490,137422170976,17177636196
demo,14491,137422171640,17177636279
demo,14492,137422171024,17177636202
demo,14493,137422171016,17177636201
demo,14494,75737808,9332050
demo,14495,137422171064,17177636207
demo,14496,137422171056,17177636206
demo,14497,137422171636,17177636278
demo,14498,137422170816,17177636176
demo,14499,137422170824,17177636177
demo,14500,137422170832,17177636178
demo,14501,137422170840,17177636179
demo,14502,75738544,9332142
demo,14503,137422171040,17177636204
demo,14504,137422171032,17177636203
demo,14505,75737808,9332050
demo,14506,67336888,8281935
demo,14507,137422171064,17177636207
demo,14508,137422170840,17177636179
demo,14509,137422171624,17177636277
demo,14510,137422171640,17177636279
demo,14511,75737824,9332052
demo,14512,137422171560,17177636269
demo,14513,75737808,9332050
demo,14514,78675376,9699246
demo,14515,78675392,9699248
demo,14516,78675408,9699250
demo,14517,78675424,9699252
demo,14518,78675440,9699254
demo,14519,78675456,9699256
demo,14520,78675472,9699258
demo,14521,78675488,9699260
demo,14522,78675504,9699262
demo,14523,78675520,9699264
demo,14524,78675536,9699266
demo,14525,78675552,9699268
demo,14526,78675568,9699270
demo,14527,78675584,9699272
demo,14528,78675600,9699274
demo,14529,78675616,9699276
demo,14530,78675632,9699278
demo,14531,78675648,9699280
demo,14532,78675664,9699282
demo,14533,78675680,9699284
demo,14534,78675696,9699286
demo,14535,78675712,9699288
demo,14536,78675728,9699290
demo,14537,78675744,9699292
demo,14538,78675760,9699294
demo,14539,78675776,9699296
demo,14540,78675792,9699298
demo,14541,78675808,9699300
demo,14542,75738662,9332156
demo,14543,75737904,9332062
demo,14544,75737896,9332061
demo,14545,75737912,9332063
demo,14546,75737920,9332064
demo,14547,75738160,9332094
demo,14548,75738056,9332081
demo,14549,75738328,9332115
demo,14550,75738536,9332141
demo,14551,75737928,9332065
demo,14552,75738032,9332078
demo,14553,78675672,9699283
demo,14554,78675640,9699279
demo,14555,75737928,9332065
demo,14556,75737944,9332067
demo,14557,78675704,9699287
demo,14558,75738160,9332094
demo,14559,75738112,9332088
demo,14560,75738240,9332104
demo,14561,75738860,9332181
demo,14562,75738104,9332087
demo,14563,75738544,9332142
demo,14564,75737808,9332050
demo,14565,67342448,8282630
demo,14566,137422171632,17177636278
demo,14567,75738928,9332190
demo,14568,75737808,9332050
demo,14569,75738560,9332144
demo,14570,137422171636,17177636278
demo,14571,78492328,9676365
demo,14572,78492272,9676358
demo,14573,78492216,9676351
demo,14574,78492160,9676344
demo,14575,78492208,9676350
demo,14576,78492200,9676349
demo,14577,75737808,9332050
demo,14578,78492176,9676346
demo,14579,78492384,9676372
demo,14580,78492392,9676373
demo,14581,78492396,9676373
demo,14582,78492388,9676372
demo,14583,78492400,9676374
demo,14584,78492404,9676374
demo,14585,78492408,9676375
demo,14586,75738666,9332157
demo,14587,137422171512,17177636263
demo,14588,75738544,9332142
demo,14589,78492104,9676337
demo,14590,78492048,9676330
demo,14591,75738666,9332157
demo,14592,78491992,9676323
demo,14593,75738666,9332157
demo,14594,78491936,9676316
demo,14595,78491880,9676309
demo,14596,78491824,9676302
demo,14597,78491768,9676295
demo,14598,78491712,9676288
demo,14599,137422171636,17177636278
demo,14600,137422171512,17177636263
demo,14601,137422171556,17177636268
demo,14602,75738552,9332143
demo,14603,75737808,9332050
demo,14604,67336864,8281932
demo,14605,75738536,9332141
demo,14606,78675528,9699265
demo,14607,75738662,9332156
demo,14608,78492576,9676396
demo,14609,78492584,9676397
demo,14610,78492580,9676396
demo,14611,78492588,9676397
demo,14612,137422171512,17177636263
demo,14613,137422171880,17177636309
demo,14614,75738000,9332074
demo,14615,75738860,9332181
demo,14616,137422171648,17177636280
demo,14617,137422171568,17177636270
demo,14618,67337600,8282024
demo,14619,137422171896,17177636311
demo,14620,137422171896,17177636311
demo,14621,67338272,8282108
demo,14622,75737984,9332072
demo,14623,78675416,9699251
demo,14624,75737912,9332063
demo,14625,78675544,9699267
demo,14626,75738662,9332156
demo,14627,78502664,9677657
demo,14628,67297195,8276973
demo,14629,78502672,9677658
demo,14630,67297203,8276974
demo,14631,67297198,8276973
demo,14632,78502667,9677657
demo,14633,137422171512,17177636263
demo,14634,75738944,9332192
demo,14635,75738660,9332156
demo,14636,67342456,8282631
demo,14637,67342452,8282630
demo,14638,137422171504,17177636262
demo,14639,137422171512,17177636263
demo,14640,137422171896,17177636311
demo,14641,67336752,8281918
demo,14642,137422171464,17177636257
demo,14643,67338240,8282104
demo,14644,67343096,8282711
demo,14645,67341000,8282449
demo,14646,75735064,9331707
demo,14647,75736472,9331883
demo,14648,67340928,8282440
demo,14649,137422171480,17177636259
demo,14650,137422171488,17177636260
demo,14651,137422171496,17177636261
demo,14652,137422171504,17177636262
demo,14653,67336744,8281917
demo,14654,137422171512,17177636263
demo,14655,137422171880,17177636309
demo,14656,137422171896,17177636311
demo,14657,67342640,8282654
demo,14658,137422171512,17177636263
demo,14659,67342656,8282656
demo,14660,75737856,9332056
demo,14661,67338240,8282104
demo,14662,67343926,8282814
demo,14663,137422171896,17177636311
demo,14664,67337808,8282050
demo,14665,137422171512,17177636263
demo,14666,137422171816,17177636301
demo,14667,137422171824,17177636302
demo,14668,137422171832,17177636303
demo,14669,137422171840,17177636304
demo,14670,137422171848,17177636305
demo,14671,137422171856,17177636306
demo,14672,137422171864,17177636307
demo,14673,137422172872,17177636433
demo,14674,137422172880,17177636434
demo,14675,137422172888,17177636435
demo,14676,137422172896,17177636436
demo,14677,137422172904,17177636437
demo,14678,137422172912,17177636438
demo,14679,137422172920,17177636439
demo,14680,137422172936,17177636441
demo,14681,137422172944,17177636442
demo,14682,137422172952,17177636443
demo,14683,67342896,8282686
demo,14684,137422172960,17177636444
demo,14685,137422172984,17177636447
demo,14686,137422173240,17177636479
demo,14687,137422173248,17177636480
demo,14688,137422173256,17177636481
demo,14689,137422173496,17177636511
demo,14690,137422173552,17177636518
demo,14691,75738660,9332156
demo,14692,137422173448,17177636505
demo,14693,75738660,9332156
demo,14694,137422173472,17177636508
demo,14695,1105168,2970
demo,14696,137422173480,17177636509
demo,14697,1105176,2971
demo,14698,1084041,329
demo,14699,1084050,330
demo,14700,137422173160,17177636469
demo,14701,137422173176,17177636471
demo,14702,137422173184,17177636472
demo,14703,137422173192,17177636473
demo,14704,137422173200,17177636474
demo,14705,137422173208,17177636475
demo,14706,137422173216,17177636476
demo,14707,137422173224,17177636477
demo,14708,67342896,8282686
demo,14709,67342616,8282651
demo,14710,67336816,8281926
demo,14711,67336816,8281926
demo,14712,137422172920,17177636439
demo,14713,67336816,8281926
demo,14714,137422172920,17177636439
demo,14715,137422172944,17177636442
demo,14716,137422172936,17177636441
demo,14717,137422173520,17177636514
demo,14718,137422173528,17177636515
demo,14719,137422173544,17177636517
demo,14720,137422173532,17177636515
demo,14721,67343924,8282814
demo,14722,67343120,8282714
demo,14723,67340800,8282424
demo,14724,67338240,8282104
demo,14725,67343925,8282814
demo,14726,67343926,8282814
demo,14727,67343080,8282709
demo,14728,67294576,8276646
demo,14729,67344560,8282894
demo,14730,1084032,328
demo,14731,67344568,8282895
demo,14732,1084041,329
demo,14733,137422171832,17177636303
demo,14734,67343128,8282715
demo,14735,67344544,8282892
demo,14736,67294576,8276646
demo,14737,67344560,8282894
demo,14738,1084032,328
demo,14739,67344568,8282895
demo,14740,1084041,329
demo,14741,137422171832,17177636303
demo,14742,67344552,8282893
demo,14743,137422171840,17177636304
demo,14744,137422171848,17177636305
demo,14745,137422171856,17177636306
demo,14746,137422171864,17177636307
demo,14747,67343925,8282814
demo,14748,67343248,8282730
demo,14749,67343096,8282711
demo,14750,67341829,8282552
demo,14751,67341830,8282552
demo,14752,67340984,8282447
demo,14753,1084041,329
demo,14754,1082136,91
demo,14755,1084049,330
demo,14756,1082144,92
demo,14757,1082136,91
demo,14758,1084041,329
demo,14759,137422171832,17177636303
demo,14760,67341032,8282453
demo,14761,67342976,8282696
demo,14762,1084041,329
demo,14763,1082136,91
demo,14764,1084049,330
demo,14765,1082144,92
demo,14766,1082136,91
demo,14767,1084041,329
demo,14768,137422171832,17177636303
demo,14769,67342984,8282697
demo,14770,67342912,8282688
demo,14771,1084041,329
demo,14772,67111873,8253808
demo,14773,1084049,330
demo,14774,67111881,8253809
demo,14775,67111874,8253808
demo,14776,1084042,329
demo,14777,137422171832,17177636303
demo,14778,67342920,8282689
demo,14779,137422171840,17177636304
demo,14780,137422171848,17177636305
demo,14781,137422171856,17177636306
demo,14782,137422171864,17177636307
demo,14783,67341829,8282552
demo,14784,67341152,8282468
demo,14785,67337824,8282052
demo,14786,67341080,8282459
demo,14787,67337872,8282058
demo,14788,67341830,8282552
demo,14789,1084041,329
demo,14790,67111873,8253808
demo,14791,1084049,330
demo,14792,67111881,8253809
demo,14793,67111874,8253808
demo,14794,1084042,329
demo,14795,137422171864,17177636307
demo,14796,67341000,8282449
demo,14797,75735893,9331810
demo,14798,75735894,9331810
demo,14799,75735048,9331705
demo,14800,1084041,329
demo,14801,67345184,8282972
demo,14802,1084049,330
demo,14803,67345192,8282973
demo,14804,67345184,8282972
demo,14805,1084041,329
demo,14806,137422171832,17177636303
demo,14807,75735096,9331711
demo,14808,75736256,9331856
demo,14809,1084041,329
demo,14810,75736280,9331859
demo,14811,1084049,330
demo,14812,75736288,9331860
demo,14813,75736280,9331859
demo,14814,1084041,329
demo,14815,137422171832,17177636303
demo,14816,75736264,9331857
demo,14817,137422171840,17177636304
demo,14818,137422171848,17177636305
demo,14819,137422171856,17177636306
demo,14820,137422171864,17177636307
demo,14821,75735893,9331810
demo,14822,75735216,9331726
demo,14823,75735064,9331707
demo,14824,75737301,9331986
demo,14825,75737302,9331986
demo,14826,75736456,9331881
demo,14827,1084041,329
demo,14828,75736400,9331874
demo,14829,1084049,330
demo,14830,75736408,9331875
demo,14831,75736400,9331874
demo,14832,1084041,329
demo,14833,137422171832,17177636303
demo,14834,75736504,9331887
demo,14835,75737664,9332032
demo,14836,1084041,329
demo,14837,75737688,9332035
demo,14838,1084049,330
demo,14839,75737696,9332036
demo,14840,75737691,9332035
demo,14841,1084044,329
demo,14842,137422171832,17177636303
demo,14843,75737672,9332033
demo,14844,137422171840,17177636304
demo,14845,137422171848,17177636305
demo,14846,137422171856,17177636306
demo,14847,137422171864,17177636307
demo,14848,75737301,9331986
demo,14849,75736624,9331902
demo,14850,78458312,9672113
demo,14851,75736552,9331893
demo,14852,78458440,9672129
demo,14853,75737302,9331986
demo,14854,1084041,329
demo,14855,76374167,9411594
demo,14856,1084049,330
demo,14857,76374175,9411595
demo,14858,76374170,9411595
demo,14859,1084044,329
demo,14860,137422171864,17177636307
demo,14861,75736472,9331883
demo,14862,75738661,9332156
demo,14863,75738662,9332156
demo,14864,75737816,9332051
demo,14865,1084041,329
demo,14866,75737760,9332044
demo,14867,1084049,330
demo,14868,75737768,9332045
demo,14869,75737760,9332044
demo,14870,1084041,329
demo,14871,137422171832,17177636303
demo,14872,75737864,9332057
demo,14873,75739024,9332202
demo,14874,1084041,329
demo,14875,75739048,9332205
demo,14876,1084049,330
demo,14877,75739056,9332206
demo,14878,75739051,9332205
demo,14879,1084044,329
demo,14880,137422171832,17177636303
demo,14881,75739032,9332203
demo,14882,137422171840,17177636304
demo,14883,137422171848,17177636305
demo,14884,137422171856,17177636306
demo,14885,137422171864,17177636307
demo,14886,75738661,9332156
demo,14887,75737984,9332072
demo,14888,78675416,9699251
demo,14889,75737912,9332063
demo,14890,78675544,9699267
demo,14891,75738662,9332156
demo,14892,1084041,329
demo,14893,78502664,9677657
demo,14894,1084049,330
demo,14895,78502672,9677658
demo,14896,78502667,9677657
demo,14897,1084044,329
demo,14898,137422171864,17177636307
demo,14899,75737832,9332053
demo,14900,137422171936,17177636316
demo,14901,137422171948,17177636317
demo,14902,67336864,8281932
demo,14903,67337808,8282050
demo,14904,1084041,329
demo,14905,1084050,330
demo,14906,137422171864,17177636307
demo,14907,1084041,329
demo,14908,137422171864,17177636307
demo,14909,67336864,8281932
demo,14910,67343368,8282745
demo,14911,67338240,8282104
demo,14912,67343944,8282817
demo,14913,67343864,8282807
demo,14914,137422171928,17177636315
demo,14915,137422171888,17177636310
demo,14916,137422171896,17177636311
demo,14917,137422171880,17177636309
demo,14918,67343924,8282814
demo,14919,137422171948,17177636317
demo,14920,67343944,8282817
demo,14921,67331088,8281210
demo,14922,137422171948,17177636317
demo,14923,137422171904,17177636312
demo,14924,67331088,8281210
demo,14925,67331056,8281206
demo,14926,67342720,8282664
demo,14927,137422171840,17177636304
demo,14928,137422171576,17177636271
demo,14929,67345072,8282958
demo,14930,67336864,8281932
demo,14931,67345136,8282966
demo,14932,67345128,8282965
demo,14933,137422171568,17177636270
demo,14934,67345163,8282969
demo,14935,67345156,8282968
demo,14936,137422171432,17177636253
demo,14937,137422171564,17177636269
demo,14938,137422171600,17177636274
demo,14939,67331064,8281207
demo,14940,67345144,8282967
demo,14941,67331064,8281207
demo,14942,67345148,8282967
demo,14943,67331064,8281207
demo,14944,67345152,8282968
demo,14945,137422171600,17177636274
demo,14946,67331072,8281208
demo,14947,67344648,8282905
demo,14948,67344640,8282904
demo,14949,137422171432,17177636253
demo,14950,137422171624,17177636277
demo,14951,137422171616,17177636276
demo,14952,1084043,329
demo,14953,1084041,329
demo,14954,137422171432,17177636253
demo,14955,67336864,8281932
demo,14956,137422171856,17177636306
demo,14957,137422171848,17177636305
demo,14958,137422171608,17177636275
demo,14959,67337808,8282050
demo,14960,137422171344,17177636242
demo,14961,137422171352,17177636243
demo,14962,137422171384,17177636247
demo,14963,137422171392,17177636248
demo,14964,137422171400,17177636249
demo,14965,137422171408,17177636250
demo,14966,137422171416,17177636251
demo,14967,137422171424,17177636252
demo,14968,137422171432,17177636253
demo,14969,67345152,8282968
demo,14970,67331064,8281207
demo,14971,137422171592,17177636273
demo,14972,67343008,8282700
demo,14973,137422171152,17177636218
demo,14974,137422171576,17177636271
demo,14975,67345080,8282959
demo,14976,137422171560,17177636269
demo,14977,137422171536,17177636266
demo,14978,137422171784,17177636297
demo,14979,137422171792,17177636298
demo,14980,137422171800,17177636299
demo,14981,137422171808,17177636300
demo,14982,137422171816,17177636301
demo,14983,137422171824,17177636302
demo,14984,137422171832,17177636303
demo,14985,67344080,8282834
demo,14986,137422171948,17177636317
demo,14987,67336904,8281937
demo,14988,67336864,8281932
demo,14989,67342800,8282674
demo,14990,67342784,8282672
demo,14991,67342792,8282673
demo,14992,67336872,8281933
demo,14993,75763732,9335290
demo,14994,67298373,8277120
demo,14995,67337541,8282016
demo,14996,67298381,8277121
demo,14997,67337549,8282017
demo,14998,67337548,8282017
demo,14999,67298380,8277121
demo,15000,137422171608,17177636275
demo,15001,67333768,8281545
demo,15002,67333808,8281550
demo,15003,67333824,8281552
demo,15004,137422171608,17177636275
demo,15005,137422171760,17177636294
demo,15006,67336960,8281944
demo,15007,137422171752,17177636293
demo,15008,75784644,9337904
demo,15009,137422171744,17177636292
demo,15010,1084041,329
demo,15011,75832330,9343865
demo,15012,1084042,329
demo,15013,75832331,9343865
demo,15014,1084043,329
demo,15015,75832332,9343865
demo,15016,1084044,329
demo,15017,75832333,9343865
demo,15018,137422171608,17177636275
demo,15019,137422171752,17177636293
demo,15020,75795108,9339212
demo,15021,137422171744,17177636292
demo,15022,1084041,329
demo,15023,75836318,9344363
demo,15024,1084042,329
demo,15025,75836319,9344363
demo,15026,1084043,329
demo,15027,75836320,9344364
demo,15028,1084044,329
demo,15029,75836321,9344364
demo,15030,1084045,329
demo,15031,75836322,9344364
demo,15032,137422171608,17177636275
demo,15033,137422171752,17177636293
demo,15034,75800340,9339866
demo,15035,137422171744,17177636292
demo,15036,1084041,329
demo,15037,75836673,9344408
demo,15038,1084042,329
demo,15039,75836674,9344408
demo,15040,1084043,329
demo,15041,75836675,9344408
demo,15042,1084044,329
demo,15043,75836676,9344408
demo,15044,137422171608,17177636275
demo,15045,137422171752,17177636293
demo,15046,75797724,9339539
demo,15047,137422171744,17177636292
demo,15048,1084041,329
demo,15049,75868214,9348350
demo,15050,1084042,329
demo,15051,75868215,9348350
demo,15052,1084043,329
demo,15053,75868216,9348351
demo,15054,1084044,329
demo,15055,75868217,9348351
demo,15056,137422171608,17177636275
demo,15057,137422171752,17177636293
demo,15058,75796404,9339374
demo,15059,137422171744,17177636292
demo,15060,1084041,329
demo,15061,75831649,9343780
demo,15062,1084042,329
demo,15063,75831650,9343780
demo,15064,1084043,329
demo,15065,75831651,9343780
demo,15066,1084044,329
demo,15067,75831652,9343780
demo,15068,137422171608,17177636275
demo,15069,137422171752,17177636293
demo,15070,75795756,9339293
demo,15071,137422171744,17177636292
demo,15072,1084041,329
demo,15073,75824999,9342948
demo,15074,1084042,329
demo,15075,75825000,9342949
demo,15076,1084043,329
demo,15077,75825001,9342949
demo,15078,1084044,329
demo,15079,75825002,9342949
demo,15080,137422171608,17177636275
demo,15081,137422171752,17177636293
demo,15082,75795420,9339251
demo,15083,137422171744,17177636292
demo,15084,1084041,329
demo,15085,75835786,9344297
demo,15086,1084042,329
demo,15087,75835787,9344297
demo,15088,1084043,329
demo,15089,75835788,9344297
demo,15090,1084044,329
demo,15091,75835789,9344297
demo,15092,1084045,329
demo,15093,75835790,9344297
demo,15094,137422171608,17177636275
demo,15095,137422171752,17177636293
demo,15096,75795588,9339272
demo,15097,137422171744,17177636292
demo,15098,1084041,329
demo,15099,75808190,9340847
demo,15100,1084042,329
demo,15101,75808191,9340847
demo,15102,1084043,329
demo,15103,75808192,9340848
demo,15104,1084044,329
demo,15105,75808193,9340848
demo,15106,1084045,329
demo,15107,75808194,9340848
demo,15108,137422171608,17177636275
demo,15109,137422171752,17177636293
demo,15110,75795660,9339281
demo,15111,137422171744,17177636292
demo,15112,1084041,329
demo,15113,75854836,9346678
demo,15114,1084042,329
demo,15115,75854837,9346678
demo,15116,1084043,329
demo,15117,75854838,9346678
demo,15118,1084044,329
demo,15119,75854839,9346678
demo,15120,137422171608,17177636275
demo,15121,137422171752,17177636293
demo,15122,75795612,9339275
demo,15123,137422171744,17177636292
demo,15124,1084041,329
demo,15125,75817105,9341962
demo,15126,1084042,329
demo,15127,75817106,9341962
demo,15128,1084043,329
demo,15129,75817107,9341962
demo,15130,1084044,329
demo,15131,75817108,9341962
demo,15132,1084045,329
demo,15133,75817109,9341962
demo,15134,1084046,329
demo,15135,75817110,9341962
demo,15136,1084047,329
demo,15137,75817111,9341962
demo,15138,1084048,330
demo,15139,75817112,9341963
demo,15140,1084049,330
demo,15141,75817113,9341963
demo,15142,1084050,330
demo,15143,75817114,9341963
demo,15144,137422171608,17177636275
demo,15145,137422171736,17177636291
demo,15146,137422171752,17177636293
demo,15147,137422171744,17177636292
demo,15148,75795588,9339272
demo,15149,1084041,329
demo,15150,75808190,9340847
demo,15151,1084042,329
demo,15152,75808191,9340847
demo,15153,1084043,329
demo,15154,75808192,9340848
demo,15155,1084044,329
demo,15156,75808193,9340848
demo,15157,1084045,329
demo,15158,75808194,9340848
demo,15159,137422171608,17177636275
demo,15160,137422171720,17177636289
demo,15161,137422171728,17177636290
demo,15162,137422171688,17177636285
demo,15163,137422171752,17177636293
demo,15164,137422171736,17177636291
demo,15165,137422171752,17177636293
demo,15166,75795608,9339275
demo,15167,75795616,9339276
demo,15168,75795624,9339277
demo,15169,137422171720,17177636289
demo,15170,137422171704,17177636287
demo,15171,137422171728,17177636290
demo,15172,67336864,8281932
demo,15173,137422171720,17177636289
demo,15174,75817083,9341959
demo,15175,75817088,9341960
demo,15176,75817104,9341962
demo,15177,75817120,9341964
demo,15178,137422171608,17177636275
demo,15179,137422171720,17177636289
demo,15180,75817083,9341959
demo,15181,75817099,9341961
demo,15182,137422171560,17177636269
demo,15183,137422171568,17177636270
demo,15184,137422171584,17177636272
demo,15185,137422171600,17177636274
demo,15186,137422171616,17177636276
demo,15187,137422171528,17177636265
demo,15188,67336720,8281914
demo,15189,67342736,8282666
demo,15190,67342744,8282667
demo,15191,137422171496,17177636261
demo,15192,137422171504,17177636262
demo,15193,137422171512,17177636263
demo,15194,137422171520,17177636264
demo,15195,137422171528,17177636265
demo,15196,137422171536,17177636266
demo,15197,137422171544,17177636267
demo,15198,137422171552,17177636268
demo,15199,137422171568,17177636270
demo,15200,137422171584,17177636272
demo,15201,137422171560,17177636269
demo,15202,137422171816,17177636301
demo,15203,137422171824,17177636302
demo,15204,137422171832,17177636303
demo,15205,137422171840,17177636304
demo,15206,137422171848,17177636305
demo,15207,137422171856,17177636306
demo,15208,137422171864,17177636307
demo,15209,67344125,8282839
demo,15210,67337808,8282050
demo,15211,137422171776,17177636296
demo,15212,137422171784,17177636297
demo,15213,137422171784,17177636297
demo,15214,137422171984,17177636322
demo,15215,137422171992,17177636323
demo,15216,137422171992,17177636323
demo,15217,137422172000,17177636324
demo,15218,137422172001,17177636324
demo,15219,137422172004,17177636324
demo,15220,137422172012,17177636325
demo,15221,137422172010,17177636325
demo,15222,137422172008,17177636325
demo,15223,137422172046,17177636329
demo,15224,137422172048,17177636330
demo,15225,137422172024,17177636327
demo,15226,137422170984,17177636197
demo,15227,137422171816,17177636301
demo,15228,137422171824,17177636302
demo,15229,137422171832,17177636303
demo,15230,137422171840,17177636304
demo,15231,137422171848,17177636305
demo,15232,137422171856,17177636306
demo,15233,137422171864,17177636307
demo,15234,137422171896,17177636311
demo,15235,67336864,8281932
demo,15236,137422171936,17177636316
demo,15237,137422171960,17177636319
demo,15238,67336768,8281920
demo,15239,137422171912,17177636313
demo,15240,137422171948,17177636317
demo,15241,137422171944,17177636317
demo,15242,137422171848,17177636305
demo,15243,137422171480,17177636259
demo,15244,137422171864,17177636307
demo,15245,137422171632,17177636278
demo,15246,137422171640,17177636279
demo,15247,137422171632,17177636278
demo,15248,67338240,8282104
demo,15249,67343926,8282814
demo,15250,67344064,8282832
demo,15251,67343096,8282711
demo,15252,67341830,8282552
demo,15253,67341968,8282570
demo,15254,67341000,8282449
demo,15255,75735894,9331810
demo,15256,75736032,9331828
demo,15257,75736040,9331829
demo,15258,75735064,9331707
demo,15259,75737302,9331986
demo,15260,75737440,9332004
demo,15261,75737448,9332005
demo,15262,75736472,9331883
demo,15263,75738662,9332156
demo,15264,75738800,9332174
demo,15265,75738808,9332175
demo,15266,75737832,9332053
demo,15267,137422171864,17177636307
demo,15268,137422171848,17177636305
demo,15269,67336864,8281932
demo,15270,137422171864,17177636307
demo,15271,137422171848,17177636305
demo,15272,137422171840,17177636304
demo,15273,137422171584,17177636272
demo,15274,137422171576,17177636271
demo,15275,67337808,8282050
demo,15276,1084041,329
demo,15277,137422171368,17177636245
demo,15278,67336736,8281916
demo,15279,67336720,8281914
demo,15280,67342736,8282666
demo,15281,67342744,8282667
demo,15282,137422171336,17177636241
demo,15283,137422171344,17177636242
demo,15284,137422171352,17177636243
demo,15285,137422171360,17177636244
demo,15286,137422171368,17177636245
demo,15287,137422171384,17177636247
demo,15288,137422171416,17177636251
demo,15289,137422171392,17177636248
demo,15290,1084043,329
demo,15291,1084041,329
demo,15292,137422171368,17177636245
demo,15293,137422171384,17177636247
demo,15294,137422171408,17177636250
demo,15295,75739120,9332214
demo,15296,137422171400,17177636249
demo,15297,75740004,9332324
demo,15298,137422171404,17177636249
demo,15299,67336865,8281932
demo,15300,67338240,8282104
demo,15301,67343864,8282807
demo,15302,75740080,9332334
demo,15303,137422171408,17177636250
demo,15304,75739120,9332214
demo,15305,75739072,9332208
demo,15306,75739088,9332210
demo,15307,75739104,9332212
demo,15308,75739120,9332214
demo,15309,75739136,9332216
demo,15310,75739152,9332218
demo,15311,75739168,9332220
demo,15312,75739184,9332222
demo,15313,75739136,9332216
demo,15314,75739152,9332218
demo,15315,75739168,9332220
demo,15316,75739184,9332222
demo,15317,137422171368,17177636245
demo,15318,67336720,8281914
demo,15319,67342736,8282666
demo,15320,67342744,8282667
demo,15321,137422171336,17177636241
demo,15322,137422171344,17177636242
demo,15323,137422171352,17177636243
demo,15324,137422171360,17177636244
demo,15325,137422171368,17177636245
demo,15326,137422171416,17177636251
demo,15327,137422171408,17177636250
demo,15328,75739120,9332214
demo,15329,75739136,9332216
demo,15330,137422171368,17177636245
demo,15331,75740447,9332379
demo,15332,75740446,9332379
demo,15333,75740445,9332379
demo,15334,75740444,9332379
demo,15335,75740443,9332379
demo,15336,75740442,9332379
demo,15337,75740441,9332379
demo,15338,75740440,9332379
demo,15339,75740439,9332378
demo,15340,75740438,9332378
demo,15341,75740437,9332378
demo,15342,137422171432,17177636253
demo,15343,137422171440,17177636254
demo,15344,137422171448,17177636255
demo,15345,137422171456,17177636256
demo,15346,137422171464,17177636257
demo,15347,137422171472,17177636258
demo,15348,137422171480,17177636259
demo,15349,137422172016,17177636326
demo,15350,137422172024,17177636327
demo,15351,137422172008,17177636325
demo,15352,137422172048,17177636330
demo,15353,137422171984,17177636322
demo,15354,137422171604,17177636274
demo,15355,137422170680,17177636159
demo,15356,75739904,9332312
demo,15357,137422171544,17177636267
demo,15358,67336888,8281935
demo,15359,137422171544,17177636267
demo,15360,137422170688,17177636160
demo,15361,137422170704,17177636162
demo,15362,137422170744,17177636167
demo,15363,137422170800,17177636174
demo,15364,137422170816,17177636176
demo,15365,137422170808,17177636175
demo,15366,137422171568,17177636270
demo,15367,137422171608,17177636275
demo,15368,137422170832,17177636178
demo,15369,137422170840,17177636179
demo,15370,137422170848,17177636180
demo,15371,137422170804,17177636174
demo,15372,137422171608,17177636275
demo,15373,137422170856,17177636181
demo,15374,137422170872,17177636183
demo,15375,137422170864,17177636182
demo,15376,137422171568,17177636270
demo,15377,137422171608,17177636275
demo,15378,137422170888,17177636185
demo,15379,137422170896,17177636186
demo,15380,137422170904,17177636187
demo,15381,137422169912,17177636063
demo,15382,137422171592,17177636273
demo,15383,137422170860,17177636181
demo,15384,137422171608,17177636275
demo,15385,137422170912,17177636188
demo,15386,137422170928,17177636190
demo,15387,137422170920,17177636189
demo,15388,137422171568,17177636270
demo,15389,137422171608,17177636275
demo,15390,137422170944,17177636192
demo,15391,137422170952,17177636193
demo,15392,137422170960,17177636194
demo,15393,137422169968,17177636070
demo,15394,137422171592,17177636273
demo,15395,137422170916,17177636188
demo,15396,137422171608,17177636275
demo,15397,137422170968,17177636195
demo,15398,137422170984,17177636197
demo,15399,137422170976,17177636196
demo,15400,137422171568,17177636270
demo,15401,137422171608,17177636275
demo,15402,137422171000,17177636199
demo,15403,137422171008,17177636200
demo,15404,137422171016,17177636201
demo,15405,137422170024,17177636077
demo,15406,137422171592,17177636273
demo,15407,137422170972,17177636195
demo,15408,137422171608,17177636275
demo,15409,137422171024,17177636202
demo,15410,137422171056,17177636206
demo,15411,137422171040,17177636204
demo,15412,75740006,9332324
demo,15413,137422171064,17177636207
demo,15414,137422171028,17177636202
demo,15415,137422171080,17177636209
demo,15416,137422171136,17177636216
demo,15417,137422171192,17177636223
demo,15418,137422171232,17177636228
demo,15419,137422171240,17177636229
demo,15420,137422171208,17177636225
demo,15421,137422171224,17177636227
demo,15422,75740004,9332324
demo,15423,137422171248,17177636230
demo,15424,137422171304,17177636237
demo,15425,137422171360,17177636244
demo,15426,137422171364,17177636244
demo,15427,137422171416,17177636251
demo,15428,137422171448,17177636255
demo,15429,137422171432,17177636253
demo,15430,137422171524,17177636264
demo,15431,137422171512,17177636263
demo,15432,137422171504,17177636262
demo,15433,137422171496,17177636261
demo,15434,137422171608,17177636275
demo,15435,75739168,9332220
demo,15436,137422171560,17177636269
demo,15437,137422171608,17177636275
demo,15438,137422169904,17177636062
demo,15439,137422169936,17177636066
demo,15440,137422170096,17177636086
demo,15441,137422169952,17177636068
demo,15442,137422171604,17177636274
demo,15443,137422169944,17177636067
demo,15444,67337317,8281988
demo,15445,137422169872,17177636058
demo,15446,137422169880,17177636059
demo,15447,137422169888,17177636060
demo,15448,137422169896,17177636061
demo,15449,137422171560,17177636269
demo,15450,137422171568,17177636270
demo,15451,137422171592,17177636273
demo,15452,137422171608,17177636275
demo,15453,75739888,9332310
demo,15454,137422169928,17177636065
demo,15455,137422169920,17177636064
demo,15456,137422171608,17177636275
demo,15457,137422169968,17177636070
demo,15458,137422169960,17177636069
demo,15459,75739152,9332218
demo,15460,137422170008,17177636075
demo,15461,137422170000,17177636074
demo,15462,137422171604,17177636274
demo,15463,137422169872,17177636058
demo,15464,137422169880,17177636059
demo,15465,137422169888,17177636060
demo,15466,137422169896,17177636061
demo,15467,75739888,9332310
demo,15468,137422169984,17177636072
demo,15469,137422169976,17177636071
demo,15470,137422171608,17177636275
demo,15471,137422170024,17177636077
demo,15472,137422170016,17177636076
demo,15473,75739152,9332218
demo,15474,137422170064,17177636082
demo,15475,137422170056,17177636081
demo,15476,137422171604,17177636274
demo,15477,137422169872,17177636058
demo,15478,137422169880,17177636059
demo,15479,137422169888,17177636060
demo,15480,137422169896,17177636061
demo,15481,75739888,9332310
demo,15482,137422170040,17177636079
demo,15483,137422170032,17177636078
demo,15484,137422171608,17177636275
demo,15485,137422170080,17177636084
demo,15486,137422170072,17177636083
demo,15487,75739152,9332218
demo,15488,137422170120,17177636089
demo,15489,137422170112,17177636088
demo,15490,137422171604,17177636274
demo,15491,137422169872,17177636058
demo,15492,137422169880,17177636059
demo,15493,137422169888,17177636060
demo,15494,137422169896,17177636061
demo,15495,75739888,9332310
demo,15496,137422170096,17177636086
demo,15497,137422170088,17177636085
demo,15498,75739152,9332218
demo,15499,67336888,8281935
demo,15500,137422170120,17177636089
demo,15501,137422169896,17177636061
demo,15502,137422171592,17177636273
demo,15503,137422170120,17177636089
demo,15504,137422169872,17177636058
demo,15505,137422169880,17177636059
demo,15506,137422169888,17177636060
demo,15507,137422169896,17177636061
demo,15508,137422171608,17177636275
demo,15509,75739168,9332220
demo,15510,137422171528,17177636265
demo,15511,75739152,9332218
demo,15512,80787776,9963296
demo,15513,80787792,9963298
demo,15514,80787808,9963300
demo,15515,80787824,9963302
demo,15516,80787840,9963304
demo,15517,80787856,9963306
demo,15518,80787872,9963308
demo,15519,80787888,9963310
demo,15520,80787904,9963312
demo,15521,80787920,9963314
demo,15522,80787936,9963316
demo,15523,80787952,9963318
demo,15524,80787968,9963320
demo,15525,80787984,9963322
demo,15526,80788000,9963324
demo,15527,80788016,9963326
demo,15528,80788032,9963328
demo,15529,80788048,9963330
demo,15530,80788064,9963332
demo,15531,80788080,9963334
demo,15532,80788096,9963336
demo,15533,80788112,9963338
demo,15534,80788128,9963340
demo,15535,80788144,9963342
demo,15536,80788160,9963344
demo,15537,80788176,9963346
demo,15538,80788192,9963348
demo,15539,80788208,9963350
demo,15540,80788224,9963352
demo,15541,80788240,9963354
demo,15542,80788256,9963356
demo,15543,75740006,9332324
demo,15544,75739248,9332230
demo,15545,75739240,9332229
demo,15546,75739256,9332231
demo,15547,75739264,9332232
demo,15548,75739504,9332262
demo,15549,75739400,9332249
demo,15550,75739672,9332283
demo,15551,75739880,9332309
demo,15552,75739272,9332233
demo,15553,75739376,9332246
demo,15554,80788056,9963331
demo,15555,80788024,9963327
demo,15556,75739272,9332233
demo,15557,75739288,9332235
demo,15558,80788088,9963335
demo,15559,75739504,9332262
demo,15560,75739512,9332263
demo,15561,80788248,9963355
demo,15562,75739456,9332256
demo,15563,80788136,9963341
demo,15564,75739584,9332272
demo,15565,80788152,9963343
demo,15566,67336864,8281932
demo,15567,75739584,9332272
demo,15568,75739448,9332255
demo,15569,75739888,9332310
demo,15570,75739152,9332218
demo,15571,67342448,8282630
demo,15572,137422171600,17177636274
demo,15573,75740272,9332358
demo,15574,75739152,9332218
demo,15575,75739904,9332312
demo,15576,137422171604,17177636274
demo,15577,78680856,9699931
demo,15578,78680800,9699924
demo,15579,78680744,9699917
demo,15580,78680688,9699910
demo,15581,78680736,9699916
demo,15582,78680728,9699915
demo,15583,75739152,9332218
demo,15584,78680704,9699912
demo,15585,78680912,9699938
demo,15586,78680920,9699939
demo,15587,78680924,9699939
demo,15588,78680916,9699938
demo,15589,78680928,9699940
demo,15590,78680932,9699940
demo,15591,78680936,9699941
demo,15592,75740010,9332325
demo,15593,78680944,9699942
demo,15594,78680948,9699942
demo,15595,78680952,9699943
demo,15596,75740010,9332325
demo,15597,137422170680,17177636159
demo,15598,75739888,9332310
demo,15599,78680632,9699903
demo,15600,78680576,9699896
demo,15601,75740010,9332325
demo,15602,78680520,9699889
demo,15603,75740010,9332325
demo,15604,78680464,9699882
demo,15605,78680408,9699875
demo,15606,78680352,9699868
demo,15607,78680296,9699861
demo,15608,78680240,9699854
demo,15609,78680184,9699847
demo,15610,78680128,9699840
demo,15611,137422171604,17177636274
demo,15612,137422170680,17177636159
demo,15613,137422171524,17177636264
demo,15614,75739896,9332311
demo,15615,75739152,9332218
demo,15616,67336864,8281932
demo,15617,75739880,9332309
demo,15618,80787864,9963307
demo,15619,75740006,9332324
demo,15620,78697736,9702041
demo,15621,78697744,9702042
demo,15622,78697740,9702041
demo,15623,78697748,9702042
demo,15624,137422170680,17177636159
demo,15625,137422171848,17177636305
demo,15626,75739344,9332242
demo,15627,75740204,9332349
demo,15628,137422171616,17177636276
demo,15629,137422171536,17177636266
demo,15630,67337600,8282024
demo,15631,137422171864,17177636307
demo,15632,137422171864,17177636307
demo,15633,67338272,8282108
demo,15634,75739328,9332240
demo,15635,80787800,9963299
demo,15636,75739256,9332231
demo,15637,80787880,9963309
demo,15638,75740006,9332324
demo,15639,78828646,9718404
demo,15640,67297195,8276973
demo,15641,78828654,9718405
demo,15642,67297203,8276974
demo,15643,67297204,8276974
demo,15644,78828655,9718405
demo,15645,137422170680,17177636159
demo,15646,137422171864,17177636307
demo,15647,75740288,9332360
demo,15648,75740004,9332324
demo,15649,67342456,8282631
demo,15650,67342452,8282630
demo,15651,137422170672,17177636158
demo,15652,137422170680,17177636159
demo,15653,137422171864,17177636307
demo,15654,67336752,8281918
demo,15655,137422170632,17177636153
demo,15656,67338240,8282104
demo,15657,67343096,8282711
demo,15658,67341000,8282449
demo,15659,75735064,9331707
demo,15660,75736472,9331883
demo,15661,75737832,9332053
demo,15662,67340928,8282440
demo,15663,137422170648,17177636155
demo,15664,137422170656,17177636156
demo,15665,137422170664,17177636157
demo,15666,137422170672,17177636158
demo,15667,67336744,8281917
demo,15668,137422170680,17177636159
demo,15669,137422171848,17177636305
demo,15670,137422171864,17177636307
demo,15671,67342640,8282654
demo,15672,137422170680,17177636159
demo,15673,67342656,8282656
demo,15674,75739200,9332224
demo,15675,67338240,8282104
demo,15676,67343926,8282814
demo,15677,137422171864,17177636307
demo,15678,67337808,8282050
demo,15679,137422170680,17177636159
demo,15680,137422171784,17177636297
demo,15681,137422171792,17177636298
demo,15682,137422171800,17177636299
demo,15683,137422171808,17177636300
demo,15684,137422171816,17177636301
demo,15685,137422171824,17177636302
demo,15686,137422171832,17177636303
demo,15687,137422172840,17177636429
demo,15688,137422172848,17177636430
demo,15689,137422172856,17177636431
demo,15690,137422172864,17177636432
demo,15691,137422172872,17177636433
demo,15692,137422172880,17177636434
demo,15693,137422172888,17177636435
demo,15694,137422172904,17177636437
demo,15695,137422172912,17177636438
demo,15696,137422172920,17177636439
demo,15697,67342896,8282686
demo,15698,137422172928,17177636440
demo,15699,137422172952,17177636443
demo,15700,137422173208,17177636475
demo,15701,137422173216,17177636476
demo,15702,137422173224,17177636477
demo,15703,137422173496,17177636511
demo,15704,137422173552,17177636518
demo,15705,75740004,9332324
demo,15706,137422173448,17177636505
demo,15707,75740004,9332324
demo,15708,137422173472,17177636508
demo,15709,1105184,2972
demo,15710,1105200,2974
demo,15711,1105216,2976
demo,15712,1105232,2978
demo,15713,1105248,2980
demo,15714,1105264,2982
demo,15715,1105280,2984
demo,15716,1105296,2986
demo,15717,1105312,2988
demo,15718,1105328,2990
demo,15719,1105344,2992
demo,15720,1105360,2994
demo,15721,1105376,2996
demo,15722,1105392,2998
demo,15723,1105408,3000
demo,15724,1105424,3002
demo,15725,1105440,3004
demo,15726,1105456,3006
demo,15727,1105472,3008
demo,15728,1105488,3010
demo,15729,1105504,3012
demo,15730,1105520,3014
demo,15731,1105536,3016
demo,15732,1105552,3018
demo,15733,1105568,3020
demo,15734,1105584,3022
demo,15735,137422173472,17177636508
demo,15736,137422173384,17177636497
demo,15737,137422173296,17177636486
demo,15738,137422173312,17177636488
demo,15739,137422173320,17177636489
demo,15740,137422173328,17177636490
demo,15741,75735800,9331799
demo,15742,75736064,9331832
demo,15743,137422173424,17177636502
demo,15744,75735794,9331798
demo,15745,137422173576,17177636521
demo,15746,137422173160,17177636469
demo,15747,137422173168,17177636470
demo,15748,137422173176,17177636471
demo,15749,137422173184,17177636472
demo,15750,137422173192,17177636473
demo,15751,137422173480,17177636509
demo,15752,137422173568,17177636520
demo,15753,75735112,9331713
demo,15754,75735584,9331772
demo,15755,75735568,9331770
demo,15756,67336720,8281914
demo,15757,67342736,8282666
demo,15758,67342744,8282667
demo,15759,137422173160,17177636469
demo,15760,137422173168,17177636470
demo,15761,137422173176,17177636471
demo,15762,137422173184,17177636472
demo,15763,137422173192,17177636473
demo,15764,137422173480,17177636509
demo,15765,137422173472,17177636508
demo,15766,137422173584,17177636522
demo,15767,137422173584,17177636522
demo,15768,137422173192,17177636473
demo,15769,75740448,9332380
demo,15770,75740448,9332380
demo,15771,137422173192,17177636473
demo,15772,137422173480,17177636509
demo,15773,137422173320,17177636489
demo,15774,137422173336,17177636491
demo,15775,137422173264,17177636482
demo,15776,137422173272,17177636483
demo,15777,75737208,9331975
demo,15778,75737472,9332008
demo,15779,137422173424,17177636502
demo,15780,75737202,9331974
demo,15781,137422173576,17177636521
demo,15782,137422173160,17177636469
demo,15783,137422173168,17177636470
demo,15784,137422173176,17177636471
demo,15785,137422173184,17177636472
demo,15786,137422173192,17177636473
demo,15787,137422173480,17177636509
demo,15788,137422173568,17177636520
demo,15789,75736520,9331889
demo,15790,75736552,9331893
demo,15791,78458440,9672129
demo,15792,75737302,9331986
demo,15793,137422173432,17177636503
demo,15794,75736464,9331882
demo,15795,137422173440,17177636504
demo,15796,78458240,9672104
demo,15797,137422173480,17177636509
demo,15798,78458248,9672105
demo,15799,76374112,9411588
demo,15800,76374121,9411589
demo,15801,137422173128,17177636465
demo,15802,137422173144,17177636467
demo,15803,137422173152,17177636468
demo,15804,137422173160,17177636469
demo,15805,137422173168,17177636470
demo,15806,137422173176,17177636471
demo,15807,137422173184,17177636472
demo,15808,137422173192,17177636473
demo,15809,67342896,8282686
demo,15810,67342616,8282651
demo,15811,67336816,8281926
demo,15812,67336816,8281926
demo,15813,137422172888,17177636435
demo,15814,67336816,8281926
demo,15815,137422172888,17177636435
demo,15816,137422172912,17177636438
demo,15817,137422172904,17177636437
demo,15818,137422173520,17177636514
demo,15819,137422173528,17177636515
demo,15820,137422173544,17177636517
demo,15821,137422173532,17177636515
demo,15822,75737300,9331986
demo,15823,75736496,9331886
demo,15824,67340800,8282424
demo,15825,67338240,8282104
demo,15826,67343925,8282814
demo,15827,67343926,8282814
demo,15828,67343080,8282709
demo,15829,67294548,8276642
demo,15830,76374112,9411588
demo,15831,67344560,8282894
demo,15832,67344568,8282895
demo,15833,76374112,9411588
demo,15834,137422171800,17177636299
demo,15835,67343128,8282715
demo,15836,67344544,8282892
demo,15837,67294548,8276642
demo,15838,76374112,9411588
demo,15839,67344560,8282894
demo,15840,67344568,8282895
demo,15841,76374112,9411588
demo,15842,137422171800,17177636299
demo,15843,67344552,8282893
demo,15844,137422171808,17177636300
demo,15845,137422171816,17177636301
demo,15846,137422171824,17177636302
demo,15847,137422171832,17177636303
demo,15848,67343925,8282814
demo,15849,67343248,8282730
demo,15850,67343096,8282711
demo,15851,67341829,8282552
demo,15852,67341830,8282552
demo,15853,67340984,8282447
demo,15854,76374112,9411588
demo,15855,1082136,91
demo,15856,76374120,9411589
demo,15857,1082144,92
demo,15858,1082136,91
demo,15859,76374112,9411588
demo,15860,137422171800,17177636299
demo,15861,67341032,8282453
demo,15862,67342976,8282696
demo,15863,76374112,9411588
demo,15864,1082136,91
demo,15865,76374120,9411589
demo,15866,1082144,92
demo,15867,1082136,91
demo,15868,76374112,9411588
demo,15869,137422171800,17177636299
demo,15870,67342984,8282697
demo,15871,67342912,8282688
demo,15872,76374112,9411588
demo,15873,67111873,8253808
demo,15874,76374120,9411589
demo,15875,67111881,8253809
demo,15876,67111874,8253808
demo,15877,76374113,9411588
demo,15878,137422171800,17177636299
demo,15879,67342920,8282689
demo,15880,137422171808,17177636300
demo,15881,137422171816,17177636301
demo,15882,137422171824,17177636302
demo,15883,137422171832,17177636303
demo,15884,67341829,8282552
demo,15885,67341152,8282468
demo,15886,67337824,8282052
demo,15887,67341080,8282459
demo,15888,67337872,8282058
demo,15889,67341830,8282552
demo,15890,76374112,9411588
demo,15891,67111873,8253808
demo,15892,76374120,9411589
demo,15893,67111881,8253809
demo,15894,67111874,8253808
demo,15895,76374113,9411588
demo,15896,137422171832,17177636303
demo,15897,67341000,8282449
demo,15898,75735893,9331810
demo,15899,75735894,9331810
demo,15900,75735048,9331705
demo,15901,76374112,9411588
demo,15902,67345184,8282972
demo,15903,76374120,9411589
demo,15904,67345192,8282973
demo,15905,67345184,8282972
demo,15906,76374112,9411588
demo,15907,137422171800,17177636299
demo,15908,75735096,9331711
demo,15909,75736256,9331856
demo,15910,76374112,9411588
demo,15911,75736280,9331859
demo,15912,76374120,9411589
demo,15913,75736288,9331860
demo,15914,75736280,9331859
demo,15915,76374112,9411588
demo,15916,137422171800,17177636299
demo,15917,75736264,9331857
demo,15918,137422171808,17177636300
demo,15919,137422171816,17177636301
demo,15920,137422171824,17177636302
demo,15921,137422171832,17177636303
demo,15922,75735893,9331810
demo,15923,75735216,9331726
demo,15924,75735064,9331707
demo,15925,75737301,9331986
demo,15926,75737302,9331986
demo,15927,75736456,9331881
demo,15928,76374112,9411588
demo,15929,75736400,9331874
demo,15930,76374120,9411589
demo,15931,75736408,9331875
demo,15932,75736400,9331874
demo,15933,76374112,9411588
demo,15934,137422171800,17177636299
demo,15935,75736504,9331887
demo,15936,75737664,9332032
demo,15937,76374112,9411588
demo,15938,75737688,9332035
demo,15939,76374120,9411589
demo,15940,75737696,9332036
demo,15941,75737691,9332035
demo,15942,76374115,9411588
demo,15943,137422171800,17177636299
demo,15944,75737672,9332033
demo,15945,137422171808,17177636300
demo,15946,137422171816,17177636301
demo,15947,137422171824,17177636302
demo,15948,137422171832,17177636303
demo,15949,75737301,9331986
demo,15950,75736624,9331902
demo,15951,78458312,9672113
demo,15952,75736552,9331893
demo,15953,78458440,9672129
demo,15954,75737302,9331986
demo,15955,76374112,9411588
demo,15956,76374167,9411594
demo,15957,76374120,9411589
demo,15958,76374175,9411595
demo,15959,76374170,9411595
demo,15960,76374115,9411588
demo,15961,137422171832,17177636303
demo,15962,75736472,9331883
demo,15963,75738661,9332156
demo,15964,75738662,9332156
demo,15965,75737816,9332051
demo,15966,76374112,9411588
demo,15967,75737760,9332044
demo,15968,76374120,9411589
demo,15969,75737768,9332045
demo,15970,75737760,9332044
demo,15971,76374112,9411588
demo,15972,137422171800,17177636299
demo,15973,75737864,9332057
demo,15974,75739024,9332202
demo,15975,76374112,9411588
demo,15976,75739048,9332205
demo,15977,76374120,9411589
demo,15978,75739056,9332206
demo,15979,75739051,9332205
demo,15980,76374115,9411588
demo,15981,137422171800,17177636299
demo,15982,75739032,9332203
demo,15983,137422171808,17177636300
demo,15984,137422171816,17177636301
demo,15985,137422171824,17177636302
demo,15986,137422171832,17177636303
demo,15987,75738661,9332156
demo,15988,75737984,9332072
demo,15989,78675416,9699251
demo,15990,75737912,9332063
demo,15991,78675544,9699267
demo,15992,75738662,9332156
demo,15993,76374112,9411588
demo,15994,78502664,9677657
demo,15995,76374120,9411589
demo,15996,78502672,9677658
demo,15997,78502667,9677657
demo,15998,76374115,9411588
demo,15999,137422171832,17177636303
demo,16000,75737832,9332053
demo,16001,75740005,9332324
demo,16002,75740006,9332324
demo,16003,75739160,9332219
demo,16004,76374112,9411588
demo,16005,75739120,9332214
demo,16006,76374120,9411589
demo,16007,75739128,9332215
demo,16008,75739120,9332214
demo,16009,76374112,9411588
demo,16010,137422171800,17177636299
demo,16011,75739208,9332225
demo,16012,75740368,9332370
demo,16013,76374112,9411588
demo,16014,75740392,9332373
demo,16015,76374120,9411589
demo,16016,75740400,9332374
demo,16017,75740395,9332373
demo,16018,76374115,9411588
demo,16019,137422171800,17177636299
demo,16020,75740376,9332371
demo,16021,137422171808,17177636300
demo,16022,137422171816,17177636301
demo,16023,137422171824,17177636302
demo,16024,137422171832,17177636303
demo,16025,75740005,9332324
demo,16026,75739328,9332240
demo,16027,80787800,9963299
demo,16028,75739256,9332231
demo,16029,80787880,9963309
demo,16030,75740006,9332324
demo,16031,76374112,9411588
demo,16032,78828646,9718404
demo,16033,76374120,9411589
demo,16034,78828654,9718405
demo,16035,78828649,9718405
demo,16036,76374115,9411588
demo,16037,137422171832,17177636303
demo,16038,75739176,9332221
demo,16039,137422171904,17177636312
demo,16040,137422171916,17177636313
demo,16041,67336864,8281932
demo,16042,67337808,8282050
demo,16043,76374112,9411588
demo,16044,76374121,9411589
demo,16045,137422171832,17177636303
demo,16046,76374112,9411588
demo,16047,137422171832,17177636303
demo,16048,67336864,8281932
demo,16049,75736744,9331917
demo,16050,67338240,8282104
demo,16051,75737320,9331989
demo,16052,75736632,9331903
demo,16053,75737240,9331979
demo,16054,67343944,8282817
demo,16055,67343864,8282807
demo,16056,137422171896,17177636311
demo,16057,137422171856,17177636306
demo,16058,137422171864,17177636307
demo,16059,137422171848,17177636305
demo,16060,67343924,8282814
demo,16061,137422171916,17177636313
demo,16062,67343944,8282817
demo,16063,67331088,8281210
demo,16064,137422171916,17177636313
demo,16065,137422171872,17177636308
demo,16066,67331088,8281210
demo,16067,67331056,8281206
demo,16068,67342720,8282664
demo,16069,137422171808,17177636300
demo,16070,137422171544,17177636267
demo,16071,67345072,8282958
demo,16072,67336864,8281932
demo,16073,67345136,8282966
demo,16074,67345128,8282965
demo,16075,137422171536,17177636266
demo,16076,67345163,8282969
demo,16077,67345156,8282968
demo,16078,137422171400,17177636249
demo,16079,137422171532,17177636265
demo,16080,137422171568,17177636270
demo,16081,67331064,8281207
demo,16082,67345144,8282967
demo,16083,67331064,8281207
demo,16084,67345148,8282967
demo,16085,67331064,8281207
demo,16086,67345152,8282968
demo,16087,137422171568,17177636270
demo,16088,67331072,8281208
demo,16089,67344648,8282905
demo,16090,67344640,8282904
demo,16091,137422171400,17177636249
demo,16092,137422171592,17177636273
demo,16093,137422171584,17177636272
demo,16094,76374114,9411588
demo,16095,76374112,9411588
demo,16096,137422171400,17177636249
demo,16097,67336864,8281932
demo,16098,137422171824,17177636302
demo,16099,137422171816,17177636301
demo,16100,137422171576,17177636271
demo,16101,67337808,8282050
demo,16102,137422171312,17177636238
demo,16103,137422171320,17177636239
demo,16104,137422171352,17177636243
demo,16105,137422171360,17177636244
demo,16106,137422171368,17177636245
demo,16107,137422171376,17177636246
demo,16108,137422171384,17177636247
demo,16109,137422171392,17177636248
demo,16110,137422171400,17177636249
demo,16111,67345152,8282968
demo,16112,67331064,8281207
demo,16113,137422171560,17177636269
demo,16114,67343008,8282700
demo,16115,137422171120,17177636214
demo,16116,137422171544,17177636267
demo,16117,67345080,8282959
demo,16118,137422171528,17177636265
demo,16119,137422171504,17177636262
demo,16120,137422171752,17177636293
demo,16121,137422171760,17177636294
demo,16122,137422171768,17177636295
demo,16123,137422171776,17177636296
demo,16124,137422171784,17177636297
demo,16125,137422171792,17177636298
demo,16126,137422171800,17177636299
demo,16127,75737456,9332006
demo,16128,75736744,9331917
demo,16129,137422171916,17177636313
demo,16130,67336904,8281937
demo,16131,67336864,8281932
demo,16132,67342800,8282674
demo,16133,67342784,8282672
demo,16134,67342792,8282673
demo,16135,67336872,8281933
demo,16136,75763732,9335290
demo,16137,67298373,8277120
demo,16138,67337541,8282016
demo,16139,67298381,8277121
demo,16140,67337549,8282017
demo,16141,67337548,8282017
demo,16142,67298380,8277121
demo,16143,137422171576,17177636271
demo,16144,67333768,8281545
demo,16145,67333808,8281550
demo,16146,67333824,8281552
demo,16147,137422171576,17177636271
demo,16148,137422171728,17177636290
demo,16149,67336960,8281944
demo,16150,137422171720,17177636289
demo,16151,75784644,9337904
demo,16152,137422171712,17177636288
demo,16153,76374112,9411588
demo,16154,75832330,9343865
demo,16155,76374113,9411588
demo,16156,75832331,9343865
demo,16157,76374114,9411588
demo,16158,75832332,9343865
demo,16159,76374115,9411588
demo,16160,75832333,9343865
demo,16161,137422171576,17177636271
demo,16162,137422171720,17177636289
demo,16163,75774180,9336596
demo,16164,137422171712,17177636288
demo,16165,76374112,9411588
demo,16166,75834133,9344090
demo,16167,76374113,9411588
demo,16168,75834134,9344090
demo,16169,76374114,9411588
demo,16170,75834135,9344090
demo,16171,76374115,9411588
demo,16172,75834136,9344091
demo,16173,137422171576,17177636271
demo,16174,137422171720,17177636289
demo,16175,75779412,9337250
demo,16176,137422171712,17177636288
demo,16177,76374112,9411588
demo,16178,75862117,9347588
demo,16179,76374113,9411588
demo,16180,75862118,9347588
demo,16181,76374114,9411588
demo,16182,75862119,9347588
demo,16183,76374115,9411588
demo,16184,75862120,9347589
demo,16185,137422171576,17177636271
demo,16186,137422171720,17177636289
demo,16187,75782028,9337577
demo,16188,137422171712,17177636288
demo,16189,76374112,9411588
demo,16190,75875370,9349245
demo,16191,76374113,9411588
demo,16192,75875371,9349245
demo,16193,76374114,9411588
demo,16194,75875372,9349245
demo,16195,76374115,9411588
demo,16196,75875373,9349245
demo,16197,137422171576,17177636271
demo,16198,137422171720,17177636289
demo,16199,75780708,9337412
demo,16200,137422171712,17177636288
demo,16201,76374112,9411588
demo,16202,75835126,9344214
demo,16203,76374113,9411588
demo,16204,75835127,9344214
demo,16205,76374114,9411588
demo,16206,75835128,9344215
demo,16207,76374115,9411588
demo,16208,75835129,9344215
demo,16209,76374116,9411588
demo,16210,75835130,9344215
demo,16211,137422171576,17177636271
demo,16212,137422171720,17177636289
demo,16213,75781356,9337493
demo,16214,137422171712,17177636288
demo,16215,76374112,9411588
demo,16216,75808422,9340876
demo,16217,76374113,9411588
demo,16218,75808423,9340876
demo,16219,76374114,9411588
demo,16220,75808424,9340877
demo,16221,76374115,9411588
demo,16222,75808425,9340877
demo,16223,76374116,9411588
demo,16224,75808426,9340877
demo,16225,137422171576,17177636271
demo,16226,137422171720,17177636289
demo,16227,75781692,9337535
demo,16228,137422171712,17177636288
demo,16229,76374112,9411588
demo,16230,75869837,9348553
demo,16231,76374113,9411588
demo,16232,75869838,9348553
demo,16233,76374114,9411588
demo,16234,75869839,9348553
demo,16235,76374115,9411588
demo,16236,75869840,9348554
demo,16237,76374116,9411588
demo,16238,75869841,9348554
demo,16239,137422171576,17177636271
demo,16240,137422171720,17177636289
demo,16241,75781860,9337556
demo,16242,137422171712,17177636288
demo,16243,76374112,9411588
demo,16244,75853846,9346554
demo,16245,76374113,9411588
demo,16246,75853847,9346554
demo,16247,76374114,9411588
demo,16248,75853848,9346555
demo,16249,76374115,9411588
demo,16250,75853849,9346555
demo,16251,137422171576,17177636271
demo,16252,137422171720,17177636289
demo,16253,75781764,9337544
demo,16254,137422171712,17177636288
demo,16255,76374112,9411588
demo,16256,75865597,9348023
demo,16257,76374113,9411588
demo,16258,75865598,9348023
demo,16259,76374114,9411588
demo,16260,75865599,9348023
demo,16261,76374115,9411588
demo,16262,75865600,9348024
demo,16263,76374116,9411588
demo,16264,75865601,9348024
demo,16265,137422171576,17177636271
demo,16266,137422171720,17177636289
demo,16267,75781812,9337550
demo,16268,137422171712,17177636288
demo,16269,76374112,9411588
demo,16270,75815933,9341815
demo,16271,76374113,9411588
demo,16272,75815934,9341815
demo,16273,76374114,9411588
demo,16274,75815935,9341815
demo,16275,76374115,9411588
demo,16276,75815936,9341816
demo,16277,76374116,9411588
demo,16278,75815937,9341816
demo,16279,76374117,9411588
demo,16280,75815938,9341816
demo,16281,76374118,9411588
demo,16282,75815939,9341816
demo,16283,76374119,9411588
demo,16284,75815940,9341816
demo,16285,76374120,9411589
demo,16286,75815941,9341816
demo,16287,76374121,9411589
demo,16288,75815942,9341816
demo,16289,137422171576,17177636271
demo,16290,137422171704,17177636287
demo,16291,137422171720,17177636289
demo,16292,137422171712,17177636288
demo,16293,75781788,9337547
demo,16294,76374112,9411588
demo,16295,75815933,9341815
demo,16296,76374113,9411588
demo,16297,75815934,9341815
demo,16298,76374114,9411588
demo,16299,75815935,9341815
demo,16300,76374115,9411588
demo,16301,75815936,9341816
demo,16302,76374116,9411588
demo,16303,75815937,9341816
demo,16304,76374117,9411588
demo,16305,75815938,9341816
demo,16306,76374118,9411588
demo,16307,75815939,9341816
demo,16308,76374119,9411588
demo,16309,75815940,9341816
demo,16310,76374120,9411589
demo,16311,75815941,9341816
demo,16312,76374121,9411589
demo,16313,75815942,9341816
demo,16314,137422171576,17177636271
demo,16315,75781764,9337544
demo,16316,76374112,9411588
demo,16317,75865597,9348023
demo,16318,76374113,9411588
demo,16319,75865598,9348023
demo,16320,76374114,9411588
demo,16321,75865599,9348023
demo,16322,76374115,9411588
demo,16323,75865600,9348024
demo,16324,76374116,9411588
demo,16325,75865601,9348024
demo,16326,137422171576,17177636271
demo,16327,137422171688,17177636285
demo,16328,137422171696,17177636286
demo,16329,137422171656,17177636281
demo,16330,137422171720,17177636289
demo,16331,137422171704,17177636287
demo,16332,137422171720,17177636289
demo,16333,75781784,9337547
demo,16334,75781792,9337548
demo,16335,75781800,9337549
demo,16336,137422171688,17177636285
demo,16337,137422171672,17177636283
demo,16338,137422171696,17177636286
demo,16339,67336864,8281932
demo,16340,137422171688,17177636285
demo,16341,75815911,9341812
demo,16342,75815920,9341814
demo,16343,75815936,9341816
demo,16344,75815952,9341818
demo,16345,137422171576,17177636271
demo,16346,137422171688,17177636285
demo,16347,75815911,9341812
demo,16348,75815927,9341814
demo,16349,137422171528,17177636265
demo,16350,137422171536,17177636266
demo,16351,137422171552,17177636268
demo,16352,137422171568,17177636270
demo,16353,137422171584,17177636272
demo,16354,137422171496,17177636261
demo,16355,67336720,8281914
demo,16356,67342736,8282666
demo,16357,67342744,8282667
demo,16358,137422171464,17177636257
demo,16359,137422171472,17177636258
demo,16360,137422171480,17177636259
demo,16361,137422171488,17177636260
demo,16362,137422171496,17177636261
demo,16363,137422171504,17177636262
demo,16364,137422171512,17177636263
demo,16365,137422171520,17177636264
demo,16366,137422171536,17177636266
demo,16367,137422171552,17177636268
demo,16368,137422171528,17177636265
demo,16369,137422171784,17177636297
demo,16370,137422171792,17177636298
demo,16371,137422171800,17177636299
demo,16372,137422171808,17177636300
demo,16373,137422171816,17177636301
demo,16374,137422171824,17177636302
demo,16375,137422171832,17177636303
demo,16376,75737501,9332011
demo,16377,67337808,8282050
demo,16378,137422171744,17177636292
demo,16379,137422171752,17177636293
demo,16380,137422171752,17177636293
demo,16381,137422171952,17177636318
demo,16382,137422171960,17177636319
demo,16383,137422171960,17177636319
demo,16384,137422171968,17177636320
demo,16385,137422171969,17177636320
demo,16386,137422171972,17177636320
demo,16387,137422171980,17177636321
demo,16388,137422171978,17177636321
demo,16389,137422171976,17177636321
demo,16390,137422172014,17177636325
demo,16391,137422172016,17177636326
demo,16392,137422171992,17177636323
demo,16393,137422171784,17177636297
demo,16394,137422171792,17177636298
demo,16395,137422171800,17177636299
demo,16396,137422171808,17177636300
demo,16397,137422171816,17177636301
demo,16398,137422171824,17177636302
demo,16399,137422171832,17177636303
demo,16400,137422171864,17177636307
demo,16401,67336864,8281932
demo,16402,137422171904,17177636312
demo,16403,137422171928,17177636315
demo,16404,67336768,8281920
demo,16405,137422171880,17177636309
demo,16406,137422171916,17177636313
demo,16407,137422171912,17177636313
demo,16408,137422171816,17177636301
demo,16409,137422171448,17177636255
demo,16410,137422171832,17177636303
demo,16411,137422171600,17177636274
demo,16412,137422171608,17177636275
demo,16413,137422171600,17177636274
demo,16414,67338240,8282104
demo,16415,67343926,8282814
demo,16416,67344064,8282832
demo,16417,67343096,8282711
demo,16418,67341830,8282552
demo,16419,67341968,8282570
demo,16420,67341000,8282449
demo,16421,75735894,9331810
demo,16422,75736032,9331828
demo,16423,75736040,9331829
demo,16424,75735064,9331707
demo,16425,75737302,9331986
demo,16426,75737440,9332004
demo,16427,75737448,9332005
demo,16428,75736472,9331883
demo,16429,75738662,9332156
demo,16430,75738800,9332174
demo,16431,75738808,9332175
demo,16432,75737832,9332053
demo,16433,75740006,9332324
demo,16434,75740144,9332342
demo,16435,75740152,9332343
demo,16436,75739176,9332221
demo,16437,137422171832,17177636303
demo,16438,137422171816,17177636301
demo,16439,67336864,8281932
demo,16440,137422171832,17177636303
demo,16441,137422171816,17177636301
demo,16442,137422171808,17177636300
demo,16443,137422171552,17177636268
demo,16444,137422171544,17177636267
demo,16445,67337808,8282050
demo,16446,76374112,9411588
demo,16447,137422171336,17177636241
demo,16448,67336736,8281916
demo,16449,67336720,8281914
demo,16450,67342736,8282666
demo,16451,67342744,8282667
demo,16452,137422171304,17177636237
demo,16453,137422171312,17177636238
demo,16454,137422171320,17177636239
demo,16455,137422171328,17177636240
demo,16456,137422171336,17177636241
demo,16457,137422171352,17177636243
demo,16458,137422171384,17177636247
demo,16459,137422171360,17177636244
demo,16460,76374114,9411588
demo,16461,76374112,9411588
demo,16462,137422171336,17177636241
demo,16463,137422171352,17177636243
demo,16464,137422171376,17177636246
demo,16465,75740480,9332384
demo,16466,137422171368,17177636245
demo,16467,75741364,9332494
demo,16468,137422171372,17177636245
demo,16469,67336865,8281932
demo,16470,67338240,8282104
demo,16471,75737240,9331979
demo,16472,67343864,8282807
demo,16473,75741440,9332504
demo,16474,137422171376,17177636246
demo,16475,75740480,9332384
demo,16476,75740480,9332384
demo,16477,75740496,9332386
demo,16478,75740512,9332388
demo,16479,75740528,9332390
demo,16480,137422171336,17177636241
demo,16481,67336720,8281914
demo,16482,67342736,8282666
demo,16483,67342744,8282667
demo,16484,137422171304,17177636237
demo,16485,137422171312,17177636238
demo,16486,137422171320,17177636239
demo,16487,137422171328,17177636240
demo,16488,137422171336,17177636241
demo,16489,137422171384,17177636247
demo,16490,137422171376,17177636246
demo,16491,75740480,9332384
demo,16492,75740496,9332386
demo,16493,137422171336,17177636241
demo,16494,75741807,9332549
demo,16495,75741806,9332549
demo,16496,75741805,9332549
demo,16497,75741804,9332549
demo,16498,75741803,9332549
demo,16499,75741802,9332549
demo,16500,75741801,9332549
demo,16501,75741800,9332549
demo,16502,75741799,9332548
demo,16503,75741798,9332548
demo,16504,75741797,9332548
demo,16505,137422171400,17177636249
demo,16506,137422171408,17177636250
demo,16507,137422171416,17177636251
demo,16508,137422171424,17177636252
demo,16509,137422171432,17177636253
demo,16510,137422171440,17177636254
demo,16511,137422171448,17177636255
demo,16512,137422171984,17177636322
demo,16513,137422171992,17177636323
demo,16514,137422171976,17177636321
demo,16515,137422172016,17177636326
demo,16516,137422171952,17177636318
demo,16517,75741264,9332482
demo,16518,137422171512,17177636263
demo,16519,67336888,8281935
demo,16520,137422171512,17177636263
demo,16521,137422172024,17177636327
demo,16522,137422172040,17177636329
demo,16523,137422172032,17177636328
demo,16524,137422171536,17177636266
demo,16525,137422171576,17177636271
demo,16526,137422172056,17177636331
demo,16527,137422172064,17177636332
demo,16528,137422172072,17177636333
demo,16529,137422172028,17177636327
demo,16530,137422171576,17177636271
demo,16531,137422172080,17177636334
demo,16532,137422172096,17177636336
demo,16533,137422172088,17177636335
demo,16534,137422171536,17177636266
demo,16535,137422171576,17177636271
demo,16536,137422172112,17177636338
demo,16537,137422172120,17177636339
demo,16538,137422172128,17177636340
demo,16539,137422170840,17177636179
demo,16540,137422171560,17177636269
demo,16541,137422172084,17177636334
demo,16542,137422171576,17177636271
demo,16543,137422172136,17177636341
demo,16544,137422172152,17177636343
demo,16545,137422172144,17177636342
demo,16546,137422171536,17177636266
demo,16547,137422171576,17177636271
demo,16548,137422172168,17177636345
demo,16549,137422172176,17177636346
demo,16550,137422172184,17177636347
demo,16551,137422170896,17177636186
demo,16552,137422171560,17177636269
demo,16553,137422172140,17177636341
demo,16554,137422171576,17177636271
demo,16555,137422172192,17177636348
demo,16556,137422172208,17177636350
demo,16557,137422172200,17177636349
demo,16558,137422171536,17177636266
demo,16559,137422171576,17177636271
demo,16560,137422172224,17177636352
demo,16561,137422172232,17177636353
demo,16562,137422172240,17177636354
demo,16563,137422170952,17177636193
demo,16564,137422171560,17177636269
demo,16565,137422172196,17177636348
demo,16566,137422171576,17177636271
demo,16567,137422172248,17177636355
demo,16568,137422172280,17177636359
demo,16569,137422172264,17177636357
demo,16570,75741366,9332494
demo,16571,137422172288,17177636360
demo,16572,137422172252,17177636355
demo,16573,137422172304,17177636362
demo,16574,137422172360,17177636369
demo,16575,137422172416,17177636376
demo,16576,137422172472,17177636383
demo,16577,137422172528,17177636390
demo,16578,137422172532,17177636390
demo,16579,137422172584,17177636397
demo,16580,137422172616,17177636401
demo,16581,137422172600,17177636399
demo,16582,137422171492,17177636260
demo,16583,137422171480,17177636259
demo,16584,137422171472,17177636258
demo,16585,137422171464,17177636257
demo,16586,137422171576,17177636271
demo,16587,75740528,9332390
demo,16588,137422171528,17177636265
demo,16589,137422171576,17177636271
demo,16590,137422170832,17177636178
demo,16591,137422170864,17177636182
demo,16592,137422171024,17177636202
demo,16593,137422170880,17177636184
demo,16594,137422171572,17177636270
demo,16595,137422170872,17177636183
demo,16596,67337317,8281988
demo,16597,137422170800,17177636174
demo,16598,137422170808,17177636175
demo,16599,137422170816,17177636176
demo,16600,137422170824,17177636177
demo,16601,137422171528,17177636265
demo,16602,137422171536,17177636266
demo,16603,137422171560,17177636269
demo,16604,137422171576,17177636271
demo,16605,75741248,9332480
demo,16606,137422170872,17177636183
demo,16607,137422171992,17177636323
demo,16608,137422172016,17177636326
demo,16609,137422170840,17177636179
demo,16610,137422170856,17177636181
demo,16611,137422170848,17177636180
demo,16612,137422171576,17177636271
demo,16613,137422170896,17177636186
demo,16614,137422170888,17177636185
demo,16615,75740512,9332388
demo,16616,137422170936,17177636191
demo,16617,137422170928,17177636190
demo,16618,137422171572,17177636270
demo,16619,137422170800,17177636174
demo,16620,137422170808,17177636175
demo,16621,137422170816,17177636176
demo,16622,137422170824,17177636177
demo,16623,75741248,9332480
demo,16624,137422170912,17177636188
demo,16625,137422170904,17177636187
demo,16626,137422171576,17177636271
demo,16627,137422170952,17177636193
demo,16628,137422170944,17177636192
demo,16629,75740512,9332388
demo,16630,137422170992,17177636198
demo,16631,137422170984,17177636197
demo,16632,137422171572,17177636270
demo,16633,137422170800,17177636174
demo,16634,137422170808,17177636175
demo,16635,137422170816,17177636176
demo,16636,137422170824,17177636177
demo,16637,75741248,9332480
demo,16638,137422170968,17177636195
demo,16639,137422170960,17177636194
demo,16640,137422171576,17177636271
demo,16641,137422171008,17177636200
demo,16642,137422171000,17177636199
demo,16643,75740512,9332388
demo,16644,137422171048,17177636205
demo,16645,137422171040,17177636204
demo,16646,137422171572,17177636270
demo,16647,137422170800,17177636174
demo,16648,137422170808,17177636175
demo,16649,137422170816,17177636176
demo,16650,137422170824,17177636177
demo,16651,75741248,9332480
demo,16652,137422171024,17177636202
demo,16653,137422171016,17177636201
demo,16654,75740512,9332388
demo,16655,67336888,8281935
demo,16656,137422171048,17177636205
demo,16657,137422170824,17177636177
demo,16658,137422171560,17177636269
demo,16659,137422171576,17177636271
demo,16660,75740528,9332390
demo,16661,137422171496,17177636261
demo,16662,75740512,9332388
demo,16663,81800208,10089850
demo,16664,81800224,10089852
demo,16665,81800240,10089854
demo,16666,81800256,10089856
demo,16667,81800272,10089858
demo,16668,81800288,10089860
demo,16669,81800304,10089862
demo,16670,81800320,10089864
demo,16671,81800336,10089866
demo,16672,81800352,10089868
demo,16673,81800368,10089870
demo,16674,81800384,10089872
demo,16675,81800400,10089874
demo,16676,81800416,10089876
demo,16677,81800432,10089878
demo,16678,81800448,10089880
demo,16679,81800464,10089882
demo,16680,81800480,10089884
demo,16681,81800496,10089886
demo,16682,81800512,10089888
demo,16683,81800528,10089890
demo,16684,81800544,10089892
demo,16685,81800560,10089894
demo,16686,81800576,10089896
demo,16687,81800592,10089898
demo,16688,81800608,10089900
demo,16689,81800624,10089902
demo,16690,81800640,10089904
demo,16691,81800656,10089906
demo,16692,81800672,10089908
demo,16693,81800688,10089910
demo,16694,81800704,10089912
demo,16695,81800720,10089914
demo,16696,81800736,10089916
demo,16697,81800752,10089918
demo,16698,81800768,10089920
demo,16699,75741366,9332494
demo,16700,75740608,9332400
demo,16701,75740600,9332399
demo,16702,75740616,9332401
demo,16703,75740624,9332402
demo,16704,75740864,9332432
demo,16705,75740760,9332419
demo,16706,75741032,9332453
demo,16707,75741240,9332479
demo,16708,75740632,9332403
demo,16709,75740736,9332416
demo,16710,81800568,10089895
demo,16711,81800536,10089891
demo,16712,75740632,9332403
demo,16713,75740648,9332405
demo,16714,81800600,10089899
demo,16715,75740864,9332432
demo,16716,75740872,9332433
demo,16717,81800760,10089919
demo,16718,75740816,9332426
demo,16719,81800648,10089905
demo,16720,75740944,9332442
demo,16721,81800664,10089907
demo,16722,67336864,8281932
demo,16723,75740944,9332442
demo,16724,75740808,9332425
demo,16725,75741248,9332480
demo,16726,75740512,9332388
demo,16727,67342448,8282630
demo,16728,137422171568,17177636270
demo,16729,75741632,9332528
demo,16730,75741264,9332482
demo,16731,137422171572,17177636270
demo,16732,80851568,9971270
demo,16733,80851512,9971263
demo,16734,80851456,9971256
demo,16735,80851400,9971249
demo,16736,80851448,9971255
demo,16737,80851440,9971254
demo,16738,75740512,9332388
demo,16739,80851416,9971251
demo,16740,80851624,9971277
demo,16741,80851632,9971278
demo,16742,80851636,9971278
demo,16743,80851628,9971277
demo,16744,80851640,9971279
demo,16745,80851644,9971279
demo,16746,80851648,9971280
demo,16747,75741370,9332495
demo,16748,80851656,9971281
demo,16749,80851660,9971281
demo,16750,80851664,9971282
demo,16751,75741370,9332495
demo,16752,137422171448,17177636255
demo,16753,75741248,9332480
demo,16754,80851344,9971242
demo,16755,75741370,9332495
demo,16756,80851288,9971235
demo,16757,75741370,9332495
demo,16758,80851232,9971228
demo,16759,80851176,9971221
demo,16760,80851120,9971214
demo,16761,80851064,9971207
demo,16762,80851008,9971200
demo,16763,137422171572,17177636270
demo,16764,137422171448,17177636255
demo,16765,137422171492,17177636260
demo,16766,75741256,9332481
demo,16767,75740512,9332388
demo,16768,67336864,8281932
demo,16769,75741240,9332479
demo,16770,81800376,10089871
demo,16771,75741366,9332494
demo,16772,80860616,9972401
demo,16773,80860624,9972402
demo,16774,80860620,9972401
demo,16775,80860628,9972402
demo,16776,137422171448,17177636255
demo,16777,137422171816,17177636301
demo,16778,75740704,9332412
demo,16779,75741564,9332519
demo,16780,137422171584,17177636272
demo,16781,137422171504,17177636262
demo,16782,67337600,8282024
demo,16783,137422171832,17177636303
demo,16784,137422171832,17177636303
demo,16785,67338272,8282108
demo,16786,75741648,9332530
demo,16787,137422171832,17177636303
demo,16788,67336752,8281918
demo,16789,137422171400,17177636249
demo,16790,67338240,8282104
demo,16791,67343096,8282711
demo,16792,67341000,8282449
demo,16793,75735064,9331707
demo,16794,75736472,9331883
demo,16795,75737832,9332053
demo,16796,75739176,9332221
demo,16797,67340928,8282440
demo,16798,137422171416,17177636251
demo,16799,137422171424,17177636252
demo,16800,137422171432,17177636253
demo,16801,137422171440,17177636254
demo,16802,67336744,8281917
demo,16803,137422171448,17177636255
demo,16804,137422171816,17177636301
demo,16805,137422171832,17177636303
demo,16806,67342640,8282654
demo,16807,137422171448,17177636255
demo,16808,67342656,8282656
demo,16809,75740560,9332394
demo,16810,67338240,8282104
demo,16811,67343926,8282814
demo,16812,137422171832,17177636303
demo,16813,67337808,8282050
demo,16814,137422171448,17177636255
demo,16815,137422171752,17177636293
demo,16816,137422171760,17177636294
demo,16817,137422171768,17177636295
demo,16818,137422171776,17177636296
demo,16819,137422171784,17177636297
demo,16820,137422171792,17177636298
demo,16821,137422171800,17177636299
demo,16822,137422172808,17177636425
demo,16823,137422172816,17177636426
demo,16824,137422172824,17177636427
demo,16825,137422172832,17177636428
demo,16826,137422172840,17177636429
demo,16827,137422172848,17177636430
demo,16828,137422172856,17177636431
demo,16829,137422172872,17177636433
demo,16830,137422172880,17177636434
demo,16831,137422172888,17177636435
demo,16832,67342896,8282686
demo,16833,137422172896,17177636436
demo,16834,137422172920,17177636439
demo,16835,137422173176,17177636471
demo,16836,137422173184,17177636472
demo,16837,137422173192,17177636473
demo,16838,137422173496,17177636511
demo,16839,137422173552,17177636518
demo,16840,75741364,9332494
demo,16841,137422173448,17177636505
demo,16842,75741364,9332494
demo,16843,137422173472,17177636508
demo,16844,78458256,9672106
demo,16845,137422173480,17177636509
demo,16846,78458264,9672107
demo,16847,76374122,9411589
demo,16848,76374131,9411590
demo,16849,137422173096,17177636461
demo,16850,137422173112,17177636463
demo,16851,137422173120,17177636464
demo,16852,137422173128,17177636465
demo,16853,137422173136,17177636466
demo,16854,137422173144,17177636467
demo,16855,137422173152,17177636468
demo,16856,137422173160,17177636469
demo,16857,67342896,8282686
demo,16858,67342616,8282651
demo,16859,67336816,8281926
demo,16860,67336816,8281926
demo,16861,137422172856,17177636431
demo,16862,67336816,8281926
demo,16863,137422172856,17177636431
demo,16864,137422172880,17177636434
demo,16865,137422172872,17177636433
demo,16866,137422173520,17177636514
demo,16867,137422173528,17177636515
demo,16868,137422173544,17177636517
demo,16869,137422173532,17177636515
demo,16870,75737300,9331986
demo,16871,75736496,9331886
demo,16872,67340800,8282424
demo,16873,67338240,8282104
demo,16874,67343925,8282814
demo,16875,67343926,8282814
demo,16876,67343080,8282709
demo,16877,67294572,8276645
demo,16878,67344560,8282894
demo,16879,76374112,9411588
demo,16880,67344568,8282895
demo,16881,76374122,9411589
demo,16882,137422171768,17177636295
demo,16883,67343128,8282715
demo,16884,67344544,8282892
demo,16885,67294572,8276645
demo,16886,67344560,8282894
demo,16887,76374112,9411588
demo,16888,67344568,8282895
demo,16889,76374122,9411589
demo,16890,137422171768,17177636295
demo,16891,67344552,8282893
demo,16892,137422171776,17177636296
demo,16893,137422171784,17177636297
demo,16894,137422171792,17177636298
demo,16895,137422171800,17177636299
demo,16896,67343925,8282814
demo,16897,67343248,8282730
demo,16898,67343096,8282711
demo,16899,67341829,8282552
demo,16900,67341830,8282552
demo,16901,67340984,8282447
demo,16902,76374122,9411589
demo,16903,1082136,91
demo,16904,76374130,9411590
demo,16905,1082144,92
demo,16906,1082136,91
demo,16907,76374122,9411589
demo,16908,137422171768,17177636295
demo,16909,67341032,8282453
demo,16910,67342976,8282696
demo,16911,76374122,9411589
demo,16912,1082136,91
demo,16913,76374130,9411590
demo,16914,1082144,92
demo,16915,1082136,91
demo,16916,76374122,9411589
demo,16917,137422171768,17177636295
demo,16918,67342984,8282697
demo,16919,67342912,8282688
demo,16920,76374122,9411589
demo,16921,67111873,8253808
demo,16922,76374130,9411590
demo,16923,67111881,8253809
demo,16924,67111874,8253808
demo,16925,76374123,9411589
demo,16926,137422171768,17177636295
demo,16927,67342920,8282689
demo,16928,137422171776,17177636296
demo,16929,137422171784,17177636297
demo,16930,137422171792,17177636298
demo,16931,137422171800,17177636299
demo,16932,67341829,8282552
demo,16933,67341152,8282468
demo,16934,67337824,8282052
demo,16935,67341080,8282459
demo,16936,67337872,8282058
demo,16937,67341830,8282552
demo,16938,76374122,9411589
demo,16939,67111873,8253808
demo,16940,76374130,9411590
demo,16941,67111881,8253809
demo,16942,67111874,8253808
demo,16943,76374123,9411589
demo,16944,137422171800,17177636299
demo,16945,67341000,8282449
demo,16946,75735893,9331810
demo,16947,75735894,9331810
demo,16948,75735048,9331705
demo,16949,76374122,9411589
demo,16950,67345184,8282972
demo,16951,76374130,9411590
demo,16952,67345192,8282973
demo,16953,67345184,8282972
demo,16954,76374122,9411589
demo,16955,137422171768,17177636295
demo,16956,75735096,9331711
demo,16957,75736256,9331856
demo,16958,76374122,9411589
demo,16959,75736280,9331859
demo,16960,76374130,9411590
demo,16961,75736288,9331860
demo,16962,75736280,9331859
demo,16963,76374122,9411589
demo,16964,137422171768,17177636295
demo,16965,75736264,9331857
demo,16966,137422171776,17177636296
demo,16967,137422171784,17177636297
demo,16968,137422171792,17177636298
demo,16969,137422171800,17177636299
demo,16970,75735893,9331810
demo,16971,75735216,9331726
demo,16972,75735064,9331707
demo,16973,75737301,9331986
demo,16974,75737302,9331986
demo,16975,75736456,9331881
demo,16976,76374122,9411589
demo,16977,75736400,9331874
demo,16978,76374130,9411590
demo,16979,75736408,9331875
demo,16980,75736400,9331874
demo,16981,76374122,9411589
demo,16982,137422171768,17177636295
demo,16983,75736504,9331887
demo,16984,75737664,9332032
demo,16985,76374122,9411589
demo,16986,75737688,9332035
demo,16987,76374130,9411590
demo,16988,75737696,9332036
demo,16989,75737691,9332035
demo,16990,76374125,9411589
demo,16991,137422171768,17177636295
demo,16992,75737672,9332033
demo,16993,137422171776,17177636296
demo,16994,137422171784,17177636297
demo,16995,137422171792,17177636298
demo,16996,137422171800,17177636299
demo,16997,75737301,9331986
demo,16998,75736624,9331902
demo,16999,78458312,9672113
demo,17000,75736552,9331893
demo,17001,78458440,9672129
demo,17002,75737302,9331986
demo,17003,76374122,9411589
demo,17004,76374167,9411594
demo,17005,76374130,9411590
demo,17006,76374175,9411595
demo,17007,76374170,9411595
demo,17008,76374125,9411589
demo,17009,137422171800,17177636299
demo,17010,75736472,9331883
demo,17011,75738661,9332156
demo,17012,75738662,9332156
demo,17013,75737816,9332051
demo,17014,76374122,9411589
demo,17015,75737760,9332044
demo,17016,76374130,9411590
demo,17017,75737768,9332045
demo,17018,75737760,9332044
demo,17019,76374122,9411589
demo,17020,137422171768,17177636295
demo,17021,75737864,9332057
demo,17022,75739024,9332202
demo,17023,76374122,9411589
demo,17024,75739048,9332205
demo,17025,76374130,9411590
demo,17026,75739056,9332206
demo,17027,75739051,9332205
demo,17028,76374125,9411589
demo,17029,137422171768,17177636295
demo,17030,75739032,9332203
demo,17031,137422171776,17177636296
demo,17032,137422171784,17177636297
demo,17033,137422171792,17177636298
demo,17034,137422171800,17177636299
demo,17035,75738661,9332156
demo,17036,75737984,9332072
demo,17037,78675416,9699251
demo,17038,75737912,9332063
demo,17039,78675544,9699267
demo,17040,75738662,9332156
demo,17041,76374122,9411589
demo,17042,78502664,9677657
demo,17043,76374130,9411590
demo,17044,78502672,9677658
demo,17045,78502667,9677657
demo,17046,76374125,9411589
demo,17047,137422171800,17177636299
demo,17048,75737832,9332053
demo,17049,75740005,9332324
demo,17050,75740006,9332324
demo,17051,75739160,9332219
demo,17052,76374122,9411589
demo,17053,75739120,9332214
demo,17054,76374130,9411590
demo,17055,75739128,9332215
demo,17056,75739120,9332214
demo,17057,76374122,9411589
demo,17058,137422171768,17177636295
demo,17059,75739208,9332225
demo,17060,75740368,9332370
demo,17061,76374122,9411589
demo,17062,75740392,9332373
demo,17063,76374130,9411590
demo,17064,75740400,9332374
demo,17065,75740401,9332374
demo,17066,76374131,9411590
demo,17067,137422171768,17177636295
demo,17068,137422171776,17177636296
demo,17069,137422171784,17177636297
demo,17070,137422171792,17177636298
demo,17071,137422171800,17177636299
demo,17072,137422172776,17177636421
demo,17073,137422172784,17177636422
demo,17074,137422172792,17177636423
demo,17075,137422172800,17177636424
demo,17076,137422172808,17177636425
demo,17077,137422172816,17177636426
demo,17078,137422172824,17177636427
demo,17079,137422172840,17177636429
demo,17080,137422172848,17177636430
demo,17081,137422172856,17177636431
demo,17082,67342896,8282686
demo,17083,137422172864,17177636432
demo,17084,137422172888,17177636435
demo,17085,137422173144,17177636467
demo,17086,137422173152,17177636468
demo,17087,137422173160,17177636469
demo,17088,137422173496,17177636511
demo,17089,137422173552,17177636518
demo,17090,75740004,9332324
demo,17091,137422173472,17177636508
demo,17092,78458272,9672108
demo,17093,137422173480,17177636509
demo,17094,78458280,9672109
demo,17095,76374132,9411590
demo,17096,76374148,9411592
demo,17097,76374164,9411594
demo,17098,76374180,9411596
demo,17099,76374152,9411593
demo,17100,137422173096,17177636461
demo,17101,137422173112,17177636463
demo,17102,137422173120,17177636464
demo,17103,137422173128,17177636465
demo,17104,137422173136,17177636466
demo,17105,137422173144,17177636467
demo,17106,137422173152,17177636468
demo,17107,137422173160,17177636469
demo,17108,67342896,8282686
demo,17109,67342616,8282651
demo,17110,67336816,8281926
demo,17111,67336816,8281926
demo,17112,137422172856,17177636431
demo,17113,67336816,8281926
demo,17114,137422172856,17177636431
demo,17115,137422172880,17177636434
demo,17116,137422172872,17177636433
demo,17117,137422173520,17177636514
demo,17118,137422173528,17177636515
demo,17119,137422173544,17177636517
demo,17120,137422173532,17177636515
demo,17121,75737300,9331986
demo,17122,75736496,9331886
demo,17123,67340800,8282424
demo,17124,67338240,8282104
demo,17125,67343925,8282814
demo,17126,67343926,8282814
demo,17127,67343080,8282709
demo,17128,67294564,8276644
demo,17129,76374128,9411590
demo,17130,67344560,8282894
demo,17131,67344568,8282895
demo,17132,76374132,9411590
demo,17133,137422171768,17177636295
demo,17134,67343128,8282715
demo,17135,67344544,8282892
demo,17136,67294564,8276644
demo,17137,76374128,9411590
demo,17138,67344560,8282894
demo,17139,67344568,8282895
demo,17140,76374132,9411590
demo,17141,137422171768,17177636295
demo,17142,67344552,8282893
demo,17143,137422171776,17177636296
demo,17144,137422171784,17177636297
demo,17145,137422171792,17177636298
demo,17146,137422171800,17177636299
demo,17147,67343925,8282814
demo,17148,67343248,8282730
demo,17149,67343096,8282711
demo,17150,67341829,8282552
demo,17151,67341830,8282552
demo,17152,67340984,8282447
demo,17153,67294564,8276644
demo,17154,76374128,9411590
demo,17155,1082128,90
demo,17156,1082136,91
demo,17157,76374132,9411590
demo,17158,137422171768,17177636295
demo,17159,67341032,8282453
demo,17160,67342976,8282696
demo,17161,67294564,8276644
demo,17162,76374128,9411590
demo,17163,1082128,90
demo,17164,1082136,91
demo,17165,76374132,9411590
demo,17166,137422171768,17177636295
demo,17167,67342984,8282697
demo,17168,67342912,8282688
demo,17169,67294568,8276645
demo,17170,67111872,8253808
demo,17171,76374128,9411590
demo,17172,67111872,8253808
demo,17173,76374144,9411592
demo,17174,67111888,8253810
demo,17175,67111893,8253810
demo,17176,76374152,9411593
demo,17177,137422171768,17177636295
demo,17178,137422171776,17177636296
demo,17179,137422171784,17177636297
demo,17180,137422171792,17177636298
demo,17181,137422171800,17177636299
demo,17182,137422172776,17177636421
demo,17183,137422172784,17177636422
demo,17184,137422172792,17177636423
demo,17185,137422172800,17177636424
demo,17186,137422172808,17177636425
demo,17187,137422172816,17177636426
demo,17188,137422172824,17177636427
demo,17189,137422172840,17177636429
demo,17190,137422172848,17177636430
demo,17191,137422172856,17177636431
demo,17192,67342896,8282686
demo,17193,137422172864,17177636432
demo,17194,137422172888,17177636435
demo,17195,137422173144,17177636467
demo,17196,137422173152,17177636468
demo,17197,137422173160,17177636469
demo,17198,137422173496,17177636511
demo,17199,137422173552,17177636518
demo,17200,67341828,8282552
demo,17201,137422173448,17177636505
demo,17202,67341828,8282552
demo,17203,137422173472,17177636508
demo,17204,78458288,9672110
demo,17205,137422173480,17177636509
demo,17206,78458296,9672111
demo,17207,76374153,9411593
demo,17208,76374166,9411594
demo,17209,137422173064,17177636457
demo,17210,137422173080,17177636459
demo,17211,137422173088,17177636460
demo,17212,137422173096,17177636461
demo,17213,137422173104,17177636462
demo,17214,137422173112,17177636463
demo,17215,137422173120,17177636464
demo,17216,137422173128,17177636465
demo,17217,67342896,8282686
demo,17218,67342616,8282651
demo,17219,67336816,8281926
demo,17220,67336816,8281926
demo,17221,137422172824,17177636427
demo,17222,67336816,8281926
demo,17223,137422172824,17177636427
demo,17224,137422172848,17177636430
demo,17225,137422172840,17177636429
demo,17226,137422173520,17177636514
demo,17227,137422173528,17177636515
demo,17228,137422173544,17177636517
demo,17229,137422173532,17177636515
demo,17230,75737300,9331986
demo,17231,75736496,9331886
demo,17232,67340800,8282424
demo,17233,67338240,8282104
demo,17234,67343925,8282814
demo,17235,67343926,8282814
demo,17236,67343080,8282709
demo,17237,67294576,8276646
demo,17238,67344560,8282894
demo,17239,76374144,9411592
demo,17240,67344568,8282895
demo,17241,76374153,9411593
demo,17242,137422171736,17177636291
demo,17243,67343128,8282715
demo,17244,67344544,8282892
demo,17245,67294576,8276646
demo,17246,67344560,8282894
demo,17247,76374144,9411592
demo,17248,67344568,8282895
demo,17249,76374153,9411593
demo,17250,137422171736,17177636291
demo,17251,67344552,8282893
demo,17252,137422171744,17177636292
demo,17253,137422171752,17177636293
demo,17254,137422171760,17177636294
demo,17255,137422171768,17177636295
demo,17256,67343925,8282814
demo,17257,67343248,8282730
demo,17258,67343096,8282711
demo,17259,67341829,8282552
demo,17260,67341830,8282552
demo,17261,67340984,8282447
demo,17262,76374153,9411593
demo,17263,1082136,91
demo,17264,76374161,9411594
demo,17265,1082144,92
demo,17266,1082136,91
demo,17267,76374153,9411593
demo,17268,137422171736,17177636291
demo,17269,67341032,8282453
demo,17270,67342976,8282696
demo,17271,76374153,9411593
demo,17272,1082136,91
demo,17273,76374161,9411594
demo,17274,1082144,92
demo,17275,1082136,91
demo,17276,76374153,9411593
demo,17277,137422171736,17177636291
demo,17278,67342984,8282697
demo,17279,67342912,8282688
demo,17280,76374153,9411593
demo,17281,67111873,8253808
demo,17282,76374161,9411594
demo,17283,67111881,8253809
demo,17284,67111874,8253808
demo,17285,76374154,9411593
demo,17286,137422171736,17177636291
demo,17287,67342920,8282689
demo,17288,137422171744,17177636292
demo,17289,137422171752,17177636293
demo,17290,137422171760,17177636294
demo,17291,137422171768,17177636295
demo,17292,67341829,8282552
demo,17293,67341152,8282468
demo,17294,67337824,8282052
demo,17295,67341080,8282459
demo,17296,67337872,8282058
demo,17297,67341830,8282552
demo,17298,76374153,9411593
demo,17299,67111873,8253808
demo,17300,76374161,9411594
demo,17301,67111881,8253809
demo,17302,67111874,8253808
demo,17303,76374154,9411593
demo,17304,137422171768,17177636295
demo,17305,67341000,8282449
demo,17306,75735893,9331810
demo,17307,75735894,9331810
demo,17308,75735048,9331705
demo,17309,76374153,9411593
demo,17310,67345184,8282972
demo,17311,76374161,9411594
demo,17312,67345192,8282973
demo,17313,67345184,8282972
demo,17314,76374153,9411593
demo,17315,137422171736,17177636291
demo,17316,75735096,9331711
demo,17317,75736256,9331856
demo,17318,76374153,9411593
demo,17319,75736280,9331859
demo,17320,76374161,9411594
demo,17321,75736288,9331860
demo,17322,75736280,9331859
demo,17323,76374153,9411593
demo,17324,137422171736,17177636291
demo,17325,75736264,9331857
demo,17326,137422171744,17177636292
demo,17327,137422171752,17177636293
demo,17328,137422171760,17177636294
demo,17329,137422171768,17177636295
demo,17330,75735893,9331810
demo,17331,75735216,9331726
demo,17332,75735064,9331707
demo,17333,75737301,9331986
demo,17334,75737302,9331986
demo,17335,75736456,9331881
demo,17336,76374153,9411593
demo,17337,75736400,9331874
demo,17338,76374161,9411594
demo,17339,75736408,9331875
demo,17340,75736400,9331874
demo,17341,76374153,9411593
demo,17342,137422171736,17177636291
demo,17343,75736504,9331887
demo,17344,75737664,9332032
demo,17345,76374153,9411593
demo,17346,75737688,9332035
demo,17347,76374161,9411594
demo,17348,75737696,9332036
demo,17349,75737691,9332035
demo,17350,76374156,9411593
demo,17351,137422171736,17177636291
demo,17352,75737672,9332033
demo,17353,137422171744,17177636292
demo,17354,137422171752,17177636293
demo,17355,137422171760,17177636294
demo,17356,137422171768,17177636295
demo,17357,75737301,9331986
demo,17358,75736624,9331902
demo,17359,78458312,9672113
demo,17360,75736552,9331893
demo,17361,78458440,9672129
demo,17362,75737302,9331986
demo,17363,76374153,9411593
demo,17364,76374167,9411594
demo,17365,76374161,9411594
demo,17366,76374175,9411595
demo,17367,76374170,9411595
demo,17368,76374156,9411593
demo,17369,137422171768,17177636295
demo,17370,75736472,9331883
demo,17371,75738661,9332156
demo,17372,75738662,9332156
demo,17373,75737816,9332051
demo,17374,76374153,9411593
demo,17375,75737760,9332044
demo,17376,76374161,9411594
demo,17377,75737768,9332045
demo,17378,75737760,9332044
demo,17379,76374153,9411593
demo,17380,137422171736,17177636291
demo,17381,75737864,9332057
demo,17382,75739024,9332202
demo,17383,76374153,9411593
demo,17384,75739048,9332205
demo,17385,76374161,9411594
demo,17386,75739056,9332206
demo,17387,75739061,9332206
demo,17388,76374166,9411594
demo,17389,137422171736,17177636291
demo,17390,137422171744,17177636292
demo,17391,137422171752,17177636293
demo,17392,137422171760,17177636294
demo,17393,137422171768,17177636295
demo,17394,137422172744,17177636417
demo,17395,137422172752,17177636418
demo,17396,137422172760,17177636419
demo,17397,137422172768,17177636420
demo,17398,137422172776,17177636421
demo,17399,137422172784,17177636422
demo,17400,137422172792,17177636423
demo,17401,137422172808,17177636425
demo,17402,137422172816,17177636426
demo,17403,137422172824,17177636427
demo,17404,67342896,8282686
demo,17405,137422172832,17177636428
demo,17406,137422172856,17177636431
demo,17407,137422173112,17177636463
demo,17408,137422173120,17177636464
demo,17409,137422173128,17177636465
demo,17410,137422173496,17177636511
demo,17411,137422173552,17177636518
demo,17412,75738660,9332156
demo,17413,137422173472,17177636508
demo,17414,78458304,9672112
demo,17415,78458320,9672114
demo,17416,78458336,9672116
demo,17417,78458352,9672118
demo,17418,78458368,9672120
demo,17419,78458384,9672122
demo,17420,78458400,9672124
demo,17421,78458416,9672126
demo,17422,78458432,9672128
demo,17423,78458448,9672130
demo,17424,78458464,9672132
demo,17425,78458480,9672134
demo,17426,78458496,9672136
demo,17427,78458512,9672138
demo,17428,78458528,9672140
demo,17429,78458544,9672142
demo,17430,78458560,9672144
demo,17431,78458576,9672146
demo,17432,78458592,9672148
demo,17433,78458608,9672150
demo,17434,78458624,9672152
demo,17435,78458640,9672154
demo,17436,78458656,9672156
demo,17437,78458672,9672158
demo,17438,78458688,9672160
demo,17439,78458704,9672162
demo,17440,137422173472,17177636508
demo,17441,137422173384,17177636497
demo,17442,67336720,8281914
demo,17443,67342736,8282666
demo,17444,67342744,8282667
demo,17445,137422173096,17177636461
demo,17446,137422173104,17177636462
demo,17447,137422173112,17177636463
demo,17448,137422173120,17177636464
demo,17449,137422173128,17177636465
demo,17450,137422173480,17177636509
demo,17451,137422173472,17177636508
demo,17452,137422173584,17177636522
demo,17453,137422173600,17177636524
demo,17454,137422173608,17177636525
demo,17455,137422173592,17177636523
demo,17456,137422173128,17177636465
demo,17457,75741808,9332550
demo,17458,75741824,9332552
demo,17459,75741832,9332553
demo,17460,75741816,9332551
demo,17461,137422173128,17177636465
demo,17462,137422173480,17177636509
demo,17463,137422173264,17177636482
demo,17464,137422173280,17177636484
demo,17465,137422173232,17177636478
demo,17466,137422173240,17177636479
demo,17467,75738568,9332145
demo,17468,75738832,9332178
demo,17469,137422173424,17177636502
demo,17470,75738562,9332144
demo,17471,137422173576,17177636521
demo,17472,137422173096,17177636461
demo,17473,137422173104,17177636462
demo,17474,137422173112,17177636463
demo,17475,137422173120,17177636464
demo,17476,137422173128,17177636465
demo,17477,137422173480,17177636509
demo,17478,137422173568,17177636520
demo,17479,75737880,9332059
demo,17480,75737912,9332063
demo,17481,78675544,9699267
demo,17482,75738662,9332156
demo,17483,137422173432,17177636503
demo,17484,75737824,9332052
demo,17485,137422173440,17177636504
demo,17486,78675376,9699246
demo,17487,137422173480,17177636509
demo,17488,78675384,9699247
demo,17489,78502633,9677653
demo,17490,78502642,9677654
demo,17491,137422173064,17177636457
demo,17492,137422173080,17177636459
demo,17493,137422173088,17177636460
demo,17494,137422173096,17177636461
demo,17495,137422173104,17177636462
demo,17496,137422173112,17177636463
demo,17497,137422173120,17177636464
demo,17498,137422173128,17177636465
demo,17499,67342896,8282686
demo,17500,67342616,8282651
demo,17501,67336816,8281926
demo,17502,67336816,8281926
demo,17503,137422172824,17177636427
demo,17504,67336816,8281926
demo,17505,137422172824,17177636427
demo,17506,137422172848,17177636430
demo,17507,137422172840,17177636429
demo,17508,137422173520,17177636514
demo,17509,137422173528,17177636515
demo,17510,137422173544,17177636517
demo,17511,137422173532,17177636515
demo,17512,75738660,9332156
demo,17513,75737856,9332056
demo,17514,67340800,8282424
demo,17515,67338240,8282104
demo,17516,67343925,8282814
demo,17517,67343926,8282814
demo,17518,67343080,8282709
demo,17519,67294576,8276646
demo,17520,67344560,8282894
demo,17521,78502624,9677652
demo,17522,67344568,8282895
demo,17523,78502633,9677653
demo,17524,137422171736,17177636291
demo,17525,67343128,8282715
demo,17526,67344544,8282892
demo,17527,67294576,8276646
demo,17528,67344560,8282894
demo,17529,78502624,9677652
demo,17530,67344568,8282895
demo,17531,78502633,9677653
demo,17532,137422171736,17177636291
demo,17533,67344552,8282893
demo,17534,137422171744,17177636292
demo,17535,137422171752,17177636293
demo,17536,137422171760,17177636294
demo,17537,137422171768,17177636295
demo,17538,67343925,8282814
demo,17539,67343248,8282730
demo,17540,67343096,8282711
demo,17541,67341829,8282552
demo,17542,67341830,8282552
demo,17543,67340984,8282447
demo,17544,78502633,9677653
demo,17545,1082136,91
demo,17546,78502641,9677654
demo,17547,1082144,92
demo,17548,1082136,91
demo,17549,78502633,9677653
demo,17550,137422171736,17177636291
demo,17551,67341032,8282453
demo,17552,67342976,8282696
demo,17553,78502633,9677653
demo,17554,1082136,91
demo,17555,78502641,9677654
demo,17556,1082144,92
demo,17557,1082136,91
demo,17558,78502633,9677653
demo,17559,137422171736,17177636291
demo,17560,67342984,8282697
demo,17561,67342912,8282688
demo,17562,78502633,9677653
demo,17563,67111873,8253808
demo,17564,78502641,9677654
demo,17565,67111881,8253809
demo,17566,67111874,8253808
demo,17567,78502634,9677653
demo,17568,137422171736,17177636291
demo,17569,67342920,8282689
demo,17570,137422171744,17177636292
demo,17571,137422171752,17177636293
demo,17572,137422171760,17177636294
demo,17573,137422171768,17177636295
demo,17574,67341829,8282552
demo,17575,67341152,8282468
demo,17576,67337824,8282052
demo,17577,67341080,8282459
demo,17578,67337872,8282058
demo,17579,67341830,8282552
demo,17580,78502633,9677653
demo,17581,67111873,8253808
demo,17582,78502641,9677654
demo,17583,67111881,8253809
demo,17584,67111874,8253808
demo,17585,78502634,9677653
demo,17586,137422171768,17177636295
demo,17587,67341000,8282449
demo,17588,75735893,9331810
demo,17589,75735894,9331810
demo,17590,75735048,9331705
demo,17591,78502633,9677653
demo,17592,67345184,8282972
demo,17593,78502641,9677654
demo,17594,67345192,8282973
demo,17595,67345184,8282972
demo,17596,78502633,9677653
demo,17597,137422171736,17177636291
demo,17598,75735096,9331711
demo,17599,75736256,9331856
demo,17600,78502633,9677653
demo,17601,75736280,9331859
demo,17602,78502641,9677654
demo,17603,75736288,9331860
demo,17604,75736280,9331859
demo,17605,78502633,9677653
demo,17606,137422171736,17177636291
demo,17607,75736264,9331857
demo,17608,137422171744,17177636292
demo,17609,137422171752,17177636293
demo,17610,137422171760,17177636294
demo,17611,137422171768,17177636295
demo,17612,75735893,9331810
demo,17613,75735216,9331726
demo,17614,75735064,9331707
demo,17615,75737301,9331986
demo,17616,75737302,9331986
demo,17617,75736456,9331881
demo,17618,78502633,9677653
demo,17619,75736400,9331874
demo,17620,78502641,9677654
demo,17621,75736408,9331875
demo,17622,75736400,9331874
demo,17623,78502633,9677653
demo,17624,137422171736,17177636291
demo,17625,75736504,9331887
demo,17626,75737664,9332032
demo,17627,78502633,9677653
demo,17628,75737688,9332035
demo,17629,78502641,9677654
demo,17630,75737696,9332036
demo,17631,75737691,9332035
demo,17632,78502636,9677653
demo,17633,137422171736,17177636291
demo,17634,75737672,9332033
demo,17635,137422171744,17177636292
demo,17636,137422171752,17177636293
demo,17637,137422171760,17177636294
demo,17638,137422171768,17177636295
demo,17639,75737301,9331986
demo,17640,75736624,9331902
demo,17641,78458312,9672113
demo,17642,75736552,9331893
demo,17643,78458440,9672129
demo,17644,75737302,9331986
demo,17645,78502633,9677653
demo,17646,76374167,9411594
demo,17647,78502641,9677654
demo,17648,76374175,9411595
demo,17649,76374170,9411595
demo,17650,78502636,9677653
demo,17651,137422171768,17177636295
demo,17652,75736472,9331883
demo,17653,75738661,9332156
demo,17654,75738662,9332156
demo,17655,75737816,9332051
demo,17656,78502633,9677653
demo,17657,75737760,9332044
demo,17658,78502641,9677654
demo,17659,75737768,9332045
demo,17660,75737760,9332044
demo,17661,78502633,9677653
demo,17662,137422171736,17177636291
demo,17663,75737864,9332057
demo,17664,75739024,9332202
demo,17665,78502633,9677653
demo,17666,75739048,9332205
demo,17667,78502641,9677654
demo,17668,75739056,9332206
demo,17669,75739051,9332205
demo,17670,78502636,9677653
demo,17671,137422171736,17177636291
demo,17672,75739032,9332203
demo,17673,137422171744,17177636292
demo,17674,137422171752,17177636293
demo,17675,137422171760,17177636294
demo,17676,137422171768,17177636295
demo,17677,75738661,9332156
demo,17678,75737984,9332072
demo,17679,78675416,9699251
demo,17680,75737912,9332063
demo,17681,78675544,9699267
demo,17682,75738662,9332156
demo,17683,78502633,9677653
demo,17684,78502664,9677657
demo,17685,78502641,9677654
demo,17686,78502672,9677658
demo,17687,78502667,9677657
demo,17688,78502636,9677653
demo,17689,137422171768,17177636295
demo,17690,75737832,9332053
demo,17691,75740005,9332324
demo,17692,75740006,9332324
demo,17693,75739160,9332219
demo,17694,78502633,9677653
demo,17695,75739120,9332214
demo,17696,78502641,9677654
demo,17697,75739128,9332215
demo,17698,75739120,9332214
demo,17699,78502633,9677653
demo,17700,137422171736,17177636291
demo,17701,75739208,9332225
demo,17702,75740368,9332370
demo,17703,78502633,9677653
demo,17704,75740392,9332373
demo,17705,78502641,9677654
demo,17706,75740400,9332374
demo,17707,75740401,9332374
demo,17708,78502642,9677654
demo,17709,137422171736,17177636291
demo,17710,137422171744,17177636292
demo,17711,137422171752,17177636293
demo,17712,137422171760,17177636294
demo,17713,137422171768,17177636295
demo,17714,137422172744,17177636417
demo,17715,137422172752,17177636418
demo,17716,137422172760,17177636419
demo,17717,137422172768,17177636420
demo,17718,137422172776,17177636421
demo,17719,137422172784,17177636422
demo,17720,137422172792,17177636423
demo,17721,137422172808,17177636425
demo,17722,137422172816,17177636426
demo,17723,137422172824,17177636427
demo,17724,67342896,8282686
demo,17725,137422172832,17177636428
demo,17726,137422172856,17177636431
demo,17727,137422173112,17177636463
demo,17728,137422173120,17177636464
demo,17729,137422173128,17177636465
demo,17730,137422173496,17177636511
demo,17731,137422173552,17177636518
demo,17732,75740004,9332324
demo,17733,137422173472,17177636508
demo,17734,78675392,9699248
demo,17735,137422173480,17177636509
demo,17736,78675400,9699249
demo,17737,78502643,9677654
demo,17738,78502659,9677656
demo,17739,78502675,9677658
demo,17740,78502691,9677660
demo,17741,78502663,9677656
demo,17742,137422173064,17177636457
demo,17743,137422173080,17177636459
demo,17744,137422173088,17177636460
demo,17745,137422173096,17177636461
demo,17746,137422173104,17177636462
demo,17747,137422173112,17177636463
demo,17748,137422173120,17177636464
demo,17749,137422173128,17177636465
demo,17750,67342896,8282686
demo,17751,67342616,8282651
demo,17752,67336816,8281926
demo,17753,67336816,8281926
demo,17754,137422172824,17177636427
demo,17755,67336816,8281926
demo,17756,137422172824,17177636427
demo,17757,137422172848,17177636430
demo,17758,137422172840,17177636429
demo,17759,137422173520,17177636514
demo,17760,137422173528,17177636515
demo,17761,137422173544,17177636517
demo,17762,137422173532,17177636515
demo,17763,75738660,9332156
demo,17764,75737856,9332056
demo,17765,67340800,8282424
demo,17766,67338240,8282104
demo,17767,67343925,8282814
demo,17768,67343926,8282814
demo,17769,67343080,8282709
demo,17770,67294560,8276644
demo,17771,78502640,9677654
demo,17772,67344560,8282894
demo,17773,67344568,8282895
demo,17774,78502643,9677654
demo,17775,137422171736,17177636291
demo,17776,67343128,8282715
demo,17777,67344544,8282892
demo,17778,67294560,8276644
demo,17779,78502640,9677654
demo,17780,67344560,8282894
demo,17781,67344568,8282895
demo,17782,78502643,9677654
demo,17783,137422171736,17177636291
demo,17784,67344552,8282893
demo,17785,137422171744,17177636292
demo,17786,137422171752,17177636293
demo,17787,137422171760,17177636294
demo,17788,137422171768,17177636295
demo,17789,67343925,8282814
demo,17790,67343248,8282730
demo,17791,67343096,8282711
demo,17792,67341829,8282552
demo,17793,67341830,8282552
demo,17794,67340984,8282447
demo,17795,67294560,8276644
demo,17796,78502640,9677654
demo,17797,1082128,90
demo,17798,1082136,91
demo,17799,78502643,9677654
demo,17800,137422171736,17177636291
demo,17801,67341032,8282453
demo,17802,67342976,8282696
demo,17803,67294560,8276644
demo,17804,78502640,9677654
demo,17805,1082128,90
demo,17806,1082136,91
demo,17807,78502643,9677654
demo,17808,137422171736,17177636291
demo,17809,67342984,8282697
demo,17810,67342912,8282688
demo,17811,67294572,8276645
demo,17812,67111872,8253808
demo,17813,78502640,9677654
demo,17814,67111872,8253808
demo,17815,78502656,9677656
demo,17816,67111888,8253810
demo,17817,67111893,8253810
demo,17818,78502663,9677656
demo,17819,137422171736,17177636291
demo,17820,137422171744,17177636292
demo,17821,137422171752,17177636293
demo,17822,137422171760,17177636294
demo,17823,137422171768,17177636295
demo,17824,137422172744,17177636417
demo,17825,137422172752,17177636418
demo,17826,137422172760,17177636419
demo,17827,137422172768,17177636420
demo,17828,137422172776,17177636421
demo,17829,137422172784,17177636422
demo,17830,137422172792,17177636423
demo,17831,137422172808,17177636425
demo,17832,137422172816,17177636426
demo,17833,137422172824,17177636427
demo,17834,67342896,8282686
demo,17835,137422172832,17177636428
demo,17836,137422172856,17177636431
demo,17837,137422173112,17177636463
demo,17838,137422173120,17177636464
demo,17839,137422173128,17177636465
demo,17840,137422173496,17177636511
demo,17841,137422173552,17177636518
demo,17842,67341828,8282552
demo,17843,137422173472,17177636508
demo,17844,78675408,9699250
demo,17845,78675424,9699252
demo,17846,78675440,9699254
demo,17847,78675456,9699256
demo,17848,78675472,9699258
demo,17849,78675488,9699260
demo,17850,78675504,9699262
demo,17851,78675520,9699264
demo,17852,78675536,9699266
demo,17853,78675552,9699268
demo,17854,78675568,9699270
demo,17855,78675584,9699272
demo,17856,78675600,9699274
demo,17857,78675616,9699276
demo,17858,78675632,9699278
demo,17859,78675648,9699280
demo,17860,78675664,9699282
demo,17861,78675680,9699284
demo,17862,78675696,9699286
demo,17863,78675712,9699288
demo,17864,78675728,9699290
demo,17865,78675744,9699292
demo,17866,78675760,9699294
demo,17867,78675776,9699296
demo,17868,78675792,9699298
demo,17869,78675808,9699300
demo,17870,137422173472,17177636508
demo,17871,137422173384,17177636497
demo,17872,67336720,8281914
demo,17873,67342736,8282666
demo,17874,67342744,8282667
demo,17875,137422173096,17177636461
demo,17876,137422173104,17177636462
demo,17877,137422173112,17177636463
demo,17878,137422173120,17177636464
demo,17879,137422173128,17177636465
demo,17880,137422173480,17177636509
demo,17881,137422173472,17177636508
demo,17882,137422173584,17177636522
demo,17883,137422173592,17177636523
demo,17884,137422173128,17177636465
demo,17885,75741904,9332562
demo,17886,75741912,9332563
demo,17887,137422173128,17177636465
demo,17888,137422173480,17177636509
demo,17889,137422173232,17177636478
demo,17890,137422173248,17177636480
demo,17891,137422173200,17177636474
demo,17892,137422173208,17177636475
demo,17893,75739912,9332313
demo,17894,75740176,9332346
demo,17895,137422173424,17177636502
demo,17896,75739906,9332312
demo,17897,137422173576,17177636521
demo,17898,137422173096,17177636461
demo,17899,137422173104,17177636462
demo,17900,137422173112,17177636463
demo,17901,137422173120,17177636464
demo,17902,137422173128,17177636465
demo,17903,137422173480,17177636509
demo,17904,137422173568,17177636520
demo,17905,75739224,9332227
demo,17906,75739256,9332231
demo,17907,80787880,9963309
demo,17908,75740006,9332324
demo,17909,137422173432,17177636503
demo,17910,75739168,9332220
demo,17911,137422173440,17177636504
demo,17912,80787776,9963296
demo,17913,137422173480,17177636509
demo,17914,80787784,9963297
demo,17915,78828625,9718402
demo,17916,78828641,9718404
demo,17917,78828657,9718406
demo,17918,78828673,9718408
demo,17919,78828645,9718404
demo,17920,137422173064,17177636457
demo,17921,137422173080,17177636459
demo,17922,137422173088,17177636460
demo,17923,137422173096,17177636461
demo,17924,137422173104,17177636462
demo,17925,137422173112,17177636463
demo,17926,137422173120,17177636464
demo,17927,137422173128,17177636465
demo,17928,67342896,8282686
demo,17929,67342616,8282651
demo,17930,67336816,8281926
demo,17931,67336816,8281926
demo,17932,137422172824,17177636427
demo,17933,67336816,8281926
demo,17934,137422172824,17177636427
demo,17935,137422172848,17177636430
demo,17936,137422172840,17177636429
demo,17937,137422173520,17177636514
demo,17938,137422173528,17177636515
demo,17939,137422173544,17177636517
demo,17940,137422173532,17177636515
demo,17941,75740004,9332324
demo,17942,75739200,9332224
demo,17943,67340800,8282424
demo,17944,67338240,8282104
demo,17945,67343925,8282814
demo,17946,67343926,8282814
demo,17947,67343080,8282709
demo,17948,67294552,8276643
demo,17949,78828624,9718402
demo,17950,67344560,8282894
demo,17951,67344568,8282895
demo,17952,78828625,9718402
demo,17953,137422171736,17177636291
demo,17954,67343128,8282715
demo,17955,67344544,8282892
demo,17956,67294552,8276643
demo,17957,78828624,9718402
demo,17958,67344560,8282894
demo,17959,67344568,8282895
demo,17960,78828625,9718402
demo,17961,137422171736,17177636291
demo,17962,67344552,8282893
demo,17963,137422171744,17177636292
demo,17964,137422171752,17177636293
demo,17965,137422171760,17177636294
demo,17966,137422171768,17177636295
demo,17967,67343925,8282814
demo,17968,67343248,8282730
demo,17969,67343096,8282711
demo,17970,67341829,8282552
demo,17971,67341830,8282552
demo,17972,67340984,8282447
demo,17973,78828625,9718402
demo,17974,1082136,91
demo,17975,78828633,9718403
demo,17976,1082144,92
demo,17977,1082136,91
demo,17978,78828625,9718402
demo,17979,137422171736,17177636291
demo,17980,67341032,8282453
demo,17981,67342976,8282696
demo,17982,78828625,9718402
demo,17983,1082136,91
demo,17984,78828633,9718403
demo,17985,1082144,92
demo,17986,1082136,91
demo,17987,78828625,9718402
demo,17988,137422171736,17177636291
demo,17989,67342984,8282697
demo,17990,67342912,8282688
demo,17991,78828625,9718402
demo,17992,67111873,8253808
demo,17993,78828633,9718403
demo,17994,67111881,8253809
demo,17995,67111888,8253810
demo,17996,78828640,9718404
demo,17997,67111893,8253810
demo,17998,78828645,9718404
demo,17999,137422171736,17177636291
demo,18000,137422171744,17177636292
demo,18001,137422171752,17177636293
demo,18002,137422171760,17177636294
demo,18003,137422171768,17177636295
demo,18004,137422172744,17177636417
demo,18005,137422172752,17177636418
demo,18006,137422172760,17177636419
demo,18007,137422172768,17177636420
demo,18008,137422172776,17177636421
demo,18009,137422172784,17177636422
demo,18010,137422172792,17177636423
demo,18011,137422172808,17177636425
demo,18012,137422172816,17177636426
demo,18013,137422172824,17177636427
demo,18014,67342896,8282686
demo,18015,137422172832,17177636428
demo,18016,137422172856,17177636431
demo,18017,137422173112,17177636463
demo,18018,137422173120,17177636464
demo,18019,137422173128,17177636465
demo,18020,137422173496,17177636511
demo,18021,137422173552,17177636518
demo,18022,67341828,8282552
demo,18023,137422173472,17177636508
demo,18024,80787792,9963298
demo,18025,80787808,9963300
demo,18026,80787824,9963302
demo,18027,80787840,9963304
demo,18028,80787856,9963306
demo,18029,80787872,9963308
demo,18030,80787888,9963310
demo,18031,80787904,9963312
demo,18032,80787920,9963314
demo,18033,80787936,9963316
demo,18034,80787952,9963318
demo,18035,80787968,9963320
demo,18036,80787984,9963322
demo,18037,80788000,9963324
demo,18038,80788016,9963326
demo,18039,80788032,9963328
demo,18040,80788048,9963330
demo,18041,80788064,9963332
demo,18042,80788080,9963334
demo,18043,80788096,9963336
demo,18044,80788112,9963338
demo,18045,80788128,9963340
demo,18046,80788144,9963342
demo,18047,80788160,9963344
demo,18048,80788176,9963346
demo,18049,80788192,9963348
demo,18050,80788208,9963350
demo,18051,80788224,9963352
demo,18052,80788240,9963354
demo,18053,80788256,9963356
demo,18054,137422173472,17177636508
demo,18055,137422173384,17177636497
demo,18056,67336720,8281914
demo,18057,67342736,8282666
demo,18058,67342744,8282667
demo,18059,137422173096,17177636461
demo,18060,137422173104,17177636462
demo,18061,137422173112,17177636463
demo,18062,137422173120,17177636464
demo,18063,137422173128,17177636465
demo,18064,137422173480,17177636509
demo,18065,137422173472,17177636508
demo,18066,137422173584,17177636522
demo,18067,137422173584,17177636522
demo,18068,137422173128,17177636465
demo,18069,75741968,9332570
demo,18070,75741968,9332570
demo,18071,137422173128,17177636465
demo,18072,137422173480,17177636509
demo,18073,137422173200,17177636474
demo,18074,137422173216,17177636476
demo,18075,137422173168,17177636470
demo,18076,137422173176,17177636471
demo,18077,75741272,9332483
demo,18078,75741536,9332516
demo,18079,137422173424,17177636502
demo,18080,75741266,9332482
demo,18081,137422173576,17177636521
demo,18082,137422173096,17177636461
demo,18083,137422173104,17177636462
demo,18084,137422173112,17177636463
demo,18085,137422173120,17177636464
demo,18086,137422173128,17177636465
demo,18087,137422173480,17177636509
demo,18088,137422173568,17177636520
demo,18089,75740584,9332397
demo,18090,75740616,9332401
demo,18091,81800392,10089873
demo,18092,75741366,9332494
demo,18093,137422173432,17177636503
demo,18094,75740528,9332390
demo,18095,137422173440,17177636504
demo,18096,81800208,10089850
demo,18097,137422173480,17177636509
demo,18098,81800216,10089851
demo,18099,80909719,9978538
demo,18100,80909728,9978540
demo,18101,137422173064,17177636457
demo,18102,137422173080,17177636459
demo,18103,137422173088,17177636460
demo,18104,137422173096,17177636461
demo,18105,137422173104,17177636462
demo,18106,137422173112,17177636463
demo,18107,137422173120,17177636464
demo,18108,137422173128,17177636465
demo,18109,67342896,8282686
demo,18110,67342616,8282651
demo,18111,67336816,8281926
demo,18112,67336816,8281926
demo,18113,137422172824,17177636427
demo,18114,67336816,8281926
demo,18115,137422172824,17177636427
demo,18116,137422172848,17177636430
demo,18117,137422172840,17177636429
demo,18118,137422173520,17177636514
demo,18119,137422173528,17177636515
demo,18120,137422173544,17177636517
demo,18121,137422173532,17177636515
demo,18122,75741364,9332494
demo,18123,75740560,9332394
demo,18124,67340800,8282424
demo,18125,67338240,8282104
demo,18126,67343925,8282814
demo,18127,67343926,8282814
demo,18128,67343080,8282709
demo,18129,67294576,8276646
demo,18130,80909712,9978538
demo,18131,67344560,8282894
demo,18132,67344568,8282895
demo,18133,80909719,9978538
demo,18134,137422171736,17177636291
demo,18135,67343128,8282715
demo,18136,67344544,8282892
demo,18137,67294576,8276646
demo,18138,80909712,9978538
demo,18139,67344560,8282894
demo,18140,67344568,8282895
demo,18141,80909719,9978538
demo,18142,137422171736,17177636291
demo,18143,67344552,8282893
demo,18144,137422171744,17177636292
demo,18145,137422171752,17177636293
demo,18146,137422171760,17177636294
demo,18147,137422171768,17177636295
demo,18148,67343925,8282814
demo,18149,67343248,8282730
demo,18150,67343096,8282711
demo,18151,67341829,8282552
demo,18152,67341830,8282552
demo,18153,67340984,8282447
demo,18154,80909719,9978538
demo,18155,1082136,91
demo,18156,80909727,9978539
demo,18157,1082144,92
demo,18158,1082136,91
demo,18159,80909719,9978538
demo,18160,137422171736,17177636291
demo,18161,67341032,8282453
demo,18162,67342976,8282696
demo,18163,80909719,9978538
demo,18164,1082136,91
demo,18165,80909727,9978539
demo,18166,1082144,92
demo,18167,1082136,91
demo,18168,80909719,9978538
demo,18169,137422171736,17177636291
demo,18170,67342984,8282697
demo,18171,67342912,8282688
demo,18172,80909719,9978538
demo,18173,67111873,8253808
demo,18174,80909727,9978539
demo,18175,67111881,8253809
demo,18176,67111874,8253808
demo,18177,80909720,9978539
demo,18178,137422171736,17177636291
demo,18179,67342920,8282689
demo,18180,137422171744,17177636292
demo,18181,137422171752,17177636293
demo,18182,137422171760,17177636294
demo,18183,137422171768,17177636295
demo,18184,67341829,8282552
demo,18185,67341152,8282468
demo,18186,67337824,8282052
demo,18187,67341080,8282459
demo,18188,67337872,8282058
demo,18189,67341830,8282552
demo,18190,80909719,9978538
demo,18191,67111873,8253808
demo,18192,80909727,9978539
demo,18193,67111881,8253809
demo,18194,67111874,8253808
demo,18195,80909720,9978539
demo,18196,137422171768,17177636295
demo,18197,67341000,8282449
demo,18198,75735893,9331810
demo,18199,75735894,9331810
demo,18200,75735048,9331705
demo,18201,80909719,9978538
demo,18202,67345184,8282972
demo,18203,80909727,9978539
demo,18204,67345192,8282973
demo,18205,67345184,8282972
demo,18206,80909719,9978538
demo,18207,137422171736,17177636291
demo,18208,75735096,9331711
demo,18209,75736256,9331856
demo,18210,80909719,9978538
demo,18211,75736280,9331859
demo,18212,80909727,9978539
demo,18213,75736288,9331860
demo,18214,75736280,9331859
demo,18215,80909719,9978538
demo,18216,137422171736,17177636291
demo,18217,75736264,9331857
demo,18218,137422171744,17177636292
demo,18219,137422171752,17177636293
demo,18220,137422171760,17177636294
demo,18221,137422171768,17177636295
demo,18222,75735893,9331810
demo,18223,75735216,9331726
demo,18224,75735064,9331707
demo,18225,75737301,9331986
demo,18226,75737302,9331986
demo,18227,75736456,9331881
demo,18228,80909719,9978538
demo,18229,75736400,9331874
demo,18230,80909727,9978539
demo,18231,75736408,9331875
demo,18232,75736400,9331874
demo,18233,80909719,9978538
demo,18234,137422171736,17177636291
demo,18235,75736504,9331887
demo,18236,75737664,9332032
demo,18237,80909719,9978538
demo,18238,75737688,9332035
demo,18239,80909727,9978539
demo,18240,75737696,9332036
demo,18241,75737691,9332035
demo,18242,80909722,9978539
demo,18243,137422171736,17177636291
demo,18244,75737672,9332033
demo,18245,137422171744,17177636292
demo,18246,137422171752,17177636293
demo,18247,137422171760,17177636294
demo,18248,137422171768,17177636295
demo,18249,75737301,9331986
demo,18250,75736624,9331902
demo,18251,78458312,9672113
demo,18252,75736552,9331893
demo,18253,78458440,9672129
demo,18254,75737302,9331986
demo,18255,80909719,9978538
demo,18256,76374167,9411594
demo,18257,80909727,9978539
demo,18258,76374175,9411595
demo,18259,76374170,9411595
demo,18260,80909722,9978539
demo,18261,137422171768,17177636295
demo,18262,75736472,9331883
demo,18263,75738661,9332156
demo,18264,75738662,9332156
demo,18265,75737816,9332051
demo,18266,80909719,9978538
demo,18267,75737760,9332044
demo,18268,80909727,9978539
demo,18269,75737768,9332045
demo,18270,75737760,9332044
demo,18271,80909719,9978538
demo,18272,137422171736,17177636291
demo,18273,75737864,9332057
demo,18274,75739024,9332202
demo,18275,80909719,9978538
demo,18276,75739048,9332205
demo,18277,80909727,9978539
demo,18278,75739056,9332206
demo,18279,75739051,9332205
demo,18280,80909722,9978539
demo,18281,137422171736,17177636291
demo,18282,75739032,9332203
demo,18283,137422171744,17177636292
demo,18284,137422171752,17177636293
demo,18285,137422171760,17177636294
demo,18286,137422171768,17177636295
demo,18287,75738661,9332156
demo,18288,75737984,9332072
demo,18289,78675416,9699251
demo,18290,75737912,9332063
demo,18291,78675544,9699267
demo,18292,75738662,9332156
demo,18293,80909719,9978538
demo,18294,78502664,9677657
demo,18295,80909727,9978539
demo,18296,78502672,9677658
demo,18297,78502667,9677657
demo,18298,80909722,9978539
demo,18299,137422171768,17177636295
demo,18300,75737832,9332053
demo,18301,75740005,9332324
demo,18302,75740006,9332324
demo,18303,75739160,9332219
demo,18304,80909719,9978538
demo,18305,75739120,9332214
demo,18306,80909727,9978539
demo,18307,75739128,9332215
demo,18308,75739120,9332214
demo,18309,80909719,9978538
demo,18310,137422171736,17177636291
demo,18311,75739208,9332225
demo,18312,75740368,9332370
demo,18313,80909719,9978538
demo,18314,75740392,9332373
demo,18315,80909727,9978539
demo,18316,75740400,9332374
demo,18317,75740401,9332374
demo,18318,80909728,9978540
demo,18319,137422171736,17177636291
demo,18320,137422171744,17177636292
demo,18321,137422171752,17177636293
demo,18322,137422171760,17177636294
demo,18323,137422171768,17177636295
demo,18324,137422172744,17177636417
demo,18325,137422172752,17177636418
demo,18326,137422172760,17177636419
demo,18327,137422172768,17177636420
demo,18328,137422172776,17177636421
demo,18329,137422172784,17177636422
demo,18330,137422172792,17177636423
demo,18331,137422172808,17177636425
demo,18332,137422172816,17177636426
demo,18333,137422172824,17177636427
demo,18334,67342896,8282686
demo,18335,137422172832,17177636428
demo,18336,137422172856,17177636431
demo,18337,137422173112,17177636463
demo,18338,137422173120,17177636464
demo,18339,137422173128,17177636465
demo,18340,137422173496,17177636511
demo,18341,137422173552,17177636518
demo,18342,75740004,9332324
demo,18343,137422173472,17177636508
demo,18344,81800224,10089852
demo,18345,137422173480,17177636509
demo,18346,81800232,10089853
demo,18347,80909729,9978540
demo,18348,80909745,9978542
demo,18349,80909761,9978544
demo,18350,80909777,9978546
demo,18351,80909749,9978542
demo,18352,137422173064,17177636457
demo,18353,137422173080,17177636459
demo,18354,137422173088,17177636460
demo,18355,137422173096,17177636461
demo,18356,137422173104,17177636462
demo,18357,137422173112,17177636463
demo,18358,137422173120,17177636464
demo,18359,137422173128,17177636465
demo,18360,67342896,8282686
demo,18361,67342616,8282651
demo,18362,67336816,8281926
demo,18363,67336816,8281926
demo,18364,137422172824,17177636427
demo,18365,67336816,8281926
demo,18366,137422172824,17177636427
demo,18367,137422172848,17177636430
demo,18368,137422172840,17177636429
demo,18369,137422173520,17177636514
demo,18370,137422173528,17177636515
demo,18371,137422173544,17177636517
demo,18372,137422173532,17177636515
demo,18373,75741364,9332494
demo,18374,75740560,9332394
demo,18375,67340800,8282424
demo,18376,67338240,8282104
demo,18377,67343925,8282814
demo,18378,67343926,8282814
demo,18379,67343080,8282709
demo,18380,67294552,8276643
demo,18381,80909728,9978540
demo,18382,67344560,8282894
demo,18383,67344568,8282895
demo,18384,80909729,9978540
demo,18385,137422171736,17177636291
demo,18386,67343128,8282715
demo,18387,67344544,8282892
demo,18388,67294552,8276643
demo,18389,80909728,9978540
demo,18390,67344560,8282894
demo,18391,67344568,8282895
demo,18392,80909729,9978540
demo,18393,137422171736,17177636291
demo,18394,67344552,8282893
demo,18395,137422171744,17177636292
demo,18396,137422171752,17177636293
demo,18397,137422171760,17177636294
demo,18398,137422171768,17177636295
demo,18399,67343925,8282814
demo,18400,67343248,8282730
demo,18401,67343096,8282711
demo,18402,67341829,8282552
demo,18403,67341830,8282552
demo,18404,67340984,8282447
demo,18405,80909729,9978540
demo,18406,1082136,91
demo,18407,80909737,9978541
demo,18408,1082144,92
demo,18409,1082136,91
demo,18410,80909729,9978540
demo,18411,137422171736,17177636291
demo,18412,67341032,8282453
demo,18413,67342976,8282696
demo,18414,80909729,9978540
demo,18415,1082136,91
demo,18416,80909737,9978541
demo,18417,1082144,92
demo,18418,1082136,91
demo,18419,80909729,9978540
demo,18420,137422171736,17177636291
demo,18421,67342984,8282697
demo,18422,67342912,8282688
demo,18423,80909729,9978540
demo,18424,67111873,8253808
demo,18425,80909737,9978541
demo,18426,67111881,8253809
demo,18427,67111888,8253810
demo,18428,80909744,9978542
demo,18429,67111893,8253810
demo,18430,80909749,9978542
demo,18431,137422171736,17177636291
demo,18432,137422171744,17177636292
demo,18433,137422171752,17177636293
demo,18434,137422171760,17177636294
demo,18435,137422171768,17177636295
demo,18436,137422172744,17177636417
demo,18437,137422172752,17177636418
demo,18438,137422172760,17177636419
demo,18439,137422172768,17177636420
demo,18440,137422172776,17177636421
demo,18441,137422172784,17177636422
demo,18442,137422172792,17177636423
demo,18443,137422172808,17177636425
demo,18444,137422172816,17177636426
demo,18445,137422172824,17177636427
demo,18446,67342896,8282686
demo,18447,137422172832,17177636428
demo,18448,137422172856,17177636431
demo,18449,137422173112,17177636463
demo,18450,137422173120,17177636464
demo,18451,137422173128,17177636465
demo,18452,137422173496,17177636511
demo,18453,137422173552,17177636518
demo,18454,67341828,8282552
demo,18455,137422173472,17177636508
demo,18456,81800240,10089854
demo,18457,81800256,10089856
demo,18458,81800272,10089858
demo,18459,81800288,10089860
demo,18460,81800304,10089862
demo,18461,81800320,10089864
demo,18462,81800336,10089866
demo,18463,81800352,10089868
demo,18464,81800368,10089870
demo,18465,81800384,10089872
demo,18466,81800400,10089874
demo,18467,81800416,10089876
demo,18468,81800432,10089878
demo,18469,81800448,10089880
demo,18470,81800464,10089882
demo,18471,81800480,10089884
demo,18472,81800496,10089886
demo,18473,81800512,10089888
demo,18474,81800528,10089890
demo,18475,81800544,10089892
demo,18476,81800560,10089894
demo,18477,81800576,10089896
demo,18478,81800592,10089898
demo,18479,81800608,10089900
demo,18480,81800624,10089902
demo,18481,81800640,10089904
demo,18482,81800656,10089906
demo,18483,81800672,10089908
demo,18484,81800688,10089910
demo,18485,81800704,10089912
demo,18486,81800720,10089914
demo,18487,81800736,10089916
demo,18488,81800752,10089918
demo,18489,81800768,10089920
demo,18490,137422173472,17177636508
demo,18491,137422173384,17177636497
demo,18492,67336720,8281914
demo,18493,67342736,8282666
demo,18494,67342744,8282667
demo,18495,137422173096,17177636461
demo,18496,137422173104,17177636462
demo,18497,137422173112,17177636463
demo,18498,137422173120,17177636464
demo,18499,137422173128,17177636465
demo,18500,137422173480,17177636509
demo,18501,137422173472,17177636508
demo,18502,137422173584,17177636522
demo,18503,137422173592,17177636523
demo,18504,137422173128,17177636465
demo,18505,75742016,9332576
demo,18506,75742024,9332577
demo,18507,137422173128,17177636465
demo,18508,137422173480,17177636509
demo,18509,137422173168,17177636470
demo,18510,137422173184,17177636472
demo,18511,137422173136,17177636466
demo,18512,137422173144,17177636467
demo,18513,67341736,8282541
demo,18514,67342000,8282574
demo,18515,137422173424,17177636502
demo,18516,67341730,8282540
demo,18517,67341048,8282455
demo,18518,67341520,8282514
demo,18519,67341504,8282512
demo,18520,137422173136,17177636466
demo,18521,137422173152,17177636468
demo,18522,137422173404,17177636499
demo,18523,137422173392,17177636498
demo,18524,137422173424,17177636502
demo,18525,137422173408,17177636500
demo,18526,137422173568,17177636520
demo,18527,67343008,8282700
demo,18528,67344096,8282836
demo,18529,137422173444,17177636504
demo,18530,67336720,8281914
demo,18531,67342736,8282666
demo,18532,67342744,8282667
demo,18533,137422173096,17177636461
demo,18534,137422173104,17177636462
demo,18535,137422173112,17177636463
demo,18536,137422173120,17177636464
demo,18537,137422173128,17177636465
demo,18538,137422173480,17177636509
demo,18539,137422173456,17177636506
demo,18540,137422173444,17177636504
demo,18541,137422173432,17177636503
demo,18542,137422173304,17177636487
demo,18543,137422173312,17177636488
demo,18544,137422173328,17177636490
demo,18545,137422173336,17177636491
demo,18546,137422173272,17177636483
demo,18547,137422173280,17177636484
demo,18548,137422173240,17177636479
demo,18549,137422173248,17177636480
demo,18550,137422173208,17177636475
demo,18551,137422173216,17177636476
demo,18552,137422173176,17177636471
demo,18553,137422173184,17177636472
demo,18554,137422173144,17177636467
demo,18555,137422173152,17177636468
demo,18556,67344104,8282837
demo,18557,75742144,9332592
demo,18558,75742160,9332594
demo,18559,75742184,9332597
demo,18560,75742168,9332595
demo,18561,137422173128,17177636465
demo,18562,137422173456,17177636506
demo,18563,137422173480,17177636509
demo,18564,75742080,9332584
demo,18565,67343120,8282714
demo,18566,67338272,8282108
demo,18567,67337704,8282037
demo,18568,75742080,9332584
demo,18569,75742128,9332590
demo,18570,75742120,9332589
demo,18571,75742112,9332588
demo,18572,75742104,9332587
demo,18573,75742096,9332586
demo,18574,75742088,9332585
demo,18575,75742080,9332584
demo,18576,75742128,9332590
demo,18577,67341829,8282552
demo,18578,67342000,8282574
demo,18579,137422173056,17177636456
demo,18580,137422172848,17177636430
demo,18581,137422172856,17177636431
demo,18582,137422172864,17177636432
demo,18583,137422172872,17177636433
demo,18584,137422172880,17177636434
demo,18585,137422172888,17177636435
demo,18586,137422173056,17177636456
demo,18587,75742120,9332589
demo,18588,75741365,9332494
demo,18589,75741536,9332516
demo,18590,75742016,9332576
demo,18591,75741365,9332494
demo,18592,75742024,9332577
demo,18593,75740005,9332324
demo,18594,75740176,9332346
demo,18595,75741968,9332570
demo,18596,75740005,9332324
demo,18597,75741976,9332571
demo,18598,67341829,8282552
demo,18599,75741984,9332572
demo,18600,137422173056,17177636456
demo,18601,137422172800,17177636424
demo,18602,137422172808,17177636425
demo,18603,137422172816,17177636426
demo,18604,137422172824,17177636427
demo,18605,137422172832,17177636428
demo,18606,137422172840,17177636429
demo,18607,75741536,9332516
demo,18608,75742032,9332578
demo,18609,67341829,8282552
demo,18610,75742040,9332579
demo,18611,137422173056,17177636456
demo,18612,137422172848,17177636430
demo,18613,137422172856,17177636431
demo,18614,137422172864,17177636432
demo,18615,137422172872,17177636433
demo,18616,137422172880,17177636434
demo,18617,137422172888,17177636435
demo,18618,137422173056,17177636456
demo,18619,75742112,9332588
demo,18620,75740005,9332324
demo,18621,75742104,9332587
demo,18622,75738661,9332156
demo,18623,75738832,9332178
demo,18624,75741904,9332562
demo,18625,75738661,9332156
demo,18626,75741912,9332563
demo,18627,75740005,9332324
demo,18628,75741920,9332564
demo,18629,67341829,8282552
demo,18630,75741928,9332565
demo,18631,137422173056,17177636456
demo,18632,137422172848,17177636430
demo,18633,137422172856,17177636431
demo,18634,137422172864,17177636432
demo,18635,137422172872,17177636433
demo,18636,137422172880,17177636434
demo,18637,137422172888,17177636435
demo,18638,137422173056,17177636456
demo,18639,75742096,9332586
demo,18640,75737301,9331986
demo,18641,75737472,9332008
demo,18642,75741808,9332550
demo,18643,75737301,9331986
demo,18644,75741816,9332551
demo,18645,75741365,9332494
demo,18646,75741824,9332552
demo,18647,75740005,9332324
demo,18648,75741832,9332553
demo,18649,67341829,8282552
demo,18650,75741840,9332554
demo,18651,75738661,9332156
demo,18652,75741848,9332555
demo,18653,137422173056,17177636456
demo,18654,137422172848,17177636430
demo,18655,137422172856,17177636431
demo,18656,137422172864,17177636432
demo,18657,137422172872,17177636433
demo,18658,137422172880,17177636434
demo,18659,137422172888,17177636435
demo,18660,137422173056,17177636456
demo,18661,75742088,9332585
demo,18662,75735893,9331810
demo,18663,75736064,9331832
demo,18664,75740448,9332380
demo,18665,75735893,9331810
demo,18666,75740456,9332381
demo,18667,137422173056,17177636456
demo,18668,137422172848,17177636430
demo,18669,137422172856,17177636431
demo,18670,137422172864,17177636432
demo,18671,137422172872,17177636433
demo,18672,137422172880,17177636434
demo,18673,137422172888,17177636435
demo,18674,137422173056,17177636456
demo,18675,75742080,9332584
demo,18676,67343925,8282814
demo,18677,67344096,8282836
demo,18678,137422173056,17177636456
demo,18679,137422172848,17177636430
demo,18680,137422172856,17177636431
demo,18681,137422172864,17177636432
demo,18682,137422172872,17177636433
demo,18683,137422172880,17177636434
demo,18684,137422172888,17177636435
demo,18685,137422173056,17177636456
demo,18686,137422173055,17177636455
demo,18687,137422172896,17177636436
demo,18688,137422172912,17177636438
demo,18689,137422172936,17177636441
demo,18690,137422172920,17177636439
demo,18691,137422172888,17177636435
demo,18692,75742080,9332584
demo,18693,137422173080,17177636459
demo,18694,137422173088,17177636460
demo,18695,137422173096,17177636461
demo,18696,137422173104,17177636462
demo,18697,137422173112,17177636463
demo,18698,137422173120,17177636464
demo,18699,137422173128,17177636465
demo,18700,137422173456,17177636506
demo,18701,137422173480,17177636509
demo,18702,137422173472,17177636508
demo,18703,137422174616,17177636651
demo,18704,137422174624,17177636652
demo,18705,137422174632,17177636653
demo,18706,137422174640,17177636654
demo,18707,137422174648,17177636655
demo,18708,137422174656,17177636656
demo,18709,137422174664,17177636657
demo,18710,137422174768,17177636670
demo,18711,67343840,8282804
demo,18712,67343832,8282803
demo,18713,75742192,9332598
demo,18714,75742184,9332597
demo,18715,75742176,9332596
demo,18716,75742168,9332595
demo,18717,75742160,9332594
demo,18718,75742152,9332593
demo,18719,75742144,9332592
demo,18720,67341008,8282450
demo,18721,67341000,8282449
demo,18722,137422174736,17177636666
demo,18723,75742152,9332593
demo,18724,75742160,9332594
demo,18725,75742168,9332595
demo,18726,75742176,9332596
demo,18727,75742184,9332597
demo,18728,75742192,9332598
demo,18729,137422175320,17177636739
demo,18730,75742184,9332597
demo,18731,67337632,8282028
demo,18732,75740536,9332391
demo,18733,137422174736,17177636666
demo,18734,67341000,8282449
demo,18735,67342896,8282686
demo,18736,67342608,8282650
demo,18737,67342616,8282651
demo,18738,137422174836,17177636678
demo,18739,67338240,8282104
demo,18740,67343925,8282814
demo,18741,67343176,8282721
demo,18742,1105304,2987
demo,18743,67343926,8282814
demo,18744,67343480,8282759
demo,18745,67343496,8282761
demo,18746,1105528,3015
demo,18747,67343072,8282708
demo,18748,1084264,357
demo,18749,137422174400,17177636624
demo,18750,1084268,357
demo,18751,67343120,8282714
demo,18752,67338240,8282104
demo,18753,67343080,8282709
demo,18754,67294568,8276645
demo,18755,67344560,8282894
demo,18756,1084016,326
demo,18757,67344568,8282895
demo,18758,1084027,327
demo,18759,137422174296,17177636611
demo,18760,67343128,8282715
demo,18761,67344544,8282892
demo,18762,67294568,8276645
demo,18763,67344560,8282894
demo,18764,1084016,326
demo,18765,67344568,8282895
demo,18766,1084027,327
demo,18767,137422174296,17177636611
demo,18768,67344552,8282893
demo,18769,137422174304,17177636612
demo,18770,137422174312,17177636613
demo,18771,137422174320,17177636614
demo,18772,137422174328,17177636615
demo,18773,67343096,8282711
demo,18774,75735048,9331705
demo,18775,67294536,8276641
demo,18776,67345184,8282972
demo,18777,1084016,326
demo,18778,67345184,8282972
demo,18779,1084027,327
demo,18780,137422174296,17177636611
demo,18781,75735096,9331711
demo,18782,75736256,9331856
demo,18783,67294568,8276645
demo,18784,75736272,9331858
demo,18785,1084016,326
demo,18786,75736280,9331859
demo,18787,1084027,327
demo,18788,137422174296,17177636611
demo,18789,75736264,9331857
demo,18790,137422174304,17177636612
demo,18791,137422174312,17177636613
demo,18792,137422174320,17177636614
demo,18793,137422174328,17177636615
demo,18794,75735064,9331707
demo,18795,75736456,9331881
demo,18796,67294536,8276641
demo,18797,75736400,9331874
demo,18798,1084016,326
demo,18799,75736400,9331874
demo,18800,1084027,327
demo,18801,137422174296,17177636611
demo,18802,75736504,9331887
demo,18803,75737664,9332032
demo,18804,67294568,8276645
demo,18805,75737680,9332034
demo,18806,1084016,326
demo,18807,75737691,9332035
demo,18808,1084030,327
demo,18809,137422174296,17177636611
demo,18810,75737672,9332033
demo,18811,137422174304,17177636612
demo,18812,137422174312,17177636613
demo,18813,137422174320,17177636614
demo,18814,137422174328,17177636615
demo,18815,75736472,9331883
demo,18816,75737816,9332051
demo,18817,67294536,8276641
demo,18818,75737760,9332044
demo,18819,1084016,326
demo,18820,75737760,9332044
demo,18821,1084027,327
demo,18822,137422174296,17177636611
demo,18823,75737864,9332057
demo,18824,75739024,9332202
demo,18825,67294568,8276645
demo,18826,75739040,9332204
demo,18827,1084016,326
demo,18828,75739040,9332204
demo,18829,1084032,328
demo,18830,75739056,9332206
demo,18831,75739061,9332206
demo,18832,1084040,329
demo,18833,137422174296,17177636611
demo,18834,137422174304,17177636612
demo,18835,137422174312,17177636613
demo,18836,137422174320,17177636614
demo,18837,137422174328,17177636615
demo,18838,137422174356,17177636618
demo,18839,1084272,358
demo,18840,137422174424,17177636627
demo,18841,1084288,360
demo,18842,137422174400,17177636624
demo,18843,67343080,8282709
demo,18844,1084280,359
demo,18845,1084284,359
demo,18846,67344568,8282895
demo,18847,137422174392,17177636623
demo,18848,75737848,9332055
demo,18849,67336824,8281927
demo,18850,137422175656,17177636781
demo,18851,75737912,9332063
demo,18852,78675544,9699267
demo,18853,75738662,9332156
demo,18854,67336864,8281932
demo,18855,75738232,9332103
demo,18856,78675720,9699289
demo,18857,75737808,9332050
demo,18858,78503360,9677744
demo,18859,78503368,9677745
demo,18860,78503376,9677746
demo,18861,78503388,9677747
demo,18862,78503396,9677748
demo,18863,78503400,9677749
demo,18864,137422174424,17177636627
demo,18865,78503408,9677750
demo,18866,1084051,330
demo,18867,78502678,9677658
demo,18868,1084059,331
demo,18869,78502686,9677659
demo,18870,78502685,9677659
demo,18871,1084058,331
demo,18872,137422174328,17177636615
demo,18873,137422174408,17177636625
demo,18874,1084280,359
demo,18875,137422174416,17177636626
demo,18876,1084286,359
demo,18877,1084292,360
demo,18878,137422174360,17177636619
demo,18879,1084276,358
demo,18880,137422174400,17177636624
demo,18881,1084300,361
demo,18882,67343120,8282714
demo,18883,67338240,8282104
demo,18884,67343080,8282709
demo,18885,67294576,8276646
demo,18886,67344560,8282894
demo,18887,1084032,328
demo,18888,67344568,8282895
demo,18889,1084041,329
demo,18890,137422174296,17177636611
demo,18891,67343128,8282715
demo,18892,67344544,8282892
demo,18893,67294576,8276646
demo,18894,67344560,8282894
demo,18895,1084032,328
demo,18896,67344568,8282895
demo,18897,1084041,329
demo,18898,137422174296,17177636611
demo,18899,67344552,8282893
demo,18900,137422174304,17177636612
demo,18901,137422174312,17177636613
demo,18902,137422174320,17177636614
demo,18903,137422174328,17177636615
demo,18904,67343096,8282711
demo,18905,75735048,9331705
demo,18906,1084041,329
demo,18907,67345184,8282972
demo,18908,1084049,330
demo,18909,67345192,8282973
demo,18910,67345184,8282972
demo,18911,1084041,329
demo,18912,137422174296,17177636611
demo,18913,75735096,9331711
demo,18914,75736256,9331856
demo,18915,1084041,329
demo,18916,75736280,9331859
demo,18917,1084049,330
demo,18918,75736288,9331860
demo,18919,75736280,9331859
demo,18920,1084041,329
demo,18921,137422174296,17177636611
demo,18922,75736264,9331857
demo,18923,137422174304,17177636612
demo,18924,137422174312,17177636613
demo,18925,137422174320,17177636614
demo,18926,137422174328,17177636615
demo,18927,75735064,9331707
demo,18928,75736456,9331881
demo,18929,1084041,329
demo,18930,75736400,9331874
demo,18931,1084049,330
demo,18932,75736408,9331875
demo,18933,75736400,9331874
demo,18934,1084041,329
demo,18935,137422174296,17177636611
demo,18936,75736504,9331887
demo,18937,75737664,9332032
demo,18938,1084041,329
demo,18939,75737688,9332035
demo,18940,1084049,330
demo,18941,75737696,9332036
demo,18942,75737691,9332035
demo,18943,1084044,329
demo,18944,137422174296,17177636611
demo,18945,75737672,9332033
demo,18946,137422174304,17177636612
demo,18947,137422174312,17177636613
demo,18948,137422174320,17177636614
demo,18949,137422174328,17177636615
demo,18950,75736472,9331883
demo,18951,75737816,9332051
demo,18952,1084041,329
demo,18953,75737760,9332044
demo,18954,1084049,330
demo,18955,75737768,9332045
demo,18956,75737760,9332044
demo,18957,1084041,329
demo,18958,137422174296,17177636611
demo,18959,75737864,9332057
demo,18960,75739024,9332202
demo,18961,1084041,329
demo,18962,75739048,9332205
demo,18963,1084049,330
demo,18964,75739056,9332206
demo,18965,75739051,9332205
demo,18966,1084044,329
demo,18967,137422174296,17177636611
demo,18968,75739032,9332203
demo,18969,137422174304,17177636612
demo,18970,137422174312,17177636613
demo,18971,137422174320,17177636614
demo,18972,137422174328,17177636615
demo,18973,75737832,9332053
demo,18974,75739160,9332219
demo,18975,1084041,329
demo,18976,75739120,9332214
demo,18977,1084049,330
demo,18978,75739128,9332215
demo,18979,75739120,9332214
demo,18980,1084041,329
demo,18981,137422174296,17177636611
demo,18982,75739208,9332225
demo,18983,75740368,9332370
demo,18984,1084041,329
demo,18985,75740392,9332373
demo,18986,1084049,330
demo,18987,75740400,9332374
demo,18988,75740401,9332374
demo,18989,1084050,330
demo,18990,137422174296,17177636611
demo,18991,137422174304,17177636612
demo,18992,137422174312,17177636613
demo,18993,137422174320,17177636614
demo,18994,137422174328,17177636615
demo,18995,137422174356,17177636618
demo,18996,1084304,362
demo,18997,137422174424,17177636627
demo,18998,1084320,364
demo,18999,137422174400,17177636624
demo,19000,67343080,8282709
demo,19001,1084312,363
demo,19002,1084316,363
demo,19003,67344568,8282895
demo,19004,137422174392,17177636623
demo,19005,75739192,9332223
demo,19006,67336824,8281927
demo,19007,137422175656,17177636781
demo,19008,75739256,9332231
demo,19009,80787880,9963309
demo,19010,75740006,9332324
demo,19011,67336864,8281932
demo,19012,75739576,9332271
demo,19013,80788104,9963337
demo,19014,75739152,9332218
demo,19015,78835416,9719251
demo,19016,78835424,9719252
demo,19017,78835432,9719253
demo,19018,78835444,9719254
demo,19019,78835452,9719255
demo,19020,78835460,9719256
demo,19021,78835472,9719258
demo,19022,78835480,9719259
demo,19023,78835488,9719260
demo,19024,78835508,9719262
demo,19025,78835516,9719263
demo,19026,78835524,9719264
demo,19027,78835544,9719267
demo,19028,78835552,9719268
demo,19029,78835560,9719269
demo,19030,78835580,9719271
demo,19031,78835588,9719272
demo,19032,78835596,9719273
demo,19033,78835616,9719276
demo,19034,78835624,9719277
demo,19035,78835632,9719278
demo,19036,78835652,9719280
demo,19037,78835660,9719281
demo,19038,78835664,9719282
demo,19039,137422174424,17177636627
demo,19040,78835672,9719283
demo,19041,67294560,8276644
demo,19042,78828720,9718414
demo,19043,1084048,330
demo,19044,78828720,9718414
demo,19045,1084064,332
demo,19046,78828736,9718416
demo,19047,78828735,9718415
demo,19048,1084068,332
demo,19049,137422174328,17177636615
demo,19050,137422174408,17177636625
demo,19051,1084312,363
demo,19052,137422174416,17177636626
demo,19053,1084318,363
demo,19054,1084324,364
demo,19055,1084336,366
demo,19056,137422174400,17177636624
demo,19057,67343080,8282709
demo,19058,1084328,365
demo,19059,1084332,365
demo,19060,67344568,8282895
demo,19061,137422174392,17177636623
demo,19062,75739192,9332223
demo,19063,67336824,8281927
demo,19064,137422175656,17177636781
demo,19065,75739256,9332231
demo,19066,80787880,9963309
demo,19067,75740006,9332324
demo,19068,67336864,8281932
demo,19069,75739576,9332271
demo,19070,80788104,9963337
demo,19071,75739152,9332218
demo,19072,78835416,9719251
demo,19073,78835424,9719252
demo,19074,78835432,9719253
demo,19075,78835444,9719254
demo,19076,78835452,9719255
demo,19077,78835460,9719256
demo,19078,78835472,9719258
demo,19079,78835480,9719259
demo,19080,78835488,9719260
demo,19081,78835508,9719262
demo,19082,78835516,9719263
demo,19083,78835524,9719264
demo,19084,78835544,9719267
demo,19085,78835552,9719268
demo,19086,78835560,9719269
demo,19087,78835580,9719271
demo,19088,78835588,9719272
demo,19089,78835596,9719273
demo,19090,78835616,9719276
demo,19091,78835624,9719277
demo,19092,78835632,9719278
demo,19093,78835652,9719280
demo,19094,78835660,9719281
demo,19095,78835668,9719282
demo,19096,78835688,9719285
demo,19097,78835696,9719286
demo,19098,78835704,9719287
demo,19099,78835724,9719289
demo,19100,78835732,9719290
demo,19101,78835740,9719291
demo,19102,78835760,9719294
demo,19103,78835768,9719295
demo,19104,78835776,9719296
demo,19105,78835796,9719298
demo,19106,78835804,9719299
demo,19107,78835812,9719300
demo,19108,78835832,9719303
demo,19109,78835840,9719304
demo,19110,78835848,9719305
demo,19111,78835868,9719307
demo,19112,78835876,9719308
demo,19113,78835884,9719309
demo,19114,78835904,9719312
demo,19115,78835912,9719313
demo,19116,78835920,9719314
demo,19117,78835940,9719316
demo,19118,78835948,9719317
demo,19119,78835956,9719318
demo,19120,78835976,9719321
demo,19121,78835984,9719322
demo,19122,78835992,9719323
demo,19123,78836012,9719325
demo,19124,78836020,9719326
demo,19125,78836024,9719327
demo,19126,137422174424,17177636627
demo,19127,78836032,9719328
demo,19128,1084069,332
demo,19129,78828830,9718427
demo,19130,1084077,333
demo,19131,78828838,9718428
demo,19132,78828840,9718429
demo,19133,1084079,333
demo,19134,137422174328,17177636615
demo,19135,137422174408,17177636625
demo,19136,1084328,365
demo,19137,137422174416,17177636626
demo,19138,1084334,365
demo,19139,1084340,366
demo,19140,1084352,368
demo,19141,137422174400,17177636624
demo,19142,67343080,8282709
demo,19143,1084344,367
demo,19144,1084348,367
demo,19145,67344568,8282895
demo,19146,137422174392,17177636623
demo,19147,75739192,9332223
demo,19148,67336824,8281927
demo,19149,137422175656,17177636781
demo,19150,75739256,9332231
demo,19151,80787880,9963309
demo,19152,75740006,9332324
demo,19153,67336864,8281932
demo,19154,75739576,9332271
demo,19155,80788104,9963337
demo,19156,75739152,9332218
demo,19157,78835416,9719251
demo,19158,78835424,9719252
demo,19159,78835432,9719253
demo,19160,78835444,9719254
demo,19161,78835452,9719255
demo,19162,78835460,9719256
demo,19163,78835472,9719258
demo,19164,78835480,9719259
demo,19165,78835488,9719260
demo,19166,78835508,9719262
demo,19167,78835516,9719263
demo,19168,78835524,9719264
demo,19169,78835544,9719267
demo,19170,78835552,9719268
demo,19171,78835560,9719269
demo,19172,78835580,9719271
demo,19173,78835588,9719272
demo,19174,78835596,9719273
demo,19175,78835616,9719276
demo,19176,78835624,9719277
demo,19177,78835632,9719278
demo,19178,78835652,9719280
demo,19179,78835660,9719281
demo,19180,78835668,9719282
demo,19181,78835688,9719285
demo,19182,78835696,9719286
demo,19183,78835704,9719287
demo,19184,78835724,9719289
demo,19185,78835732,9719290
demo,19186,78835740,9719291
demo,19187,78835760,9719294
demo,19188,78835768,9719295
demo,19189,78835776,9719296
demo,19190,78835796,9719298
demo,19191,78835804,9719299
demo,19192,78835812,9719300
demo,19193,78835832,9719303
demo,19194,78835840,9719304
demo,19195,78835848,9719305
demo,19196,78835868,9719307
demo,19197,78835876,9719308
demo,19198,78835884,9719309
demo,19199,78835904,9719312
demo,19200,78835912,9719313
demo,19201,78835920,9719314
demo,19202,78835940,9719316
demo,19203,78835948,9719317
demo,19204,78835956,9719318
demo,19205,78835976,9719321
demo,19206,78835984,9719322
demo,19207,78835992,9719323
demo,19208,78836012,9719325
demo,19209,78836020,9719326
demo,19210,78836028,9719327
demo,19211,78836048,9719330
demo,19212,78836056,9719331
demo,19213,78836064,9719332
demo,19214,78836084,9719334
demo,19215,78836092,9719335
demo,19216,78836100,9719336
demo,19217,78836120,9719339
demo,19218,78836128,9719340
demo,19219,78836136,9719341
demo,19220,78836156,9719343
demo,19221,78836164,9719344
demo,19222,78836172,9719345
demo,19223,78836192,9719348
demo,19224,78836200,9719349
demo,19225,78836208,9719350
demo,19226,78836228,9719352
demo,19227,78836236,9719353
demo,19228,78836244,9719354
demo,19229,78836264,9719357
demo,19230,78836272,9719358
demo,19231,78836280,9719359
demo,19232,78836300,9719361
demo,19233,78836308,9719362
demo,19234,78836316,9719363
demo,19235,78836336,9719366
demo,19236,78836344,9719367
demo,19237,78836352,9719368
demo,19238,78836372,9719370
demo,19239,78836380,9719371
demo,19240,78836388,9719372
demo,19241,78836408,9719375
demo,19242,78836416,9719376
demo,19243,78836424,9719377
demo,19244,78836444,9719379
demo,19245,78836452,9719380
demo,19246,78836460,9719381
demo,19247,78836480,9719384
demo,19248,78836488,9719385
demo,19249,78836496,9719386
demo,19250,78836516,9719388
demo,19251,78836524,9719389
demo,19252,78836532,9719390
demo,19253,78836552,9719393
demo,19254,78836560,9719394
demo,19255,78836568,9719395
demo,19256,78836588,9719397
demo,19257,78836596,9719398
demo,19258,78836604,9719399
demo,19259,78836624,9719402
demo,19260,78836632,9719403
demo,19261,78836636,9719403
demo,19262,137422174424,17177636627
demo,19263,78836644,9719404
demo,19264,1084080,334
demo,19265,78829017,9718451
demo,19266,1084088,335
demo,19267,78829025,9718452
demo,19268,78829027,9718452
demo,19269,1084090,335
demo,19270,137422174328,17177636615
demo,19271,137422174408,17177636625
demo,19272,1084344,367
demo,19273,137422174416,17177636626
demo,19274,1084350,367
demo,19275,1084356,368
demo,19276,1084368,370
demo,19277,137422174400,17177636624
demo,19278,67343080,8282709
demo,19279,1084360,369
demo,19280,1084364,369
demo,19281,67344568,8282895
demo,19282,137422174392,17177636623
demo,19283,75739192,9332223
demo,19284,67336824,8281927
demo,19285,137422175656,17177636781
demo,19286,75739256,9332231
demo,19287,80787880,9963309
demo,19288,75740006,9332324
demo,19289,67336864,8281932
demo,19290,75739576,9332271
demo,19291,80788104,9963337
demo,19292,75739152,9332218
demo,19293,78835416,9719251
demo,19294,78835424,9719252
demo,19295,78835432,9719253
demo,19296,78835444,9719254
demo,19297,78835452,9719255
demo,19298,78835460,9719256
demo,19299,78835472,9719258
demo,19300,78835480,9719259
demo,19301,78835488,9719260
demo,19302,78835508,9719262
demo,19303,78835516,9719263
demo,19304,78835524,9719264
demo,19305,78835544,9719267
demo,19306,78835552,9719268
demo,19307,78835560,9719269
demo,19308,78835580,9719271
demo,19309,78835588,9719272
demo,19310,78835596,9719273
demo,19311,78835616,9719276
demo,19312,78835624,9719277
demo,19313,78835632,9719278
demo,19314,78835652,9719280
demo,19315,78835660,9719281
demo,19316,78835668,9719282
demo,19317,78835688,9719285
demo,19318,78835696,9719286
demo,19319,78835704,9719287
demo,19320,78835724,9719289
demo,19321,78835732,9719290
demo,19322,78835740,9719291
demo,19323,78835760,9719294
demo,19324,78835768,9719295
demo,19325,78835776,9719296
demo,19326,78835796,9719298
demo,19327,78835804,9719299
demo,19328,78835812,9719300
demo,19329,78835832,9719303
demo,19330,78835840,9719304
demo,19331,78835848,9719305
demo,19332,78835868,9719307
demo,19333,78835876,9719308
demo,19334,78835884,9719309
demo,19335,78835904,9719312
demo,19336,78835912,9719313
demo,19337,78835920,9719314
demo,19338,78835940,9719316
demo,19339,78835948,9719317
demo,19340,78835956,9719318
demo,19341,78835976,9719321
demo,19342,78835984,9719322
demo,19343,78835992,9719323
demo,19344,78836012,9719325
demo,19345,78836020,9719326
demo,19346,78836028,9719327
demo,19347,78836048,9719330
demo,19348,78836056,9719331
demo,19349,78836064,9719332
demo,19350,78836084,9719334
demo,19351,78836092,9719335
demo,19352,78836100,9719336
demo,19353,78836120,9719339
demo,19354,78836128,9719340
demo,19355,78836136,9719341
demo,19356,78836156,9719343
demo,19357,78836164,9719344
demo,19358,78836172,9719345
demo,19359,78836192,9719348
demo,19360,78836200,9719349
demo,19361,78836208,9719350
demo,19362,78836228,9719352
demo,19363,78836236,9719353
demo,19364,78836244,9719354
demo,19365,78836264,9719357
demo,19366,78836272,9719358
demo,19367,78836280,9719359
demo,19368,78836300,9719361
demo,19369,78836308,9719362
demo,19370,78836316,9719363
demo,19371,78836336,9719366
demo,19372,78836344,9719367
demo,19373,78836352,9719368
demo,19374,78836372,9719370
demo,19375,78836380,9719371
demo,19376,78836388,9719372
demo,19377,78836408,9719375
demo,19378,78836416,9719376
demo,19379,78836424,9719377
demo,19380,78836444,9719379
demo,19381,78836452,9719380
demo,19382,78836460,9719381
demo,19383,78836480,9719384
demo,19384,78836488,9719385
demo,19385,78836496,9719386
demo,19386,78836516,9719388
demo,19387,78836524,9719389
demo,19388,78836532,9719390
demo,19389,78836552,9719393
demo,19390,78836560,9719394
demo,19391,78836568,9719395
demo,19392,78836588,9719397
demo,19393,78836596,9719398
demo,19394,78836604,9719399
demo,19395,78836624,9719402
demo,19396,78836632,9719403
demo,19397,78836640,9719404
demo,19398,78836660,9719406
demo,19399,78836668,9719407
demo,19400,78836676,9719408
demo,19401,78836696,9719411
demo,19402,78836704,9719412
demo,19403,78836712,9719413
demo,19404,78836732,9719415
demo,19405,78836740,9719416
demo,19406,78836744,9719417
demo,19407,137422174424,17177636627
demo,19408,78836752,9719418
demo,19409,67294576,8276646
demo,19410,78829040,9718454
demo,19411,1084080,334
demo,19412,78829040,9718454
demo,19413,1084096,336
demo,19414,78829056,9718456
demo,19415,78829060,9718456
demo,19416,1084101,336
demo,19417,137422174328,17177636615
demo,19418,137422174408,17177636625
demo,19419,1084360,369
demo,19420,137422174416,17177636626
demo,19421,1084366,369
demo,19422,1084372,370
demo,19423,1084384,372
demo,19424,137422174400,17177636624
demo,19425,67343080,8282709
demo,19426,1084376,371
demo,19427,1084380,371
demo,19428,67344568,8282895
demo,19429,137422174392,17177636623
demo,19430,75739192,9332223
demo,19431,67336824,8281927
demo,19432,137422175656,17177636781
demo,19433,75739256,9332231
demo,19434,80787880,9963309
demo,19435,75740006,9332324
demo,19436,67336864,8281932
demo,19437,75739576,9332271
demo,19438,80788104,9963337
demo,19439,75739152,9332218
demo,19440,78835416,9719251
demo,19441,78835424,9719252
demo,19442,78835432,9719253
demo,19443,78835444,9719254
demo,19444,78835452,9719255
demo,19445,78835456,9719256
demo,19446,137422174424,17177636627
demo,19447,78835464,9719257
demo,19448,1084102,336
demo,19449,78828656,9718406
demo,19450,1084110,337
demo,19451,78828664,9718407
demo,19452,78828667,9718407
demo,19453,1084113,338
demo,19454,137422174328,17177636615
demo,19455,137422174408,17177636625
demo,19456,1084376,371
demo,19457,137422174416,17177636626
demo,19458,1084382,371
demo,19459,1084388,372
demo,19460,137422174360,17177636619
demo,19461,1084308,362
demo,19462,137422174400,17177636624
demo,19463,1084396,373
demo,19464,67343120,8282714
demo,19465,67338240,8282104
demo,19466,67343080,8282709
demo,19467,67294564,8276644
demo,19468,67344560,8282894
demo,19469,1084000,324
demo,19470,67344568,8282895
demo,19471,1084012,325
demo,19472,137422174296,17177636611
demo,19473,67343128,8282715
demo,19474,67344544,8282892
demo,19475,67294564,8276644
demo,19476,67344560,8282894
demo,19477,1084000,324
demo,19478,67344568,8282895
demo,19479,1084012,325
demo,19480,137422174296,17177636611
demo,19481,67344552,8282893
demo,19482,137422174304,17177636612
demo,19483,137422174312,17177636613
demo,19484,137422174320,17177636614
demo,19485,137422174328,17177636615
demo,19486,67343096,8282711
demo,19487,75735048,9331705
demo,19488,1084012,325
demo,19489,67345184,8282972
demo,19490,1084020,326
demo,19491,67345192,8282973
demo,19492,67345184,8282972
demo,19493,1084012,325
demo,19494,137422174296,17177636611
demo,19495,75735096,9331711
demo,19496,75736256,9331856
demo,19497,1084012,325
demo,19498,75736280,9331859
demo,19499,1084020,326
demo,19500,75736288,9331860
demo,19501,75736280,9331859
demo,19502,1084012,325
demo,19503,137422174296,17177636611
demo,19504,75736264,9331857
demo,19505,137422174304,17177636612
demo,19506,137422174312,17177636613
demo,19507,137422174320,17177636614
demo,19508,137422174328,17177636615
demo,19509,75735064,9331707
demo,19510,75736456,9331881
demo,19511,1084012,325
demo,19512,75736400,9331874
demo,19513,1084020,326
demo,19514,75736408,9331875
demo,19515,75736400,9331874
demo,19516,1084012,325
demo,19517,137422174296,17177636611
demo,19518,75736504,9331887
demo,19519,75737664,9332032
demo,19520,1084012,325
demo,19521,75737688,9332035
demo,19522,1084020,326
demo,19523,75737696,9332036
demo,19524,75737702,9332036
demo,19525,1084026,327
demo,19526,137422174296,17177636611
demo,19527,137422174304,17177636612
demo,19528,137422174312,17177636613
demo,19529,137422174320,17177636614
demo,19530,137422174328,17177636615
demo,19531,137422174356,17177636618
demo,19532,1084400,374
demo,19533,137422174424,17177636627
demo,19534,1084416,376
demo,19535,137422174400,17177636624
demo,19536,67343080,8282709
demo,19537,1084408,375
demo,19538,1084412,375
demo,19539,67344568,8282895
demo,19540,137422174392,17177636623
demo,19541,75736488,9331885
demo,19542,67336824,8281927
demo,19543,137422175656,17177636781
demo,19544,75736552,9331893
demo,19545,78458440,9672129
demo,19546,75737302,9331986
demo,19547,67336864,8281932
demo,19548,75736872,9331933
demo,19549,78458616,9672151
demo,19550,75736448,9331880
demo,19551,76387720,9413289
demo,19552,76387728,9413290
demo,19553,76387736,9413291
demo,19554,76387748,9413292
demo,19555,76387756,9413293
demo,19556,76387764,9413294
demo,19557,76387776,9413296
demo,19558,76387784,9413297
demo,19559,76387792,9413298
demo,19560,76387812,9413300
demo,19561,76387820,9413301
demo,19562,76387828,9413302
demo,19563,76387848,9413305
demo,19564,76387856,9413306
demo,19565,76387864,9413307
demo,19566,76387884,9413309
demo,19567,76387892,9413310
demo,19568,76387900,9413311
demo,19569,76387920,9413314
demo,19570,76387928,9413315
demo,19571,76387936,9413316
demo,19572,76387956,9413318
demo,19573,76387964,9413319
demo,19574,76387972,9413320
demo,19575,76387992,9413323
demo,19576,76388000,9413324
demo,19577,76388008,9413325
demo,19578,76388028,9413327
demo,19579,76388036,9413328
demo,19580,76388044,9413329
demo,19581,76388064,9413332
demo,19582,76388072,9413333
demo,19583,76388080,9413334
demo,19584,76388100,9413336
demo,19585,76388108,9413337
demo,19586,76388116,9413338
demo,19587,76388136,9413341
demo,19588,76388144,9413342
demo,19589,76388152,9413343
demo,19590,76388172,9413345
demo,19591,76388180,9413346
demo,19592,76388188,9413347
demo,19593,76388208,9413350
demo,19594,76388216,9413351
demo,19595,76388224,9413352
demo,19596,76388244,9413354
demo,19597,76388252,9413355
demo,19598,76388260,9413356
demo,19599,76388280,9413359
demo,19600,76388288,9413360
demo,19601,76388296,9413361
demo,19602,76388316,9413363
demo,19603,76388324,9413364
demo,19604,76388332,9413365
demo,19605,76388352,9413368
demo,19606,76388360,9413369
demo,19607,76388368,9413370
demo,19608,76388388,9413372
demo,19609,76388396,9413373
demo,19610,76388404,9413374
demo,19611,76388424,9413377
demo,19612,76388432,9413378
demo,19613,76388440,9413379
demo,19614,76388460,9413381
demo,19615,76388468,9413382
demo,19616,76388476,9413383
demo,19617,76388496,9413386
demo,19618,76388504,9413387
demo,19619,76388512,9413388
demo,19620,76388532,9413390
demo,19621,76388540,9413391
demo,19622,76388548,9413392
demo,19623,76388568,9413395
demo,19624,76388576,9413396
demo,19625,76388584,9413397
demo,19626,76388604,9413399
demo,19627,76388612,9413400
demo,19628,76388620,9413401
demo,19629,76388640,9413404
demo,19630,76388648,9413405
demo,19631,76388656,9413406
demo,19632,76388676,9413408
demo,19633,76388684,9413409
demo,19634,76388692,9413410
demo,19635,76388712,9413413
demo,19636,76388720,9413414
demo,19637,76388728,9413415
demo,19638,76388748,9413417
demo,19639,76388756,9413418
demo,19640,76388764,9413419
demo,19641,76388784,9413422
demo,19642,76388792,9413423
demo,19643,76388800,9413424
demo,19644,76388820,9413426
demo,19645,76388828,9413427
demo,19646,76388836,9413428
demo,19647,76388856,9413431
demo,19648,76388864,9413432
demo,19649,76388872,9413433
demo,19650,76388892,9413435
demo,19651,76388900,9413436
demo,19652,76388904,9413437
demo,19653,137422174424,17177636627
demo,19654,76388912,9413438
demo,19655,67294548,8276642
demo,19656,1084112,338
demo,19657,76374640,9411654
demo,19658,1084112,338
demo,19659,76374656,9411656
demo,19660,1084128,340
demo,19661,76374664,9411657
demo,19662,1084128,340
demo,19663,137422174328,17177636615
demo,19664,137422174408,17177636625
demo,19665,1084408,375
demo,19666,137422174416,17177636626
demo,19667,1084414,375
demo,19668,1084420,376
demo,19669,1084432,378
demo,19670,137422174400,17177636624
demo,19671,67343080,8282709
demo,19672,1084424,377
demo,19673,1084428,377
demo,19674,67344568,8282895
demo,19675,137422174392,17177636623
demo,19676,75736488,9331885
demo,19677,67336824,8281927
demo,19678,137422175656,17177636781
demo,19679,75736552,9331893
demo,19680,78458440,9672129
demo,19681,75737302,9331986
demo,19682,67336864,8281932
demo,19683,75736872,9331933
demo,19684,78458616,9672151
demo,19685,75736448,9331880
demo,19686,76387720,9413289
demo,19687,76387728,9413290
demo,19688,76387736,9413291
demo,19689,76387748,9413292
demo,19690,76387756,9413293
demo,19691,76387764,9413294
demo,19692,76387776,9413296
demo,19693,76387784,9413297
demo,19694,76387792,9413298
demo,19695,76387812,9413300
demo,19696,76387820,9413301
demo,19697,76387828,9413302
demo,19698,76387848,9413305
demo,19699,76387856,9413306
demo,19700,76387864,9413307
demo,19701,76387884,9413309
demo,19702,76387892,9413310
demo,19703,76387900,9413311
demo,19704,76387920,9413314
demo,19705,76387928,9413315
demo,19706,76387936,9413316
demo,19707,76387956,9413318
demo,19708,76387964,9413319
demo,19709,76387972,9413320
demo,19710,76387992,9413323
demo,19711,76388000,9413324
demo,19712,76388008,9413325
demo,19713,76388028,9413327
demo,19714,76388036,9413328
demo,19715,76388044,9413329
demo,19716,76388064,9413332
demo,19717,76388072,9413333
demo,19718,76388080,9413334
demo,19719,76388100,9413336
demo,19720,76388108,9413337
demo,19721,76388116,9413338
demo,19722,76388136,9413341
demo,19723,76388144,9413342
demo,19724,76388152,9413343
demo,19725,76388172,9413345
demo,19726,76388180,9413346
demo,19727,76388188,9413347
demo,19728,76388208,9413350
demo,19729,76388216,9413351
demo,19730,76388224,9413352
demo,19731,76388244,9413354
demo,19732,76388252,9413355
demo,19733,76388260,9413356
demo,19734,76388280,9413359
demo,19735,76388288,9413360
demo,19736,76388296,9413361
demo,19737,76388316,9413363
demo,19738,76388324,9413364
demo,19739,76388332,9413365
demo,19740,76388352,9413368
demo,19741,76388360,9413369
demo,19742,76388368,9413370
demo,19743,76388388,9413372
demo,19744,76388396,9413373
demo,19745,76388404,9413374
demo,19746,76388424,9413377
demo,19747,76388432,9413378
demo,19748,76388440,9413379
demo,19749,76388460,9413381
demo,19750,76388468,9413382
demo,19751,76388476,9413383
demo,19752,76388496,9413386
demo,19753,76388504,9413387
demo,19754,76388512,9413388
demo,19755,76388532,9413390
demo,19756,76388540,9413391
demo,19757,76388548,9413392
demo,19758,76388568,9413395
demo,19759,76388576,9413396
demo,19760,76388584,9413397
demo,19761,76388604,9413399
demo,19762,76388612,9413400
demo,19763,76388620,9413401
demo,19764,76388640,9413404
demo,19765,76388648,9413405
demo,19766,76388656,9413406
demo,19767,76388676,9413408
demo,19768,76388684,9413409
demo,19769,76388692,9413410
demo,19770,76388712,9413413
demo,19771,76388720,9413414
demo,19772,76388728,9413415
demo,19773,76388748,9413417
demo,19774,76388756,9413418
demo,19775,76388764,9413419
demo,19776,76388784,9413422
demo,19777,76388792,9413423
demo,19778,76388800,9413424
demo,19779,76388820,9413426
demo,19780,76388828,9413427
demo,19781,76388836,9413428
demo,19782,76388856,9413431
demo,19783,76388864,9413432
demo,19784,76388872,9413433
demo,19785,76388892,9413435
demo,19786,76388900,9413436
demo,19787,76388908,9413437
demo,19788,76388928,9413440
demo,19789,76388936,9413441
demo,19790,76388944,9413442
demo,19791,76388964,9413444
demo,19792,76388972,9413445
demo,19793,76388976,9413446
demo,19794,137422174424,17177636627
demo,19795,76388984,9413447
demo,19796,1084129,340
demo,19797,76374680,9411659
demo,19798,1084137,341
demo,19799,76374688,9411660
demo,19800,76374690,9411660
demo,19801,1084139,341
demo,19802,137422174328,17177636615
demo,19803,137422174408,17177636625
demo,19804,1084424,377
demo,19805,137422174416,17177636626
demo,19806,1084430,377
demo,19807,1084436,378
demo,19808,1084448,380
demo,19809,137422174400,17177636624
demo,19810,67343080,8282709
demo,19811,1084440,379
demo,19812,1084444,379
demo,19813,67344568,8282895
demo,19814,137422174392,17177636623
demo,19815,75736488,9331885
demo,19816,67336824,8281927
demo,19817,137422175656,17177636781
demo,19818,75736552,9331893
demo,19819,78458440,9672129
demo,19820,75737302,9331986
demo,19821,67336864,8281932
demo,19822,75736872,9331933
demo,19823,78458616,9672151
demo,19824,75736448,9331880
demo,19825,76387720,9413289
demo,19826,76387728,9413290
demo,19827,76387736,9413291
demo,19828,76387748,9413292
demo,19829,76387756,9413293
demo,19830,76387764,9413294
demo,19831,76387776,9413296
demo,19832,76387784,9413297
demo,19833,76387792,9413298
demo,19834,76387812,9413300
demo,19835,76387820,9413301
demo,19836,76387828,9413302
demo,19837,76387848,9413305
demo,19838,76387856,9413306
demo,19839,76387864,9413307
demo,19840,76387884,9413309
demo,19841,76387892,9413310
demo,19842,76387900,9413311
demo,19843,76387920,9413314
demo,19844,76387928,9413315
demo,19845,76387936,9413316
demo,19846,76387956,9413318
demo,19847,76387964,9413319
demo,19848,76387972,9413320
demo,19849,76387992,9413323
demo,19850,76388000,9413324
demo,19851,76388008,9413325
demo,19852,76388028,9413327
demo,19853,76388036,9413328
demo,19854,76388044,9413329
demo,19855,76388064,9413332
demo,19856,76388072,9413333
demo,19857,76388080,9413334
demo,19858,76388100,9413336
demo,19859,76388108,9413337
demo,19860,76388116,9413338
demo,19861,76388136,9413341
demo,19862,76388144,9413342
demo,19863,76388152,9413343
demo,19864,76388172,9413345
demo,19865,76388180,9413346
demo,19866,76388188,9413347
demo,19867,76388208,9413350
demo,19868,76388216,9413351
demo,19869,76388224,9413352
demo,19870,76388244,9413354
demo,19871,76388252,9413355
demo,19872,76388260,9413356
demo,19873,76388280,9413359
demo,19874,76388288,9413360
demo,19875,76388296,9413361
demo,19876,76388316,9413363
demo,19877,76388324,9413364
demo,19878,76388332,9413365
demo,19879,76388352,9413368
demo,19880,76388360,9413369
demo,19881,76388368,9413370
demo,19882,76388388,9413372
demo,19883,76388396,9413373
demo,19884,76388404,9413374
demo,19885,76388424,9413377
demo,19886,76388432,9413378
demo,19887,76388440,9413379
demo,19888,76388460,9413381
demo,19889,76388468,9413382
demo,19890,76388476,9413383
demo,19891,76388496,9413386
demo,19892,76388504,9413387
demo,19893,76388508,9413387
demo,19894,137422174424,17177636627
demo,19895,76388516,9413388
demo,19896,1084140,341
demo,19897,76374485,9411634
demo,19898,1084148,342
demo,19899,76374493,9411635
demo,19900,76374499,9411636
demo,19901,1084154,343
demo,19902,137422174328,17177636615
demo,19903,137422174408,17177636625
demo,19904,1084440,379
demo,19905,137422174416,17177636626
demo,19906,1084446,379
demo,19907,1084452,380
demo,19908,1084464,382
demo,19909,137422174400,17177636624
demo,19910,67343080,8282709
demo,19911,1084456,381
demo,19912,1084460,381
demo,19913,67344568,8282895
demo,19914,137422174392,17177636623
demo,19915,75736488,9331885
demo,19916,67336824,8281927
demo,19917,137422175656,17177636781
demo,19918,75736552,9331893
demo,19919,78458440,9672129
demo,19920,75737302,9331986
demo,19921,67336864,8281932
demo,19922,75736872,9331933
demo,19923,78458616,9672151
demo,19924,75736448,9331880
demo,19925,76387720,9413289
demo,19926,76387728,9413290
demo,19927,76387736,9413291
demo,19928,76387748,9413292
demo,19929,76387756,9413293
demo,19930,76387764,9413294
demo,19931,76387776,9413296
demo,19932,76387784,9413297
demo,19933,76387792,9413298
demo,19934,76387812,9413300
demo,19935,76387820,9413301
demo,19936,76387828,9413302
demo,19937,76387848,9413305
demo,19938,76387856,9413306
demo,19939,76387864,9413307
demo,19940,76387884,9413309
demo,19941,76387892,9413310
demo,19942,76387900,9413311
demo,19943,76387920,9413314
demo,19944,76387928,9413315
demo,19945,76387936,9413316
demo,19946,76387956,9413318
demo,19947,76387964,9413319
demo,19948,76387972,9413320
demo,19949,76387992,9413323
demo,19950,76388000,9413324
demo,19951,76388008,9413325
demo,19952,76388028,9413327
demo,19953,76388036,9413328
demo,19954,76388044,9413329
demo,19955,76388064,9413332
demo,19956,76388072,9413333
demo,19957,76388076,9413333
demo,19958,137422174424,17177636627
demo,19959,76388084,9413334
demo,19960,67294544,8276642
demo,19961,76374304,9411612
demo,19962,1084144,342
demo,19963,76374304,9411612
demo,19964,1084160,344
demo,19965,76374320,9411614
demo,19966,76374319,9411613
demo,19967,1084168,345
demo,19968,137422174328,17177636615
demo,19969,137422174408,17177636625
demo,19970,1084456,381
demo,19971,137422174416,17177636626
demo,19972,1084462,381
demo,19973,1084468,382
demo,19974,1084480,384
demo,19975,137422174400,17177636624
demo,19976,67343080,8282709
demo,19977,1084472,383
demo,19978,1084476,383
demo,19979,67344568,8282895
demo,19980,137422174392,17177636623
demo,19981,75736488,9331885
demo,19982,67336824,8281927
demo,19983,137422175656,17177636781
demo,19984,75736552,9331893
demo,19985,78458440,9672129
demo,19986,75737302,9331986
demo,19987,67336864,8281932
demo,19988,75736872,9331933
demo,19989,78458616,9672151
demo,19990,75736448,9331880
demo,19991,76387720,9413289
demo,19992,76387728,9413290
demo,19993,76387736,9413291
demo,19994,76387748,9413292
demo,19995,76387756,9413293
demo,19996,76387764,9413294
demo,19997,76387776,9413296
demo,19998,76387784,9413297
demo,19999,76387792,9413298
demo,20000,76387812,9413300
demo,20001,76387820,9413301
demo,20002,76387828,9413302
demo,20003,76387848,9413305
demo,20004,76387856,9413306
demo,20005,76387864,9413307
demo,20006,76387884,9413309
demo,20007,76387892,9413310
demo,20008,76387900,9413311
demo,20009,76387920,9413314
demo,20010,76387928,9413315
demo,20011,76387936,9413316
demo,20012,76387956,9413318
demo,20013,76387964,9413319
demo,20014,76387972,9413320
demo,20015,76387992,9413323
demo,20016,76388000,9413324
demo,20017,76388008,9413325
demo,20018,76388028,9413327
demo,20019,76388036,9413328
demo,20020,76388044,9413329
demo,20021,76388064,9413332
demo,20022,76388072,9413333
demo,20023,76388080,9413334
demo,20024,76388100,9413336
demo,20025,76388108,9413337
demo,20026,76388116,9413338
demo,20027,76388136,9413341
demo,20028,76388144,9413342
demo,20029,76388152,9413343
demo,20030,76388172,9413345
demo,20031,76388180,9413346
demo,20032,76388188,9413347
demo,20033,76388208,9413350
demo,20034,76388216,9413351
demo,20035,76388224,9413352
demo,20036,76388244,9413354
demo,20037,76388252,9413355
demo,20038,76388260,9413356
demo,20039,76388280,9413359
demo,20040,76388288,9413360
demo,20041,76388296,9413361
demo,20042,76388316,9413363
demo,20043,76388324,9413364
demo,20044,76388332,9413365
demo,20045,76388352,9413368
demo,20046,76388360,9413369
demo,20047,76388368,9413370
demo,20048,76388388,9413372
demo,20049,76388396,9413373
demo,20050,76388404,9413374
demo,20051,76388424,9413377
demo,20052,76388432,9413378
demo,20053,76388436,9413378
demo,20054,137422174424,17177636627
demo,20055,76388444,9413379
demo,20056,67294572,8276645
demo,20057,76374448,9411630
demo,20058,1084160,344
demo,20059,76374448,9411630
demo,20060,1084176,346
demo,20061,76374464,9411632
demo,20062,76374469,9411632
demo,20063,1084183,346
demo,20064,137422174328,17177636615
demo,20065,137422174408,17177636625
demo,20066,1084472,383
demo,20067,137422174416,17177636626
demo,20068,1084478,383
demo,20069,1084484,384
demo,20070,1084496,386
demo,20071,137422174400,17177636624
demo,20072,67343080,8282709
demo,20073,1084488,385
demo,20074,1084492,385
demo,20075,67344568,8282895
demo,20076,137422174392,17177636623
demo,20077,75736488,9331885
demo,20078,67336824,8281927
demo,20079,137422175656,17177636781
demo,20080,75736552,9331893
demo,20081,78458440,9672129
demo,20082,75737302,9331986
demo,20083,67336864,8281932
demo,20084,75736872,9331933
demo,20085,78458616,9672151
demo,20086,75736448,9331880
demo,20087,76387720,9413289
demo,20088,76387728,9413290
demo,20089,76387736,9413291
demo,20090,76387748,9413292
demo,20091,76387756,9413293
demo,20092,76387760,9413294
demo,20093,137422174424,17177636627
demo,20094,76387768,9413295
demo,20095,1084184,347
demo,20096,76374182,9411596
demo,20097,1084192,348
demo,20098,76374190,9411597
demo,20099,76374193,9411598
demo,20100,1084195,348
demo,20101,137422174328,17177636615
demo,20102,137422174408,17177636625
demo,20103,1084488,385
demo,20104,137422174416,17177636626
demo,20105,1084494,385
demo,20106,1084500,386
demo,20107,137422174360,17177636619
demo,20108,1084404,374
demo,20109,137422174336,17177636616
demo,20110,137422174400,17177636624
demo,20111,137422174344,17177636617
demo,20112,137422174424,17177636627
demo,20113,137422174424,17177636627
demo,20114,67336736,8281916
demo,20115,67336720,8281914
demo,20116,67342736,8282666
demo,20117,67342744,8282667
demo,20118,137422174296,17177636611
demo,20119,137422174304,17177636612
demo,20120,137422174312,17177636613
demo,20121,137422174320,17177636614
demo,20122,137422174328,17177636615
demo,20123,137422174416,17177636626
demo,20124,67343592,8282773
demo,20125,1105560,3019
demo,20126,67343926,8282814
demo,20127,67343072,8282708
demo,20128,1105528,3015
demo,20129,1084272,358
demo,20130,1084286,359
demo,20131,1084280,359
demo,20132,1084288,360
demo,20133,1084268,357
demo,20134,1084292,360
demo,20135,1084276,358
demo,20136,1084304,362
demo,20137,1084318,363
demo,20138,1084312,363
demo,20139,1084320,364
demo,20140,1084300,361
demo,20141,1084324,364
demo,20142,1084334,365
demo,20143,1084328,365
demo,20144,1084336,366
demo,20145,1084300,361
demo,20146,1084340,366
demo,20147,1084350,367
demo,20148,1084344,367
demo,20149,1084352,368
demo,20150,1084300,361
demo,20151,1084356,368
demo,20152,1084366,369
demo,20153,1084360,369
demo,20154,1084368,370
demo,20155,1084300,361
demo,20156,1084372,370
demo,20157,1084382,371
demo,20158,1084376,371
demo,20159,1084384,372
demo,20160,1084300,361
demo,20161,1084388,372
demo,20162,1084308,362
demo,20163,1084400,374
demo,20164,1084414,375
demo,20165,1084408,375
demo,20166,1084416,376
demo,20167,1084396,373
demo,20168,1084420,376
demo,20169,1084430,377
demo,20170,1084424,377
demo,20171,1084432,378
demo,20172,1084396,373
demo,20173,1084436,378
demo,20174,1084446,379
demo,20175,1084440,379
demo,20176,1084448,380
demo,20177,1084396,373
demo,20178,1084452,380
demo,20179,1084462,381
demo,20180,1084456,381
demo,20181,1084464,382
demo,20182,1084396,373
demo,20183,1084468,382
demo,20184,1084478,383
demo,20185,1084472,383
demo,20186,1084480,384
demo,20187,1084396,373
demo,20188,1084484,384
demo,20189,1084494,385
demo,20190,1084488,385
demo,20191,1084496,386
demo,20192,1084396,373
demo,20193,1084500,386
demo,20194,1084404,374
demo,20195,67343144,8282717
demo,20196,67343424,8282752
demo,20197,137422174352,17177636618
demo,20198,137422174504,17177636637
demo,20199,137422174512,17177636638
demo,20200,137422174520,17177636639
demo,20201,137422174528,17177636640
demo,20202,137422174536,17177636641
demo,20203,137422174544,17177636642
demo,20204,137422174552,17177636643
demo,20205,67343096,8282711
demo,20206,75735893,9331810
demo,20207,75735144,9331717
demo,20208,75759312,9334738
demo,20209,75735894,9331810
demo,20210,75735448,9331755
demo,20211,75735464,9331757
demo,20212,137422174352,17177636618
demo,20213,137422174504,17177636637
demo,20214,137422174512,17177636638
demo,20215,137422174520,17177636639
demo,20216,137422174528,17177636640
demo,20217,137422174536,17177636641
demo,20218,137422174544,17177636642
demo,20219,137422174552,17177636643
demo,20220,75735064,9331707
demo,20221,75737301,9331986
demo,20222,75736552,9331893
demo,20223,78458440,9672129
demo,20224,75737302,9331986
demo,20225,75736856,9331931
demo,20226,75736872,9331933
demo,20227,78458648,9672155
demo,20228,75736448,9331880
demo,20229,76389592,9413523
demo,20230,137422174400,17177636624
demo,20231,76389596,9413523
demo,20232,75736496,9331886
demo,20233,67338240,8282104
demo,20234,67343080,8282709
demo,20235,67294548,8276642
demo,20236,76374112,9411588
demo,20237,67344560,8282894
demo,20238,67344568,8282895
demo,20239,76374112,9411588
demo,20240,137422174296,17177636611
demo,20241,67343128,8282715
demo,20242,67344544,8282892
demo,20243,67294548,8276642
demo,20244,76374112,9411588
demo,20245,67344560,8282894
demo,20246,67344568,8282895
demo,20247,76374112,9411588
demo,20248,137422174296,17177636611
demo,20249,67344552,8282893
demo,20250,137422174304,17177636612
demo,20251,137422174312,17177636613
demo,20252,137422174320,17177636614
demo,20253,137422174328,17177636615
demo,20254,67343096,8282711
demo,20255,75735048,9331705
demo,20256,76374112,9411588
demo,20257,67345184,8282972
demo,20258,76374120,9411589
demo,20259,67345192,8282973
demo,20260,67345184,8282972
demo,20261,76374112,9411588
demo,20262,137422174296,17177636611
demo,20263,75735096,9331711
demo,20264,75736256,9331856
demo,20265,76374112,9411588
demo,20266,75736280,9331859
demo,20267,76374120,9411589
demo,20268,75736288,9331860
demo,20269,75736280,9331859
demo,20270,76374112,9411588
demo,20271,137422174296,17177636611
demo,20272,75736264,9331857
demo,20273,137422174304,17177636612
demo,20274,137422174312,17177636613
demo,20275,137422174320,17177636614
demo,20276,137422174328,17177636615
demo,20277,75735064,9331707
demo,20278,75736456,9331881
demo,20279,76374112,9411588
demo,20280,75736400,9331874
demo,20281,76374120,9411589
demo,20282,75736408,9331875
demo,20283,75736400,9331874
demo,20284,76374112,9411588
demo,20285,137422174296,17177636611
demo,20286,75736504,9331887
demo,20287,75737664,9332032
demo,20288,76374112,9411588
demo,20289,75737688,9332035
demo,20290,76374120,9411589
demo,20291,75737696,9332036
demo,20292,75737691,9332035
demo,20293,76374115,9411588
demo,20294,137422174296,17177636611
demo,20295,75737672,9332033
demo,20296,137422174304,17177636612
demo,20297,137422174312,17177636613
demo,20298,137422174320,17177636614
demo,20299,137422174328,17177636615
demo,20300,75736472,9331883
demo,20301,75737816,9332051
demo,20302,76374112,9411588
demo,20303,75737760,9332044
demo,20304,76374120,9411589
demo,20305,75737768,9332045
demo,20306,75737760,9332044
demo,20307,76374112,9411588
demo,20308,137422174296,17177636611
demo,20309,75737864,9332057
demo,20310,75739024,9332202
demo,20311,76374112,9411588
demo,20312,75739048,9332205
demo,20313,76374120,9411589
demo,20314,75739056,9332206
demo,20315,75739051,9332205
demo,20316,76374115,9411588
demo,20317,137422174296,17177636611
demo,20318,75739032,9332203
demo,20319,137422174304,17177636612
demo,20320,137422174312,17177636613
demo,20321,137422174320,17177636614
demo,20322,137422174328,17177636615
demo,20323,75737832,9332053
demo,20324,75739160,9332219
demo,20325,76374112,9411588
demo,20326,75739120,9332214
demo,20327,76374120,9411589
demo,20328,75739128,9332215
demo,20329,75739120,9332214
demo,20330,76374112,9411588
demo,20331,137422174296,17177636611
demo,20332,75739208,9332225
demo,20333,75740368,9332370
demo,20334,76374112,9411588
demo,20335,75740392,9332373
demo,20336,76374120,9411589
demo,20337,75740400,9332374
demo,20338,75740395,9332373
demo,20339,76374115,9411588
demo,20340,137422174296,17177636611
demo,20341,75740376,9332371
demo,20342,137422174304,17177636612
demo,20343,137422174312,17177636613
demo,20344,137422174320,17177636614
demo,20345,137422174328,17177636615
demo,20346,75739176,9332221
demo,20347,75740520,9332389
demo,20348,76374112,9411588
demo,20349,75740480,9332384
demo,20350,76374120,9411589
demo,20351,75740488,9332385
demo,20352,75740480,9332384
demo,20353,76374112,9411588
demo,20354,137422174296,17177636611
demo,20355,75740568,9332395
demo,20356,75741728,9332540
demo,20357,67294548,8276642
demo,20358,76374112,9411588
demo,20359,75741744,9332542
demo,20360,76374112,9411588
demo,20361,75741760,9332544
demo,20362,76374128,9411590
demo,20363,75741761,9332544
demo,20364,76374121,9411589
demo,20365,137422174296,17177636611
demo,20366,137422174304,17177636612
demo,20367,137422174312,17177636613
demo,20368,137422174320,17177636614
demo,20369,137422174328,17177636615
demo,20370,137422174356,17177636618
demo,20371,76389600,9413524
demo,20372,137422174424,17177636627
demo,20373,76389616,9413526
demo,20374,137422174400,17177636624
demo,20375,75736456,9331881
demo,20376,76389608,9413525
demo,20377,76389612,9413525
demo,20378,75736400,9331874
demo,20379,137422174392,17177636623
demo,20380,75740552,9332393
demo,20381,75740616,9332401
demo,20382,81800392,10089873
demo,20383,75741366,9332494
demo,20384,67336864,8281932
demo,20385,75740936,9332441
demo,20386,81800616,10089901
demo,20387,75740512,9332388
demo,20388,80912416,9978876
demo,20389,80912424,9978877
demo,20390,80912432,9978878
demo,20391,80912444,9978879
demo,20392,80912452,9978880
demo,20393,80912456,9978881
demo,20394,137422174424,17177636627
demo,20395,80912464,9978882
demo,20396,76374920,9411689
demo,20397,80909760,9978544
demo,20398,76374928,9411690
demo,20399,80909768,9978545
demo,20400,80909771,9978545
demo,20401,76374931,9411690
demo,20402,137422174328,17177636615
demo,20403,137422174408,17177636625
demo,20404,76389608,9413525
demo,20405,137422174416,17177636626
demo,20406,76389614,9413525
demo,20407,76389620,9413526
demo,20408,137422174360,17177636619
demo,20409,76389604,9413524
demo,20410,137422174400,17177636624
demo,20411,76389628,9413527
demo,20412,75736496,9331886
demo,20413,67338240,8282104
demo,20414,67343080,8282709
demo,20415,67294564,8276644
demo,20416,76374128,9411590
demo,20417,67344560,8282894
demo,20418,67344568,8282895
demo,20419,76374132,9411590
demo,20420,137422174296,17177636611
demo,20421,67343128,8282715
demo,20422,67344544,8282892
demo,20423,67294564,8276644
demo,20424,76374128,9411590
demo,20425,67344560,8282894
demo,20426,67344568,8282895
demo,20427,76374132,9411590
demo,20428,137422174296,17177636611
demo,20429,67344552,8282893
demo,20430,137422174304,17177636612
demo,20431,137422174312,17177636613
demo,20432,137422174320,17177636614
demo,20433,137422174328,17177636615
demo,20434,67343096,8282711
demo,20435,75735048,9331705
demo,20436,67294564,8276644
demo,20437,67345184,8282972
demo,20438,76374128,9411590
demo,20439,67345184,8282972
demo,20440,76374132,9411590
demo,20441,137422174296,17177636611
demo,20442,75735096,9331711
demo,20443,75736256,9331856
demo,20444,67294564,8276644
demo,20445,76374128,9411590
demo,20446,75736272,9331858
demo,20447,75736280,9331859
demo,20448,76374132,9411590
demo,20449,137422174296,17177636611
demo,20450,75736264,9331857
demo,20451,137422174304,17177636612
demo,20452,137422174312,17177636613
demo,20453,137422174320,17177636614
demo,20454,137422174328,17177636615
demo,20455,75735064,9331707
demo,20456,75736456,9331881
demo,20457,67294564,8276644
demo,20458,75736400,9331874
demo,20459,76374128,9411590
demo,20460,75736400,9331874
demo,20461,76374132,9411590
demo,20462,137422174296,17177636611
demo,20463,75736504,9331887
demo,20464,75737664,9332032
demo,20465,67294564,8276644
demo,20466,76374128,9411590
demo,20467,75737680,9332034
demo,20468,75737689,9332035
demo,20469,76374133,9411590
demo,20470,137422174296,17177636611
demo,20471,75737672,9332033
demo,20472,137422174304,17177636612
demo,20473,137422174312,17177636613
demo,20474,137422174320,17177636614
demo,20475,137422174328,17177636615
demo,20476,75736472,9331883
demo,20477,75737816,9332051
demo,20478,67294564,8276644
demo,20479,75737760,9332044
demo,20480,76374128,9411590
demo,20481,75737760,9332044
demo,20482,76374132,9411590
demo,20483,137422174296,17177636611
demo,20484,75737864,9332057
demo,20485,75739024,9332202
demo,20486,67294564,8276644
demo,20487,76374128,9411590
demo,20488,75739040,9332204
demo,20489,75739049,9332205
demo,20490,76374133,9411590
demo,20491,137422174296,17177636611
demo,20492,75739032,9332203
demo,20493,137422174304,17177636612
demo,20494,137422174312,17177636613
demo,20495,137422174320,17177636614
demo,20496,137422174328,17177636615
demo,20497,75737832,9332053
demo,20498,75739160,9332219
demo,20499,67294564,8276644
demo,20500,75739120,9332214
demo,20501,76374128,9411590
demo,20502,75739120,9332214
demo,20503,76374132,9411590
demo,20504,137422174296,17177636611
demo,20505,75739208,9332225
demo,20506,75740368,9332370
demo,20507,67294564,8276644
demo,20508,76374128,9411590
demo,20509,75740384,9332372
demo,20510,75740393,9332373
demo,20511,76374133,9411590
demo,20512,137422174296,17177636611
demo,20513,75740376,9332371
demo,20514,137422174304,17177636612
demo,20515,137422174312,17177636613
demo,20516,137422174320,17177636614
demo,20517,137422174328,17177636615
demo,20518,75739176,9332221
demo,20519,75740520,9332389
demo,20520,67294564,8276644
demo,20521,75740480,9332384
demo,20522,76374128,9411590
demo,20523,75740480,9332384
demo,20524,76374132,9411590
demo,20525,137422174296,17177636611
demo,20526,75740568,9332395
demo,20527,75741728,9332540
demo,20528,67294564,8276644
demo,20529,76374128,9411590
demo,20530,75741744,9332542
demo,20531,75741753,9332543
demo,20532,76374133,9411590
demo,20533,137422174296,17177636611
demo,20534,75741736,9332541
demo,20535,137422174304,17177636612
demo,20536,137422174312,17177636613
demo,20537,137422174320,17177636614
demo,20538,137422174328,17177636615
demo,20539,75740536,9332391
demo,20540,67340984,8282447
demo,20541,67294564,8276644
demo,20542,76374128,9411590
demo,20543,1082128,90
demo,20544,1082136,91
demo,20545,76374132,9411590
demo,20546,137422174296,17177636611
demo,20547,67341032,8282453
demo,20548,67342976,8282696
demo,20549,67294564,8276644
demo,20550,76374128,9411590
demo,20551,1082128,90
demo,20552,1082136,91
demo,20553,76374132,9411590
demo,20554,137422174296,17177636611
demo,20555,67342984,8282697
demo,20556,67342912,8282688
demo,20557,67294568,8276645
demo,20558,67111872,8253808
demo,20559,76374128,9411590
demo,20560,67111872,8253808
demo,20561,76374144,9411592
demo,20562,67111888,8253810
demo,20563,67111893,8253810
demo,20564,76374152,9411593
demo,20565,137422174296,17177636611
demo,20566,137422174304,17177636612
demo,20567,137422174312,17177636613
demo,20568,137422174320,17177636614
demo,20569,137422174328,17177636615
demo,20570,137422174356,17177636618
demo,20571,76389632,9413528
demo,20572,137422174424,17177636627
demo,20573,76389648,9413530
demo,20574,137422174400,17177636624
demo,20575,75736456,9331881
demo,20576,76389640,9413529
demo,20577,76389644,9413529
demo,20578,75736400,9331874
demo,20579,137422174392,17177636623
demo,20580,67341016,8282451
demo,20581,67341080,8282459
demo,20582,67337872,8282058
demo,20583,67341830,8282552
demo,20584,67336864,8281932
demo,20585,67341400,8282499
demo,20586,67337984,8282072
demo,20587,67340976,8282446
demo,20588,67112048,8253830
demo,20589,67112056,8253831
demo,20590,67112064,8253832
demo,20591,67112076,8253833
demo,20592,67112084,8253834
demo,20593,67112092,8253835
demo,20594,67112104,8253837
demo,20595,67112112,8253838
demo,20596,67112116,8253838
demo,20597,137422174424,17177636627
demo,20598,67112124,8253839
demo,20599,76374932,9411690
demo,20600,67111906,8253812
demo,20601,76374940,9411691
demo,20602,67111914,8253813
demo,20603,67111915,8253813
demo,20604,76374941,9411691
demo,20605,137422174328,17177636615
demo,20606,137422174408,17177636625
demo,20607,76389640,9413529
demo,20608,137422174416,17177636626
demo,20609,76389646,9413529
demo,20610,76389652,9413530
demo,20611,137422174360,17177636619
demo,20612,76389636,9413528
demo,20613,137422174400,17177636624
demo,20614,76389660,9413531
demo,20615,75736496,9331886
demo,20616,67338240,8282104
demo,20617,67343080,8282709
demo,20618,67294576,8276646
demo,20619,67344560,8282894
demo,20620,76374144,9411592
demo,20621,67344568,8282895
demo,20622,76374153,9411593
demo,20623,137422174296,17177636611
demo,20624,67343128,8282715
demo,20625,67344544,8282892
demo,20626,67294576,8276646
demo,20627,67344560,8282894
demo,20628,76374144,9411592
demo,20629,67344568,8282895
demo,20630,76374153,9411593
demo,20631,137422174296,17177636611
demo,20632,67344552,8282893
demo,20633,137422174304,17177636612
demo,20634,137422174312,17177636613
demo,20635,137422174320,17177636614
demo,20636,137422174328,17177636615
demo,20637,67343096,8282711
demo,20638,75735048,9331705
demo,20639,76374153,9411593
demo,20640,67345184,8282972
demo,20641,76374161,9411594
demo,20642,67345192,8282973
demo,20643,67345184,8282972
demo,20644,76374153,9411593
demo,20645,137422174296,17177636611
demo,20646,75735096,9331711
demo,20647,75736256,9331856
demo,20648,76374153,9411593
demo,20649,75736280,9331859
demo,20650,76374161,9411594
demo,20651,75736288,9331860
demo,20652,75736280,9331859
demo,20653,76374153,9411593
demo,20654,137422174296,17177636611
demo,20655,75736264,9331857
demo,20656,137422174304,17177636612
demo,20657,137422174312,17177636613
demo,20658,137422174320,17177636614
demo,20659,137422174328,17177636615
demo,20660,75735064,9331707
demo,20661,75736456,9331881
demo,20662,76374153,9411593
demo,20663,75736400,9331874
demo,20664,76374161,9411594
demo,20665,75736408,9331875
demo,20666,75736400,9331874
demo,20667,76374153,9411593
demo,20668,137422174296,17177636611
demo,20669,75736504,9331887
demo,20670,75737664,9332032
demo,20671,76374153,9411593
demo,20672,75737688,9332035
demo,20673,76374161,9411594
demo,20674,75737696,9332036
demo,20675,75737691,9332035
demo,20676,76374156,9411593
demo,20677,137422174296,17177636611
demo,20678,75737672,9332033
demo,20679,137422174304,17177636612
demo,20680,137422174312,17177636613
demo,20681,137422174320,17177636614
demo,20682,137422174328,17177636615
demo,20683,75736472,9331883
demo,20684,75737816,9332051
demo,20685,76374153,9411593
demo,20686,75737760,9332044
demo,20687,76374161,9411594
demo,20688,75737768,9332045
demo,20689,75737760,9332044
demo,20690,76374153,9411593
demo,20691,137422174296,17177636611
demo,20692,75737864,9332057
demo,20693,75739024,9332202
demo,20694,76374153,9411593
demo,20695,75739048,9332205
demo,20696,76374161,9411594
demo,20697,75739056,9332206
demo,20698,75739061,9332206
demo,20699,76374166,9411594
demo,20700,137422174296,17177636611
demo,20701,137422174304,17177636612
demo,20702,137422174312,17177636613
demo,20703,137422174320,17177636614
demo,20704,137422174328,17177636615
demo,20705,137422174356,17177636618
demo,20706,76389664,9413532
demo,20707,137422174424,17177636627
demo,20708,76389680,9413534
demo,20709,137422174400,17177636624
demo,20710,75736456,9331881
demo,20711,76389672,9413533
demo,20712,76389676,9413533
demo,20713,75736400,9331874
demo,20714,137422174392,17177636623
demo,20715,75737848,9332055
demo,20716,75737912,9332063
demo,20717,78675544,9699267
demo,20718,75738662,9332156
demo,20719,67336864,8281932
demo,20720,75738232,9332103
demo,20721,78675720,9699289
demo,20722,75737808,9332050
demo,20723,78503360,9677744
demo,20724,78503368,9677745
demo,20725,78503376,9677746
demo,20726,78503388,9677747
demo,20727,78503396,9677748
demo,20728,78503404,9677749
demo,20729,78503416,9677751
demo,20730,78503424,9677752
demo,20731,78503432,9677753
demo,20732,78503452,9677755
demo,20733,78503460,9677756
demo,20734,78503468,9677757
demo,20735,78503488,9677760
demo,20736,78503496,9677761
demo,20737,78503504,9677762
demo,20738,78503524,9677764
demo,20739,78503532,9677765
demo,20740,78503540,9677766
demo,20741,78503560,9677769
demo,20742,78503568,9677770
demo,20743,78503576,9677771
demo,20744,78503596,9677773
demo,20745,78503604,9677774
demo,20746,78503612,9677775
demo,20747,78503632,9677778
demo,20748,78503640,9677779
demo,20749,78503644,9677779
demo,20750,137422174424,17177636627
demo,20751,78503652,9677780
demo,20752,76374942,9411691
demo,20753,78502742,9677666
demo,20754,76374950,9411692
demo,20755,78502750,9677667
demo,20756,78502751,9677667
demo,20757,76374951,9411692
demo,20758,137422174328,17177636615
demo,20759,137422174408,17177636625
demo,20760,76389672,9413533
demo,20761,137422174416,17177636626
demo,20762,76389678,9413533
demo,20763,76389684,9413534
demo,20764,76389696,9413536
demo,20765,137422174400,17177636624
demo,20766,75736456,9331881
demo,20767,76389688,9413535
demo,20768,76389692,9413535
demo,20769,75736400,9331874
demo,20770,137422174392,17177636623
demo,20771,75737848,9332055
demo,20772,75737912,9332063
demo,20773,78675544,9699267
demo,20774,75738662,9332156
demo,20775,67336864,8281932
demo,20776,75738232,9332103
demo,20777,78675720,9699289
demo,20778,75737808,9332050
demo,20779,78503360,9677744
demo,20780,78503368,9677745
demo,20781,78503376,9677746
demo,20782,78503388,9677747
demo,20783,78503396,9677748
demo,20784,78503404,9677749
demo,20785,78503416,9677751
demo,20786,78503424,9677752
demo,20787,78503428,9677752
demo,20788,137422174424,17177636627
demo,20789,78503436,9677753
demo,20790,76374952,9411693
demo,20791,78502686,9677659
demo,20792,76374960,9411694
demo,20793,78502694,9677660
demo,20794,78502693,9677660
demo,20795,76374959,9411693
demo,20796,137422174328,17177636615
demo,20797,137422174408,17177636625
demo,20798,76389688,9413535
demo,20799,137422174416,17177636626
demo,20800,76389694,9413535
demo,20801,76389700,9413536
demo,20802,76389712,9413538
demo,20803,137422174400,17177636624
demo,20804,75736456,9331881
demo,20805,76389704,9413537
demo,20806,76389708,9413537
demo,20807,75736400,9331874
demo,20808,137422174392,17177636623
demo,20809,75737848,9332055
demo,20810,75737912,9332063
demo,20811,78675544,9699267
demo,20812,75738662,9332156
demo,20813,67336864,8281932
demo,20814,75738232,9332103
demo,20815,78675720,9699289
demo,20816,75737808,9332050
demo,20817,78503360,9677744
demo,20818,78503368,9677745
demo,20819,78503376,9677746
demo,20820,78503388,9677747
demo,20821,78503396,9677748
demo,20822,78503404,9677749
demo,20823,78503416,9677751
demo,20824,78503424,9677752
demo,20825,78503432,9677753
demo,20826,78503452,9677755
demo,20827,78503460,9677756
demo,20828,78503468,9677757
demo,20829,78503488,9677760
demo,20830,78503496,9677761
demo,20831,78503504,9677762
demo,20832,78503524,9677764
demo,20833,78503532,9677765
demo,20834,78503540,9677766
demo,20835,78503560,9677769
demo,20836,78503568,9677770
demo,20837,78503576,9677771
demo,20838,78503596,9677773
demo,20839,78503604,9677774
demo,20840,78503612,9677775
demo,20841,78503632,9677778
demo,20842,78503640,9677779
demo,20843,78503648,9677780
demo,20844,78503668,9677782
demo,20845,78503676,9677783
demo,20846,78503680,9677784
demo,20847,137422174424,17177636627
demo,20848,78503688,9677785
demo,20849,76374960,9411694
demo,20850,78502752,9677668
demo,20851,76374968,9411695
demo,20852,78502760,9677669
demo,20853,78502761,9677669
demo,20854,76374969,9411695
demo,20855,137422174328,17177636615
demo,20856,137422174408,17177636625
demo,20857,76389704,9413537
demo,20858,137422174416,17177636626
demo,20859,76389710,9413537
demo,20860,76389716,9413538
demo,20861,76389728,9413540
demo,20862,137422174400,17177636624
demo,20863,75736456,9331881
demo,20864,76389720,9413539
demo,20865,76389724,9413539
demo,20866,75736400,9331874
demo,20867,137422174392,17177636623
demo,20868,75737848,9332055
demo,20869,75737912,9332063
demo,20870,78675544,9699267
demo,20871,75738662,9332156
demo,20872,67336864,8281932
demo,20873,75738232,9332103
demo,20874,78675720,9699289
demo,20875,75737808,9332050
demo,20876,78503360,9677744
demo,20877,78503368,9677745
demo,20878,78503376,9677746
demo,20879,78503388,9677747
demo,20880,78503396,9677748
demo,20881,78503400,9677749
demo,20882,137422174424,17177636627
demo,20883,78503408,9677750
demo,20884,67294564,8276644
demo,20885,78502672,9677658
demo,20886,76374960,9411694
demo,20887,78502672,9677658
demo,20888,76374976,9411696
demo,20889,78502688,9677660
demo,20890,78502685,9677659
demo,20891,76374977,9411696
demo,20892,137422174328,17177636615
demo,20893,137422174408,17177636625
demo,20894,76389720,9413539
demo,20895,137422174416,17177636626
demo,20896,76389726,9413539
demo,20897,76389732,9413540
demo,20898,137422174360,17177636619
demo,20899,76389668,9413532
demo,20900,137422174400,17177636624
demo,20901,76389740,9413541
demo,20902,75736496,9331886
demo,20903,67338240,8282104
demo,20904,67343080,8282709
demo,20905,67294572,8276645
demo,20906,67344560,8282894
demo,20907,76374112,9411588
demo,20908,67344568,8282895
demo,20909,76374122,9411589
demo,20910,137422174296,17177636611
demo,20911,67343128,8282715
demo,20912,67344544,8282892
demo,20913,67294572,8276645
demo,20914,67344560,8282894
demo,20915,76374112,9411588
demo,20916,67344568,8282895
demo,20917,76374122,9411589
demo,20918,137422174296,17177636611
demo,20919,67344552,8282893
demo,20920,137422174304,17177636612
demo,20921,137422174312,17177636613
demo,20922,137422174320,17177636614
demo,20923,137422174328,17177636615
demo,20924,67343096,8282711
demo,20925,75735048,9331705
demo,20926,76374122,9411589
demo,20927,67345184,8282972
demo,20928,76374130,9411590
demo,20929,67345192,8282973
demo,20930,67345184,8282972
demo,20931,76374122,9411589
demo,20932,137422174296,17177636611
demo,20933,75735096,9331711
demo,20934,75736256,9331856
demo,20935,76374122,9411589
demo,20936,75736280,9331859
demo,20937,76374130,9411590
demo,20938,75736288,9331860
demo,20939,75736280,9331859
demo,20940,76374122,9411589
demo,20941,137422174296,17177636611
demo,20942,75736264,9331857
demo,20943,137422174304,17177636612
demo,20944,137422174312,17177636613
demo,20945,137422174320,17177636614
demo,20946,137422174328,17177636615
demo,20947,75735064,9331707
demo,20948,75736456,9331881
demo,20949,76374122,9411589
demo,20950,75736400,9331874
demo,20951,76374130,9411590
demo,20952,75736408,9331875
demo,20953,75736400,9331874
demo,20954,76374122,9411589
demo,20955,137422174296,17177636611
demo,20956,75736504,9331887
demo,20957,75737664,9332032
demo,20958,76374122,9411589
demo,20959,75737688,9332035
demo,20960,76374130,9411590
demo,20961,75737696,9332036
demo,20962,75737691,9332035
demo,20963,76374125,9411589
demo,20964,137422174296,17177636611
demo,20965,75737672,9332033
demo,20966,137422174304,17177636612
demo,20967,137422174312,17177636613
demo,20968,137422174320,17177636614
demo,20969,137422174328,17177636615
demo,20970,75736472,9331883
demo,20971,75737816,9332051
demo,20972,76374122,9411589
demo,20973,75737760,9332044
demo,20974,76374130,9411590
demo,20975,75737768,9332045
demo,20976,75737760,9332044
demo,20977,76374122,9411589
demo,20978,137422174296,17177636611
demo,20979,75737864,9332057
demo,20980,75739024,9332202
demo,20981,76374122,9411589
demo,20982,75739048,9332205
demo,20983,76374130,9411590
demo,20984,75739056,9332206
demo,20985,75739051,9332205
demo,20986,76374125,9411589
demo,20987,137422174296,17177636611
demo,20988,75739032,9332203
demo,20989,137422174304,17177636612
demo,20990,137422174312,17177636613
demo,20991,137422174320,17177636614
demo,20992,137422174328,17177636615
demo,20993,75737832,9332053
demo,20994,75739160,9332219
demo,20995,76374122,9411589
demo,20996,75739120,9332214
demo,20997,76374130,9411590
demo,20998,75739128,9332215
demo,20999,75739120,9332214
demo,21000,76374122,9411589
demo,21001,137422174296,17177636611
demo,21002,75739208,9332225
demo,21003,75740368,9332370
demo,21004,76374122,9411589
demo,21005,75740392,9332373
demo,21006,76374130,9411590
demo,21007,75740400,9332374
demo,21008,75740401,9332374
demo,21009,76374131,9411590
demo,21010,137422174296,17177636611
demo,21011,137422174304,17177636612
demo,21012,137422174312,17177636613
demo,21013,137422174320,17177636614
demo,21014,137422174328,17177636615
demo,21015,137422174356,17177636618
demo,21016,76389744,9413542
demo,21017,137422174424,17177636627
demo,21018,76389760,9413544
demo,21019,137422174400,17177636624
demo,21020,75736456,9331881
demo,21021,76389752,9413543
demo,21022,76389756,9413543
demo,21023,75736400,9331874
demo,21024,137422174392,17177636623
demo,21025,75739192,9332223
demo,21026,75739256,9332231
demo,21027,80787880,9963309
demo,21028,75740006,9332324
demo,21029,67336864,8281932
demo,21030,75739576,9332271
demo,21031,80788104,9963337
demo,21032,75739152,9332218
demo,21033,78835416,9719251
demo,21034,78835424,9719252
demo,21035,78835432,9719253
demo,21036,78835444,9719254
demo,21037,78835452,9719255
demo,21038,78835460,9719256
demo,21039,78835472,9719258
demo,21040,78835480,9719259
demo,21041,78835488,9719260
demo,21042,78835508,9719262
demo,21043,78835516,9719263
demo,21044,78835524,9719264
demo,21045,78835544,9719267
demo,21046,78835552,9719268
demo,21047,78835560,9719269
demo,21048,78835580,9719271
demo,21049,78835588,9719272
demo,21050,78835596,9719273
demo,21051,78835616,9719276
demo,21052,78835624,9719277
demo,21053,78835632,9719278
demo,21054,78835652,9719280
demo,21055,78835660,9719281
demo,21056,78835668,9719282
demo,21057,78835688,9719285
demo,21058,78835696,9719286
demo,21059,78835704,9719287
demo,21060,78835724,9719289
demo,21061,78835732,9719290
demo,21062,78835740,9719291
demo,21063,78835760,9719294
demo,21064,78835768,9719295
demo,21065,78835776,9719296
demo,21066,78835796,9719298
demo,21067,78835804,9719299
demo,21068,78835812,9719300
demo,21069,78835832,9719303
demo,21070,78835840,9719304
demo,21071,78835848,9719305
demo,21072,78835868,9719307
demo,21073,78835876,9719308
demo,21074,78835884,9719309
demo,21075,78835904,9719312
demo,21076,78835912,9719313
demo,21077,78835920,9719314
demo,21078,78835940,9719316
demo,21079,78835948,9719317
demo,21080,78835956,9719318
demo,21081,78835976,9719321
demo,21082,78835984,9719322
demo,21083,78835992,9719323
demo,21084,78836012,9719325
demo,21085,78836020,9719326
demo,21086,78836024,9719327
demo,21087,137422174424,17177636627
demo,21088,78836032,9719328
demo,21089,76374978,9411696
demo,21090,78828830,9718427
demo,21091,76374986,9411697
demo,21092,78828838,9718428
demo,21093,78828840,9718429
demo,21094,76374988,9411697
demo,21095,137422174328,17177636615
demo,21096,137422174408,17177636625
demo,21097,76389752,9413543
demo,21098,137422174416,17177636626
demo,21099,76389758,9413543
demo,21100,76389764,9413544
demo,21101,76389776,9413546
demo,21102,137422174400,17177636624
demo,21103,75736456,9331881
demo,21104,76389768,9413545
demo,21105,76389772,9413545
demo,21106,75736400,9331874
demo,21107,137422174392,17177636623
demo,21108,75739192,9332223
demo,21109,75739256,9332231
demo,21110,80787880,9963309
demo,21111,75740006,9332324
demo,21112,67336864,8281932
demo,21113,75739576,9332271
demo,21114,80788104,9963337
demo,21115,75739152,9332218
demo,21116,78835416,9719251
demo,21117,78835424,9719252
demo,21118,78835432,9719253
demo,21119,78835444,9719254
demo,21120,78835452,9719255
demo,21121,78835460,9719256
demo,21122,78835472,9719258
demo,21123,78835480,9719259
demo,21124,78835488,9719260
demo,21125,78835508,9719262
demo,21126,78835516,9719263
demo,21127,78835524,9719264
demo,21128,78835544,9719267
demo,21129,78835552,9719268
demo,21130,78835560,9719269
demo,21131,78835580,9719271
demo,21132,78835588,9719272
demo,21133,78835596,9719273
demo,21134,78835616,9719276
demo,21135,78835624,9719277
demo,21136,78835632,9719278
demo,21137,78835652,9719280
demo,21138,78835660,9719281
demo,21139,78835668,9719282
demo,21140,78835688,9719285
demo,21141,78835696,9719286
demo,21142,78835704,9719287
demo,21143,78835724,9719289
demo,21144,78835732,9719290
demo,21145,78835740,9719291
demo,21146,78835760,9719294
demo,21147,78835768,9719295
demo,21148,78835776,9719296
demo,21149,78835796,9719298
demo,21150,78835804,9719299
demo,21151,78835812,9719300
demo,21152,78835832,9719303
demo,21153,78835840,9719304
demo,21154,78835848,9719305
demo,21155,78835868,9719307
demo,21156,78835876,9719308
demo,21157,78835884,9719309
demo,21158,78835904,9719312
demo,21159,78835912,9719313
demo,21160,78835920,9719314
demo,21161,78835940,9719316
demo,21162,78835948,9719317
demo,21163,78835956,9719318
demo,21164,78835976,9719321
demo,21165,78835984,9719322
demo,21166,78835992,9719323
demo,21167,78836012,9719325
demo,21168,78836020,9719326
demo,21169,78836028,9719327
demo,21170,78836048,9719330
demo,21171,78836056,9719331
demo,21172,78836064,9719332
demo,21173,78836084,9719334
demo,21174,78836092,9719335
demo,21175,78836100,9719336
demo,21176,78836120,9719339
demo,21177,78836128,9719340
demo,21178,78836136,9719341
demo,21179,78836156,9719343
demo,21180,78836164,9719344
demo,21181,78836172,9719345
demo,21182,78836192,9719348
demo,21183,78836200,9719349
demo,21184,78836208,9719350
demo,21185,78836228,9719352
demo,21186,78836236,9719353
demo,21187,78836244,9719354
demo,21188,78836264,9719357
demo,21189,78836272,9719358
demo,21190,78836280,9719359
demo,21191,78836300,9719361
demo,21192,78836308,9719362
demo,21193,78836316,9719363
demo,21194,78836336,9719366
demo,21195,78836344,9719367
demo,21196,78836352,9719368
demo,21197,78836372,9719370
demo,21198,78836380,9719371
demo,21199,78836388,9719372
demo,21200,78836408,9719375
demo,21201,78836416,9719376
demo,21202,78836424,9719377
demo,21203,78836444,9719379
demo,21204,78836452,9719380
demo,21205,78836460,9719381
demo,21206,78836480,9719384
demo,21207,78836488,9719385
demo,21208,78836496,9719386
demo,21209,78836516,9719388
demo,21210,78836524,9719389
demo,21211,78836532,9719390
demo,21212,78836552,9719393
demo,21213,78836560,9719394
demo,21214,78836568,9719395
demo,21215,78836588,9719397
demo,21216,78836596,9719398
demo,21217,78836604,9719399
demo,21218,78836624,9719402
demo,21219,78836632,9719403
demo,21220,78836640,9719404
demo,21221,78836660,9719406
demo,21222,78836668,9719407
demo,21223,78836676,9719408
demo,21224,78836696,9719411
demo,21225,78836704,9719412
demo,21226,78836712,9719413
demo,21227,78836732,9719415
demo,21228,78836740,9719416
demo,21229,78836744,9719417
demo,21230,137422174424,17177636627
demo,21231,78836752,9719418
demo,21232,67294568,8276645
demo,21233,78829040,9718454
demo,21234,76374976,9411696
demo,21235,78829040,9718454
demo,21236,76374992,9411698
demo,21237,78829056,9718456
demo,21238,78829060,9718456
demo,21239,76374999,9411698
demo,21240,137422174328,17177636615
demo,21241,137422174408,17177636625
demo,21242,76389768,9413545
demo,21243,137422174416,17177636626
demo,21244,76389774,9413545
demo,21245,76389780,9413546
demo,21246,76389792,9413548
demo,21247,137422174400,17177636624
demo,21248,75736456,9331881
demo,21249,76389784,9413547
demo,21250,76389788,9413547
demo,21251,75736400,9331874
demo,21252,137422174392,17177636623
demo,21253,75739192,9332223
demo,21254,75739256,9332231
demo,21255,80787880,9963309
demo,21256,75740006,9332324
demo,21257,67336864,8281932
demo,21258,75739576,9332271
demo,21259,80788104,9963337
demo,21260,75739152,9332218
demo,21261,78835416,9719251
demo,21262,78835424,9719252
demo,21263,78835432,9719253
demo,21264,78835444,9719254
demo,21265,78835452,9719255
demo,21266,78835460,9719256
demo,21267,78835472,9719258
demo,21268,78835480,9719259
demo,21269,78835488,9719260
demo,21270,78835508,9719262
demo,21271,78835516,9719263
demo,21272,78835524,9719264
demo,21273,78835544,9719267
demo,21274,78835552,9719268
demo,21275,78835560,9719269
demo,21276,78835580,9719271
demo,21277,78835588,9719272
demo,21278,78835596,9719273
demo,21279,78835616,9719276
demo,21280,78835624,9719277
demo,21281,78835632,9719278
demo,21282,78835652,9719280
demo,21283,78835660,9719281
demo,21284,78835668,9719282
demo,21285,78835688,9719285
demo,21286,78835696,9719286
demo,21287,78835704,9719287
demo,21288,78835724,9719289
demo,21289,78835732,9719290
demo,21290,78835736,9719291
demo,21291,137422174424,17177636627
demo,21292,78835744,9719292
demo,21293,76375000,9411699
demo,21294,78828746,9718417
demo,21295,76375008,9411700
demo,21296,78828754,9718418
demo,21297,78828755,9718418
demo,21298,76375009,9411700
demo,21299,137422174328,17177636615
demo,21300,137422174408,17177636625
demo,21301,76389784,9413547
demo,21302,137422174416,17177636626
demo,21303,76389790,9413547
demo,21304,76389796,9413548
demo,21305,76389808,9413550
demo,21306,137422174400,17177636624
demo,21307,75736456,9331881
demo,21308,76389800,9413549
demo,21309,76389804,9413549
demo,21310,75736400,9331874
demo,21311,137422174392,17177636623
demo,21312,75739192,9332223
demo,21313,75739256,9332231
demo,21314,80787880,9963309
demo,21315,75740006,9332324
demo,21316,67336864,8281932
demo,21317,75739576,9332271
demo,21318,80788104,9963337
demo,21319,75739152,9332218
demo,21320,78835416,9719251
demo,21321,78835424,9719252
demo,21322,78835432,9719253
demo,21323,78835444,9719254
demo,21324,78835452,9719255
demo,21325,78835460,9719256
demo,21326,78835472,9719258
demo,21327,78835480,9719259
demo,21328,78835488,9719260
demo,21329,78835508,9719262
demo,21330,78835516,9719263
demo,21331,78835524,9719264
demo,21332,78835544,9719267
demo,21333,78835552,9719268
demo,21334,78835560,9719269
demo,21335,78835580,9719271
demo,21336,78835588,9719272
demo,21337,78835596,9719273
demo,21338,78835616,9719276
demo,21339,78835624,9719277
demo,21340,78835632,9719278
demo,21341,78835652,9719280
demo,21342,78835660,9719281
demo,21343,78835668,9719282
demo,21344,78835688,9719285
demo,21345,78835696,9719286
demo,21346,78835704,9719287
demo,21347,78835724,9719289
demo,21348,78835732,9719290
demo,21349,78835740,9719291
demo,21350,78835760,9719294
demo,21351,78835768,9719295
demo,21352,78835776,9719296
demo,21353,78835796,9719298
demo,21354,78835804,9719299
demo,21355,78835812,9719300
demo,21356,78835832,9719303
demo,21357,78835840,9719304
demo,21358,78835848,9719305
demo,21359,78835868,9719307
demo,21360,78835876,9719308
demo,21361,78835884,9719309
demo,21362,78835904,9719312
demo,21363,78835912,9719313
demo,21364,78835920,9719314
demo,21365,78835940,9719316
demo,21366,78835948,9719317
demo,21367,78835956,9719318
demo,21368,78835976,9719321
demo,21369,78835984,9719322
demo,21370,78835992,9719323
demo,21371,78836012,9719325
demo,21372,78836020,9719326
demo,21373,78836028,9719327
demo,21374,78836048,9719330
demo,21375,78836056,9719331
demo,21376,78836064,9719332
demo,21377,78836084,9719334
demo,21378,78836092,9719335
demo,21379,78836100,9719336
demo,21380,78836120,9719339
demo,21381,78836128,9719340
demo,21382,78836136,9719341
demo,21383,78836156,9719343
demo,21384,78836164,9719344
demo,21385,78836172,9719345
demo,21386,78836192,9719348
demo,21387,78836200,9719349
demo,21388,78836208,9719350
demo,21389,78836228,9719352
demo,21390,78836236,9719353
demo,21391,78836244,9719354
demo,21392,78836264,9719357
demo,21393,78836272,9719358
demo,21394,78836280,9719359
demo,21395,78836300,9719361
demo,21396,78836308,9719362
demo,21397,78836316,9719363
demo,21398,78836336,9719366
demo,21399,78836344,9719367
demo,21400,78836348,9719367
demo,21401,137422174424,17177636627
demo,21402,78836356,9719368
demo,21403,76375010,9411700
demo,21404,78828929,9718440
demo,21405,76375018,9411701
demo,21406,78828937,9718441
demo,21407,78828939,9718441
demo,21408,76375020,9411701
demo,21409,137422174328,17177636615
demo,21410,137422174408,17177636625
demo,21411,76389800,9413549
demo,21412,137422174416,17177636626
demo,21413,76389806,9413549
demo,21414,76389812,9413550
demo,21415,76389824,9413552
demo,21416,137422174400,17177636624
demo,21417,75736456,9331881
demo,21418,76389816,9413551
demo,21419,76389820,9413551
demo,21420,75736400,9331874
demo,21421,137422174392,17177636623
demo,21422,75739192,9332223
demo,21423,75739256,9332231
demo,21424,80787880,9963309
demo,21425,75740006,9332324
demo,21426,67336864,8281932
demo,21427,75739576,9332271
demo,21428,80788104,9963337
demo,21429,75739152,9332218
demo,21430,78835416,9719251
demo,21431,78835424,9719252
demo,21432,78835432,9719253
demo,21433,78835444,9719254
demo,21434,78835452,9719255
demo,21435,78835460,9719256
demo,21436,78835472,9719258
demo,21437,78835480,9719259
demo,21438,78835488,9719260
demo,21439,78835508,9719262
demo,21440,78835516,9719263
demo,21441,78835524,9719264
demo,21442,78835544,9719267
demo,21443,78835552,9719268
demo,21444,78835560,9719269
demo,21445,78835580,9719271
demo,21446,78835588,9719272
demo,21447,78835596,9719273
demo,21448,78835616,9719276
demo,21449,78835624,9719277
demo,21450,78835632,9719278
demo,21451,78835652,9719280
demo,21452,78835660,9719281
demo,21453,78835668,9719282
demo,21454,78835688,9719285
demo,21455,78835696,9719286
demo,21456,78835704,9719287
demo,21457,78835724,9719289
demo,21458,78835732,9719290
demo,21459,78835740,9719291
demo,21460,78835760,9719294
demo,21461,78835768,9719295
demo,21462,78835776,9719296
demo,21463,78835796,9719298
demo,21464,78835804,9719299
demo,21465,78835812,9719300
demo,21466,78835832,9719303
demo,21467,78835840,9719304
demo,21468,78835848,9719305
demo,21469,78835868,9719307
demo,21470,78835876,9719308
demo,21471,78835884,9719309
demo,21472,78835904,9719312
demo,21473,78835912,9719313
demo,21474,78835920,9719314
demo,21475,78835940,9719316
demo,21476,78835948,9719317
demo,21477,78835956,9719318
demo,21478,78835976,9719321
demo,21479,78835984,9719322
demo,21480,78835992,9719323
demo,21481,78836012,9719325
demo,21482,78836020,9719326
demo,21483,78836028,9719327
demo,21484,78836048,9719330
demo,21485,78836056,9719331
demo,21486,78836064,9719332
demo,21487,78836084,9719334
demo,21488,78836092,9719335
demo,21489,78836100,9719336
demo,21490,78836120,9719339
demo,21491,78836128,9719340
demo,21492,78836136,9719341
demo,21493,78836156,9719343
demo,21494,78836164,9719344
demo,21495,78836172,9719345
demo,21496,78836192,9719348
demo,21497,78836200,9719349
demo,21498,78836208,9719350
demo,21499,78836228,9719352
demo,21500,78836236,9719353
demo,21501,78836244,9719354
demo,21502,78836264,9719357
demo,21503,78836272,9719358
demo,21504,78836280,9719359
demo,21505,78836300,9719361
demo,21506,78836308,9719362
demo,21507,78836312,9719363
demo,21508,137422174424,17177636627
demo,21509,78836320,9719364
demo,21510,67294552,8276643
demo,21511,78828912,9718438
demo,21512,76375008,9411700
demo,21513,78828912,9718438
demo,21514,76375024,9411702
demo,21515,78828928,9718440
demo,21516,78828928,9718440
demo,21517,76375031,9411702
demo,21518,137422174328,17177636615
demo,21519,137422174408,17177636625
demo,21520,76389816,9413551
demo,21521,137422174416,17177636626
demo,21522,76389822,9413551
demo,21523,76389828,9413552
demo,21524,76389840,9413554
demo,21525,137422174400,17177636624
demo,21526,75736456,9331881
demo,21527,76389832,9413553
demo,21528,76389836,9413553
demo,21529,75736400,9331874
demo,21530,137422174392,17177636623
demo,21531,75739192,9332223
demo,21532,75739256,9332231
demo,21533,80787880,9963309
demo,21534,75740006,9332324
demo,21535,67336864,8281932
demo,21536,75739576,9332271
demo,21537,80788104,9963337
demo,21538,75739152,9332218
demo,21539,78835416,9719251
demo,21540,78835424,9719252
demo,21541,78835432,9719253
demo,21542,78835444,9719254
demo,21543,78835452,9719255
demo,21544,78835460,9719256
demo,21545,78835472,9719258
demo,21546,78835480,9719259
demo,21547,78835488,9719260
demo,21548,78835508,9719262
demo,21549,78835516,9719263
demo,21550,78835524,9719264
demo,21551,78835544,9719267
demo,21552,78835552,9719268
demo,21553,78835560,9719269
demo,21554,78835580,9719271
demo,21555,78835588,9719272
demo,21556,78835596,9719273
demo,21557,78835616,9719276
demo,21558,78835624,9719277
demo,21559,78835632,9719278
demo,21560,78835652,9719280
demo,21561,78835660,9719281
demo,21562,78835668,9719282
demo,21563,78835688,9719285
demo,21564,78835696,9719286
demo,21565,78835704,9719287
demo,21566,78835724,9719289
demo,21567,78835732,9719290
demo,21568,78835740,9719291
demo,21569,78835760,9719294
demo,21570,78835768,9719295
demo,21571,78835776,9719296
demo,21572,78835796,9719298
demo,21573,78835804,9719299
demo,21574,78835812,9719300
demo,21575,78835832,9719303
demo,21576,78835840,9719304
demo,21577,78835848,9719305
demo,21578,78835868,9719307
demo,21579,78835876,9719308
demo,21580,78835884,9719309
demo,21581,78835904,9719312
demo,21582,78835912,9719313
demo,21583,78835920,9719314
demo,21584,78835940,9719316
demo,21585,78835948,9719317
demo,21586,78835956,9719318
demo,21587,78835976,9719321
demo,21588,78835984,9719322
demo,21589,78835992,9719323
demo,21590,78836012,9719325
demo,21591,78836020,9719326
demo,21592,78836028,9719327
demo,21593,78836048,9719330
demo,21594,78836056,9719331
demo,21595,78836064,9719332
demo,21596,78836084,9719334
demo,21597,78836092,9719335
demo,21598,78836100,9719336
demo,21599,78836120,9719339
demo,21600,78836128,9719340
demo,21601,78836136,9719341
demo,21602,78836156,9719343
demo,21603,78836164,9719344
demo,21604,78836168,9719345
demo,21605,137422174424,17177636627
demo,21606,78836176,9719346
demo,21607,67294572,8276645
demo,21608,76375024,9411702
demo,21609,78828864,9718432
demo,21610,76375024,9411702
demo,21611,78828880,9718434
demo,21612,76375040,9411704
demo,21613,78828884,9718434
demo,21614,76375042,9411704
demo,21615,137422174328,17177636615
demo,21616,137422174408,17177636625
demo,21617,76389832,9413553
demo,21618,137422174416,17177636626
demo,21619,76389838,9413553
demo,21620,76389844,9413554
demo,21621,76389856,9413556
demo,21622,137422174400,17177636624
demo,21623,75736456,9331881
demo,21624,76389848,9413555
demo,21625,76389852,9413555
demo,21626,75736400,9331874
demo,21627,137422174392,17177636623
demo,21628,75739192,9332223
demo,21629,75739256,9332231
demo,21630,80787880,9963309
demo,21631,75740006,9332324
demo,21632,67336864,8281932
demo,21633,75739576,9332271
demo,21634,80788104,9963337
demo,21635,75739152,9332218
demo,21636,78835416,9719251
demo,21637,78835424,9719252
demo,21638,78835432,9719253
demo,21639,78835444,9719254
demo,21640,78835452,9719255
demo,21641,78835460,9719256
demo,21642,78835472,9719258
demo,21643,78835480,9719259
demo,21644,78835488,9719260
demo,21645,78835508,9719262
demo,21646,78835516,9719263
demo,21647,78835524,9719264
demo,21648,78835544,9719267
demo,21649,78835552,9719268
demo,21650,78835560,9719269
demo,21651,78835580,9719271
demo,21652,78835588,9719272
demo,21653,78835596,9719273
demo,21654,78835616,9719276
demo,21655,78835624,9719277
demo,21656,78835632,9719278
demo,21657,78835652,9719280
demo,21658,78835660,9719281
demo,21659,78835668,9719282
demo,21660,78835688,9719285
demo,21661,78835696,9719286
demo,21662,78835704,9719287
demo,21663,78835724,9719289
demo,21664,78835732,9719290
demo,21665,78835740,9719291
demo,21666,78835760,9719294
demo,21667,78835768,9719295
demo,21668,78835776,9719296
demo,21669,78835796,9719298
demo,21670,78835804,9719299
demo,21671,78835812,9719300
demo,21672,78835832,9719303
demo,21673,78835840,9719304
demo,21674,78835848,9719305
demo,21675,78835868,9719307
demo,21676,78835876,9719308
demo,21677,78835884,9719309
demo,21678,78835904,9719312
demo,21679,78835912,9719313
demo,21680,78835920,9719314
demo,21681,78835940,9719316
demo,21682,78835948,9719317
demo,21683,78835956,9719318
demo,21684,78835976,9719321
demo,21685,78835984,9719322
demo,21686,78835992,9719323
demo,21687,78836012,9719325
demo,21688,78836020,9719326
demo,21689,78836028,9719327
demo,21690,78836048,9719330
demo,21691,78836056,9719331
demo,21692,78836064,9719332
demo,21693,78836084,9719334
demo,21694,78836092,9719335
demo,21695,78836100,9719336
demo,21696,78836120,9719339
demo,21697,78836128,9719340
demo,21698,78836136,9719341
demo,21699,78836156,9719343
demo,21700,78836164,9719344
demo,21701,78836172,9719345
demo,21702,78836192,9719348
demo,21703,78836200,9719349
demo,21704,78836208,9719350
demo,21705,78836228,9719352
demo,21706,78836236,9719353
demo,21707,78836244,9719354
demo,21708,78836264,9719357
demo,21709,78836272,9719358
demo,21710,78836280,9719359
demo,21711,78836300,9719361
demo,21712,78836308,9719362
demo,21713,78836316,9719363
demo,21714,78836336,9719366
demo,21715,78836344,9719367
demo,21716,78836352,9719368
demo,21717,78836372,9719370
demo,21718,78836380,9719371
demo,21719,78836388,9719372
demo,21720,78836408,9719375
demo,21721,78836416,9719376
demo,21722,78836424,9719377
demo,21723,78836444,9719379
demo,21724,78836452,9719380
demo,21725,78836460,9719381
demo,21726,78836480,9719384
demo,21727,78836488,9719385
demo,21728,78836496,9719386
demo,21729,78836516,9719388
demo,21730,78836524,9719389
demo,21731,78836532,9719390
demo,21732,78836552,9719393
demo,21733,78836560,9719394
demo,21734,78836564,9719394
demo,21735,137422174424,17177636627
demo,21736,78836572,9719395
demo,21737,76375043,9411704
demo,21738,78828995,9718448
demo,21739,76375051,9411705
demo,21740,78829003,9718449
demo,21741,78829005,9718449
demo,21742,76375053,9411705
demo,21743,137422174328,17177636615
demo,21744,137422174408,17177636625
demo,21745,76389848,9413555
demo,21746,137422174416,17177636626
demo,21747,76389854,9413555
demo,21748,76389860,9413556
demo,21749,76389872,9413558
demo,21750,137422174400,17177636624
demo,21751,75736456,9331881
demo,21752,76389864,9413557
demo,21753,76389868,9413557
demo,21754,75736400,9331874
demo,21755,137422174392,17177636623
demo,21756,75739192,9332223
demo,21757,75739256,9332231
demo,21758,80787880,9963309
demo,21759,75740006,9332324
demo,21760,67336864,8281932
demo,21761,75739576,9332271
demo,21762,80788104,9963337
demo,21763,75739152,9332218
demo,21764,78835416,9719251
demo,21765,78835424,9719252
demo,21766,78835432,9719253
demo,21767,78835444,9719254
demo,21768,78835452,9719255
demo,21769,78835460,9719256
demo,21770,78835472,9719258
demo,21771,78835480,9719259
demo,21772,78835488,9719260
demo,21773,78835508,9719262
demo,21774,78835516,9719263
demo,21775,78835524,9719264
demo,21776,78835544,9719267
demo,21777,78835552,9719268
demo,21778,78835560,9719269
demo,21779,78835580,9719271
demo,21780,78835588,9719272
demo,21781,78835596,9719273
demo,21782,78835616,9719276
demo,21783,78835624,9719277
demo,21784,78835632,9719278
demo,21785,78835652,9719280
demo,21786,78835660,9719281
demo,21787,78835664,9719282
demo,21788,137422174424,17177636627
demo,21789,78835672,9719283
demo,21790,67294548,8276642
demo,21791,78828720,9718414
demo,21792,76375040,9411704
demo,21793,78828720,9718414
demo,21794,76375056,9411706
demo,21795,78828736,9718416
demo,21796,78828735,9718415
demo,21797,76375063,9411706
demo,21798,137422174328,17177636615
demo,21799,137422174408,17177636625
demo,21800,76389864,9413557
demo,21801,137422174416,17177636626
demo,21802,76389870,9413557
demo,21803,76389876,9413558
demo,21804,76389888,9413560
demo,21805,137422174400,17177636624
demo,21806,75736456,9331881
demo,21807,76389880,9413559
demo,21808,76389884,9413559
demo,21809,75736400,9331874
demo,21810,137422174392,17177636623
demo,21811,75739192,9332223
demo,21812,75739256,9332231
demo,21813,80787880,9963309
demo,21814,75740006,9332324
demo,21815,67336864,8281932
demo,21816,75739576,9332271
demo,21817,80788104,9963337
demo,21818,75739152,9332218
demo,21819,78835416,9719251
demo,21820,78835424,9719252
demo,21821,78835432,9719253
demo,21822,78835444,9719254
demo,21823,78835452,9719255
demo,21824,78835460,9719256
demo,21825,78835472,9719258
demo,21826,78835480,9719259
demo,21827,78835488,9719260
demo,21828,78835508,9719262
demo,21829,78835516,9719263
demo,21830,78835524,9719264
demo,21831,78835544,9719267
demo,21832,78835552,9719268
demo,21833,78835560,9719269
demo,21834,78835580,9719271
demo,21835,78835588,9719272
demo,21836,78835596,9719273
demo,21837,78835616,9719276
demo,21838,78835624,9719277
demo,21839,78835632,9719278
demo,21840,78835652,9719280
demo,21841,78835660,9719281
demo,21842,78835668,9719282
demo,21843,78835688,9719285
demo,21844,78835696,9719286
demo,21845,78835704,9719287
demo,21846,78835724,9719289
demo,21847,78835732,9719290
demo,21848,78835740,9719291
demo,21849,78835760,9719294
demo,21850,78835768,9719295
demo,21851,78835772,9719295
demo,21852,137422174424,17177636627
demo,21853,78835780,9719296
demo,21854,76375064,9411707
demo,21855,78828756,9718418
demo,21856,76375072,9411708
demo,21857,78828764,9718419
demo,21858,78828765,9718419
demo,21859,76375073,9411708
demo,21860,137422174328,17177636615
demo,21861,137422174408,17177636625
demo,21862,76389880,9413559
demo,21863,137422174416,17177636626
demo,21864,76389886,9413559
demo,21865,76389892,9413560
demo,21866,76389904,9413562
demo,21867,137422174400,17177636624
demo,21868,75736456,9331881
demo,21869,76389896,9413561
demo,21870,76389900,9413561
demo,21871,75736400,9331874
demo,21872,137422174392,17177636623
demo,21873,75739192,9332223
demo,21874,75739256,9332231
demo,21875,80787880,9963309
demo,21876,75740006,9332324
demo,21877,67336864,8281932
demo,21878,75739576,9332271
demo,21879,80788104,9963337
demo,21880,75739152,9332218
demo,21881,78835416,9719251
demo,21882,78835424,9719252
demo,21883,78835432,9719253
demo,21884,78835444,9719254
demo,21885,78835452,9719255
demo,21886,78835460,9719256
demo,21887,78835472,9719258
demo,21888,78835480,9719259
demo,21889,78835488,9719260
demo,21890,78835508,9719262
demo,21891,78835516,9719263
demo,21892,78835524,9719264
demo,21893,78835544,9719267
demo,21894,78835552,9719268
demo,21895,78835560,9719269
demo,21896,78835580,9719271
demo,21897,78835588,9719272
demo,21898,78835596,9719273
demo,21899,78835616,9719276
demo,21900,78835624,9719277
demo,21901,78835632,9719278
demo,21902,78835652,9719280
demo,21903,78835660,9719281
demo,21904,78835668,9719282
demo,21905,78835688,9719285
demo,21906,78835696,9719286
demo,21907,78835704,9719287
demo,21908,78835724,9719289
demo,21909,78835732,9719290
demo,21910,78835740,9719291
demo,21911,78835760,9719294
demo,21912,78835768,9719295
demo,21913,78835776,9719296
demo,21914,78835796,9719298
demo,21915,78835804,9719299
demo,21916,78835812,9719300
demo,21917,78835832,9719303
demo,21918,78835840,9719304
demo,21919,78835848,9719305
demo,21920,78835868,9719307
demo,21921,78835876,9719308
demo,21922,78835884,9719309
demo,21923,78835904,9719312
demo,21924,78835912,9719313
demo,21925,78835920,9719314
demo,21926,78835940,9719316
demo,21927,78835948,9719317
demo,21928,78835956,9719318
demo,21929,78835976,9719321
demo,21930,78835984,9719322
demo,21931,78835992,9719323
demo,21932,78836012,9719325
demo,21933,78836020,9719326
demo,21934,78836028,9719327
demo,21935,78836048,9719330
demo,21936,78836056,9719331
demo,21937,78836064,9719332
demo,21938,78836084,9719334
demo,21939,78836092,9719335
demo,21940,78836100,9719336
demo,21941,78836120,9719339
demo,21942,78836128,9719340
demo,21943,78836136,9719341
demo,21944,78836156,9719343
demo,21945,78836164,9719344
demo,21946,78836172,9719345
demo,21947,78836192,9719348
demo,21948,78836200,9719349
demo,21949,78836208,9719350
demo,21950,78836228,9719352
demo,21951,78836236,9719353
demo,21952,78836244,9719354
demo,21953,78836264,9719357
demo,21954,78836272,9719358
demo,21955,78836280,9719359
demo,21956,78836300,9719361
demo,21957,78836308,9719362
demo,21958,78836316,9719363
demo,21959,78836336,9719366
demo,21960,78836344,9719367
demo,21961,78836352,9719368
demo,21962,78836372,9719370
demo,21963,78836380,9719371
demo,21964,78836388,9719372
demo,21965,78836408,9719375
demo,21966,78836416,9719376
demo,21967,78836424,9719377
demo,21968,78836444,9719379
demo,21969,78836452,9719380
demo,21970,78836460,9719381
demo,21971,78836480,9719384
demo,21972,78836488,9719385
demo,21973,78836496,9719386
demo,21974,78836516,9719388
demo,21975,78836524,9719389
demo,21976,78836532,9719390
demo,21977,78836552,9719393
demo,21978,78836560,9719394
demo,21979,78836568,9719395
demo,21980,78836588,9719397
demo,21981,78836596,9719398
demo,21982,78836600,9719399
demo,21983,137422174424,17177636627
demo,21984,78836608,9719400
demo,21985,76375074,9411708
demo,21986,78829006,9718449
demo,21987,76375082,9411709
demo,21988,78829014,9718450
demo,21989,78829016,9718451
demo,21990,76375084,9411709
demo,21991,137422174328,17177636615
demo,21992,137422174408,17177636625
demo,21993,76389896,9413561
demo,21994,137422174416,17177636626
demo,21995,76389902,9413561
demo,21996,76389908,9413562
demo,21997,76389920,9413564
demo,21998,137422174400,17177636624
demo,21999,75736456,9331881
demo,22000,76389912,9413563
demo,22001,76389916,9413563
demo,22002,75736400,9331874
demo,22003,137422174392,17177636623
demo,22004,75739192,9332223
demo,22005,75739256,9332231
demo,22006,80787880,9963309
demo,22007,75740006,9332324
demo,22008,67336864,8281932
demo,22009,75739576,9332271
demo,22010,80788104,9963337
demo,22011,75739152,9332218
demo,22012,78835416,9719251
demo,22013,78835424,9719252
demo,22014,78835432,9719253
demo,22015,78835444,9719254
demo,22016,78835452,9719255
demo,22017,78835460,9719256
demo,22018,78835472,9719258
demo,22019,78835480,9719259
demo,22020,78835488,9719260
demo,22021,78835508,9719262
demo,22022,78835516,9719263
demo,22023,78835524,9719264
demo,22024,78835544,9719267
demo,22025,78835552,9719268
demo,22026,78835560,9719269
demo,22027,78835580,9719271
demo,22028,78835588,9719272
demo,22029,78835596,9719273
demo,22030,78835616,9719276
demo,22031,78835624,9719277
demo,22032,78835628,9719277
demo,22033,137422174424,17177636627
demo,22034,78835636,9719278
demo,22035,76375085,9411709
demo,22036,78828714,9718413
demo,22037,76375093,9411710
demo,22038,78828722,9718414
demo,22039,78828725,9718414
demo,22040,76375096,9411711
demo,22041,137422174328,17177636615
demo,22042,137422174408,17177636625
demo,22043,76389912,9413563
demo,22044,137422174416,17177636626
demo,22045,76389918,9413563
demo,22046,76389924,9413564
demo,22047,76389936,9413566
demo,22048,137422174400,17177636624
demo,22049,75736456,9331881
demo,22050,76389928,9413565
demo,22051,76389932,9413565
demo,22052,75736400,9331874
demo,22053,137422174392,17177636623
demo,22054,75739192,9332223
demo,22055,75739256,9332231
demo,22056,80787880,9963309
demo,22057,75740006,9332324
demo,22058,67336864,8281932
demo,22059,75739576,9332271
demo,22060,80788104,9963337
demo,22061,75739152,9332218
demo,22062,78835416,9719251
demo,22063,78835424,9719252
demo,22064,78835432,9719253
demo,22065,78835444,9719254
demo,22066,78835452,9719255
demo,22067,78835460,9719256
demo,22068,78835472,9719258
demo,22069,78835480,9719259
demo,22070,78835488,9719260
demo,22071,78835508,9719262
demo,22072,78835516,9719263
demo,22073,78835524,9719264
demo,22074,78835544,9719267
demo,22075,78835552,9719268
demo,22076,78835560,9719269
demo,22077,78835580,9719271
demo,22078,78835588,9719272
demo,22079,78835596,9719273
demo,22080,78835616,9719276
demo,22081,78835624,9719277
demo,22082,78835632,9719278
demo,22083,78835652,9719280
demo,22084,78835660,9719281
demo,22085,78835668,9719282
demo,22086,78835688,9719285
demo,22087,78835696,9719286
demo,22088,78835704,9719287
demo,22089,78835724,9719289
demo,22090,78835732,9719290
demo,22091,78835740,9719291
demo,22092,78835760,9719294
demo,22093,78835768,9719295
demo,22094,78835776,9719296
demo,22095,78835796,9719298
demo,22096,78835804,9719299
demo,22097,78835812,9719300
demo,22098,78835832,9719303
demo,22099,78835840,9719304
demo,22100,78835848,9719305
demo,22101,78835868,9719307
demo,22102,78835876,9719308
demo,22103,78835884,9719309
demo,22104,78835904,9719312
demo,22105,78835912,9719313
demo,22106,78835920,9719314
demo,22107,78835940,9719316
demo,22108,78835948,9719317
demo,22109,78835956,9719318
demo,22110,78835976,9719321
demo,22111,78835984,9719322
demo,22112,78835992,9719323
demo,22113,78836012,9719325
demo,22114,78836020,9719326
demo,22115,78836028,9719327
demo,22116,78836048,9719330
demo,22117,78836056,9719331
demo,22118,78836064,9719332
demo,22119,78836084,9719334
demo,22120,78836092,9719335
demo,22121,78836100,9719336
demo,22122,78836120,9719339
demo,22123,78836128,9719340
demo,22124,78836132,9719340
demo,22125,137422174424,17177636627
demo,22126,78836140,9719341
demo,22127,67294556,8276643
demo,22128,76375088,9411710
demo,22129,78828848,9718430
demo,22130,76375088,9411710
demo,22131,78828864,9718432
demo,22132,76375104,9411712
demo,22133,78828873,9718433
demo,22134,76375107,9411712
demo,22135,137422174328,17177636615
demo,22136,137422174408,17177636625
demo,22137,76389928,9413565
demo,22138,137422174416,17177636626
demo,22139,76389934,9413565
demo,22140,76389940,9413566
demo,22141,76389952,9413568
demo,22142,137422174400,17177636624
demo,22143,75736456,9331881
demo,22144,76389944,9413567
demo,22145,76389948,9413567
demo,22146,75736400,9331874
demo,22147,137422174392,17177636623
demo,22148,75739192,9332223
demo,22149,75739256,9332231
demo,22150,80787880,9963309
demo,22151,75740006,9332324
demo,22152,67336864,8281932
demo,22153,75739576,9332271
demo,22154,80788104,9963337
demo,22155,75739152,9332218
demo,22156,78835416,9719251
demo,22157,78835424,9719252
demo,22158,78835432,9719253
demo,22159,78835444,9719254
demo,22160,78835452,9719255
demo,22161,78835460,9719256
demo,22162,78835472,9719258
demo,22163,78835480,9719259
demo,22164,78835488,9719260
demo,22165,78835508,9719262
demo,22166,78835516,9719263
demo,22167,78835520,9719264
demo,22168,137422174424,17177636627
demo,22169,78835528,9719265
demo,22170,76374932,9411690
demo,22171,78828680,9718409
demo,22172,76374940,9411691
demo,22173,78828688,9718410
demo,22174,78828689,9718410
demo,22175,76374941,9411691
demo,22176,137422174328,17177636615
demo,22177,137422174408,17177636625
demo,22178,76389944,9413567
demo,22179,137422174416,17177636626
demo,22180,76389950,9413567
demo,22181,76389956,9413568
demo,22182,76389968,9413570
demo,22183,137422174400,17177636624
demo,22184,75736456,9331881
demo,22185,76389960,9413569
demo,22186,76389964,9413569
demo,22187,75736400,9331874
demo,22188,137422174392,17177636623
demo,22189,75739192,9332223
demo,22190,75739256,9332231
demo,22191,80787880,9963309
demo,22192,75740006,9332324
demo,22193,67336864,8281932
demo,22194,75739576,9332271
demo,22195,80788104,9963337
demo,22196,75739152,9332218
demo,22197,78835416,9719251
demo,22198,78835424,9719252
demo,22199,78835432,9719253
demo,22200,78835444,9719254
demo,22201,78835452,9719255
demo,22202,78835460,9719256
demo,22203,78835472,9719258
demo,22204,78835480,9719259
demo,22205,78835488,9719260
demo,22206,78835508,9719262
demo,22207,78835516,9719263
demo,22208,78835524,9719264
demo,22209,78835544,9719267
demo,22210,78835552,9719268
demo,22211,78835560,9719269
demo,22212,78835580,9719271
demo,22213,78835588,9719272
demo,22214,78835596,9719273
demo,22215,78835616,9719276
demo,22216,78835624,9719277
demo,22217,78835632,9719278
demo,22218,78835652,9719280
demo,22219,78835660,9719281
demo,22220,78835668,9719282
demo,22221,78835688,9719285
demo,22222,78835696,9719286
demo,22223,78835704,9719287
demo,22224,78835724,9719289
demo,22225,78835732,9719290
demo,22226,78835740,9719291
demo,22227,78835760,9719294
demo,22228,78835768,9719295
demo,22229,78835776,9719296
demo,22230,78835796,9719298
demo,22231,78835804,9719299
demo,22232,78835812,9719300
demo,22233,78835832,9719303
demo,22234,78835840,9719304
demo,22235,78835848,9719305
demo,22236,78835868,9719307
demo,22237,78835876,9719308
demo,22238,78835884,9719309
demo,22239,78835904,9719312
demo,22240,78835912,9719313
demo,22241,78835920,9719314
demo,22242,78835940,9719316
demo,22243,78835948,9719317
demo,22244,78835956,9719318
demo,22245,78835976,9719321
demo,22246,78835984,9719322
demo,22247,78835992,9719323
demo,22248,78836012,9719325
demo,22249,78836020,9719326
demo,22250,78836028,9719327
demo,22251,78836048,9719330
demo,22252,78836056,9719331
demo,22253,78836064,9719332
demo,22254,78836084,9719334
demo,22255,78836092,9719335
demo,22256,78836100,9719336
demo,22257,78836120,9719339
demo,22258,78836128,9719340
demo,22259,78836136,9719341
demo,22260,78836156,9719343
demo,22261,78836164,9719344
demo,22262,78836172,9719345
demo,22263,78836192,9719348
demo,22264,78836200,9719349
demo,22265,78836208,9719350
demo,22266,78836228,9719352
demo,22267,78836236,9719353
demo,22268,78836244,9719354
demo,22269,78836264,9719357
demo,22270,78836272,9719358
demo,22271,78836280,9719359
demo,22272,78836300,9719361
demo,22273,78836308,9719362
demo,22274,78836316,9719363
demo,22275,78836336,9719366
demo,22276,78836344,9719367
demo,22277,78836352,9719368
demo,22278,78836372,9719370
demo,22279,78836380,9719371
demo,22280,78836388,9719372
demo,22281,78836408,9719375
demo,22282,78836416,9719376
demo,22283,78836424,9719377
demo,22284,78836444,9719379
demo,22285,78836452,9719380
demo,22286,78836460,9719381
demo,22287,78836480,9719384
demo,22288,78836488,9719385
demo,22289,78836496,9719386
demo,22290,78836516,9719388
demo,22291,78836524,9719389
demo,22292,78836532,9719390
demo,22293,78836552,9719393
demo,22294,78836560,9719394
demo,22295,78836568,9719395
demo,22296,78836588,9719397
demo,22297,78836596,9719398
demo,22298,78836604,9719399
demo,22299,78836624,9719402
demo,22300,78836632,9719403
demo,22301,78836640,9719404
demo,22302,78836660,9719406
demo,22303,78836668,9719407
demo,22304,78836676,9719408
demo,22305,78836696,9719411
demo,22306,78836704,9719412
demo,22307,78836708,9719412
demo,22308,137422174424,17177636627
demo,22309,78836716,9719413
demo,22310,76375108,9411712
demo,22311,78829039,9718453
demo,22312,76375116,9411713
demo,22313,78829047,9718454
demo,22314,78829049,9718455
demo,22315,76375118,9411713
demo,22316,137422174328,17177636615
demo,22317,137422174408,17177636625
demo,22318,76389960,9413569
demo,22319,137422174416,17177636626
demo,22320,76389966,9413569
demo,22321,76389972,9413570
demo,22322,76389984,9413572
demo,22323,137422174400,17177636624
demo,22324,75736456,9331881
demo,22325,76389976,9413571
demo,22326,76389980,9413571
demo,22327,75736400,9331874
demo,22328,137422174392,17177636623
demo,22329,75739192,9332223
demo,22330,75739256,9332231
demo,22331,80787880,9963309
demo,22332,75740006,9332324
demo,22333,67336864,8281932
demo,22334,75739576,9332271
demo,22335,80788104,9963337
demo,22336,75739152,9332218
demo,22337,78835416,9719251
demo,22338,78835424,9719252
demo,22339,78835432,9719253
demo,22340,78835444,9719254
demo,22341,78835452,9719255
demo,22342,78835460,9719256
demo,22343,78835472,9719258
demo,22344,78835480,9719259
demo,22345,78835488,9719260
demo,22346,78835508,9719262
demo,22347,78835516,9719263
demo,22348,78835524,9719264
demo,22349,78835544,9719267
demo,22350,78835552,9719268
demo,22351,78835556,9719268
demo,22352,137422174424,17177636627
demo,22353,78835564,9719269
demo,22354,76375119,9411713
demo,22355,78828690,9718410
demo,22356,76375127,9411714
demo,22357,78828698,9718411
demo,22358,78828701,9718411
demo,22359,76375130,9411715
demo,22360,137422174328,17177636615
demo,22361,137422174408,17177636625
demo,22362,76389976,9413571
demo,22363,137422174416,17177636626
demo,22364,76389982,9413571
demo,22365,76389988,9413572
demo,22366,76390000,9413574
demo,22367,137422174400,17177636624
demo,22368,75736456,9331881
demo,22369,76389992,9413573
demo,22370,76389996,9413573
demo,22371,75736400,9331874
demo,22372,137422174392,17177636623
demo,22373,75739192,9332223
demo,22374,75739256,9332231
demo,22375,80787880,9963309
demo,22376,75740006,9332324
demo,22377,67336864,8281932
demo,22378,75739576,9332271
demo,22379,80788104,9963337
demo,22380,75739152,9332218
demo,22381,78835416,9719251
demo,22382,78835424,9719252
demo,22383,78835432,9719253
demo,22384,78835444,9719254
demo,22385,78835452,9719255
demo,22386,78835460,9719256
demo,22387,78835472,9719258
demo,22388,78835480,9719259
demo,22389,78835488,9719260
demo,22390,78835508,9719262
demo,22391,78835516,9719263
demo,22392,78835524,9719264
demo,22393,78835544,9719267
demo,22394,78835552,9719268
demo,22395,78835560,9719269
demo,22396,78835580,9719271
demo,22397,78835588,9719272
demo,22398,78835596,9719273
demo,22399,78835616,9719276
demo,22400,78835624,9719277
demo,22401,78835632,9719278
demo,22402,78835652,9719280
demo,22403,78835660,9719281
demo,22404,78835668,9719282
demo,22405,78835688,9719285
demo,22406,78835696,9719286
demo,22407,78835704,9719287
demo,22408,78835724,9719289
demo,22409,78835732,9719290
demo,22410,78835740,9719291
demo,22411,78835760,9719294
demo,22412,78835768,9719295
demo,22413,78835776,9719296
demo,22414,78835796,9719298
demo,22415,78835804,9719299
demo,22416,78835812,9719300
demo,22417,78835832,9719303
demo,22418,78835840,9719304
demo,22419,78835848,9719305
demo,22420,78835868,9719307
demo,22421,78835876,9719308
demo,22422,78835884,9719309
demo,22423,78835904,9719312
demo,22424,78835912,9719313
demo,22425,78835920,9719314
demo,22426,78835940,9719316
demo,22427,78835948,9719317
demo,22428,78835956,9719318
demo,22429,78835976,9719321
demo,22430,78835984,9719322
demo,22431,78835992,9719323
demo,22432,78836012,9719325
demo,22433,78836020,9719326
demo,22434,78836028,9719327
demo,22435,78836048,9719330
demo,22436,78836056,9719331
demo,22437,78836064,9719332
demo,22438,78836084,9719334
demo,22439,78836092,9719335
demo,22440,78836100,9719336
demo,22441,78836120,9719339
demo,22442,78836128,9719340
demo,22443,78836136,9719341
demo,22444,78836156,9719343
demo,22445,78836164,9719344
demo,22446,78836172,9719345
demo,22447,78836192,9719348
demo,22448,78836200,9719349
demo,22449,78836208,9719350
demo,22450,78836228,9719352
demo,22451,78836236,9719353
demo,22452,78836244,9719354
demo,22453,78836264,9719357
demo,22454,78836272,9719358
demo,22455,78836280,9719359
demo,22456,78836300,9719361
demo,22457,78836308,9719362
demo,22458,78836316,9719363
demo,22459,78836336,9719366
demo,22460,78836344,9719367
demo,22461,78836352,9719368
demo,22462,78836372,9719370
demo,22463,78836380,9719371
demo,22464,78836388,9719372
demo,22465,78836408,9719375
demo,22466,78836416,9719376
demo,22467,78836424,9719377
demo,22468,78836444,9719379
demo,22469,78836452,9719380
demo,22470,78836460,9719381
demo,22471,78836480,9719384
demo,22472,78836488,9719385
demo,22473,78836496,9719386
demo,22474,78836516,9719388
demo,22475,78836524,9719389
demo,22476,78836532,9719390
demo,22477,78836552,9719393
demo,22478,78836560,9719394
demo,22479,78836568,9719395
demo,22480,78836588,9719397
demo,22481,78836596,9719398
demo,22482,78836604,9719399
demo,22483,78836624,9719402
demo,22484,78836632,9719403
demo,22485,78836636,9719403
demo,22486,137422174424,17177636627
demo,22487,78836644,9719404
demo,22488,76375131,9411715
demo,22489,78829017,9718451
demo,22490,76375139,9411716
demo,22491,78829025,9718452
demo,22492,78829027,9718452
demo,22493,76375141,9411716
demo,22494,137422174328,17177636615
demo,22495,137422174408,17177636625
demo,22496,76389992,9413573
demo,22497,137422174416,17177636626
demo,22498,76389998,9413573
demo,22499,76390004,9413574
demo,22500,76390016,9413576
demo,22501,137422174400,17177636624
demo,22502,75736456,9331881
demo,22503,76390008,9413575
demo,22504,76390012,9413575
demo,22505,75736400,9331874
demo,22506,137422174392,17177636623
demo,22507,75739192,9332223
demo,22508,75739256,9332231
demo,22509,80787880,9963309
demo,22510,75740006,9332324
demo,22511,67336864,8281932
demo,22512,75739576,9332271
demo,22513,80788104,9963337
demo,22514,75739152,9332218
demo,22515,78835416,9719251
demo,22516,78835424,9719252
demo,22517,78835432,9719253
demo,22518,78835444,9719254
demo,22519,78835452,9719255
demo,22520,78835456,9719256
demo,22521,137422174424,17177636627
demo,22522,78835464,9719257
demo,22523,76374920,9411689
demo,22524,78828656,9718406
demo,22525,76374928,9411690
demo,22526,78828664,9718407
demo,22527,78828667,9718407
demo,22528,76374931,9411690
demo,22529,137422174328,17177636615
demo,22530,137422174408,17177636625
demo,22531,76390008,9413575
demo,22532,137422174416,17177636626
demo,22533,76390014,9413575
demo,22534,76390020,9413576
demo,22535,137422174360,17177636619
demo,22536,76389748,9413542
demo,22537,137422174336,17177636616
demo,22538,137422174400,17177636624
demo,22539,137422174344,17177636617
demo,22540,78458616,9672151
demo,22541,75736448,9331880
demo,22542,76387724,9413289
demo,22543,137422174424,17177636627
demo,22544,76387736,9413291
demo,22545,76387752,9413293
demo,22546,76387764,9413294
demo,22547,76387780,9413296
demo,22548,76387792,9413298
demo,22549,76387816,9413301
demo,22550,76387828,9413302
demo,22551,76387852,9413305
demo,22552,76387864,9413307
demo,22553,76387888,9413310
demo,22554,76387900,9413311
demo,22555,76387924,9413314
demo,22556,76387936,9413316
demo,22557,76387960,9413319
demo,22558,76387972,9413320
demo,22559,76387996,9413323
demo,22560,76388008,9413325
demo,22561,76388032,9413328
demo,22562,76388044,9413329
demo,22563,76388068,9413332
demo,22564,76388080,9413334
demo,22565,76388104,9413337
demo,22566,76388116,9413338
demo,22567,76388140,9413341
demo,22568,76388152,9413343
demo,22569,76388176,9413346
demo,22570,76388188,9413347
demo,22571,76388212,9413350
demo,22572,76388224,9413352
demo,22573,76388248,9413355
demo,22574,76388260,9413356
demo,22575,76388284,9413359
demo,22576,76388296,9413361
demo,22577,76388320,9413364
demo,22578,76388332,9413365
demo,22579,76388356,9413368
demo,22580,76388368,9413370
demo,22581,76388392,9413373
demo,22582,76388404,9413374
demo,22583,76388428,9413377
demo,22584,76388440,9413379
demo,22585,76388464,9413382
demo,22586,76388476,9413383
demo,22587,76388500,9413386
demo,22588,76388512,9413388
demo,22589,76388536,9413391
demo,22590,76388548,9413392
demo,22591,76388572,9413395
demo,22592,76388584,9413397
demo,22593,76388608,9413400
demo,22594,76388620,9413401
demo,22595,76388644,9413404
demo,22596,76388656,9413406
demo,22597,76388680,9413409
demo,22598,76388692,9413410
demo,22599,76388716,9413413
demo,22600,76388728,9413415
demo,22601,76388752,9413418
demo,22602,76388764,9413419
demo,22603,76388788,9413422
demo,22604,76388800,9413424
demo,22605,76388824,9413427
demo,22606,76388836,9413428
demo,22607,76388860,9413431
demo,22608,76388872,9413433
demo,22609,76388896,9413436
demo,22610,76388908,9413437
demo,22611,76388932,9413440
demo,22612,76388944,9413442
demo,22613,76388968,9413445
demo,22614,76388980,9413446
demo,22615,76388996,9413448
demo,22616,76389008,9413450
demo,22617,76389032,9413453
demo,22618,76389044,9413454
demo,22619,76389068,9413457
demo,22620,76389080,9413459
demo,22621,76389104,9413462
demo,22622,76389116,9413463
demo,22623,76389140,9413466
demo,22624,76389152,9413468
demo,22625,76389176,9413471
demo,22626,76389188,9413472
demo,22627,76389212,9413475
demo,22628,76389224,9413477
demo,22629,76389248,9413480
demo,22630,76389260,9413481
demo,22631,76389284,9413484
demo,22632,76389296,9413486
demo,22633,76389320,9413489
demo,22634,76389332,9413490
demo,22635,76389356,9413493
demo,22636,76389368,9413495
demo,22637,76389392,9413498
demo,22638,76389404,9413499
demo,22639,76389428,9413502
demo,22640,76389440,9413504
demo,22641,76389464,9413507
demo,22642,76389476,9413508
demo,22643,76389500,9413511
demo,22644,76389512,9413513
demo,22645,76389536,9413516
demo,22646,76389548,9413517
demo,22647,76389564,9413519
demo,22648,76389576,9413521
demo,22649,137422174424,17177636627
demo,22650,137422174424,17177636627
demo,22651,67336736,8281916
demo,22652,67336720,8281914
demo,22653,67342736,8282666
demo,22654,67342744,8282667
demo,22655,67336888,8281935
demo,22656,137422174256,17177636606
demo,22657,137422174264,17177636607
demo,22658,137422174272,17177636608
demo,22659,137422174280,17177636609
demo,22660,67342592,8282648
demo,22661,137422174280,17177636609
demo,22662,67342736,8282666
demo,22663,137422174296,17177636611
demo,22664,137422174304,17177636612
demo,22665,137422174312,17177636613
demo,22666,137422174320,17177636614
demo,22667,137422174328,17177636615
demo,22668,137422174416,17177636626
demo,22669,75736968,9331945
demo,22670,78458680,9672159
demo,22671,75737302,9331986
demo,22672,75736448,9331880
demo,22673,78458648,9672155
demo,22674,76389600,9413524
demo,22675,76389614,9413525
demo,22676,76389608,9413525
demo,22677,76389616,9413526
demo,22678,76389596,9413523
demo,22679,76389620,9413526
demo,22680,76389604,9413524
demo,22681,76389632,9413528
demo,22682,76389646,9413529
demo,22683,76389640,9413529
demo,22684,76389648,9413530
demo,22685,76389628,9413527
demo,22686,76389652,9413530
demo,22687,76389636,9413528
demo,22688,76389664,9413532
demo,22689,76389678,9413533
demo,22690,76389672,9413533
demo,22691,76389680,9413534
demo,22692,76389660,9413531
demo,22693,76389684,9413534
demo,22694,76389694,9413535
demo,22695,76389688,9413535
demo,22696,76389696,9413536
demo,22697,76389660,9413531
demo,22698,76389700,9413536
demo,22699,76389710,9413537
demo,22700,76389704,9413537
demo,22701,76389712,9413538
demo,22702,76389660,9413531
demo,22703,76389716,9413538
demo,22704,76389726,9413539
demo,22705,76389720,9413539
demo,22706,76389728,9413540
demo,22707,76389660,9413531
demo,22708,76389732,9413540
demo,22709,76389668,9413532
demo,22710,76389744,9413542
demo,22711,76389758,9413543
demo,22712,76389752,9413543
demo,22713,76389760,9413544
demo,22714,76389740,9413541
demo,22715,76389764,9413544
demo,22716,76389774,9413545
demo,22717,76389768,9413545
demo,22718,76389776,9413546
demo,22719,76389740,9413541
demo,22720,76389780,9413546
demo,22721,76389790,9413547
demo,22722,76389784,9413547
demo,22723,76389792,9413548
demo,22724,76389740,9413541
demo,22725,76389796,9413548
demo,22726,76389806,9413549
demo,22727,76389800,9413549
demo,22728,76389808,9413550
demo,22729,76389740,9413541
demo,22730,76389812,9413550
demo,22731,76389822,9413551
demo,22732,76389816,9413551
demo,22733,76389824,9413552
demo,22734,76389740,9413541
demo,22735,76389828,9413552
demo,22736,76389838,9413553
demo,22737,76389832,9413553
demo,22738,76389840,9413554
demo,22739,76389740,9413541
demo,22740,76389844,9413554
demo,22741,76389854,9413555
demo,22742,76389848,9413555
demo,22743,76389856,9413556
demo,22744,76389740,9413541
demo,22745,76389860,9413556
demo,22746,76389870,9413557
demo,22747,76389864,9413557
demo,22748,76389872,9413558
demo,22749,76389740,9413541
demo,22750,76389876,9413558
demo,22751,76389886,9413559
demo,22752,76389880,9413559
demo,22753,76389888,9413560
demo,22754,76389740,9413541
demo,22755,76389892,9413560
demo,22756,76389902,9413561
demo,22757,76389896,9413561
demo,22758,76389904,9413562
demo,22759,76389740,9413541
demo,22760,76389908,9413562
demo,22761,76389918,9413563
demo,22762,76389912,9413563
demo,22763,76389920,9413564
demo,22764,76389740,9413541
demo,22765,76389924,9413564
demo,22766,76389934,9413565
demo,22767,76389928,9413565
demo,22768,76389936,9413566
demo,22769,76389740,9413541
demo,22770,76389940,9413566
demo,22771,76389950,9413567
demo,22772,76389944,9413567
demo,22773,76389952,9413568
demo,22774,76389740,9413541
demo,22775,76389956,9413568
demo,22776,76389966,9413569
demo,22777,76389960,9413569
demo,22778,76389968,9413570
demo,22779,76389740,9413541
demo,22780,76389972,9413570
demo,22781,76389982,9413571
demo,22782,76389976,9413571
demo,22783,76389984,9413572
demo,22784,76389740,9413541
demo,22785,76389988,9413572
demo,22786,76389998,9413573
demo,22787,76389992,9413573
demo,22788,76390000,9413574
demo,22789,76389740,9413541
demo,22790,76390004,9413574
demo,22791,76390014,9413575
demo,22792,76390008,9413575
demo,22793,76390016,9413576
demo,22794,76389740,9413541
demo,22795,76390020,9413576
demo,22796,76389748,9413542
demo,22797,78458616,9672151
demo,22798,76387722,9413289
demo,22799,76387736,9413291
demo,22800,76387750,9413292
demo,22801,76387760,9413294
demo,22802,76387752,9413293
demo,22803,76387756,9413293
demo,22804,76387768,9413295
demo,22805,76387764,9413294
demo,22806,76387778,9413296
demo,22807,76387788,9413297
demo,22808,76387780,9413296
demo,22809,76387784,9413297
demo,22810,76387796,9413298
demo,22811,76387792,9413298
demo,22812,76387814,9413300
demo,22813,76387824,9413302
demo,22814,76387816,9413301
demo,22815,76387820,9413301
demo,22816,76387832,9413303
demo,22817,76387828,9413302
demo,22818,76387850,9413305
demo,22819,76387860,9413306
demo,22820,76387852,9413305
demo,22821,76387856,9413306
demo,22822,76387868,9413307
demo,22823,76387864,9413307
demo,22824,76387886,9413309
demo,22825,76387896,9413311
demo,22826,76387888,9413310
demo,22827,76387892,9413310
demo,22828,76387904,9413312
demo,22829,76387900,9413311
demo,22830,76387922,9413314
demo,22831,76387932,9413315
demo,22832,76387924,9413314
demo,22833,76387928,9413315
demo,22834,76387940,9413316
demo,22835,76387936,9413316
demo,22836,76387958,9413318
demo,22837,76387968,9413320
demo,22838,76387960,9413319
demo,22839,76387964,9413319
demo,22840,76387976,9413321
demo,22841,76387972,9413320
demo,22842,76387994,9413323
demo,22843,76388004,9413324
demo,22844,76387996,9413323
demo,22845,76388000,9413324
demo,22846,76388012,9413325
demo,22847,76388008,9413325
demo,22848,76388030,9413327
demo,22849,76388040,9413329
demo,22850,76388032,9413328
demo,22851,76388036,9413328
demo,22852,76388048,9413330
demo,22853,76388044,9413329
demo,22854,76388066,9413332
demo,22855,76388076,9413333
demo,22856,76388068,9413332
demo,22857,76388072,9413333
demo,22858,76388084,9413334
demo,22859,76388080,9413334
demo,22860,76388102,9413336
demo,22861,76388112,9413338
demo,22862,76388104,9413337
demo,22863,76388108,9413337
demo,22864,76388120,9413339
demo,22865,76388116,9413338
demo,22866,76388138,9413341
demo,22867,76388148,9413342
demo,22868,76388140,9413341
demo,22869,76388144,9413342
demo,22870,76388156,9413343
demo,22871,76388152,9413343
demo,22872,76388174,9413345
demo,22873,76388184,9413347
demo,22874,76388176,9413346
demo,22875,76388180,9413346
demo,22876,76388192,9413348
demo,22877,76388188,9413347
demo,22878,76388210,9413350
demo,22879,76388220,9413351
demo,22880,76388212,9413350
demo,22881,76388216,9413351
demo,22882,76388228,9413352
demo,22883,76388224,9413352
demo,22884,76388246,9413354
demo,22885,76388256,9413356
demo,22886,76388248,9413355
demo,22887,76388252,9413355
demo,22888,76388264,9413357
demo,22889,76388260,9413356
demo,22890,76388282,9413359
demo,22891,76388292,9413360
demo,22892,76388284,9413359
demo,22893,76388288,9413360
demo,22894,76388300,9413361
demo,22895,76388296,9413361
demo,22896,76388318,9413363
demo,22897,76388328,9413365
demo,22898,76388320,9413364
demo,22899,76388324,9413364
demo,22900,76388336,9413366
demo,22901,76388332,9413365
demo,22902,76388354,9413368
demo,22903,76388364,9413369
demo,22904,76388356,9413368
demo,22905,76388360,9413369
demo,22906,76388372,9413370
demo,22907,76388368,9413370
demo,22908,76388390,9413372
demo,22909,76388400,9413374
demo,22910,76388392,9413373
demo,22911,76388396,9413373
demo,22912,76388408,9413375
demo,22913,76388404,9413374
demo,22914,76388426,9413377
demo,22915,76388436,9413378
demo,22916,76388428,9413377
demo,22917,76388432,9413378
demo,22918,76388444,9413379
demo,22919,76388440,9413379
demo,22920,76388462,9413381
demo,22921,76388472,9413383
demo,22922,76388464,9413382
demo,22923,76388468,9413382
demo,22924,76388480,9413384
demo,22925,76388476,9413383
demo,22926,76388498,9413386
demo,22927,76388508,9413387
demo,22928,76388500,9413386
demo,22929,76388504,9413387
demo,22930,76388516,9413388
demo,22931,76388512,9413388
demo,22932,76388534,9413390
demo,22933,76388544,9413392
demo,22934,76388536,9413391
demo,22935,76388540,9413391
demo,22936,76388552,9413393
demo,22937,76388548,9413392
demo,22938,76388570,9413395
demo,22939,76388580,9413396
demo,22940,76388572,9413395
demo,22941,76388576,9413396
demo,22942,76388588,9413397
demo,22943,76388584,9413397
demo,22944,76388606,9413399
demo,22945,76388616,9413401
demo,22946,76388608,9413400
demo,22947,76388612,9413400
demo,22948,76388624,9413402
demo,22949,76388620,9413401
demo,22950,76388642,9413404
demo,22951,76388652,9413405
demo,22952,76388644,9413404
demo,22953,76388648,9413405
demo,22954,76388660,9413406
demo,22955,76388656,9413406
demo,22956,76388678,9413408
demo,22957,76388688,9413410
demo,22958,76388680,9413409
demo,22959,76388684,9413409
demo,22960,76388696,9413411
demo,22961,76388692,9413410
demo,22962,76388714,9413413
demo,22963,76388724,9413414
demo,22964,76388716,9413413
demo,22965,76388720,9413414
demo,22966,76388732,9413415
demo,22967,76388728,9413415
demo,22968,76388750,9413417
demo,22969,76388760,9413419
demo,22970,76388752,9413418
demo,22971,76388756,9413418
demo,22972,76388768,9413420
demo,22973,76388764,9413419
demo,22974,76388786,9413422
demo,22975,76388796,9413423
demo,22976,76388788,9413422
demo,22977,76388792,9413423
demo,22978,76388804,9413424
demo,22979,76388800,9413424
demo,22980,76388822,9413426
demo,22981,76388832,9413428
demo,22982,76388824,9413427
demo,22983,76388828,9413427
demo,22984,76388840,9413429
demo,22985,76388836,9413428
demo,22986,76388858,9413431
demo,22987,76388868,9413432
demo,22988,76388860,9413431
demo,22989,76388864,9413432
demo,22990,76388876,9413433
demo,22991,76388872,9413433
demo,22992,76388894,9413435
demo,22993,76388904,9413437
demo,22994,76388896,9413436
demo,22995,76388900,9413436
demo,22996,76388912,9413438
demo,22997,76388908,9413437
demo,22998,76388930,9413440
demo,22999,76388940,9413441
demo,23000,76388932,9413440
demo,23001,76388936,9413441
demo,23002,76388948,9413442
demo,23003,76388944,9413442
demo,23004,76388966,9413444
demo,23005,76388976,9413446
demo,23006,76388968,9413445
demo,23007,76388972,9413445
demo,23008,76388984,9413447
demo,23009,76388980,9413446
demo,23010,76388994,9413448
demo,23011,76389004,9413449
demo,23012,76388996,9413448
demo,23013,76389000,9413449
demo,23014,76389012,9413450
demo,23015,76389008,9413450
demo,23016,76389030,9413452
demo,23017,76389040,9413454
demo,23018,76389032,9413453
demo,23019,76389036,9413453
demo,23020,76389048,9413455
demo,23021,76389044,9413454
demo,23022,76389066,9413457
demo,23023,76389076,9413458
demo,23024,76389068,9413457
demo,23025,76389072,9413458
demo,23026,76389084,9413459
demo,23027,76389080,9413459
demo,23028,76389102,9413461
demo,23029,76389112,9413463
demo,23030,76389104,9413462
demo,23031,76389108,9413462
demo,23032,76389120,9413464
demo,23033,76389116,9413463
demo,23034,76389138,9413466
demo,23035,76389148,9413467
demo,23036,76389140,9413466
demo,23037,76389144,9413467
demo,23038,76389156,9413468
demo,23039,76389152,9413468
demo,23040,76389174,9413470
demo,23041,76389184,9413472
demo,23042,76389176,9413471
demo,23043,76389180,9413471
demo,23044,76389192,9413473
demo,23045,76389188,9413472
demo,23046,76389210,9413475
demo,23047,76389220,9413476
demo,23048,76389212,9413475
demo,23049,76389216,9413476
demo,23050,76389228,9413477
demo,23051,76389224,9413477
demo,23052,76389246,9413479
demo,23053,76389256,9413481
demo,23054,76389248,9413480
demo,23055,76389252,9413480
demo,23056,76389264,9413482
demo,23057,76389260,9413481
demo,23058,76389282,9413484
demo,23059,76389292,9413485
demo,23060,76389284,9413484
demo,23061,76389288,9413485
demo,23062,76389300,9413486
demo,23063,76389296,9413486
demo,23064,76389318,9413488
demo,23065,76389328,9413490
demo,23066,76389320,9413489
demo,23067,76389324,9413489
demo,23068,76389336,9413491
demo,23069,76389332,9413490
demo,23070,76389354,9413493
demo,23071,76389364,9413494
demo,23072,76389356,9413493
demo,23073,76389360,9413494
demo,23074,76389372,9413495
demo,23075,76389368,9413495
demo,23076,76389390,9413497
demo,23077,76389400,9413499
demo,23078,76389392,9413498
demo,23079,76389396,9413498
demo,23080,76389408,9413500
demo,23081,76389404,9413499
demo,23082,76389426,9413502
demo,23083,76389436,9413503
demo,23084,76389428,9413502
demo,23085,76389432,9413503
demo,23086,76389444,9413504
demo,23087,76389440,9413504
demo,23088,76389462,9413506
demo,23089,76389472,9413508
demo,23090,76389464,9413507
demo,23091,76389468,9413507
demo,23092,76389480,9413509
demo,23093,76389476,9413508
demo,23094,76389498,9413511
demo,23095,76389508,9413512
demo,23096,76389500,9413511
demo,23097,76389504,9413512
demo,23098,76389516,9413513
demo,23099,76389512,9413513
demo,23100,76389534,9413515
demo,23101,76389544,9413517
demo,23102,76389536,9413516
demo,23103,76389540,9413516
demo,23104,76389552,9413518
demo,23105,76389548,9413517
demo,23106,76389562,9413519
demo,23107,76389572,9413520
demo,23108,76389564,9413519
demo,23109,76389568,9413520
demo,23110,76389580,9413521
demo,23111,76389576,9413521
demo,23112,75736520,9331889
demo,23113,75736800,9331924
demo,23114,137422174352,17177636618
demo,23115,137422174504,17177636637
demo,23116,137422174512,17177636638
demo,23117,137422174520,17177636639
demo,23118,137422174528,17177636640
demo,23119,137422174536,17177636641
demo,23120,137422174544,17177636642
demo,23121,137422174552,17177636643
demo,23122,75736472,9331883
demo,23123,75738661,9332156
demo,23124,75737912,9332063
demo,23125,78675544,9699267
demo,23126,75738662,9332156
demo,23127,75738216,9332101
demo,23128,75738232,9332103
demo,23129,78675752,9699293
demo,23130,75737808,9332050
demo,23131,78503920,9677814
demo,23132,137422174400,17177636624
demo,23133,78503924,9677814
demo,23134,75737856,9332056
demo,23135,67338240,8282104
demo,23136,67343080,8282709
demo,23137,67294560,8276644
demo,23138,78502640,9677654
demo,23139,67344560,8282894
demo,23140,67344568,8282895
demo,23141,78502643,9677654
demo,23142,137422174296,17177636611
demo,23143,67343128,8282715
demo,23144,67344544,8282892
demo,23145,67294560,8276644
demo,23146,78502640,9677654
demo,23147,67344560,8282894
demo,23148,67344568,8282895
demo,23149,78502643,9677654
demo,23150,137422174296,17177636611
demo,23151,67344552,8282893
demo,23152,137422174304,17177636612
demo,23153,137422174312,17177636613
demo,23154,137422174320,17177636614
demo,23155,137422174328,17177636615
demo,23156,67343096,8282711
demo,23157,75735048,9331705
demo,23158,67294568,8276645
demo,23159,67345184,8282972
demo,23160,78502640,9677654
demo,23161,67345184,8282972
demo,23162,78502643,9677654
demo,23163,137422174296,17177636611
demo,23164,75735096,9331711
demo,23165,75736256,9331856
demo,23166,67294560,8276644
demo,23167,78502640,9677654
demo,23168,75736272,9331858
demo,23169,75736280,9331859
demo,23170,78502643,9677654
demo,23171,137422174296,17177636611
demo,23172,75736264,9331857
demo,23173,137422174304,17177636612
demo,23174,137422174312,17177636613
demo,23175,137422174320,17177636614
demo,23176,137422174328,17177636615
demo,23177,75735064,9331707
demo,23178,75736456,9331881
demo,23179,67294568,8276645
demo,23180,75736400,9331874
demo,23181,78502640,9677654
demo,23182,75736400,9331874
demo,23183,78502643,9677654
demo,23184,137422174296,17177636611
demo,23185,75736504,9331887
demo,23186,75737664,9332032
demo,23187,67294560,8276644
demo,23188,78502640,9677654
demo,23189,75737680,9332034
demo,23190,75737689,9332035
demo,23191,78502644,9677654
demo,23192,137422174296,17177636611
demo,23193,75737672,9332033
demo,23194,137422174304,17177636612
demo,23195,137422174312,17177636613
demo,23196,137422174320,17177636614
demo,23197,137422174328,17177636615
demo,23198,75736472,9331883
demo,23199,75737816,9332051
demo,23200,67294568,8276645
demo,23201,75737760,9332044
demo,23202,78502640,9677654
demo,23203,75737760,9332044
demo,23204,78502643,9677654
demo,23205,137422174296,17177636611
demo,23206,75737864,9332057
demo,23207,75739024,9332202
demo,23208,67294560,8276644
demo,23209,78502640,9677654
demo,23210,75739040,9332204
demo,23211,75739049,9332205
demo,23212,78502644,9677654
demo,23213,137422174296,17177636611
demo,23214,75739032,9332203
demo,23215,137422174304,17177636612
demo,23216,137422174312,17177636613
demo,23217,137422174320,17177636614
demo,23218,137422174328,17177636615
demo,23219,75737832,9332053
demo,23220,75739160,9332219
demo,23221,67294568,8276645
demo,23222,75739120,9332214
demo,23223,78502640,9677654
demo,23224,75739120,9332214
demo,23225,78502643,9677654
demo,23226,137422174296,17177636611
demo,23227,75739208,9332225
demo,23228,75740368,9332370
demo,23229,67294560,8276644
demo,23230,78502640,9677654
demo,23231,75740384,9332372
demo,23232,75740393,9332373
demo,23233,78502644,9677654
demo,23234,137422174296,17177636611
demo,23235,75740376,9332371
demo,23236,137422174304,17177636612
demo,23237,137422174312,17177636613
demo,23238,137422174320,17177636614
demo,23239,137422174328,17177636615
demo,23240,75739176,9332221
demo,23241,75740520,9332389
demo,23242,67294568,8276645
demo,23243,75740480,9332384
demo,23244,78502640,9677654
demo,23245,75740480,9332384
demo,23246,78502643,9677654
demo,23247,137422174296,17177636611
demo,23248,75740568,9332395
demo,23249,75741728,9332540
demo,23250,67294560,8276644
demo,23251,78502640,9677654
demo,23252,75741744,9332542
demo,23253,75741753,9332543
demo,23254,78502644,9677654
demo,23255,137422174296,17177636611
demo,23256,75741736,9332541
demo,23257,137422174304,17177636612
demo,23258,137422174312,17177636613
demo,23259,137422174320,17177636614
demo,23260,137422174328,17177636615
demo,23261,75740536,9332391
demo,23262,67340984,8282447
demo,23263,67294560,8276644
demo,23264,78502640,9677654
demo,23265,1082128,90
demo,23266,1082136,91
demo,23267,78502643,9677654
demo,23268,137422174296,17177636611
demo,23269,67341032,8282453
demo,23270,67342976,8282696
demo,23271,67294560,8276644
demo,23272,78502640,9677654
demo,23273,1082128,90
demo,23274,1082136,91
demo,23275,78502643,9677654
demo,23276,137422174296,17177636611
demo,23277,67342984,8282697
demo,23278,67342912,8282688
demo,23279,67294572,8276645
demo,23280,67111872,8253808
demo,23281,78502640,9677654
demo,23282,67111872,8253808
demo,23283,78502656,9677656
demo,23284,67111888,8253810
demo,23285,67111893,8253810
demo,23286,78502663,9677656
demo,23287,137422174296,17177636611
demo,23288,137422174304,17177636612
demo,23289,137422174312,17177636613
demo,23290,137422174320,17177636614
demo,23291,137422174328,17177636615
demo,23292,137422174356,17177636618
demo,23293,78503928,9677815
demo,23294,137422174424,17177636627
demo,23295,78503944,9677817
demo,23296,137422174400,17177636624
demo,23297,75737816,9332051
demo,23298,78503936,9677816
demo,23299,78503940,9677816
demo,23300,75737760,9332044
demo,23301,137422174392,17177636623
demo,23302,67341016,8282451
demo,23303,67341080,8282459
demo,23304,67337872,8282058
demo,23305,67341830,8282552
demo,23306,67336864,8281932
demo,23307,67341400,8282499
demo,23308,67337984,8282072
demo,23309,67340976,8282446
demo,23310,67112048,8253830
demo,23311,67112056,8253831
demo,23312,67112064,8253832
demo,23313,67112076,8253833
demo,23314,67112084,8253834
demo,23315,67112092,8253835
demo,23316,67112104,8253837
demo,23317,67112112,8253838
demo,23318,67112116,8253838
demo,23319,137422174424,17177636627
demo,23320,67112124,8253839
demo,23321,78502825,9677677
demo,23322,67111906,8253812
demo,23323,78502833,9677678
demo,23324,67111914,8253813
demo,23325,67111915,8253813
demo,23326,78502834,9677678
demo,23327,137422174328,17177636615
demo,23328,137422174408,17177636625
demo,23329,78503936,9677816
demo,23330,137422174416,17177636626
demo,23331,78503942,9677816
demo,23332,78503948,9677817
demo,23333,137422174360,17177636619
demo,23334,78503932,9677815
demo,23335,137422174400,17177636624
demo,23336,78503956,9677818
demo,23337,75737856,9332056
demo,23338,67338240,8282104
demo,23339,67343080,8282709
demo,23340,67294576,8276646
demo,23341,67344560,8282894
demo,23342,78502624,9677652
demo,23343,67344568,8282895
demo,23344,78502633,9677653
demo,23345,137422174296,17177636611
demo,23346,67343128,8282715
demo,23347,67344544,8282892
demo,23348,67294576,8276646
demo,23349,67344560,8282894
demo,23350,78502624,9677652
demo,23351,67344568,8282895
demo,23352,78502633,9677653
demo,23353,137422174296,17177636611
demo,23354,67344552,8282893
demo,23355,137422174304,17177636612
demo,23356,137422174312,17177636613
demo,23357,137422174320,17177636614
demo,23358,137422174328,17177636615
demo,23359,67343096,8282711
demo,23360,75735048,9331705
demo,23361,78502633,9677653
demo,23362,67345184,8282972
demo,23363,78502641,9677654
demo,23364,67345192,8282973
demo,23365,67345184,8282972
demo,23366,78502633,9677653
demo,23367,137422174296,17177636611
demo,23368,75735096,9331711
demo,23369,75736256,9331856
demo,23370,78502633,9677653
demo,23371,75736280,9331859
demo,23372,78502641,9677654
demo,23373,75736288,9331860
demo,23374,75736280,9331859
demo,23375,78502633,9677653
demo,23376,137422174296,17177636611
demo,23377,75736264,9331857
demo,23378,137422174304,17177636612
demo,23379,137422174312,17177636613
demo,23380,137422174320,17177636614
demo,23381,137422174328,17177636615
demo,23382,75735064,9331707
demo,23383,75736456,9331881
demo,23384,78502633,9677653
demo,23385,75736400,9331874
demo,23386,78502641,9677654
demo,23387,75736408,9331875
demo,23388,75736400,9331874
demo,23389,78502633,9677653
demo,23390,137422174296,17177636611
demo,23391,75736504,9331887
demo,23392,75737664,9332032
demo,23393,78502633,9677653
demo,23394,75737688,9332035
demo,23395,78502641,9677654
demo,23396,75737696,9332036
demo,23397,75737691,9332035
demo,23398,78502636,9677653
demo,23399,137422174296,17177636611
demo,23400,75737672,9332033
demo,23401,137422174304,17177636612
demo,23402,137422174312,17177636613
demo,23403,137422174320,17177636614
demo,23404,137422174328,17177636615
demo,23405,75736472,9331883
demo,23406,75737816,9332051
demo,23407,78502633,9677653
demo,23408,75737760,9332044
demo,23409,78502641,9677654
demo,23410,75737768,9332045
demo,23411,75737760,9332044
demo,23412,78502633,9677653
demo,23413,137422174296,17177636611
demo,23414,75737864,9332057
demo,23415,75739024,9332202
demo,23416,78502633,9677653
demo,23417,75739048,9332205
demo,23418,78502641,9677654
demo,23419,75739056,9332206
demo,23420,75739051,9332205
demo,23421,78502636,9677653
demo,23422,137422174296,17177636611
demo,23423,75739032,9332203
demo,23424,137422174304,17177636612
demo,23425,137422174312,17177636613
demo,23426,137422174320,17177636614
demo,23427,137422174328,17177636615
demo,23428,75737832,9332053
demo,23429,75739160,9332219
demo,23430,78502633,9677653
demo,23431,75739120,9332214
demo,23432,78502641,9677654
demo,23433,75739128,9332215
demo,23434,75739120,9332214
demo,23435,78502633,9677653
demo,23436,137422174296,17177636611
demo,23437,75739208,9332225
demo,23438,75740368,9332370
demo,23439,78502633,9677653
demo,23440,75740392,9332373
demo,23441,78502641,9677654
demo,23442,75740400,9332374
demo,23443,75740401,9332374
demo,23444,78502642,9677654
demo,23445,137422174296,17177636611
demo,23446,137422174304,17177636612
demo,23447,137422174312,17177636613
demo,23448,137422174320,17177636614
demo,23449,137422174328,17177636615
demo,23450,137422174356,17177636618
demo,23451,78503960,9677819
demo,23452,137422174424,17177636627
demo,23453,78503976,9677821
demo,23454,137422174400,17177636624
demo,23455,75737816,9332051
demo,23456,78503968,9677820
demo,23457,78503972,9677820
demo,23458,75737760,9332044
demo,23459,137422174392,17177636623
demo,23460,75739192,9332223
demo,23461,75739256,9332231
demo,23462,80787880,9963309
demo,23463,75740006,9332324
demo,23464,67336864,8281932
demo,23465,75739576,9332271
demo,23466,80788104,9963337
demo,23467,75739152,9332218
demo,23468,78835416,9719251
demo,23469,78835424,9719252
demo,23470,78835432,9719253
demo,23471,78835444,9719254
demo,23472,78835452,9719255
demo,23473,78835460,9719256
demo,23474,78835472,9719258
demo,23475,78835480,9719259
demo,23476,78835488,9719260
demo,23477,78835508,9719262
demo,23478,78835516,9719263
demo,23479,78835524,9719264
demo,23480,78835544,9719267
demo,23481,78835552,9719268
demo,23482,78835560,9719269
demo,23483,78835580,9719271
demo,23484,78835588,9719272
demo,23485,78835596,9719273
demo,23486,78835616,9719276
demo,23487,78835624,9719277
demo,23488,78835628,9719277
demo,23489,137422174424,17177636627
demo,23490,78835636,9719278
demo,23491,67294552,8276643
demo,23492,78502832,9677678
demo,23493,78828704,9718412
demo,23494,78502832,9677678
demo,23495,78828720,9718414
demo,23496,78502848,9677680
demo,23497,78828725,9718414
demo,23498,78502846,9677679
demo,23499,137422174328,17177636615
demo,23500,137422174408,17177636625
demo,23501,78503968,9677820
demo,23502,137422174416,17177636626
demo,23503,78503974,9677820
demo,23504,78503980,9677821
demo,23505,78503992,9677823
demo,23506,137422174400,17177636624
demo,23507,75737816,9332051
demo,23508,78503984,9677822
demo,23509,78503988,9677822
demo,23510,75737760,9332044
demo,23511,137422174392,17177636623
demo,23512,75739192,9332223
demo,23513,75739256,9332231
demo,23514,80787880,9963309
demo,23515,75740006,9332324
demo,23516,67336864,8281932
demo,23517,75739576,9332271
demo,23518,80788104,9963337
demo,23519,75739152,9332218
demo,23520,78835416,9719251
demo,23521,78835424,9719252
demo,23522,78835432,9719253
demo,23523,78835444,9719254
demo,23524,78835452,9719255
demo,23525,78835460,9719256
demo,23526,78835472,9719258
demo,23527,78835480,9719259
demo,23528,78835488,9719260
demo,23529,78835508,9719262
demo,23530,78835516,9719263
demo,23531,78835524,9719264
demo,23532,78835544,9719267
demo,23533,78835552,9719268
demo,23534,78835560,9719269
demo,23535,78835580,9719271
demo,23536,78835588,9719272
demo,23537,78835596,9719273
demo,23538,78835616,9719276
demo,23539,78835624,9719277
demo,23540,78835632,9719278
demo,23541,78835652,9719280
demo,23542,78835660,9719281
demo,23543,78835668,9719282
demo,23544,78835688,9719285
demo,23545,78835696,9719286
demo,23546,78835704,9719287
demo,23547,78835724,9719289
demo,23548,78835732,9719290
demo,23549,78835740,9719291
demo,23550,78835760,9719294
demo,23551,78835768,9719295
demo,23552,78835776,9719296
demo,23553,78835796,9719298
demo,23554,78835804,9719299
demo,23555,78835812,9719300
demo,23556,78835832,9719303
demo,23557,78835840,9719304
demo,23558,78835848,9719305
demo,23559,78835868,9719307
demo,23560,78835876,9719308
demo,23561,78835884,9719309
demo,23562,78835904,9719312
demo,23563,78835912,9719313
demo,23564,78835920,9719314
demo,23565,78835940,9719316
demo,23566,78835948,9719317
demo,23567,78835956,9719318
demo,23568,78835976,9719321
demo,23569,78835984,9719322
demo,23570,78835992,9719323
demo,23571,78836012,9719325
demo,23572,78836020,9719326
demo,23573,78836028,9719327
demo,23574,78836048,9719330
demo,23575,78836056,9719331
demo,23576,78836064,9719332
demo,23577,78836084,9719334
demo,23578,78836092,9719335
demo,23579,78836100,9719336
demo,23580,78836120,9719339
demo,23581,78836128,9719340
demo,23582,78836136,9719341
demo,23583,78836156,9719343
demo,23584,78836164,9719344
demo,23585,78836172,9719345
demo,23586,78836192,9719348
demo,23587,78836200,9719349
demo,23588,78836208,9719350
demo,23589,78836228,9719352
demo,23590,78836236,9719353
demo,23591,78836244,9719354
demo,23592,78836264,9719357
demo,23593,78836272,9719358
demo,23594,78836280,9719359
demo,23595,78836300,9719361
demo,23596,78836308,9719362
demo,23597,78836316,9719363
demo,23598,78836336,9719366
demo,23599,78836344,9719367
demo,23600,78836352,9719368
demo,23601,78836372,9719370
demo,23602,78836380,9719371
demo,23603,78836388,9719372
demo,23604,78836408,9719375
demo,23605,78836416,9719376
demo,23606,78836424,9719377
demo,23607,78836444,9719379
demo,23608,78836452,9719380
demo,23609,78836460,9719381
demo,23610,78836480,9719384
demo,23611,78836488,9719385
demo,23612,78836496,9719386
demo,23613,78836516,9719388
demo,23614,78836524,9719389
demo,23615,78836532,9719390
demo,23616,78836552,9719393
demo,23617,78836560,9719394
demo,23618,78836568,9719395
demo,23619,78836588,9719397
demo,23620,78836596,9719398
demo,23621,78836604,9719399
demo,23622,78836624,9719402
demo,23623,78836632,9719403
demo,23624,78836640,9719404
demo,23625,78836660,9719406
demo,23626,78836668,9719407
demo,23627,78836672,9719408
demo,23628,137422174424,17177636627
demo,23629,78836680,9719409
demo,23630,67294536,8276641
demo,23631,78829024,9718452
demo,23632,78502832,9677678
demo,23633,78829024,9718452
demo,23634,78502848,9677680
demo,23635,78829040,9718454
demo,23636,78829038,9718453
demo,23637,78502857,9677681
demo,23638,137422174328,17177636615
demo,23639,137422174408,17177636625
demo,23640,78503984,9677822
demo,23641,137422174416,17177636626
demo,23642,78503990,9677822
demo,23643,78503996,9677823
demo,23644,78504008,9677825
demo,23645,137422174400,17177636624
demo,23646,75737816,9332051
demo,23647,78504000,9677824
demo,23648,78504004,9677824
demo,23649,75737760,9332044
demo,23650,137422174392,17177636623
demo,23651,75739192,9332223
demo,23652,75739256,9332231
demo,23653,80787880,9963309
demo,23654,75740006,9332324
demo,23655,67336864,8281932
demo,23656,75739576,9332271
demo,23657,80788104,9963337
demo,23658,75739152,9332218
demo,23659,78835416,9719251
demo,23660,78835424,9719252
demo,23661,78835432,9719253
demo,23662,78835444,9719254
demo,23663,78835452,9719255
demo,23664,78835460,9719256
demo,23665,78835472,9719258
demo,23666,78835480,9719259
demo,23667,78835488,9719260
demo,23668,78835508,9719262
demo,23669,78835516,9719263
demo,23670,78835524,9719264
demo,23671,78835544,9719267
demo,23672,78835552,9719268
demo,23673,78835560,9719269
demo,23674,78835580,9719271
demo,23675,78835588,9719272
demo,23676,78835596,9719273
demo,23677,78835616,9719276
demo,23678,78835624,9719277
demo,23679,78835632,9719278
demo,23680,78835652,9719280
demo,23681,78835660,9719281
demo,23682,78835668,9719282
demo,23683,78835688,9719285
demo,23684,78835696,9719286
demo,23685,78835704,9719287
demo,23686,78835724,9719289
demo,23687,78835732,9719290
demo,23688,78835740,9719291
demo,23689,78835760,9719294
demo,23690,78835768,9719295
demo,23691,78835776,9719296
demo,23692,78835796,9719298
demo,23693,78835804,9719299
demo,23694,78835812,9719300
demo,23695,78835832,9719303
demo,23696,78835840,9719304
demo,23697,78835848,9719305
demo,23698,78835868,9719307
demo,23699,78835876,9719308
demo,23700,78835884,9719309
demo,23701,78835904,9719312
demo,23702,78835912,9719313
demo,23703,78835920,9719314
demo,23704,78835940,9719316
demo,23705,78835948,9719317
demo,23706,78835956,9719318
demo,23707,78835976,9719321
demo,23708,78835984,9719322
demo,23709,78835992,9719323
demo,23710,78836012,9719325
demo,23711,78836020,9719326
demo,23712,78836024,9719327
demo,23713,137422174424,17177636627
demo,23714,78836032,9719328
demo,23715,78502858,9677681
demo,23716,78828830,9718427
demo,23717,78502866,9677682
demo,23718,78828838,9718428
demo,23719,78828840,9718429
demo,23720,78502868,9677682
demo,23721,137422174328,17177636615
demo,23722,137422174408,17177636625
demo,23723,78504000,9677824
demo,23724,137422174416,17177636626
demo,23725,78504006,9677824
demo,23726,78504012,9677825
demo,23727,78504024,9677827
demo,23728,137422174400,17177636624
demo,23729,75737816,9332051
demo,23730,78504016,9677826
demo,23731,78504020,9677826
demo,23732,75737760,9332044
demo,23733,137422174392,17177636623
demo,23734,75739192,9332223
demo,23735,75739256,9332231
demo,23736,80787880,9963309
demo,23737,75740006,9332324
demo,23738,67336864,8281932
demo,23739,75739576,9332271
demo,23740,80788104,9963337
demo,23741,75739152,9332218
demo,23742,78835416,9719251
demo,23743,78835424,9719252
demo,23744,78835432,9719253
demo,23745,78835444,9719254
demo,23746,78835452,9719255
demo,23747,78835460,9719256
demo,23748,78835472,9719258
demo,23749,78835480,9719259
demo,23750,78835488,9719260
demo,23751,78835508,9719262
demo,23752,78835516,9719263
demo,23753,78835524,9719264
demo,23754,78835544,9719267
demo,23755,78835552,9719268
demo,23756,78835560,9719269
demo,23757,78835580,9719271
demo,23758,78835588,9719272
demo,23759,78835596,9719273
demo,23760,78835616,9719276
demo,23761,78835624,9719277
demo,23762,78835632,9719278
demo,23763,78835652,9719280
demo,23764,78835660,9719281
demo,23765,78835668,9719282
demo,23766,78835688,9719285
demo,23767,78835696,9719286
demo,23768,78835704,9719287
demo,23769,78835724,9719289
demo,23770,78835732,9719290
demo,23771,78835740,9719291
demo,23772,78835760,9719294
demo,23773,78835768,9719295
demo,23774,78835776,9719296
demo,23775,78835796,9719298
demo,23776,78835804,9719299
demo,23777,78835812,9719300
demo,23778,78835832,9719303
demo,23779,78835840,9719304
demo,23780,78835848,9719305
demo,23781,78835868,9719307
demo,23782,78835876,9719308
demo,23783,78835884,9719309
demo,23784,78835904,9719312
demo,23785,78835912,9719313
demo,23786,78835920,9719314
demo,23787,78835940,9719316
demo,23788,78835948,9719317
demo,23789,78835956,9719318
demo,23790,78835976,9719321
demo,23791,78835984,9719322
demo,23792,78835992,9719323
demo,23793,78836012,9719325
demo,23794,78836020,9719326
demo,23795,78836028,9719327
demo,23796,78836048,9719330
demo,23797,78836056,9719331
demo,23798,78836064,9719332
demo,23799,78836084,9719334
demo,23800,78836092,9719335
demo,23801,78836100,9719336
demo,23802,78836120,9719339
demo,23803,78836128,9719340
demo,23804,78836136,9719341
demo,23805,78836156,9719343
demo,23806,78836164,9719344
demo,23807,78836172,9719345
demo,23808,78836192,9719348
demo,23809,78836200,9719349
demo,23810,78836208,9719350
demo,23811,78836228,9719352
demo,23812,78836236,9719353
demo,23813,78836244,9719354
demo,23814,78836264,9719357
demo,23815,78836272,9719358
demo,23816,78836280,9719359
demo,23817,78836300,9719361
demo,23818,78836308,9719362
demo,23819,78836316,9719363
demo,23820,78836336,9719366
demo,23821,78836344,9719367
demo,23822,78836352,9719368
demo,23823,78836372,9719370
demo,23824,78836380,9719371
demo,23825,78836388,9719372
demo,23826,78836408,9719375
demo,23827,78836416,9719376
demo,23828,78836424,9719377
demo,23829,78836444,9719379
demo,23830,78836452,9719380
demo,23831,78836460,9719381
demo,23832,78836480,9719384
demo,23833,78836488,9719385
demo,23834,78836496,9719386
demo,23835,78836516,9719388
demo,23836,78836524,9719389
demo,23837,78836532,9719390
demo,23838,78836552,9719393
demo,23839,78836560,9719394
demo,23840,78836568,9719395
demo,23841,78836588,9719397
demo,23842,78836596,9719398
demo,23843,78836604,9719399
demo,23844,78836624,9719402
demo,23845,78836632,9719403
demo,23846,78836636,9719403
demo,23847,137422174424,17177636627
demo,23848,78836644,9719404
demo,23849,78502869,9677682
demo,23850,78829017,9718451
demo,23851,78502877,9677683
demo,23852,78829025,9718452
demo,23853,78829027,9718452
demo,23854,78502879,9677683
demo,23855,137422174328,17177636615
demo,23856,137422174408,17177636625
demo,23857,78504016,9677826
demo,23858,137422174416,17177636626
demo,23859,78504022,9677826
demo,23860,78504028,9677827
demo,23861,78504040,9677829
demo,23862,137422174400,17177636624
demo,23863,75737816,9332051
demo,23864,78504032,9677828
demo,23865,78504036,9677828
demo,23866,75737760,9332044
demo,23867,137422174392,17177636623
demo,23868,75739192,9332223
demo,23869,75739256,9332231
demo,23870,80787880,9963309
demo,23871,75740006,9332324
demo,23872,67336864,8281932
demo,23873,75739576,9332271
demo,23874,80788104,9963337
demo,23875,75739152,9332218
demo,23876,78835416,9719251
demo,23877,78835424,9719252
demo,23878,78835432,9719253
demo,23879,78835444,9719254
demo,23880,78835452,9719255
demo,23881,78835460,9719256
demo,23882,78835472,9719258
demo,23883,78835480,9719259
demo,23884,78835488,9719260
demo,23885,78835508,9719262
demo,23886,78835516,9719263
demo,23887,78835524,9719264
demo,23888,78835544,9719267
demo,23889,78835552,9719268
demo,23890,78835556,9719268
demo,23891,137422174424,17177636627
demo,23892,78835564,9719269
demo,23893,78502880,9677684
demo,23894,78828690,9718410
demo,23895,78502888,9677685
demo,23896,78828698,9718411
demo,23897,78828701,9718411
demo,23898,78502891,9677685
demo,23899,137422174328,17177636615
demo,23900,137422174408,17177636625
demo,23901,78504032,9677828
demo,23902,137422174416,17177636626
demo,23903,78504038,9677828
demo,23904,78504044,9677829
demo,23905,78504056,9677831
demo,23906,137422174400,17177636624
demo,23907,75737816,9332051
demo,23908,78504048,9677830
demo,23909,78504052,9677830
demo,23910,75737760,9332044
demo,23911,137422174392,17177636623
demo,23912,75739192,9332223
demo,23913,75739256,9332231
demo,23914,80787880,9963309
demo,23915,75740006,9332324
demo,23916,67336864,8281932
demo,23917,75739576,9332271
demo,23918,80788104,9963337
demo,23919,75739152,9332218
demo,23920,78835416,9719251
demo,23921,78835424,9719252
demo,23922,78835432,9719253
demo,23923,78835444,9719254
demo,23924,78835452,9719255
demo,23925,78835456,9719256
demo,23926,137422174424,17177636627
demo,23927,78835464,9719257
demo,23928,78502892,9677685
demo,23929,78828656,9718406
demo,23930,78502900,9677686
demo,23931,78828664,9718407
demo,23932,78828667,9718407
demo,23933,78502903,9677686
demo,23934,137422174328,17177636615
demo,23935,137422174408,17177636625
demo,23936,78504048,9677830
demo,23937,137422174416,17177636626
demo,23938,78504054,9677830
demo,23939,78504060,9677831
demo,23940,137422174360,17177636619
demo,23941,78503964,9677819
demo,23942,137422174336,17177636616
demo,23943,137422174400,17177636624
demo,23944,137422174344,17177636617
demo,23945,78675720,9699289
demo,23946,75737808,9332050
demo,23947,78503364,9677744
demo,23948,137422174424,17177636627
demo,23949,78503376,9677746
demo,23950,78503392,9677748
demo,23951,78503404,9677749
demo,23952,78503420,9677751
demo,23953,78503432,9677753
demo,23954,78503456,9677756
demo,23955,78503468,9677757
demo,23956,78503492,9677760
demo,23957,78503504,9677762
demo,23958,78503528,9677765
demo,23959,78503540,9677766
demo,23960,78503564,9677769
demo,23961,78503576,9677771
demo,23962,78503600,9677774
demo,23963,78503612,9677775
demo,23964,78503636,9677778
demo,23965,78503648,9677780
demo,23966,78503672,9677783
demo,23967,78503684,9677784
demo,23968,78503708,9677787
demo,23969,78503720,9677789
demo,23970,78503744,9677792
demo,23971,78503756,9677793
demo,23972,78503780,9677796
demo,23973,78503792,9677798
demo,23974,78503816,9677801
demo,23975,78503828,9677802
demo,23976,78503852,9677805
demo,23977,78503864,9677807
demo,23978,78503888,9677810
demo,23979,78503900,9677811
demo,23980,137422174424,17177636627
demo,23981,137422174424,17177636627
demo,23982,67336736,8281916
demo,23983,67336720,8281914
demo,23984,67342736,8282666
demo,23985,67342744,8282667
demo,23986,137422174296,17177636611
demo,23987,137422174304,17177636612
demo,23988,137422174312,17177636613
demo,23989,137422174320,17177636614
demo,23990,137422174328,17177636615
demo,23991,137422174416,17177636626
demo,23992,75738328,9332115
demo,23993,78675784,9699297
demo,23994,75738662,9332156
demo,23995,75737808,9332050
demo,23996,78675752,9699293
demo,23997,78503928,9677815
demo,23998,78503942,9677816
demo,23999,78503936,9677816
demo,24000,78503944,9677817
demo,24001,78503924,9677814
demo,24002,78503948,9677817
demo,24003,78503932,9677815
demo,24004,78503960,9677819
demo,24005,78503974,9677820
demo,24006,78503968,9677820
demo,24007,78503976,9677821
demo,24008,78503956,9677818
demo,24009,78503980,9677821
demo,24010,78503990,9677822
demo,24011,78503984,9677822
demo,24012,78503992,9677823
demo,24013,78503956,9677818
demo,24014,78503996,9677823
demo,24015,78504006,9677824
demo,24016,78504000,9677824
demo,24017,78504008,9677825
demo,24018,78503956,9677818
demo,24019,78504012,9677825
demo,24020,78504022,9677826
demo,24021,78504016,9677826
demo,24022,78504024,9677827
demo,24023,78503956,9677818
demo,24024,78504028,9677827
demo,24025,78504038,9677828
demo,24026,78504032,9677828
demo,24027,78504040,9677829
demo,24028,78503956,9677818
demo,24029,78504044,9677829
demo,24030,78504054,9677830
demo,24031,78504048,9677830
demo,24032,78504056,9677831
demo,24033,78503956,9677818
demo,24034,78504060,9677831
demo,24035,78503964,9677819
demo,24036,78675720,9699289
demo,24037,78503362,9677744
demo,24038,78503376,9677746
demo,24039,78503390,9677747
demo,24040,78503400,9677749
demo,24041,78503392,9677748
demo,24042,78503396,9677748
demo,24043,78503408,9677750
demo,24044,78503404,9677749
demo,24045,78503418,9677751
demo,24046,78503428,9677752
demo,24047,78503420,9677751
demo,24048,78503424,9677752
demo,24049,78503436,9677753
demo,24050,78503432,9677753
demo,24051,78503454,9677755
demo,24052,78503464,9677757
demo,24053,78503456,9677756
demo,24054,78503460,9677756
demo,24055,78503472,9677758
demo,24056,78503468,9677757
demo,24057,78503490,9677760
demo,24058,78503500,9677761
demo,24059,78503492,9677760
demo,24060,78503496,9677761
demo,24061,78503508,9677762
demo,24062,78503504,9677762
demo,24063,78503526,9677764
demo,24064,78503536,9677766
demo,24065,78503528,9677765
demo,24066,78503532,9677765
demo,24067,78503544,9677767
demo,24068,78503540,9677766
demo,24069,78503562,9677769
demo,24070,78503572,9677770
demo,24071,78503564,9677769
demo,24072,78503568,9677770
demo,24073,78503580,9677771
demo,24074,78503576,9677771
demo,24075,78503598,9677773
demo,24076,78503608,9677775
demo,24077,78503600,9677774
demo,24078,78503604,9677774
demo,24079,78503616,9677776
demo,24080,78503612,9677775
demo,24081,78503634,9677778
demo,24082,78503644,9677779
demo,24083,78503636,9677778
demo,24084,78503640,9677779
demo,24085,78503652,9677780
demo,24086,78503648,9677780
demo,24087,78503670,9677782
demo,24088,78503680,9677784
demo,24089,78503672,9677783
demo,24090,78503676,9677783
demo,24091,78503688,9677785
demo,24092,78503684,9677784
demo,24093,78503706,9677787
demo,24094,78503716,9677788
demo,24095,78503708,9677787
demo,24096,78503712,9677788
demo,24097,78503724,9677789
demo,24098,78503720,9677789
demo,24099,78503742,9677791
demo,24100,78503752,9677793
demo,24101,78503744,9677792
demo,24102,78503748,9677792
demo,24103,78503760,9677794
demo,24104,78503756,9677793
demo,24105,78503778,9677796
demo,24106,78503788,9677797
demo,24107,78503780,9677796
demo,24108,78503784,9677797
demo,24109,78503796,9677798
demo,24110,78503792,9677798
demo,24111,78503814,9677800
demo,24112,78503824,9677802
demo,24113,78503816,9677801
demo,24114,78503820,9677801
demo,24115,78503832,9677803
demo,24116,78503828,9677802
demo,24117,78503850,9677805
demo,24118,78503860,9677806
demo,24119,78503852,9677805
demo,24120,78503856,9677806
demo,24121,78503868,9677807
demo,24122,78503864,9677807
demo,24123,78503886,9677809
demo,24124,78503896,9677811
demo,24125,78503888,9677810
demo,24126,78503892,9677810
demo,24127,78503904,9677812
demo,24128,78503900,9677811
demo,24129,75737880,9332059
demo,24130,75738160,9332094
demo,24131,137422174352,17177636618
demo,24132,137422174504,17177636637
demo,24133,137422174512,17177636638
demo,24134,137422174520,17177636639
demo,24135,137422174528,17177636640
demo,24136,137422174536,17177636641
demo,24137,137422174544,17177636642
demo,24138,137422174552,17177636643
demo,24139,75737832,9332053
demo,24140,75740005,9332324
demo,24141,75739256,9332231
demo,24142,80787880,9963309
demo,24143,75740006,9332324
demo,24144,75739560,9332269
demo,24145,75739576,9332271
demo,24146,80788168,9963345
demo,24147,75739152,9332218
demo,24148,78836872,9719433
demo,24149,137422174400,17177636624
demo,24150,78836876,9719433
demo,24151,75739200,9332224
demo,24152,67338240,8282104
demo,24153,67343080,8282709
demo,24154,67294552,8276643
demo,24155,78828624,9718402
demo,24156,67344560,8282894
demo,24157,67344568,8282895
demo,24158,78828625,9718402
demo,24159,137422174296,17177636611
demo,24160,67343128,8282715
demo,24161,67344544,8282892
demo,24162,67294552,8276643
demo,24163,78828624,9718402
demo,24164,67344560,8282894
demo,24165,67344568,8282895
demo,24166,78828625,9718402
demo,24167,137422174296,17177636611
demo,24168,67344552,8282893
demo,24169,137422174304,17177636612
demo,24170,137422174312,17177636613
demo,24171,137422174320,17177636614
demo,24172,137422174328,17177636615
demo,24173,67343096,8282711
demo,24174,75735048,9331705
demo,24175,78828625,9718402
demo,24176,67345184,8282972
demo,24177,78828633,9718403
demo,24178,67345192,8282973
demo,24179,67345184,8282972
demo,24180,78828625,9718402
demo,24181,137422174296,17177636611
demo,24182,75735096,9331711
demo,24183,75736256,9331856
demo,24184,78828625,9718402
demo,24185,75736280,9331859
demo,24186,78828633,9718403
demo,24187,75736288,9331860
demo,24188,75736280,9331859
demo,24189,78828625,9718402
demo,24190,137422174296,17177636611
demo,24191,75736264,9331857
demo,24192,137422174304,17177636612
demo,24193,137422174312,17177636613
demo,24194,137422174320,17177636614
demo,24195,137422174328,17177636615
demo,24196,75735064,9331707
demo,24197,75736456,9331881
demo,24198,78828625,9718402
demo,24199,75736400,9331874
demo,24200,78828633,9718403
demo,24201,75736408,9331875
demo,24202,75736400,9331874
demo,24203,78828625,9718402
demo,24204,137422174296,17177636611
demo,24205,75736504,9331887
demo,24206,75737664,9332032
demo,24207,78828625,9718402
demo,24208,75737688,9332035
demo,24209,78828633,9718403
demo,24210,75737696,9332036
demo,24211,75737689,9332035
demo,24212,78828626,9718402
demo,24213,137422174296,17177636611
demo,24214,75737672,9332033
demo,24215,137422174304,17177636612
demo,24216,137422174312,17177636613
demo,24217,137422174320,17177636614
demo,24218,137422174328,17177636615
demo,24219,75736472,9331883
demo,24220,75737816,9332051
demo,24221,78828625,9718402
demo,24222,75737760,9332044
demo,24223,78828633,9718403
demo,24224,75737768,9332045
demo,24225,75737760,9332044
demo,24226,78828625,9718402
demo,24227,137422174296,17177636611
demo,24228,75737864,9332057
demo,24229,75739024,9332202
demo,24230,78828625,9718402
demo,24231,75739048,9332205
demo,24232,78828633,9718403
demo,24233,75739056,9332206
demo,24234,75739049,9332205
demo,24235,78828626,9718402
demo,24236,137422174296,17177636611
demo,24237,75739032,9332203
demo,24238,137422174304,17177636612
demo,24239,137422174312,17177636613
demo,24240,137422174320,17177636614
demo,24241,137422174328,17177636615
demo,24242,75737832,9332053
demo,24243,75739160,9332219
demo,24244,78828625,9718402
demo,24245,75739120,9332214
demo,24246,78828633,9718403
demo,24247,75739128,9332215
demo,24248,75739120,9332214
demo,24249,78828625,9718402
demo,24250,137422174296,17177636611
demo,24251,75739208,9332225
demo,24252,75740368,9332370
demo,24253,78828625,9718402
demo,24254,75740392,9332373
demo,24255,78828633,9718403
demo,24256,75740400,9332374
demo,24257,75740393,9332373
demo,24258,78828626,9718402
demo,24259,137422174296,17177636611
demo,24260,75740376,9332371
demo,24261,137422174304,17177636612
demo,24262,137422174312,17177636613
demo,24263,137422174320,17177636614
demo,24264,137422174328,17177636615
demo,24265,75739176,9332221
demo,24266,75740520,9332389
demo,24267,78828625,9718402
demo,24268,75740480,9332384
demo,24269,78828633,9718403
demo,24270,75740488,9332385
demo,24271,75740480,9332384
demo,24272,78828625,9718402
demo,24273,137422174296,17177636611
demo,24274,75740568,9332395
demo,24275,75741728,9332540
demo,24276,67294552,8276643
demo,24277,78828624,9718402
demo,24278,75741744,9332542
demo,24279,75741753,9332543
demo,24280,78828626,9718402
demo,24281,137422174296,17177636611
demo,24282,75741736,9332541
demo,24283,137422174304,17177636612
demo,24284,137422174312,17177636613
demo,24285,137422174320,17177636614
demo,24286,137422174328,17177636615
demo,24287,75740536,9332391
demo,24288,67340984,8282447
demo,24289,78828625,9718402
demo,24290,1082136,91
demo,24291,78828633,9718403
demo,24292,1082144,92
demo,24293,1082136,91
demo,24294,78828625,9718402
demo,24295,137422174296,17177636611
demo,24296,67341032,8282453
demo,24297,67342976,8282696
demo,24298,78828625,9718402
demo,24299,1082136,91
demo,24300,78828633,9718403
demo,24301,1082144,92
demo,24302,1082136,91
demo,24303,78828625,9718402
demo,24304,137422174296,17177636611
demo,24305,67342984,8282697
demo,24306,67342912,8282688
demo,24307,78828625,9718402
demo,24308,67111873,8253808
demo,24309,78828633,9718403
demo,24310,67111881,8253809
demo,24311,67111888,8253810
demo,24312,78828640,9718404
demo,24313,67111893,8253810
demo,24314,78828645,9718404
demo,24315,137422174296,17177636611
demo,24316,137422174304,17177636612
demo,24317,137422174312,17177636613
demo,24318,137422174320,17177636614
demo,24319,137422174328,17177636615
demo,24320,137422174356,17177636618
demo,24321,78836880,9719434
demo,24322,137422174424,17177636627
demo,24323,78836896,9719436
demo,24324,137422174400,17177636624
demo,24325,75739160,9332219
demo,24326,78836888,9719435
demo,24327,78836892,9719435
demo,24328,75739120,9332214
demo,24329,137422174392,17177636623
demo,24330,67341016,8282451
demo,24331,67341080,8282459
demo,24332,67337872,8282058
demo,24333,67341830,8282552
demo,24334,67336864,8281932
demo,24335,67341400,8282499
demo,24336,67337984,8282072
demo,24337,67340976,8282446
demo,24338,67112048,8253830
demo,24339,67112056,8253831
demo,24340,67112064,8253832
demo,24341,67112076,8253833
demo,24342,67112084,8253834
demo,24343,67112088,8253835
demo,24344,137422174424,17177636627
demo,24345,67112096,8253836
demo,24346,78828656,9718406
demo,24347,67111894,8253810
demo,24348,78828664,9718407
demo,24349,67111902,8253811
demo,24350,67111905,8253812
demo,24351,78828667,9718407
demo,24352,137422174328,17177636615
demo,24353,137422174408,17177636625
demo,24354,78836888,9719435
demo,24355,137422174416,17177636626
demo,24356,78836894,9719435
demo,24357,78836900,9719436
demo,24358,78836912,9719438
demo,24359,137422174400,17177636624
demo,24360,75739160,9332219
demo,24361,78836904,9719437
demo,24362,78836908,9719437
demo,24363,75739120,9332214
demo,24364,137422174392,17177636623
demo,24365,67341016,8282451
demo,24366,67341080,8282459
demo,24367,67337872,8282058
demo,24368,67341830,8282552
demo,24369,67336864,8281932
demo,24370,67341400,8282499
demo,24371,67337984,8282072
demo,24372,67340976,8282446
demo,24373,67112048,8253830
demo,24374,67112056,8253831
demo,24375,67112064,8253832
demo,24376,67112076,8253833
demo,24377,67112084,8253834
demo,24378,67112092,8253835
demo,24379,67112104,8253837
demo,24380,67112112,8253838
demo,24381,67112116,8253838
demo,24382,137422174424,17177636627
demo,24383,67112124,8253839
demo,24384,78828680,9718409
demo,24385,67111906,8253812
demo,24386,78828688,9718410
demo,24387,67111914,8253813
demo,24388,67111915,8253813
demo,24389,78828689,9718410
demo,24390,137422174328,17177636615
demo,24391,137422174408,17177636625
demo,24392,78836904,9719437
demo,24393,137422174416,17177636626
demo,24394,78836910,9719437
demo,24395,78836916,9719438
demo,24396,78836928,9719440
demo,24397,137422174400,17177636624
demo,24398,75739160,9332219
demo,24399,78836920,9719439
demo,24400,78836924,9719439
demo,24401,75739120,9332214
demo,24402,137422174392,17177636623
demo,24403,67341016,8282451
demo,24404,67341080,8282459
demo,24405,67337872,8282058
demo,24406,67341830,8282552
demo,24407,67336864,8281932
demo,24408,67341400,8282499
demo,24409,67337984,8282072
demo,24410,67340976,8282446
demo,24411,67112048,8253830
demo,24412,67112056,8253831
demo,24413,67112064,8253832
demo,24414,67112076,8253833
demo,24415,67112084,8253834
demo,24416,67112092,8253835
demo,24417,67112104,8253837
demo,24418,67112112,8253838
demo,24419,67112120,8253839
demo,24420,67112140,8253841
demo,24421,67112148,8253842
demo,24422,67112156,8253843
demo,24423,67112176,8253846
demo,24424,67112184,8253847
demo,24425,67112192,8253848
demo,24426,67112212,8253850
demo,24427,67112220,8253851
demo,24428,67112228,8253852
demo,24429,67112248,8253855
demo,24430,67112256,8253856
demo,24431,67112260,8253856
demo,24432,137422174424,17177636627
demo,24433,67112268,8253857
demo,24434,78829090,9718460
demo,24435,67111948,8253817
demo,24436,78829098,9718461
demo,24437,67111956,8253818
demo,24438,67111961,8253819
demo,24439,78829103,9718461
demo,24440,137422174328,17177636615
demo,24441,137422174408,17177636625
demo,24442,78836920,9719439
demo,24443,137422174416,17177636626
demo,24444,78836926,9719439
demo,24445,78836932,9719440
demo,24446,137422174360,17177636619
demo,24447,78836884,9719434
demo,24448,137422174336,17177636616
demo,24449,137422174400,17177636624
demo,24450,137422174344,17177636617
demo,24451,80788104,9963337
demo,24452,75739152,9332218
demo,24453,78835420,9719251
demo,24454,137422174424,17177636627
demo,24455,78835432,9719253
demo,24456,78835448,9719255
demo,24457,78835460,9719256
demo,24458,78835476,9719258
demo,24459,78835488,9719260
demo,24460,78835512,9719263
demo,24461,78835524,9719264
demo,24462,78835548,9719267
demo,24463,78835560,9719269
demo,24464,78835584,9719272
demo,24465,78835596,9719273
demo,24466,78835620,9719276
demo,24467,78835632,9719278
demo,24468,78835656,9719281
demo,24469,78835668,9719282
demo,24470,78835692,9719285
demo,24471,78835704,9719287
demo,24472,78835728,9719290
demo,24473,78835740,9719291
demo,24474,78835764,9719294
demo,24475,78835776,9719296
demo,24476,78835800,9719299
demo,24477,78835812,9719300
demo,24478,78835836,9719303
demo,24479,78835848,9719305
demo,24480,78835872,9719308
demo,24481,78835884,9719309
demo,24482,78835908,9719312
demo,24483,78835920,9719314
demo,24484,78835944,9719317
demo,24485,78835956,9719318
demo,24486,78835980,9719321
demo,24487,78835992,9719323
demo,24488,78836016,9719326
demo,24489,78836028,9719327
demo,24490,78836052,9719330
demo,24491,78836064,9719332
demo,24492,78836088,9719335
demo,24493,78836100,9719336
demo,24494,78836124,9719339
demo,24495,78836136,9719341
demo,24496,78836160,9719344
demo,24497,78836172,9719345
demo,24498,78836196,9719348
demo,24499,78836208,9719350
demo,24500,78836232,9719353
demo,24501,78836244,9719354
demo,24502,78836268,9719357
demo,24503,78836280,9719359
demo,24504,78836304,9719362
demo,24505,78836316,9719363
demo,24506,78836340,9719366
demo,24507,78836352,9719368
demo,24508,78836376,9719371
demo,24509,78836388,9719372
demo,24510,78836412,9719375
demo,24511,78836424,9719377
demo,24512,78836448,9719380
demo,24513,78836460,9719381
demo,24514,78836484,9719384
demo,24515,78836496,9719386
demo,24516,78836520,9719389
demo,24517,78836532,9719390
demo,24518,78836556,9719393
demo,24519,78836568,9719395
demo,24520,78836592,9719398
demo,24521,78836604,9719399
demo,24522,78836628,9719402
demo,24523,78836640,9719404
demo,24524,78836664,9719407
demo,24525,78836676,9719408
demo,24526,78836700,9719411
demo,24527,78836712,9719413
demo,24528,78836736,9719416
demo,24529,78836748,9719417
demo,24530,78836772,9719420
demo,24531,78836784,9719422
demo,24532,78836808,9719425
demo,24533,78836820,9719426
demo,24534,78836844,9719429
demo,24535,78836856,9719431
demo,24536,137422174424,17177636627
demo,24537,137422174424,17177636627
demo,24538,67336736,8281916
demo,24539,67336720,8281914
demo,24540,67342736,8282666
demo,24541,67342744,8282667
demo,24542,137422174296,17177636611
demo,24543,137422174304,17177636612
demo,24544,137422174312,17177636613
demo,24545,137422174320,17177636614
demo,24546,137422174328,17177636615
demo,24547,137422174416,17177636626
demo,24548,75739672,9332283
demo,24549,80788200,9963349
demo,24550,75740006,9332324
demo,24551,75739152,9332218
demo,24552,80788168,9963345
demo,24553,78836880,9719434
demo,24554,78836894,9719435
demo,24555,78836888,9719435
demo,24556,78836896,9719436
demo,24557,78836876,9719433
demo,24558,78836900,9719436
demo,24559,78836910,9719437
demo,24560,78836904,9719437
demo,24561,78836912,9719438
demo,24562,78836876,9719433
demo,24563,78836916,9719438
demo,24564,78836926,9719439
demo,24565,78836920,9719439
demo,24566,78836928,9719440
demo,24567,78836876,9719433
demo,24568,78836932,9719440
demo,24569,78836884,9719434
demo,24570,80788104,9963337
demo,24571,78835418,9719251
demo,24572,78835432,9719253
demo,24573,78835446,9719254
demo,24574,78835456,9719256
demo,24575,78835448,9719255
demo,24576,78835452,9719255
demo,24577,78835464,9719257
demo,24578,78835460,9719256
demo,24579,78835474,9719258
demo,24580,78835484,9719259
demo,24581,78835476,9719258
demo,24582,78835480,9719259
demo,24583,78835492,9719260
demo,24584,78835488,9719260
demo,24585,78835510,9719262
demo,24586,78835520,9719264
demo,24587,78835512,9719263
demo,24588,78835516,9719263
demo,24589,78835528,9719265
demo,24590,78835524,9719264
demo,24591,78835546,9719267
demo,24592,78835556,9719268
demo,24593,78835548,9719267
demo,24594,78835552,9719268
demo,24595,78835564,9719269
demo,24596,78835560,9719269
demo,24597,78835582,9719271
demo,24598,78835592,9719273
demo,24599,78835584,9719272
demo,24600,78835588,9719272
demo,24601,78835600,9719274
demo,24602,78835596,9719273
demo,24603,78835618,9719276
demo,24604,78835628,9719277
demo,24605,78835620,9719276
demo,24606,78835624,9719277
demo,24607,78835636,9719278
demo,24608,78835632,9719278
demo,24609,78835654,9719280
demo,24610,78835664,9719282
demo,24611,78835656,9719281
demo,24612,78835660,9719281
demo,24613,78835672,9719283
demo,24614,78835668,9719282
demo,24615,78835690,9719285
demo,24616,78835700,9719286
demo,24617,78835692,9719285
demo,24618,78835696,9719286
demo,24619,78835708,9719287
demo,24620,78835704,9719287
demo,24621,78835726,9719289
demo,24622,78835736,9719291
demo,24623,78835728,9719290
demo,24624,78835732,9719290
demo,24625,78835744,9719292
demo,24626,78835740,9719291
demo,24627,78835762,9719294
demo,24628,78835772,9719295
demo,24629,78835764,9719294
demo,24630,78835768,9719295
demo,24631,78835780,9719296
demo,24632,78835776,9719296
demo,24633,78835798,9719298
demo,24634,78835808,9719300
demo,24635,78835800,9719299
demo,24636,78835804,9719299
demo,24637,78835816,9719301
demo,24638,78835812,9719300
demo,24639,78835834,9719303
demo,24640,78835844,9719304
demo,24641,78835836,9719303
demo,24642,78835840,9719304
demo,24643,78835852,9719305
demo,24644,78835848,9719305
demo,24645,78835870,9719307
demo,24646,78835880,9719309
demo,24647,78835872,9719308
demo,24648,78835876,9719308
demo,24649,78835888,9719310
demo,24650,78835884,9719309
demo,24651,78835906,9719312
demo,24652,78835916,9719313
demo,24653,78835908,9719312
demo,24654,78835912,9719313
demo,24655,78835924,9719314
demo,24656,78835920,9719314
demo,24657,78835942,9719316
demo,24658,78835952,9719318
demo,24659,78835944,9719317
demo,24660,78835948,9719317
demo,24661,78835960,9719319
demo,24662,78835956,9719318
demo,24663,78835978,9719321
demo,24664,78835988,9719322
demo,24665,78835980,9719321
demo,24666,78835984,9719322
demo,24667,78835996,9719323
demo,24668,78835992,9719323
demo,24669,78836014,9719325
demo,24670,78836024,9719327
demo,24671,78836016,9719326
demo,24672,78836020,9719326
demo,24673,78836032,9719328
demo,24674,78836028,9719327
demo,24675,78836050,9719330
demo,24676,78836060,9719331
demo,24677,78836052,9719330
demo,24678,78836056,9719331
demo,24679,78836068,9719332
demo,24680,78836064,9719332
demo,24681,78836086,9719334
demo,24682,78836096,9719336
demo,24683,78836088,9719335
demo,24684,78836092,9719335
demo,24685,78836104,9719337
demo,24686,78836100,9719336
demo,24687,78836122,9719339
demo,24688,78836132,9719340
demo,24689,78836124,9719339
demo,24690,78836128,9719340
demo,24691,78836140,9719341
demo,24692,78836136,9719341
demo,24693,78836158,9719343
demo,24694,78836168,9719345
demo,24695,78836160,9719344
demo,24696,78836164,9719344
demo,24697,78836176,9719346
demo,24698,78836172,9719345
demo,24699,78836194,9719348
demo,24700,78836204,9719349
demo,24701,78836196,9719348
demo,24702,78836200,9719349
demo,24703,78836212,9719350
demo,24704,78836208,9719350
demo,24705,78836230,9719352
demo,24706,78836240,9719354
demo,24707,78836232,9719353
demo,24708,78836236,9719353
demo,24709,78836248,9719355
demo,24710,78836244,9719354
demo,24711,78836266,9719357
demo,24712,78836276,9719358
demo,24713,78836268,9719357
demo,24714,78836272,9719358
demo,24715,78836284,9719359
demo,24716,78836280,9719359
demo,24717,78836302,9719361
demo,24718,78836312,9719363
demo,24719,78836304,9719362
demo,24720,78836308,9719362
demo,24721,78836320,9719364
demo,24722,78836316,9719363
demo,24723,78836338,9719366
demo,24724,78836348,9719367
demo,24725,78836340,9719366
demo,24726,78836344,9719367
demo,24727,78836356,9719368
demo,24728,78836352,9719368
demo,24729,78836374,9719370
demo,24730,78836384,9719372
demo,24731,78836376,9719371
demo,24732,78836380,9719371
demo,24733,78836392,9719373
demo,24734,78836388,9719372
demo,24735,78836410,9719375
demo,24736,78836420,9719376
demo,24737,78836412,9719375
demo,24738,78836416,9719376
demo,24739,78836428,9719377
demo,24740,78836424,9719377
demo,24741,78836446,9719379
demo,24742,78836456,9719381
demo,24743,78836448,9719380
demo,24744,78836452,9719380
demo,24745,78836464,9719382
demo,24746,78836460,9719381
demo,24747,78836482,9719384
demo,24748,78836492,9719385
demo,24749,78836484,9719384
demo,24750,78836488,9719385
demo,24751,78836500,9719386
demo,24752,78836496,9719386
demo,24753,78836518,9719388
demo,24754,78836528,9719390
demo,24755,78836520,9719389
demo,24756,78836524,9719389
demo,24757,78836536,9719391
demo,24758,78836532,9719390
demo,24759,78836554,9719393
demo,24760,78836564,9719394
demo,24761,78836556,9719393
demo,24762,78836560,9719394
demo,24763,78836572,9719395
demo,24764,78836568,9719395
demo,24765,78836590,9719397
demo,24766,78836600,9719399
demo,24767,78836592,9719398
demo,24768,78836596,9719398
demo,24769,78836608,9719400
demo,24770,78836604,9719399
demo,24771,78836626,9719402
demo,24772,78836636,9719403
demo,24773,78836628,9719402
demo,24774,78836632,9719403
demo,24775,78836644,9719404
demo,24776,78836640,9719404
demo,24777,78836662,9719406
demo,24778,78836672,9719408
demo,24779,78836664,9719407
demo,24780,78836668,9719407
demo,24781,78836680,9719409
demo,24782,78836676,9719408
demo,24783,78836698,9719411
demo,24784,78836708,9719412
demo,24785,78836700,9719411
demo,24786,78836704,9719412
demo,24787,78836716,9719413
demo,24788,78836712,9719413
demo,24789,78836734,9719415
demo,24790,78836744,9719417
demo,24791,78836736,9719416
demo,24792,78836740,9719416
demo,24793,78836752,9719418
demo,24794,78836748,9719417
demo,24795,78836770,9719420
demo,24796,78836780,9719421
demo,24797,78836772,9719420
demo,24798,78836776,9719421
demo,24799,78836788,9719422
demo,24800,78836784,9719422
demo,24801,78836806,9719424
demo,24802,78836816,9719426
demo,24803,78836808,9719425
demo,24804,78836812,9719425
demo,24805,78836824,9719427
demo,24806,78836820,9719426
demo,24807,78836842,9719429
demo,24808,78836852,9719430
demo,24809,78836844,9719429
demo,24810,78836848,9719430
demo,24811,78836860,9719431
demo,24812,78836856,9719431
demo,24813,75739224,9332227
demo,24814,75739504,9332262
demo,24815,75740004,9332324
demo,24816,75739256,9332231
demo,24817,80787880,9963309
demo,24818,75740006,9332324
demo,24819,75739168,9332220
demo,24820,80787776,9963296
demo,24821,80787784,9963297
demo,24822,78828625,9718402
demo,24823,67298182,8277096
demo,24824,78828633,9718403
demo,24825,67298190,8277097
demo,24826,67298183,8277096
demo,24827,78828626,9718402
demo,24828,137422174328,17177636615
demo,24829,80787792,9963298
demo,24830,80787808,9963300
demo,24831,80787824,9963302
demo,24832,80787840,9963304
demo,24833,80787856,9963306
demo,24834,80787872,9963308
demo,24835,80787888,9963310
demo,24836,80787904,9963312
demo,24837,80787920,9963314
demo,24838,80787936,9963316
demo,24839,80787952,9963318
demo,24840,80787968,9963320
demo,24841,80787984,9963322
demo,24842,80788000,9963324
demo,24843,80788016,9963326
demo,24844,80788032,9963328
demo,24845,80788048,9963330
demo,24846,80788064,9963332
demo,24847,80788080,9963334
demo,24848,80788096,9963336
demo,24849,80788112,9963338
demo,24850,80788128,9963340
demo,24851,80788144,9963342
demo,24852,80788160,9963344
demo,24853,80788176,9963346
demo,24854,80788192,9963348
demo,24855,80788208,9963350
demo,24856,80788224,9963352
demo,24857,80788240,9963354
demo,24858,80788256,9963356
demo,24859,137422174352,17177636618
demo,24860,137422174504,17177636637
demo,24861,137422174512,17177636638
demo,24862,137422174520,17177636639
demo,24863,137422174528,17177636640
demo,24864,137422174536,17177636641
demo,24865,137422174544,17177636642
demo,24866,137422174552,17177636643
demo,24867,75739176,9332221
demo,24868,75741365,9332494
demo,24869,75740616,9332401
demo,24870,81800392,10089873
demo,24871,75741366,9332494
demo,24872,75740920,9332439
demo,24873,75740936,9332441
demo,24874,81800680,10089909
demo,24875,75740512,9332388
demo,24876,80913016,9978951
demo,24877,137422174400,17177636624
demo,24878,80913020,9978951
demo,24879,75740560,9332394
demo,24880,67338240,8282104
demo,24881,67343080,8282709
demo,24882,67294552,8276643
demo,24883,80909728,9978540
demo,24884,67344560,8282894
demo,24885,67344568,8282895
demo,24886,80909729,9978540
demo,24887,137422174296,17177636611
demo,24888,67343128,8282715
demo,24889,67344544,8282892
demo,24890,67294552,8276643
demo,24891,80909728,9978540
demo,24892,67344560,8282894
demo,24893,67344568,8282895
demo,24894,80909729,9978540
demo,24895,137422174296,17177636611
demo,24896,67344552,8282893
demo,24897,137422174304,17177636612
demo,24898,137422174312,17177636613
demo,24899,137422174320,17177636614
demo,24900,137422174328,17177636615
demo,24901,67343096,8282711
demo,24902,75735048,9331705
demo,24903,80909729,9978540
demo,24904,67345184,8282972
demo,24905,80909737,9978541
demo,24906,67345192,8282973
demo,24907,67345184,8282972
demo,24908,80909729,9978540
demo,24909,137422174296,17177636611
demo,24910,75735096,9331711
demo,24911,75736256,9331856
demo,24912,80909729,9978540
demo,24913,75736280,9331859
demo,24914,80909737,9978541
demo,24915,75736288,9331860
demo,24916,75736280,9331859
demo,24917,80909729,9978540
demo,24918,137422174296,17177636611
demo,24919,75736264,9331857
demo,24920,137422174304,17177636612
demo,24921,137422174312,17177636613
demo,24922,137422174320,17177636614
demo,24923,137422174328,17177636615
demo,24924,75735064,9331707
demo,24925,75736456,9331881
demo,24926,80909729,9978540
demo,24927,75736400,9331874
demo,24928,80909737,9978541
demo,24929,75736408,9331875
demo,24930,75736400,9331874
demo,24931,80909729,9978540
demo,24932,137422174296,17177636611
demo,24933,75736504,9331887
demo,24934,75737664,9332032
demo,24935,80909729,9978540
demo,24936,75737688,9332035
demo,24937,80909737,9978541
demo,24938,75737696,9332036
demo,24939,75737689,9332035
demo,24940,80909730,9978540
demo,24941,137422174296,17177636611
demo,24942,75737672,9332033
demo,24943,137422174304,17177636612
demo,24944,137422174312,17177636613
demo,24945,137422174320,17177636614
demo,24946,137422174328,17177636615
demo,24947,75736472,9331883
demo,24948,75737816,9332051
demo,24949,80909729,9978540
demo,24950,75737760,9332044
demo,24951,80909737,9978541
demo,24952,75737768,9332045
demo,24953,75737760,9332044
demo,24954,80909729,9978540
demo,24955,137422174296,17177636611
demo,24956,75737864,9332057
demo,24957,75739024,9332202
demo,24958,80909729,9978540
demo,24959,75739048,9332205
demo,24960,80909737,9978541
demo,24961,75739056,9332206
demo,24962,75739049,9332205
demo,24963,80909730,9978540
demo,24964,137422174296,17177636611
demo,24965,75739032,9332203
demo,24966,137422174304,17177636612
demo,24967,137422174312,17177636613
demo,24968,137422174320,17177636614
demo,24969,137422174328,17177636615
demo,24970,75737832,9332053
demo,24971,75739160,9332219
demo,24972,80909729,9978540
demo,24973,75739120,9332214
demo,24974,80909737,9978541
demo,24975,75739128,9332215
demo,24976,75739120,9332214
demo,24977,80909729,9978540
demo,24978,137422174296,17177636611
demo,24979,75739208,9332225
demo,24980,75740368,9332370
demo,24981,80909729,9978540
demo,24982,75740392,9332373
demo,24983,80909737,9978541
demo,24984,75740400,9332374
demo,24985,75740393,9332373
demo,24986,80909730,9978540
demo,24987,137422174296,17177636611
demo,24988,75740376,9332371
demo,24989,137422174304,17177636612
demo,24990,137422174312,17177636613
demo,24991,137422174320,17177636614
demo,24992,137422174328,17177636615
demo,24993,75739176,9332221
demo,24994,75740520,9332389
demo,24995,80909729,9978540
demo,24996,75740480,9332384
demo,24997,80909737,9978541
demo,24998,75740488,9332385
demo,24999,75740480,9332384
demo,25000,80909729,9978540
