variante,ciclo,endereco,endereco_norm
demo_matriz,1,67337816,8282051
demo_matriz,2,67337832,8282053
demo_matriz,3,67337848,8282055
demo_matriz,4,67337864,8282057
demo_matriz,5,67337880,8282059
demo_matriz,6,67337896,8282061
demo_matriz,7,67337912,8282063
demo_matriz,8,67337928,8282065
demo_matriz,9,67337944,8282067
demo_matriz,10,67337960,8282069
demo_matriz,11,67337976,8282071
demo_matriz,12,67337992,8282073
demo_matriz,13,67338008,8282075
demo_matriz,14,67338024,8282077
demo_matriz,15,67338040,8282079
demo_matriz,16,67338056,8282081
demo_matriz,17,67338072,8282083
demo_matriz,18,67338088,8282085
demo_matriz,19,67338104,8282087
demo_matriz,20,67341830,8282552
demo_matriz,21,67341200,8282474
demo_matriz,22,67341072,8282458
demo_matriz,23,67341064,8282457
demo_matriz,24,67341080,8282459
demo_matriz,25,67341088,8282460
demo_matriz,26,67341328,8282490
demo_matriz,27,67341224,8282477
demo_matriz,28,67341496,8282511
demo_matriz,29,67341704,8282537
demo_matriz,30,67341096,8282461
demo_matriz,31,67337936,8282066
demo_matriz,32,67341112,8282463
demo_matriz,33,67337968,8282070
demo_matriz,34,67341328,8282490
demo_matriz,35,67341336,8282491
demo_matriz,36,67338096,8282086
demo_matriz,37,67341272,8282483
demo_matriz,38,67341160,8282469
demo_matriz,39,67341408,8282500
demo_matriz,40,67338032,8282078
demo_matriz,41,67341280,8282484
demo_matriz,42,67338016,8282076
demo_matriz,43,67338064,8282082
demo_matriz,44,67341320,8282489
demo_matriz,45,67338080,8282084
demo_matriz,46,67112360,8253869
demo_matriz,47,67112368,8253870
demo_matriz,48,67112376,8253871
demo_matriz,49,67341830,8282552
demo_matriz,50,67340976,8282446
demo_matriz,51,67337936,8282066
demo_matriz,52,67341104,8282462
demo_matriz,53,67337952,8282068
demo_matriz,54,67341424,8282502
demo_matriz,55,137422175520,17177636764
demo_matriz,56,137422175504,17177636762
demo_matriz,57,137422175512,17177636763
demo_matriz,58,67341088,8282460
demo_matriz,59,67337888,8282060
demo_matriz,60,67112296,8253861
demo_matriz,61,67112288,8253860
demo_matriz,62,67110894,8253685
demo_matriz,63,67340976,8282446
demo_matriz,64,67110896,8253686
demo_matriz,65,67110892,8253685
demo_matriz,66,67112320,8253864
demo_matriz,67,67112312,8253863
demo_matriz,68,67111014,8253700
demo_matriz,69,67340976,8282446
demo_matriz,70,67111016,8253701
demo_matriz,71,67111012,8253700
demo_matriz,72,67112344,8253867
demo_matriz,73,67112336,8253866
demo_matriz,74,67110294,8253610
demo_matriz,75,67340976,8282446
demo_matriz,76,67110296,8253611
demo_matriz,77,67110292,8253610
demo_matriz,78,67340976,8282446
demo_matriz,79,67341830,8282552
demo_matriz,80,137422175552,17177636768
demo_matriz,81,137422175536,17177636766
demo_matriz,82,137422175544,17177636767
demo_matriz,83,67341088,8282460
demo_matriz,84,67337888,8282060
demo_matriz,85,137422175432,17177636753
demo_matriz,86,67341704,8282537
demo_matriz,87,67337856,8282056
demo_matriz,88,67341830,8282552
demo_matriz,89,67109936,8253566
demo_matriz,90,67109944,8253567
demo_matriz,91,67109940,8253566
demo_matriz,92,67109948,8253567
demo_matriz,93,137422175432,17177636753
demo_matriz,94,137422175488,17177636760
demo_matriz,95,137422175480,17177636759
demo_matriz,96,137422175632,17177636778
demo_matriz,97,137422175656,17177636781
demo_matriz,98,137422175664,17177636782
demo_matriz,99,137422175672,17177636783
demo_matriz,100,137422175680,17177636784
demo_matriz,101,137422175688,17177636785
demo_matriz,102,137422175696,17177636786
demo_matriz,103,137422175704,17177636787
demo_matriz,104,137422175712,17177636788
demo_matriz,105,137422175720,17177636789
demo_matriz,106,137422175728,17177636790
demo_matriz,107,137422175736,17177636791
demo_matriz,108,137422175744,17177636792
demo_matriz,109,137422175752,17177636793
demo_matriz,110,137422175760,17177636794
demo_matriz,111,137422175768,17177636795
demo_matriz,112,137422175776,17177636796
demo_matriz,113,137422175784,17177636797
demo_matriz,114,137422175792,17177636798
demo_matriz,115,137422175800,17177636799
demo_matriz,116,137422175808,17177636800
demo_matriz,117,137422175816,17177636801
demo_matriz,118,137422175824,17177636802
demo_matriz,119,137422175832,17177636803
demo_matriz,120,137422175840,17177636804
demo_matriz,121,137422175848,17177636805
demo_matriz,122,137422175856,17177636806
demo_matriz,123,137422175864,17177636807
demo_matriz,124,137422175872,17177636808
demo_matriz,125,137422175880,17177636809
demo_matriz,126,137422175888,17177636810
demo_matriz,127,137422175896,17177636811
demo_matriz,128,137422175904,17177636812
demo_matriz,129,137422175912,17177636813
demo_matriz,130,137422175920,17177636814
demo_matriz,131,137422175928,17177636815
demo_matriz,132,137422175936,17177636816
demo_matriz,133,137422175944,17177636817
demo_matriz,134,137422175952,17177636818
demo_matriz,135,137422175960,17177636819
demo_matriz,136,137422175968,17177636820
demo_matriz,137,137422175976,17177636821
demo_matriz,138,137422175984,17177636822
demo_matriz,139,137422175992,17177636823
demo_matriz,140,137422176000,17177636824
demo_matriz,141,137422176008,17177636825
demo_matriz,142,137422176016,17177636826
demo_matriz,143,137422176024,17177636827
demo_matriz,144,137422176032,17177636828
demo_matriz,145,137422176040,17177636829
demo_matriz,146,137422176048,17177636830
demo_matriz,147,137422176056,17177636831
demo_matriz,148,137422176064,17177636832
demo_matriz,149,137422176072,17177636833
demo_matriz,150,137422176080,17177636834
demo_matriz,151,137422176088,17177636835
demo_matriz,152,137422176096,17177636836
demo_matriz,153,137422176104,17177636837
demo_matriz,154,137422176112,17177636838
demo_matriz,155,137422176120,17177636839
demo_matriz,156,137422176128,17177636840
demo_matriz,157,137422176136,17177636841
demo_matriz,158,137422176144,17177636842
demo_matriz,159,137422176152,17177636843
demo_matriz,160,137422176160,17177636844
demo_matriz,161,137422176168,17177636845
demo_matriz,162,137422176176,17177636846
demo_matriz,163,137422176184,17177636847
demo_matriz,164,137422176192,17177636848
demo_matriz,165,137422176200,17177636849
demo_matriz,166,137422176208,17177636850
demo_matriz,167,137422176216,17177636851
demo_matriz,168,137422176224,17177636852
demo_matriz,169,137422176232,17177636853
demo_matriz,170,137422176240,17177636854
demo_matriz,171,137422176248,17177636855
demo_matriz,172,137422176256,17177636856
demo_matriz,173,137422176264,17177636857
demo_matriz,174,137422176272,17177636858
demo_matriz,175,137422176280,17177636859
demo_matriz,176,137422176288,17177636860
demo_matriz,177,137422176296,17177636861
demo_matriz,178,137422176304,17177636862
demo_matriz,179,137422176312,17177636863
demo_matriz,180,137422176320,17177636864
demo_matriz,181,137422176328,17177636865
demo_matriz,182,137422176336,17177636866
demo_matriz,183,137422176344,17177636867
demo_matriz,184,137422176352,17177636868
demo_matriz,185,137422176360,17177636869
demo_matriz,186,137422176368,17177636870
demo_matriz,187,137422176376,17177636871
demo_matriz,188,137422176384,17177636872
demo_matriz,189,137422176392,17177636873
demo_matriz,190,137422176400,17177636874
demo_matriz,191,137422176408,17177636875
demo_matriz,192,137422176416,17177636876
demo_matriz,193,137422176424,17177636877
demo_matriz,194,137422176432,17177636878
demo_matriz,195,137422176440,17177636879
demo_matriz,196,137422176448,17177636880
demo_matriz,197,137422176456,17177636881
demo_matriz,198,137422176464,17177636882
demo_matriz,199,137422176472,17177636883
demo_matriz,200,137422176480,17177636884
demo_matriz,201,137422176488,17177636885
demo_matriz,202,137422176496,17177636886
demo_matriz,203,137422176504,17177636887
demo_matriz,204,137422176512,17177636888
demo_matriz,205,137422176520,17177636889
demo_matriz,206,137422176528,17177636890
demo_matriz,207,137422176536,17177636891
demo_matriz,208,137422176544,17177636892
demo_matriz,209,137422176552,17177636893
demo_matriz,210,137422176560,17177636894
demo_matriz,211,137422176568,17177636895
demo_matriz,212,137422176576,17177636896
demo_matriz,213,137422176584,17177636897
demo_matriz,214,137422176592,17177636898
demo_matriz,215,137422176600,17177636899
demo_matriz,216,137422176608,17177636900
demo_matriz,217,137422176616,17177636901
demo_matriz,218,137422176624,17177636902
demo_matriz,219,137422176632,17177636903
demo_matriz,220,137422176640,17177636904
demo_matriz,221,137422176648,17177636905
demo_matriz,222,137422176656,17177636906
demo_matriz,223,137422176664,17177636907
demo_matriz,224,137422176672,17177636908
demo_matriz,225,137422176680,17177636909
demo_matriz,226,137422176688,17177636910
demo_matriz,227,137422176696,17177636911
demo_matriz,228,137422176704,17177636912
demo_matriz,229,137422176712,17177636913
demo_matriz,230,137422176720,17177636914
demo_matriz,231,137422176728,17177636915
demo_matriz,232,137422176736,17177636916
demo_matriz,233,137422174960,17177636694
demo_matriz,234,137422175112,17177636713
demo_matriz,235,137422175144,17177636717
demo_matriz,236,137422174936,17177636691
demo_matriz,237,137422174952,17177636693
demo_matriz,238,137422174984,17177636697
demo_matriz,239,137422175320,17177636739
demo_matriz,240,137422175096,17177636711
demo_matriz,241,137422175032,17177636703
demo_matriz,242,137422175040,17177636704
demo_matriz,243,137422175152,17177636718
demo_matriz,244,137422175048,17177636705
demo_matriz,245,137422175056,17177636706
demo_matriz,246,137422175112,17177636713
demo_matriz,247,137422175176,17177636721
demo_matriz,248,137422175336,17177636741
demo_matriz,249,137422175344,17177636742
demo_matriz,250,137422175352,17177636743
demo_matriz,251,137422175360,17177636744
demo_matriz,252,137422175368,17177636745
demo_matriz,253,67343056,8282706
demo_matriz,254,67336776,8281921
demo_matriz,255,137422175656,17177636781
demo_matriz,256,137422176831,17177636927
demo_matriz,257,137422176832,17177636928
demo_matriz,258,137422176833,17177636928
demo_matriz,259,137422176834,17177636928
demo_matriz,260,137422176835,17177636928
demo_matriz,261,137422176836,17177636928
demo_matriz,262,137422176837,17177636928
demo_matriz,263,137422176838,17177636928
demo_matriz,264,137422176839,17177636928
demo_matriz,265,137422176840,17177636929
demo_matriz,266,137422176841,17177636929
demo_matriz,267,137422176842,17177636929
demo_matriz,268,137422176843,17177636929
demo_matriz,269,137422176844,17177636929
demo_matriz,270,137422176845,17177636929
demo_matriz,271,137422176846,17177636929
demo_matriz,272,137422176847,17177636929
demo_matriz,273,137422176831,17177636927
demo_matriz,274,67298051,8277080
demo_matriz,275,137422176832,17177636928
demo_matriz,276,67331240,8281229
demo_matriz,277,67331241,8281229
demo_matriz,278,67331376,8281246
demo_matriz,279,67331377,8281246
demo_matriz,280,137422176831,17177636927
demo_matriz,281,67331512,8281263
demo_matriz,282,67331513,8281263
demo_matriz,283,67331648,8281280
demo_matriz,284,67331649,8281280
demo_matriz,285,67331784,8281297
demo_matriz,286,67331785,8281297
demo_matriz,287,67331920,8281314
demo_matriz,288,67331921,8281314
demo_matriz,289,67332056,8281331
demo_matriz,290,67332057,8281331
demo_matriz,291,67332192,8281348
demo_matriz,292,67332193,8281348
demo_matriz,293,67332328,8281365
demo_matriz,294,67332329,8281365
demo_matriz,295,67332464,8281382
demo_matriz,296,67332465,8281382
demo_matriz,297,67332600,8281399
demo_matriz,298,67332601,8281399
demo_matriz,299,67332736,8281416
demo_matriz,300,67332737,8281416
demo_matriz,301,67332872,8281433
demo_matriz,302,67332873,8281433
demo_matriz,303,137422176831,17177636927
demo_matriz,304,67333008,8281450
demo_matriz,305,67333009,8281450
demo_matriz,306,137422176831,17177636927
demo_matriz,307,67333144,8281467
demo_matriz,308,67333145,8281467
demo_matriz,309,137422176831,17177636927
demo_matriz,310,67333280,8281484
demo_matriz,311,67333281,8281484
demo_matriz,312,67333416,8281501
demo_matriz,313,67333417,8281501
demo_matriz,314,67333552,8281518
demo_matriz,315,67333553,8281518
demo_matriz,316,67333688,8281535
demo_matriz,317,67333689,8281535
demo_matriz,318,67333824,8281552
demo_matriz,319,67333825,8281552
demo_matriz,320,137422176831,17177636927
demo_matriz,321,67333960,8281569
demo_matriz,322,67333961,8281569
demo_matriz,323,67334096,8281586
demo_matriz,324,67334097,8281586
demo_matriz,325,67334232,8281603
demo_matriz,326,67334233,8281603
demo_matriz,327,67334368,8281620
demo_matriz,328,67334369,8281620
demo_matriz,329,137422176831,17177636927
demo_matriz,330,67334504,8281637
demo_matriz,331,67334505,8281637
demo_matriz,332,67334640,8281654
demo_matriz,333,67334641,8281654
demo_matriz,334,67334776,8281671
demo_matriz,335,67334777,8281671
demo_matriz,336,137422176831,17177636927
demo_matriz,337,67334912,8281688
demo_matriz,338,67334913,8281688
demo_matriz,339,67335048,8281705
demo_matriz,340,67335049,8281705
demo_matriz,341,67335184,8281722
demo_matriz,342,67335185,8281722
demo_matriz,343,67335320,8281739
demo_matriz,344,67335321,8281739
demo_matriz,345,67335456,8281756
demo_matriz,346,67335457,8281756
demo_matriz,347,137422176831,17177636927
demo_matriz,348,67335592,8281773
demo_matriz,349,67335593,8281773
demo_matriz,350,67335728,8281790
demo_matriz,351,67335729,8281790
demo_matriz,352,137422176831,17177636927
demo_matriz,353,67335864,8281807
demo_matriz,354,67335865,8281807
demo_matriz,355,67336000,8281824
demo_matriz,356,67336001,8281824
demo_matriz,357,67336136,8281841
demo_matriz,358,67336137,8281841
demo_matriz,359,67336272,8281858
demo_matriz,360,67336273,8281858
demo_matriz,361,67336408,8281875
demo_matriz,362,67336409,8281875
demo_matriz,363,137422176831,17177636927
demo_matriz,364,67336544,8281892
demo_matriz,365,67336545,8281892
demo_matriz,366,67336680,8281909
demo_matriz,367,67336681,8281909
demo_matriz,368,137422175664,17177636782
demo_matriz,369,137422176864,17177636932
demo_matriz,370,137422176865,17177636932
demo_matriz,371,137422176866,17177636932
demo_matriz,372,137422176867,17177636932
demo_matriz,373,137422176868,17177636932
demo_matriz,374,137422176869,17177636932
demo_matriz,375,137422176870,17177636932
demo_matriz,376,137422176871,17177636932
demo_matriz,377,137422176872,17177636933
demo_matriz,378,137422176864,17177636932
demo_matriz,379,67331240,8281229
demo_matriz,380,67331241,8281229
demo_matriz,381,67331376,8281246
demo_matriz,382,67331377,8281246
demo_matriz,383,137422176864,17177636932
demo_matriz,384,67331512,8281263
demo_matriz,385,67331513,8281263
demo_matriz,386,67331648,8281280
demo_matriz,387,67331649,8281280
demo_matriz,388,67331784,8281297
demo_matriz,389,67331785,8281297
demo_matriz,390,67331920,8281314
demo_matriz,391,67331921,8281314
demo_matriz,392,67332056,8281331
demo_matriz,393,67332057,8281331
demo_matriz,394,67332192,8281348
demo_matriz,395,67332193,8281348
demo_matriz,396,67332328,8281365
demo_matriz,397,67332329,8281365
demo_matriz,398,67332464,8281382
demo_matriz,399,67332465,8281382
demo_matriz,400,67332600,8281399
demo_matriz,401,67332601,8281399
demo_matriz,402,67332736,8281416
demo_matriz,403,67332737,8281416
demo_matriz,404,67332872,8281433
demo_matriz,405,67332873,8281433
demo_matriz,406,137422176864,17177636932
demo_matriz,407,67333008,8281450
demo_matriz,408,67333009,8281450
demo_matriz,409,137422176864,17177636932
demo_matriz,410,67333010,8281450
demo_matriz,411,137422176865,17177636932
demo_matriz,412,67333144,8281467
demo_matriz,413,67333145,8281467
demo_matriz,414,137422176864,17177636932
demo_matriz,415,67333280,8281484
demo_matriz,416,67333281,8281484
demo_matriz,417,67333416,8281501
demo_matriz,418,67333417,8281501
demo_matriz,419,67333552,8281518
demo_matriz,420,67333553,8281518
demo_matriz,421,67333688,8281535
demo_matriz,422,67333689,8281535
demo_matriz,423,67333824,8281552
demo_matriz,424,67333825,8281552
demo_matriz,425,137422176864,17177636932
demo_matriz,426,67333826,8281552
demo_matriz,427,137422176865,17177636932
demo_matriz,428,67333960,8281569
demo_matriz,429,67333961,8281569
demo_matriz,430,67334096,8281586
demo_matriz,431,67334097,8281586
demo_matriz,432,67334232,8281603
demo_matriz,433,67334233,8281603
demo_matriz,434,67334368,8281620
demo_matriz,435,67334369,8281620
demo_matriz,436,137422176864,17177636932
demo_matriz,437,67334504,8281637
demo_matriz,438,67334505,8281637
demo_matriz,439,67334640,8281654
demo_matriz,440,67334641,8281654
demo_matriz,441,67334776,8281671
demo_matriz,442,67334777,8281671
demo_matriz,443,137422176864,17177636932
demo_matriz,444,67334912,8281688
demo_matriz,445,67334913,8281688
demo_matriz,446,67335048,8281705
demo_matriz,447,67335049,8281705
demo_matriz,448,67335184,8281722
demo_matriz,449,67335185,8281722
demo_matriz,450,67335320,8281739
demo_matriz,451,67335321,8281739
demo_matriz,452,67335456,8281756
demo_matriz,453,67335457,8281756
demo_matriz,454,137422176864,17177636932
demo_matriz,455,67335592,8281773
demo_matriz,456,67335593,8281773
demo_matriz,457,67335728,8281790
demo_matriz,458,67335729,8281790
demo_matriz,459,137422176864,17177636932
demo_matriz,460,67335864,8281807
demo_matriz,461,67335865,8281807
demo_matriz,462,67336000,8281824
demo_matriz,463,67336001,8281824
demo_matriz,464,67336136,8281841
demo_matriz,465,67336137,8281841
demo_matriz,466,67336272,8281858
demo_matriz,467,67336273,8281858
demo_matriz,468,67336408,8281875
demo_matriz,469,67336409,8281875
demo_matriz,470,137422176864,17177636932
demo_matriz,471,67336544,8281892
demo_matriz,472,67336545,8281892
demo_matriz,473,67336680,8281909
demo_matriz,474,67336681,8281909
demo_matriz,475,137422175672,17177636783
demo_matriz,476,137422176896,17177636936
demo_matriz,477,137422176897,17177636936
demo_matriz,478,137422176898,17177636936
demo_matriz,479,137422176899,17177636936
demo_matriz,480,137422176900,17177636936
demo_matriz,481,137422176901,17177636936
demo_matriz,482,137422176902,17177636936
demo_matriz,483,137422176903,17177636936
demo_matriz,484,137422176904,17177636937
demo_matriz,485,137422176905,17177636937
demo_matriz,486,137422176906,17177636937
demo_matriz,487,137422176896,17177636936
demo_matriz,488,67331240,8281229
demo_matriz,489,67331241,8281229
demo_matriz,490,67331376,8281246
demo_matriz,491,67331377,8281246
demo_matriz,492,137422176896,17177636936
demo_matriz,493,67331512,8281263
demo_matriz,494,67331513,8281263
demo_matriz,495,67331648,8281280
demo_matriz,496,67331649,8281280
demo_matriz,497,67331784,8281297
demo_matriz,498,67331785,8281297
demo_matriz,499,67331920,8281314
demo_matriz,500,67331921,8281314
demo_matriz,501,67332056,8281331
demo_matriz,502,67332057,8281331
demo_matriz,503,67332192,8281348
demo_matriz,504,67332193,8281348
demo_matriz,505,67332328,8281365
demo_matriz,506,67332329,8281365
demo_matriz,507,67332464,8281382
demo_matriz,508,67332465,8281382
demo_matriz,509,67332600,8281399
demo_matriz,510,67332601,8281399
demo_matriz,511,67332736,8281416
demo_matriz,512,67332737,8281416
demo_matriz,513,67332872,8281433
demo_matriz,514,67332873,8281433
demo_matriz,515,137422176896,17177636936
demo_matriz,516,67333008,8281450
demo_matriz,517,67333009,8281450
demo_matriz,518,137422176896,17177636936
demo_matriz,519,67333144,8281467
demo_matriz,520,67333145,8281467
demo_matriz,521,137422176896,17177636936
demo_matriz,522,67333280,8281484
demo_matriz,523,67333281,8281484
demo_matriz,524,67333416,8281501
demo_matriz,525,67333417,8281501
demo_matriz,526,67333552,8281518
demo_matriz,527,67333553,8281518
demo_matriz,528,67333688,8281535
demo_matriz,529,67333689,8281535
demo_matriz,530,67333824,8281552
demo_matriz,531,67333825,8281552
demo_matriz,532,137422176896,17177636936
demo_matriz,533,67333960,8281569
demo_matriz,534,67333961,8281569
demo_matriz,535,67334096,8281586
demo_matriz,536,67334097,8281586
demo_matriz,537,67334232,8281603
demo_matriz,538,67334233,8281603
demo_matriz,539,67334368,8281620
demo_matriz,540,67334369,8281620
demo_matriz,541,137422176896,17177636936
demo_matriz,542,67334504,8281637
demo_matriz,543,67334505,8281637
demo_matriz,544,67334640,8281654
demo_matriz,545,67334641,8281654
demo_matriz,546,67334776,8281671
demo_matriz,547,67334777,8281671
demo_matriz,548,137422176896,17177636936
demo_matriz,549,67334912,8281688
demo_matriz,550,67334913,8281688
demo_matriz,551,67335048,8281705
demo_matriz,552,67335049,8281705
demo_matriz,553,67335184,8281722
demo_matriz,554,67335185,8281722
demo_matriz,555,67335320,8281739
demo_matriz,556,67335321,8281739
demo_matriz,557,67335456,8281756
demo_matriz,558,67335457,8281756
demo_matriz,559,137422176896,17177636936
demo_matriz,560,67335592,8281773
demo_matriz,561,67335593,8281773
demo_matriz,562,67335728,8281790
demo_matriz,563,67335729,8281790
demo_matriz,564,137422176896,17177636936
demo_matriz,565,67335864,8281807
demo_matriz,566,67335865,8281807
demo_matriz,567,67336000,8281824
demo_matriz,568,67336001,8281824
demo_matriz,569,67336136,8281841
demo_matriz,570,67336137,8281841
demo_matriz,571,67336272,8281858
demo_matriz,572,67336273,8281858
demo_matriz,573,67336408,8281875
demo_matriz,574,67336409,8281875
demo_matriz,575,137422176896,17177636936
demo_matriz,576,67336544,8281892
demo_matriz,577,67336545,8281892
demo_matriz,578,67336680,8281909
demo_matriz,579,67336681,8281909
demo_matriz,580,137422175680,17177636784
demo_matriz,581,137422176922,17177636939
demo_matriz,582,137422176923,17177636939
demo_matriz,583,137422176924,17177636939
demo_matriz,584,137422176925,17177636939
demo_matriz,585,137422176926,17177636939
demo_matriz,586,137422176927,17177636939
demo_matriz,587,137422176928,17177636940
demo_matriz,588,137422176929,17177636940
demo_matriz,589,137422176930,17177636940
demo_matriz,590,137422176931,17177636940
demo_matriz,591,137422176932,17177636940
demo_matriz,592,137422176933,17177636940
demo_matriz,593,137422176934,17177636940
demo_matriz,594,137422176935,17177636940
demo_matriz,595,137422176936,17177636941
demo_matriz,596,137422176937,17177636941
demo_matriz,597,137422176938,17177636941
demo_matriz,598,137422176939,17177636941
demo_matriz,599,137422176940,17177636941
demo_matriz,600,137422176941,17177636941
demo_matriz,601,137422176942,17177636941
demo_matriz,602,137422176943,17177636941
demo_matriz,603,137422176944,17177636942
demo_matriz,604,137422176945,17177636942
demo_matriz,605,137422176946,17177636942
demo_matriz,606,137422176947,17177636942
demo_matriz,607,137422176948,17177636942
demo_matriz,608,137422176922,17177636939
demo_matriz,609,67331240,8281229
demo_matriz,610,67331241,8281229
demo_matriz,611,67331376,8281246
demo_matriz,612,67331377,8281246
demo_matriz,613,137422176922,17177636939
demo_matriz,614,67331512,8281263
demo_matriz,615,67331513,8281263
demo_matriz,616,67331648,8281280
demo_matriz,617,67331649,8281280
demo_matriz,618,67331784,8281297
demo_matriz,619,67331785,8281297
demo_matriz,620,67331920,8281314
demo_matriz,621,67331921,8281314
demo_matriz,622,67332056,8281331
demo_matriz,623,67332057,8281331
demo_matriz,624,67332192,8281348
demo_matriz,625,67332193,8281348
demo_matriz,626,67332328,8281365
demo_matriz,627,67332329,8281365
demo_matriz,628,67332464,8281382
demo_matriz,629,67332465,8281382
demo_matriz,630,67332600,8281399
demo_matriz,631,67332601,8281399
demo_matriz,632,67332736,8281416
demo_matriz,633,67332737,8281416
demo_matriz,634,67332872,8281433
demo_matriz,635,67332873,8281433
demo_matriz,636,137422176922,17177636939
demo_matriz,637,67333008,8281450
demo_matriz,638,67333009,8281450
demo_matriz,639,137422176922,17177636939
demo_matriz,640,67333144,8281467
demo_matriz,641,67333145,8281467
demo_matriz,642,137422176922,17177636939
demo_matriz,643,67333280,8281484
demo_matriz,644,67333281,8281484
demo_matriz,645,67333416,8281501
demo_matriz,646,67333417,8281501
demo_matriz,647,67333552,8281518
demo_matriz,648,67333553,8281518
demo_matriz,649,67333688,8281535
demo_matriz,650,67333689,8281535
demo_matriz,651,67333824,8281552
demo_matriz,652,67333825,8281552
demo_matriz,653,137422176922,17177636939
demo_matriz,654,67333960,8281569
demo_matriz,655,67333961,8281569
demo_matriz,656,67334096,8281586
demo_matriz,657,67334097,8281586
demo_matriz,658,67334232,8281603
demo_matriz,659,67334233,8281603
demo_matriz,660,67334368,8281620
demo_matriz,661,67334369,8281620
demo_matriz,662,137422176922,17177636939
demo_matriz,663,67334504,8281637
demo_matriz,664,67334505,8281637
demo_matriz,665,67334640,8281654
demo_matriz,666,67334641,8281654
demo_matriz,667,67334776,8281671
demo_matriz,668,67334777,8281671
demo_matriz,669,137422176922,17177636939
demo_matriz,670,67334912,8281688
demo_matriz,671,67334913,8281688
demo_matriz,672,67335048,8281705
demo_matriz,673,67335049,8281705
demo_matriz,674,67335184,8281722
demo_matriz,675,67335185,8281722
demo_matriz,676,67335320,8281739
demo_matriz,677,67335321,8281739
demo_matriz,678,67335456,8281756
demo_matriz,679,67335457,8281756
demo_matriz,680,137422176922,17177636939
demo_matriz,681,67335592,8281773
demo_matriz,682,67335593,8281773
demo_matriz,683,67335728,8281790
demo_matriz,684,67335729,8281790
demo_matriz,685,137422176922,17177636939
demo_matriz,686,67335864,8281807
demo_matriz,687,67335865,8281807
demo_matriz,688,67336000,8281824
demo_matriz,689,67336001,8281824
demo_matriz,690,67336136,8281841
demo_matriz,691,67336137,8281841
demo_matriz,692,67336272,8281858
demo_matriz,693,67336273,8281858
demo_matriz,694,67336408,8281875
demo_matriz,695,67336409,8281875
demo_matriz,696,137422176922,17177636939
demo_matriz,697,67336544,8281892
demo_matriz,698,67336545,8281892
demo_matriz,699,67336680,8281909
demo_matriz,700,67336681,8281909
demo_matriz,701,137422175688,17177636785
demo_matriz,702,137422176960,17177636944
demo_matriz,703,137422176961,17177636944
demo_matriz,704,137422176962,17177636944
demo_matriz,705,137422176963,17177636944
demo_matriz,706,137422176964,17177636944
demo_matriz,707,137422176965,17177636944
demo_matriz,708,137422176966,17177636944
demo_matriz,709,137422176967,17177636944
demo_matriz,710,137422176968,17177636945
demo_matriz,711,137422176969,17177636945
demo_matriz,712,137422176970,17177636945
demo_matriz,713,137422176971,17177636945
demo_matriz,714,137422176972,17177636945
demo_matriz,715,137422176973,17177636945
demo_matriz,716,137422176974,17177636945
demo_matriz,717,137422176975,17177636945
demo_matriz,718,137422176976,17177636946
demo_matriz,719,137422176977,17177636946
demo_matriz,720,137422176978,17177636946
demo_matriz,721,137422176979,17177636946
demo_matriz,722,137422176980,17177636946
demo_matriz,723,137422176981,17177636946
demo_matriz,724,137422176960,17177636944
demo_matriz,725,67331240,8281229
demo_matriz,726,67331241,8281229
demo_matriz,727,67331376,8281246
demo_matriz,728,67331377,8281246
demo_matriz,729,137422176960,17177636944
demo_matriz,730,67331512,8281263
demo_matriz,731,67331513,8281263
demo_matriz,732,67331648,8281280
demo_matriz,733,67331649,8281280
demo_matriz,734,67331784,8281297
demo_matriz,735,67331785,8281297
demo_matriz,736,67331920,8281314
demo_matriz,737,67331921,8281314
demo_matriz,738,67332056,8281331
demo_matriz,739,67332057,8281331
demo_matriz,740,67332192,8281348
demo_matriz,741,67332193,8281348
demo_matriz,742,67332328,8281365
demo_matriz,743,67332329,8281365
demo_matriz,744,67332464,8281382
demo_matriz,745,67332465,8281382
demo_matriz,746,67332600,8281399
demo_matriz,747,67332601,8281399
demo_matriz,748,67332736,8281416
demo_matriz,749,67332737,8281416
demo_matriz,750,67332872,8281433
demo_matriz,751,67332873,8281433
demo_matriz,752,137422176960,17177636944
demo_matriz,753,67333008,8281450
demo_matriz,754,67333009,8281450
demo_matriz,755,137422176960,17177636944
demo_matriz,756,67333144,8281467
demo_matriz,757,67333145,8281467
demo_matriz,758,137422176960,17177636944
demo_matriz,759,67333280,8281484
demo_matriz,760,67333281,8281484
demo_matriz,761,67333416,8281501
demo_matriz,762,67333417,8281501
demo_matriz,763,67333552,8281518
demo_matriz,764,67333553,8281518
demo_matriz,765,67333688,8281535
demo_matriz,766,67333689,8281535
demo_matriz,767,67333824,8281552
demo_matriz,768,67333825,8281552
demo_matriz,769,137422176960,17177636944
demo_matriz,770,67333960,8281569
demo_matriz,771,67333961,8281569
demo_matriz,772,67334096,8281586
demo_matriz,773,67334097,8281586
demo_matriz,774,67334232,8281603
demo_matriz,775,67334233,8281603
demo_matriz,776,67334368,8281620
demo_matriz,777,67334369,8281620
demo_matriz,778,137422176960,17177636944
demo_matriz,779,67334504,8281637
demo_matriz,780,67334505,8281637
demo_matriz,781,67334640,8281654
demo_matriz,782,67334641,8281654
demo_matriz,783,67334776,8281671
demo_matriz,784,67334777,8281671
demo_matriz,785,137422176960,17177636944
demo_matriz,786,67334912,8281688
demo_matriz,787,67334913,8281688
demo_matriz,788,67335048,8281705
demo_matriz,789,67335049,8281705
demo_matriz,790,67335184,8281722
demo_matriz,791,67335185,8281722
demo_matriz,792,67335320,8281739
demo_matriz,793,67335321,8281739
demo_matriz,794,67335456,8281756
demo_matriz,795,67335457,8281756
demo_matriz,796,137422176960,17177636944
demo_matriz,797,67335592,8281773
demo_matriz,798,67335593,8281773
demo_matriz,799,67335728,8281790
demo_matriz,800,67335729,8281790
demo_matriz,801,137422176960,17177636944
demo_matriz,802,67335864,8281807
demo_matriz,803,67335865,8281807
demo_matriz,804,67336000,8281824
demo_matriz,805,67336001,8281824
demo_matriz,806,67336136,8281841
demo_matriz,807,67336137,8281841
demo_matriz,808,67336272,8281858
demo_matriz,809,67336273,8281858
demo_matriz,810,67336408,8281875
demo_matriz,811,67336409,8281875
demo_matriz,812,137422176960,17177636944
demo_matriz,813,67336544,8281892
demo_matriz,814,67336545,8281892
demo_matriz,815,67336680,8281909
demo_matriz,816,67336681,8281909
demo_matriz,817,137422175696,17177636786
demo_matriz,818,137422177025,17177636952
demo_matriz,819,137422177026,17177636952
demo_matriz,820,137422177027,17177636952
demo_matriz,821,137422177028,17177636952
demo_matriz,822,137422177029,17177636952
demo_matriz,823,137422177030,17177636952
demo_matriz,824,137422177031,17177636952
demo_matriz,825,137422177032,17177636953
demo_matriz,826,137422177033,17177636953
demo_matriz,827,137422177025,17177636952
demo_matriz,828,67331240,8281229
demo_matriz,829,67331241,8281229
demo_matriz,830,67331376,8281246
demo_matriz,831,67331377,8281246
demo_matriz,832,137422177025,17177636952
demo_matriz,833,67331512,8281263
demo_matriz,834,67331513,8281263
demo_matriz,835,67331648,8281280
demo_matriz,836,67331649,8281280
demo_matriz,837,67331784,8281297
demo_matriz,838,67331785,8281297
demo_matriz,839,67331920,8281314
demo_matriz,840,67331921,8281314
demo_matriz,841,67332056,8281331
demo_matriz,842,67332057,8281331
demo_matriz,843,67332192,8281348
demo_matriz,844,67332193,8281348
demo_matriz,845,67332328,8281365
demo_matriz,846,67332329,8281365
demo_matriz,847,67332464,8281382
demo_matriz,848,67332465,8281382
demo_matriz,849,67332600,8281399
demo_matriz,850,67332601,8281399
demo_matriz,851,67332736,8281416
demo_matriz,852,67332737,8281416
demo_matriz,853,67332872,8281433
demo_matriz,854,67332873,8281433
demo_matriz,855,137422177025,17177636952
demo_matriz,856,67333008,8281450
demo_matriz,857,67333009,8281450
demo_matriz,858,137422177025,17177636952
demo_matriz,859,67333010,8281450
demo_matriz,860,137422177026,17177636952
demo_matriz,861,67333144,8281467
demo_matriz,862,67333145,8281467
demo_matriz,863,137422177025,17177636952
demo_matriz,864,67333280,8281484
demo_matriz,865,67333281,8281484
demo_matriz,866,67333416,8281501
demo_matriz,867,67333417,8281501
demo_matriz,868,67333552,8281518
demo_matriz,869,67333553,8281518
demo_matriz,870,67333688,8281535
demo_matriz,871,67333689,8281535
demo_matriz,872,67333824,8281552
demo_matriz,873,67333825,8281552
demo_matriz,874,137422177025,17177636952
demo_matriz,875,67333826,8281552
demo_matriz,876,137422177026,17177636952
demo_matriz,877,67333960,8281569
demo_matriz,878,67333961,8281569
demo_matriz,879,67334096,8281586
demo_matriz,880,67334097,8281586
demo_matriz,881,67334232,8281603
demo_matriz,882,67334233,8281603
demo_matriz,883,67334368,8281620
demo_matriz,884,67334369,8281620
demo_matriz,885,137422177025,17177636952
demo_matriz,886,67334504,8281637
demo_matriz,887,67334505,8281637
demo_matriz,888,67334640,8281654
demo_matriz,889,67334641,8281654
demo_matriz,890,67334776,8281671
demo_matriz,891,67334777,8281671
demo_matriz,892,137422177025,17177636952
demo_matriz,893,67334912,8281688
demo_matriz,894,67334913,8281688
demo_matriz,895,67335048,8281705
demo_matriz,896,67335049,8281705
demo_matriz,897,67335184,8281722
demo_matriz,898,67335185,8281722
demo_matriz,899,67335320,8281739
demo_matriz,900,67335321,8281739
demo_matriz,901,67335456,8281756
demo_matriz,902,67335457,8281756
demo_matriz,903,137422177025,17177636952
demo_matriz,904,67335592,8281773
demo_matriz,905,67335593,8281773
demo_matriz,906,67335728,8281790
demo_matriz,907,67335729,8281790
demo_matriz,908,137422177025,17177636952
demo_matriz,909,67335864,8281807
demo_matriz,910,67335865,8281807
demo_matriz,911,67336000,8281824
demo_matriz,912,67336001,8281824
demo_matriz,913,67336136,8281841
demo_matriz,914,67336137,8281841
demo_matriz,915,67336272,8281858
demo_matriz,916,67336273,8281858
demo_matriz,917,67336408,8281875
demo_matriz,918,67336409,8281875
demo_matriz,919,137422177025,17177636952
demo_matriz,920,67336544,8281892
demo_matriz,921,67336545,8281892
demo_matriz,922,67336680,8281909
demo_matriz,923,67336681,8281909
demo_matriz,924,137422175704,17177636787
demo_matriz,925,137422177040,17177636954
demo_matriz,926,137422177041,17177636954
demo_matriz,927,137422177042,17177636954
demo_matriz,928,137422177043,17177636954
demo_matriz,929,137422177044,17177636954
demo_matriz,930,137422177040,17177636954
demo_matriz,931,67331240,8281229
demo_matriz,932,67331241,8281229
demo_matriz,933,67331376,8281246
demo_matriz,934,67331377,8281246
demo_matriz,935,137422177040,17177636954
demo_matriz,936,67331512,8281263
demo_matriz,937,67331513,8281263
demo_matriz,938,67331648,8281280
demo_matriz,939,67331649,8281280
demo_matriz,940,67331784,8281297
demo_matriz,941,67331785,8281297
demo_matriz,942,67331920,8281314
demo_matriz,943,67331921,8281314
demo_matriz,944,67332056,8281331
demo_matriz,945,67332057,8281331
demo_matriz,946,67332192,8281348
demo_matriz,947,67332193,8281348
demo_matriz,948,67332328,8281365
demo_matriz,949,67332329,8281365
demo_matriz,950,67332464,8281382
demo_matriz,951,67332465,8281382
demo_matriz,952,67332600,8281399
demo_matriz,953,67332601,8281399
demo_matriz,954,67332736,8281416
demo_matriz,955,67332737,8281416
demo_matriz,956,67332872,8281433
demo_matriz,957,67332873,8281433
demo_matriz,958,137422177040,17177636954
demo_matriz,959,67333008,8281450
demo_matriz,960,67333009,8281450
demo_matriz,961,137422177040,17177636954
demo_matriz,962,67333144,8281467
demo_matriz,963,67333145,8281467
demo_matriz,964,137422177040,17177636954
demo_matriz,965,67333280,8281484
demo_matriz,966,67333281,8281484
demo_matriz,967,67333416,8281501
demo_matriz,968,67333417,8281501
demo_matriz,969,67333552,8281518
demo_matriz,970,67333553,8281518
demo_matriz,971,67333688,8281535
demo_matriz,972,67333689,8281535
demo_matriz,973,67333824,8281552
demo_matriz,974,67333825,8281552
demo_matriz,975,137422177040,17177636954
demo_matriz,976,67333960,8281569
demo_matriz,977,67333961,8281569
demo_matriz,978,67334096,8281586
demo_matriz,979,67334097,8281586
demo_matriz,980,67334232,8281603
demo_matriz,981,67334233,8281603
demo_matriz,982,67334368,8281620
demo_matriz,983,67334369,8281620
demo_matriz,984,137422177040,17177636954
demo_matriz,985,67334504,8281637
demo_matriz,986,67334505,8281637
demo_matriz,987,67334640,8281654
demo_matriz,988,67334641,8281654
demo_matriz,989,67334776,8281671
demo_matriz,990,67334777,8281671
demo_matriz,991,137422177040,17177636954
demo_matriz,992,67334912,8281688
demo_matriz,993,67334913,8281688
demo_matriz,994,67335048,8281705
demo_matriz,995,67335049,8281705
demo_matriz,996,67335184,8281722
demo_matriz,997,67335185,8281722
demo_matriz,998,67335320,8281739
demo_matriz,999,67335321,8281739
demo_matriz,1000,67335456,8281756
demo_matriz,1001,67335457,8281756
demo_matriz,1002,137422177040,17177636954
demo_matriz,1003,67335592,8281773
demo_matriz,1004,67335593,8281773
demo_matriz,1005,67335728,8281790
demo_matriz,1006,67335729,8281790
demo_matriz,1007,137422177040,17177636954
demo_matriz,1008,67335864,8281807
demo_matriz,1009,67335865,8281807
demo_matriz,1010,67336000,8281824
demo_matriz,1011,67336001,8281824
demo_matriz,1012,67336136,8281841
demo_matriz,1013,67336137,8281841
demo_matriz,1014,67336272,8281858
demo_matriz,1015,67336273,8281858
demo_matriz,1016,67336408,8281875
demo_matriz,1017,67336409,8281875
demo_matriz,1018,137422177040,17177636954
demo_matriz,1019,67336544,8281892
demo_matriz,1020,67336545,8281892
demo_matriz,1021,67336680,8281909
demo_matriz,1022,67336681,8281909
demo_matriz,1023,137422175712,17177636788
demo_matriz,1024,137422177054,17177636955
demo_matriz,1025,137422177055,17177636955
demo_matriz,1026,137422177056,17177636956
demo_matriz,1027,137422177057,17177636956
demo_matriz,1028,137422177058,17177636956
demo_matriz,1029,137422177059,17177636956
demo_matriz,1030,137422177060,17177636956
demo_matriz,1031,137422177061,17177636956
demo_matriz,1032,137422177054,17177636955
demo_matriz,1033,67331240,8281229
demo_matriz,1034,67331241,8281229
demo_matriz,1035,67331376,8281246
demo_matriz,1036,67331377,8281246
demo_matriz,1037,137422177054,17177636955
demo_matriz,1038,67331512,8281263
demo_matriz,1039,67331513,8281263
demo_matriz,1040,67331648,8281280
demo_matriz,1041,67331649,8281280
demo_matriz,1042,67331784,8281297
demo_matriz,1043,67331785,8281297
demo_matriz,1044,67331920,8281314
demo_matriz,1045,67331921,8281314
demo_matriz,1046,67332056,8281331
demo_matriz,1047,67332057,8281331
demo_matriz,1048,67332192,8281348
demo_matriz,1049,67332193,8281348
demo_matriz,1050,67332328,8281365
demo_matriz,1051,67332329,8281365
demo_matriz,1052,67332464,8281382
demo_matriz,1053,67332465,8281382
demo_matriz,1054,67332600,8281399
demo_matriz,1055,67332601,8281399
demo_matriz,1056,67332736,8281416
demo_matriz,1057,67332737,8281416
demo_matriz,1058,67332872,8281433
demo_matriz,1059,67332873,8281433
demo_matriz,1060,137422177054,17177636955
demo_matriz,1061,67333008,8281450
demo_matriz,1062,67333009,8281450
demo_matriz,1063,137422177054,17177636955
demo_matriz,1064,67333010,8281450
demo_matriz,1065,137422177055,17177636955
demo_matriz,1066,67333144,8281467
demo_matriz,1067,67333145,8281467
demo_matriz,1068,137422177054,17177636955
demo_matriz,1069,67333280,8281484
demo_matriz,1070,67333281,8281484
demo_matriz,1071,67333416,8281501
demo_matriz,1072,67333417,8281501
demo_matriz,1073,67333552,8281518
demo_matriz,1074,67333553,8281518
demo_matriz,1075,67333688,8281535
demo_matriz,1076,67333689,8281535
demo_matriz,1077,67333824,8281552
demo_matriz,1078,67333825,8281552
demo_matriz,1079,137422177054,17177636955
demo_matriz,1080,67333826,8281552
demo_matriz,1081,137422177055,17177636955
demo_matriz,1082,67333960,8281569
demo_matriz,1083,67333961,8281569
demo_matriz,1084,67334096,8281586
demo_matriz,1085,67334097,8281586
demo_matriz,1086,67334232,8281603
demo_matriz,1087,67334233,8281603
demo_matriz,1088,67334368,8281620
demo_matriz,1089,67334369,8281620
demo_matriz,1090,137422177054,17177636955
demo_matriz,1091,67334504,8281637
demo_matriz,1092,67334505,8281637
demo_matriz,1093,67334640,8281654
demo_matriz,1094,67334641,8281654
demo_matriz,1095,67334776,8281671
demo_matriz,1096,67334777,8281671
demo_matriz,1097,137422177054,17177636955
demo_matriz,1098,67334912,8281688
demo_matriz,1099,67334913,8281688
demo_matriz,1100,67335048,8281705
demo_matriz,1101,67335049,8281705
demo_matriz,1102,67335184,8281722
demo_matriz,1103,67335185,8281722
demo_matriz,1104,67335320,8281739
demo_matriz,1105,67335321,8281739
demo_matriz,1106,67335456,8281756
demo_matriz,1107,67335457,8281756
demo_matriz,1108,137422177054,17177636955
demo_matriz,1109,67335592,8281773
demo_matriz,1110,67335593,8281773
demo_matriz,1111,67335728,8281790
demo_matriz,1112,67335729,8281790
demo_matriz,1113,137422177054,17177636955
demo_matriz,1114,67335864,8281807
demo_matriz,1115,67335865,8281807
demo_matriz,1116,67336000,8281824
demo_matriz,1117,67336001,8281824
demo_matriz,1118,67336136,8281841
demo_matriz,1119,67336137,8281841
demo_matriz,1120,67336272,8281858
demo_matriz,1121,67336273,8281858
demo_matriz,1122,67336408,8281875
demo_matriz,1123,67336409,8281875
demo_matriz,1124,137422177054,17177636955
demo_matriz,1125,67336544,8281892
demo_matriz,1126,67336545,8281892
demo_matriz,1127,67336680,8281909
demo_matriz,1128,67336681,8281909
demo_matriz,1129,137422175720,17177636789
demo_matriz,1130,137422177074,17177636958
demo_matriz,1131,137422177075,17177636958
demo_matriz,1132,137422177076,17177636958
demo_matriz,1133,137422177077,17177636958
demo_matriz,1134,137422177078,17177636958
demo_matriz,1135,137422177079,17177636958
demo_matriz,1136,137422177080,17177636959
demo_matriz,1137,137422177081,17177636959
demo_matriz,1138,137422177082,17177636959
demo_matriz,1139,137422177083,17177636959
demo_matriz,1140,137422177084,17177636959
demo_matriz,1141,137422177085,17177636959
demo_matriz,1142,137422177086,17177636959
demo_matriz,1143,137422177087,17177636959
demo_matriz,1144,137422177088,17177636960
demo_matriz,1145,137422177089,17177636960
demo_matriz,1146,137422177090,17177636960
demo_matriz,1147,137422177091,17177636960
demo_matriz,1148,137422177074,17177636958
demo_matriz,1149,67331240,8281229
demo_matriz,1150,67331241,8281229
demo_matriz,1151,67331376,8281246
demo_matriz,1152,67331377,8281246
demo_matriz,1153,137422177074,17177636958
demo_matriz,1154,67331512,8281263
demo_matriz,1155,67331513,8281263
demo_matriz,1156,67331648,8281280
demo_matriz,1157,67331649,8281280
demo_matriz,1158,67331784,8281297
demo_matriz,1159,67331785,8281297
demo_matriz,1160,67331920,8281314
demo_matriz,1161,67331921,8281314
demo_matriz,1162,67332056,8281331
demo_matriz,1163,67332057,8281331
demo_matriz,1164,67332192,8281348
demo_matriz,1165,67332193,8281348
demo_matriz,1166,67332328,8281365
demo_matriz,1167,67332329,8281365
demo_matriz,1168,67332464,8281382
demo_matriz,1169,67332465,8281382
demo_matriz,1170,67332600,8281399
demo_matriz,1171,67332601,8281399
demo_matriz,1172,67332736,8281416
demo_matriz,1173,67332737,8281416
demo_matriz,1174,67332872,8281433
demo_matriz,1175,67332873,8281433
demo_matriz,1176,137422177074,17177636958
demo_matriz,1177,67333008,8281450
demo_matriz,1178,67333009,8281450
demo_matriz,1179,137422177074,17177636958
demo_matriz,1180,67333144,8281467
demo_matriz,1181,67333145,8281467
demo_matriz,1182,137422177074,17177636958
demo_matriz,1183,67333280,8281484
demo_matriz,1184,67333281,8281484
demo_matriz,1185,67333416,8281501
demo_matriz,1186,67333417,8281501
demo_matriz,1187,67333552,8281518
demo_matriz,1188,67333553,8281518
demo_matriz,1189,67333688,8281535
demo_matriz,1190,67333689,8281535
demo_matriz,1191,67333824,8281552
demo_matriz,1192,67333825,8281552
demo_matriz,1193,137422177074,17177636958
demo_matriz,1194,67333960,8281569
demo_matriz,1195,67333961,8281569
demo_matriz,1196,67334096,8281586
demo_matriz,1197,67334097,8281586
demo_matriz,1198,67334232,8281603
demo_matriz,1199,67334233,8281603
demo_matriz,1200,67334368,8281620
demo_matriz,1201,67334369,8281620
demo_matriz,1202,137422177074,17177636958
demo_matriz,1203,67334504,8281637
demo_matriz,1204,67334505,8281637
demo_matriz,1205,67334640,8281654
demo_matriz,1206,67334641,8281654
demo_matriz,1207,67334776,8281671
demo_matriz,1208,67334777,8281671
demo_matriz,1209,137422177074,17177636958
demo_matriz,1210,67334912,8281688
demo_matriz,1211,67334913,8281688
demo_matriz,1212,67335048,8281705
demo_matriz,1213,67335049,8281705
demo_matriz,1214,67335184,8281722
demo_matriz,1215,67335185,8281722
demo_matriz,1216,67335320,8281739
demo_matriz,1217,67335321,8281739
demo_matriz,1218,67335456,8281756
demo_matriz,1219,67335457,8281756
demo_matriz,1220,137422177074,17177636958
demo_matriz,1221,67335592,8281773
demo_matriz,1222,67335593,8281773
demo_matriz,1223,67335728,8281790
demo_matriz,1224,67335729,8281790
demo_matriz,1225,137422177074,17177636958
demo_matriz,1226,67335864,8281807
demo_matriz,1227,67335865,8281807
demo_matriz,1228,67336000,8281824
demo_matriz,1229,67336001,8281824
demo_matriz,1230,67336136,8281841
demo_matriz,1231,67336137,8281841
demo_matriz,1232,67336272,8281858
demo_matriz,1233,67336273,8281858
demo_matriz,1234,67336408,8281875
demo_matriz,1235,67336409,8281875
demo_matriz,1236,137422177074,17177636958
demo_matriz,1237,67336544,8281892
demo_matriz,1238,67336545,8281892
demo_matriz,1239,67336680,8281909
demo_matriz,1240,67336681,8281909
demo_matriz,1241,137422175728,17177636790
demo_matriz,1242,137422177277,17177636983
demo_matriz,1243,137422177278,17177636983
demo_matriz,1244,137422177279,17177636983
demo_matriz,1245,137422177280,17177636984
demo_matriz,1246,137422177281,17177636984
demo_matriz,1247,137422177282,17177636984
demo_matriz,1248,137422177283,17177636984
demo_matriz,1249,137422177284,17177636984
demo_matriz,1250,137422177285,17177636984
demo_matriz,1251,137422177277,17177636983
demo_matriz,1252,67331240,8281229
demo_matriz,1253,67331241,8281229
demo_matriz,1254,67331376,8281246
demo_matriz,1255,67331377,8281246
demo_matriz,1256,137422177277,17177636983
demo_matriz,1257,67331512,8281263
demo_matriz,1258,67331513,8281263
demo_matriz,1259,67331648,8281280
demo_matriz,1260,67331649,8281280
demo_matriz,1261,67331784,8281297
demo_matriz,1262,67331785,8281297
demo_matriz,1263,67331920,8281314
demo_matriz,1264,67331921,8281314
demo_matriz,1265,67332056,8281331
demo_matriz,1266,67332057,8281331
demo_matriz,1267,67332192,8281348
demo_matriz,1268,67332193,8281348
demo_matriz,1269,67332328,8281365
demo_matriz,1270,67332329,8281365
demo_matriz,1271,67332464,8281382
demo_matriz,1272,67332465,8281382
demo_matriz,1273,67332600,8281399
demo_matriz,1274,67332601,8281399
demo_matriz,1275,67332736,8281416
demo_matriz,1276,67332737,8281416
demo_matriz,1277,67332872,8281433
demo_matriz,1278,67332873,8281433
demo_matriz,1279,137422177277,17177636983
demo_matriz,1280,67333008,8281450
demo_matriz,1281,67333009,8281450
demo_matriz,1282,137422177277,17177636983
demo_matriz,1283,67333144,8281467
demo_matriz,1284,67333145,8281467
demo_matriz,1285,137422177277,17177636983
demo_matriz,1286,67333280,8281484
demo_matriz,1287,67333281,8281484
demo_matriz,1288,67333416,8281501
demo_matriz,1289,67333417,8281501
demo_matriz,1290,67333552,8281518
demo_matriz,1291,67333553,8281518
demo_matriz,1292,67333688,8281535
demo_matriz,1293,67333689,8281535
demo_matriz,1294,67333824,8281552
demo_matriz,1295,67333825,8281552
demo_matriz,1296,137422177277,17177636983
demo_matriz,1297,67333960,8281569
demo_matriz,1298,67333961,8281569
demo_matriz,1299,67334096,8281586
demo_matriz,1300,67334097,8281586
demo_matriz,1301,67334232,8281603
demo_matriz,1302,67334233,8281603
demo_matriz,1303,67334368,8281620
demo_matriz,1304,67334369,8281620
demo_matriz,1305,137422177277,17177636983
demo_matriz,1306,67334504,8281637
demo_matriz,1307,67334505,8281637
demo_matriz,1308,67334640,8281654
demo_matriz,1309,67334641,8281654
demo_matriz,1310,67334776,8281671
demo_matriz,1311,67334777,8281671
demo_matriz,1312,137422177277,17177636983
demo_matriz,1313,67334912,8281688
demo_matriz,1314,67334913,8281688
demo_matriz,1315,67335048,8281705
demo_matriz,1316,67335049,8281705
demo_matriz,1317,67335184,8281722
demo_matriz,1318,67335185,8281722
demo_matriz,1319,67335320,8281739
demo_matriz,1320,67335321,8281739
demo_matriz,1321,67335456,8281756
demo_matriz,1322,67335457,8281756
demo_matriz,1323,137422177277,17177636983
demo_matriz,1324,67335592,8281773
demo_matriz,1325,67335593,8281773
demo_matriz,1326,67335728,8281790
demo_matriz,1327,67335729,8281790
demo_matriz,1328,137422177277,17177636983
demo_matriz,1329,67335864,8281807
demo_matriz,1330,67335865,8281807
demo_matriz,1331,67336000,8281824
demo_matriz,1332,67336001,8281824
demo_matriz,1333,67336136,8281841
demo_matriz,1334,67336137,8281841
demo_matriz,1335,67336272,8281858
demo_matriz,1336,67336273,8281858
demo_matriz,1337,67336408,8281875
demo_matriz,1338,67336409,8281875
demo_matriz,1339,137422177277,17177636983
demo_matriz,1340,67336544,8281892
demo_matriz,1341,67336545,8281892
demo_matriz,1342,67336680,8281909
demo_matriz,1343,67336681,8281909
demo_matriz,1344,137422175736,17177636791
demo_matriz,1345,137422177292,17177636985
demo_matriz,1346,137422177293,17177636985
demo_matriz,1347,137422177294,17177636985
demo_matriz,1348,137422177295,17177636985
demo_matriz,1349,137422177296,17177636986
demo_matriz,1350,137422177297,17177636986
demo_matriz,1351,137422177298,17177636986
demo_matriz,1352,137422177299,17177636986
demo_matriz,1353,137422177300,17177636986
demo_matriz,1354,137422177301,17177636986
demo_matriz,1355,137422177302,17177636986
demo_matriz,1356,137422177303,17177636986
demo_matriz,1357,137422177304,17177636987
demo_matriz,1358,137422177305,17177636987
demo_matriz,1359,137422177306,17177636987
demo_matriz,1360,137422177307,17177636987
demo_matriz,1361,137422177308,17177636987
demo_matriz,1362,137422177309,17177636987
demo_matriz,1363,137422177310,17177636987
demo_matriz,1364,137422177311,17177636987
demo_matriz,1365,137422177312,17177636988
demo_matriz,1366,137422177313,17177636988
demo_matriz,1367,137422177314,17177636988
demo_matriz,1368,137422177315,17177636988
demo_matriz,1369,137422177316,17177636988
demo_matriz,1370,137422177317,17177636988
demo_matriz,1371,137422177318,17177636988
demo_matriz,1372,137422177319,17177636988
demo_matriz,1373,137422177320,17177636989
demo_matriz,1374,137422177321,17177636989
demo_matriz,1375,137422177322,17177636989
demo_matriz,1376,137422177292,17177636985
demo_matriz,1377,67331240,8281229
demo_matriz,1378,67331241,8281229
demo_matriz,1379,67331376,8281246
demo_matriz,1380,67331377,8281246
demo_matriz,1381,137422177292,17177636985
demo_matriz,1382,67331512,8281263
demo_matriz,1383,67331513,8281263
demo_matriz,1384,67331648,8281280
demo_matriz,1385,67331649,8281280
demo_matriz,1386,67331784,8281297
demo_matriz,1387,67331785,8281297
demo_matriz,1388,67331920,8281314
demo_matriz,1389,67331921,8281314
demo_matriz,1390,67332056,8281331
demo_matriz,1391,67332057,8281331
demo_matriz,1392,67332192,8281348
demo_matriz,1393,67332193,8281348
demo_matriz,1394,67332328,8281365
demo_matriz,1395,67332329,8281365
demo_matriz,1396,67332464,8281382
demo_matriz,1397,67332465,8281382
demo_matriz,1398,67332600,8281399
demo_matriz,1399,67332601,8281399
demo_matriz,1400,67332736,8281416
demo_matriz,1401,67332737,8281416
demo_matriz,1402,67332872,8281433
demo_matriz,1403,67332873,8281433
demo_matriz,1404,137422177292,17177636985
demo_matriz,1405,67333008,8281450
demo_matriz,1406,67333009,8281450
demo_matriz,1407,137422177292,17177636985
demo_matriz,1408,67333144,8281467
demo_matriz,1409,67333145,8281467
demo_matriz,1410,137422177292,17177636985
demo_matriz,1411,67333280,8281484
demo_matriz,1412,67333281,8281484
demo_matriz,1413,67333416,8281501
demo_matriz,1414,67333417,8281501
demo_matriz,1415,67333552,8281518
demo_matriz,1416,67333553,8281518
demo_matriz,1417,67333688,8281535
demo_matriz,1418,67333689,8281535
demo_matriz,1419,67333824,8281552
demo_matriz,1420,67333825,8281552
demo_matriz,1421,137422177292,17177636985
demo_matriz,1422,67333960,8281569
demo_matriz,1423,67333961,8281569
demo_matriz,1424,67334096,8281586
demo_matriz,1425,67334097,8281586
demo_matriz,1426,67334232,8281603
demo_matriz,1427,67334233,8281603
demo_matriz,1428,67334368,8281620
demo_matriz,1429,67334369,8281620
demo_matriz,1430,137422177292,17177636985
demo_matriz,1431,67334504,8281637
demo_matriz,1432,67334505,8281637
demo_matriz,1433,67334640,8281654
demo_matriz,1434,67334641,8281654
demo_matriz,1435,67334776,8281671
demo_matriz,1436,67334777,8281671
demo_matriz,1437,137422177292,17177636985
demo_matriz,1438,67334912,8281688
demo_matriz,1439,67334913,8281688
demo_matriz,1440,67335048,8281705
demo_matriz,1441,67335049,8281705
demo_matriz,1442,67335184,8281722
demo_matriz,1443,67335185,8281722
demo_matriz,1444,67335320,8281739
demo_matriz,1445,67335321,8281739
demo_matriz,1446,67335456,8281756
demo_matriz,1447,67335457,8281756
demo_matriz,1448,137422177292,17177636985
demo_matriz,1449,67335592,8281773
demo_matriz,1450,67335593,8281773
demo_matriz,1451,67335728,8281790
demo_matriz,1452,67335729,8281790
demo_matriz,1453,137422177292,17177636985
demo_matriz,1454,67335864,8281807
demo_matriz,1455,67335865,8281807
demo_matriz,1456,67336000,8281824
demo_matriz,1457,67336001,8281824
demo_matriz,1458,67336136,8281841
demo_matriz,1459,67336137,8281841
demo_matriz,1460,67336272,8281858
demo_matriz,1461,67336273,8281858
demo_matriz,1462,67336408,8281875
demo_matriz,1463,67336409,8281875
demo_matriz,1464,137422177292,17177636985
demo_matriz,1465,67336544,8281892
demo_matriz,1466,67336545,8281892
demo_matriz,1467,67336680,8281909
demo_matriz,1468,67336681,8281909
demo_matriz,1469,137422175744,17177636792
demo_matriz,1470,137422177328,17177636990
demo_matriz,1471,137422177329,17177636990
demo_matriz,1472,137422177330,17177636990
demo_matriz,1473,137422177331,17177636990
demo_matriz,1474,137422177332,17177636990
demo_matriz,1475,137422177333,17177636990
demo_matriz,1476,137422177334,17177636990
demo_matriz,1477,137422177335,17177636990
demo_matriz,1478,137422177336,17177636991
demo_matriz,1479,137422177337,17177636991
demo_matriz,1480,137422177338,17177636991
demo_matriz,1481,137422177339,17177636991
demo_matriz,1482,137422177340,17177636991
demo_matriz,1483,137422177341,17177636991
demo_matriz,1484,137422177342,17177636991
demo_matriz,1485,137422177343,17177636991
demo_matriz,1486,137422177344,17177636992
demo_matriz,1487,137422177328,17177636990
demo_matriz,1488,67331240,8281229
demo_matriz,1489,67331241,8281229
demo_matriz,1490,67331376,8281246
demo_matriz,1491,67331377,8281246
demo_matriz,1492,137422177328,17177636990
demo_matriz,1493,67331512,8281263
demo_matriz,1494,67331513,8281263
demo_matriz,1495,67331648,8281280
demo_matriz,1496,67331649,8281280
demo_matriz,1497,67331784,8281297
demo_matriz,1498,67331785,8281297
demo_matriz,1499,67331920,8281314
demo_matriz,1500,67331921,8281314
demo_matriz,1501,67332056,8281331
demo_matriz,1502,67332057,8281331
demo_matriz,1503,67332192,8281348
demo_matriz,1504,67332193,8281348
demo_matriz,1505,67332328,8281365
demo_matriz,1506,67332329,8281365
demo_matriz,1507,67332464,8281382
demo_matriz,1508,67332465,8281382
demo_matriz,1509,67332600,8281399
demo_matriz,1510,67332601,8281399
demo_matriz,1511,67332736,8281416
demo_matriz,1512,67332737,8281416
demo_matriz,1513,67332872,8281433
demo_matriz,1514,67332873,8281433
demo_matriz,1515,137422177328,17177636990
demo_matriz,1516,67333008,8281450
demo_matriz,1517,67333009,8281450
demo_matriz,1518,137422177328,17177636990
demo_matriz,1519,67333144,8281467
demo_matriz,1520,67333145,8281467
demo_matriz,1521,137422177328,17177636990
demo_matriz,1522,67333280,8281484
demo_matriz,1523,67333281,8281484
demo_matriz,1524,67333416,8281501
demo_matriz,1525,67333417,8281501
demo_matriz,1526,67333552,8281518
demo_matriz,1527,67333553,8281518
demo_matriz,1528,67333688,8281535
demo_matriz,1529,67333689,8281535
demo_matriz,1530,67333824,8281552
demo_matriz,1531,67333825,8281552
demo_matriz,1532,137422177328,17177636990
demo_matriz,1533,67333960,8281569
demo_matriz,1534,67333961,8281569
demo_matriz,1535,67334096,8281586
demo_matriz,1536,67334097,8281586
demo_matriz,1537,67334232,8281603
demo_matriz,1538,67334233,8281603
demo_matriz,1539,67334368,8281620
demo_matriz,1540,67334369,8281620
demo_matriz,1541,137422177328,17177636990
demo_matriz,1542,67334504,8281637
demo_matriz,1543,67334505,8281637
demo_matriz,1544,67334640,8281654
demo_matriz,1545,67334641,8281654
demo_matriz,1546,67334776,8281671
demo_matriz,1547,67334777,8281671
demo_matriz,1548,137422177328,17177636990
demo_matriz,1549,67334912,8281688
demo_matriz,1550,67334913,8281688
demo_matriz,1551,67335048,8281705
demo_matriz,1552,67335049,8281705
demo_matriz,1553,67335184,8281722
demo_matriz,1554,67335185,8281722
demo_matriz,1555,67335320,8281739
demo_matriz,1556,67335321,8281739
demo_matriz,1557,67335456,8281756
demo_matriz,1558,67335457,8281756
demo_matriz,1559,137422177328,17177636990
demo_matriz,1560,67335592,8281773
demo_matriz,1561,67335593,8281773
demo_matriz,1562,67335728,8281790
demo_matriz,1563,67335729,8281790
demo_matriz,1564,137422177328,17177636990
demo_matriz,1565,67335864,8281807
demo_matriz,1566,67335865,8281807
demo_matriz,1567,67336000,8281824
demo_matriz,1568,67336001,8281824
demo_matriz,1569,67336136,8281841
demo_matriz,1570,67336137,8281841
demo_matriz,1571,67336272,8281858
demo_matriz,1572,67336273,8281858
demo_matriz,1573,67336408,8281875
demo_matriz,1574,67336409,8281875
demo_matriz,1575,137422177328,17177636990
demo_matriz,1576,67336544,8281892
demo_matriz,1577,67336545,8281892
demo_matriz,1578,67336680,8281909
demo_matriz,1579,67336681,8281909
demo_matriz,1580,137422175752,17177636793
demo_matriz,1581,137422177349,17177636992
demo_matriz,1582,137422177350,17177636992
demo_matriz,1583,137422177351,17177636992
demo_matriz,1584,137422177352,17177636993
demo_matriz,1585,137422177353,17177636993
demo_matriz,1586,137422177354,17177636993
demo_matriz,1587,137422177349,17177636992
demo_matriz,1588,67331240,8281229
demo_matriz,1589,67331241,8281229
demo_matriz,1590,67331376,8281246
demo_matriz,1591,67331377,8281246
demo_matriz,1592,137422177349,17177636992
demo_matriz,1593,67331512,8281263
demo_matriz,1594,67331513,8281263
demo_matriz,1595,67331648,8281280
demo_matriz,1596,67331649,8281280
demo_matriz,1597,67331784,8281297
demo_matriz,1598,67331785,8281297
demo_matriz,1599,67331920,8281314
demo_matriz,1600,67331921,8281314
demo_matriz,1601,67332056,8281331
demo_matriz,1602,67332057,8281331
demo_matriz,1603,67332192,8281348
demo_matriz,1604,67332193,8281348
demo_matriz,1605,67332328,8281365
demo_matriz,1606,67332329,8281365
demo_matriz,1607,67332464,8281382
demo_matriz,1608,67332465,8281382
demo_matriz,1609,67332600,8281399
demo_matriz,1610,67332601,8281399
demo_matriz,1611,67332736,8281416
demo_matriz,1612,67332737,8281416
demo_matriz,1613,67332872,8281433
demo_matriz,1614,67332873,8281433
demo_matriz,1615,137422177349,17177636992
demo_matriz,1616,67333008,8281450
demo_matriz,1617,67333009,8281450
demo_matriz,1618,137422177349,17177636992
demo_matriz,1619,67333144,8281467
demo_matriz,1620,67333145,8281467
demo_matriz,1621,137422177349,17177636992
demo_matriz,1622,67333280,8281484
demo_matriz,1623,67333281,8281484
demo_matriz,1624,67333416,8281501
demo_matriz,1625,67333417,8281501
demo_matriz,1626,67333552,8281518
demo_matriz,1627,67333553,8281518
demo_matriz,1628,67333688,8281535
demo_matriz,1629,67333689,8281535
demo_matriz,1630,67333824,8281552
demo_matriz,1631,67333825,8281552
demo_matriz,1632,137422177349,17177636992
demo_matriz,1633,67333960,8281569
demo_matriz,1634,67333961,8281569
demo_matriz,1635,67334096,8281586
demo_matriz,1636,67334097,8281586
demo_matriz,1637,67334232,8281603
demo_matriz,1638,67334233,8281603
demo_matriz,1639,67334368,8281620
demo_matriz,1640,67334369,8281620
demo_matriz,1641,137422177349,17177636992
demo_matriz,1642,67334504,8281637
demo_matriz,1643,67334505,8281637
demo_matriz,1644,67334640,8281654
demo_matriz,1645,67334641,8281654
demo_matriz,1646,67334776,8281671
demo_matriz,1647,67334777,8281671
demo_matriz,1648,137422177349,17177636992
demo_matriz,1649,67334912,8281688
demo_matriz,1650,67334913,8281688
demo_matriz,1651,67335048,8281705
demo_matriz,1652,67335049,8281705
demo_matriz,1653,67335184,8281722
demo_matriz,1654,67335185,8281722
demo_matriz,1655,67335320,8281739
demo_matriz,1656,67335321,8281739
demo_matriz,1657,67335456,8281756
demo_matriz,1658,67335457,8281756
demo_matriz,1659,137422177349,17177636992
demo_matriz,1660,67335592,8281773
demo_matriz,1661,67335593,8281773
demo_matriz,1662,67335728,8281790
demo_matriz,1663,67335729,8281790
demo_matriz,1664,137422177349,17177636992
demo_matriz,1665,67335864,8281807
demo_matriz,1666,67335865,8281807
demo_matriz,1667,67336000,8281824
demo_matriz,1668,67336001,8281824
demo_matriz,1669,67336136,8281841
demo_matriz,1670,67336137,8281841
demo_matriz,1671,67336272,8281858
demo_matriz,1672,67336273,8281858
demo_matriz,1673,67336408,8281875
demo_matriz,1674,67336409,8281875
demo_matriz,1675,137422177349,17177636992
demo_matriz,1676,67336544,8281892
demo_matriz,1677,67336545,8281892
demo_matriz,1678,67336680,8281909
demo_matriz,1679,67336681,8281909
demo_matriz,1680,137422175760,17177636794
demo_matriz,1681,137422177357,17177636993
demo_matriz,1682,137422177358,17177636993
demo_matriz,1683,137422177359,17177636993
demo_matriz,1684,137422177360,17177636994
demo_matriz,1685,137422177361,17177636994
demo_matriz,1686,137422177362,17177636994
demo_matriz,1687,137422177363,17177636994
demo_matriz,1688,137422177364,17177636994
demo_matriz,1689,137422177365,17177636994
demo_matriz,1690,137422177366,17177636994
demo_matriz,1691,137422177367,17177636994
demo_matriz,1692,137422177368,17177636995
demo_matriz,1693,137422177369,17177636995
demo_matriz,1694,137422177370,17177636995
demo_matriz,1695,137422177371,17177636995
demo_matriz,1696,137422177372,17177636995
demo_matriz,1697,137422177357,17177636993
demo_matriz,1698,67331240,8281229
demo_matriz,1699,67331241,8281229
demo_matriz,1700,67331376,8281246
demo_matriz,1701,67331377,8281246
demo_matriz,1702,137422177357,17177636993
demo_matriz,1703,67331512,8281263
demo_matriz,1704,67331513,8281263
demo_matriz,1705,67331648,8281280
demo_matriz,1706,67331649,8281280
demo_matriz,1707,67331784,8281297
demo_matriz,1708,67331785,8281297
demo_matriz,1709,67331920,8281314
demo_matriz,1710,67331921,8281314
demo_matriz,1711,67332056,8281331
demo_matriz,1712,67332057,8281331
demo_matriz,1713,67332192,8281348
demo_matriz,1714,67332193,8281348
demo_matriz,1715,67332328,8281365
demo_matriz,1716,67332329,8281365
demo_matriz,1717,67332464,8281382
demo_matriz,1718,67332465,8281382
demo_matriz,1719,67332600,8281399
demo_matriz,1720,67332601,8281399
demo_matriz,1721,67332736,8281416
demo_matriz,1722,67332737,8281416
demo_matriz,1723,67332872,8281433
demo_matriz,1724,67332873,8281433
demo_matriz,1725,137422177357,17177636993
demo_matriz,1726,67333008,8281450
demo_matriz,1727,67333009,8281450
demo_matriz,1728,137422177357,17177636993
demo_matriz,1729,67333010,8281450
demo_matriz,1730,137422177358,17177636993
demo_matriz,1731,67333011,8281450
demo_matriz,1732,137422177359,17177636993
demo_matriz,1733,67333012,8281450
demo_matriz,1734,137422177360,17177636994
demo_matriz,1735,67333144,8281467
demo_matriz,1736,67333145,8281467
demo_matriz,1737,137422177357,17177636993
demo_matriz,1738,67333280,8281484
demo_matriz,1739,67333281,8281484
demo_matriz,1740,67333416,8281501
demo_matriz,1741,67333417,8281501
demo_matriz,1742,67333552,8281518
demo_matriz,1743,67333553,8281518
demo_matriz,1744,67333688,8281535
demo_matriz,1745,67333689,8281535
demo_matriz,1746,67333824,8281552
demo_matriz,1747,67333825,8281552
demo_matriz,1748,137422177357,17177636993
demo_matriz,1749,67333826,8281552
demo_matriz,1750,137422177358,17177636993
demo_matriz,1751,67333827,8281552
demo_matriz,1752,137422177359,17177636993
demo_matriz,1753,67333828,8281552
demo_matriz,1754,137422177360,17177636994
demo_matriz,1755,67333960,8281569
demo_matriz,1756,67333961,8281569
demo_matriz,1757,67334096,8281586
demo_matriz,1758,67334097,8281586
demo_matriz,1759,67334232,8281603
demo_matriz,1760,67334233,8281603
demo_matriz,1761,67334368,8281620
demo_matriz,1762,67334369,8281620
demo_matriz,1763,137422177357,17177636993
demo_matriz,1764,67334504,8281637
demo_matriz,1765,67334505,8281637
demo_matriz,1766,67334640,8281654
demo_matriz,1767,67334641,8281654
demo_matriz,1768,67334776,8281671
demo_matriz,1769,67334777,8281671
demo_matriz,1770,137422177357,17177636993
demo_matriz,1771,67334912,8281688
demo_matriz,1772,67334913,8281688
demo_matriz,1773,67335048,8281705
demo_matriz,1774,67335049,8281705
demo_matriz,1775,67335184,8281722
demo_matriz,1776,67335185,8281722
demo_matriz,1777,67335320,8281739
demo_matriz,1778,67335321,8281739
demo_matriz,1779,67335456,8281756
demo_matriz,1780,67335457,8281756
demo_matriz,1781,137422177357,17177636993
demo_matriz,1782,67335592,8281773
demo_matriz,1783,67335593,8281773
demo_matriz,1784,67335728,8281790
demo_matriz,1785,67335729,8281790
demo_matriz,1786,137422177357,17177636993
demo_matriz,1787,67335864,8281807
demo_matriz,1788,67335865,8281807
demo_matriz,1789,67336000,8281824
demo_matriz,1790,67336001,8281824
demo_matriz,1791,67336136,8281841
demo_matriz,1792,67336137,8281841
demo_matriz,1793,67336272,8281858
demo_matriz,1794,67336273,8281858
demo_matriz,1795,67336408,8281875
demo_matriz,1796,67336409,8281875
demo_matriz,1797,137422177357,17177636993
demo_matriz,1798,67336544,8281892
demo_matriz,1799,67336545,8281892
demo_matriz,1800,67336680,8281909
demo_matriz,1801,67336681,8281909
demo_matriz,1802,137422175768,17177636795
demo_matriz,1803,137422177388,17177636997
demo_matriz,1804,137422177389,17177636997
demo_matriz,1805,137422177390,17177636997
demo_matriz,1806,137422177391,17177636997
demo_matriz,1807,137422177392,17177636998
demo_matriz,1808,137422177388,17177636997
demo_matriz,1809,67331240,8281229
demo_matriz,1810,67331241,8281229
demo_matriz,1811,67331376,8281246
demo_matriz,1812,67331377,8281246
demo_matriz,1813,137422177388,17177636997
demo_matriz,1814,67331512,8281263
demo_matriz,1815,67331513,8281263
demo_matriz,1816,67331648,8281280
demo_matriz,1817,67331649,8281280
demo_matriz,1818,67331784,8281297
demo_matriz,1819,67331785,8281297
demo_matriz,1820,67331920,8281314
demo_matriz,1821,67331921,8281314
demo_matriz,1822,67332056,8281331
demo_matriz,1823,67332057,8281331
demo_matriz,1824,67332192,8281348
demo_matriz,1825,67332193,8281348
demo_matriz,1826,67332328,8281365
demo_matriz,1827,67332329,8281365
demo_matriz,1828,67332464,8281382
demo_matriz,1829,67332465,8281382
demo_matriz,1830,67332600,8281399
demo_matriz,1831,67332601,8281399
demo_matriz,1832,67332736,8281416
demo_matriz,1833,67332737,8281416
demo_matriz,1834,67332872,8281433
demo_matriz,1835,67332873,8281433
demo_matriz,1836,137422177388,17177636997
demo_matriz,1837,67333008,8281450
demo_matriz,1838,67333009,8281450
demo_matriz,1839,137422177388,17177636997
demo_matriz,1840,67333144,8281467
demo_matriz,1841,67333145,8281467
demo_matriz,1842,137422177388,17177636997
demo_matriz,1843,67333280,8281484
demo_matriz,1844,67333281,8281484
demo_matriz,1845,67333416,8281501
demo_matriz,1846,67333417,8281501
demo_matriz,1847,67333552,8281518
demo_matriz,1848,67333553,8281518
demo_matriz,1849,67333688,8281535
demo_matriz,1850,67333689,8281535
demo_matriz,1851,67333824,8281552
demo_matriz,1852,67333825,8281552
demo_matriz,1853,137422177388,17177636997
demo_matriz,1854,67333960,8281569
demo_matriz,1855,67333961,8281569
demo_matriz,1856,67334096,8281586
demo_matriz,1857,67334097,8281586
demo_matriz,1858,67334232,8281603
demo_matriz,1859,67334233,8281603
demo_matriz,1860,67334368,8281620
demo_matriz,1861,67334369,8281620
demo_matriz,1862,137422177388,17177636997
demo_matriz,1863,67334504,8281637
demo_matriz,1864,67334505,8281637
demo_matriz,1865,67334640,8281654
demo_matriz,1866,67334641,8281654
demo_matriz,1867,67334776,8281671
demo_matriz,1868,67334777,8281671
demo_matriz,1869,137422177388,17177636997
demo_matriz,1870,67334912,8281688
demo_matriz,1871,67334913,8281688
demo_matriz,1872,67335048,8281705
demo_matriz,1873,67335049,8281705
demo_matriz,1874,67335184,8281722
demo_matriz,1875,67335185,8281722
demo_matriz,1876,67335320,8281739
demo_matriz,1877,67335321,8281739
demo_matriz,1878,67335456,8281756
demo_matriz,1879,67335457,8281756
demo_matriz,1880,137422177388,17177636997
demo_matriz,1881,67335592,8281773
demo_matriz,1882,67335593,8281773
demo_matriz,1883,67335728,8281790
demo_matriz,1884,67335729,8281790
demo_matriz,1885,137422177388,17177636997
demo_matriz,1886,67335864,8281807
demo_matriz,1887,67335865,8281807
demo_matriz,1888,67336000,8281824
demo_matriz,1889,67336001,8281824
demo_matriz,1890,67336136,8281841
demo_matriz,1891,67336137,8281841
demo_matriz,1892,67336272,8281858
demo_matriz,1893,67336273,8281858
demo_matriz,1894,67336408,8281875
demo_matriz,1895,67336409,8281875
demo_matriz,1896,137422177388,17177636997
demo_matriz,1897,67336544,8281892
demo_matriz,1898,67336545,8281892
demo_matriz,1899,67336680,8281909
demo_matriz,1900,67336681,8281909
demo_matriz,1901,137422175776,17177636796
demo_matriz,1902,137422177408,17177637000
demo_matriz,1903,137422177409,17177637000
demo_matriz,1904,137422177410,17177637000
demo_matriz,1905,137422177411,17177637000
demo_matriz,1906,137422177412,17177637000
demo_matriz,1907,137422177413,17177637000
demo_matriz,1908,137422177414,17177637000
demo_matriz,1909,137422177415,17177637000
demo_matriz,1910,137422177416,17177637001
demo_matriz,1911,137422177417,17177637001
demo_matriz,1912,137422177418,17177637001
demo_matriz,1913,137422177419,17177637001
demo_matriz,1914,137422177420,17177637001
demo_matriz,1915,137422177421,17177637001
demo_matriz,1916,137422177422,17177637001
demo_matriz,1917,137422177408,17177637000
demo_matriz,1918,67331240,8281229
demo_matriz,1919,67331241,8281229
demo_matriz,1920,67331376,8281246
demo_matriz,1921,67331377,8281246
demo_matriz,1922,137422177408,17177637000
demo_matriz,1923,67331512,8281263
demo_matriz,1924,67331513,8281263
demo_matriz,1925,67331648,8281280
demo_matriz,1926,67331649,8281280
demo_matriz,1927,67331784,8281297
demo_matriz,1928,67331785,8281297
demo_matriz,1929,67331920,8281314
demo_matriz,1930,67331921,8281314
demo_matriz,1931,67332056,8281331
demo_matriz,1932,67332057,8281331
demo_matriz,1933,67332192,8281348
demo_matriz,1934,67332193,8281348
demo_matriz,1935,67332328,8281365
demo_matriz,1936,67332329,8281365
demo_matriz,1937,67332464,8281382
demo_matriz,1938,67332465,8281382
demo_matriz,1939,67332600,8281399
demo_matriz,1940,67332601,8281399
demo_matriz,1941,67332736,8281416
demo_matriz,1942,67332737,8281416
demo_matriz,1943,67332872,8281433
demo_matriz,1944,67332873,8281433
demo_matriz,1945,137422177408,17177637000
demo_matriz,1946,67333008,8281450
demo_matriz,1947,67333009,8281450
demo_matriz,1948,137422177408,17177637000
demo_matriz,1949,67333144,8281467
demo_matriz,1950,67333145,8281467
demo_matriz,1951,137422177408,17177637000
demo_matriz,1952,67333280,8281484
demo_matriz,1953,67333281,8281484
demo_matriz,1954,67333416,8281501
demo_matriz,1955,67333417,8281501
demo_matriz,1956,67333552,8281518
demo_matriz,1957,67333553,8281518
demo_matriz,1958,67333688,8281535
demo_matriz,1959,67333689,8281535
demo_matriz,1960,67333824,8281552
demo_matriz,1961,67333825,8281552
demo_matriz,1962,137422177408,17177637000
demo_matriz,1963,67333960,8281569
demo_matriz,1964,67333961,8281569
demo_matriz,1965,67334096,8281586
demo_matriz,1966,67334097,8281586
demo_matriz,1967,67334232,8281603
demo_matriz,1968,67334233,8281603
demo_matriz,1969,67334368,8281620
demo_matriz,1970,67334369,8281620
demo_matriz,1971,137422177408,17177637000
demo_matriz,1972,67334504,8281637
demo_matriz,1973,67334505,8281637
demo_matriz,1974,67334640,8281654
demo_matriz,1975,67334641,8281654
demo_matriz,1976,67334776,8281671
demo_matriz,1977,67334777,8281671
demo_matriz,1978,137422177408,17177637000
demo_matriz,1979,67334912,8281688
demo_matriz,1980,67334913,8281688
demo_matriz,1981,67335048,8281705
demo_matriz,1982,67335049,8281705
demo_matriz,1983,67335184,8281722
demo_matriz,1984,67335185,8281722
demo_matriz,1985,67335320,8281739
demo_matriz,1986,67335321,8281739
demo_matriz,1987,67335456,8281756
demo_matriz,1988,67335457,8281756
demo_matriz,1989,137422177408,17177637000
demo_matriz,1990,67335592,8281773
demo_matriz,1991,67335593,8281773
demo_matriz,1992,67335728,8281790
demo_matriz,1993,67335729,8281790
demo_matriz,1994,137422177408,17177637000
demo_matriz,1995,67335864,8281807
demo_matriz,1996,67335865,8281807
demo_matriz,1997,67336000,8281824
demo_matriz,1998,67336001,8281824
demo_matriz,1999,67336136,8281841
demo_matriz,2000,67336137,8281841
demo_matriz,2001,67336272,8281858
demo_matriz,2002,67336273,8281858
demo_matriz,2003,67336408,8281875
demo_matriz,2004,67336409,8281875
demo_matriz,2005,137422177408,17177637000
demo_matriz,2006,67336544,8281892
demo_matriz,2007,67336545,8281892
demo_matriz,2008,67336680,8281909
demo_matriz,2009,67336681,8281909
demo_matriz,2010,137422175784,17177636797
demo_matriz,2011,137422177438,17177637003
demo_matriz,2012,137422177439,17177637003
demo_matriz,2013,137422177440,17177637004
demo_matriz,2014,137422177441,17177637004
demo_matriz,2015,137422177442,17177637004
demo_matriz,2016,137422177443,17177637004
demo_matriz,2017,137422177444,17177637004
demo_matriz,2018,137422177438,17177637003
demo_matriz,2019,67331240,8281229
demo_matriz,2020,67331241,8281229
demo_matriz,2021,67331376,8281246
demo_matriz,2022,67331377,8281246
demo_matriz,2023,137422177438,17177637003
demo_matriz,2024,67331512,8281263
demo_matriz,2025,67331513,8281263
demo_matriz,2026,67331648,8281280
demo_matriz,2027,67331649,8281280
demo_matriz,2028,67331784,8281297
demo_matriz,2029,67331785,8281297
demo_matriz,2030,67331920,8281314
demo_matriz,2031,67331921,8281314
demo_matriz,2032,67332056,8281331
demo_matriz,2033,67332057,8281331
demo_matriz,2034,67332192,8281348
demo_matriz,2035,67332193,8281348
demo_matriz,2036,67332328,8281365
demo_matriz,2037,67332329,8281365
demo_matriz,2038,67332464,8281382
demo_matriz,2039,67332465,8281382
demo_matriz,2040,67332600,8281399
demo_matriz,2041,67332601,8281399
demo_matriz,2042,67332736,8281416
demo_matriz,2043,67332737,8281416
demo_matriz,2044,67332872,8281433
demo_matriz,2045,67332873,8281433
demo_matriz,2046,137422177438,17177637003
demo_matriz,2047,67333008,8281450
demo_matriz,2048,67333009,8281450
demo_matriz,2049,137422177438,17177637003
demo_matriz,2050,67333144,8281467
demo_matriz,2051,67333145,8281467
demo_matriz,2052,137422177438,17177637003
demo_matriz,2053,67333280,8281484
demo_matriz,2054,67333281,8281484
demo_matriz,2055,67333416,8281501
demo_matriz,2056,67333417,8281501
demo_matriz,2057,67333552,8281518
demo_matriz,2058,67333553,8281518
demo_matriz,2059,67333688,8281535
demo_matriz,2060,67333689,8281535
demo_matriz,2061,67333824,8281552
demo_matriz,2062,67333825,8281552
demo_matriz,2063,137422177438,17177637003
demo_matriz,2064,67333960,8281569
demo_matriz,2065,67333961,8281569
demo_matriz,2066,67334096,8281586
demo_matriz,2067,67334097,8281586
demo_matriz,2068,67334232,8281603
demo_matriz,2069,67334233,8281603
demo_matriz,2070,67334368,8281620
demo_matriz,2071,67334369,8281620
demo_matriz,2072,137422177438,17177637003
demo_matriz,2073,67334504,8281637
demo_matriz,2074,67334505,8281637
demo_matriz,2075,67334640,8281654
demo_matriz,2076,67334641,8281654
demo_matriz,2077,67334776,8281671
demo_matriz,2078,67334777,8281671
demo_matriz,2079,137422177438,17177637003
demo_matriz,2080,67334912,8281688
demo_matriz,2081,67334913,8281688
demo_matriz,2082,67335048,8281705
demo_matriz,2083,67335049,8281705
demo_matriz,2084,67335184,8281722
demo_matriz,2085,67335185,8281722
demo_matriz,2086,67335320,8281739
demo_matriz,2087,67335321,8281739
demo_matriz,2088,67335456,8281756
demo_matriz,2089,67335457,8281756
demo_matriz,2090,137422177438,17177637003
demo_matriz,2091,67335592,8281773
demo_matriz,2092,67335593,8281773
demo_matriz,2093,67335728,8281790
demo_matriz,2094,67335729,8281790
demo_matriz,2095,137422177438,17177637003
demo_matriz,2096,67335864,8281807
demo_matriz,2097,67335865,8281807
demo_matriz,2098,67336000,8281824
demo_matriz,2099,67336001,8281824
demo_matriz,2100,67336136,8281841
demo_matriz,2101,67336137,8281841
demo_matriz,2102,67336272,8281858
demo_matriz,2103,67336273,8281858
demo_matriz,2104,67336408,8281875
demo_matriz,2105,67336409,8281875
demo_matriz,2106,137422177438,17177637003
demo_matriz,2107,67336544,8281892
demo_matriz,2108,67336545,8281892
demo_matriz,2109,67336680,8281909
demo_matriz,2110,67336681,8281909
demo_matriz,2111,137422175792,17177636798
demo_matriz,2112,137422177482,17177637009
demo_matriz,2113,137422177483,17177637009
demo_matriz,2114,137422177484,17177637009
demo_matriz,2115,137422177485,17177637009
demo_matriz,2116,137422177486,17177637009
demo_matriz,2117,137422177487,17177637009
demo_matriz,2118,137422177488,17177637010
demo_matriz,2119,137422177489,17177637010
demo_matriz,2120,137422177490,17177637010
demo_matriz,2121,137422177491,17177637010
demo_matriz,2122,137422177492,17177637010
demo_matriz,2123,137422177493,17177637010
demo_matriz,2124,137422177494,17177637010
demo_matriz,2125,137422177495,17177637010
demo_matriz,2126,137422177496,17177637011
demo_matriz,2127,137422177497,17177637011
demo_matriz,2128,137422177482,17177637009
demo_matriz,2129,67331240,8281229
demo_matriz,2130,67331241,8281229
demo_matriz,2131,67331376,8281246
demo_matriz,2132,67331377,8281246
demo_matriz,2133,137422177482,17177637009
demo_matriz,2134,67331512,8281263
demo_matriz,2135,67331513,8281263
demo_matriz,2136,67331648,8281280
demo_matriz,2137,67331649,8281280
demo_matriz,2138,67331784,8281297
demo_matriz,2139,67331785,8281297
demo_matriz,2140,67331920,8281314
demo_matriz,2141,67331921,8281314
demo_matriz,2142,67332056,8281331
demo_matriz,2143,67332057,8281331
demo_matriz,2144,67332192,8281348
demo_matriz,2145,67332193,8281348
demo_matriz,2146,67332328,8281365
demo_matriz,2147,67332329,8281365
demo_matriz,2148,67332464,8281382
demo_matriz,2149,67332465,8281382
demo_matriz,2150,67332600,8281399
demo_matriz,2151,67332601,8281399
demo_matriz,2152,67332736,8281416
demo_matriz,2153,67332737,8281416
demo_matriz,2154,67332872,8281433
demo_matriz,2155,67332873,8281433
demo_matriz,2156,137422177482,17177637009
demo_matriz,2157,67333008,8281450
demo_matriz,2158,67333009,8281450
demo_matriz,2159,137422177482,17177637009
demo_matriz,2160,67333144,8281467
demo_matriz,2161,67333145,8281467
demo_matriz,2162,137422177482,17177637009
demo_matriz,2163,67333280,8281484
demo_matriz,2164,67333281,8281484
demo_matriz,2165,67333416,8281501
demo_matriz,2166,67333417,8281501
demo_matriz,2167,67333552,8281518
demo_matriz,2168,67333553,8281518
demo_matriz,2169,67333688,8281535
demo_matriz,2170,67333689,8281535
demo_matriz,2171,67333824,8281552
demo_matriz,2172,67333825,8281552
demo_matriz,2173,137422177482,17177637009
demo_matriz,2174,67333960,8281569
demo_matriz,2175,67333961,8281569
demo_matriz,2176,67334096,8281586
demo_matriz,2177,67334097,8281586
demo_matriz,2178,67334232,8281603
demo_matriz,2179,67334233,8281603
demo_matriz,2180,67334368,8281620
demo_matriz,2181,67334369,8281620
demo_matriz,2182,137422177482,17177637009
demo_matriz,2183,67334504,8281637
demo_matriz,2184,67334505,8281637
demo_matriz,2185,67334640,8281654
demo_matriz,2186,67334641,8281654
demo_matriz,2187,67334776,8281671
demo_matriz,2188,67334777,8281671
demo_matriz,2189,137422177482,17177637009
demo_matriz,2190,67334912,8281688
demo_matriz,2191,67334913,8281688
demo_matriz,2192,67335048,8281705
demo_matriz,2193,67335049,8281705
demo_matriz,2194,67335184,8281722
demo_matriz,2195,67335185,8281722
demo_matriz,2196,67335320,8281739
demo_matriz,2197,67335321,8281739
demo_matriz,2198,67335456,8281756
demo_matriz,2199,67335457,8281756
demo_matriz,2200,137422177482,17177637009
demo_matriz,2201,67335592,8281773
demo_matriz,2202,67335593,8281773
demo_matriz,2203,67335728,8281790
demo_matriz,2204,67335729,8281790
demo_matriz,2205,137422177482,17177637009
demo_matriz,2206,67335864,8281807
demo_matriz,2207,67335865,8281807
demo_matriz,2208,67336000,8281824
demo_matriz,2209,67336001,8281824
demo_matriz,2210,67336136,8281841
demo_matriz,2211,67336137,8281841
demo_matriz,2212,67336272,8281858
demo_matriz,2213,67336273,8281858
demo_matriz,2214,67336408,8281875
demo_matriz,2215,67336409,8281875
demo_matriz,2216,137422177482,17177637009
demo_matriz,2217,67336544,8281892
demo_matriz,2218,67336545,8281892
demo_matriz,2219,67336680,8281909
demo_matriz,2220,67336681,8281909
demo_matriz,2221,137422175800,17177636799
demo_matriz,2222,137422177507,17177637012
demo_matriz,2223,137422177508,17177637012
demo_matriz,2224,137422177509,17177637012
demo_matriz,2225,137422177510,17177637012
demo_matriz,2226,137422177511,17177637012
demo_matriz,2227,137422177512,17177637013
demo_matriz,2228,137422177513,17177637013
demo_matriz,2229,137422177514,17177637013
demo_matriz,2230,137422177507,17177637012
demo_matriz,2231,67331240,8281229
demo_matriz,2232,67331241,8281229
demo_matriz,2233,67331376,8281246
demo_matriz,2234,67331377,8281246
demo_matriz,2235,137422177507,17177637012
demo_matriz,2236,67331512,8281263
demo_matriz,2237,67331513,8281263
demo_matriz,2238,67331648,8281280
demo_matriz,2239,67331649,8281280
demo_matriz,2240,67331784,8281297
demo_matriz,2241,67331785,8281297
demo_matriz,2242,67331920,8281314
demo_matriz,2243,67331921,8281314
demo_matriz,2244,67332056,8281331
demo_matriz,2245,67332057,8281331
demo_matriz,2246,67332192,8281348
demo_matriz,2247,67332193,8281348
demo_matriz,2248,67332328,8281365
demo_matriz,2249,67332329,8281365
demo_matriz,2250,67332464,8281382
demo_matriz,2251,67332465,8281382
demo_matriz,2252,67332600,8281399
demo_matriz,2253,67332601,8281399
demo_matriz,2254,67332736,8281416
demo_matriz,2255,67332737,8281416
demo_matriz,2256,67332872,8281433
demo_matriz,2257,67332873,8281433
demo_matriz,2258,137422177507,17177637012
demo_matriz,2259,67333008,8281450
demo_matriz,2260,67333009,8281450
demo_matriz,2261,137422177507,17177637012
demo_matriz,2262,67333144,8281467
demo_matriz,2263,67333145,8281467
demo_matriz,2264,137422177507,17177637012
demo_matriz,2265,67333280,8281484
demo_matriz,2266,67333281,8281484
demo_matriz,2267,67333416,8281501
demo_matriz,2268,67333417,8281501
demo_matriz,2269,67333552,8281518
demo_matriz,2270,67333553,8281518
demo_matriz,2271,67333688,8281535
demo_matriz,2272,67333689,8281535
demo_matriz,2273,67333824,8281552
demo_matriz,2274,67333825,8281552
demo_matriz,2275,137422177507,17177637012
demo_matriz,2276,67333960,8281569
demo_matriz,2277,67333961,8281569
demo_matriz,2278,67334096,8281586
demo_matriz,2279,67334097,8281586
demo_matriz,2280,67334232,8281603
demo_matriz,2281,67334233,8281603
demo_matriz,2282,67334368,8281620
demo_matriz,2283,67334369,8281620
demo_matriz,2284,137422177507,17177637012
demo_matriz,2285,67334504,8281637
demo_matriz,2286,67334505,8281637
demo_matriz,2287,67334640,8281654
demo_matriz,2288,67334641,8281654
demo_matriz,2289,67334776,8281671
demo_matriz,2290,67334777,8281671
demo_matriz,2291,137422177507,17177637012
demo_matriz,2292,67334912,8281688
demo_matriz,2293,67334913,8281688
demo_matriz,2294,67335048,8281705
demo_matriz,2295,67335049,8281705
demo_matriz,2296,67335184,8281722
demo_matriz,2297,67335185,8281722
demo_matriz,2298,67335320,8281739
demo_matriz,2299,67335321,8281739
demo_matriz,2300,67335456,8281756
demo_matriz,2301,67335457,8281756
demo_matriz,2302,137422177507,17177637012
demo_matriz,2303,67335592,8281773
demo_matriz,2304,67335593,8281773
demo_matriz,2305,67335728,8281790
demo_matriz,2306,67335729,8281790
demo_matriz,2307,137422177507,17177637012
demo_matriz,2308,67335864,8281807
demo_matriz,2309,67335865,8281807
demo_matriz,2310,67336000,8281824
demo_matriz,2311,67336001,8281824
demo_matriz,2312,67336136,8281841
demo_matriz,2313,67336137,8281841
demo_matriz,2314,67336272,8281858
demo_matriz,2315,67336273,8281858
demo_matriz,2316,67336408,8281875
demo_matriz,2317,67336409,8281875
demo_matriz,2318,137422177507,17177637012
demo_matriz,2319,67336544,8281892
demo_matriz,2320,67336545,8281892
demo_matriz,2321,67336680,8281909
demo_matriz,2322,67336681,8281909
demo_matriz,2323,137422175808,17177636800
demo_matriz,2324,137422177562,17177637019
demo_matriz,2325,137422177563,17177637019
demo_matriz,2326,137422177564,17177637019
demo_matriz,2327,137422177565,17177637019
demo_matriz,2328,137422177566,17177637019
demo_matriz,2329,137422177567,17177637019
demo_matriz,2330,137422177568,17177637020
demo_matriz,2331,137422177569,17177637020
demo_matriz,2332,137422177562,17177637019
demo_matriz,2333,67331240,8281229
demo_matriz,2334,67331241,8281229
demo_matriz,2335,67331376,8281246
demo_matriz,2336,67331377,8281246
demo_matriz,2337,137422177562,17177637019
demo_matriz,2338,67331512,8281263
demo_matriz,2339,67331513,8281263
demo_matriz,2340,67331648,8281280
demo_matriz,2341,67331649,8281280
demo_matriz,2342,67331784,8281297
demo_matriz,2343,67331785,8281297
demo_matriz,2344,67331920,8281314
demo_matriz,2345,67331921,8281314
demo_matriz,2346,67332056,8281331
demo_matriz,2347,67332057,8281331
demo_matriz,2348,67332192,8281348
demo_matriz,2349,67332193,8281348
demo_matriz,2350,67332328,8281365
demo_matriz,2351,67332329,8281365
demo_matriz,2352,67332464,8281382
demo_matriz,2353,67332465,8281382
demo_matriz,2354,67332600,8281399
demo_matriz,2355,67332601,8281399
demo_matriz,2356,67332736,8281416
demo_matriz,2357,67332737,8281416
demo_matriz,2358,67332872,8281433
demo_matriz,2359,67332873,8281433
demo_matriz,2360,137422177562,17177637019
demo_matriz,2361,67333008,8281450
demo_matriz,2362,67333009,8281450
demo_matriz,2363,137422177562,17177637019
demo_matriz,2364,67333144,8281467
demo_matriz,2365,67333145,8281467
demo_matriz,2366,137422177562,17177637019
demo_matriz,2367,67333280,8281484
demo_matriz,2368,67333281,8281484
demo_matriz,2369,67333416,8281501
demo_matriz,2370,67333417,8281501
demo_matriz,2371,67333552,8281518
demo_matriz,2372,67333553,8281518
demo_matriz,2373,67333688,8281535
demo_matriz,2374,67333689,8281535
demo_matriz,2375,67333824,8281552
demo_matriz,2376,67333825,8281552
demo_matriz,2377,137422177562,17177637019
demo_matriz,2378,67333960,8281569
demo_matriz,2379,67333961,8281569
demo_matriz,2380,67334096,8281586
demo_matriz,2381,67334097,8281586
demo_matriz,2382,67334232,8281603
demo_matriz,2383,67334233,8281603
demo_matriz,2384,67334368,8281620
demo_matriz,2385,67334369,8281620
demo_matriz,2386,137422177562,17177637019
demo_matriz,2387,67334504,8281637
demo_matriz,2388,67334505,8281637
demo_matriz,2389,67334640,8281654
demo_matriz,2390,67334641,8281654
demo_matriz,2391,67334776,8281671
demo_matriz,2392,67334777,8281671
demo_matriz,2393,137422177562,17177637019
demo_matriz,2394,67334912,8281688
demo_matriz,2395,67334913,8281688
demo_matriz,2396,67335048,8281705
demo_matriz,2397,67335049,8281705
demo_matriz,2398,67335184,8281722
demo_matriz,2399,67335185,8281722
demo_matriz,2400,67335320,8281739
demo_matriz,2401,67335321,8281739
demo_matriz,2402,67335456,8281756
demo_matriz,2403,67335457,8281756
demo_matriz,2404,137422177562,17177637019
demo_matriz,2405,67335592,8281773
demo_matriz,2406,67335593,8281773
demo_matriz,2407,67335728,8281790
demo_matriz,2408,67335729,8281790
demo_matriz,2409,137422177562,17177637019
demo_matriz,2410,67335864,8281807
demo_matriz,2411,67335865,8281807
demo_matriz,2412,67336000,8281824
demo_matriz,2413,67336001,8281824
demo_matriz,2414,67336136,8281841
demo_matriz,2415,67336137,8281841
demo_matriz,2416,67336272,8281858
demo_matriz,2417,67336273,8281858
demo_matriz,2418,67336408,8281875
demo_matriz,2419,67336409,8281875
demo_matriz,2420,137422177562,17177637019
demo_matriz,2421,67336544,8281892
demo_matriz,2422,67336545,8281892
demo_matriz,2423,67336680,8281909
demo_matriz,2424,67336681,8281909
demo_matriz,2425,137422175816,17177636801
demo_matriz,2426,137422177626,17177637027
demo_matriz,2427,137422177627,17177637027
demo_matriz,2428,137422177628,17177637027
demo_matriz,2429,137422177629,17177637027
demo_matriz,2430,137422177630,17177637027
demo_matriz,2431,137422177631,17177637027
demo_matriz,2432,137422177632,17177637028
demo_matriz,2433,137422177633,17177637028
demo_matriz,2434,137422177634,17177637028
demo_matriz,2435,137422177635,17177637028
demo_matriz,2436,137422177636,17177637028
demo_matriz,2437,137422177637,17177637028
demo_matriz,2438,137422177638,17177637028
demo_matriz,2439,137422177639,17177637028
demo_matriz,2440,137422177640,17177637029
demo_matriz,2441,137422177641,17177637029
demo_matriz,2442,137422177626,17177637027
demo_matriz,2443,67331240,8281229
demo_matriz,2444,67331241,8281229
demo_matriz,2445,67331376,8281246
demo_matriz,2446,67331377,8281246
demo_matriz,2447,137422177626,17177637027
demo_matriz,2448,67331512,8281263
demo_matriz,2449,67331513,8281263
demo_matriz,2450,67331648,8281280
demo_matriz,2451,67331649,8281280
demo_matriz,2452,67331784,8281297
demo_matriz,2453,67331785,8281297
demo_matriz,2454,67331920,8281314
demo_matriz,2455,67331921,8281314
demo_matriz,2456,67332056,8281331
demo_matriz,2457,67332057,8281331
demo_matriz,2458,67332192,8281348
demo_matriz,2459,67332193,8281348
demo_matriz,2460,67332328,8281365
demo_matriz,2461,67332329,8281365
demo_matriz,2462,67332464,8281382
demo_matriz,2463,67332465,8281382
demo_matriz,2464,67332600,8281399
demo_matriz,2465,67332601,8281399
demo_matriz,2466,67332736,8281416
demo_matriz,2467,67332737,8281416
demo_matriz,2468,67332872,8281433
demo_matriz,2469,67332873,8281433
demo_matriz,2470,137422177626,17177637027
demo_matriz,2471,67333008,8281450
demo_matriz,2472,67333009,8281450
demo_matriz,2473,137422177626,17177637027
demo_matriz,2474,67333144,8281467
demo_matriz,2475,67333145,8281467
demo_matriz,2476,137422177626,17177637027
demo_matriz,2477,67333280,8281484
demo_matriz,2478,67333281,8281484
demo_matriz,2479,67333416,8281501
demo_matriz,2480,67333417,8281501
demo_matriz,2481,67333552,8281518
demo_matriz,2482,67333553,8281518
demo_matriz,2483,67333688,8281535
demo_matriz,2484,67333689,8281535
demo_matriz,2485,67333824,8281552
demo_matriz,2486,67333825,8281552
demo_matriz,2487,137422177626,17177637027
demo_matriz,2488,67333960,8281569
demo_matriz,2489,67333961,8281569
demo_matriz,2490,67334096,8281586
demo_matriz,2491,67334097,8281586
demo_matriz,2492,67334232,8281603
demo_matriz,2493,67334233,8281603
demo_matriz,2494,67334368,8281620
demo_matriz,2495,67334369,8281620
demo_matriz,2496,137422177626,17177637027
demo_matriz,2497,67334504,8281637
demo_matriz,2498,67334505,8281637
demo_matriz,2499,67334640,8281654
demo_matriz,2500,67334641,8281654
demo_matriz,2501,67334776,8281671
demo_matriz,2502,67334777,8281671
demo_matriz,2503,137422177626,17177637027
demo_matriz,2504,67334912,8281688
demo_matriz,2505,67334913,8281688
demo_matriz,2506,67335048,8281705
demo_matriz,2507,67335049,8281705
demo_matriz,2508,67335184,8281722
demo_matriz,2509,67335185,8281722
demo_matriz,2510,67335320,8281739
demo_matriz,2511,67335321,8281739
demo_matriz,2512,67335456,8281756
demo_matriz,2513,67335457,8281756
demo_matriz,2514,137422177626,17177637027
demo_matriz,2515,67335592,8281773
demo_matriz,2516,67335593,8281773
demo_matriz,2517,67335728,8281790
demo_matriz,2518,67335729,8281790
demo_matriz,2519,137422177626,17177637027
demo_matriz,2520,67335864,8281807
demo_matriz,2521,67335865,8281807
demo_matriz,2522,67336000,8281824
demo_matriz,2523,67336001,8281824
demo_matriz,2524,67336136,8281841
demo_matriz,2525,67336137,8281841
demo_matriz,2526,67336272,8281858
demo_matriz,2527,67336273,8281858
demo_matriz,2528,67336408,8281875
demo_matriz,2529,67336409,8281875
demo_matriz,2530,137422177626,17177637027
demo_matriz,2531,67336544,8281892
demo_matriz,2532,67336545,8281892
demo_matriz,2533,67336680,8281909
demo_matriz,2534,67336681,8281909
demo_matriz,2535,137422175824,17177636802
demo_matriz,2536,137422177688,17177637035
demo_matriz,2537,137422177689,17177637035
demo_matriz,2538,137422177690,17177637035
demo_matriz,2539,137422177691,17177637035
demo_matriz,2540,137422177692,17177637035
demo_matriz,2541,137422177693,17177637035
demo_matriz,2542,137422177694,17177637035
demo_matriz,2543,137422177695,17177637035
demo_matriz,2544,137422177696,17177637036
demo_matriz,2545,137422177697,17177637036
demo_matriz,2546,137422177698,17177637036
demo_matriz,2547,137422177699,17177637036
demo_matriz,2548,137422177700,17177637036
demo_matriz,2549,137422177701,17177637036
demo_matriz,2550,137422177702,17177637036
demo_matriz,2551,137422177703,17177637036
demo_matriz,2552,137422177704,17177637037
demo_matriz,2553,137422177705,17177637037
demo_matriz,2554,137422177706,17177637037
demo_matriz,2555,137422177707,17177637037
demo_matriz,2556,137422177708,17177637037
demo_matriz,2557,137422177709,17177637037
demo_matriz,2558,137422177710,17177637037
demo_matriz,2559,137422177711,17177637037
demo_matriz,2560,137422177712,17177637038
demo_matriz,2561,137422177713,17177637038
demo_matriz,2562,137422177688,17177637035
demo_matriz,2563,67298051,8277080
demo_matriz,2564,137422177689,17177637035
demo_matriz,2565,67331240,8281229
demo_matriz,2566,67331241,8281229
demo_matriz,2567,67331376,8281246
demo_matriz,2568,67331377,8281246
demo_matriz,2569,137422177688,17177637035
demo_matriz,2570,67331512,8281263
demo_matriz,2571,67331513,8281263
demo_matriz,2572,67331648,8281280
demo_matriz,2573,67331649,8281280
demo_matriz,2574,67331784,8281297
demo_matriz,2575,67331785,8281297
demo_matriz,2576,67331920,8281314
demo_matriz,2577,67331921,8281314
demo_matriz,2578,67332056,8281331
demo_matriz,2579,67332057,8281331
demo_matriz,2580,67332192,8281348
demo_matriz,2581,67332193,8281348
demo_matriz,2582,67332328,8281365
demo_matriz,2583,67332329,8281365
demo_matriz,2584,67332464,8281382
demo_matriz,2585,67332465,8281382
demo_matriz,2586,67332600,8281399
demo_matriz,2587,67332601,8281399
demo_matriz,2588,67332736,8281416
demo_matriz,2589,67332737,8281416
demo_matriz,2590,67332872,8281433
demo_matriz,2591,67332873,8281433
demo_matriz,2592,137422177688,17177637035
demo_matriz,2593,67333008,8281450
demo_matriz,2594,67333009,8281450
demo_matriz,2595,137422177688,17177637035
demo_matriz,2596,67333144,8281467
demo_matriz,2597,67333145,8281467
demo_matriz,2598,137422177688,17177637035
demo_matriz,2599,67333280,8281484
demo_matriz,2600,67333281,8281484
demo_matriz,2601,67333416,8281501
demo_matriz,2602,67333417,8281501
demo_matriz,2603,67333552,8281518
demo_matriz,2604,67333553,8281518
demo_matriz,2605,67333688,8281535
demo_matriz,2606,67333689,8281535
demo_matriz,2607,67333824,8281552
demo_matriz,2608,67333825,8281552
demo_matriz,2609,137422177688,17177637035
demo_matriz,2610,67333960,8281569
demo_matriz,2611,67333961,8281569
demo_matriz,2612,67334096,8281586
demo_matriz,2613,67334097,8281586
demo_matriz,2614,67334232,8281603
demo_matriz,2615,67334233,8281603
demo_matriz,2616,67334368,8281620
demo_matriz,2617,67334369,8281620
demo_matriz,2618,137422177688,17177637035
demo_matriz,2619,67334504,8281637
demo_matriz,2620,67334505,8281637
demo_matriz,2621,67334640,8281654
demo_matriz,2622,67334641,8281654
demo_matriz,2623,67334776,8281671
demo_matriz,2624,67334777,8281671
demo_matriz,2625,137422177688,17177637035
demo_matriz,2626,67334912,8281688
demo_matriz,2627,67334913,8281688
demo_matriz,2628,67335048,8281705
demo_matriz,2629,67335049,8281705
demo_matriz,2630,67335184,8281722
demo_matriz,2631,67335185,8281722
demo_matriz,2632,67335320,8281739
demo_matriz,2633,67335321,8281739
demo_matriz,2634,67335456,8281756
demo_matriz,2635,67335457,8281756
demo_matriz,2636,137422177688,17177637035
demo_matriz,2637,67335592,8281773
demo_matriz,2638,67335593,8281773
demo_matriz,2639,67335728,8281790
demo_matriz,2640,67335729,8281790
demo_matriz,2641,137422177688,17177637035
demo_matriz,2642,67335864,8281807
demo_matriz,2643,67335865,8281807
demo_matriz,2644,67336000,8281824
demo_matriz,2645,67336001,8281824
demo_matriz,2646,67336136,8281841
demo_matriz,2647,67336137,8281841
demo_matriz,2648,67336272,8281858
demo_matriz,2649,67336273,8281858
demo_matriz,2650,67336408,8281875
demo_matriz,2651,67336409,8281875
demo_matriz,2652,137422177688,17177637035
demo_matriz,2653,67336544,8281892
demo_matriz,2654,67336545,8281892
demo_matriz,2655,67336680,8281909
demo_matriz,2656,67336681,8281909
demo_matriz,2657,137422175832,17177636803
demo_matriz,2658,137422177753,17177637043
demo_matriz,2659,137422177754,17177637043
demo_matriz,2660,137422177755,17177637043
demo_matriz,2661,137422177756,17177637043
demo_matriz,2662,137422177757,17177637043
demo_matriz,2663,137422177758,17177637043
demo_matriz,2664,137422177759,17177637043
demo_matriz,2665,137422177760,17177637044
demo_matriz,2666,137422177761,17177637044
demo_matriz,2667,137422177762,17177637044
demo_matriz,2668,137422177763,17177637044
demo_matriz,2669,137422177764,17177637044
demo_matriz,2670,137422177753,17177637043
demo_matriz,2671,67298051,8277080
demo_matriz,2672,137422177754,17177637043
demo_matriz,2673,67331240,8281229
demo_matriz,2674,67331241,8281229
demo_matriz,2675,67331376,8281246
demo_matriz,2676,67331377,8281246
demo_matriz,2677,137422177753,17177637043
demo_matriz,2678,67331512,8281263
demo_matriz,2679,67331513,8281263
demo_matriz,2680,67331648,8281280
demo_matriz,2681,67331649,8281280
demo_matriz,2682,67331784,8281297
demo_matriz,2683,67331785,8281297
demo_matriz,2684,67331920,8281314
demo_matriz,2685,67331921,8281314
demo_matriz,2686,67332056,8281331
demo_matriz,2687,67332057,8281331
demo_matriz,2688,67332192,8281348
demo_matriz,2689,67332193,8281348
demo_matriz,2690,67332328,8281365
demo_matriz,2691,67332329,8281365
demo_matriz,2692,67332464,8281382
demo_matriz,2693,67332465,8281382
demo_matriz,2694,67332600,8281399
demo_matriz,2695,67332601,8281399
demo_matriz,2696,67332736,8281416
demo_matriz,2697,67332737,8281416
demo_matriz,2698,67332872,8281433
demo_matriz,2699,67332873,8281433
demo_matriz,2700,137422177753,17177637043
demo_matriz,2701,67333008,8281450
demo_matriz,2702,67333009,8281450
demo_matriz,2703,137422177753,17177637043
demo_matriz,2704,67333144,8281467
demo_matriz,2705,67333145,8281467
demo_matriz,2706,137422177753,17177637043
demo_matriz,2707,67333280,8281484
demo_matriz,2708,67333281,8281484
demo_matriz,2709,67333416,8281501
demo_matriz,2710,67333417,8281501
demo_matriz,2711,67333552,8281518
demo_matriz,2712,67333553,8281518
demo_matriz,2713,67333688,8281535
demo_matriz,2714,67333689,8281535
demo_matriz,2715,67333824,8281552
demo_matriz,2716,67333825,8281552
demo_matriz,2717,137422177753,17177637043
demo_matriz,2718,67333960,8281569
demo_matriz,2719,67333961,8281569
demo_matriz,2720,67334096,8281586
demo_matriz,2721,67334097,8281586
demo_matriz,2722,67334232,8281603
demo_matriz,2723,67334233,8281603
demo_matriz,2724,67334368,8281620
demo_matriz,2725,67334369,8281620
demo_matriz,2726,137422177753,17177637043
demo_matriz,2727,67334504,8281637
demo_matriz,2728,67334505,8281637
demo_matriz,2729,67334640,8281654
demo_matriz,2730,67334641,8281654
demo_matriz,2731,67334776,8281671
demo_matriz,2732,67334777,8281671
demo_matriz,2733,137422177753,17177637043
demo_matriz,2734,67334912,8281688
demo_matriz,2735,67334913,8281688
demo_matriz,2736,67335048,8281705
demo_matriz,2737,67335049,8281705
demo_matriz,2738,67335184,8281722
demo_matriz,2739,67335185,8281722
demo_matriz,2740,67335320,8281739
demo_matriz,2741,67335321,8281739
demo_matriz,2742,67335456,8281756
demo_matriz,2743,67335457,8281756
demo_matriz,2744,137422177753,17177637043
demo_matriz,2745,67335592,8281773
demo_matriz,2746,67335593,8281773
demo_matriz,2747,67335728,8281790
demo_matriz,2748,67335729,8281790
demo_matriz,2749,137422177753,17177637043
demo_matriz,2750,67335864,8281807
demo_matriz,2751,67335865,8281807
demo_matriz,2752,67336000,8281824
demo_matriz,2753,67336001,8281824
demo_matriz,2754,67336136,8281841
demo_matriz,2755,67336137,8281841
demo_matriz,2756,67336272,8281858
demo_matriz,2757,67336273,8281858
demo_matriz,2758,67336408,8281875
demo_matriz,2759,67336409,8281875
demo_matriz,2760,137422177753,17177637043
demo_matriz,2761,67336544,8281892
demo_matriz,2762,67336545,8281892
demo_matriz,2763,67336680,8281909
demo_matriz,2764,67336681,8281909
demo_matriz,2765,137422175840,17177636804
demo_matriz,2766,137422177781,17177637046
demo_matriz,2767,137422177782,17177637046
demo_matriz,2768,137422177783,17177637046
demo_matriz,2769,137422177784,17177637047
demo_matriz,2770,137422177785,17177637047
demo_matriz,2771,137422177786,17177637047
demo_matriz,2772,137422177787,17177637047
demo_matriz,2773,137422177788,17177637047
demo_matriz,2774,137422177789,17177637047
demo_matriz,2775,137422177790,17177637047
demo_matriz,2776,137422177791,17177637047
demo_matriz,2777,137422177792,17177637048
demo_matriz,2778,137422177793,17177637048
demo_matriz,2779,137422177794,17177637048
demo_matriz,2780,137422177781,17177637046
demo_matriz,2781,67331240,8281229
demo_matriz,2782,67331241,8281229
demo_matriz,2783,67331376,8281246
demo_matriz,2784,67331377,8281246
demo_matriz,2785,137422177781,17177637046
demo_matriz,2786,67331512,8281263
demo_matriz,2787,67331513,8281263
demo_matriz,2788,67331648,8281280
demo_matriz,2789,67331649,8281280
demo_matriz,2790,67331784,8281297
demo_matriz,2791,67331785,8281297
demo_matriz,2792,67331920,8281314
demo_matriz,2793,67331921,8281314
demo_matriz,2794,67332056,8281331
demo_matriz,2795,67332057,8281331
demo_matriz,2796,67332192,8281348
demo_matriz,2797,67332193,8281348
demo_matriz,2798,67332328,8281365
demo_matriz,2799,67332329,8281365
demo_matriz,2800,67332464,8281382
demo_matriz,2801,67332465,8281382
demo_matriz,2802,67332600,8281399
demo_matriz,2803,67332601,8281399
demo_matriz,2804,67332736,8281416
demo_matriz,2805,67332737,8281416
demo_matriz,2806,67332872,8281433
demo_matriz,2807,67332873,8281433
demo_matriz,2808,137422177781,17177637046
demo_matriz,2809,67333008,8281450
demo_matriz,2810,67333009,8281450
demo_matriz,2811,137422177781,17177637046
demo_matriz,2812,67333144,8281467
demo_matriz,2813,67333145,8281467
demo_matriz,2814,137422177781,17177637046
demo_matriz,2815,67333280,8281484
demo_matriz,2816,67333281,8281484
demo_matriz,2817,67333416,8281501
demo_matriz,2818,67333417,8281501
demo_matriz,2819,67333552,8281518
demo_matriz,2820,67333553,8281518
demo_matriz,2821,67333688,8281535
demo_matriz,2822,67333689,8281535
demo_matriz,2823,67333824,8281552
demo_matriz,2824,67333825,8281552
demo_matriz,2825,137422177781,17177637046
demo_matriz,2826,67333960,8281569
demo_matriz,2827,67333961,8281569
demo_matriz,2828,67334096,8281586
demo_matriz,2829,67334097,8281586
demo_matriz,2830,67334232,8281603
demo_matriz,2831,67334233,8281603
demo_matriz,2832,67334368,8281620
demo_matriz,2833,67334369,8281620
demo_matriz,2834,137422177781,17177637046
demo_matriz,2835,67334504,8281637
demo_matriz,2836,67334505,8281637
demo_matriz,2837,67334640,8281654
demo_matriz,2838,67334641,8281654
demo_matriz,2839,67334776,8281671
demo_matriz,2840,67334777,8281671
demo_matriz,2841,137422177781,17177637046
demo_matriz,2842,67334912,8281688
demo_matriz,2843,67334913,8281688
demo_matriz,2844,67335048,8281705
demo_matriz,2845,67335049,8281705
demo_matriz,2846,67335184,8281722
demo_matriz,2847,67335185,8281722
demo_matriz,2848,67335320,8281739
demo_matriz,2849,67335321,8281739
demo_matriz,2850,67335456,8281756
demo_matriz,2851,67335457,8281756
demo_matriz,2852,137422177781,17177637046
demo_matriz,2853,67335592,8281773
demo_matriz,2854,67335593,8281773
demo_matriz,2855,67335728,8281790
demo_matriz,2856,67335729,8281790
demo_matriz,2857,137422177781,17177637046
demo_matriz,2858,67335864,8281807
demo_matriz,2859,67335865,8281807
demo_matriz,2860,67336000,8281824
demo_matriz,2861,67336001,8281824
demo_matriz,2862,67336136,8281841
demo_matriz,2863,67336137,8281841
demo_matriz,2864,67336272,8281858
demo_matriz,2865,67336273,8281858
demo_matriz,2866,67336408,8281875
demo_matriz,2867,67336409,8281875
demo_matriz,2868,137422177781,17177637046
demo_matriz,2869,67336544,8281892
demo_matriz,2870,67336545,8281892
demo_matriz,2871,67336680,8281909
demo_matriz,2872,67336681,8281909
demo_matriz,2873,137422175848,17177636805
demo_matriz,2874,137422177833,17177637053
demo_matriz,2875,137422177834,17177637053
demo_matriz,2876,137422177835,17177637053
demo_matriz,2877,137422177836,17177637053
demo_matriz,2878,137422177833,17177637053
demo_matriz,2879,67331240,8281229
demo_matriz,2880,67331241,8281229
demo_matriz,2881,67331376,8281246
demo_matriz,2882,67331377,8281246
demo_matriz,2883,137422177833,17177637053
demo_matriz,2884,67331512,8281263
demo_matriz,2885,67331513,8281263
demo_matriz,2886,67331648,8281280
demo_matriz,2887,67331649,8281280
demo_matriz,2888,67331784,8281297
demo_matriz,2889,67331785,8281297
demo_matriz,2890,67331920,8281314
demo_matriz,2891,67331921,8281314
demo_matriz,2892,67332056,8281331
demo_matriz,2893,67332057,8281331
demo_matriz,2894,67332192,8281348
demo_matriz,2895,67332193,8281348
demo_matriz,2896,67332328,8281365
demo_matriz,2897,67332329,8281365
demo_matriz,2898,67332464,8281382
demo_matriz,2899,67332465,8281382
demo_matriz,2900,67332600,8281399
demo_matriz,2901,67332601,8281399
demo_matriz,2902,67332736,8281416
demo_matriz,2903,67332737,8281416
demo_matriz,2904,67332872,8281433
demo_matriz,2905,67332873,8281433
demo_matriz,2906,137422177833,17177637053
demo_matriz,2907,67333008,8281450
demo_matriz,2908,67333009,8281450
demo_matriz,2909,137422177833,17177637053
demo_matriz,2910,67333144,8281467
demo_matriz,2911,67333145,8281467
demo_matriz,2912,137422177833,17177637053
demo_matriz,2913,67333280,8281484
demo_matriz,2914,67333281,8281484
demo_matriz,2915,67333416,8281501
demo_matriz,2916,67333417,8281501
demo_matriz,2917,67333552,8281518
demo_matriz,2918,67333553,8281518
demo_matriz,2919,67333688,8281535
demo_matriz,2920,67333689,8281535
demo_matriz,2921,67333824,8281552
demo_matriz,2922,67333825,8281552
demo_matriz,2923,137422177833,17177637053
demo_matriz,2924,67333960,8281569
demo_matriz,2925,67333961,8281569
demo_matriz,2926,67334096,8281586
demo_matriz,2927,67334097,8281586
demo_matriz,2928,67334232,8281603
demo_matriz,2929,67334233,8281603
demo_matriz,2930,67334368,8281620
demo_matriz,2931,67334369,8281620
demo_matriz,2932,137422177833,17177637053
demo_matriz,2933,67334504,8281637
demo_matriz,2934,67334505,8281637
demo_matriz,2935,67334640,8281654
demo_matriz,2936,67334641,8281654
demo_matriz,2937,67334776,8281671
demo_matriz,2938,67334777,8281671
demo_matriz,2939,137422177833,17177637053
demo_matriz,2940,67334912,8281688
demo_matriz,2941,67334913,8281688
demo_matriz,2942,67335048,8281705
demo_matriz,2943,67335049,8281705
demo_matriz,2944,67335184,8281722
demo_matriz,2945,67335185,8281722
demo_matriz,2946,67335320,8281739
demo_matriz,2947,67335321,8281739
demo_matriz,2948,67335456,8281756
demo_matriz,2949,67335457,8281756
demo_matriz,2950,137422177833,17177637053
demo_matriz,2951,67335592,8281773
demo_matriz,2952,67335593,8281773
demo_matriz,2953,67335728,8281790
demo_matriz,2954,67335729,8281790
demo_matriz,2955,137422177833,17177637053
demo_matriz,2956,67335864,8281807
demo_matriz,2957,67335865,8281807
demo_matriz,2958,67336000,8281824
demo_matriz,2959,67336001,8281824
demo_matriz,2960,67336136,8281841
demo_matriz,2961,67336137,8281841
demo_matriz,2962,67336272,8281858
demo_matriz,2963,67336273,8281858
demo_matriz,2964,67336408,8281875
demo_matriz,2965,67336409,8281875
demo_matriz,2966,137422177833,17177637053
demo_matriz,2967,67336544,8281892
demo_matriz,2968,67336545,8281892
demo_matriz,2969,67336680,8281909
demo_matriz,2970,67336681,8281909
demo_matriz,2971,137422175856,17177636806
demo_matriz,2972,137422177845,17177637054
demo_matriz,2973,137422177846,17177637054
demo_matriz,2974,137422177847,17177637054
demo_matriz,2975,137422177848,17177637055
demo_matriz,2976,137422177849,17177637055
demo_matriz,2977,137422177850,17177637055
demo_matriz,2978,137422177851,17177637055
demo_matriz,2979,137422177852,17177637055
demo_matriz,2980,137422177853,17177637055
demo_matriz,2981,137422177854,17177637055
demo_matriz,2982,137422177855,17177637055
demo_matriz,2983,137422177856,17177637056
demo_matriz,2984,137422177845,17177637054
demo_matriz,2985,67331240,8281229
demo_matriz,2986,67331241,8281229
demo_matriz,2987,67331376,8281246
demo_matriz,2988,67331377,8281246
demo_matriz,2989,137422177845,17177637054
demo_matriz,2990,67331512,8281263
demo_matriz,2991,67331513,8281263
demo_matriz,2992,67331648,8281280
demo_matriz,2993,67331649,8281280
demo_matriz,2994,67331784,8281297
demo_matriz,2995,67331785,8281297
demo_matriz,2996,67331920,8281314
demo_matriz,2997,67331921,8281314
demo_matriz,2998,67332056,8281331
demo_matriz,2999,67332057,8281331
demo_matriz,3000,67332192,8281348
demo_matriz,3001,67332193,8281348
demo_matriz,3002,67332328,8281365
demo_matriz,3003,67332329,8281365
demo_matriz,3004,67332464,8281382
demo_matriz,3005,67332465,8281382
demo_matriz,3006,67332600,8281399
demo_matriz,3007,67332601,8281399
demo_matriz,3008,67332736,8281416
demo_matriz,3009,67332737,8281416
demo_matriz,3010,67332872,8281433
demo_matriz,3011,67332873,8281433
demo_matriz,3012,137422177845,17177637054
demo_matriz,3013,67333008,8281450
demo_matriz,3014,67333009,8281450
demo_matriz,3015,137422177845,17177637054
demo_matriz,3016,67333010,8281450
demo_matriz,3017,137422177846,17177637054
demo_matriz,3018,67333144,8281467
demo_matriz,3019,67333145,8281467
demo_matriz,3020,137422177845,17177637054
demo_matriz,3021,67333280,8281484
demo_matriz,3022,67333281,8281484
demo_matriz,3023,67333416,8281501
demo_matriz,3024,67333417,8281501
demo_matriz,3025,67333552,8281518
demo_matriz,3026,67333553,8281518
demo_matriz,3027,67333688,8281535
demo_matriz,3028,67333689,8281535
demo_matriz,3029,67333824,8281552
demo_matriz,3030,67333825,8281552
demo_matriz,3031,137422177845,17177637054
demo_matriz,3032,67333826,8281552
demo_matriz,3033,137422177846,17177637054
demo_matriz,3034,67333960,8281569
demo_matriz,3035,67333961,8281569
demo_matriz,3036,67334096,8281586
demo_matriz,3037,67334097,8281586
demo_matriz,3038,67334232,8281603
demo_matriz,3039,67334233,8281603
demo_matriz,3040,67334368,8281620
demo_matriz,3041,67334369,8281620
demo_matriz,3042,137422177845,17177637054
demo_matriz,3043,67334504,8281637
demo_matriz,3044,67334505,8281637
demo_matriz,3045,67334640,8281654
demo_matriz,3046,67334641,8281654
demo_matriz,3047,67334776,8281671
demo_matriz,3048,67334777,8281671
demo_matriz,3049,137422177845,17177637054
demo_matriz,3050,67334912,8281688
demo_matriz,3051,67334913,8281688
demo_matriz,3052,67335048,8281705
demo_matriz,3053,67335049,8281705
demo_matriz,3054,67335184,8281722
demo_matriz,3055,67335185,8281722
demo_matriz,3056,67335320,8281739
demo_matriz,3057,67335321,8281739
demo_matriz,3058,67335456,8281756
demo_matriz,3059,67335457,8281756
demo_matriz,3060,137422177845,17177637054
demo_matriz,3061,67335592,8281773
demo_matriz,3062,67335593,8281773
demo_matriz,3063,67335728,8281790
demo_matriz,3064,67335729,8281790
demo_matriz,3065,137422177845,17177637054
demo_matriz,3066,67335864,8281807
demo_matriz,3067,67335865,8281807
demo_matriz,3068,67336000,8281824
demo_matriz,3069,67336001,8281824
demo_matriz,3070,67336136,8281841
demo_matriz,3071,67336137,8281841
demo_matriz,3072,67336272,8281858
demo_matriz,3073,67336273,8281858
demo_matriz,3074,67336408,8281875
demo_matriz,3075,67336409,8281875
demo_matriz,3076,137422177845,17177637054
demo_matriz,3077,67336544,8281892
demo_matriz,3078,67336545,8281892
demo_matriz,3079,67336680,8281909
demo_matriz,3080,67336681,8281909
demo_matriz,3081,137422175864,17177636807
demo_matriz,3082,137422177869,17177637057
demo_matriz,3083,137422177870,17177637057
demo_matriz,3084,137422177871,17177637057
demo_matriz,3085,137422177872,17177637058
demo_matriz,3086,137422177873,17177637058
demo_matriz,3087,137422177874,17177637058
demo_matriz,3088,137422177875,17177637058
demo_matriz,3089,137422177876,17177637058
demo_matriz,3090,137422177877,17177637058
demo_matriz,3091,137422177878,17177637058
demo_matriz,3092,137422177879,17177637058
demo_matriz,3093,137422177880,17177637059
demo_matriz,3094,137422177881,17177637059
demo_matriz,3095,137422177882,17177637059
demo_matriz,3096,137422177883,17177637059
demo_matriz,3097,137422177884,17177637059
demo_matriz,3098,137422177885,17177637059
demo_matriz,3099,137422177886,17177637059
demo_matriz,3100,137422177887,17177637059
demo_matriz,3101,137422177888,17177637060
demo_matriz,3102,137422177889,17177637060
demo_matriz,3103,137422177890,17177637060
demo_matriz,3104,137422177891,17177637060
demo_matriz,3105,137422177869,17177637057
demo_matriz,3106,67331240,8281229
demo_matriz,3107,67331241,8281229
demo_matriz,3108,67331376,8281246
demo_matriz,3109,67331377,8281246
demo_matriz,3110,137422177869,17177637057
demo_matriz,3111,67331512,8281263
demo_matriz,3112,67331513,8281263
demo_matriz,3113,67331648,8281280
demo_matriz,3114,67331649,8281280
demo_matriz,3115,67331784,8281297
demo_matriz,3116,67331785,8281297
demo_matriz,3117,67331920,8281314
demo_matriz,3118,67331921,8281314
demo_matriz,3119,67332056,8281331
demo_matriz,3120,67332057,8281331
demo_matriz,3121,67332192,8281348
demo_matriz,3122,67332193,8281348
demo_matriz,3123,67332328,8281365
demo_matriz,3124,67332329,8281365
demo_matriz,3125,67332464,8281382
demo_matriz,3126,67332465,8281382
demo_matriz,3127,67332600,8281399
demo_matriz,3128,67332601,8281399
demo_matriz,3129,67332736,8281416
demo_matriz,3130,67332737,8281416
demo_matriz,3131,67332872,8281433
demo_matriz,3132,67332873,8281433
demo_matriz,3133,137422177869,17177637057
demo_matriz,3134,67333008,8281450
demo_matriz,3135,67333009,8281450
demo_matriz,3136,137422177869,17177637057
demo_matriz,3137,67333144,8281467
demo_matriz,3138,67333145,8281467
demo_matriz,3139,137422177869,17177637057
demo_matriz,3140,67333280,8281484
demo_matriz,3141,67333281,8281484
demo_matriz,3142,67333416,8281501
demo_matriz,3143,67333417,8281501
demo_matriz,3144,67333552,8281518
demo_matriz,3145,67333553,8281518
demo_matriz,3146,67333688,8281535
demo_matriz,3147,67333689,8281535
demo_matriz,3148,67333824,8281552
demo_matriz,3149,67333825,8281552
demo_matriz,3150,137422177869,17177637057
demo_matriz,3151,67333960,8281569
demo_matriz,3152,67333961,8281569
demo_matriz,3153,67334096,8281586
demo_matriz,3154,67334097,8281586
demo_matriz,3155,67334232,8281603
demo_matriz,3156,67334233,8281603
demo_matriz,3157,67334368,8281620
demo_matriz,3158,67334369,8281620
demo_matriz,3159,137422177869,17177637057
demo_matriz,3160,67334504,8281637
demo_matriz,3161,67334505,8281637
demo_matriz,3162,67334640,8281654
demo_matriz,3163,67334641,8281654
demo_matriz,3164,67334776,8281671
demo_matriz,3165,67334777,8281671
demo_matriz,3166,137422177869,17177637057
demo_matriz,3167,67334912,8281688
demo_matriz,3168,67334913,8281688
demo_matriz,3169,67335048,8281705
demo_matriz,3170,67335049,8281705
demo_matriz,3171,67335184,8281722
demo_matriz,3172,67335185,8281722
demo_matriz,3173,67335320,8281739
demo_matriz,3174,67335321,8281739
demo_matriz,3175,67335456,8281756
demo_matriz,3176,67335457,8281756
demo_matriz,3177,137422177869,17177637057
demo_matriz,3178,67335592,8281773
demo_matriz,3179,67335593,8281773
demo_matriz,3180,67335728,8281790
demo_matriz,3181,67335729,8281790
demo_matriz,3182,137422177869,17177637057
demo_matriz,3183,67335864,8281807
demo_matriz,3184,67335865,8281807
demo_matriz,3185,67336000,8281824
demo_matriz,3186,67336001,8281824
demo_matriz,3187,67336136,8281841
demo_matriz,3188,67336137,8281841
demo_matriz,3189,67336272,8281858
demo_matriz,3190,67336273,8281858
demo_matriz,3191,67336408,8281875
demo_matriz,3192,67336409,8281875
demo_matriz,3193,137422177869,17177637057
demo_matriz,3194,67336544,8281892
demo_matriz,3195,67336545,8281892
demo_matriz,3196,67336680,8281909
demo_matriz,3197,67336681,8281909
demo_matriz,3198,137422175872,17177636808
demo_matriz,3199,137422177896,17177637061
demo_matriz,3200,137422177897,17177637061
demo_matriz,3201,137422177898,17177637061
demo_matriz,3202,137422177899,17177637061
demo_matriz,3203,137422177900,17177637061
demo_matriz,3204,137422177901,17177637061
demo_matriz,3205,137422177902,17177637061
demo_matriz,3206,137422177903,17177637061
demo_matriz,3207,137422177904,17177637062
demo_matriz,3208,137422177905,17177637062
demo_matriz,3209,137422177906,17177637062
demo_matriz,3210,137422177907,17177637062
demo_matriz,3211,137422177908,17177637062
demo_matriz,3212,137422177909,17177637062
demo_matriz,3213,137422177910,17177637062
demo_matriz,3214,137422177911,17177637062
demo_matriz,3215,137422177912,17177637063
demo_matriz,3216,137422177896,17177637061
demo_matriz,3217,67331240,8281229
demo_matriz,3218,67331241,8281229
demo_matriz,3219,67331376,8281246
demo_matriz,3220,67331377,8281246
demo_matriz,3221,137422177896,17177637061
demo_matriz,3222,67331512,8281263
demo_matriz,3223,67331513,8281263
demo_matriz,3224,67331648,8281280
demo_matriz,3225,67331649,8281280
demo_matriz,3226,67331784,8281297
demo_matriz,3227,67331785,8281297
demo_matriz,3228,67331920,8281314
demo_matriz,3229,67331921,8281314
demo_matriz,3230,67332056,8281331
demo_matriz,3231,67332057,8281331
demo_matriz,3232,67332192,8281348
demo_matriz,3233,67332193,8281348
demo_matriz,3234,67332328,8281365
demo_matriz,3235,67332329,8281365
demo_matriz,3236,67332464,8281382
demo_matriz,3237,67332465,8281382
demo_matriz,3238,67332600,8281399
demo_matriz,3239,67332601,8281399
demo_matriz,3240,67332736,8281416
demo_matriz,3241,67332737,8281416
demo_matriz,3242,67332872,8281433
demo_matriz,3243,67332873,8281433
demo_matriz,3244,137422177896,17177637061
demo_matriz,3245,67333008,8281450
demo_matriz,3246,67333009,8281450
demo_matriz,3247,137422177896,17177637061
demo_matriz,3248,67333144,8281467
demo_matriz,3249,67333145,8281467
demo_matriz,3250,137422177896,17177637061
demo_matriz,3251,67333280,8281484
demo_matriz,3252,67333281,8281484
demo_matriz,3253,67333416,8281501
demo_matriz,3254,67333417,8281501
demo_matriz,3255,67333552,8281518
demo_matriz,3256,67333553,8281518
demo_matriz,3257,67333688,8281535
demo_matriz,3258,67333689,8281535
demo_matriz,3259,67333824,8281552
demo_matriz,3260,67333825,8281552
demo_matriz,3261,137422177896,17177637061
demo_matriz,3262,67333960,8281569
demo_matriz,3263,67333961,8281569
demo_matriz,3264,67334096,8281586
demo_matriz,3265,67334097,8281586
demo_matriz,3266,67334232,8281603
demo_matriz,3267,67334233,8281603
demo_matriz,3268,67334368,8281620
demo_matriz,3269,67334369,8281620
demo_matriz,3270,137422177896,17177637061
demo_matriz,3271,67334504,8281637
demo_matriz,3272,67334505,8281637
demo_matriz,3273,67334640,8281654
demo_matriz,3274,67334641,8281654
demo_matriz,3275,67334776,8281671
demo_matriz,3276,67334777,8281671
demo_matriz,3277,137422177896,17177637061
demo_matriz,3278,67334912,8281688
demo_matriz,3279,67334913,8281688
demo_matriz,3280,67335048,8281705
demo_matriz,3281,67335049,8281705
demo_matriz,3282,67335184,8281722
demo_matriz,3283,67335185,8281722
demo_matriz,3284,67335320,8281739
demo_matriz,3285,67335321,8281739
demo_matriz,3286,67335456,8281756
demo_matriz,3287,67335457,8281756
demo_matriz,3288,137422177896,17177637061
demo_matriz,3289,67335592,8281773
demo_matriz,3290,67335593,8281773
demo_matriz,3291,67335728,8281790
demo_matriz,3292,67335729,8281790
demo_matriz,3293,137422177896,17177637061
demo_matriz,3294,67335864,8281807
demo_matriz,3295,67335865,8281807
demo_matriz,3296,67336000,8281824
demo_matriz,3297,67336001,8281824
demo_matriz,3298,67336136,8281841
demo_matriz,3299,67336137,8281841
demo_matriz,3300,67336272,8281858
demo_matriz,3301,67336273,8281858
demo_matriz,3302,67336408,8281875
demo_matriz,3303,67336409,8281875
demo_matriz,3304,137422177896,17177637061
demo_matriz,3305,67336544,8281892
demo_matriz,3306,67336545,8281892
demo_matriz,3307,67336680,8281909
demo_matriz,3308,67336681,8281909
demo_matriz,3309,137422175880,17177636809
demo_matriz,3310,137422177919,17177637063
demo_matriz,3311,137422177920,17177637064
demo_matriz,3312,137422177921,17177637064
demo_matriz,3313,137422177922,17177637064
demo_matriz,3314,137422177923,17177637064
demo_matriz,3315,137422177924,17177637064
demo_matriz,3316,137422177925,17177637064
demo_matriz,3317,137422177926,17177637064
demo_matriz,3318,137422177927,17177637064
demo_matriz,3319,137422177928,17177637065
demo_matriz,3320,137422177929,17177637065
demo_matriz,3321,137422177930,17177637065
demo_matriz,3322,137422177931,17177637065
demo_matriz,3323,137422177932,17177637065
demo_matriz,3324,137422177933,17177637065
demo_matriz,3325,137422177934,17177637065
demo_matriz,3326,137422177919,17177637063
demo_matriz,3327,67331240,8281229
demo_matriz,3328,67331241,8281229
demo_matriz,3329,67331376,8281246
demo_matriz,3330,67331377,8281246
demo_matriz,3331,137422177919,17177637063
demo_matriz,3332,67331512,8281263
demo_matriz,3333,67331513,8281263
demo_matriz,3334,67331648,8281280
demo_matriz,3335,67331649,8281280
demo_matriz,3336,67331784,8281297
demo_matriz,3337,67331785,8281297
demo_matriz,3338,67331920,8281314
demo_matriz,3339,67331921,8281314
demo_matriz,3340,67332056,8281331
demo_matriz,3341,67332057,8281331
demo_matriz,3342,67332192,8281348
demo_matriz,3343,67332193,8281348
demo_matriz,3344,67332328,8281365
demo_matriz,3345,67332329,8281365
demo_matriz,3346,67332464,8281382
demo_matriz,3347,67332465,8281382
demo_matriz,3348,67332600,8281399
demo_matriz,3349,67332601,8281399
demo_matriz,3350,67332736,8281416
demo_matriz,3351,67332737,8281416
demo_matriz,3352,67332872,8281433
demo_matriz,3353,67332873,8281433
demo_matriz,3354,137422177919,17177637063
demo_matriz,3355,67333008,8281450
demo_matriz,3356,67333009,8281450
demo_matriz,3357,137422177919,17177637063
demo_matriz,3358,67333144,8281467
demo_matriz,3359,67333145,8281467
demo_matriz,3360,137422177919,17177637063
demo_matriz,3361,67333280,8281484
demo_matriz,3362,67333281,8281484
demo_matriz,3363,67333416,8281501
demo_matriz,3364,67333417,8281501
demo_matriz,3365,67333552,8281518
demo_matriz,3366,67333553,8281518
demo_matriz,3367,67333688,8281535
demo_matriz,3368,67333689,8281535
demo_matriz,3369,67333824,8281552
demo_matriz,3370,67333825,8281552
demo_matriz,3371,137422177919,17177637063
demo_matriz,3372,67333960,8281569
demo_matriz,3373,67333961,8281569
demo_matriz,3374,67334096,8281586
demo_matriz,3375,67334097,8281586
demo_matriz,3376,67334232,8281603
demo_matriz,3377,67334233,8281603
demo_matriz,3378,67334368,8281620
demo_matriz,3379,67334369,8281620
demo_matriz,3380,137422177919,17177637063
demo_matriz,3381,67334504,8281637
demo_matriz,3382,67334505,8281637
demo_matriz,3383,67334640,8281654
demo_matriz,3384,67334641,8281654
demo_matriz,3385,67334776,8281671
demo_matriz,3386,67334777,8281671
demo_matriz,3387,137422177919,17177637063
demo_matriz,3388,67334912,8281688
demo_matriz,3389,67334913,8281688
demo_matriz,3390,67335048,8281705
demo_matriz,3391,67335049,8281705
demo_matriz,3392,67335184,8281722
demo_matriz,3393,67335185,8281722
demo_matriz,3394,67335320,8281739
demo_matriz,3395,67335321,8281739
demo_matriz,3396,67335456,8281756
demo_matriz,3397,67335457,8281756
demo_matriz,3398,137422177919,17177637063
demo_matriz,3399,67335592,8281773
demo_matriz,3400,67335593,8281773
demo_matriz,3401,67335728,8281790
demo_matriz,3402,67335729,8281790
demo_matriz,3403,137422177919,17177637063
demo_matriz,3404,67335864,8281807
demo_matriz,3405,67335865,8281807
demo_matriz,3406,67336000,8281824
demo_matriz,3407,67336001,8281824
demo_matriz,3408,67336136,8281841
demo_matriz,3409,67336137,8281841
demo_matriz,3410,67336272,8281858
demo_matriz,3411,67336273,8281858
demo_matriz,3412,67336408,8281875
demo_matriz,3413,67336409,8281875
demo_matriz,3414,137422177919,17177637063
demo_matriz,3415,67336544,8281892
demo_matriz,3416,67336545,8281892
demo_matriz,3417,67336680,8281909
demo_matriz,3418,67336681,8281909
demo_matriz,3419,137422175888,17177636810
demo_matriz,3420,137422177936,17177637066
demo_matriz,3421,137422177937,17177637066
demo_matriz,3422,137422177938,17177637066
demo_matriz,3423,137422177939,17177637066
demo_matriz,3424,137422177940,17177637066
demo_matriz,3425,137422177941,17177637066
demo_matriz,3426,137422177942,17177637066
demo_matriz,3427,137422177943,17177637066
demo_matriz,3428,137422177944,17177637067
demo_matriz,3429,137422177936,17177637066
demo_matriz,3430,67331240,8281229
demo_matriz,3431,67331241,8281229
demo_matriz,3432,67331376,8281246
demo_matriz,3433,67331377,8281246
demo_matriz,3434,137422177936,17177637066
demo_matriz,3435,67331512,8281263
demo_matriz,3436,67331513,8281263
demo_matriz,3437,67331648,8281280
demo_matriz,3438,67331649,8281280
demo_matriz,3439,67331784,8281297
demo_matriz,3440,67331785,8281297
demo_matriz,3441,67331920,8281314
demo_matriz,3442,67331921,8281314
demo_matriz,3443,67332056,8281331
demo_matriz,3444,67332057,8281331
demo_matriz,3445,67332192,8281348
demo_matriz,3446,67332193,8281348
demo_matriz,3447,67332328,8281365
demo_matriz,3448,67332329,8281365
demo_matriz,3449,67332464,8281382
demo_matriz,3450,67332465,8281382
demo_matriz,3451,67332600,8281399
demo_matriz,3452,67332601,8281399
demo_matriz,3453,67332736,8281416
demo_matriz,3454,67332737,8281416
demo_matriz,3455,67332872,8281433
demo_matriz,3456,67332873,8281433
demo_matriz,3457,137422177936,17177637066
demo_matriz,3458,67333008,8281450
demo_matriz,3459,67333009,8281450
demo_matriz,3460,137422177936,17177637066
demo_matriz,3461,67333144,8281467
demo_matriz,3462,67333145,8281467
demo_matriz,3463,137422177936,17177637066
demo_matriz,3464,67333280,8281484
demo_matriz,3465,67333281,8281484
demo_matriz,3466,67333416,8281501
demo_matriz,3467,67333417,8281501
demo_matriz,3468,67333552,8281518
demo_matriz,3469,67333553,8281518
demo_matriz,3470,67333688,8281535
demo_matriz,3471,67333689,8281535
demo_matriz,3472,67333824,8281552
demo_matriz,3473,67333825,8281552
demo_matriz,3474,137422177936,17177637066
demo_matriz,3475,67333960,8281569
demo_matriz,3476,67333961,8281569
demo_matriz,3477,67334096,8281586
demo_matriz,3478,67334097,8281586
demo_matriz,3479,67334232,8281603
demo_matriz,3480,67334233,8281603
demo_matriz,3481,67334368,8281620
demo_matriz,3482,67334369,8281620
demo_matriz,3483,137422177936,17177637066
demo_matriz,3484,67334504,8281637
demo_matriz,3485,67334505,8281637
demo_matriz,3486,67334640,8281654
demo_matriz,3487,67334641,8281654
demo_matriz,3488,67334776,8281671
demo_matriz,3489,67334777,8281671
demo_matriz,3490,137422177936,17177637066
demo_matriz,3491,67334912,8281688
demo_matriz,3492,67334913,8281688
demo_matriz,3493,67335048,8281705
demo_matriz,3494,67335049,8281705
demo_matriz,3495,67335184,8281722
demo_matriz,3496,67335185,8281722
demo_matriz,3497,67335320,8281739
demo_matriz,3498,67335321,8281739
demo_matriz,3499,67335456,8281756
demo_matriz,3500,67335457,8281756
demo_matriz,3501,137422177936,17177637066
demo_matriz,3502,67335592,8281773
demo_matriz,3503,67335593,8281773
demo_matriz,3504,67335728,8281790
demo_matriz,3505,67335729,8281790
demo_matriz,3506,137422177936,17177637066
demo_matriz,3507,67335864,8281807
demo_matriz,3508,67335865,8281807
demo_matriz,3509,67336000,8281824
demo_matriz,3510,67336001,8281824
demo_matriz,3511,67336136,8281841
demo_matriz,3512,67336137,8281841
demo_matriz,3513,67336272,8281858
demo_matriz,3514,67336273,8281858
demo_matriz,3515,67336408,8281875
demo_matriz,3516,67336409,8281875
demo_matriz,3517,137422177936,17177637066
demo_matriz,3518,67336544,8281892
demo_matriz,3519,67336545,8281892
demo_matriz,3520,67336680,8281909
demo_matriz,3521,67336681,8281909
demo_matriz,3522,137422175896,17177636811
demo_matriz,3523,137422177947,17177637067
demo_matriz,3524,137422177948,17177637067
demo_matriz,3525,137422177949,17177637067
demo_matriz,3526,137422177950,17177637067
demo_matriz,3527,137422177951,17177637067
demo_matriz,3528,137422177952,17177637068
demo_matriz,3529,137422177953,17177637068
demo_matriz,3530,137422177954,17177637068
demo_matriz,3531,137422177955,17177637068
demo_matriz,3532,137422177956,17177637068
demo_matriz,3533,137422177957,17177637068
demo_matriz,3534,137422177958,17177637068
demo_matriz,3535,137422177959,17177637068
demo_matriz,3536,137422177960,17177637069
demo_matriz,3537,137422177961,17177637069
demo_matriz,3538,137422177962,17177637069
demo_matriz,3539,137422177963,17177637069
demo_matriz,3540,137422177964,17177637069
demo_matriz,3541,137422177965,17177637069
demo_matriz,3542,137422177966,17177637069
demo_matriz,3543,137422177967,17177637069
demo_matriz,3544,137422177968,17177637070
demo_matriz,3545,137422177969,17177637070
demo_matriz,3546,137422177970,17177637070
demo_matriz,3547,137422177971,17177637070
demo_matriz,3548,137422177947,17177637067
demo_matriz,3549,67331240,8281229
demo_matriz,3550,67331241,8281229
demo_matriz,3551,67331376,8281246
demo_matriz,3552,67331377,8281246
demo_matriz,3553,137422177947,17177637067
demo_matriz,3554,67331512,8281263
demo_matriz,3555,67331513,8281263
demo_matriz,3556,67331648,8281280
demo_matriz,3557,67331649,8281280
demo_matriz,3558,67331784,8281297
demo_matriz,3559,67331785,8281297
demo_matriz,3560,67331920,8281314
demo_matriz,3561,67331921,8281314
demo_matriz,3562,67332056,8281331
demo_matriz,3563,67332057,8281331
demo_matriz,3564,67332192,8281348
demo_matriz,3565,67332193,8281348
demo_matriz,3566,67332328,8281365
demo_matriz,3567,67332329,8281365
demo_matriz,3568,67332464,8281382
demo_matriz,3569,67332465,8281382
demo_matriz,3570,67332600,8281399
demo_matriz,3571,67332601,8281399
demo_matriz,3572,67332736,8281416
demo_matriz,3573,67332737,8281416
demo_matriz,3574,67332872,8281433
demo_matriz,3575,67332873,8281433
demo_matriz,3576,137422177947,17177637067
demo_matriz,3577,67333008,8281450
demo_matriz,3578,67333009,8281450
demo_matriz,3579,137422177947,17177637067
demo_matriz,3580,67333144,8281467
demo_matriz,3581,67333145,8281467
demo_matriz,3582,137422177947,17177637067
demo_matriz,3583,67333280,8281484
demo_matriz,3584,67333281,8281484
demo_matriz,3585,67333416,8281501
demo_matriz,3586,67333417,8281501
demo_matriz,3587,67333552,8281518
demo_matriz,3588,67333553,8281518
demo_matriz,3589,67333688,8281535
demo_matriz,3590,67333689,8281535
demo_matriz,3591,67333824,8281552
demo_matriz,3592,67333825,8281552
demo_matriz,3593,137422177947,17177637067
demo_matriz,3594,67333960,8281569
demo_matriz,3595,67333961,8281569
demo_matriz,3596,67334096,8281586
demo_matriz,3597,67334097,8281586
demo_matriz,3598,67334232,8281603
demo_matriz,3599,67334233,8281603
demo_matriz,3600,67334368,8281620
demo_matriz,3601,67334369,8281620
demo_matriz,3602,137422177947,17177637067
demo_matriz,3603,67334504,8281637
demo_matriz,3604,67334505,8281637
demo_matriz,3605,67334640,8281654
demo_matriz,3606,67334641,8281654
demo_matriz,3607,67334776,8281671
demo_matriz,3608,67334777,8281671
demo_matriz,3609,137422177947,17177637067
demo_matriz,3610,67334912,8281688
demo_matriz,3611,67334913,8281688
demo_matriz,3612,67335048,8281705
demo_matriz,3613,67335049,8281705
demo_matriz,3614,67335184,8281722
demo_matriz,3615,67335185,8281722
demo_matriz,3616,67335320,8281739
demo_matriz,3617,67335321,8281739
demo_matriz,3618,67335456,8281756
demo_matriz,3619,67335457,8281756
demo_matriz,3620,137422177947,17177637067
demo_matriz,3621,67335592,8281773
demo_matriz,3622,67335593,8281773
demo_matriz,3623,67335728,8281790
demo_matriz,3624,67335729,8281790
demo_matriz,3625,137422177947,17177637067
demo_matriz,3626,67335864,8281807
demo_matriz,3627,67335865,8281807
demo_matriz,3628,67336000,8281824
demo_matriz,3629,67336001,8281824
demo_matriz,3630,67336136,8281841
demo_matriz,3631,67336137,8281841
demo_matriz,3632,67336272,8281858
demo_matriz,3633,67336273,8281858
demo_matriz,3634,67336408,8281875
demo_matriz,3635,67336409,8281875
demo_matriz,3636,137422177947,17177637067
demo_matriz,3637,67336544,8281892
demo_matriz,3638,67336545,8281892
demo_matriz,3639,67336680,8281909
demo_matriz,3640,67336681,8281909
demo_matriz,3641,137422175904,17177636812
demo_matriz,3642,137422178001,17177637074
demo_matriz,3643,137422178002,17177637074
demo_matriz,3644,137422178003,17177637074
demo_matriz,3645,137422178004,17177637074
demo_matriz,3646,137422178005,17177637074
demo_matriz,3647,137422178006,17177637074
demo_matriz,3648,137422178007,17177637074
demo_matriz,3649,137422178008,17177637075
demo_matriz,3650,137422178009,17177637075
demo_matriz,3651,137422178010,17177637075
demo_matriz,3652,137422178011,17177637075
demo_matriz,3653,137422178012,17177637075
demo_matriz,3654,137422178013,17177637075
demo_matriz,3655,137422178014,17177637075
demo_matriz,3656,137422178015,17177637075
demo_matriz,3657,137422178016,17177637076
demo_matriz,3658,137422178017,17177637076
demo_matriz,3659,137422178018,17177637076
demo_matriz,3660,137422178019,17177637076
demo_matriz,3661,137422178020,17177637076
demo_matriz,3662,137422178021,17177637076
demo_matriz,3663,137422178022,17177637076
demo_matriz,3664,137422178023,17177637076
demo_matriz,3665,137422178024,17177637077
demo_matriz,3666,137422178025,17177637077
demo_matriz,3667,137422178026,17177637077
demo_matriz,3668,137422178027,17177637077
demo_matriz,3669,137422178028,17177637077
demo_matriz,3670,137422178029,17177637077
demo_matriz,3671,137422178030,17177637077
demo_matriz,3672,137422178001,17177637074
demo_matriz,3673,67298051,8277080
demo_matriz,3674,137422178002,17177637074
demo_matriz,3675,67331240,8281229
demo_matriz,3676,67331241,8281229
demo_matriz,3677,67331376,8281246
demo_matriz,3678,67331377,8281246
demo_matriz,3679,137422178001,17177637074
demo_matriz,3680,67331512,8281263
demo_matriz,3681,67331513,8281263
demo_matriz,3682,67331648,8281280
demo_matriz,3683,67331649,8281280
demo_matriz,3684,67331784,8281297
demo_matriz,3685,67331785,8281297
demo_matriz,3686,67331920,8281314
demo_matriz,3687,67331921,8281314
demo_matriz,3688,67332056,8281331
demo_matriz,3689,67332057,8281331
demo_matriz,3690,67332192,8281348
demo_matriz,3691,67332193,8281348
demo_matriz,3692,67332328,8281365
demo_matriz,3693,67332329,8281365
demo_matriz,3694,67332464,8281382
demo_matriz,3695,67332465,8281382
demo_matriz,3696,67332600,8281399
demo_matriz,3697,67332601,8281399
demo_matriz,3698,67332736,8281416
demo_matriz,3699,67332737,8281416
demo_matriz,3700,67332872,8281433
demo_matriz,3701,67332873,8281433
demo_matriz,3702,137422178001,17177637074
demo_matriz,3703,67333008,8281450
demo_matriz,3704,67333009,8281450
demo_matriz,3705,137422178001,17177637074
demo_matriz,3706,67333144,8281467
demo_matriz,3707,67333145,8281467
demo_matriz,3708,137422178001,17177637074
demo_matriz,3709,67333280,8281484
demo_matriz,3710,67333281,8281484
demo_matriz,3711,67333416,8281501
demo_matriz,3712,67333417,8281501
demo_matriz,3713,67333552,8281518
demo_matriz,3714,67333553,8281518
demo_matriz,3715,67333688,8281535
demo_matriz,3716,67333689,8281535
demo_matriz,3717,67333824,8281552
demo_matriz,3718,67333825,8281552
demo_matriz,3719,137422178001,17177637074
demo_matriz,3720,67333960,8281569
demo_matriz,3721,67333961,8281569
demo_matriz,3722,67334096,8281586
demo_matriz,3723,67334097,8281586
demo_matriz,3724,67334232,8281603
demo_matriz,3725,67334233,8281603
demo_matriz,3726,67334368,8281620
demo_matriz,3727,67334369,8281620
demo_matriz,3728,137422178001,17177637074
demo_matriz,3729,67334504,8281637
demo_matriz,3730,67334505,8281637
demo_matriz,3731,67334640,8281654
demo_matriz,3732,67334641,8281654
demo_matriz,3733,67334776,8281671
demo_matriz,3734,67334777,8281671
demo_matriz,3735,137422178001,17177637074
demo_matriz,3736,67334912,8281688
demo_matriz,3737,67334913,8281688
demo_matriz,3738,67335048,8281705
demo_matriz,3739,67335049,8281705
demo_matriz,3740,67335184,8281722
demo_matriz,3741,67335185,8281722
demo_matriz,3742,67335320,8281739
demo_matriz,3743,67335321,8281739
demo_matriz,3744,67335456,8281756
demo_matriz,3745,67335457,8281756
demo_matriz,3746,137422178001,17177637074
demo_matriz,3747,67335592,8281773
demo_matriz,3748,67335593,8281773
demo_matriz,3749,67335728,8281790
demo_matriz,3750,67335729,8281790
demo_matriz,3751,137422178001,17177637074
demo_matriz,3752,67335864,8281807
demo_matriz,3753,67335865,8281807
demo_matriz,3754,67336000,8281824
demo_matriz,3755,67336001,8281824
demo_matriz,3756,67336136,8281841
demo_matriz,3757,67336137,8281841
demo_matriz,3758,67336272,8281858
demo_matriz,3759,67336273,8281858
demo_matriz,3760,67336408,8281875
demo_matriz,3761,67336409,8281875
demo_matriz,3762,137422178001,17177637074
demo_matriz,3763,67336544,8281892
demo_matriz,3764,67336545,8281892
demo_matriz,3765,67336680,8281909
demo_matriz,3766,67336681,8281909
demo_matriz,3767,137422175912,17177636813
demo_matriz,3768,137422178037,17177637078
demo_matriz,3769,137422178038,17177637078
demo_matriz,3770,137422178039,17177637078
demo_matriz,3771,137422178040,17177637079
demo_matriz,3772,137422178041,17177637079
demo_matriz,3773,137422178042,17177637079
demo_matriz,3774,137422178043,17177637079
demo_matriz,3775,137422178044,17177637079
demo_matriz,3776,137422178037,17177637078
demo_matriz,3777,67331240,8281229
demo_matriz,3778,67331241,8281229
demo_matriz,3779,67331376,8281246
demo_matriz,3780,67331377,8281246
demo_matriz,3781,137422178037,17177637078
demo_matriz,3782,67331512,8281263
demo_matriz,3783,67331513,8281263
demo_matriz,3784,67331648,8281280
demo_matriz,3785,67331649,8281280
demo_matriz,3786,67331784,8281297
demo_matriz,3787,67331785,8281297
demo_matriz,3788,67331920,8281314
demo_matriz,3789,67331921,8281314
demo_matriz,3790,67332056,8281331
demo_matriz,3791,67332057,8281331
demo_matriz,3792,67332192,8281348
demo_matriz,3793,67332193,8281348
demo_matriz,3794,67332328,8281365
demo_matriz,3795,67332329,8281365
demo_matriz,3796,67332464,8281382
demo_matriz,3797,67332465,8281382
demo_matriz,3798,67332600,8281399
demo_matriz,3799,67332601,8281399
demo_matriz,3800,67332736,8281416
demo_matriz,3801,67332737,8281416
demo_matriz,3802,67332872,8281433
demo_matriz,3803,67332873,8281433
demo_matriz,3804,137422178037,17177637078
demo_matriz,3805,67333008,8281450
demo_matriz,3806,67333009,8281450
demo_matriz,3807,137422178037,17177637078
demo_matriz,3808,67333144,8281467
demo_matriz,3809,67333145,8281467
demo_matriz,3810,137422178037,17177637078
demo_matriz,3811,67333280,8281484
demo_matriz,3812,67333281,8281484
demo_matriz,3813,67333416,8281501
demo_matriz,3814,67333417,8281501
demo_matriz,3815,67333552,8281518
demo_matriz,3816,67333553,8281518
demo_matriz,3817,67333688,8281535
demo_matriz,3818,67333689,8281535
demo_matriz,3819,67333824,8281552
demo_matriz,3820,67333825,8281552
demo_matriz,3821,137422178037,17177637078
demo_matriz,3822,67333960,8281569
demo_matriz,3823,67333961,8281569
demo_matriz,3824,67334096,8281586
demo_matriz,3825,67334097,8281586
demo_matriz,3826,67334232,8281603
demo_matriz,3827,67334233,8281603
demo_matriz,3828,67334368,8281620
demo_matriz,3829,67334369,8281620
demo_matriz,3830,137422178037,17177637078
demo_matriz,3831,67334504,8281637
demo_matriz,3832,67334505,8281637
demo_matriz,3833,67334640,8281654
demo_matriz,3834,67334641,8281654
demo_matriz,3835,67334776,8281671
demo_matriz,3836,67334777,8281671
demo_matriz,3837,137422178037,17177637078
demo_matriz,3838,67334912,8281688
demo_matriz,3839,67334913,8281688
demo_matriz,3840,67335048,8281705
demo_matriz,3841,67335049,8281705
demo_matriz,3842,67335184,8281722
demo_matriz,3843,67335185,8281722
demo_matriz,3844,67335320,8281739
demo_matriz,3845,67335321,8281739
demo_matriz,3846,67335456,8281756
demo_matriz,3847,67335457,8281756
demo_matriz,3848,137422178037,17177637078
demo_matriz,3849,67335592,8281773
demo_matriz,3850,67335593,8281773
demo_matriz,3851,67335728,8281790
demo_matriz,3852,67335729,8281790
demo_matriz,3853,137422178037,17177637078
demo_matriz,3854,67335864,8281807
demo_matriz,3855,67335865,8281807
demo_matriz,3856,67336000,8281824
demo_matriz,3857,67336001,8281824
demo_matriz,3858,67336136,8281841
demo_matriz,3859,67336137,8281841
demo_matriz,3860,67336272,8281858
demo_matriz,3861,67336273,8281858
demo_matriz,3862,67336408,8281875
demo_matriz,3863,67336409,8281875
demo_matriz,3864,137422178037,17177637078
demo_matriz,3865,67336544,8281892
demo_matriz,3866,67336545,8281892
demo_matriz,3867,67336680,8281909
demo_matriz,3868,67336681,8281909
demo_matriz,3869,137422175920,17177636814
demo_matriz,3870,137422178065,17177637082
demo_matriz,3871,137422178066,17177637082
demo_matriz,3872,137422178067,17177637082
demo_matriz,3873,137422178068,17177637082
demo_matriz,3874,137422178069,17177637082
demo_matriz,3875,137422178070,17177637082
demo_matriz,3876,137422178071,17177637082
demo_matriz,3877,137422178072,17177637083
demo_matriz,3878,137422178073,17177637083
demo_matriz,3879,137422178074,17177637083
demo_matriz,3880,137422178075,17177637083
demo_matriz,3881,137422178076,17177637083
demo_matriz,3882,137422178077,17177637083
demo_matriz,3883,137422178078,17177637083
demo_matriz,3884,137422178079,17177637083
demo_matriz,3885,137422178080,17177637084
demo_matriz,3886,137422178081,17177637084
demo_matriz,3887,137422178082,17177637084
demo_matriz,3888,137422178083,17177637084
demo_matriz,3889,137422178084,17177637084
demo_matriz,3890,137422178085,17177637084
demo_matriz,3891,137422178086,17177637084
demo_matriz,3892,137422178087,17177637084
demo_matriz,3893,137422178088,17177637085
demo_matriz,3894,137422178089,17177637085
demo_matriz,3895,137422178090,17177637085
demo_matriz,3896,137422178091,17177637085
demo_matriz,3897,137422178092,17177637085
demo_matriz,3898,137422178093,17177637085
demo_matriz,3899,137422178094,17177637085
demo_matriz,3900,137422178095,17177637085
demo_matriz,3901,137422178096,17177637086
demo_matriz,3902,137422178097,17177637086
demo_matriz,3903,137422178098,17177637086
demo_matriz,3904,137422178099,17177637086
demo_matriz,3905,137422178065,17177637082
demo_matriz,3906,67331240,8281229
demo_matriz,3907,67331241,8281229
demo_matriz,3908,67331376,8281246
demo_matriz,3909,67331377,8281246
demo_matriz,3910,137422178065,17177637082
demo_matriz,3911,67331512,8281263
demo_matriz,3912,67331513,8281263
demo_matriz,3913,67331648,8281280
demo_matriz,3914,67331649,8281280
demo_matriz,3915,67331784,8281297
demo_matriz,3916,67331785,8281297
demo_matriz,3917,67331920,8281314
demo_matriz,3918,67331921,8281314
demo_matriz,3919,67332056,8281331
demo_matriz,3920,67332057,8281331
demo_matriz,3921,67332192,8281348
demo_matriz,3922,67332193,8281348
demo_matriz,3923,67332328,8281365
demo_matriz,3924,67332329,8281365
demo_matriz,3925,67332464,8281382
demo_matriz,3926,67332465,8281382
demo_matriz,3927,67332600,8281399
demo_matriz,3928,67332601,8281399
demo_matriz,3929,67332736,8281416
demo_matriz,3930,67332737,8281416
demo_matriz,3931,67332872,8281433
demo_matriz,3932,67332873,8281433
demo_matriz,3933,137422178065,17177637082
demo_matriz,3934,67333008,8281450
demo_matriz,3935,67333009,8281450
demo_matriz,3936,137422178065,17177637082
demo_matriz,3937,67333144,8281467
demo_matriz,3938,67333145,8281467
demo_matriz,3939,137422178065,17177637082
demo_matriz,3940,67333280,8281484
demo_matriz,3941,67333281,8281484
demo_matriz,3942,67333416,8281501
demo_matriz,3943,67333417,8281501
demo_matriz,3944,67333552,8281518
demo_matriz,3945,67333553,8281518
demo_matriz,3946,67333688,8281535
demo_matriz,3947,67333689,8281535
demo_matriz,3948,67333824,8281552
demo_matriz,3949,67333825,8281552
demo_matriz,3950,137422178065,17177637082
demo_matriz,3951,67333960,8281569
demo_matriz,3952,67333961,8281569
demo_matriz,3953,67334096,8281586
demo_matriz,3954,67334097,8281586
demo_matriz,3955,67334232,8281603
demo_matriz,3956,67334233,8281603
demo_matriz,3957,67334368,8281620
demo_matriz,3958,67334369,8281620
demo_matriz,3959,137422178065,17177637082
demo_matriz,3960,67334504,8281637
demo_matriz,3961,67334505,8281637
demo_matriz,3962,67334640,8281654
demo_matriz,3963,67334641,8281654
demo_matriz,3964,67334776,8281671
demo_matriz,3965,67334777,8281671
demo_matriz,3966,137422178065,17177637082
demo_matriz,3967,67334912,8281688
demo_matriz,3968,67334913,8281688
demo_matriz,3969,67335048,8281705
demo_matriz,3970,67335049,8281705
demo_matriz,3971,67335184,8281722
demo_matriz,3972,67335185,8281722
demo_matriz,3973,67335320,8281739
demo_matriz,3974,67335321,8281739
demo_matriz,3975,67335456,8281756
demo_matriz,3976,67335457,8281756
demo_matriz,3977,137422178065,17177637082
demo_matriz,3978,67335592,8281773
demo_matriz,3979,67335593,8281773
demo_matriz,3980,67335728,8281790
demo_matriz,3981,67335729,8281790
demo_matriz,3982,137422178065,17177637082
demo_matriz,3983,67335864,8281807
demo_matriz,3984,67335865,8281807
demo_matriz,3985,67336000,8281824
demo_matriz,3986,67336001,8281824
demo_matriz,3987,67336136,8281841
demo_matriz,3988,67336137,8281841
demo_matriz,3989,67336272,8281858
demo_matriz,3990,67336273,8281858
demo_matriz,3991,67336408,8281875
demo_matriz,3992,67336409,8281875
demo_matriz,3993,137422178065,17177637082
demo_matriz,3994,67336544,8281892
demo_matriz,3995,67336545,8281892
demo_matriz,3996,67336680,8281909
demo_matriz,3997,67336681,8281909
demo_matriz,3998,137422175928,17177636815
demo_matriz,3999,137422178114,17177637088
demo_matriz,4000,137422178115,17177637088
demo_matriz,4001,137422178116,17177637088
demo_matriz,4002,137422178117,17177637088
demo_matriz,4003,137422178118,17177637088
demo_matriz,4004,137422178119,17177637088
demo_matriz,4005,137422178120,17177637089
demo_matriz,4006,137422178121,17177637089
demo_matriz,4007,137422178122,17177637089
demo_matriz,4008,137422178123,17177637089
demo_matriz,4009,137422178124,17177637089
demo_matriz,4010,137422178125,17177637089
demo_matriz,4011,137422178126,17177637089
demo_matriz,4012,137422178127,17177637089
demo_matriz,4013,137422178114,17177637088
demo_matriz,4014,67298051,8277080
demo_matriz,4015,137422178115,17177637088
demo_matriz,4016,67331240,8281229
demo_matriz,4017,67331241,8281229
demo_matriz,4018,67331376,8281246
demo_matriz,4019,67331377,8281246
demo_matriz,4020,137422178114,17177637088
demo_matriz,4021,67331512,8281263
demo_matriz,4022,67331513,8281263
demo_matriz,4023,67331648,8281280
demo_matriz,4024,67331649,8281280
demo_matriz,4025,67331784,8281297
demo_matriz,4026,67331785,8281297
demo_matriz,4027,67331920,8281314
demo_matriz,4028,67331921,8281314
demo_matriz,4029,67332056,8281331
demo_matriz,4030,67332057,8281331
demo_matriz,4031,67332192,8281348
demo_matriz,4032,67332193,8281348
demo_matriz,4033,67332328,8281365
demo_matriz,4034,67332329,8281365
demo_matriz,4035,67332464,8281382
demo_matriz,4036,67332465,8281382
demo_matriz,4037,67332600,8281399
demo_matriz,4038,67332601,8281399
demo_matriz,4039,67332736,8281416
demo_matriz,4040,67332737,8281416
demo_matriz,4041,67332872,8281433
demo_matriz,4042,67332873,8281433
demo_matriz,4043,137422178114,17177637088
demo_matriz,4044,67333008,8281450
demo_matriz,4045,67333009,8281450
demo_matriz,4046,137422178114,17177637088
demo_matriz,4047,67333144,8281467
demo_matriz,4048,67333145,8281467
demo_matriz,4049,137422178114,17177637088
demo_matriz,4050,67333280,8281484
demo_matriz,4051,67333281,8281484
demo_matriz,4052,67333416,8281501
demo_matriz,4053,67333417,8281501
demo_matriz,4054,67333552,8281518
demo_matriz,4055,67333553,8281518
demo_matriz,4056,67333688,8281535
demo_matriz,4057,67333689,8281535
demo_matriz,4058,67333824,8281552
demo_matriz,4059,67333825,8281552
demo_matriz,4060,137422178114,17177637088
demo_matriz,4061,67333960,8281569
demo_matriz,4062,67333961,8281569
demo_matriz,4063,67334096,8281586
demo_matriz,4064,67334097,8281586
demo_matriz,4065,67334232,8281603
demo_matriz,4066,67334233,8281603
demo_matriz,4067,67334368,8281620
demo_matriz,4068,67334369,8281620
demo_matriz,4069,137422178114,17177637088
demo_matriz,4070,67334504,8281637
demo_matriz,4071,67334505,8281637
demo_matriz,4072,67334640,8281654
demo_matriz,4073,67334641,8281654
demo_matriz,4074,67334776,8281671
demo_matriz,4075,67334777,8281671
demo_matriz,4076,137422178114,17177637088
demo_matriz,4077,67334912,8281688
demo_matriz,4078,67334913,8281688
demo_matriz,4079,67335048,8281705
demo_matriz,4080,67335049,8281705
demo_matriz,4081,67335184,8281722
demo_matriz,4082,67335185,8281722
demo_matriz,4083,67335320,8281739
demo_matriz,4084,67335321,8281739
demo_matriz,4085,67335456,8281756
demo_matriz,4086,67335457,8281756
demo_matriz,4087,137422178114,17177637088
demo_matriz,4088,67335592,8281773
demo_matriz,4089,67335593,8281773
demo_matriz,4090,67335728,8281790
demo_matriz,4091,67335729,8281790
demo_matriz,4092,137422178114,17177637088
demo_matriz,4093,67335864,8281807
demo_matriz,4094,67335865,8281807
demo_matriz,4095,67336000,8281824
demo_matriz,4096,67336001,8281824
demo_matriz,4097,67336136,8281841
demo_matriz,4098,67336137,8281841
demo_matriz,4099,67336272,8281858
demo_matriz,4100,67336273,8281858
demo_matriz,4101,67336408,8281875
demo_matriz,4102,67336409,8281875
demo_matriz,4103,137422178114,17177637088
demo_matriz,4104,67336544,8281892
demo_matriz,4105,67336545,8281892
demo_matriz,4106,67336680,8281909
demo_matriz,4107,67336681,8281909
demo_matriz,4108,137422175936,17177636816
demo_matriz,4109,137422178133,17177637090
demo_matriz,4110,137422178134,17177637090
demo_matriz,4111,137422178135,17177637090
demo_matriz,4112,137422178136,17177637091
demo_matriz,4113,137422178137,17177637091
demo_matriz,4114,137422178138,17177637091
demo_matriz,4115,137422178139,17177637091
demo_matriz,4116,137422178140,17177637091
demo_matriz,4117,137422178133,17177637090
demo_matriz,4118,67331240,8281229
demo_matriz,4119,67331241,8281229
demo_matriz,4120,67331376,8281246
demo_matriz,4121,67331377,8281246
demo_matriz,4122,137422178133,17177637090
demo_matriz,4123,67331512,8281263
demo_matriz,4124,67331513,8281263
demo_matriz,4125,67331648,8281280
demo_matriz,4126,67331649,8281280
demo_matriz,4127,67331784,8281297
demo_matriz,4128,67331785,8281297
demo_matriz,4129,67331920,8281314
demo_matriz,4130,67331921,8281314
demo_matriz,4131,67332056,8281331
demo_matriz,4132,67332057,8281331
demo_matriz,4133,67332192,8281348
demo_matriz,4134,67332193,8281348
demo_matriz,4135,67332328,8281365
demo_matriz,4136,67332329,8281365
demo_matriz,4137,67332464,8281382
demo_matriz,4138,67332465,8281382
demo_matriz,4139,67332600,8281399
demo_matriz,4140,67332601,8281399
demo_matriz,4141,67332736,8281416
demo_matriz,4142,67332737,8281416
demo_matriz,4143,67332872,8281433
demo_matriz,4144,67332873,8281433
demo_matriz,4145,137422178133,17177637090
demo_matriz,4146,67333008,8281450
demo_matriz,4147,67333009,8281450
demo_matriz,4148,137422178133,17177637090
demo_matriz,4149,67333010,8281450
demo_matriz,4150,137422178134,17177637090
demo_matriz,4151,67333144,8281467
demo_matriz,4152,67333145,8281467
demo_matriz,4153,137422178133,17177637090
demo_matriz,4154,67333280,8281484
demo_matriz,4155,67333281,8281484
demo_matriz,4156,67333416,8281501
demo_matriz,4157,67333417,8281501
demo_matriz,4158,67333552,8281518
demo_matriz,4159,67333553,8281518
demo_matriz,4160,67333688,8281535
demo_matriz,4161,67333689,8281535
demo_matriz,4162,67333824,8281552
demo_matriz,4163,67333825,8281552
demo_matriz,4164,137422178133,17177637090
demo_matriz,4165,67333826,8281552
demo_matriz,4166,137422178134,17177637090
demo_matriz,4167,67333960,8281569
demo_matriz,4168,67333961,8281569
demo_matriz,4169,67334096,8281586
demo_matriz,4170,67334097,8281586
demo_matriz,4171,67334232,8281603
demo_matriz,4172,67334233,8281603
demo_matriz,4173,67334368,8281620
demo_matriz,4174,67334369,8281620
demo_matriz,4175,137422178133,17177637090
demo_matriz,4176,67334504,8281637
demo_matriz,4177,67334505,8281637
demo_matriz,4178,67334640,8281654
demo_matriz,4179,67334641,8281654
demo_matriz,4180,67334776,8281671
demo_matriz,4181,67334777,8281671
demo_matriz,4182,137422178133,17177637090
demo_matriz,4183,67334912,8281688
demo_matriz,4184,67334913,8281688
demo_matriz,4185,67335048,8281705
demo_matriz,4186,67335049,8281705
demo_matriz,4187,67335184,8281722
demo_matriz,4188,67335185,8281722
demo_matriz,4189,67335320,8281739
demo_matriz,4190,67335321,8281739
demo_matriz,4191,67335456,8281756
demo_matriz,4192,67335457,8281756
demo_matriz,4193,137422178133,17177637090
demo_matriz,4194,67335592,8281773
demo_matriz,4195,67335593,8281773
demo_matriz,4196,67335728,8281790
demo_matriz,4197,67335729,8281790
demo_matriz,4198,137422178133,17177637090
demo_matriz,4199,67335864,8281807
demo_matriz,4200,67335865,8281807
demo_matriz,4201,67336000,8281824
demo_matriz,4202,67336001,8281824
demo_matriz,4203,67336136,8281841
demo_matriz,4204,67336137,8281841
demo_matriz,4205,67336272,8281858
demo_matriz,4206,67336273,8281858
demo_matriz,4207,67336408,8281875
demo_matriz,4208,67336409,8281875
demo_matriz,4209,137422178133,17177637090
demo_matriz,4210,67336544,8281892
demo_matriz,4211,67336545,8281892
demo_matriz,4212,67336680,8281909
demo_matriz,4213,67336681,8281909
demo_matriz,4214,137422175944,17177636817
demo_matriz,4215,137422178150,17177637092
demo_matriz,4216,137422178151,17177637092
demo_matriz,4217,137422178152,17177637093
demo_matriz,4218,137422178153,17177637093
demo_matriz,4219,137422178154,17177637093
demo_matriz,4220,137422178155,17177637093
demo_matriz,4221,137422178156,17177637093
demo_matriz,4222,137422178157,17177637093
demo_matriz,4223,137422178158,17177637093
demo_matriz,4224,137422178159,17177637093
demo_matriz,4225,137422178160,17177637094
demo_matriz,4226,137422178161,17177637094
demo_matriz,4227,137422178150,17177637092
demo_matriz,4228,67331240,8281229
demo_matriz,4229,67331241,8281229
demo_matriz,4230,67331376,8281246
demo_matriz,4231,67331377,8281246
demo_matriz,4232,137422178150,17177637092
demo_matriz,4233,67331512,8281263
demo_matriz,4234,67331513,8281263
demo_matriz,4235,67331648,8281280
demo_matriz,4236,67331649,8281280
demo_matriz,4237,67331784,8281297
demo_matriz,4238,67331785,8281297
demo_matriz,4239,67331920,8281314
demo_matriz,4240,67331921,8281314
demo_matriz,4241,67332056,8281331
demo_matriz,4242,67332057,8281331
demo_matriz,4243,67332192,8281348
demo_matriz,4244,67332193,8281348
demo_matriz,4245,67332328,8281365
demo_matriz,4246,67332329,8281365
demo_matriz,4247,67332464,8281382
demo_matriz,4248,67332465,8281382
demo_matriz,4249,67332600,8281399
demo_matriz,4250,67332601,8281399
demo_matriz,4251,67332736,8281416
demo_matriz,4252,67332737,8281416
demo_matriz,4253,67332872,8281433
demo_matriz,4254,67332873,8281433
demo_matriz,4255,137422178150,17177637092
demo_matriz,4256,67333008,8281450
demo_matriz,4257,67333009,8281450
demo_matriz,4258,137422178150,17177637092
demo_matriz,4259,67333144,8281467
demo_matriz,4260,67333145,8281467
demo_matriz,4261,137422178150,17177637092
demo_matriz,4262,67333280,8281484
demo_matriz,4263,67333281,8281484
demo_matriz,4264,67333416,8281501
demo_matriz,4265,67333417,8281501
demo_matriz,4266,67333552,8281518
demo_matriz,4267,67333553,8281518
demo_matriz,4268,67333688,8281535
demo_matriz,4269,67333689,8281535
demo_matriz,4270,67333824,8281552
demo_matriz,4271,67333825,8281552
demo_matriz,4272,137422178150,17177637092
demo_matriz,4273,67333960,8281569
demo_matriz,4274,67333961,8281569
demo_matriz,4275,67334096,8281586
demo_matriz,4276,67334097,8281586
demo_matriz,4277,67334232,8281603
demo_matriz,4278,67334233,8281603
demo_matriz,4279,67334368,8281620
demo_matriz,4280,67334369,8281620
demo_matriz,4281,137422178150,17177637092
demo_matriz,4282,67334504,8281637
demo_matriz,4283,67334505,8281637
demo_matriz,4284,67334640,8281654
demo_matriz,4285,67334641,8281654
demo_matriz,4286,67334776,8281671
demo_matriz,4287,67334777,8281671
demo_matriz,4288,137422178150,17177637092
demo_matriz,4289,67334912,8281688
demo_matriz,4290,67334913,8281688
demo_matriz,4291,67335048,8281705
demo_matriz,4292,67335049,8281705
demo_matriz,4293,67335184,8281722
demo_matriz,4294,67335185,8281722
demo_matriz,4295,67335320,8281739
demo_matriz,4296,67335321,8281739
demo_matriz,4297,67335456,8281756
demo_matriz,4298,67335457,8281756
demo_matriz,4299,137422178150,17177637092
demo_matriz,4300,67335592,8281773
demo_matriz,4301,67335593,8281773
demo_matriz,4302,67335728,8281790
demo_matriz,4303,67335729,8281790
demo_matriz,4304,137422178150,17177637092
demo_matriz,4305,67335864,8281807
demo_matriz,4306,67335865,8281807
demo_matriz,4307,67336000,8281824
demo_matriz,4308,67336001,8281824
demo_matriz,4309,67336136,8281841
demo_matriz,4310,67336137,8281841
demo_matriz,4311,67336272,8281858
demo_matriz,4312,67336273,8281858
demo_matriz,4313,67336408,8281875
demo_matriz,4314,67336409,8281875
demo_matriz,4315,137422178150,17177637092
demo_matriz,4316,67336544,8281892
demo_matriz,4317,67336545,8281892
demo_matriz,4318,67336680,8281909
demo_matriz,4319,67336681,8281909
demo_matriz,4320,137422175952,17177636818
demo_matriz,4321,137422178164,17177637094
demo_matriz,4322,137422178165,17177637094
demo_matriz,4323,137422178164,17177637094
demo_matriz,4324,67331240,8281229
demo_matriz,4325,67331241,8281229
demo_matriz,4326,67331376,8281246
demo_matriz,4327,67331377,8281246
demo_matriz,4328,137422178164,17177637094
demo_matriz,4329,67331512,8281263
demo_matriz,4330,67331513,8281263
demo_matriz,4331,67331648,8281280
demo_matriz,4332,67331649,8281280
demo_matriz,4333,67331784,8281297
demo_matriz,4334,67331785,8281297
demo_matriz,4335,67331920,8281314
demo_matriz,4336,67331921,8281314
demo_matriz,4337,67332056,8281331
demo_matriz,4338,67332057,8281331
demo_matriz,4339,67332192,8281348
demo_matriz,4340,67332193,8281348
demo_matriz,4341,67332328,8281365
demo_matriz,4342,67332329,8281365
demo_matriz,4343,67332464,8281382
demo_matriz,4344,67332465,8281382
demo_matriz,4345,67332600,8281399
demo_matriz,4346,67332601,8281399
demo_matriz,4347,67332736,8281416
demo_matriz,4348,67332737,8281416
demo_matriz,4349,67332872,8281433
demo_matriz,4350,67332873,8281433
demo_matriz,4351,137422178164,17177637094
demo_matriz,4352,67333008,8281450
demo_matriz,4353,67333009,8281450
demo_matriz,4354,137422178164,17177637094
demo_matriz,4355,67333144,8281467
demo_matriz,4356,67333145,8281467
demo_matriz,4357,137422178164,17177637094
demo_matriz,4358,67333280,8281484
demo_matriz,4359,67333281,8281484
demo_matriz,4360,67333416,8281501
demo_matriz,4361,67333417,8281501
demo_matriz,4362,67333552,8281518
demo_matriz,4363,67333553,8281518
demo_matriz,4364,67333688,8281535
demo_matriz,4365,67333689,8281535
demo_matriz,4366,67333824,8281552
demo_matriz,4367,67333825,8281552
demo_matriz,4368,137422178164,17177637094
demo_matriz,4369,67333960,8281569
demo_matriz,4370,67333961,8281569
demo_matriz,4371,67334096,8281586
demo_matriz,4372,67334097,8281586
demo_matriz,4373,67334232,8281603
demo_matriz,4374,67334233,8281603
demo_matriz,4375,67334368,8281620
demo_matriz,4376,67334369,8281620
demo_matriz,4377,137422178164,17177637094
demo_matriz,4378,67334504,8281637
demo_matriz,4379,67334505,8281637
demo_matriz,4380,67334640,8281654
demo_matriz,4381,67334641,8281654
demo_matriz,4382,67334776,8281671
demo_matriz,4383,67334777,8281671
demo_matriz,4384,137422178164,17177637094
demo_matriz,4385,67334912,8281688
demo_matriz,4386,67334913,8281688
demo_matriz,4387,67335048,8281705
demo_matriz,4388,67335049,8281705
demo_matriz,4389,67335184,8281722
demo_matriz,4390,67335185,8281722
demo_matriz,4391,67335320,8281739
demo_matriz,4392,67335321,8281739
demo_matriz,4393,67335456,8281756
demo_matriz,4394,67335457,8281756
demo_matriz,4395,137422178164,17177637094
demo_matriz,4396,67335592,8281773
demo_matriz,4397,67335593,8281773
demo_matriz,4398,67335728,8281790
demo_matriz,4399,67335729,8281790
demo_matriz,4400,137422178164,17177637094
demo_matriz,4401,67335864,8281807
demo_matriz,4402,67335865,8281807
demo_matriz,4403,67336000,8281824
demo_matriz,4404,67336001,8281824
demo_matriz,4405,67336136,8281841
demo_matriz,4406,67336137,8281841
demo_matriz,4407,67336272,8281858
demo_matriz,4408,67336273,8281858
demo_matriz,4409,67336408,8281875
demo_matriz,4410,67336409,8281875
demo_matriz,4411,137422178164,17177637094
demo_matriz,4412,67336544,8281892
demo_matriz,4413,67336545,8281892
demo_matriz,4414,67336680,8281909
demo_matriz,4415,67336681,8281909
demo_matriz,4416,137422175960,17177636819
demo_matriz,4417,137422178183,17177637096
demo_matriz,4418,137422178184,17177637097
demo_matriz,4419,137422178185,17177637097
demo_matriz,4420,137422178186,17177637097
demo_matriz,4421,137422178187,17177637097
demo_matriz,4422,137422178188,17177637097
demo_matriz,4423,137422178189,17177637097
demo_matriz,4424,137422178190,17177637097
demo_matriz,4425,137422178191,17177637097
demo_matriz,4426,137422178192,17177637098
demo_matriz,4427,137422178193,17177637098
demo_matriz,4428,137422178194,17177637098
demo_matriz,4429,137422178195,17177637098
demo_matriz,4430,137422178196,17177637098
demo_matriz,4431,137422178183,17177637096
demo_matriz,4432,67331240,8281229
demo_matriz,4433,67331241,8281229
demo_matriz,4434,67331376,8281246
demo_matriz,4435,67331377,8281246
demo_matriz,4436,137422178183,17177637096
demo_matriz,4437,67331512,8281263
demo_matriz,4438,67331513,8281263
demo_matriz,4439,67331648,8281280
demo_matriz,4440,67331649,8281280
demo_matriz,4441,67331784,8281297
demo_matriz,4442,67331785,8281297
demo_matriz,4443,67331920,8281314
demo_matriz,4444,67331921,8281314
demo_matriz,4445,67332056,8281331
demo_matriz,4446,67332057,8281331
demo_matriz,4447,67332192,8281348
demo_matriz,4448,67332193,8281348
demo_matriz,4449,67332328,8281365
demo_matriz,4450,67332329,8281365
demo_matriz,4451,67332464,8281382
demo_matriz,4452,67332465,8281382
demo_matriz,4453,67332600,8281399
demo_matriz,4454,67332601,8281399
demo_matriz,4455,67332736,8281416
demo_matriz,4456,67332737,8281416
demo_matriz,4457,67332872,8281433
demo_matriz,4458,67332873,8281433
demo_matriz,4459,137422178183,17177637096
demo_matriz,4460,67333008,8281450
demo_matriz,4461,67333009,8281450
demo_matriz,4462,137422178183,17177637096
demo_matriz,4463,67333144,8281467
demo_matriz,4464,67333145,8281467
demo_matriz,4465,137422178183,17177637096
demo_matriz,4466,67333280,8281484
demo_matriz,4467,67333281,8281484
demo_matriz,4468,67333416,8281501
demo_matriz,4469,67333417,8281501
demo_matriz,4470,67333552,8281518
demo_matriz,4471,67333553,8281518
demo_matriz,4472,67333688,8281535
demo_matriz,4473,67333689,8281535
demo_matriz,4474,67333824,8281552
demo_matriz,4475,67333825,8281552
demo_matriz,4476,137422178183,17177637096
demo_matriz,4477,67333960,8281569
demo_matriz,4478,67333961,8281569
demo_matriz,4479,67334096,8281586
demo_matriz,4480,67334097,8281586
demo_matriz,4481,67334232,8281603
demo_matriz,4482,67334233,8281603
demo_matriz,4483,67334368,8281620
demo_matriz,4484,67334369,8281620
demo_matriz,4485,137422178183,17177637096
demo_matriz,4486,67334504,8281637
demo_matriz,4487,67334505,8281637
demo_matriz,4488,67334640,8281654
demo_matriz,4489,67334641,8281654
demo_matriz,4490,67334776,8281671
demo_matriz,4491,67334777,8281671
demo_matriz,4492,137422178183,17177637096
demo_matriz,4493,67334912,8281688
demo_matriz,4494,67334913,8281688
demo_matriz,4495,67335048,8281705
demo_matriz,4496,67335049,8281705
demo_matriz,4497,67335184,8281722
demo_matriz,4498,67335185,8281722
demo_matriz,4499,67335320,8281739
demo_matriz,4500,67335321,8281739
demo_matriz,4501,67335456,8281756
demo_matriz,4502,67335457,8281756
demo_matriz,4503,137422178183,17177637096
demo_matriz,4504,67335592,8281773
demo_matriz,4505,67335593,8281773
demo_matriz,4506,67335728,8281790
demo_matriz,4507,67335729,8281790
demo_matriz,4508,137422178183,17177637096
demo_matriz,4509,67335864,8281807
demo_matriz,4510,67335865,8281807
demo_matriz,4511,67336000,8281824
demo_matriz,4512,67336001,8281824
demo_matriz,4513,67336136,8281841
demo_matriz,4514,67336137,8281841
demo_matriz,4515,67336272,8281858
demo_matriz,4516,67336273,8281858
demo_matriz,4517,67336408,8281875
demo_matriz,4518,67336409,8281875
demo_matriz,4519,137422178183,17177637096
demo_matriz,4520,67336544,8281892
demo_matriz,4521,67336545,8281892
demo_matriz,4522,67336680,8281909
demo_matriz,4523,67336681,8281909
demo_matriz,4524,137422175968,17177636820
demo_matriz,4525,137422178210,17177637100
demo_matriz,4526,137422178211,17177637100
demo_matriz,4527,137422178212,17177637100
demo_matriz,4528,137422178213,17177637100
demo_matriz,4529,137422178214,17177637100
demo_matriz,4530,137422178215,17177637100
demo_matriz,4531,137422178216,17177637101
demo_matriz,4532,137422178217,17177637101
demo_matriz,4533,137422178218,17177637101
demo_matriz,4534,137422178219,17177637101
demo_matriz,4535,137422178220,17177637101
demo_matriz,4536,137422178221,17177637101
demo_matriz,4537,137422178222,17177637101
demo_matriz,4538,137422178223,17177637101
demo_matriz,4539,137422178224,17177637102
demo_matriz,4540,137422178225,17177637102
demo_matriz,4541,137422178226,17177637102
demo_matriz,4542,137422178227,17177637102
demo_matriz,4543,137422178210,17177637100
demo_matriz,4544,67331240,8281229
demo_matriz,4545,67331241,8281229
demo_matriz,4546,67331376,8281246
demo_matriz,4547,67331377,8281246
demo_matriz,4548,137422178210,17177637100
demo_matriz,4549,67331512,8281263
demo_matriz,4550,67331513,8281263
demo_matriz,4551,67331648,8281280
demo_matriz,4552,67331649,8281280
demo_matriz,4553,67331784,8281297
demo_matriz,4554,67331785,8281297
demo_matriz,4555,67331920,8281314
demo_matriz,4556,67331921,8281314
demo_matriz,4557,67332056,8281331
demo_matriz,4558,67332057,8281331
demo_matriz,4559,67332192,8281348
demo_matriz,4560,67332193,8281348
demo_matriz,4561,67332328,8281365
demo_matriz,4562,67332329,8281365
demo_matriz,4563,67332464,8281382
demo_matriz,4564,67332465,8281382
demo_matriz,4565,67332600,8281399
demo_matriz,4566,67332601,8281399
demo_matriz,4567,67332736,8281416
demo_matriz,4568,67332737,8281416
demo_matriz,4569,67332872,8281433
demo_matriz,4570,67332873,8281433
demo_matriz,4571,137422178210,17177637100
demo_matriz,4572,67333008,8281450
demo_matriz,4573,67333009,8281450
demo_matriz,4574,137422178210,17177637100
demo_matriz,4575,67333144,8281467
demo_matriz,4576,67333145,8281467
demo_matriz,4577,137422178210,17177637100
demo_matriz,4578,67333280,8281484
demo_matriz,4579,67333281,8281484
demo_matriz,4580,67333416,8281501
demo_matriz,4581,67333417,8281501
demo_matriz,4582,67333552,8281518
demo_matriz,4583,67333553,8281518
demo_matriz,4584,67333688,8281535
demo_matriz,4585,67333689,8281535
demo_matriz,4586,67333824,8281552
demo_matriz,4587,67333825,8281552
demo_matriz,4588,137422178210,17177637100
demo_matriz,4589,67333960,8281569
demo_matriz,4590,67333961,8281569
demo_matriz,4591,67334096,8281586
demo_matriz,4592,67334097,8281586
demo_matriz,4593,67334232,8281603
demo_matriz,4594,67334233,8281603
demo_matriz,4595,67334368,8281620
demo_matriz,4596,67334369,8281620
demo_matriz,4597,137422178210,17177637100
demo_matriz,4598,67334504,8281637
demo_matriz,4599,67334505,8281637
demo_matriz,4600,67334640,8281654
demo_matriz,4601,67334641,8281654
demo_matriz,4602,67334776,8281671
demo_matriz,4603,67334777,8281671
demo_matriz,4604,137422178210,17177637100
demo_matriz,4605,67334912,8281688
demo_matriz,4606,67334913,8281688
demo_matriz,4607,67335048,8281705
demo_matriz,4608,67335049,8281705
demo_matriz,4609,67335184,8281722
demo_matriz,4610,67335185,8281722
demo_matriz,4611,67335320,8281739
demo_matriz,4612,67335321,8281739
demo_matriz,4613,67335456,8281756
demo_matriz,4614,67335457,8281756
demo_matriz,4615,137422178210,17177637100
demo_matriz,4616,67335592,8281773
demo_matriz,4617,67335593,8281773
demo_matriz,4618,67335728,8281790
demo_matriz,4619,67335729,8281790
demo_matriz,4620,137422178210,17177637100
demo_matriz,4621,67335864,8281807
demo_matriz,4622,67335865,8281807
demo_matriz,4623,67336000,8281824
demo_matriz,4624,67336001,8281824
demo_matriz,4625,67336136,8281841
demo_matriz,4626,67336137,8281841
demo_matriz,4627,67336272,8281858
demo_matriz,4628,67336273,8281858
demo_matriz,4629,67336408,8281875
demo_matriz,4630,67336409,8281875
demo_matriz,4631,137422178210,17177637100
demo_matriz,4632,67336544,8281892
demo_matriz,4633,67336545,8281892
demo_matriz,4634,67336680,8281909
demo_matriz,4635,67336681,8281909
demo_matriz,4636,137422175976,17177636821
demo_matriz,4637,137422178233,17177637103
demo_matriz,4638,137422178234,17177637103
demo_matriz,4639,137422178235,17177637103
demo_matriz,4640,137422178236,17177637103
demo_matriz,4641,137422178237,17177637103
demo_matriz,4642,137422178233,17177637103
demo_matriz,4643,67331240,8281229
demo_matriz,4644,67331241,8281229
demo_matriz,4645,67331376,8281246
demo_matriz,4646,67331377,8281246
demo_matriz,4647,137422178233,17177637103
demo_matriz,4648,67331512,8281263
demo_matriz,4649,67331513,8281263
demo_matriz,4650,67331648,8281280
demo_matriz,4651,67331649,8281280
demo_matriz,4652,67331784,8281297
demo_matriz,4653,67331785,8281297
demo_matriz,4654,67331920,8281314
demo_matriz,4655,67331921,8281314
demo_matriz,4656,67332056,8281331
demo_matriz,4657,67332057,8281331
demo_matriz,4658,67332192,8281348
demo_matriz,4659,67332193,8281348
demo_matriz,4660,67332328,8281365
demo_matriz,4661,67332329,8281365
demo_matriz,4662,67332464,8281382
demo_matriz,4663,67332465,8281382
demo_matriz,4664,67332600,8281399
demo_matriz,4665,67332601,8281399
demo_matriz,4666,67332736,8281416
demo_matriz,4667,67332737,8281416
demo_matriz,4668,67332872,8281433
demo_matriz,4669,67332873,8281433
demo_matriz,4670,137422178233,17177637103
demo_matriz,4671,67333008,8281450
demo_matriz,4672,67333009,8281450
demo_matriz,4673,137422178233,17177637103
demo_matriz,4674,67333144,8281467
demo_matriz,4675,67333145,8281467
demo_matriz,4676,137422178233,17177637103
demo_matriz,4677,67333280,8281484
demo_matriz,4678,67333281,8281484
demo_matriz,4679,67333416,8281501
demo_matriz,4680,67333417,8281501
demo_matriz,4681,67333552,8281518
demo_matriz,4682,67333553,8281518
demo_matriz,4683,67333688,8281535
demo_matriz,4684,67333689,8281535
demo_matriz,4685,67333824,8281552
demo_matriz,4686,67333825,8281552
demo_matriz,4687,137422178233,17177637103
demo_matriz,4688,67333960,8281569
demo_matriz,4689,67333961,8281569
demo_matriz,4690,67334096,8281586
demo_matriz,4691,67334097,8281586
demo_matriz,4692,67334232,8281603
demo_matriz,4693,67334233,8281603
demo_matriz,4694,67334368,8281620
demo_matriz,4695,67334369,8281620
demo_matriz,4696,137422178233,17177637103
demo_matriz,4697,67334504,8281637
demo_matriz,4698,67334505,8281637
demo_matriz,4699,67334640,8281654
demo_matriz,4700,67334641,8281654
demo_matriz,4701,67334776,8281671
demo_matriz,4702,67334777,8281671
demo_matriz,4703,137422178233,17177637103
demo_matriz,4704,67334912,8281688
demo_matriz,4705,67334913,8281688
demo_matriz,4706,67335048,8281705
demo_matriz,4707,67335049,8281705
demo_matriz,4708,67335184,8281722
demo_matriz,4709,67335185,8281722
demo_matriz,4710,67335320,8281739
demo_matriz,4711,67335321,8281739
demo_matriz,4712,67335456,8281756
demo_matriz,4713,67335457,8281756
demo_matriz,4714,137422178233,17177637103
demo_matriz,4715,67335592,8281773
demo_matriz,4716,67335593,8281773
demo_matriz,4717,67335728,8281790
demo_matriz,4718,67335729,8281790
demo_matriz,4719,137422178233,17177637103
demo_matriz,4720,67335864,8281807
demo_matriz,4721,67335865,8281807
demo_matriz,4722,67336000,8281824
demo_matriz,4723,67336001,8281824
demo_matriz,4724,67336136,8281841
demo_matriz,4725,67336137,8281841
demo_matriz,4726,67336272,8281858
demo_matriz,4727,67336273,8281858
demo_matriz,4728,67336408,8281875
demo_matriz,4729,67336409,8281875
demo_matriz,4730,137422178233,17177637103
demo_matriz,4731,67336544,8281892
demo_matriz,4732,67336545,8281892
demo_matriz,4733,67336680,8281909
demo_matriz,4734,67336681,8281909
demo_matriz,4735,137422175984,17177636822
demo_matriz,4736,137422178243,17177637104
demo_matriz,4737,137422178244,17177637104
demo_matriz,4738,137422178245,17177637104
demo_matriz,4739,137422178246,17177637104
demo_matriz,4740,137422178247,17177637104
demo_matriz,4741,137422178248,17177637105
demo_matriz,4742,137422178249,17177637105
demo_matriz,4743,137422178250,17177637105
demo_matriz,4744,137422178251,17177637105
demo_matriz,4745,137422178252,17177637105
demo_matriz,4746,137422178253,17177637105
demo_matriz,4747,137422178254,17177637105
demo_matriz,4748,137422178255,17177637105
demo_matriz,4749,137422178256,17177637106
demo_matriz,4750,137422178257,17177637106
demo_matriz,4751,137422178243,17177637104
demo_matriz,4752,67331240,8281229
demo_matriz,4753,67331241,8281229
demo_matriz,4754,67331376,8281246
demo_matriz,4755,67331377,8281246
demo_matriz,4756,137422178243,17177637104
demo_matriz,4757,67331512,8281263
demo_matriz,4758,67331513,8281263
demo_matriz,4759,67331648,8281280
demo_matriz,4760,67331649,8281280
demo_matriz,4761,67331784,8281297
demo_matriz,4762,67331785,8281297
demo_matriz,4763,67331920,8281314
demo_matriz,4764,67331921,8281314
demo_matriz,4765,67332056,8281331
demo_matriz,4766,67332057,8281331
demo_matriz,4767,67332192,8281348
demo_matriz,4768,67332193,8281348
demo_matriz,4769,67332328,8281365
demo_matriz,4770,67332329,8281365
demo_matriz,4771,67332464,8281382
demo_matriz,4772,67332465,8281382
demo_matriz,4773,67332600,8281399
demo_matriz,4774,67332601,8281399
demo_matriz,4775,67332736,8281416
demo_matriz,4776,67332737,8281416
demo_matriz,4777,67332872,8281433
demo_matriz,4778,67332873,8281433
demo_matriz,4779,137422178243,17177637104
demo_matriz,4780,67333008,8281450
demo_matriz,4781,67333009,8281450
demo_matriz,4782,137422178243,17177637104
demo_matriz,4783,67333144,8281467
demo_matriz,4784,67333145,8281467
demo_matriz,4785,137422178243,17177637104
demo_matriz,4786,67333280,8281484
demo_matriz,4787,67333281,8281484
demo_matriz,4788,67333416,8281501
demo_matriz,4789,67333417,8281501
demo_matriz,4790,67333552,8281518
demo_matriz,4791,67333553,8281518
demo_matriz,4792,67333688,8281535
demo_matriz,4793,67333689,8281535
demo_matriz,4794,67333824,8281552
demo_matriz,4795,67333825,8281552
demo_matriz,4796,137422178243,17177637104
demo_matriz,4797,67333960,8281569
demo_matriz,4798,67333961,8281569
demo_matriz,4799,67334096,8281586
demo_matriz,4800,67334097,8281586
demo_matriz,4801,67334232,8281603
demo_matriz,4802,67334233,8281603
demo_matriz,4803,67334368,8281620
demo_matriz,4804,67334369,8281620
demo_matriz,4805,137422178243,17177637104
demo_matriz,4806,67334504,8281637
demo_matriz,4807,67334505,8281637
demo_matriz,4808,67334640,8281654
demo_matriz,4809,67334641,8281654
demo_matriz,4810,67334776,8281671
demo_matriz,4811,67334777,8281671
demo_matriz,4812,137422178243,17177637104
demo_matriz,4813,67334912,8281688
demo_matriz,4814,67334913,8281688
demo_matriz,4815,67335048,8281705
demo_matriz,4816,67335049,8281705
demo_matriz,4817,67335184,8281722
demo_matriz,4818,67335185,8281722
demo_matriz,4819,67335320,8281739
demo_matriz,4820,67335321,8281739
demo_matriz,4821,67335456,8281756
demo_matriz,4822,67335457,8281756
demo_matriz,4823,137422178243,17177637104
demo_matriz,4824,67335592,8281773
demo_matriz,4825,67335593,8281773
demo_matriz,4826,67335728,8281790
demo_matriz,4827,67335729,8281790
demo_matriz,4828,137422178243,17177637104
demo_matriz,4829,67335864,8281807
demo_matriz,4830,67335865,8281807
demo_matriz,4831,67336000,8281824
demo_matriz,4832,67336001,8281824
demo_matriz,4833,67336136,8281841
demo_matriz,4834,67336137,8281841
demo_matriz,4835,67336272,8281858
demo_matriz,4836,67336273,8281858
demo_matriz,4837,67336408,8281875
demo_matriz,4838,67336409,8281875
demo_matriz,4839,137422178243,17177637104
demo_matriz,4840,67336544,8281892
demo_matriz,4841,67336545,8281892
demo_matriz,4842,67336680,8281909
demo_matriz,4843,67336681,8281909
demo_matriz,4844,137422175992,17177636823
demo_matriz,4845,137422178261,17177637106
demo_matriz,4846,137422178262,17177637106
demo_matriz,4847,137422178263,17177637106
demo_matriz,4848,137422178264,17177637107
demo_matriz,4849,137422178265,17177637107
demo_matriz,4850,137422178266,17177637107
demo_matriz,4851,137422178267,17177637107
demo_matriz,4852,137422178268,17177637107
demo_matriz,4853,137422178269,17177637107
demo_matriz,4854,137422178270,17177637107
demo_matriz,4855,137422178271,17177637107
demo_matriz,4856,137422178272,17177637108
demo_matriz,4857,137422178273,17177637108
demo_matriz,4858,137422178274,17177637108
demo_matriz,4859,137422178275,17177637108
demo_matriz,4860,137422178276,17177637108
demo_matriz,4861,137422178277,17177637108
demo_matriz,4862,137422178278,17177637108
demo_matriz,4863,137422178279,17177637108
demo_matriz,4864,137422178280,17177637109
demo_matriz,4865,137422178281,17177637109
demo_matriz,4866,137422178282,17177637109
demo_matriz,4867,137422178283,17177637109
demo_matriz,4868,137422178284,17177637109
demo_matriz,4869,137422178285,17177637109
demo_matriz,4870,137422178261,17177637106
demo_matriz,4871,67298051,8277080
demo_matriz,4872,137422178262,17177637106
demo_matriz,4873,67331240,8281229
demo_matriz,4874,67331241,8281229
demo_matriz,4875,67331376,8281246
demo_matriz,4876,67331377,8281246
demo_matriz,4877,137422178261,17177637106
demo_matriz,4878,67331512,8281263
demo_matriz,4879,67331513,8281263
demo_matriz,4880,67331648,8281280
demo_matriz,4881,67331649,8281280
demo_matriz,4882,67331784,8281297
demo_matriz,4883,67331785,8281297
demo_matriz,4884,67331920,8281314
demo_matriz,4885,67331921,8281314
demo_matriz,4886,67332056,8281331
demo_matriz,4887,67332057,8281331
demo_matriz,4888,67332192,8281348
demo_matriz,4889,67332193,8281348
demo_matriz,4890,67332328,8281365
demo_matriz,4891,67332329,8281365
demo_matriz,4892,67332464,8281382
demo_matriz,4893,67332465,8281382
demo_matriz,4894,67332600,8281399
demo_matriz,4895,67332601,8281399
demo_matriz,4896,67332736,8281416
demo_matriz,4897,67332737,8281416
demo_matriz,4898,67332872,8281433
demo_matriz,4899,67332873,8281433
demo_matriz,4900,137422178261,17177637106
demo_matriz,4901,67333008,8281450
demo_matriz,4902,67333009,8281450
demo_matriz,4903,137422178261,17177637106
demo_matriz,4904,67333144,8281467
demo_matriz,4905,67333145,8281467
demo_matriz,4906,137422178261,17177637106
demo_matriz,4907,67333280,8281484
demo_matriz,4908,67333281,8281484
demo_matriz,4909,67333416,8281501
demo_matriz,4910,67333417,8281501
demo_matriz,4911,67333552,8281518
demo_matriz,4912,67333553,8281518
demo_matriz,4913,67333688,8281535
demo_matriz,4914,67333689,8281535
demo_matriz,4915,67333824,8281552
demo_matriz,4916,67333825,8281552
demo_matriz,4917,137422178261,17177637106
demo_matriz,4918,67333960,8281569
demo_matriz,4919,67333961,8281569
demo_matriz,4920,67334096,8281586
demo_matriz,4921,67334097,8281586
demo_matriz,4922,67334232,8281603
demo_matriz,4923,67334233,8281603
demo_matriz,4924,67334368,8281620
demo_matriz,4925,67334369,8281620
demo_matriz,4926,137422178261,17177637106
demo_matriz,4927,67334504,8281637
demo_matriz,4928,67334505,8281637
demo_matriz,4929,67334640,8281654
demo_matriz,4930,67334641,8281654
demo_matriz,4931,67334776,8281671
demo_matriz,4932,67334777,8281671
demo_matriz,4933,137422178261,17177637106
demo_matriz,4934,67334912,8281688
demo_matriz,4935,67334913,8281688
demo_matriz,4936,67335048,8281705
demo_matriz,4937,67335049,8281705
demo_matriz,4938,67335184,8281722
demo_matriz,4939,67335185,8281722
demo_matriz,4940,67335320,8281739
demo_matriz,4941,67335321,8281739
demo_matriz,4942,67335456,8281756
demo_matriz,4943,67335457,8281756
demo_matriz,4944,137422178261,17177637106
demo_matriz,4945,67335592,8281773
demo_matriz,4946,67335593,8281773
demo_matriz,4947,67335728,8281790
demo_matriz,4948,67335729,8281790
demo_matriz,4949,137422178261,17177637106
demo_matriz,4950,67335864,8281807
demo_matriz,4951,67335865,8281807
demo_matriz,4952,67336000,8281824
demo_matriz,4953,67336001,8281824
demo_matriz,4954,67336136,8281841
demo_matriz,4955,67336137,8281841
demo_matriz,4956,67336272,8281858
demo_matriz,4957,67336273,8281858
demo_matriz,4958,67336408,8281875
demo_matriz,4959,67336409,8281875
demo_matriz,4960,137422178261,17177637106
demo_matriz,4961,67336544,8281892
demo_matriz,4962,67336545,8281892
demo_matriz,4963,67336680,8281909
demo_matriz,4964,67336681,8281909
demo_matriz,4965,137422176000,17177636824
demo_matriz,4966,137422178305,17177637112
demo_matriz,4967,137422178306,17177637112
demo_matriz,4968,137422178307,17177637112
demo_matriz,4969,137422178308,17177637112
demo_matriz,4970,137422178309,17177637112
demo_matriz,4971,137422178310,17177637112
demo_matriz,4972,137422178311,17177637112
demo_matriz,4973,137422178312,17177637113
demo_matriz,4974,137422178313,17177637113
demo_matriz,4975,137422178314,17177637113
demo_matriz,4976,137422178315,17177637113
demo_matriz,4977,137422178316,17177637113
demo_matriz,4978,137422178317,17177637113
demo_matriz,4979,137422178318,17177637113
demo_matriz,4980,137422178305,17177637112
demo_matriz,4981,67331240,8281229
demo_matriz,4982,67331241,8281229
demo_matriz,4983,67331376,8281246
demo_matriz,4984,67331377,8281246
demo_matriz,4985,137422178305,17177637112
demo_matriz,4986,67331512,8281263
demo_matriz,4987,67331513,8281263
demo_matriz,4988,67331648,8281280
demo_matriz,4989,67331649,8281280
demo_matriz,4990,67331784,8281297
demo_matriz,4991,67331785,8281297
demo_matriz,4992,67331920,8281314
demo_matriz,4993,67331921,8281314
demo_matriz,4994,67332056,8281331
demo_matriz,4995,67332057,8281331
demo_matriz,4996,67332192,8281348
demo_matriz,4997,67332193,8281348
demo_matriz,4998,67332328,8281365
demo_matriz,4999,67332329,8281365
demo_matriz,5000,67332464,8281382
demo_matriz,5001,67332465,8281382
demo_matriz,5002,67332600,8281399
demo_matriz,5003,67332601,8281399
demo_matriz,5004,67332736,8281416
demo_matriz,5005,67332737,8281416
demo_matriz,5006,67332872,8281433
demo_matriz,5007,67332873,8281433
demo_matriz,5008,137422178305,17177637112
demo_matriz,5009,67333008,8281450
demo_matriz,5010,67333009,8281450
demo_matriz,5011,137422178305,17177637112
demo_matriz,5012,67333144,8281467
demo_matriz,5013,67333145,8281467
demo_matriz,5014,137422178305,17177637112
demo_matriz,5015,67333280,8281484
demo_matriz,5016,67333281,8281484
demo_matriz,5017,67333416,8281501
demo_matriz,5018,67333417,8281501
demo_matriz,5019,67333552,8281518
demo_matriz,5020,67333553,8281518
demo_matriz,5021,67333688,8281535
demo_matriz,5022,67333689,8281535
demo_matriz,5023,67333824,8281552
demo_matriz,5024,67333825,8281552
demo_matriz,5025,137422178305,17177637112
demo_matriz,5026,67333960,8281569
demo_matriz,5027,67333961,8281569
demo_matriz,5028,67334096,8281586
demo_matriz,5029,67334097,8281586
demo_matriz,5030,67334232,8281603
demo_matriz,5031,67334233,8281603
demo_matriz,5032,67334368,8281620
demo_matriz,5033,67334369,8281620
demo_matriz,5034,137422178305,17177637112
demo_matriz,5035,67334504,8281637
demo_matriz,5036,67334505,8281637
demo_matriz,5037,67334640,8281654
demo_matriz,5038,67334641,8281654
demo_matriz,5039,67334776,8281671
demo_matriz,5040,67334777,8281671
demo_matriz,5041,137422178305,17177637112
demo_matriz,5042,67334912,8281688
demo_matriz,5043,67334913,8281688
demo_matriz,5044,67335048,8281705
demo_matriz,5045,67335049,8281705
demo_matriz,5046,67335184,8281722
demo_matriz,5047,67335185,8281722
demo_matriz,5048,67335320,8281739
demo_matriz,5049,67335321,8281739
demo_matriz,5050,67335456,8281756
demo_matriz,5051,67335457,8281756
demo_matriz,5052,137422178305,17177637112
demo_matriz,5053,67335592,8281773
demo_matriz,5054,67335593,8281773
demo_matriz,5055,67335728,8281790
demo_matriz,5056,67335729,8281790
demo_matriz,5057,137422178305,17177637112
demo_matriz,5058,67335864,8281807
demo_matriz,5059,67335865,8281807
demo_matriz,5060,67336000,8281824
demo_matriz,5061,67336001,8281824
demo_matriz,5062,67336136,8281841
demo_matriz,5063,67336137,8281841
demo_matriz,5064,67336272,8281858
demo_matriz,5065,67336273,8281858
demo_matriz,5066,67336408,8281875
demo_matriz,5067,67336409,8281875
demo_matriz,5068,137422178305,17177637112
demo_matriz,5069,67336544,8281892
demo_matriz,5070,67336545,8281892
demo_matriz,5071,67336680,8281909
demo_matriz,5072,67336681,8281909
demo_matriz,5073,137422176008,17177636825
demo_matriz,5074,137422178321,17177637114
demo_matriz,5075,137422178322,17177637114
demo_matriz,5076,137422178323,17177637114
demo_matriz,5077,137422178324,17177637114
demo_matriz,5078,137422178325,17177637114
demo_matriz,5079,137422178321,17177637114
demo_matriz,5080,67331240,8281229
demo_matriz,5081,67331241,8281229
demo_matriz,5082,67331376,8281246
demo_matriz,5083,67331377,8281246
demo_matriz,5084,137422178321,17177637114
demo_matriz,5085,67331512,8281263
demo_matriz,5086,67331513,8281263
demo_matriz,5087,67331648,8281280
demo_matriz,5088,67331649,8281280
demo_matriz,5089,67331784,8281297
demo_matriz,5090,67331785,8281297
demo_matriz,5091,67331920,8281314
demo_matriz,5092,67331921,8281314
demo_matriz,5093,67332056,8281331
demo_matriz,5094,67332057,8281331
demo_matriz,5095,67332192,8281348
demo_matriz,5096,67332193,8281348
demo_matriz,5097,67332328,8281365
demo_matriz,5098,67332329,8281365
demo_matriz,5099,67332464,8281382
demo_matriz,5100,67332465,8281382
demo_matriz,5101,67332600,8281399
demo_matriz,5102,67332601,8281399
demo_matriz,5103,67332736,8281416
demo_matriz,5104,67332737,8281416
demo_matriz,5105,67332872,8281433
demo_matriz,5106,67332873,8281433
demo_matriz,5107,137422178321,17177637114
demo_matriz,5108,67333008,8281450
demo_matriz,5109,67333009,8281450
demo_matriz,5110,137422178321,17177637114
demo_matriz,5111,67333144,8281467
demo_matriz,5112,67333145,8281467
demo_matriz,5113,137422178321,17177637114
demo_matriz,5114,67333280,8281484
demo_matriz,5115,67333281,8281484
demo_matriz,5116,67333416,8281501
demo_matriz,5117,67333417,8281501
demo_matriz,5118,67333552,8281518
demo_matriz,5119,67333553,8281518
demo_matriz,5120,67333688,8281535
demo_matriz,5121,67333689,8281535
demo_matriz,5122,67333824,8281552
demo_matriz,5123,67333825,8281552
demo_matriz,5124,137422178321,17177637114
demo_matriz,5125,67333960,8281569
demo_matriz,5126,67333961,8281569
demo_matriz,5127,67334096,8281586
demo_matriz,5128,67334097,8281586
demo_matriz,5129,67334232,8281603
demo_matriz,5130,67334233,8281603
demo_matriz,5131,67334368,8281620
demo_matriz,5132,67334369,8281620
demo_matriz,5133,137422178321,17177637114
demo_matriz,5134,67334504,8281637
demo_matriz,5135,67334505,8281637
demo_matriz,5136,67334640,8281654
demo_matriz,5137,67334641,8281654
demo_matriz,5138,67334776,8281671
demo_matriz,5139,67334777,8281671
demo_matriz,5140,137422178321,17177637114
demo_matriz,5141,67334912,8281688
demo_matriz,5142,67334913,8281688
demo_matriz,5143,67335048,8281705
demo_matriz,5144,67335049,8281705
demo_matriz,5145,67335184,8281722
demo_matriz,5146,67335185,8281722
demo_matriz,5147,67335320,8281739
demo_matriz,5148,67335321,8281739
demo_matriz,5149,67335456,8281756
demo_matriz,5150,67335457,8281756
demo_matriz,5151,137422178321,17177637114
demo_matriz,5152,67335592,8281773
demo_matriz,5153,67335593,8281773
demo_matriz,5154,67335728,8281790
demo_matriz,5155,67335729,8281790
demo_matriz,5156,137422178321,17177637114
demo_matriz,5157,67335864,8281807
demo_matriz,5158,67335865,8281807
demo_matriz,5159,67336000,8281824
demo_matriz,5160,67336001,8281824
demo_matriz,5161,67336136,8281841
demo_matriz,5162,67336137,8281841
demo_matriz,5163,67336272,8281858
demo_matriz,5164,67336273,8281858
demo_matriz,5165,67336408,8281875
demo_matriz,5166,67336409,8281875
demo_matriz,5167,137422178321,17177637114
demo_matriz,5168,67336544,8281892
demo_matriz,5169,67336545,8281892
demo_matriz,5170,67336680,8281909
demo_matriz,5171,67336681,8281909
demo_matriz,5172,137422176016,17177636826
demo_matriz,5173,137422178790,17177637172
demo_matriz,5174,137422178791,17177637172
demo_matriz,5175,137422178792,17177637173
demo_matriz,5176,137422178793,17177637173
demo_matriz,5177,137422178794,17177637173
demo_matriz,5178,137422178795,17177637173
demo_matriz,5179,137422178796,17177637173
demo_matriz,5180,137422178797,17177637173
demo_matriz,5181,137422178798,17177637173
demo_matriz,5182,137422178799,17177637173
demo_matriz,5183,137422178800,17177637174
demo_matriz,5184,137422178801,17177637174
demo_matriz,5185,137422178802,17177637174
demo_matriz,5186,137422178803,17177637174
demo_matriz,5187,137422178804,17177637174
demo_matriz,5188,137422178805,17177637174
demo_matriz,5189,137422178790,17177637172
demo_matriz,5190,67331240,8281229
demo_matriz,5191,67331241,8281229
demo_matriz,5192,67331376,8281246
demo_matriz,5193,67331377,8281246
demo_matriz,5194,137422178790,17177637172
demo_matriz,5195,67331512,8281263
demo_matriz,5196,67331513,8281263
demo_matriz,5197,67331648,8281280
demo_matriz,5198,67331649,8281280
demo_matriz,5199,67331784,8281297
demo_matriz,5200,67331785,8281297
demo_matriz,5201,67331920,8281314
demo_matriz,5202,67331921,8281314
demo_matriz,5203,67332056,8281331
demo_matriz,5204,67332057,8281331
demo_matriz,5205,67332192,8281348
demo_matriz,5206,67332193,8281348
demo_matriz,5207,67332328,8281365
demo_matriz,5208,67332329,8281365
demo_matriz,5209,67332464,8281382
demo_matriz,5210,67332465,8281382
demo_matriz,5211,67332600,8281399
demo_matriz,5212,67332601,8281399
demo_matriz,5213,67332736,8281416
demo_matriz,5214,67332737,8281416
demo_matriz,5215,67332872,8281433
demo_matriz,5216,67332873,8281433
demo_matriz,5217,137422178790,17177637172
demo_matriz,5218,67333008,8281450
demo_matriz,5219,67333009,8281450
demo_matriz,5220,137422178790,17177637172
demo_matriz,5221,67333144,8281467
demo_matriz,5222,67333145,8281467
demo_matriz,5223,137422178790,17177637172
demo_matriz,5224,67333280,8281484
demo_matriz,5225,67333281,8281484
demo_matriz,5226,67333416,8281501
demo_matriz,5227,67333417,8281501
demo_matriz,5228,67333552,8281518
demo_matriz,5229,67333553,8281518
demo_matriz,5230,67333688,8281535
demo_matriz,5231,67333689,8281535
demo_matriz,5232,67333824,8281552
demo_matriz,5233,67333825,8281552
demo_matriz,5234,137422178790,17177637172
demo_matriz,5235,67333960,8281569
demo_matriz,5236,67333961,8281569
demo_matriz,5237,67334096,8281586
demo_matriz,5238,67334097,8281586
demo_matriz,5239,67334232,8281603
demo_matriz,5240,67334233,8281603
demo_matriz,5241,67334368,8281620
demo_matriz,5242,67334369,8281620
demo_matriz,5243,137422178790,17177637172
demo_matriz,5244,67334504,8281637
demo_matriz,5245,67334505,8281637
demo_matriz,5246,67334640,8281654
demo_matriz,5247,67334641,8281654
demo_matriz,5248,67334776,8281671
demo_matriz,5249,67334777,8281671
demo_matriz,5250,137422178790,17177637172
demo_matriz,5251,67334912,8281688
demo_matriz,5252,67334913,8281688
demo_matriz,5253,67335048,8281705
demo_matriz,5254,67335049,8281705
demo_matriz,5255,67335184,8281722
demo_matriz,5256,67335185,8281722
demo_matriz,5257,67335320,8281739
demo_matriz,5258,67335321,8281739
demo_matriz,5259,67335456,8281756
demo_matriz,5260,67335457,8281756
demo_matriz,5261,137422178790,17177637172
demo_matriz,5262,67335592,8281773
demo_matriz,5263,67335593,8281773
demo_matriz,5264,67335728,8281790
demo_matriz,5265,67335729,8281790
demo_matriz,5266,137422178790,17177637172
demo_matriz,5267,67335864,8281807
demo_matriz,5268,67335865,8281807
demo_matriz,5269,67336000,8281824
demo_matriz,5270,67336001,8281824
demo_matriz,5271,67336136,8281841
demo_matriz,5272,67336137,8281841
demo_matriz,5273,67336272,8281858
demo_matriz,5274,67336273,8281858
demo_matriz,5275,67336408,8281875
demo_matriz,5276,67336409,8281875
demo_matriz,5277,137422178790,17177637172
demo_matriz,5278,67336544,8281892
demo_matriz,5279,67336545,8281892
demo_matriz,5280,67336680,8281909
demo_matriz,5281,67336681,8281909
demo_matriz,5282,137422176024,17177636827
demo_matriz,5283,137422178876,17177637183
demo_matriz,5284,137422178877,17177637183
demo_matriz,5285,137422178878,17177637183
demo_matriz,5286,137422178879,17177637183
demo_matriz,5287,137422178880,17177637184
demo_matriz,5288,137422178881,17177637184
demo_matriz,5289,137422178882,17177637184
demo_matriz,5290,137422178883,17177637184
demo_matriz,5291,137422178884,17177637184
demo_matriz,5292,137422178876,17177637183
demo_matriz,5293,67298051,8277080
demo_matriz,5294,137422178877,17177637183
demo_matriz,5295,67331240,8281229
demo_matriz,5296,67331241,8281229
demo_matriz,5297,67331376,8281246
demo_matriz,5298,67331377,8281246
demo_matriz,5299,137422178876,17177637183
demo_matriz,5300,67331512,8281263
demo_matriz,5301,67331513,8281263
demo_matriz,5302,67331648,8281280
demo_matriz,5303,67331649,8281280
demo_matriz,5304,67331784,8281297
demo_matriz,5305,67331785,8281297
demo_matriz,5306,67331920,8281314
demo_matriz,5307,67331921,8281314
demo_matriz,5308,67332056,8281331
demo_matriz,5309,67332057,8281331
demo_matriz,5310,67332192,8281348
demo_matriz,5311,67332193,8281348
demo_matriz,5312,67332328,8281365
demo_matriz,5313,67332329,8281365
demo_matriz,5314,67332464,8281382
demo_matriz,5315,67332465,8281382
demo_matriz,5316,67332600,8281399
demo_matriz,5317,67332601,8281399
demo_matriz,5318,67332736,8281416
demo_matriz,5319,67332737,8281416
demo_matriz,5320,67332872,8281433
demo_matriz,5321,67332873,8281433
demo_matriz,5322,137422178876,17177637183
demo_matriz,5323,67333008,8281450
demo_matriz,5324,67333009,8281450
demo_matriz,5325,137422178876,17177637183
demo_matriz,5326,67333144,8281467
demo_matriz,5327,67333145,8281467
demo_matriz,5328,137422178876,17177637183
demo_matriz,5329,67333280,8281484
demo_matriz,5330,67333281,8281484
demo_matriz,5331,67333416,8281501
demo_matriz,5332,67333417,8281501
demo_matriz,5333,67333552,8281518
demo_matriz,5334,67333553,8281518
demo_matriz,5335,67333688,8281535
demo_matriz,5336,67333689,8281535
demo_matriz,5337,67333824,8281552
demo_matriz,5338,67333825,8281552
demo_matriz,5339,137422178876,17177637183
demo_matriz,5340,67333960,8281569
demo_matriz,5341,67333961,8281569
demo_matriz,5342,67334096,8281586
demo_matriz,5343,67334097,8281586
demo_matriz,5344,67334232,8281603
demo_matriz,5345,67334233,8281603
demo_matriz,5346,67334368,8281620
demo_matriz,5347,67334369,8281620
demo_matriz,5348,137422178876,17177637183
demo_matriz,5349,67334504,8281637
demo_matriz,5350,67334505,8281637
demo_matriz,5351,67334640,8281654
demo_matriz,5352,67334641,8281654
demo_matriz,5353,67334776,8281671
demo_matriz,5354,67334777,8281671
demo_matriz,5355,137422178876,17177637183
demo_matriz,5356,67334912,8281688
demo_matriz,5357,67334913,8281688
demo_matriz,5358,67335048,8281705
demo_matriz,5359,67335049,8281705
demo_matriz,5360,67335184,8281722
demo_matriz,5361,67335185,8281722
demo_matriz,5362,67335320,8281739
demo_matriz,5363,67335321,8281739
demo_matriz,5364,67335456,8281756
demo_matriz,5365,67335457,8281756
demo_matriz,5366,137422178876,17177637183
demo_matriz,5367,67335592,8281773
demo_matriz,5368,67335593,8281773
demo_matriz,5369,67335728,8281790
demo_matriz,5370,67335729,8281790
demo_matriz,5371,137422178876,17177637183
demo_matriz,5372,67335864,8281807
demo_matriz,5373,67335865,8281807
demo_matriz,5374,67336000,8281824
demo_matriz,5375,67336001,8281824
demo_matriz,5376,67336136,8281841
demo_matriz,5377,67336137,8281841
demo_matriz,5378,67336272,8281858
demo_matriz,5379,67336273,8281858
demo_matriz,5380,67336408,8281875
demo_matriz,5381,67336409,8281875
demo_matriz,5382,137422178876,17177637183
demo_matriz,5383,67336544,8281892
demo_matriz,5384,67336545,8281892
demo_matriz,5385,67336680,8281909
demo_matriz,5386,67336681,8281909
demo_matriz,5387,137422176032,17177636828
demo_matriz,5388,137422178891,17177637185
demo_matriz,5389,137422178892,17177637185
demo_matriz,5390,137422178893,17177637185
demo_matriz,5391,137422178894,17177637185
demo_matriz,5392,137422178895,17177637185
demo_matriz,5393,137422178896,17177637186
demo_matriz,5394,137422178897,17177637186
demo_matriz,5395,137422178898,17177637186
demo_matriz,5396,137422178899,17177637186
demo_matriz,5397,137422178900,17177637186
demo_matriz,5398,137422178891,17177637185
demo_matriz,5399,67331240,8281229
demo_matriz,5400,67331241,8281229
demo_matriz,5401,67331376,8281246
demo_matriz,5402,67331377,8281246
demo_matriz,5403,137422178891,17177637185
demo_matriz,5404,67331512,8281263
demo_matriz,5405,67331513,8281263
demo_matriz,5406,67331648,8281280
demo_matriz,5407,67331649,8281280
demo_matriz,5408,67331784,8281297
demo_matriz,5409,67331785,8281297
demo_matriz,5410,67331920,8281314
demo_matriz,5411,67331921,8281314
demo_matriz,5412,67332056,8281331
demo_matriz,5413,67332057,8281331
demo_matriz,5414,67332192,8281348
demo_matriz,5415,67332193,8281348
demo_matriz,5416,67332328,8281365
demo_matriz,5417,67332329,8281365
demo_matriz,5418,67332464,8281382
demo_matriz,5419,67332465,8281382
demo_matriz,5420,67332600,8281399
demo_matriz,5421,67332601,8281399
demo_matriz,5422,67332736,8281416
demo_matriz,5423,67332737,8281416
demo_matriz,5424,67332872,8281433
demo_matriz,5425,67332873,8281433
demo_matriz,5426,137422178891,17177637185
demo_matriz,5427,67333008,8281450
demo_matriz,5428,67333009,8281450
demo_matriz,5429,137422178891,17177637185
demo_matriz,5430,67333144,8281467
demo_matriz,5431,67333145,8281467
demo_matriz,5432,137422178891,17177637185
demo_matriz,5433,67333280,8281484
demo_matriz,5434,67333281,8281484
demo_matriz,5435,67333416,8281501
demo_matriz,5436,67333417,8281501
demo_matriz,5437,67333552,8281518
demo_matriz,5438,67333553,8281518
demo_matriz,5439,67333688,8281535
demo_matriz,5440,67333689,8281535
demo_matriz,5441,67333824,8281552
demo_matriz,5442,67333825,8281552
demo_matriz,5443,137422178891,17177637185
demo_matriz,5444,67333960,8281569
demo_matriz,5445,67333961,8281569
demo_matriz,5446,67334096,8281586
demo_matriz,5447,67334097,8281586
demo_matriz,5448,67334232,8281603
demo_matriz,5449,67334233,8281603
demo_matriz,5450,67334368,8281620
demo_matriz,5451,67334369,8281620
demo_matriz,5452,137422178891,17177637185
demo_matriz,5453,67334504,8281637
demo_matriz,5454,67334505,8281637
demo_matriz,5455,67334640,8281654
demo_matriz,5456,67334641,8281654
demo_matriz,5457,67334776,8281671
demo_matriz,5458,67334777,8281671
demo_matriz,5459,137422178891,17177637185
demo_matriz,5460,67334912,8281688
demo_matriz,5461,67334913,8281688
demo_matriz,5462,67335048,8281705
demo_matriz,5463,67335049,8281705
demo_matriz,5464,67335184,8281722
demo_matriz,5465,67335185,8281722
demo_matriz,5466,67335320,8281739
demo_matriz,5467,67335321,8281739
demo_matriz,5468,67335456,8281756
demo_matriz,5469,67335457,8281756
demo_matriz,5470,137422178891,17177637185
demo_matriz,5471,67335592,8281773
demo_matriz,5472,67335593,8281773
demo_matriz,5473,67335728,8281790
demo_matriz,5474,67335729,8281790
demo_matriz,5475,137422178891,17177637185
demo_matriz,5476,67335864,8281807
demo_matriz,5477,67335865,8281807
demo_matriz,5478,67336000,8281824
demo_matriz,5479,67336001,8281824
demo_matriz,5480,67336136,8281841
demo_matriz,5481,67336137,8281841
demo_matriz,5482,67336272,8281858
demo_matriz,5483,67336273,8281858
demo_matriz,5484,67336408,8281875
demo_matriz,5485,67336409,8281875
demo_matriz,5486,137422178891,17177637185
demo_matriz,5487,67336544,8281892
demo_matriz,5488,67336545,8281892
demo_matriz,5489,67336680,8281909
demo_matriz,5490,67336681,8281909
demo_matriz,5491,137422176040,17177636829
demo_matriz,5492,137422178904,17177637187
demo_matriz,5493,137422178905,17177637187
demo_matriz,5494,137422178906,17177637187
demo_matriz,5495,137422178907,17177637187
demo_matriz,5496,137422178908,17177637187
demo_matriz,5497,137422178909,17177637187
demo_matriz,5498,137422178910,17177637187
demo_matriz,5499,137422178911,17177637187
demo_matriz,5500,137422178912,17177637188
demo_matriz,5501,137422178913,17177637188
demo_matriz,5502,137422178914,17177637188
demo_matriz,5503,137422178915,17177637188
demo_matriz,5504,137422178916,17177637188
demo_matriz,5505,137422178904,17177637187
demo_matriz,5506,67298051,8277080
demo_matriz,5507,137422178905,17177637187
demo_matriz,5508,67331240,8281229
demo_matriz,5509,67331241,8281229
demo_matriz,5510,67331376,8281246
demo_matriz,5511,67331377,8281246
demo_matriz,5512,137422178904,17177637187
demo_matriz,5513,67331512,8281263
demo_matriz,5514,67331513,8281263
demo_matriz,5515,67331648,8281280
demo_matriz,5516,67331649,8281280
demo_matriz,5517,67331784,8281297
demo_matriz,5518,67331785,8281297
demo_matriz,5519,67331920,8281314
demo_matriz,5520,67331921,8281314
demo_matriz,5521,67332056,8281331
demo_matriz,5522,67332057,8281331
demo_matriz,5523,67332192,8281348
demo_matriz,5524,67332193,8281348
demo_matriz,5525,67332328,8281365
demo_matriz,5526,67332329,8281365
demo_matriz,5527,67332464,8281382
demo_matriz,5528,67332465,8281382
demo_matriz,5529,67332600,8281399
demo_matriz,5530,67332601,8281399
demo_matriz,5531,67332736,8281416
demo_matriz,5532,67332737,8281416
demo_matriz,5533,67332872,8281433
demo_matriz,5534,67332873,8281433
demo_matriz,5535,137422178904,17177637187
demo_matriz,5536,67333008,8281450
demo_matriz,5537,67333009,8281450
demo_matriz,5538,137422178904,17177637187
demo_matriz,5539,67333144,8281467
demo_matriz,5540,67333145,8281467
demo_matriz,5541,137422178904,17177637187
demo_matriz,5542,67333280,8281484
demo_matriz,5543,67333281,8281484
demo_matriz,5544,67333416,8281501
demo_matriz,5545,67333417,8281501
demo_matriz,5546,67333552,8281518
demo_matriz,5547,67333553,8281518
demo_matriz,5548,67333688,8281535
demo_matriz,5549,67333689,8281535
demo_matriz,5550,67333824,8281552
demo_matriz,5551,67333825,8281552
demo_matriz,5552,137422178904,17177637187
demo_matriz,5553,67333960,8281569
demo_matriz,5554,67333961,8281569
demo_matriz,5555,67334096,8281586
demo_matriz,5556,67334097,8281586
demo_matriz,5557,67334232,8281603
demo_matriz,5558,67334233,8281603
demo_matriz,5559,67334368,8281620
demo_matriz,5560,67334369,8281620
demo_matriz,5561,137422178904,17177637187
demo_matriz,5562,67334504,8281637
demo_matriz,5563,67334505,8281637
demo_matriz,5564,67334640,8281654
demo_matriz,5565,67334641,8281654
demo_matriz,5566,67334776,8281671
demo_matriz,5567,67334777,8281671
demo_matriz,5568,137422178904,17177637187
demo_matriz,5569,67334912,8281688
demo_matriz,5570,67334913,8281688
demo_matriz,5571,67335048,8281705
demo_matriz,5572,67335049,8281705
demo_matriz,5573,67335184,8281722
demo_matriz,5574,67335185,8281722
demo_matriz,5575,67335320,8281739
demo_matriz,5576,67335321,8281739
demo_matriz,5577,67335456,8281756
demo_matriz,5578,67335457,8281756
demo_matriz,5579,137422178904,17177637187
demo_matriz,5580,67335592,8281773
demo_matriz,5581,67335593,8281773
demo_matriz,5582,67335728,8281790
demo_matriz,5583,67335729,8281790
demo_matriz,5584,137422178904,17177637187
demo_matriz,5585,67335864,8281807
demo_matriz,5586,67335865,8281807
demo_matriz,5587,67336000,8281824
demo_matriz,5588,67336001,8281824
demo_matriz,5589,67336136,8281841
demo_matriz,5590,67336137,8281841
demo_matriz,5591,67336272,8281858
demo_matriz,5592,67336273,8281858
demo_matriz,5593,67336408,8281875
demo_matriz,5594,67336409,8281875
demo_matriz,5595,137422178904,17177637187
demo_matriz,5596,67336544,8281892
demo_matriz,5597,67336545,8281892
demo_matriz,5598,67336680,8281909
demo_matriz,5599,67336681,8281909
demo_matriz,5600,137422176048,17177636830
demo_matriz,5601,137422178934,17177637190
demo_matriz,5602,137422178935,17177637190
demo_matriz,5603,137422178936,17177637191
demo_matriz,5604,137422178937,17177637191
demo_matriz,5605,137422178938,17177637191
demo_matriz,5606,137422178939,17177637191
demo_matriz,5607,137422178940,17177637191
demo_matriz,5608,137422178941,17177637191
demo_matriz,5609,137422178942,17177637191
demo_matriz,5610,137422178943,17177637191
demo_matriz,5611,137422178944,17177637192
demo_matriz,5612,137422178945,17177637192
demo_matriz,5613,137422178946,17177637192
demo_matriz,5614,137422178947,17177637192
demo_matriz,5615,137422178948,17177637192
demo_matriz,5616,137422178949,17177637192
demo_matriz,5617,137422178950,17177637192
demo_matriz,5618,137422178934,17177637190
demo_matriz,5619,67331240,8281229
demo_matriz,5620,67331241,8281229
demo_matriz,5621,67331376,8281246
demo_matriz,5622,67331377,8281246
demo_matriz,5623,137422178934,17177637190
demo_matriz,5624,67331512,8281263
demo_matriz,5625,67331513,8281263
demo_matriz,5626,67331648,8281280
demo_matriz,5627,67331649,8281280
demo_matriz,5628,67331784,8281297
demo_matriz,5629,67331785,8281297
demo_matriz,5630,67331920,8281314
demo_matriz,5631,67331921,8281314
demo_matriz,5632,67332056,8281331
demo_matriz,5633,67332057,8281331
demo_matriz,5634,67332192,8281348
demo_matriz,5635,67332193,8281348
demo_matriz,5636,67332328,8281365
demo_matriz,5637,67332329,8281365
demo_matriz,5638,67332464,8281382
demo_matriz,5639,67332465,8281382
demo_matriz,5640,67332600,8281399
demo_matriz,5641,67332601,8281399
demo_matriz,5642,67332736,8281416
demo_matriz,5643,67332737,8281416
demo_matriz,5644,67332872,8281433
demo_matriz,5645,67332873,8281433
demo_matriz,5646,137422178934,17177637190
demo_matriz,5647,67333008,8281450
demo_matriz,5648,67333009,8281450
demo_matriz,5649,137422178934,17177637190
demo_matriz,5650,67333144,8281467
demo_matriz,5651,67333145,8281467
demo_matriz,5652,137422178934,17177637190
demo_matriz,5653,67333280,8281484
demo_matriz,5654,67333281,8281484
demo_matriz,5655,67333416,8281501
demo_matriz,5656,67333417,8281501
demo_matriz,5657,67333552,8281518
demo_matriz,5658,67333553,8281518
demo_matriz,5659,67333688,8281535
demo_matriz,5660,67333689,8281535
demo_matriz,5661,67333824,8281552
demo_matriz,5662,67333825,8281552
demo_matriz,5663,137422178934,17177637190
demo_matriz,5664,67333960,8281569
demo_matriz,5665,67333961,8281569
demo_matriz,5666,67334096,8281586
demo_matriz,5667,67334097,8281586
demo_matriz,5668,67334232,8281603
demo_matriz,5669,67334233,8281603
demo_matriz,5670,67334368,8281620
demo_matriz,5671,67334369,8281620
demo_matriz,5672,137422178934,17177637190
demo_matriz,5673,67334504,8281637
demo_matriz,5674,67334505,8281637
demo_matriz,5675,67334640,8281654
demo_matriz,5676,67334641,8281654
demo_matriz,5677,67334776,8281671
demo_matriz,5678,67334777,8281671
demo_matriz,5679,137422178934,17177637190
demo_matriz,5680,67334912,8281688
demo_matriz,5681,67334913,8281688
demo_matriz,5682,67335048,8281705
demo_matriz,5683,67335049,8281705
demo_matriz,5684,67335184,8281722
demo_matriz,5685,67335185,8281722
demo_matriz,5686,67335320,8281739
demo_matriz,5687,67335321,8281739
demo_matriz,5688,67335456,8281756
demo_matriz,5689,67335457,8281756
demo_matriz,5690,137422178934,17177637190
demo_matriz,5691,67335592,8281773
demo_matriz,5692,67335593,8281773
demo_matriz,5693,67335728,8281790
demo_matriz,5694,67335729,8281790
demo_matriz,5695,137422178934,17177637190
demo_matriz,5696,67335864,8281807
demo_matriz,5697,67335865,8281807
demo_matriz,5698,67336000,8281824
demo_matriz,5699,67336001,8281824
demo_matriz,5700,67336136,8281841
demo_matriz,5701,67336137,8281841
demo_matriz,5702,67336272,8281858
demo_matriz,5703,67336273,8281858
demo_matriz,5704,67336408,8281875
demo_matriz,5705,67336409,8281875
demo_matriz,5706,137422178934,17177637190
demo_matriz,5707,67336544,8281892
demo_matriz,5708,67336545,8281892
demo_matriz,5709,67336680,8281909
demo_matriz,5710,67336681,8281909
demo_matriz,5711,137422176056,17177636831
demo_matriz,5712,137422178992,17177637198
demo_matriz,5713,137422178993,17177637198
demo_matriz,5714,137422178994,17177637198
demo_matriz,5715,137422178995,17177637198
demo_matriz,5716,137422178996,17177637198
demo_matriz,5717,137422178997,17177637198
demo_matriz,5718,137422178998,17177637198
demo_matriz,5719,137422178999,17177637198
demo_matriz,5720,137422179000,17177637199
demo_matriz,5721,137422179001,17177637199
demo_matriz,5722,137422179002,17177637199
demo_matriz,5723,137422178992,17177637198
demo_matriz,5724,67331240,8281229
demo_matriz,5725,67331241,8281229
demo_matriz,5726,67331376,8281246
demo_matriz,5727,67331377,8281246
demo_matriz,5728,137422178992,17177637198
demo_matriz,5729,67331512,8281263
demo_matriz,5730,67331513,8281263
demo_matriz,5731,67331648,8281280
demo_matriz,5732,67331649,8281280
demo_matriz,5733,67331784,8281297
demo_matriz,5734,67331785,8281297
demo_matriz,5735,67331920,8281314
demo_matriz,5736,67331921,8281314
demo_matriz,5737,67332056,8281331
demo_matriz,5738,67332057,8281331
demo_matriz,5739,67332192,8281348
demo_matriz,5740,67332193,8281348
demo_matriz,5741,67332328,8281365
demo_matriz,5742,67332329,8281365
demo_matriz,5743,67332464,8281382
demo_matriz,5744,67332465,8281382
demo_matriz,5745,67332600,8281399
demo_matriz,5746,67332601,8281399
demo_matriz,5747,67332736,8281416
demo_matriz,5748,67332737,8281416
demo_matriz,5749,67332872,8281433
demo_matriz,5750,67332873,8281433
demo_matriz,5751,137422178992,17177637198
demo_matriz,5752,67333008,8281450
demo_matriz,5753,67333009,8281450
demo_matriz,5754,137422178992,17177637198
demo_matriz,5755,67333010,8281450
demo_matriz,5756,137422178993,17177637198
demo_matriz,5757,67333144,8281467
demo_matriz,5758,67333145,8281467
demo_matriz,5759,137422178992,17177637198
demo_matriz,5760,67333280,8281484
demo_matriz,5761,67333281,8281484
demo_matriz,5762,67333416,8281501
demo_matriz,5763,67333417,8281501
demo_matriz,5764,67333552,8281518
demo_matriz,5765,67333553,8281518
demo_matriz,5766,67333688,8281535
demo_matriz,5767,67333689,8281535
demo_matriz,5768,67333824,8281552
demo_matriz,5769,67333825,8281552
demo_matriz,5770,137422178992,17177637198
demo_matriz,5771,67333826,8281552
demo_matriz,5772,137422178993,17177637198
demo_matriz,5773,67333960,8281569
demo_matriz,5774,67333961,8281569
demo_matriz,5775,67334096,8281586
demo_matriz,5776,67334097,8281586
demo_matriz,5777,67334232,8281603
demo_matriz,5778,67334233,8281603
demo_matriz,5779,67334368,8281620
demo_matriz,5780,67334369,8281620
demo_matriz,5781,137422178992,17177637198
demo_matriz,5782,67334504,8281637
demo_matriz,5783,67334505,8281637
demo_matriz,5784,67334640,8281654
demo_matriz,5785,67334641,8281654
demo_matriz,5786,67334776,8281671
demo_matriz,5787,67334777,8281671
demo_matriz,5788,137422178992,17177637198
demo_matriz,5789,67334912,8281688
demo_matriz,5790,67334913,8281688
demo_matriz,5791,67335048,8281705
demo_matriz,5792,67335049,8281705
demo_matriz,5793,67335184,8281722
demo_matriz,5794,67335185,8281722
demo_matriz,5795,67335320,8281739
demo_matriz,5796,67335321,8281739
demo_matriz,5797,67335456,8281756
demo_matriz,5798,67335457,8281756
demo_matriz,5799,137422178992,17177637198
demo_matriz,5800,67335592,8281773
demo_matriz,5801,67335593,8281773
demo_matriz,5802,67335728,8281790
demo_matriz,5803,67335729,8281790
demo_matriz,5804,137422178992,17177637198
demo_matriz,5805,67335864,8281807
demo_matriz,5806,67335865,8281807
demo_matriz,5807,67336000,8281824
demo_matriz,5808,67336001,8281824
demo_matriz,5809,67336136,8281841
demo_matriz,5810,67336137,8281841
demo_matriz,5811,67336272,8281858
demo_matriz,5812,67336273,8281858
demo_matriz,5813,67336408,8281875
demo_matriz,5814,67336409,8281875
demo_matriz,5815,137422178992,17177637198
demo_matriz,5816,67336544,8281892
demo_matriz,5817,67336545,8281892
demo_matriz,5818,67336680,8281909
demo_matriz,5819,67336681,8281909
demo_matriz,5820,137422176064,17177636832
demo_matriz,5821,137422179015,17177637200
demo_matriz,5822,137422179016,17177637201
demo_matriz,5823,137422179017,17177637201
demo_matriz,5824,137422179018,17177637201
demo_matriz,5825,137422179019,17177637201
demo_matriz,5826,137422179020,17177637201
demo_matriz,5827,137422179021,17177637201
demo_matriz,5828,137422179022,17177637201
demo_matriz,5829,137422179023,17177637201
demo_matriz,5830,137422179024,17177637202
demo_matriz,5831,137422179025,17177637202
demo_matriz,5832,137422179026,17177637202
demo_matriz,5833,137422179027,17177637202
demo_matriz,5834,137422179028,17177637202
demo_matriz,5835,137422179029,17177637202
demo_matriz,5836,137422179030,17177637202
demo_matriz,5837,137422179031,17177637202
demo_matriz,5838,137422179032,17177637203
demo_matriz,5839,137422179033,17177637203
demo_matriz,5840,137422179034,17177637203
demo_matriz,5841,137422179035,17177637203
demo_matriz,5842,137422179015,17177637200
demo_matriz,5843,67331240,8281229
demo_matriz,5844,67331241,8281229
demo_matriz,5845,67331376,8281246
demo_matriz,5846,67331377,8281246
demo_matriz,5847,137422179015,17177637200
demo_matriz,5848,67331512,8281263
demo_matriz,5849,67331513,8281263
demo_matriz,5850,67331648,8281280
demo_matriz,5851,67331649,8281280
demo_matriz,5852,67331784,8281297
demo_matriz,5853,67331785,8281297
demo_matriz,5854,67331920,8281314
demo_matriz,5855,67331921,8281314
demo_matriz,5856,67332056,8281331
demo_matriz,5857,67332057,8281331
demo_matriz,5858,67332192,8281348
demo_matriz,5859,67332193,8281348
demo_matriz,5860,67332328,8281365
demo_matriz,5861,67332329,8281365
demo_matriz,5862,67332464,8281382
demo_matriz,5863,67332465,8281382
demo_matriz,5864,67332600,8281399
demo_matriz,5865,67332601,8281399
demo_matriz,5866,67332736,8281416
demo_matriz,5867,67332737,8281416
demo_matriz,5868,67332872,8281433
demo_matriz,5869,67332873,8281433
demo_matriz,5870,137422179015,17177637200
demo_matriz,5871,67333008,8281450
demo_matriz,5872,67333009,8281450
demo_matriz,5873,137422179015,17177637200
demo_matriz,5874,67333144,8281467
demo_matriz,5875,67333145,8281467
demo_matriz,5876,137422179015,17177637200
demo_matriz,5877,67333280,8281484
demo_matriz,5878,67333281,8281484
demo_matriz,5879,67333416,8281501
demo_matriz,5880,67333417,8281501
demo_matriz,5881,67333552,8281518
demo_matriz,5882,67333553,8281518
demo_matriz,5883,67333688,8281535
demo_matriz,5884,67333689,8281535
demo_matriz,5885,67333824,8281552
demo_matriz,5886,67333825,8281552
demo_matriz,5887,137422179015,17177637200
demo_matriz,5888,67333960,8281569
demo_matriz,5889,67333961,8281569
demo_matriz,5890,67334096,8281586
demo_matriz,5891,67334097,8281586
demo_matriz,5892,67334232,8281603
demo_matriz,5893,67334233,8281603
demo_matriz,5894,67334368,8281620
demo_matriz,5895,67334369,8281620
demo_matriz,5896,137422179015,17177637200
demo_matriz,5897,67334504,8281637
demo_matriz,5898,67334505,8281637
demo_matriz,5899,67334640,8281654
demo_matriz,5900,67334641,8281654
demo_matriz,5901,67334776,8281671
demo_matriz,5902,67334777,8281671
demo_matriz,5903,137422179015,17177637200
demo_matriz,5904,67334912,8281688
demo_matriz,5905,67334913,8281688
demo_matriz,5906,67335048,8281705
demo_matriz,5907,67335049,8281705
demo_matriz,5908,67335184,8281722
demo_matriz,5909,67335185,8281722
demo_matriz,5910,67335320,8281739
demo_matriz,5911,67335321,8281739
demo_matriz,5912,67335456,8281756
demo_matriz,5913,67335457,8281756
demo_matriz,5914,137422179015,17177637200
demo_matriz,5915,67335592,8281773
demo_matriz,5916,67335593,8281773
demo_matriz,5917,67335728,8281790
demo_matriz,5918,67335729,8281790
demo_matriz,5919,137422179015,17177637200
demo_matriz,5920,67335864,8281807
demo_matriz,5921,67335865,8281807
demo_matriz,5922,67336000,8281824
demo_matriz,5923,67336001,8281824
demo_matriz,5924,67336136,8281841
demo_matriz,5925,67336137,8281841
demo_matriz,5926,67336272,8281858
demo_matriz,5927,67336273,8281858
demo_matriz,5928,67336408,8281875
demo_matriz,5929,67336409,8281875
demo_matriz,5930,137422179015,17177637200
demo_matriz,5931,67336544,8281892
demo_matriz,5932,67336545,8281892
demo_matriz,5933,67336680,8281909
demo_matriz,5934,67336681,8281909
demo_matriz,5935,137422176072,17177636833
demo_matriz,5936,137422179074,17177637208
demo_matriz,5937,137422179075,17177637208
demo_matriz,5938,137422179076,17177637208
demo_matriz,5939,137422179077,17177637208
demo_matriz,5940,137422179078,17177637208
demo_matriz,5941,137422179079,17177637208
demo_matriz,5942,137422179080,17177637209
demo_matriz,5943,137422179081,17177637209
demo_matriz,5944,137422179082,17177637209
demo_matriz,5945,137422179083,17177637209
demo_matriz,5946,137422179084,17177637209
demo_matriz,5947,137422179085,17177637209
demo_matriz,5948,137422179086,17177637209
demo_matriz,5949,137422179087,17177637209
demo_matriz,5950,137422179088,17177637210
demo_matriz,5951,137422179089,17177637210
demo_matriz,5952,137422179074,17177637208
demo_matriz,5953,67331240,8281229
demo_matriz,5954,67331241,8281229
demo_matriz,5955,67331376,8281246
demo_matriz,5956,67331377,8281246
demo_matriz,5957,137422179074,17177637208
demo_matriz,5958,67331512,8281263
demo_matriz,5959,67331513,8281263
demo_matriz,5960,67331648,8281280
demo_matriz,5961,67331649,8281280
demo_matriz,5962,67331784,8281297
demo_matriz,5963,67331785,8281297
demo_matriz,5964,67331920,8281314
demo_matriz,5965,67331921,8281314
demo_matriz,5966,67332056,8281331
demo_matriz,5967,67332057,8281331
demo_matriz,5968,67332192,8281348
demo_matriz,5969,67332193,8281348
demo_matriz,5970,67332328,8281365
demo_matriz,5971,67332329,8281365
demo_matriz,5972,67332464,8281382
demo_matriz,5973,67332465,8281382
demo_matriz,5974,67332600,8281399
demo_matriz,5975,67332601,8281399
demo_matriz,5976,67332736,8281416
demo_matriz,5977,67332737,8281416
demo_matriz,5978,67332872,8281433
demo_matriz,5979,67332873,8281433
demo_matriz,5980,137422179074,17177637208
demo_matriz,5981,67333008,8281450
demo_matriz,5982,67333009,8281450
demo_matriz,5983,137422179074,17177637208
demo_matriz,5984,67333144,8281467
demo_matriz,5985,67333145,8281467
demo_matriz,5986,137422179074,17177637208
demo_matriz,5987,67333280,8281484
demo_matriz,5988,67333281,8281484
demo_matriz,5989,67333416,8281501
demo_matriz,5990,67333417,8281501
demo_matriz,5991,67333552,8281518
demo_matriz,5992,67333553,8281518
demo_matriz,5993,67333688,8281535
demo_matriz,5994,67333689,8281535
demo_matriz,5995,67333824,8281552
demo_matriz,5996,67333825,8281552
demo_matriz,5997,137422179074,17177637208
demo_matriz,5998,67333960,8281569
demo_matriz,5999,67333961,8281569
demo_matriz,6000,67334096,8281586
demo_matriz,6001,67334097,8281586
demo_matriz,6002,67334232,8281603
demo_matriz,6003,67334233,8281603
demo_matriz,6004,67334368,8281620
demo_matriz,6005,67334369,8281620
demo_matriz,6006,137422179074,17177637208
demo_matriz,6007,67334504,8281637
demo_matriz,6008,67334505,8281637
demo_matriz,6009,67334640,8281654
demo_matriz,6010,67334641,8281654
demo_matriz,6011,67334776,8281671
demo_matriz,6012,67334777,8281671
demo_matriz,6013,137422179074,17177637208
demo_matriz,6014,67334912,8281688
demo_matriz,6015,67334913,8281688
demo_matriz,6016,67335048,8281705
demo_matriz,6017,67335049,8281705
demo_matriz,6018,67335184,8281722
demo_matriz,6019,67335185,8281722
demo_matriz,6020,67335320,8281739
demo_matriz,6021,67335321,8281739
demo_matriz,6022,67335456,8281756
demo_matriz,6023,67335457,8281756
demo_matriz,6024,137422179074,17177637208
demo_matriz,6025,67335592,8281773
demo_matriz,6026,67335593,8281773
demo_matriz,6027,67335728,8281790
demo_matriz,6028,67335729,8281790
demo_matriz,6029,137422179074,17177637208
demo_matriz,6030,67335864,8281807
demo_matriz,6031,67335865,8281807
demo_matriz,6032,67336000,8281824
demo_matriz,6033,67336001,8281824
demo_matriz,6034,67336136,8281841
demo_matriz,6035,67336137,8281841
demo_matriz,6036,67336272,8281858
demo_matriz,6037,67336273,8281858
demo_matriz,6038,67336408,8281875
demo_matriz,6039,67336409,8281875
demo_matriz,6040,137422179074,17177637208
demo_matriz,6041,67336544,8281892
demo_matriz,6042,67336545,8281892
demo_matriz,6043,67336680,8281909
demo_matriz,6044,67336681,8281909
demo_matriz,6045,137422176080,17177636834
demo_matriz,6046,137422179105,17177637212
demo_matriz,6047,137422179106,17177637212
demo_matriz,6048,137422179107,17177637212
demo_matriz,6049,137422179108,17177637212
demo_matriz,6050,137422179109,17177637212
demo_matriz,6051,137422179110,17177637212
demo_matriz,6052,137422179111,17177637212
demo_matriz,6053,137422179112,17177637213
demo_matriz,6054,137422179113,17177637213
demo_matriz,6055,137422179114,17177637213
demo_matriz,6056,137422179115,17177637213
demo_matriz,6057,137422179116,17177637213
demo_matriz,6058,137422179105,17177637212
demo_matriz,6059,67298051,8277080
demo_matriz,6060,137422179106,17177637212
demo_matriz,6061,67331240,8281229
demo_matriz,6062,67331241,8281229
demo_matriz,6063,67331376,8281246
demo_matriz,6064,67331377,8281246
demo_matriz,6065,137422179105,17177637212
demo_matriz,6066,67331512,8281263
demo_matriz,6067,67331513,8281263
demo_matriz,6068,67331648,8281280
demo_matriz,6069,67331649,8281280
demo_matriz,6070,67331784,8281297
demo_matriz,6071,67331785,8281297
demo_matriz,6072,67331920,8281314
demo_matriz,6073,67331921,8281314
demo_matriz,6074,67332056,8281331
demo_matriz,6075,67332057,8281331
demo_matriz,6076,67332192,8281348
demo_matriz,6077,67332193,8281348
demo_matriz,6078,67332328,8281365
demo_matriz,6079,67332329,8281365
demo_matriz,6080,67332464,8281382
demo_matriz,6081,67332465,8281382
demo_matriz,6082,67332600,8281399
demo_matriz,6083,67332601,8281399
demo_matriz,6084,67332736,8281416
demo_matriz,6085,67332737,8281416
demo_matriz,6086,67332872,8281433
demo_matriz,6087,67332873,8281433
demo_matriz,6088,137422179105,17177637212
demo_matriz,6089,67333008,8281450
demo_matriz,6090,67333009,8281450
demo_matriz,6091,137422179105,17177637212
demo_matriz,6092,67333144,8281467
demo_matriz,6093,67333145,8281467
demo_matriz,6094,137422179105,17177637212
demo_matriz,6095,67333280,8281484
demo_matriz,6096,67333281,8281484
demo_matriz,6097,67333416,8281501
demo_matriz,6098,67333417,8281501
demo_matriz,6099,67333552,8281518
demo_matriz,6100,67333553,8281518
demo_matriz,6101,67333688,8281535
demo_matriz,6102,67333689,8281535
demo_matriz,6103,67333824,8281552
demo_matriz,6104,67333825,8281552
demo_matriz,6105,137422179105,17177637212
demo_matriz,6106,67333960,8281569
demo_matriz,6107,67333961,8281569
demo_matriz,6108,67334096,8281586
demo_matriz,6109,67334097,8281586
demo_matriz,6110,67334232,8281603
demo_matriz,6111,67334233,8281603
demo_matriz,6112,67334368,8281620
demo_matriz,6113,67334369,8281620
demo_matriz,6114,137422179105,17177637212
demo_matriz,6115,67334504,8281637
demo_matriz,6116,67334505,8281637
demo_matriz,6117,67334640,8281654
demo_matriz,6118,67334641,8281654
demo_matriz,6119,67334776,8281671
demo_matriz,6120,67334777,8281671
demo_matriz,6121,137422179105,17177637212
demo_matriz,6122,67334912,8281688
demo_matriz,6123,67334913,8281688
demo_matriz,6124,67335048,8281705
demo_matriz,6125,67335049,8281705
demo_matriz,6126,67335184,8281722
demo_matriz,6127,67335185,8281722
demo_matriz,6128,67335320,8281739
demo_matriz,6129,67335321,8281739
demo_matriz,6130,67335456,8281756
demo_matriz,6131,67335457,8281756
demo_matriz,6132,137422179105,17177637212
demo_matriz,6133,67335592,8281773
demo_matriz,6134,67335593,8281773
demo_matriz,6135,67335728,8281790
demo_matriz,6136,67335729,8281790
demo_matriz,6137,137422179105,17177637212
demo_matriz,6138,67335864,8281807
demo_matriz,6139,67335865,8281807
demo_matriz,6140,67336000,8281824
demo_matriz,6141,67336001,8281824
demo_matriz,6142,67336136,8281841
demo_matriz,6143,67336137,8281841
demo_matriz,6144,67336272,8281858
demo_matriz,6145,67336273,8281858
demo_matriz,6146,67336408,8281875
demo_matriz,6147,67336409,8281875
demo_matriz,6148,137422179105,17177637212
demo_matriz,6149,67336544,8281892
demo_matriz,6150,67336545,8281892
demo_matriz,6151,67336680,8281909
demo_matriz,6152,67336681,8281909
demo_matriz,6153,137422176088,17177636835
demo_matriz,6154,137422179121,17177637214
demo_matriz,6155,137422179122,17177637214
demo_matriz,6156,137422179123,17177637214
demo_matriz,6157,137422179124,17177637214
demo_matriz,6158,137422179125,17177637214
demo_matriz,6159,137422179126,17177637214
demo_matriz,6160,137422179127,17177637214
demo_matriz,6161,137422179128,17177637215
demo_matriz,6162,137422179129,17177637215
demo_matriz,6163,137422179130,17177637215
demo_matriz,6164,137422179131,17177637215
demo_matriz,6165,137422179132,17177637215
demo_matriz,6166,137422179133,17177637215
demo_matriz,6167,137422179134,17177637215
demo_matriz,6168,137422179135,17177637215
demo_matriz,6169,137422179136,17177637216
demo_matriz,6170,137422179137,17177637216
demo_matriz,6171,137422179138,17177637216
demo_matriz,6172,137422179121,17177637214
demo_matriz,6173,67298051,8277080
demo_matriz,6174,137422179122,17177637214
demo_matriz,6175,67298052,8277080
demo_matriz,6176,137422179123,17177637214
demo_matriz,6177,67298053,8277080
demo_matriz,6178,137422179124,17177637214
demo_matriz,6179,67298054,8277080
demo_matriz,6180,137422179125,17177637214
demo_matriz,6181,67298055,8277080
demo_matriz,6182,137422179126,17177637214
demo_matriz,6183,67331240,8281229
demo_matriz,6184,67331241,8281229
demo_matriz,6185,67331376,8281246
demo_matriz,6186,67331377,8281246
demo_matriz,6187,137422179121,17177637214
demo_matriz,6188,67331512,8281263
demo_matriz,6189,67331513,8281263
demo_matriz,6190,67331648,8281280
demo_matriz,6191,67331649,8281280
demo_matriz,6192,67331784,8281297
demo_matriz,6193,67331785,8281297
demo_matriz,6194,67331920,8281314
demo_matriz,6195,67331921,8281314
demo_matriz,6196,67332056,8281331
demo_matriz,6197,67332057,8281331
demo_matriz,6198,67332192,8281348
demo_matriz,6199,67332193,8281348
demo_matriz,6200,67332328,8281365
demo_matriz,6201,67332329,8281365
demo_matriz,6202,67332464,8281382
demo_matriz,6203,67332465,8281382
demo_matriz,6204,67332600,8281399
demo_matriz,6205,67332601,8281399
demo_matriz,6206,67332736,8281416
demo_matriz,6207,67332737,8281416
demo_matriz,6208,67332872,8281433
demo_matriz,6209,67332873,8281433
demo_matriz,6210,137422179121,17177637214
demo_matriz,6211,67333008,8281450
demo_matriz,6212,67333009,8281450
demo_matriz,6213,137422179121,17177637214
demo_matriz,6214,67333144,8281467
demo_matriz,6215,67333145,8281467
demo_matriz,6216,137422179121,17177637214
demo_matriz,6217,67333280,8281484
demo_matriz,6218,67333281,8281484
demo_matriz,6219,67333416,8281501
demo_matriz,6220,67333417,8281501
demo_matriz,6221,67333552,8281518
demo_matriz,6222,67333553,8281518
demo_matriz,6223,67333688,8281535
demo_matriz,6224,67333689,8281535
demo_matriz,6225,67333824,8281552
demo_matriz,6226,67333825,8281552
demo_matriz,6227,137422179121,17177637214
demo_matriz,6228,67333960,8281569
demo_matriz,6229,67333961,8281569
demo_matriz,6230,67334096,8281586
demo_matriz,6231,67334097,8281586
demo_matriz,6232,67334232,8281603
demo_matriz,6233,67334233,8281603
demo_matriz,6234,67334368,8281620
demo_matriz,6235,67334369,8281620
demo_matriz,6236,137422179121,17177637214
demo_matriz,6237,67334504,8281637
demo_matriz,6238,67334505,8281637
demo_matriz,6239,67334640,8281654
demo_matriz,6240,67334641,8281654
demo_matriz,6241,67334776,8281671
demo_matriz,6242,67334777,8281671
demo_matriz,6243,137422179121,17177637214
demo_matriz,6244,67334912,8281688
demo_matriz,6245,67334913,8281688
demo_matriz,6246,67335048,8281705
demo_matriz,6247,67335049,8281705
demo_matriz,6248,67335184,8281722
demo_matriz,6249,67335185,8281722
demo_matriz,6250,67335320,8281739
demo_matriz,6251,67335321,8281739
demo_matriz,6252,67335456,8281756
demo_matriz,6253,67335457,8281756
demo_matriz,6254,137422179121,17177637214
demo_matriz,6255,67335592,8281773
demo_matriz,6256,67335593,8281773
demo_matriz,6257,67335728,8281790
demo_matriz,6258,67335729,8281790
demo_matriz,6259,137422179121,17177637214
demo_matriz,6260,67335864,8281807
demo_matriz,6261,67335865,8281807
demo_matriz,6262,67336000,8281824
demo_matriz,6263,67336001,8281824
demo_matriz,6264,67336136,8281841
demo_matriz,6265,67336137,8281841
demo_matriz,6266,67336272,8281858
demo_matriz,6267,67336273,8281858
demo_matriz,6268,67336408,8281875
demo_matriz,6269,67336409,8281875
demo_matriz,6270,137422179121,17177637214
demo_matriz,6271,67336544,8281892
demo_matriz,6272,67336545,8281892
demo_matriz,6273,67336680,8281909
demo_matriz,6274,67336681,8281909
demo_matriz,6275,137422176096,17177636836
demo_matriz,6276,137422179141,17177637216
demo_matriz,6277,137422179142,17177637216
demo_matriz,6278,137422179143,17177637216
demo_matriz,6279,137422179144,17177637217
demo_matriz,6280,137422179145,17177637217
demo_matriz,6281,137422179146,17177637217
demo_matriz,6282,137422179147,17177637217
demo_matriz,6283,137422179148,17177637217
demo_matriz,6284,137422179149,17177637217
demo_matriz,6285,137422179150,17177637217
demo_matriz,6286,137422179151,17177637217
demo_matriz,6287,137422179152,17177637218
demo_matriz,6288,137422179153,17177637218
demo_matriz,6289,137422179141,17177637216
demo_matriz,6290,67331240,8281229
demo_matriz,6291,67331241,8281229
demo_matriz,6292,67331376,8281246
demo_matriz,6293,67331377,8281246
demo_matriz,6294,137422179141,17177637216
demo_matriz,6295,67331512,8281263
demo_matriz,6296,67331513,8281263
demo_matriz,6297,67331648,8281280
demo_matriz,6298,67331649,8281280
demo_matriz,6299,67331784,8281297
demo_matriz,6300,67331785,8281297
demo_matriz,6301,67331920,8281314
demo_matriz,6302,67331921,8281314
demo_matriz,6303,67332056,8281331
demo_matriz,6304,67332057,8281331
demo_matriz,6305,67332192,8281348
demo_matriz,6306,67332193,8281348
demo_matriz,6307,67332328,8281365
demo_matriz,6308,67332329,8281365
demo_matriz,6309,67332464,8281382
demo_matriz,6310,67332465,8281382
demo_matriz,6311,67332600,8281399
demo_matriz,6312,67332601,8281399
demo_matriz,6313,67332736,8281416
demo_matriz,6314,67332737,8281416
demo_matriz,6315,67332872,8281433
demo_matriz,6316,67332873,8281433
demo_matriz,6317,137422179141,17177637216
demo_matriz,6318,67333008,8281450
demo_matriz,6319,67333009,8281450
demo_matriz,6320,137422179141,17177637216
demo_matriz,6321,67333144,8281467
demo_matriz,6322,67333145,8281467
demo_matriz,6323,137422179141,17177637216
demo_matriz,6324,67333280,8281484
demo_matriz,6325,67333281,8281484
demo_matriz,6326,67333416,8281501
demo_matriz,6327,67333417,8281501
demo_matriz,6328,67333552,8281518
demo_matriz,6329,67333553,8281518
demo_matriz,6330,67333688,8281535
demo_matriz,6331,67333689,8281535
demo_matriz,6332,67333824,8281552
demo_matriz,6333,67333825,8281552
demo_matriz,6334,137422179141,17177637216
demo_matriz,6335,67333960,8281569
demo_matriz,6336,67333961,8281569
demo_matriz,6337,67334096,8281586
demo_matriz,6338,67334097,8281586
demo_matriz,6339,67334232,8281603
demo_matriz,6340,67334233,8281603
demo_matriz,6341,67334368,8281620
demo_matriz,6342,67334369,8281620
demo_matriz,6343,137422179141,17177637216
demo_matriz,6344,67334504,8281637
demo_matriz,6345,67334505,8281637
demo_matriz,6346,67334640,8281654
demo_matriz,6347,67334641,8281654
demo_matriz,6348,67334776,8281671
demo_matriz,6349,67334777,8281671
demo_matriz,6350,137422179141,17177637216
demo_matriz,6351,67334912,8281688
demo_matriz,6352,67334913,8281688
demo_matriz,6353,67335048,8281705
demo_matriz,6354,67335049,8281705
demo_matriz,6355,67335184,8281722
demo_matriz,6356,67335185,8281722
demo_matriz,6357,67335320,8281739
demo_matriz,6358,67335321,8281739
demo_matriz,6359,67335456,8281756
demo_matriz,6360,67335457,8281756
demo_matriz,6361,137422179141,17177637216
demo_matriz,6362,67335592,8281773
demo_matriz,6363,67335593,8281773
demo_matriz,6364,67335728,8281790
demo_matriz,6365,67335729,8281790
demo_matriz,6366,137422179141,17177637216
demo_matriz,6367,67335864,8281807
demo_matriz,6368,67335865,8281807
demo_matriz,6369,67336000,8281824
demo_matriz,6370,67336001,8281824
demo_matriz,6371,67336136,8281841
demo_matriz,6372,67336137,8281841
demo_matriz,6373,67336272,8281858
demo_matriz,6374,67336273,8281858
demo_matriz,6375,67336408,8281875
demo_matriz,6376,67336409,8281875
demo_matriz,6377,137422179141,17177637216
demo_matriz,6378,67336544,8281892
demo_matriz,6379,67336545,8281892
demo_matriz,6380,67336680,8281909
demo_matriz,6381,67336681,8281909
demo_matriz,6382,137422176104,17177636837
demo_matriz,6383,137422179156,17177637218
demo_matriz,6384,137422179157,17177637218
demo_matriz,6385,137422179158,17177637218
demo_matriz,6386,137422179159,17177637218
demo_matriz,6387,137422179160,17177637219
demo_matriz,6388,137422179161,17177637219
demo_matriz,6389,137422179162,17177637219
demo_matriz,6390,137422179163,17177637219
demo_matriz,6391,137422179156,17177637218
demo_matriz,6392,67331240,8281229
demo_matriz,6393,67331241,8281229
demo_matriz,6394,67331376,8281246
demo_matriz,6395,67331377,8281246
demo_matriz,6396,137422179156,17177637218
demo_matriz,6397,67331512,8281263
demo_matriz,6398,67331513,8281263
demo_matriz,6399,67331648,8281280
demo_matriz,6400,67331649,8281280
demo_matriz,6401,67331784,8281297
demo_matriz,6402,67331785,8281297
demo_matriz,6403,67331920,8281314
demo_matriz,6404,67331921,8281314
demo_matriz,6405,67332056,8281331
demo_matriz,6406,67332057,8281331
demo_matriz,6407,67332192,8281348
demo_matriz,6408,67332193,8281348
demo_matriz,6409,67332328,8281365
demo_matriz,6410,67332329,8281365
demo_matriz,6411,67332464,8281382
demo_matriz,6412,67332465,8281382
demo_matriz,6413,67332600,8281399
demo_matriz,6414,67332601,8281399
demo_matriz,6415,67332736,8281416
demo_matriz,6416,67332737,8281416
demo_matriz,6417,67332872,8281433
demo_matriz,6418,67332873,8281433
demo_matriz,6419,137422179156,17177637218
demo_matriz,6420,67333008,8281450
demo_matriz,6421,67333009,8281450
demo_matriz,6422,137422179156,17177637218
demo_matriz,6423,67333144,8281467
demo_matriz,6424,67333145,8281467
demo_matriz,6425,137422179156,17177637218
demo_matriz,6426,67333280,8281484
demo_matriz,6427,67333281,8281484
demo_matriz,6428,67333416,8281501
demo_matriz,6429,67333417,8281501
demo_matriz,6430,67333552,8281518
demo_matriz,6431,67333553,8281518
demo_matriz,6432,67333688,8281535
demo_matriz,6433,67333689,8281535
demo_matriz,6434,67333824,8281552
demo_matriz,6435,67333825,8281552
demo_matriz,6436,137422179156,17177637218
demo_matriz,6437,67333960,8281569
demo_matriz,6438,67333961,8281569
demo_matriz,6439,67334096,8281586
demo_matriz,6440,67334097,8281586
demo_matriz,6441,67334232,8281603
demo_matriz,6442,67334233,8281603
demo_matriz,6443,67334368,8281620
demo_matriz,6444,67334369,8281620
demo_matriz,6445,137422179156,17177637218
demo_matriz,6446,67334504,8281637
demo_matriz,6447,67334505,8281637
demo_matriz,6448,67334640,8281654
demo_matriz,6449,67334641,8281654
demo_matriz,6450,67334776,8281671
demo_matriz,6451,67334777,8281671
demo_matriz,6452,137422179156,17177637218
demo_matriz,6453,67334912,8281688
demo_matriz,6454,67334913,8281688
demo_matriz,6455,67335048,8281705
demo_matriz,6456,67335049,8281705
demo_matriz,6457,67335184,8281722
demo_matriz,6458,67335185,8281722
demo_matriz,6459,67335320,8281739
demo_matriz,6460,67335321,8281739
demo_matriz,6461,67335456,8281756
demo_matriz,6462,67335457,8281756
demo_matriz,6463,137422179156,17177637218
demo_matriz,6464,67335592,8281773
demo_matriz,6465,67335593,8281773
demo_matriz,6466,67335728,8281790
demo_matriz,6467,67335729,8281790
demo_matriz,6468,137422179156,17177637218
demo_matriz,6469,67335864,8281807
demo_matriz,6470,67335865,8281807
demo_matriz,6471,67336000,8281824
demo_matriz,6472,67336001,8281824
demo_matriz,6473,67336136,8281841
demo_matriz,6474,67336137,8281841
demo_matriz,6475,67336272,8281858
demo_matriz,6476,67336273,8281858
demo_matriz,6477,67336408,8281875
demo_matriz,6478,67336409,8281875
demo_matriz,6479,137422179156,17177637218
demo_matriz,6480,67336544,8281892
demo_matriz,6481,67336545,8281892
demo_matriz,6482,67336680,8281909
demo_matriz,6483,67336681,8281909
demo_matriz,6484,137422176112,17177636838
demo_matriz,6485,137422179167,17177637219
demo_matriz,6486,137422179168,17177637220
demo_matriz,6487,137422179169,17177637220
demo_matriz,6488,137422179170,17177637220
demo_matriz,6489,137422179171,17177637220
demo_matriz,6490,137422179167,17177637219
demo_matriz,6491,67331240,8281229
demo_matriz,6492,67331241,8281229
demo_matriz,6493,67331376,8281246
demo_matriz,6494,67331377,8281246
demo_matriz,6495,137422179167,17177637219
demo_matriz,6496,67331512,8281263
demo_matriz,6497,67331513,8281263
demo_matriz,6498,67331648,8281280
demo_matriz,6499,67331649,8281280
demo_matriz,6500,67331784,8281297
demo_matriz,6501,67331785,8281297
demo_matriz,6502,67331920,8281314
demo_matriz,6503,67331921,8281314
demo_matriz,6504,67332056,8281331
demo_matriz,6505,67332057,8281331
demo_matriz,6506,67332192,8281348
demo_matriz,6507,67332193,8281348
demo_matriz,6508,67332328,8281365
demo_matriz,6509,67332329,8281365
demo_matriz,6510,67332464,8281382
demo_matriz,6511,67332465,8281382
demo_matriz,6512,67332600,8281399
demo_matriz,6513,67332601,8281399
demo_matriz,6514,67332736,8281416
demo_matriz,6515,67332737,8281416
demo_matriz,6516,67332872,8281433
demo_matriz,6517,67332873,8281433
demo_matriz,6518,137422179167,17177637219
demo_matriz,6519,67333008,8281450
demo_matriz,6520,67333009,8281450
demo_matriz,6521,137422179167,17177637219
demo_matriz,6522,67333010,8281450
demo_matriz,6523,137422179168,17177637220
demo_matriz,6524,67333144,8281467
demo_matriz,6525,67333145,8281467
demo_matriz,6526,137422179167,17177637219
demo_matriz,6527,67333280,8281484
demo_matriz,6528,67333281,8281484
demo_matriz,6529,67333416,8281501
demo_matriz,6530,67333417,8281501
demo_matriz,6531,67333552,8281518
demo_matriz,6532,67333553,8281518
demo_matriz,6533,67333688,8281535
demo_matriz,6534,67333689,8281535
demo_matriz,6535,67333824,8281552
demo_matriz,6536,67333825,8281552
demo_matriz,6537,137422179167,17177637219
demo_matriz,6538,67333826,8281552
demo_matriz,6539,137422179168,17177637220
demo_matriz,6540,67333960,8281569
demo_matriz,6541,67333961,8281569
demo_matriz,6542,67334096,8281586
demo_matriz,6543,67334097,8281586
demo_matriz,6544,67334232,8281603
demo_matriz,6545,67334233,8281603
demo_matriz,6546,67334368,8281620
demo_matriz,6547,67334369,8281620
demo_matriz,6548,137422179167,17177637219
demo_matriz,6549,67334504,8281637
demo_matriz,6550,67334505,8281637
demo_matriz,6551,67334640,8281654
demo_matriz,6552,67334641,8281654
demo_matriz,6553,67334776,8281671
demo_matriz,6554,67334777,8281671
demo_matriz,6555,137422179167,17177637219
demo_matriz,6556,67334912,8281688
demo_matriz,6557,67334913,8281688
demo_matriz,6558,67335048,8281705
demo_matriz,6559,67335049,8281705
demo_matriz,6560,67335184,8281722
demo_matriz,6561,67335185,8281722
demo_matriz,6562,67335320,8281739
demo_matriz,6563,67335321,8281739
demo_matriz,6564,67335456,8281756
demo_matriz,6565,67335457,8281756
demo_matriz,6566,137422179167,17177637219
demo_matriz,6567,67335592,8281773
demo_matriz,6568,67335593,8281773
demo_matriz,6569,67335728,8281790
demo_matriz,6570,67335729,8281790
demo_matriz,6571,137422179167,17177637219
demo_matriz,6572,67335864,8281807
demo_matriz,6573,67335865,8281807
demo_matriz,6574,67336000,8281824
demo_matriz,6575,67336001,8281824
demo_matriz,6576,67336136,8281841
demo_matriz,6577,67336137,8281841
demo_matriz,6578,67336272,8281858
demo_matriz,6579,67336273,8281858
demo_matriz,6580,67336408,8281875
demo_matriz,6581,67336409,8281875
demo_matriz,6582,137422179167,17177637219
demo_matriz,6583,67336544,8281892
demo_matriz,6584,67336545,8281892
demo_matriz,6585,67336680,8281909
demo_matriz,6586,67336681,8281909
demo_matriz,6587,137422176120,17177636839
demo_matriz,6588,137422179184,17177637222
demo_matriz,6589,137422179185,17177637222
demo_matriz,6590,137422179186,17177637222
demo_matriz,6591,137422179187,17177637222
demo_matriz,6592,137422179188,17177637222
demo_matriz,6593,137422179189,17177637222
demo_matriz,6594,137422179190,17177637222
demo_matriz,6595,137422179191,17177637222
demo_matriz,6596,137422179192,17177637223
demo_matriz,6597,137422179193,17177637223
demo_matriz,6598,137422179194,17177637223
demo_matriz,6599,137422179195,17177637223
demo_matriz,6600,137422179196,17177637223
demo_matriz,6601,137422179197,17177637223
demo_matriz,6602,137422179198,17177637223
demo_matriz,6603,137422179199,17177637223
demo_matriz,6604,137422179200,17177637224
demo_matriz,6605,137422179201,17177637224
demo_matriz,6606,137422179202,17177637224
demo_matriz,6607,137422179203,17177637224
demo_matriz,6608,137422179184,17177637222
demo_matriz,6609,67331240,8281229
demo_matriz,6610,67331241,8281229
demo_matriz,6611,67331376,8281246
demo_matriz,6612,67331377,8281246
demo_matriz,6613,137422179184,17177637222
demo_matriz,6614,67331512,8281263
demo_matriz,6615,67331513,8281263
demo_matriz,6616,67331648,8281280
demo_matriz,6617,67331649,8281280
demo_matriz,6618,67331784,8281297
demo_matriz,6619,67331785,8281297
demo_matriz,6620,67331920,8281314
demo_matriz,6621,67331921,8281314
demo_matriz,6622,67332056,8281331
demo_matriz,6623,67332057,8281331
demo_matriz,6624,67332192,8281348
demo_matriz,6625,67332193,8281348
demo_matriz,6626,67332328,8281365
demo_matriz,6627,67332329,8281365
demo_matriz,6628,67332464,8281382
demo_matriz,6629,67332465,8281382
demo_matriz,6630,67332600,8281399
demo_matriz,6631,67332601,8281399
demo_matriz,6632,67332736,8281416
demo_matriz,6633,67332737,8281416
demo_matriz,6634,67332872,8281433
demo_matriz,6635,67332873,8281433
demo_matriz,6636,137422179184,17177637222
demo_matriz,6637,67333008,8281450
demo_matriz,6638,67333009,8281450
demo_matriz,6639,137422179184,17177637222
demo_matriz,6640,67333144,8281467
demo_matriz,6641,67333145,8281467
demo_matriz,6642,137422179184,17177637222
demo_matriz,6643,67333280,8281484
demo_matriz,6644,67333281,8281484
demo_matriz,6645,67333416,8281501
demo_matriz,6646,67333417,8281501
demo_matriz,6647,67333552,8281518
demo_matriz,6648,67333553,8281518
demo_matriz,6649,67333688,8281535
demo_matriz,6650,67333689,8281535
demo_matriz,6651,67333824,8281552
demo_matriz,6652,67333825,8281552
demo_matriz,6653,137422179184,17177637222
demo_matriz,6654,67333960,8281569
demo_matriz,6655,67333961,8281569
demo_matriz,6656,67334096,8281586
demo_matriz,6657,67334097,8281586
demo_matriz,6658,67334232,8281603
demo_matriz,6659,67334233,8281603
demo_matriz,6660,67334368,8281620
demo_matriz,6661,67334369,8281620
demo_matriz,6662,137422179184,17177637222
demo_matriz,6663,67334504,8281637
demo_matriz,6664,67334505,8281637
demo_matriz,6665,67334640,8281654
demo_matriz,6666,67334641,8281654
demo_matriz,6667,67334776,8281671
demo_matriz,6668,67334777,8281671
demo_matriz,6669,137422179184,17177637222
demo_matriz,6670,67334912,8281688
demo_matriz,6671,67334913,8281688
demo_matriz,6672,67335048,8281705
demo_matriz,6673,67335049,8281705
demo_matriz,6674,67335184,8281722
demo_matriz,6675,67335185,8281722
demo_matriz,6676,67335320,8281739
demo_matriz,6677,67335321,8281739
demo_matriz,6678,67335456,8281756
demo_matriz,6679,67335457,8281756
demo_matriz,6680,137422179184,17177637222
demo_matriz,6681,67335592,8281773
demo_matriz,6682,67335593,8281773
demo_matriz,6683,67335728,8281790
demo_matriz,6684,67335729,8281790
demo_matriz,6685,137422179184,17177637222
demo_matriz,6686,67335864,8281807
demo_matriz,6687,67335865,8281807
demo_matriz,6688,67336000,8281824
demo_matriz,6689,67336001,8281824
demo_matriz,6690,67336136,8281841
demo_matriz,6691,67336137,8281841
demo_matriz,6692,67336272,8281858
demo_matriz,6693,67336273,8281858
demo_matriz,6694,67336408,8281875
demo_matriz,6695,67336409,8281875
demo_matriz,6696,137422179184,17177637222
demo_matriz,6697,67336544,8281892
demo_matriz,6698,67336545,8281892
demo_matriz,6699,67336680,8281909
demo_matriz,6700,67336681,8281909
demo_matriz,6701,137422176128,17177636840
demo_matriz,6702,137422179215,17177637225
demo_matriz,6703,137422179216,17177637226
demo_matriz,6704,137422179217,17177637226
demo_matriz,6705,137422179218,17177637226
demo_matriz,6706,137422179219,17177637226
demo_matriz,6707,137422179220,17177637226
demo_matriz,6708,137422179221,17177637226
demo_matriz,6709,137422179222,17177637226
demo_matriz,6710,137422179223,17177637226
demo_matriz,6711,137422179224,17177637227
demo_matriz,6712,137422179225,17177637227
demo_matriz,6713,137422179226,17177637227
demo_matriz,6714,137422179227,17177637227
demo_matriz,6715,137422179215,17177637225
demo_matriz,6716,67331240,8281229
demo_matriz,6717,67331241,8281229
demo_matriz,6718,67331376,8281246
demo_matriz,6719,67331377,8281246
demo_matriz,6720,137422179215,17177637225
demo_matriz,6721,67331512,8281263
demo_matriz,6722,67331513,8281263
demo_matriz,6723,67331648,8281280
demo_matriz,6724,67331649,8281280
demo_matriz,6725,67331784,8281297
demo_matriz,6726,67331785,8281297
demo_matriz,6727,67331920,8281314
demo_matriz,6728,67331921,8281314
demo_matriz,6729,67332056,8281331
demo_matriz,6730,67332057,8281331
demo_matriz,6731,67332192,8281348
demo_matriz,6732,67332193,8281348
demo_matriz,6733,67332328,8281365
demo_matriz,6734,67332329,8281365
demo_matriz,6735,67332464,8281382
demo_matriz,6736,67332465,8281382
demo_matriz,6737,67332600,8281399
demo_matriz,6738,67332601,8281399
demo_matriz,6739,67332736,8281416
demo_matriz,6740,67332737,8281416
demo_matriz,6741,67332872,8281433
demo_matriz,6742,67332873,8281433
demo_matriz,6743,137422179215,17177637225
demo_matriz,6744,67333008,8281450
demo_matriz,6745,67333009,8281450
demo_matriz,6746,137422179215,17177637225
demo_matriz,6747,67333010,8281450
demo_matriz,6748,137422179216,17177637226
demo_matriz,6749,67333144,8281467
demo_matriz,6750,67333145,8281467
demo_matriz,6751,137422179215,17177637225
demo_matriz,6752,67333280,8281484
demo_matriz,6753,67333281,8281484
demo_matriz,6754,67333416,8281501
demo_matriz,6755,67333417,8281501
demo_matriz,6756,67333552,8281518
demo_matriz,6757,67333553,8281518
demo_matriz,6758,67333688,8281535
demo_matriz,6759,67333689,8281535
demo_matriz,6760,67333824,8281552
demo_matriz,6761,67333825,8281552
demo_matriz,6762,137422179215,17177637225
demo_matriz,6763,67333826,8281552
demo_matriz,6764,137422179216,17177637226
demo_matriz,6765,67333960,8281569
demo_matriz,6766,67333961,8281569
demo_matriz,6767,67334096,8281586
demo_matriz,6768,67334097,8281586
demo_matriz,6769,67334232,8281603
demo_matriz,6770,67334233,8281603
demo_matriz,6771,67334368,8281620
demo_matriz,6772,67334369,8281620
demo_matriz,6773,137422179215,17177637225
demo_matriz,6774,67334504,8281637
demo_matriz,6775,67334505,8281637
demo_matriz,6776,67334640,8281654
demo_matriz,6777,67334641,8281654
demo_matriz,6778,67334776,8281671
demo_matriz,6779,67334777,8281671
demo_matriz,6780,137422179215,17177637225
demo_matriz,6781,67334912,8281688
demo_matriz,6782,67334913,8281688
demo_matriz,6783,67335048,8281705
demo_matriz,6784,67335049,8281705
demo_matriz,6785,67335184,8281722
demo_matriz,6786,67335185,8281722
demo_matriz,6787,67335320,8281739
demo_matriz,6788,67335321,8281739
demo_matriz,6789,67335456,8281756
demo_matriz,6790,67335457,8281756
demo_matriz,6791,137422179215,17177637225
demo_matriz,6792,67335592,8281773
demo_matriz,6793,67335593,8281773
demo_matriz,6794,67335728,8281790
demo_matriz,6795,67335729,8281790
demo_matriz,6796,137422179215,17177637225
demo_matriz,6797,67335864,8281807
demo_matriz,6798,67335865,8281807
demo_matriz,6799,67336000,8281824
demo_matriz,6800,67336001,8281824
demo_matriz,6801,67336136,8281841
demo_matriz,6802,67336137,8281841
demo_matriz,6803,67336272,8281858
demo_matriz,6804,67336273,8281858
demo_matriz,6805,67336408,8281875
demo_matriz,6806,67336409,8281875
demo_matriz,6807,137422179215,17177637225
demo_matriz,6808,67336544,8281892
demo_matriz,6809,67336545,8281892
demo_matriz,6810,67336680,8281909
demo_matriz,6811,67336681,8281909
demo_matriz,6812,137422176136,17177636841
demo_matriz,6813,137422179240,17177637229
demo_matriz,6814,137422179241,17177637229
demo_matriz,6815,137422179242,17177637229
demo_matriz,6816,137422179243,17177637229
demo_matriz,6817,137422179244,17177637229
demo_matriz,6818,137422179245,17177637229
demo_matriz,6819,137422179246,17177637229
demo_matriz,6820,137422179247,17177637229
demo_matriz,6821,137422179248,17177637230
demo_matriz,6822,137422179249,17177637230
demo_matriz,6823,137422179250,17177637230
demo_matriz,6824,137422179240,17177637229
demo_matriz,6825,67331240,8281229
demo_matriz,6826,67331241,8281229
demo_matriz,6827,67331376,8281246
demo_matriz,6828,67331377,8281246
demo_matriz,6829,137422179240,17177637229
demo_matriz,6830,67331512,8281263
demo_matriz,6831,67331513,8281263
demo_matriz,6832,67331648,8281280
demo_matriz,6833,67331649,8281280
demo_matriz,6834,67331784,8281297
demo_matriz,6835,67331785,8281297
demo_matriz,6836,67331920,8281314
demo_matriz,6837,67331921,8281314
demo_matriz,6838,67332056,8281331
demo_matriz,6839,67332057,8281331
demo_matriz,6840,67332192,8281348
demo_matriz,6841,67332193,8281348
demo_matriz,6842,67332328,8281365
demo_matriz,6843,67332329,8281365
demo_matriz,6844,67332464,8281382
demo_matriz,6845,67332465,8281382
demo_matriz,6846,67332600,8281399
demo_matriz,6847,67332601,8281399
demo_matriz,6848,67332736,8281416
demo_matriz,6849,67332737,8281416
demo_matriz,6850,67332872,8281433
demo_matriz,6851,67332873,8281433
demo_matriz,6852,137422179240,17177637229
demo_matriz,6853,67333008,8281450
demo_matriz,6854,67333009,8281450
demo_matriz,6855,137422179240,17177637229
demo_matriz,6856,67333144,8281467
demo_matriz,6857,67333145,8281467
demo_matriz,6858,137422179240,17177637229
demo_matriz,6859,67333280,8281484
demo_matriz,6860,67333281,8281484
demo_matriz,6861,67333416,8281501
demo_matriz,6862,67333417,8281501
demo_matriz,6863,67333552,8281518
demo_matriz,6864,67333553,8281518
demo_matriz,6865,67333688,8281535
demo_matriz,6866,67333689,8281535
demo_matriz,6867,67333824,8281552
demo_matriz,6868,67333825,8281552
demo_matriz,6869,137422179240,17177637229
demo_matriz,6870,67333960,8281569
demo_matriz,6871,67333961,8281569
demo_matriz,6872,67334096,8281586
demo_matriz,6873,67334097,8281586
demo_matriz,6874,67334232,8281603
demo_matriz,6875,67334233,8281603
demo_matriz,6876,67334368,8281620
demo_matriz,6877,67334369,8281620
demo_matriz,6878,137422179240,17177637229
demo_matriz,6879,67334504,8281637
demo_matriz,6880,67334505,8281637
demo_matriz,6881,67334640,8281654
demo_matriz,6882,67334641,8281654
demo_matriz,6883,67334776,8281671
demo_matriz,6884,67334777,8281671
demo_matriz,6885,137422179240,17177637229
demo_matriz,6886,67334912,8281688
demo_matriz,6887,67334913,8281688
demo_matriz,6888,67335048,8281705
demo_matriz,6889,67335049,8281705
demo_matriz,6890,67335184,8281722
demo_matriz,6891,67335185,8281722
demo_matriz,6892,67335320,8281739
demo_matriz,6893,67335321,8281739
demo_matriz,6894,67335456,8281756
demo_matriz,6895,67335457,8281756
demo_matriz,6896,137422179240,17177637229
demo_matriz,6897,67335592,8281773
demo_matriz,6898,67335593,8281773
demo_matriz,6899,67335728,8281790
demo_matriz,6900,67335729,8281790
demo_matriz,6901,137422179240,17177637229
demo_matriz,6902,67335864,8281807
demo_matriz,6903,67335865,8281807
demo_matriz,6904,67336000,8281824
demo_matriz,6905,67336001,8281824
demo_matriz,6906,67336136,8281841
demo_matriz,6907,67336137,8281841
demo_matriz,6908,67336272,8281858
demo_matriz,6909,67336273,8281858
demo_matriz,6910,67336408,8281875
demo_matriz,6911,67336409,8281875
demo_matriz,6912,137422179240,17177637229
demo_matriz,6913,67336544,8281892
demo_matriz,6914,67336545,8281892
demo_matriz,6915,67336680,8281909
demo_matriz,6916,67336681,8281909
demo_matriz,6917,137422176144,17177636842
demo_matriz,6918,137422179260,17177637231
demo_matriz,6919,137422179261,17177637231
demo_matriz,6920,137422179262,17177637231
demo_matriz,6921,137422179263,17177637231
demo_matriz,6922,137422179264,17177637232
demo_matriz,6923,137422179265,17177637232
demo_matriz,6924,137422179266,17177637232
demo_matriz,6925,137422179267,17177637232
demo_matriz,6926,137422179268,17177637232
demo_matriz,6927,137422179269,17177637232
demo_matriz,6928,137422179270,17177637232
demo_matriz,6929,137422179271,17177637232
demo_matriz,6930,137422179272,17177637233
demo_matriz,6931,137422179273,17177637233
demo_matriz,6932,137422179274,17177637233
demo_matriz,6933,137422179275,17177637233
demo_matriz,6934,137422179276,17177637233
demo_matriz,6935,137422179277,17177637233
demo_matriz,6936,137422179278,17177637233
demo_matriz,6937,137422179279,17177637233
demo_matriz,6938,137422179260,17177637231
demo_matriz,6939,67331240,8281229
demo_matriz,6940,67331241,8281229
demo_matriz,6941,67331376,8281246
demo_matriz,6942,67331377,8281246
demo_matriz,6943,137422179260,17177637231
demo_matriz,6944,67331512,8281263
demo_matriz,6945,67331513,8281263
demo_matriz,6946,67331648,8281280
demo_matriz,6947,67331649,8281280
demo_matriz,6948,67331784,8281297
demo_matriz,6949,67331785,8281297
demo_matriz,6950,67331920,8281314
demo_matriz,6951,67331921,8281314
demo_matriz,6952,67332056,8281331
demo_matriz,6953,67332057,8281331
demo_matriz,6954,67332192,8281348
demo_matriz,6955,67332193,8281348
demo_matriz,6956,67332328,8281365
demo_matriz,6957,67332329,8281365
demo_matriz,6958,67332464,8281382
demo_matriz,6959,67332465,8281382
demo_matriz,6960,67332600,8281399
demo_matriz,6961,67332601,8281399
demo_matriz,6962,67332736,8281416
demo_matriz,6963,67332737,8281416
demo_matriz,6964,67332872,8281433
demo_matriz,6965,67332873,8281433
demo_matriz,6966,137422179260,17177637231
demo_matriz,6967,67333008,8281450
demo_matriz,6968,67333009,8281450
demo_matriz,6969,137422179260,17177637231
demo_matriz,6970,67333144,8281467
demo_matriz,6971,67333145,8281467
demo_matriz,6972,137422179260,17177637231
demo_matriz,6973,67333280,8281484
demo_matriz,6974,67333281,8281484
demo_matriz,6975,67333416,8281501
demo_matriz,6976,67333417,8281501
demo_matriz,6977,67333552,8281518
demo_matriz,6978,67333553,8281518
demo_matriz,6979,67333688,8281535
demo_matriz,6980,67333689,8281535
demo_matriz,6981,67333824,8281552
demo_matriz,6982,67333825,8281552
demo_matriz,6983,137422179260,17177637231
demo_matriz,6984,67333960,8281569
demo_matriz,6985,67333961,8281569
demo_matriz,6986,67334096,8281586
demo_matriz,6987,67334097,8281586
demo_matriz,6988,67334232,8281603
demo_matriz,6989,67334233,8281603
demo_matriz,6990,67334368,8281620
demo_matriz,6991,67334369,8281620
demo_matriz,6992,137422179260,17177637231
demo_matriz,6993,67334504,8281637
demo_matriz,6994,67334505,8281637
demo_matriz,6995,67334640,8281654
demo_matriz,6996,67334641,8281654
demo_matriz,6997,67334776,8281671
demo_matriz,6998,67334777,8281671
demo_matriz,6999,137422179260,17177637231
demo_matriz,7000,67334912,8281688
demo_matriz,7001,67334913,8281688
demo_matriz,7002,67335048,8281705
demo_matriz,7003,67335049,8281705
demo_matriz,7004,67335184,8281722
demo_matriz,7005,67335185,8281722
demo_matriz,7006,67335320,8281739
demo_matriz,7007,67335321,8281739
demo_matriz,7008,67335456,8281756
demo_matriz,7009,67335457,8281756
demo_matriz,7010,137422179260,17177637231
demo_matriz,7011,67335592,8281773
demo_matriz,7012,67335593,8281773
demo_matriz,7013,67335728,8281790
demo_matriz,7014,67335729,8281790
demo_matriz,7015,137422179260,17177637231
demo_matriz,7016,67335864,8281807
demo_matriz,7017,67335865,8281807
demo_matriz,7018,67336000,8281824
demo_matriz,7019,67336001,8281824
demo_matriz,7020,67336136,8281841
demo_matriz,7021,67336137,8281841
demo_matriz,7022,67336272,8281858
demo_matriz,7023,67336273,8281858
demo_matriz,7024,67336408,8281875
demo_matriz,7025,67336409,8281875
demo_matriz,7026,137422179260,17177637231
demo_matriz,7027,67336544,8281892
demo_matriz,7028,67336545,8281892
demo_matriz,7029,67336680,8281909
demo_matriz,7030,67336681,8281909
demo_matriz,7031,137422176152,17177636843
demo_matriz,7032,137422179289,17177637235
demo_matriz,7033,137422179290,17177637235
demo_matriz,7034,137422179291,17177637235
demo_matriz,7035,137422179292,17177637235
demo_matriz,7036,137422179293,17177637235
demo_matriz,7037,137422179294,17177637235
demo_matriz,7038,137422179295,17177637235
demo_matriz,7039,137422179296,17177637236
demo_matriz,7040,137422179297,17177637236
demo_matriz,7041,137422179298,17177637236
demo_matriz,7042,137422179299,17177637236
demo_matriz,7043,137422179289,17177637235
demo_matriz,7044,67331240,8281229
demo_matriz,7045,67331241,8281229
demo_matriz,7046,67331376,8281246
demo_matriz,7047,67331377,8281246
demo_matriz,7048,137422179289,17177637235
demo_matriz,7049,67331512,8281263
demo_matriz,7050,67331513,8281263
demo_matriz,7051,67331648,8281280
demo_matriz,7052,67331649,8281280
demo_matriz,7053,67331784,8281297
demo_matriz,7054,67331785,8281297
demo_matriz,7055,67331920,8281314
demo_matriz,7056,67331921,8281314
demo_matriz,7057,67332056,8281331
demo_matriz,7058,67332057,8281331
demo_matriz,7059,67332192,8281348
demo_matriz,7060,67332193,8281348
demo_matriz,7061,67332328,8281365
demo_matriz,7062,67332329,8281365
demo_matriz,7063,67332464,8281382
demo_matriz,7064,67332465,8281382
demo_matriz,7065,67332600,8281399
demo_matriz,7066,67332601,8281399
demo_matriz,7067,67332736,8281416
demo_matriz,7068,67332737,8281416
demo_matriz,7069,67332872,8281433
demo_matriz,7070,67332873,8281433
demo_matriz,7071,137422179289,17177637235
demo_matriz,7072,67333008,8281450
demo_matriz,7073,67333009,8281450
demo_matriz,7074,137422179289,17177637235
demo_matriz,7075,67333144,8281467
demo_matriz,7076,67333145,8281467
demo_matriz,7077,137422179289,17177637235
demo_matriz,7078,67333280,8281484
demo_matriz,7079,67333281,8281484
demo_matriz,7080,67333416,8281501
demo_matriz,7081,67333417,8281501
demo_matriz,7082,67333552,8281518
demo_matriz,7083,67333553,8281518
demo_matriz,7084,67333688,8281535
demo_matriz,7085,67333689,8281535
demo_matriz,7086,67333824,8281552
demo_matriz,7087,67333825,8281552
demo_matriz,7088,137422179289,17177637235
demo_matriz,7089,67333960,8281569
demo_matriz,7090,67333961,8281569
demo_matriz,7091,67334096,8281586
demo_matriz,7092,67334097,8281586
demo_matriz,7093,67334232,8281603
demo_matriz,7094,67334233,8281603
demo_matriz,7095,67334368,8281620
demo_matriz,7096,67334369,8281620
demo_matriz,7097,137422179289,17177637235
demo_matriz,7098,67334504,8281637
demo_matriz,7099,67334505,8281637
demo_matriz,7100,67334640,8281654
demo_matriz,7101,67334641,8281654
demo_matriz,7102,67334776,8281671
demo_matriz,7103,67334777,8281671
demo_matriz,7104,137422179289,17177637235
demo_matriz,7105,67334912,8281688
demo_matriz,7106,67334913,8281688
demo_matriz,7107,67335048,8281705
demo_matriz,7108,67335049,8281705
demo_matriz,7109,67335184,8281722
demo_matriz,7110,67335185,8281722
demo_matriz,7111,67335320,8281739
demo_matriz,7112,67335321,8281739
demo_matriz,7113,67335456,8281756
demo_matriz,7114,67335457,8281756
demo_matriz,7115,137422179289,17177637235
demo_matriz,7116,67335592,8281773
demo_matriz,7117,67335593,8281773
demo_matriz,7118,67335728,8281790
demo_matriz,7119,67335729,8281790
demo_matriz,7120,137422179289,17177637235
demo_matriz,7121,67335864,8281807
demo_matriz,7122,67335865,8281807
demo_matriz,7123,67336000,8281824
demo_matriz,7124,67336001,8281824
demo_matriz,7125,67336136,8281841
demo_matriz,7126,67336137,8281841
demo_matriz,7127,67336272,8281858
demo_matriz,7128,67336273,8281858
demo_matriz,7129,67336408,8281875
demo_matriz,7130,67336409,8281875
demo_matriz,7131,137422179289,17177637235
demo_matriz,7132,67336544,8281892
demo_matriz,7133,67336545,8281892
demo_matriz,7134,67336680,8281909
demo_matriz,7135,67336681,8281909
demo_matriz,7136,137422176160,17177636844
demo_matriz,7137,137422179327,17177637239
demo_matriz,7138,137422179328,17177637240
demo_matriz,7139,137422179329,17177637240
demo_matriz,7140,137422179330,17177637240
demo_matriz,7141,137422179331,17177637240
demo_matriz,7142,137422179332,17177637240
demo_matriz,7143,137422179333,17177637240
demo_matriz,7144,137422179334,17177637240
demo_matriz,7145,137422179335,17177637240
demo_matriz,7146,137422179336,17177637241
demo_matriz,7147,137422179327,17177637239
demo_matriz,7148,67331240,8281229
demo_matriz,7149,67331241,8281229
demo_matriz,7150,67331376,8281246
demo_matriz,7151,67331377,8281246
demo_matriz,7152,137422179327,17177637239
demo_matriz,7153,67331512,8281263
demo_matriz,7154,67331513,8281263
demo_matriz,7155,67331648,8281280
demo_matriz,7156,67331649,8281280
demo_matriz,7157,67331784,8281297
demo_matriz,7158,67331785,8281297
demo_matriz,7159,67331920,8281314
demo_matriz,7160,67331921,8281314
demo_matriz,7161,67332056,8281331
demo_matriz,7162,67332057,8281331
demo_matriz,7163,67332192,8281348
demo_matriz,7164,67332193,8281348
demo_matriz,7165,67332328,8281365
demo_matriz,7166,67332329,8281365
demo_matriz,7167,67332464,8281382
demo_matriz,7168,67332465,8281382
demo_matriz,7169,67332600,8281399
demo_matriz,7170,67332601,8281399
demo_matriz,7171,67332736,8281416
demo_matriz,7172,67332737,8281416
demo_matriz,7173,67332872,8281433
demo_matriz,7174,67332873,8281433
demo_matriz,7175,137422179327,17177637239
demo_matriz,7176,67333008,8281450
demo_matriz,7177,67333009,8281450
demo_matriz,7178,137422179327,17177637239
demo_matriz,7179,67333010,8281450
demo_matriz,7180,137422179328,17177637240
demo_matriz,7181,67333144,8281467
demo_matriz,7182,67333145,8281467
demo_matriz,7183,137422179327,17177637239
demo_matriz,7184,67333280,8281484
demo_matriz,7185,67333281,8281484
demo_matriz,7186,67333416,8281501
demo_matriz,7187,67333417,8281501
demo_matriz,7188,67333552,8281518
demo_matriz,7189,67333553,8281518
demo_matriz,7190,67333688,8281535
demo_matriz,7191,67333689,8281535
demo_matriz,7192,67333824,8281552
demo_matriz,7193,67333825,8281552
demo_matriz,7194,137422179327,17177637239
demo_matriz,7195,67333826,8281552
demo_matriz,7196,137422179328,17177637240
demo_matriz,7197,67333960,8281569
demo_matriz,7198,67333961,8281569
demo_matriz,7199,67334096,8281586
demo_matriz,7200,67334097,8281586
demo_matriz,7201,67334232,8281603
demo_matriz,7202,67334233,8281603
demo_matriz,7203,67334368,8281620
demo_matriz,7204,67334369,8281620
demo_matriz,7205,137422179327,17177637239
demo_matriz,7206,67334504,8281637
demo_matriz,7207,67334505,8281637
demo_matriz,7208,67334640,8281654
demo_matriz,7209,67334641,8281654
demo_matriz,7210,67334776,8281671
demo_matriz,7211,67334777,8281671
demo_matriz,7212,137422179327,17177637239
demo_matriz,7213,67334912,8281688
demo_matriz,7214,67334913,8281688
demo_matriz,7215,67335048,8281705
demo_matriz,7216,67335049,8281705
demo_matriz,7217,67335184,8281722
demo_matriz,7218,67335185,8281722
demo_matriz,7219,67335320,8281739
demo_matriz,7220,67335321,8281739
demo_matriz,7221,67335456,8281756
demo_matriz,7222,67335457,8281756
demo_matriz,7223,137422179327,17177637239
demo_matriz,7224,67335592,8281773
demo_matriz,7225,67335593,8281773
demo_matriz,7226,67335728,8281790
demo_matriz,7227,67335729,8281790
demo_matriz,7228,137422179327,17177637239
demo_matriz,7229,67335864,8281807
demo_matriz,7230,67335865,8281807
demo_matriz,7231,67336000,8281824
demo_matriz,7232,67336001,8281824
demo_matriz,7233,67336136,8281841
demo_matriz,7234,67336137,8281841
demo_matriz,7235,67336272,8281858
demo_matriz,7236,67336273,8281858
demo_matriz,7237,67336408,8281875
demo_matriz,7238,67336409,8281875
demo_matriz,7239,137422179327,17177637239
demo_matriz,7240,67336544,8281892
demo_matriz,7241,67336545,8281892
demo_matriz,7242,67336680,8281909
demo_matriz,7243,67336681,8281909
demo_matriz,7244,137422176168,17177636845
demo_matriz,7245,137422179338,17177637241
demo_matriz,7246,137422179339,17177637241
demo_matriz,7247,137422179340,17177637241
demo_matriz,7248,137422179341,17177637241
demo_matriz,7249,137422179342,17177637241
demo_matriz,7250,137422179343,17177637241
demo_matriz,7251,137422179344,17177637242
demo_matriz,7252,137422179345,17177637242
demo_matriz,7253,137422179346,17177637242
demo_matriz,7254,137422179347,17177637242
demo_matriz,7255,137422179348,17177637242
demo_matriz,7256,137422179349,17177637242
demo_matriz,7257,137422179350,17177637242
demo_matriz,7258,137422179351,17177637242
demo_matriz,7259,137422179338,17177637241
demo_matriz,7260,67331240,8281229
demo_matriz,7261,67331241,8281229
demo_matriz,7262,67331376,8281246
demo_matriz,7263,67331377,8281246
demo_matriz,7264,137422179338,17177637241
demo_matriz,7265,67331512,8281263
demo_matriz,7266,67331513,8281263
demo_matriz,7267,67331648,8281280
demo_matriz,7268,67331649,8281280
demo_matriz,7269,67331784,8281297
demo_matriz,7270,67331785,8281297
demo_matriz,7271,67331920,8281314
demo_matriz,7272,67331921,8281314
demo_matriz,7273,67332056,8281331
demo_matriz,7274,67332057,8281331
demo_matriz,7275,67332192,8281348
demo_matriz,7276,67332193,8281348
demo_matriz,7277,67332328,8281365
demo_matriz,7278,67332329,8281365
demo_matriz,7279,67332464,8281382
demo_matriz,7280,67332465,8281382
demo_matriz,7281,67332600,8281399
demo_matriz,7282,67332601,8281399
demo_matriz,7283,67332736,8281416
demo_matriz,7284,67332737,8281416
demo_matriz,7285,67332872,8281433
demo_matriz,7286,67332873,8281433
demo_matriz,7287,137422179338,17177637241
demo_matriz,7288,67333008,8281450
demo_matriz,7289,67333009,8281450
demo_matriz,7290,137422179338,17177637241
demo_matriz,7291,67333144,8281467
demo_matriz,7292,67333145,8281467
demo_matriz,7293,137422179338,17177637241
demo_matriz,7294,67333280,8281484
demo_matriz,7295,67333281,8281484
demo_matriz,7296,67333416,8281501
demo_matriz,7297,67333417,8281501
demo_matriz,7298,67333552,8281518
demo_matriz,7299,67333553,8281518
demo_matriz,7300,67333688,8281535
demo_matriz,7301,67333689,8281535
demo_matriz,7302,67333824,8281552
demo_matriz,7303,67333825,8281552
demo_matriz,7304,137422179338,17177637241
demo_matriz,7305,67333960,8281569
demo_matriz,7306,67333961,8281569
demo_matriz,7307,67334096,8281586
demo_matriz,7308,67334097,8281586
demo_matriz,7309,67334232,8281603
demo_matriz,7310,67334233,8281603
demo_matriz,7311,67334368,8281620
demo_matriz,7312,67334369,8281620
demo_matriz,7313,137422179338,17177637241
demo_matriz,7314,67334504,8281637
demo_matriz,7315,67334505,8281637
demo_matriz,7316,67334640,8281654
demo_matriz,7317,67334641,8281654
demo_matriz,7318,67334776,8281671
demo_matriz,7319,67334777,8281671
demo_matriz,7320,137422179338,17177637241
demo_matriz,7321,67334912,8281688
demo_matriz,7322,67334913,8281688
demo_matriz,7323,67335048,8281705
demo_matriz,7324,67335049,8281705
demo_matriz,7325,67335184,8281722
demo_matriz,7326,67335185,8281722
demo_matriz,7327,67335320,8281739
demo_matriz,7328,67335321,8281739
demo_matriz,7329,67335456,8281756
demo_matriz,7330,67335457,8281756
demo_matriz,7331,137422179338,17177637241
demo_matriz,7332,67335592,8281773
demo_matriz,7333,67335593,8281773
demo_matriz,7334,67335728,8281790
demo_matriz,7335,67335729,8281790
demo_matriz,7336,137422179338,17177637241
demo_matriz,7337,67335864,8281807
demo_matriz,7338,67335865,8281807
demo_matriz,7339,67336000,8281824
demo_matriz,7340,67336001,8281824
demo_matriz,7341,67336136,8281841
demo_matriz,7342,67336137,8281841
demo_matriz,7343,67336272,8281858
demo_matriz,7344,67336273,8281858
demo_matriz,7345,67336408,8281875
demo_matriz,7346,67336409,8281875
demo_matriz,7347,137422179338,17177637241
demo_matriz,7348,67336544,8281892
demo_matriz,7349,67336545,8281892
demo_matriz,7350,67336680,8281909
demo_matriz,7351,67336681,8281909
demo_matriz,7352,137422176176,17177636846
demo_matriz,7353,137422179379,17177637246
demo_matriz,7354,137422179380,17177637246
demo_matriz,7355,137422179381,17177637246
demo_matriz,7356,137422179382,17177637246
demo_matriz,7357,137422179383,17177637246
demo_matriz,7358,137422179384,17177637247
demo_matriz,7359,137422179385,17177637247
demo_matriz,7360,137422179386,17177637247
demo_matriz,7361,137422179387,17177637247
demo_matriz,7362,137422179388,17177637247
demo_matriz,7363,137422179389,17177637247
demo_matriz,7364,137422179390,17177637247
demo_matriz,7365,137422179391,17177637247
demo_matriz,7366,137422179392,17177637248
demo_matriz,7367,137422179393,17177637248
demo_matriz,7368,137422179394,17177637248
demo_matriz,7369,137422179395,17177637248
demo_matriz,7370,137422179396,17177637248
demo_matriz,7371,137422179397,17177637248
demo_matriz,7372,137422179398,17177637248
demo_matriz,7373,137422179399,17177637248
demo_matriz,7374,137422179379,17177637246
demo_matriz,7375,67331240,8281229
demo_matriz,7376,67331241,8281229
demo_matriz,7377,67331376,8281246
demo_matriz,7378,67331377,8281246
demo_matriz,7379,137422179379,17177637246
demo_matriz,7380,67331512,8281263
demo_matriz,7381,67331513,8281263
demo_matriz,7382,67331648,8281280
demo_matriz,7383,67331649,8281280
demo_matriz,7384,67331784,8281297
demo_matriz,7385,67331785,8281297
demo_matriz,7386,67331920,8281314
demo_matriz,7387,67331921,8281314
demo_matriz,7388,67332056,8281331
demo_matriz,7389,67332057,8281331
demo_matriz,7390,67332192,8281348
demo_matriz,7391,67332193,8281348
demo_matriz,7392,67332328,8281365
demo_matriz,7393,67332329,8281365
demo_matriz,7394,67332464,8281382
demo_matriz,7395,67332465,8281382
demo_matriz,7396,67332600,8281399
demo_matriz,7397,67332601,8281399
demo_matriz,7398,67332736,8281416
demo_matriz,7399,67332737,8281416
demo_matriz,7400,67332872,8281433
demo_matriz,7401,67332873,8281433
demo_matriz,7402,137422179379,17177637246
demo_matriz,7403,67333008,8281450
demo_matriz,7404,67333009,8281450
demo_matriz,7405,137422179379,17177637246
demo_matriz,7406,67333144,8281467
demo_matriz,7407,67333145,8281467
demo_matriz,7408,137422179379,17177637246
demo_matriz,7409,67333280,8281484
demo_matriz,7410,67333281,8281484
demo_matriz,7411,67333416,8281501
demo_matriz,7412,67333417,8281501
demo_matriz,7413,67333552,8281518
demo_matriz,7414,67333553,8281518
demo_matriz,7415,67333688,8281535
demo_matriz,7416,67333689,8281535
demo_matriz,7417,67333824,8281552
demo_matriz,7418,67333825,8281552
demo_matriz,7419,137422179379,17177637246
demo_matriz,7420,67333960,8281569
demo_matriz,7421,67333961,8281569
demo_matriz,7422,67334096,8281586
demo_matriz,7423,67334097,8281586
demo_matriz,7424,67334232,8281603
demo_matriz,7425,67334233,8281603
demo_matriz,7426,67334368,8281620
demo_matriz,7427,67334369,8281620
demo_matriz,7428,137422179379,17177637246
demo_matriz,7429,67334504,8281637
demo_matriz,7430,67334505,8281637
demo_matriz,7431,67334640,8281654
demo_matriz,7432,67334641,8281654
demo_matriz,7433,67334776,8281671
demo_matriz,7434,67334777,8281671
demo_matriz,7435,137422179379,17177637246
demo_matriz,7436,67334912,8281688
demo_matriz,7437,67334913,8281688
demo_matriz,7438,67335048,8281705
demo_matriz,7439,67335049,8281705
demo_matriz,7440,67335184,8281722
demo_matriz,7441,67335185,8281722
demo_matriz,7442,67335320,8281739
demo_matriz,7443,67335321,8281739
demo_matriz,7444,67335456,8281756
demo_matriz,7445,67335457,8281756
demo_matriz,7446,137422179379,17177637246
demo_matriz,7447,67335592,8281773
demo_matriz,7448,67335593,8281773
demo_matriz,7449,67335728,8281790
demo_matriz,7450,67335729,8281790
demo_matriz,7451,137422179379,17177637246
demo_matriz,7452,67335864,8281807
demo_matriz,7453,67335865,8281807
demo_matriz,7454,67336000,8281824
demo_matriz,7455,67336001,8281824
demo_matriz,7456,67336136,8281841
demo_matriz,7457,67336137,8281841
demo_matriz,7458,67336272,8281858
demo_matriz,7459,67336273,8281858
demo_matriz,7460,67336408,8281875
demo_matriz,7461,67336409,8281875
demo_matriz,7462,137422179379,17177637246
demo_matriz,7463,67336544,8281892
demo_matriz,7464,67336545,8281892
demo_matriz,7465,67336680,8281909
demo_matriz,7466,67336681,8281909
demo_matriz,7467,137422176184,17177636847
demo_matriz,7468,137422179431,17177637252
demo_matriz,7469,137422179432,17177637253
demo_matriz,7470,137422179433,17177637253
demo_matriz,7471,137422179434,17177637253
demo_matriz,7472,137422179435,17177637253
demo_matriz,7473,137422179436,17177637253
demo_matriz,7474,137422179431,17177637252
demo_matriz,7475,67331240,8281229
demo_matriz,7476,67331241,8281229
demo_matriz,7477,67331376,8281246
demo_matriz,7478,67331377,8281246
demo_matriz,7479,137422179431,17177637252
demo_matriz,7480,67331512,8281263
demo_matriz,7481,67331513,8281263
demo_matriz,7482,67331648,8281280
demo_matriz,7483,67331649,8281280
demo_matriz,7484,67331784,8281297
demo_matriz,7485,67331785,8281297
demo_matriz,7486,67331920,8281314
demo_matriz,7487,67331921,8281314
demo_matriz,7488,67332056,8281331
demo_matriz,7489,67332057,8281331
demo_matriz,7490,67332192,8281348
demo_matriz,7491,67332193,8281348
demo_matriz,7492,67332328,8281365
demo_matriz,7493,67332329,8281365
demo_matriz,7494,67332464,8281382
demo_matriz,7495,67332465,8281382
demo_matriz,7496,67332600,8281399
demo_matriz,7497,67332601,8281399
demo_matriz,7498,67332736,8281416
demo_matriz,7499,67332737,8281416
demo_matriz,7500,67332872,8281433
demo_matriz,7501,67332873,8281433
demo_matriz,7502,137422179431,17177637252
demo_matriz,7503,67333008,8281450
demo_matriz,7504,67333009,8281450
demo_matriz,7505,137422179431,17177637252
demo_matriz,7506,67333144,8281467
demo_matriz,7507,67333145,8281467
demo_matriz,7508,137422179431,17177637252
demo_matriz,7509,67333280,8281484
demo_matriz,7510,67333281,8281484
demo_matriz,7511,67333416,8281501
demo_matriz,7512,67333417,8281501
demo_matriz,7513,67333552,8281518
demo_matriz,7514,67333553,8281518
demo_matriz,7515,67333688,8281535
demo_matriz,7516,67333689,8281535
demo_matriz,7517,67333824,8281552
demo_matriz,7518,67333825,8281552
demo_matriz,7519,137422179431,17177637252
demo_matriz,7520,67333960,8281569
demo_matriz,7521,67333961,8281569
demo_matriz,7522,67334096,8281586
demo_matriz,7523,67334097,8281586
demo_matriz,7524,67334232,8281603
demo_matriz,7525,67334233,8281603
demo_matriz,7526,67334368,8281620
demo_matriz,7527,67334369,8281620
demo_matriz,7528,137422179431,17177637252
demo_matriz,7529,67334504,8281637
demo_matriz,7530,67334505,8281637
demo_matriz,7531,67334640,8281654
demo_matriz,7532,67334641,8281654
demo_matriz,7533,67334776,8281671
demo_matriz,7534,67334777,8281671
demo_matriz,7535,137422179431,17177637252
demo_matriz,7536,67334912,8281688
demo_matriz,7537,67334913,8281688
demo_matriz,7538,67335048,8281705
demo_matriz,7539,67335049,8281705
demo_matriz,7540,67335184,8281722
demo_matriz,7541,67335185,8281722
demo_matriz,7542,67335320,8281739
demo_matriz,7543,67335321,8281739
demo_matriz,7544,67335456,8281756
demo_matriz,7545,67335457,8281756
demo_matriz,7546,137422179431,17177637252
demo_matriz,7547,67335592,8281773
demo_matriz,7548,67335593,8281773
demo_matriz,7549,67335728,8281790
demo_matriz,7550,67335729,8281790
demo_matriz,7551,137422179431,17177637252
demo_matriz,7552,67335864,8281807
demo_matriz,7553,67335865,8281807
demo_matriz,7554,67336000,8281824
demo_matriz,7555,67336001,8281824
demo_matriz,7556,67336136,8281841
demo_matriz,7557,67336137,8281841
demo_matriz,7558,67336272,8281858
demo_matriz,7559,67336273,8281858
demo_matriz,7560,67336408,8281875
demo_matriz,7561,67336409,8281875
demo_matriz,7562,137422179431,17177637252
demo_matriz,7563,67336544,8281892
demo_matriz,7564,67336545,8281892
demo_matriz,7565,67336680,8281909
demo_matriz,7566,67336681,8281909
demo_matriz,7567,137422176192,17177636848
demo_matriz,7568,137422179447,17177637254
demo_matriz,7569,137422179448,17177637255
demo_matriz,7570,137422179449,17177637255
demo_matriz,7571,137422179450,17177637255
demo_matriz,7572,137422179451,17177637255
demo_matriz,7573,137422179452,17177637255
demo_matriz,7574,137422179453,17177637255
demo_matriz,7575,137422179454,17177637255
demo_matriz,7576,137422179447,17177637254
demo_matriz,7577,67331240,8281229
demo_matriz,7578,67331241,8281229
demo_matriz,7579,67331376,8281246
demo_matriz,7580,67331377,8281246
demo_matriz,7581,137422179447,17177637254
demo_matriz,7582,67331512,8281263
demo_matriz,7583,67331513,8281263
demo_matriz,7584,67331648,8281280
demo_matriz,7585,67331649,8281280
demo_matriz,7586,67331784,8281297
demo_matriz,7587,67331785,8281297
demo_matriz,7588,67331920,8281314
demo_matriz,7589,67331921,8281314
demo_matriz,7590,67332056,8281331
demo_matriz,7591,67332057,8281331
demo_matriz,7592,67332192,8281348
demo_matriz,7593,67332193,8281348
demo_matriz,7594,67332328,8281365
demo_matriz,7595,67332329,8281365
demo_matriz,7596,67332464,8281382
demo_matriz,7597,67332465,8281382
demo_matriz,7598,67332600,8281399
demo_matriz,7599,67332601,8281399
demo_matriz,7600,67332736,8281416
demo_matriz,7601,67332737,8281416
demo_matriz,7602,67332872,8281433
demo_matriz,7603,67332873,8281433
demo_matriz,7604,137422179447,17177637254
demo_matriz,7605,67333008,8281450
demo_matriz,7606,67333009,8281450
demo_matriz,7607,137422179447,17177637254
demo_matriz,7608,67333010,8281450
demo_matriz,7609,137422179448,17177637255
demo_matriz,7610,67333144,8281467
demo_matriz,7611,67333145,8281467
demo_matriz,7612,137422179447,17177637254
demo_matriz,7613,67333280,8281484
demo_matriz,7614,67333281,8281484
demo_matriz,7615,67333416,8281501
demo_matriz,7616,67333417,8281501
demo_matriz,7617,67333552,8281518
demo_matriz,7618,67333553,8281518
demo_matriz,7619,67333688,8281535
demo_matriz,7620,67333689,8281535
demo_matriz,7621,67333824,8281552
demo_matriz,7622,67333825,8281552
demo_matriz,7623,137422179447,17177637254
demo_matriz,7624,67333826,8281552
demo_matriz,7625,137422179448,17177637255
demo_matriz,7626,67333960,8281569
demo_matriz,7627,67333961,8281569
demo_matriz,7628,67334096,8281586
demo_matriz,7629,67334097,8281586
demo_matriz,7630,67334232,8281603
demo_matriz,7631,67334233,8281603
demo_matriz,7632,67334368,8281620
demo_matriz,7633,67334369,8281620
demo_matriz,7634,137422179447,17177637254
demo_matriz,7635,67334504,8281637
demo_matriz,7636,67334505,8281637
demo_matriz,7637,67334640,8281654
demo_matriz,7638,67334641,8281654
demo_matriz,7639,67334776,8281671
demo_matriz,7640,67334777,8281671
demo_matriz,7641,137422179447,17177637254
demo_matriz,7642,67334912,8281688
demo_matriz,7643,67334913,8281688
demo_matriz,7644,67335048,8281705
demo_matriz,7645,67335049,8281705
demo_matriz,7646,67335184,8281722
demo_matriz,7647,67335185,8281722
demo_matriz,7648,67335320,8281739
demo_matriz,7649,67335321,8281739
demo_matriz,7650,67335456,8281756
demo_matriz,7651,67335457,8281756
demo_matriz,7652,137422179447,17177637254
demo_matriz,7653,67335592,8281773
demo_matriz,7654,67335593,8281773
demo_matriz,7655,67335728,8281790
demo_matriz,7656,67335729,8281790
demo_matriz,7657,137422179447,17177637254
demo_matriz,7658,67335864,8281807
demo_matriz,7659,67335865,8281807
demo_matriz,7660,67336000,8281824
demo_matriz,7661,67336001,8281824
demo_matriz,7662,67336136,8281841
demo_matriz,7663,67336137,8281841
demo_matriz,7664,67336272,8281858
demo_matriz,7665,67336273,8281858
demo_matriz,7666,67336408,8281875
demo_matriz,7667,67336409,8281875
demo_matriz,7668,137422179447,17177637254
demo_matriz,7669,67336544,8281892
demo_matriz,7670,67336545,8281892
demo_matriz,7671,67336680,8281909
demo_matriz,7672,67336681,8281909
demo_matriz,7673,137422176200,17177636849
demo_matriz,7674,137422179467,17177637257
demo_matriz,7675,137422179468,17177637257
demo_matriz,7676,137422179469,17177637257
demo_matriz,7677,137422179470,17177637257
demo_matriz,7678,137422179471,17177637257
demo_matriz,7679,137422179472,17177637258
demo_matriz,7680,137422179473,17177637258
demo_matriz,7681,137422179474,17177637258
demo_matriz,7682,137422179475,17177637258
demo_matriz,7683,137422179476,17177637258
demo_matriz,7684,137422179477,17177637258
demo_matriz,7685,137422179478,17177637258
demo_matriz,7686,137422179479,17177637258
demo_matriz,7687,137422179480,17177637259
demo_matriz,7688,137422179481,17177637259
demo_matriz,7689,137422179482,17177637259
demo_matriz,7690,137422179483,17177637259
demo_matriz,7691,137422179467,17177637257
demo_matriz,7692,67331240,8281229
demo_matriz,7693,67331241,8281229
demo_matriz,7694,67331376,8281246
demo_matriz,7695,67331377,8281246
demo_matriz,7696,137422179467,17177637257
demo_matriz,7697,67331512,8281263
demo_matriz,7698,67331513,8281263
demo_matriz,7699,67331648,8281280
demo_matriz,7700,67331649,8281280
demo_matriz,7701,67331784,8281297
demo_matriz,7702,67331785,8281297
demo_matriz,7703,67331920,8281314
demo_matriz,7704,67331921,8281314
demo_matriz,7705,67332056,8281331
demo_matriz,7706,67332057,8281331
demo_matriz,7707,67332192,8281348
demo_matriz,7708,67332193,8281348
demo_matriz,7709,67332328,8281365
demo_matriz,7710,67332329,8281365
demo_matriz,7711,67332464,8281382
demo_matriz,7712,67332465,8281382
demo_matriz,7713,67332600,8281399
demo_matriz,7714,67332601,8281399
demo_matriz,7715,67332736,8281416
demo_matriz,7716,67332737,8281416
demo_matriz,7717,67332872,8281433
demo_matriz,7718,67332873,8281433
demo_matriz,7719,137422179467,17177637257
demo_matriz,7720,67333008,8281450
demo_matriz,7721,67333009,8281450
demo_matriz,7722,137422179467,17177637257
demo_matriz,7723,67333144,8281467
demo_matriz,7724,67333145,8281467
demo_matriz,7725,137422179467,17177637257
demo_matriz,7726,67333280,8281484
demo_matriz,7727,67333281,8281484
demo_matriz,7728,67333416,8281501
demo_matriz,7729,67333417,8281501
demo_matriz,7730,67333552,8281518
demo_matriz,7731,67333553,8281518
demo_matriz,7732,67333688,8281535
demo_matriz,7733,67333689,8281535
demo_matriz,7734,67333824,8281552
demo_matriz,7735,67333825,8281552
demo_matriz,7736,137422179467,17177637257
demo_matriz,7737,67333960,8281569
demo_matriz,7738,67333961,8281569
demo_matriz,7739,67334096,8281586
demo_matriz,7740,67334097,8281586
demo_matriz,7741,67334232,8281603
demo_matriz,7742,67334233,8281603
demo_matriz,7743,67334368,8281620
demo_matriz,7744,67334369,8281620
demo_matriz,7745,137422179467,17177637257
demo_matriz,7746,67334504,8281637
demo_matriz,7747,67334505,8281637
demo_matriz,7748,67334640,8281654
demo_matriz,7749,67334641,8281654
demo_matriz,7750,67334776,8281671
demo_matriz,7751,67334777,8281671
demo_matriz,7752,137422179467,17177637257
demo_matriz,7753,67334912,8281688
demo_matriz,7754,67334913,8281688
demo_matriz,7755,67335048,8281705
demo_matriz,7756,67335049,8281705
demo_matriz,7757,67335184,8281722
demo_matriz,7758,67335185,8281722
demo_matriz,7759,67335320,8281739
demo_matriz,7760,67335321,8281739
demo_matriz,7761,67335456,8281756
demo_matriz,7762,67335457,8281756
demo_matriz,7763,137422179467,17177637257
demo_matriz,7764,67335592,8281773
demo_matriz,7765,67335593,8281773
demo_matriz,7766,67335728,8281790
demo_matriz,7767,67335729,8281790
demo_matriz,7768,137422179467,17177637257
demo_matriz,7769,67335864,8281807
demo_matriz,7770,67335865,8281807
demo_matriz,7771,67336000,8281824
demo_matriz,7772,67336001,8281824
demo_matriz,7773,67336136,8281841
demo_matriz,7774,67336137,8281841
demo_matriz,7775,67336272,8281858
demo_matriz,7776,67336273,8281858
demo_matriz,7777,67336408,8281875
demo_matriz,7778,67336409,8281875
demo_matriz,7779,137422179467,17177637257
demo_matriz,7780,67336544,8281892
demo_matriz,7781,67336545,8281892
demo_matriz,7782,67336680,8281909
demo_matriz,7783,67336681,8281909
demo_matriz,7784,137422176208,17177636850
demo_matriz,7785,137422179486,17177637259
demo_matriz,7786,137422179487,17177637259
demo_matriz,7787,137422179488,17177637260
demo_matriz,7788,137422179489,17177637260
demo_matriz,7789,137422179490,17177637260
demo_matriz,7790,137422179491,17177637260
demo_matriz,7791,137422179492,17177637260
demo_matriz,7792,137422179493,17177637260
demo_matriz,7793,137422179494,17177637260
demo_matriz,7794,137422179495,17177637260
demo_matriz,7795,137422179496,17177637261
demo_matriz,7796,137422179486,17177637259
demo_matriz,7797,67298051,8277080
demo_matriz,7798,137422179487,17177637259
demo_matriz,7799,67331240,8281229
demo_matriz,7800,67331241,8281229
demo_matriz,7801,67331376,8281246
demo_matriz,7802,67331377,8281246
demo_matriz,7803,137422179486,17177637259
demo_matriz,7804,67331512,8281263
demo_matriz,7805,67331513,8281263
demo_matriz,7806,67331648,8281280
demo_matriz,7807,67331649,8281280
demo_matriz,7808,67331784,8281297
demo_matriz,7809,67331785,8281297
demo_matriz,7810,67331920,8281314
demo_matriz,7811,67331921,8281314
demo_matriz,7812,67332056,8281331
demo_matriz,7813,67332057,8281331
demo_matriz,7814,67332192,8281348
demo_matriz,7815,67332193,8281348
demo_matriz,7816,67332328,8281365
demo_matriz,7817,67332329,8281365
demo_matriz,7818,67332464,8281382
demo_matriz,7819,67332465,8281382
demo_matriz,7820,67332600,8281399
demo_matriz,7821,67332601,8281399
demo_matriz,7822,67332736,8281416
demo_matriz,7823,67332737,8281416
demo_matriz,7824,67332872,8281433
demo_matriz,7825,67332873,8281433
demo_matriz,7826,137422179486,17177637259
demo_matriz,7827,67333008,8281450
demo_matriz,7828,67333009,8281450
demo_matriz,7829,137422179486,17177637259
demo_matriz,7830,67333144,8281467
demo_matriz,7831,67333145,8281467
demo_matriz,7832,137422179486,17177637259
demo_matriz,7833,67333280,8281484
demo_matriz,7834,67333281,8281484
demo_matriz,7835,67333416,8281501
demo_matriz,7836,67333417,8281501
demo_matriz,7837,67333552,8281518
demo_matriz,7838,67333553,8281518
demo_matriz,7839,67333688,8281535
demo_matriz,7840,67333689,8281535
demo_matriz,7841,67333824,8281552
demo_matriz,7842,67333825,8281552
demo_matriz,7843,137422179486,17177637259
demo_matriz,7844,67333960,8281569
demo_matriz,7845,67333961,8281569
demo_matriz,7846,67334096,8281586
demo_matriz,7847,67334097,8281586
demo_matriz,7848,67334232,8281603
demo_matriz,7849,67334233,8281603
demo_matriz,7850,67334368,8281620
demo_matriz,7851,67334369,8281620
demo_matriz,7852,137422179486,17177637259
demo_matriz,7853,67334504,8281637
demo_matriz,7854,67334505,8281637
demo_matriz,7855,67334640,8281654
demo_matriz,7856,67334641,8281654
demo_matriz,7857,67334776,8281671
demo_matriz,7858,67334777,8281671
demo_matriz,7859,137422179486,17177637259
demo_matriz,7860,67334912,8281688
demo_matriz,7861,67334913,8281688
demo_matriz,7862,67335048,8281705
demo_matriz,7863,67335049,8281705
demo_matriz,7864,67335184,8281722
demo_matriz,7865,67335185,8281722
demo_matriz,7866,67335320,8281739
demo_matriz,7867,67335321,8281739
demo_matriz,7868,67335456,8281756
demo_matriz,7869,67335457,8281756
demo_matriz,7870,137422179486,17177637259
demo_matriz,7871,67335592,8281773
demo_matriz,7872,67335593,8281773
demo_matriz,7873,67335728,8281790
demo_matriz,7874,67335729,8281790
demo_matriz,7875,137422179486,17177637259
demo_matriz,7876,67335864,8281807
demo_matriz,7877,67335865,8281807
demo_matriz,7878,67336000,8281824
demo_matriz,7879,67336001,8281824
demo_matriz,7880,67336136,8281841
demo_matriz,7881,67336137,8281841
demo_matriz,7882,67336272,8281858
demo_matriz,7883,67336273,8281858
demo_matriz,7884,67336408,8281875
demo_matriz,7885,67336409,8281875
demo_matriz,7886,137422179486,17177637259
demo_matriz,7887,67336544,8281892
demo_matriz,7888,67336545,8281892
demo_matriz,7889,67336680,8281909
demo_matriz,7890,67336681,8281909
demo_matriz,7891,137422176216,17177636851
demo_matriz,7892,137422179506,17177637262
demo_matriz,7893,137422179507,17177637262
demo_matriz,7894,137422179508,17177637262
demo_matriz,7895,137422179509,17177637262
demo_matriz,7896,137422179510,17177637262
demo_matriz,7897,137422179511,17177637262
demo_matriz,7898,137422179512,17177637263
demo_matriz,7899,137422179513,17177637263
demo_matriz,7900,137422179514,17177637263
demo_matriz,7901,137422179515,17177637263
demo_matriz,7902,137422179506,17177637262
demo_matriz,7903,67331240,8281229
demo_matriz,7904,67331241,8281229
demo_matriz,7905,67331376,8281246
demo_matriz,7906,67331377,8281246
demo_matriz,7907,137422179506,17177637262
demo_matriz,7908,67331512,8281263
demo_matriz,7909,67331513,8281263
demo_matriz,7910,67331648,8281280
demo_matriz,7911,67331649,8281280
demo_matriz,7912,67331784,8281297
demo_matriz,7913,67331785,8281297
demo_matriz,7914,67331920,8281314
demo_matriz,7915,67331921,8281314
demo_matriz,7916,67332056,8281331
demo_matriz,7917,67332057,8281331
demo_matriz,7918,67332192,8281348
demo_matriz,7919,67332193,8281348
demo_matriz,7920,67332328,8281365
demo_matriz,7921,67332329,8281365
demo_matriz,7922,67332464,8281382
demo_matriz,7923,67332465,8281382
demo_matriz,7924,67332600,8281399
demo_matriz,7925,67332601,8281399
demo_matriz,7926,67332736,8281416
demo_matriz,7927,67332737,8281416
demo_matriz,7928,67332872,8281433
demo_matriz,7929,67332873,8281433
demo_matriz,7930,137422179506,17177637262
demo_matriz,7931,67333008,8281450
demo_matriz,7932,67333009,8281450
demo_matriz,7933,137422179506,17177637262
demo_matriz,7934,67333010,8281450
demo_matriz,7935,137422179507,17177637262
demo_matriz,7936,67333144,8281467
demo_matriz,7937,67333145,8281467
demo_matriz,7938,137422179506,17177637262
demo_matriz,7939,67333280,8281484
demo_matriz,7940,67333281,8281484
demo_matriz,7941,67333416,8281501
demo_matriz,7942,67333417,8281501
demo_matriz,7943,67333552,8281518
demo_matriz,7944,67333553,8281518
demo_matriz,7945,67333688,8281535
demo_matriz,7946,67333689,8281535
demo_matriz,7947,67333824,8281552
demo_matriz,7948,67333825,8281552
demo_matriz,7949,137422179506,17177637262
demo_matriz,7950,67333826,8281552
demo_matriz,7951,137422179507,17177637262
demo_matriz,7952,67333960,8281569
demo_matriz,7953,67333961,8281569
demo_matriz,7954,67334096,8281586
demo_matriz,7955,67334097,8281586
demo_matriz,7956,67334232,8281603
demo_matriz,7957,67334233,8281603
demo_matriz,7958,67334368,8281620
demo_matriz,7959,67334369,8281620
demo_matriz,7960,137422179506,17177637262
demo_matriz,7961,67334504,8281637
demo_matriz,7962,67334505,8281637
demo_matriz,7963,67334640,8281654
demo_matriz,7964,67334641,8281654
demo_matriz,7965,67334776,8281671
demo_matriz,7966,67334777,8281671
demo_matriz,7967,137422179506,17177637262
demo_matriz,7968,67334912,8281688
demo_matriz,7969,67334913,8281688
demo_matriz,7970,67335048,8281705
demo_matriz,7971,67335049,8281705
demo_matriz,7972,67335184,8281722
demo_matriz,7973,67335185,8281722
demo_matriz,7974,67335320,8281739
demo_matriz,7975,67335321,8281739
demo_matriz,7976,67335456,8281756
demo_matriz,7977,67335457,8281756
demo_matriz,7978,137422179506,17177637262
demo_matriz,7979,67335592,8281773
demo_matriz,7980,67335593,8281773
demo_matriz,7981,67335728,8281790
demo_matriz,7982,67335729,8281790
demo_matriz,7983,137422179506,17177637262
demo_matriz,7984,67335864,8281807
demo_matriz,7985,67335865,8281807
demo_matriz,7986,67336000,8281824
demo_matriz,7987,67336001,8281824
demo_matriz,7988,67336136,8281841
demo_matriz,7989,67336137,8281841
demo_matriz,7990,67336272,8281858
demo_matriz,7991,67336273,8281858
demo_matriz,7992,67336408,8281875
demo_matriz,7993,67336409,8281875
demo_matriz,7994,137422179506,17177637262
demo_matriz,7995,67336544,8281892
demo_matriz,7996,67336545,8281892
demo_matriz,7997,67336680,8281909
demo_matriz,7998,67336681,8281909
demo_matriz,7999,137422176224,17177636852
demo_matriz,8000,137422179540,17177637266
demo_matriz,8001,137422179541,17177637266
demo_matriz,8002,137422179542,17177637266
demo_matriz,8003,137422179543,17177637266
demo_matriz,8004,137422179544,17177637267
demo_matriz,8005,137422179545,17177637267
demo_matriz,8006,137422179546,17177637267
demo_matriz,8007,137422179547,17177637267
demo_matriz,8008,137422179548,17177637267
demo_matriz,8009,137422179549,17177637267
demo_matriz,8010,137422179550,17177637267
demo_matriz,8011,137422179551,17177637267
demo_matriz,8012,137422179552,17177637268
demo_matriz,8013,137422179553,17177637268
demo_matriz,8014,137422179554,17177637268
demo_matriz,8015,137422179540,17177637266
demo_matriz,8016,67331240,8281229
demo_matriz,8017,67331241,8281229
demo_matriz,8018,67331376,8281246
demo_matriz,8019,67331377,8281246
demo_matriz,8020,137422179540,17177637266
demo_matriz,8021,67331512,8281263
demo_matriz,8022,67331513,8281263
demo_matriz,8023,67331648,8281280
demo_matriz,8024,67331649,8281280
demo_matriz,8025,67331784,8281297
demo_matriz,8026,67331785,8281297
demo_matriz,8027,67331920,8281314
demo_matriz,8028,67331921,8281314
demo_matriz,8029,67332056,8281331
demo_matriz,8030,67332057,8281331
demo_matriz,8031,67332192,8281348
demo_matriz,8032,67332193,8281348
demo_matriz,8033,67332328,8281365
demo_matriz,8034,67332329,8281365
demo_matriz,8035,67332464,8281382
demo_matriz,8036,67332465,8281382
demo_matriz,8037,67332600,8281399
demo_matriz,8038,67332601,8281399
demo_matriz,8039,67332736,8281416
demo_matriz,8040,67332737,8281416
demo_matriz,8041,67332872,8281433
demo_matriz,8042,67332873,8281433
demo_matriz,8043,137422179540,17177637266
demo_matriz,8044,67333008,8281450
demo_matriz,8045,67333009,8281450
demo_matriz,8046,137422179540,17177637266
demo_matriz,8047,67333010,8281450
demo_matriz,8048,137422179541,17177637266
demo_matriz,8049,67333144,8281467
demo_matriz,8050,67333145,8281467
demo_matriz,8051,137422179540,17177637266
demo_matriz,8052,67333280,8281484
demo_matriz,8053,67333281,8281484
demo_matriz,8054,67333416,8281501
demo_matriz,8055,67333417,8281501
demo_matriz,8056,67333552,8281518
demo_matriz,8057,67333553,8281518
demo_matriz,8058,67333688,8281535
demo_matriz,8059,67333689,8281535
demo_matriz,8060,67333824,8281552
demo_matriz,8061,67333825,8281552
demo_matriz,8062,137422179540,17177637266
demo_matriz,8063,67333826,8281552
demo_matriz,8064,137422179541,17177637266
demo_matriz,8065,67333960,8281569
demo_matriz,8066,67333961,8281569
demo_matriz,8067,67334096,8281586
demo_matriz,8068,67334097,8281586
demo_matriz,8069,67334232,8281603
demo_matriz,8070,67334233,8281603
demo_matriz,8071,67334368,8281620
demo_matriz,8072,67334369,8281620
demo_matriz,8073,137422179540,17177637266
demo_matriz,8074,67334504,8281637
demo_matriz,8075,67334505,8281637
demo_matriz,8076,67334640,8281654
demo_matriz,8077,67334641,8281654
demo_matriz,8078,67334776,8281671
demo_matriz,8079,67334777,8281671
demo_matriz,8080,137422179540,17177637266
demo_matriz,8081,67334912,8281688
demo_matriz,8082,67334913,8281688
demo_matriz,8083,67335048,8281705
demo_matriz,8084,67335049,8281705
demo_matriz,8085,67335184,8281722
demo_matriz,8086,67335185,8281722
demo_matriz,8087,67335320,8281739
demo_matriz,8088,67335321,8281739
demo_matriz,8089,67335456,8281756
demo_matriz,8090,67335457,8281756
demo_matriz,8091,137422179540,17177637266
demo_matriz,8092,67335592,8281773
demo_matriz,8093,67335593,8281773
demo_matriz,8094,67335728,8281790
demo_matriz,8095,67335729,8281790
demo_matriz,8096,137422179540,17177637266
demo_matriz,8097,67335864,8281807
demo_matriz,8098,67335865,8281807
demo_matriz,8099,67336000,8281824
demo_matriz,8100,67336001,8281824
demo_matriz,8101,67336136,8281841
demo_matriz,8102,67336137,8281841
demo_matriz,8103,67336272,8281858
demo_matriz,8104,67336273,8281858
demo_matriz,8105,67336408,8281875
demo_matriz,8106,67336409,8281875
demo_matriz,8107,137422179540,17177637266
demo_matriz,8108,67336544,8281892
demo_matriz,8109,67336545,8281892
demo_matriz,8110,67336680,8281909
demo_matriz,8111,67336681,8281909
demo_matriz,8112,137422176232,17177636853
demo_matriz,8113,137422179567,17177637269
demo_matriz,8114,137422179568,17177637270
demo_matriz,8115,137422179569,17177637270
demo_matriz,8116,137422179570,17177637270
demo_matriz,8117,137422179571,17177637270
demo_matriz,8118,137422179572,17177637270
demo_matriz,8119,137422179573,17177637270
demo_matriz,8120,137422179574,17177637270
demo_matriz,8121,137422179575,17177637270
demo_matriz,8122,137422179576,17177637271
demo_matriz,8123,137422179577,17177637271
demo_matriz,8124,137422179578,17177637271
demo_matriz,8125,137422179579,17177637271
demo_matriz,8126,137422179580,17177637271
demo_matriz,8127,137422179581,17177637271
demo_matriz,8128,137422179567,17177637269
demo_matriz,8129,67298051,8277080
demo_matriz,8130,137422179568,17177637270
demo_matriz,8131,67331240,8281229
demo_matriz,8132,67331241,8281229
demo_matriz,8133,67331376,8281246
demo_matriz,8134,67331377,8281246
demo_matriz,8135,137422179567,17177637269
demo_matriz,8136,67331512,8281263
demo_matriz,8137,67331513,8281263
demo_matriz,8138,67331648,8281280
demo_matriz,8139,67331649,8281280
demo_matriz,8140,67331784,8281297
demo_matriz,8141,67331785,8281297
demo_matriz,8142,67331920,8281314
demo_matriz,8143,67331921,8281314
demo_matriz,8144,67332056,8281331
demo_matriz,8145,67332057,8281331
demo_matriz,8146,67332192,8281348
demo_matriz,8147,67332193,8281348
demo_matriz,8148,67332328,8281365
demo_matriz,8149,67332329,8281365
demo_matriz,8150,67332464,8281382
demo_matriz,8151,67332465,8281382
demo_matriz,8152,67332600,8281399
demo_matriz,8153,67332601,8281399
demo_matriz,8154,67332736,8281416
demo_matriz,8155,67332737,8281416
demo_matriz,8156,67332872,8281433
demo_matriz,8157,67332873,8281433
demo_matriz,8158,137422179567,17177637269
demo_matriz,8159,67333008,8281450
demo_matriz,8160,67333009,8281450
demo_matriz,8161,137422179567,17177637269
demo_matriz,8162,67333144,8281467
demo_matriz,8163,67333145,8281467
demo_matriz,8164,137422179567,17177637269
demo_matriz,8165,67333280,8281484
demo_matriz,8166,67333281,8281484
demo_matriz,8167,67333416,8281501
demo_matriz,8168,67333417,8281501
demo_matriz,8169,67333552,8281518
demo_matriz,8170,67333553,8281518
demo_matriz,8171,67333688,8281535
demo_matriz,8172,67333689,8281535
demo_matriz,8173,67333824,8281552
demo_matriz,8174,67333825,8281552
demo_matriz,8175,137422179567,17177637269
demo_matriz,8176,67333960,8281569
demo_matriz,8177,67333961,8281569
demo_matriz,8178,67334096,8281586
demo_matriz,8179,67334097,8281586
demo_matriz,8180,67334232,8281603
demo_matriz,8181,67334233,8281603
demo_matriz,8182,67334368,8281620
demo_matriz,8183,67334369,8281620
demo_matriz,8184,137422179567,17177637269
demo_matriz,8185,67334504,8281637
demo_matriz,8186,67334505,8281637
demo_matriz,8187,67334640,8281654
demo_matriz,8188,67334641,8281654
demo_matriz,8189,67334776,8281671
demo_matriz,8190,67334777,8281671
demo_matriz,8191,137422179567,17177637269
demo_matriz,8192,67334912,8281688
demo_matriz,8193,67334913,8281688
demo_matriz,8194,67335048,8281705
demo_matriz,8195,67335049,8281705
demo_matriz,8196,67335184,8281722
demo_matriz,8197,67335185,8281722
demo_matriz,8198,67335320,8281739
demo_matriz,8199,67335321,8281739
demo_matriz,8200,67335456,8281756
demo_matriz,8201,67335457,8281756
demo_matriz,8202,137422179567,17177637269
demo_matriz,8203,67335592,8281773
demo_matriz,8204,67335593,8281773
demo_matriz,8205,67335728,8281790
demo_matriz,8206,67335729,8281790
demo_matriz,8207,137422179567,17177637269
demo_matriz,8208,67335864,8281807
demo_matriz,8209,67335865,8281807
demo_matriz,8210,67336000,8281824
demo_matriz,8211,67336001,8281824
demo_matriz,8212,67336136,8281841
demo_matriz,8213,67336137,8281841
demo_matriz,8214,67336272,8281858
demo_matriz,8215,67336273,8281858
demo_matriz,8216,67336408,8281875
demo_matriz,8217,67336409,8281875
demo_matriz,8218,137422179567,17177637269
demo_matriz,8219,67336544,8281892
demo_matriz,8220,67336545,8281892
demo_matriz,8221,67336680,8281909
demo_matriz,8222,67336681,8281909
demo_matriz,8223,137422176240,17177636854
demo_matriz,8224,137422179619,17177637276
demo_matriz,8225,137422179620,17177637276
demo_matriz,8226,137422179621,17177637276
demo_matriz,8227,137422179622,17177637276
demo_matriz,8228,137422179623,17177637276
demo_matriz,8229,137422179624,17177637277
demo_matriz,8230,137422179625,17177637277
demo_matriz,8231,137422179626,17177637277
demo_matriz,8232,137422179627,17177637277
demo_matriz,8233,137422179628,17177637277
demo_matriz,8234,137422179629,17177637277
demo_matriz,8235,137422179630,17177637277
demo_matriz,8236,137422179631,17177637277
demo_matriz,8237,137422179632,17177637278
demo_matriz,8238,137422179633,17177637278
demo_matriz,8239,137422179634,17177637278
demo_matriz,8240,137422179635,17177637278
demo_matriz,8241,137422179619,17177637276
demo_matriz,8242,67298051,8277080
demo_matriz,8243,137422179620,17177637276
demo_matriz,8244,67331240,8281229
demo_matriz,8245,67331241,8281229
demo_matriz,8246,67331376,8281246
demo_matriz,8247,67331377,8281246
demo_matriz,8248,137422179619,17177637276
demo_matriz,8249,67331512,8281263
demo_matriz,8250,67331513,8281263
demo_matriz,8251,67331648,8281280
demo_matriz,8252,67331649,8281280
demo_matriz,8253,67331784,8281297
demo_matriz,8254,67331785,8281297
demo_matriz,8255,67331920,8281314
demo_matriz,8256,67331921,8281314
demo_matriz,8257,67332056,8281331
demo_matriz,8258,67332057,8281331
demo_matriz,8259,67332192,8281348
demo_matriz,8260,67332193,8281348
demo_matriz,8261,67332328,8281365
demo_matriz,8262,67332329,8281365
demo_matriz,8263,67332464,8281382
demo_matriz,8264,67332465,8281382
demo_matriz,8265,67332600,8281399
demo_matriz,8266,67332601,8281399
demo_matriz,8267,67332736,8281416
demo_matriz,8268,67332737,8281416
demo_matriz,8269,67332872,8281433
demo_matriz,8270,67332873,8281433
demo_matriz,8271,137422179619,17177637276
demo_matriz,8272,67333008,8281450
demo_matriz,8273,67333009,8281450
demo_matriz,8274,137422179619,17177637276
demo_matriz,8275,67333144,8281467
demo_matriz,8276,67333145,8281467
demo_matriz,8277,137422179619,17177637276
demo_matriz,8278,67333280,8281484
demo_matriz,8279,67333281,8281484
demo_matriz,8280,67333416,8281501
demo_matriz,8281,67333417,8281501
demo_matriz,8282,67333552,8281518
demo_matriz,8283,67333553,8281518
demo_matriz,8284,67333688,8281535
demo_matriz,8285,67333689,8281535
demo_matriz,8286,67333824,8281552
demo_matriz,8287,67333825,8281552
demo_matriz,8288,137422179619,17177637276
demo_matriz,8289,67333960,8281569
demo_matriz,8290,67333961,8281569
demo_matriz,8291,67334096,8281586
demo_matriz,8292,67334097,8281586
demo_matriz,8293,67334232,8281603
demo_matriz,8294,67334233,8281603
demo_matriz,8295,67334368,8281620
demo_matriz,8296,67334369,8281620
demo_matriz,8297,137422179619,17177637276
demo_matriz,8298,67334504,8281637
demo_matriz,8299,67334505,8281637
demo_matriz,8300,67334640,8281654
demo_matriz,8301,67334641,8281654
demo_matriz,8302,67334776,8281671
demo_matriz,8303,67334777,8281671
demo_matriz,8304,137422179619,17177637276
demo_matriz,8305,67334912,8281688
demo_matriz,8306,67334913,8281688
demo_matriz,8307,67335048,8281705
demo_matriz,8308,67335049,8281705
demo_matriz,8309,67335184,8281722
demo_matriz,8310,67335185,8281722
demo_matriz,8311,67335320,8281739
demo_matriz,8312,67335321,8281739
demo_matriz,8313,67335456,8281756
demo_matriz,8314,67335457,8281756
demo_matriz,8315,137422179619,17177637276
demo_matriz,8316,67335592,8281773
demo_matriz,8317,67335593,8281773
demo_matriz,8318,67335728,8281790
demo_matriz,8319,67335729,8281790
demo_matriz,8320,137422179619,17177637276
demo_matriz,8321,67335864,8281807
demo_matriz,8322,67335865,8281807
demo_matriz,8323,67336000,8281824
demo_matriz,8324,67336001,8281824
demo_matriz,8325,67336136,8281841
demo_matriz,8326,67336137,8281841
demo_matriz,8327,67336272,8281858
demo_matriz,8328,67336273,8281858
demo_matriz,8329,67336408,8281875
demo_matriz,8330,67336409,8281875
demo_matriz,8331,137422179619,17177637276
demo_matriz,8332,67336544,8281892
demo_matriz,8333,67336545,8281892
demo_matriz,8334,67336680,8281909
demo_matriz,8335,67336681,8281909
demo_matriz,8336,137422176248,17177636855
demo_matriz,8337,137422179643,17177637279
demo_matriz,8338,137422179644,17177637279
demo_matriz,8339,137422179645,17177637279
demo_matriz,8340,137422179646,17177637279
demo_matriz,8341,137422179647,17177637279
demo_matriz,8342,137422179648,17177637280
demo_matriz,8343,137422179649,17177637280
demo_matriz,8344,137422179650,17177637280
demo_matriz,8345,137422179651,17177637280
demo_matriz,8346,137422179652,17177637280
demo_matriz,8347,137422179653,17177637280
demo_matriz,8348,137422179654,17177637280
demo_matriz,8349,137422179655,17177637280
demo_matriz,8350,137422179656,17177637281
demo_matriz,8351,137422179657,17177637281
demo_matriz,8352,137422179658,17177637281
demo_matriz,8353,137422179659,17177637281
demo_matriz,8354,137422179660,17177637281
demo_matriz,8355,137422179643,17177637279
demo_matriz,8356,67331240,8281229
demo_matriz,8357,67331241,8281229
demo_matriz,8358,67331376,8281246
demo_matriz,8359,67331377,8281246
demo_matriz,8360,137422179643,17177637279
demo_matriz,8361,67331512,8281263
demo_matriz,8362,67331513,8281263
demo_matriz,8363,67331648,8281280
demo_matriz,8364,67331649,8281280
demo_matriz,8365,67331784,8281297
demo_matriz,8366,67331785,8281297
demo_matriz,8367,67331920,8281314
demo_matriz,8368,67331921,8281314
demo_matriz,8369,67332056,8281331
demo_matriz,8370,67332057,8281331
demo_matriz,8371,67332192,8281348
demo_matriz,8372,67332193,8281348
demo_matriz,8373,67332328,8281365
demo_matriz,8374,67332329,8281365
demo_matriz,8375,67332464,8281382
demo_matriz,8376,67332465,8281382
demo_matriz,8377,67332600,8281399
demo_matriz,8378,67332601,8281399
demo_matriz,8379,67332736,8281416
demo_matriz,8380,67332737,8281416
demo_matriz,8381,67332872,8281433
demo_matriz,8382,67332873,8281433
demo_matriz,8383,137422179643,17177637279
demo_matriz,8384,67333008,8281450
demo_matriz,8385,67333009,8281450
demo_matriz,8386,137422179643,17177637279
demo_matriz,8387,67333010,8281450
demo_matriz,8388,137422179644,17177637279
demo_matriz,8389,67333144,8281467
demo_matriz,8390,67333145,8281467
demo_matriz,8391,137422179643,17177637279
demo_matriz,8392,67333280,8281484
demo_matriz,8393,67333281,8281484
demo_matriz,8394,67333416,8281501
demo_matriz,8395,67333417,8281501
demo_matriz,8396,67333552,8281518
demo_matriz,8397,67333553,8281518
demo_matriz,8398,67333688,8281535
demo_matriz,8399,67333689,8281535
demo_matriz,8400,67333824,8281552
demo_matriz,8401,67333825,8281552
demo_matriz,8402,137422179643,17177637279
demo_matriz,8403,67333826,8281552
demo_matriz,8404,137422179644,17177637279
demo_matriz,8405,67333960,8281569
demo_matriz,8406,67333961,8281569
demo_matriz,8407,67334096,8281586
demo_matriz,8408,67334097,8281586
demo_matriz,8409,67334232,8281603
demo_matriz,8410,67334233,8281603
demo_matriz,8411,67334368,8281620
demo_matriz,8412,67334369,8281620
demo_matriz,8413,137422179643,17177637279
demo_matriz,8414,67334504,8281637
demo_matriz,8415,67334505,8281637
demo_matriz,8416,67334640,8281654
demo_matriz,8417,67334641,8281654
demo_matriz,8418,67334776,8281671
demo_matriz,8419,67334777,8281671
demo_matriz,8420,137422179643,17177637279
demo_matriz,8421,67334912,8281688
demo_matriz,8422,67334913,8281688
demo_matriz,8423,67335048,8281705
demo_matriz,8424,67335049,8281705
demo_matriz,8425,67335184,8281722
demo_matriz,8426,67335185,8281722
demo_matriz,8427,67335320,8281739
demo_matriz,8428,67335321,8281739
demo_matriz,8429,67335456,8281756
demo_matriz,8430,67335457,8281756
demo_matriz,8431,137422179643,17177637279
demo_matriz,8432,67335592,8281773
demo_matriz,8433,67335593,8281773
demo_matriz,8434,67335728,8281790
demo_matriz,8435,67335729,8281790
demo_matriz,8436,137422179643,17177637279
demo_matriz,8437,67335864,8281807
demo_matriz,8438,67335865,8281807
demo_matriz,8439,67336000,8281824
demo_matriz,8440,67336001,8281824
demo_matriz,8441,67336136,8281841
demo_matriz,8442,67336137,8281841
demo_matriz,8443,67336272,8281858
demo_matriz,8444,67336273,8281858
demo_matriz,8445,67336408,8281875
demo_matriz,8446,67336409,8281875
demo_matriz,8447,137422179643,17177637279
demo_matriz,8448,67336544,8281892
demo_matriz,8449,67336545,8281892
demo_matriz,8450,67336680,8281909
demo_matriz,8451,67336681,8281909
demo_matriz,8452,137422176256,17177636856
demo_matriz,8453,137422179673,17177637283
demo_matriz,8454,137422179674,17177637283
demo_matriz,8455,137422179675,17177637283
demo_matriz,8456,137422179676,17177637283
demo_matriz,8457,137422179677,17177637283
demo_matriz,8458,137422179678,17177637283
demo_matriz,8459,137422179679,17177637283
demo_matriz,8460,137422179680,17177637284
demo_matriz,8461,137422179681,17177637284
demo_matriz,8462,137422179682,17177637284
demo_matriz,8463,137422179683,17177637284
demo_matriz,8464,137422179684,17177637284
demo_matriz,8465,137422179685,17177637284
demo_matriz,8466,137422179673,17177637283
demo_matriz,8467,67331240,8281229
demo_matriz,8468,67331241,8281229
demo_matriz,8469,67331376,8281246
demo_matriz,8470,67331377,8281246
demo_matriz,8471,137422179673,17177637283
demo_matriz,8472,67331512,8281263
demo_matriz,8473,67331513,8281263
demo_matriz,8474,67331648,8281280
demo_matriz,8475,67331649,8281280
demo_matriz,8476,67331784,8281297
demo_matriz,8477,67331785,8281297
demo_matriz,8478,67331920,8281314
demo_matriz,8479,67331921,8281314
demo_matriz,8480,67332056,8281331
demo_matriz,8481,67332057,8281331
demo_matriz,8482,67332192,8281348
demo_matriz,8483,67332193,8281348
demo_matriz,8484,67332328,8281365
demo_matriz,8485,67332329,8281365
demo_matriz,8486,67332464,8281382
demo_matriz,8487,67332465,8281382
demo_matriz,8488,67332600,8281399
demo_matriz,8489,67332601,8281399
demo_matriz,8490,67332736,8281416
demo_matriz,8491,67332737,8281416
demo_matriz,8492,67332872,8281433
demo_matriz,8493,67332873,8281433
demo_matriz,8494,137422179673,17177637283
demo_matriz,8495,67333008,8281450
demo_matriz,8496,67333009,8281450
demo_matriz,8497,137422179673,17177637283
demo_matriz,8498,67333144,8281467
demo_matriz,8499,67333145,8281467
demo_matriz,8500,137422179673,17177637283
demo_matriz,8501,67333280,8281484
demo_matriz,8502,67333281,8281484
demo_matriz,8503,67333416,8281501
demo_matriz,8504,67333417,8281501
demo_matriz,8505,67333552,8281518
demo_matriz,8506,67333553,8281518
demo_matriz,8507,67333688,8281535
demo_matriz,8508,67333689,8281535
demo_matriz,8509,67333824,8281552
demo_matriz,8510,67333825,8281552
demo_matriz,8511,137422179673,17177637283
demo_matriz,8512,67333960,8281569
demo_matriz,8513,67333961,8281569
demo_matriz,8514,67334096,8281586
demo_matriz,8515,67334097,8281586
demo_matriz,8516,67334232,8281603
demo_matriz,8517,67334233,8281603
demo_matriz,8518,67334368,8281620
demo_matriz,8519,67334369,8281620
demo_matriz,8520,137422179673,17177637283
demo_matriz,8521,67334504,8281637
demo_matriz,8522,67334505,8281637
demo_matriz,8523,67334640,8281654
demo_matriz,8524,67334641,8281654
demo_matriz,8525,67334776,8281671
demo_matriz,8526,67334777,8281671
demo_matriz,8527,137422179673,17177637283
demo_matriz,8528,67334912,8281688
demo_matriz,8529,67334913,8281688
demo_matriz,8530,67335048,8281705
demo_matriz,8531,67335049,8281705
demo_matriz,8532,67335184,8281722
demo_matriz,8533,67335185,8281722
demo_matriz,8534,67335320,8281739
demo_matriz,8535,67335321,8281739
demo_matriz,8536,67335456,8281756
demo_matriz,8537,67335457,8281756
demo_matriz,8538,137422179673,17177637283
demo_matriz,8539,67335592,8281773
demo_matriz,8540,67335593,8281773
demo_matriz,8541,67335728,8281790
demo_matriz,8542,67335729,8281790
demo_matriz,8543,137422179673,17177637283
demo_matriz,8544,67335864,8281807
demo_matriz,8545,67335865,8281807
demo_matriz,8546,67336000,8281824
demo_matriz,8547,67336001,8281824
demo_matriz,8548,67336136,8281841
demo_matriz,8549,67336137,8281841
demo_matriz,8550,67336272,8281858
demo_matriz,8551,67336273,8281858
demo_matriz,8552,67336408,8281875
demo_matriz,8553,67336409,8281875
demo_matriz,8554,137422179673,17177637283
demo_matriz,8555,67336544,8281892
demo_matriz,8556,67336545,8281892
demo_matriz,8557,67336680,8281909
demo_matriz,8558,67336681,8281909
demo_matriz,8559,137422176264,17177636857
demo_matriz,8560,137422179691,17177637285
demo_matriz,8561,137422179692,17177637285
demo_matriz,8562,137422179693,17177637285
demo_matriz,8563,137422179694,17177637285
demo_matriz,8564,137422179695,17177637285
demo_matriz,8565,137422179696,17177637286
demo_matriz,8566,137422179697,17177637286
demo_matriz,8567,137422179698,17177637286
demo_matriz,8568,137422179699,17177637286
demo_matriz,8569,137422179691,17177637285
demo_matriz,8570,67331240,8281229
demo_matriz,8571,67331241,8281229
demo_matriz,8572,67331376,8281246
demo_matriz,8573,67331377,8281246
demo_matriz,8574,137422179691,17177637285
demo_matriz,8575,67331512,8281263
demo_matriz,8576,67331513,8281263
demo_matriz,8577,67331648,8281280
demo_matriz,8578,67331649,8281280
demo_matriz,8579,67331784,8281297
demo_matriz,8580,67331785,8281297
demo_matriz,8581,67331920,8281314
demo_matriz,8582,67331921,8281314
demo_matriz,8583,67332056,8281331
demo_matriz,8584,67332057,8281331
demo_matriz,8585,67332192,8281348
demo_matriz,8586,67332193,8281348
demo_matriz,8587,67332328,8281365
demo_matriz,8588,67332329,8281365
demo_matriz,8589,67332464,8281382
demo_matriz,8590,67332465,8281382
demo_matriz,8591,67332600,8281399
demo_matriz,8592,67332601,8281399
demo_matriz,8593,67332736,8281416
demo_matriz,8594,67332737,8281416
demo_matriz,8595,67332872,8281433
demo_matriz,8596,67332873,8281433
demo_matriz,8597,137422179691,17177637285
demo_matriz,8598,67333008,8281450
demo_matriz,8599,67333009,8281450
demo_matriz,8600,137422179691,17177637285
demo_matriz,8601,67333144,8281467
demo_matriz,8602,67333145,8281467
demo_matriz,8603,137422179691,17177637285
demo_matriz,8604,67333280,8281484
demo_matriz,8605,67333281,8281484
demo_matriz,8606,67333416,8281501
demo_matriz,8607,67333417,8281501
demo_matriz,8608,67333552,8281518
demo_matriz,8609,67333553,8281518
demo_matriz,8610,67333688,8281535
demo_matriz,8611,67333689,8281535
demo_matriz,8612,67333824,8281552
demo_matriz,8613,67333825,8281552
demo_matriz,8614,137422179691,17177637285
demo_matriz,8615,67333960,8281569
demo_matriz,8616,67333961,8281569
demo_matriz,8617,67334096,8281586
demo_matriz,8618,67334097,8281586
demo_matriz,8619,67334232,8281603
demo_matriz,8620,67334233,8281603
demo_matriz,8621,67334368,8281620
demo_matriz,8622,67334369,8281620
demo_matriz,8623,137422179691,17177637285
demo_matriz,8624,67334504,8281637
demo_matriz,8625,67334505,8281637
demo_matriz,8626,67334640,8281654
demo_matriz,8627,67334641,8281654
demo_matriz,8628,67334776,8281671
demo_matriz,8629,67334777,8281671
demo_matriz,8630,137422179691,17177637285
demo_matriz,8631,67334912,8281688
demo_matriz,8632,67334913,8281688
demo_matriz,8633,67335048,8281705
demo_matriz,8634,67335049,8281705
demo_matriz,8635,67335184,8281722
demo_matriz,8636,67335185,8281722
demo_matriz,8637,67335320,8281739
demo_matriz,8638,67335321,8281739
demo_matriz,8639,67335456,8281756
demo_matriz,8640,67335457,8281756
demo_matriz,8641,137422179691,17177637285
demo_matriz,8642,67335592,8281773
demo_matriz,8643,67335593,8281773
demo_matriz,8644,67335728,8281790
demo_matriz,8645,67335729,8281790
demo_matriz,8646,137422179691,17177637285
demo_matriz,8647,67335864,8281807
demo_matriz,8648,67335865,8281807
demo_matriz,8649,67336000,8281824
demo_matriz,8650,67336001,8281824
demo_matriz,8651,67336136,8281841
demo_matriz,8652,67336137,8281841
demo_matriz,8653,67336272,8281858
demo_matriz,8654,67336273,8281858
demo_matriz,8655,67336408,8281875
demo_matriz,8656,67336409,8281875
demo_matriz,8657,137422179691,17177637285
demo_matriz,8658,67336544,8281892
demo_matriz,8659,67336545,8281892
demo_matriz,8660,67336680,8281909
demo_matriz,8661,67336681,8281909
demo_matriz,8662,137422176272,17177636858
demo_matriz,8663,137422179702,17177637286
demo_matriz,8664,137422179703,17177637286
demo_matriz,8665,137422179704,17177637287
demo_matriz,8666,137422179705,17177637287
demo_matriz,8667,137422179702,17177637286
demo_matriz,8668,67331240,8281229
demo_matriz,8669,67331241,8281229
demo_matriz,8670,67331376,8281246
demo_matriz,8671,67331377,8281246
demo_matriz,8672,137422179702,17177637286
demo_matriz,8673,67331512,8281263
demo_matriz,8674,67331513,8281263
demo_matriz,8675,67331648,8281280
demo_matriz,8676,67331649,8281280
demo_matriz,8677,67331784,8281297
demo_matriz,8678,67331785,8281297
demo_matriz,8679,67331920,8281314
demo_matriz,8680,67331921,8281314
demo_matriz,8681,67332056,8281331
demo_matriz,8682,67332057,8281331
demo_matriz,8683,67332192,8281348
demo_matriz,8684,67332193,8281348
demo_matriz,8685,67332328,8281365
demo_matriz,8686,67332329,8281365
demo_matriz,8687,67332464,8281382
demo_matriz,8688,67332465,8281382
demo_matriz,8689,67332600,8281399
demo_matriz,8690,67332601,8281399
demo_matriz,8691,67332736,8281416
demo_matriz,8692,67332737,8281416
demo_matriz,8693,67332872,8281433
demo_matriz,8694,67332873,8281433
demo_matriz,8695,137422179702,17177637286
demo_matriz,8696,67333008,8281450
demo_matriz,8697,67333009,8281450
demo_matriz,8698,137422179702,17177637286
demo_matriz,8699,67333144,8281467
demo_matriz,8700,67333145,8281467
demo_matriz,8701,137422179702,17177637286
demo_matriz,8702,67333280,8281484
demo_matriz,8703,67333281,8281484
demo_matriz,8704,67333416,8281501
demo_matriz,8705,67333417,8281501
demo_matriz,8706,67333552,8281518
demo_matriz,8707,67333553,8281518
demo_matriz,8708,67333688,8281535
demo_matriz,8709,67333689,8281535
demo_matriz,8710,67333824,8281552
demo_matriz,8711,67333825,8281552
demo_matriz,8712,137422179702,17177637286
demo_matriz,8713,67333960,8281569
demo_matriz,8714,67333961,8281569
demo_matriz,8715,67334096,8281586
demo_matriz,8716,67334097,8281586
demo_matriz,8717,67334232,8281603
demo_matriz,8718,67334233,8281603
demo_matriz,8719,67334368,8281620
demo_matriz,8720,67334369,8281620
demo_matriz,8721,137422179702,17177637286
demo_matriz,8722,67334504,8281637
demo_matriz,8723,67334505,8281637
demo_matriz,8724,67334640,8281654
demo_matriz,8725,67334641,8281654
demo_matriz,8726,67334776,8281671
demo_matriz,8727,67334777,8281671
demo_matriz,8728,137422179702,17177637286
demo_matriz,8729,67334912,8281688
demo_matriz,8730,67334913,8281688
demo_matriz,8731,67335048,8281705
demo_matriz,8732,67335049,8281705
demo_matriz,8733,67335184,8281722
demo_matriz,8734,67335185,8281722
demo_matriz,8735,67335320,8281739
demo_matriz,8736,67335321,8281739
demo_matriz,8737,67335456,8281756
demo_matriz,8738,67335457,8281756
demo_matriz,8739,137422179702,17177637286
demo_matriz,8740,67335592,8281773
demo_matriz,8741,67335593,8281773
demo_matriz,8742,67335728,8281790
demo_matriz,8743,67335729,8281790
demo_matriz,8744,137422179702,17177637286
demo_matriz,8745,67335864,8281807
demo_matriz,8746,67335865,8281807
demo_matriz,8747,67336000,8281824
demo_matriz,8748,67336001,8281824
demo_matriz,8749,67336136,8281841
demo_matriz,8750,67336137,8281841
demo_matriz,8751,67336272,8281858
demo_matriz,8752,67336273,8281858
demo_matriz,8753,67336408,8281875
demo_matriz,8754,67336409,8281875
demo_matriz,8755,137422179702,17177637286
demo_matriz,8756,67336544,8281892
demo_matriz,8757,67336545,8281892
demo_matriz,8758,67336680,8281909
demo_matriz,8759,67336681,8281909
demo_matriz,8760,137422176280,17177636859
demo_matriz,8761,137422179743,17177637291
demo_matriz,8762,137422179744,17177637292
demo_matriz,8763,137422179745,17177637292
demo_matriz,8764,137422179746,17177637292
demo_matriz,8765,137422179747,17177637292
demo_matriz,8766,137422179748,17177637292
demo_matriz,8767,137422179749,17177637292
demo_matriz,8768,137422179750,17177637292
demo_matriz,8769,137422179751,17177637292
demo_matriz,8770,137422179752,17177637293
demo_matriz,8771,137422179753,17177637293
demo_matriz,8772,137422179754,17177637293
demo_matriz,8773,137422179755,17177637293
demo_matriz,8774,137422179756,17177637293
demo_matriz,8775,137422179757,17177637293
demo_matriz,8776,137422179758,17177637293
demo_matriz,8777,137422179743,17177637291
demo_matriz,8778,67331240,8281229
demo_matriz,8779,67331241,8281229
demo_matriz,8780,67331376,8281246
demo_matriz,8781,67331377,8281246
demo_matriz,8782,137422179743,17177637291
demo_matriz,8783,67331512,8281263
demo_matriz,8784,67331513,8281263
demo_matriz,8785,67331648,8281280
demo_matriz,8786,67331649,8281280
demo_matriz,8787,67331784,8281297
demo_matriz,8788,67331785,8281297
demo_matriz,8789,67331920,8281314
demo_matriz,8790,67331921,8281314
demo_matriz,8791,67332056,8281331
demo_matriz,8792,67332057,8281331
demo_matriz,8793,67332192,8281348
demo_matriz,8794,67332193,8281348
demo_matriz,8795,67332328,8281365
demo_matriz,8796,67332329,8281365
demo_matriz,8797,67332464,8281382
demo_matriz,8798,67332465,8281382
demo_matriz,8799,67332600,8281399
demo_matriz,8800,67332601,8281399
demo_matriz,8801,67332736,8281416
demo_matriz,8802,67332737,8281416
demo_matriz,8803,67332872,8281433
demo_matriz,8804,67332873,8281433
demo_matriz,8805,137422179743,17177637291
demo_matriz,8806,67333008,8281450
demo_matriz,8807,67333009,8281450
demo_matriz,8808,137422179743,17177637291
demo_matriz,8809,67333144,8281467
demo_matriz,8810,67333145,8281467
demo_matriz,8811,137422179743,17177637291
demo_matriz,8812,67333280,8281484
demo_matriz,8813,67333281,8281484
demo_matriz,8814,67333416,8281501
demo_matriz,8815,67333417,8281501
demo_matriz,8816,67333552,8281518
demo_matriz,8817,67333553,8281518
demo_matriz,8818,67333688,8281535
demo_matriz,8819,67333689,8281535
demo_matriz,8820,67333824,8281552
demo_matriz,8821,67333825,8281552
demo_matriz,8822,137422179743,17177637291
demo_matriz,8823,67333960,8281569
demo_matriz,8824,67333961,8281569
demo_matriz,8825,67334096,8281586
demo_matriz,8826,67334097,8281586
demo_matriz,8827,67334232,8281603
demo_matriz,8828,67334233,8281603
demo_matriz,8829,67334368,8281620
demo_matriz,8830,67334369,8281620
demo_matriz,8831,137422179743,17177637291
demo_matriz,8832,67334504,8281637
demo_matriz,8833,67334505,8281637
demo_matriz,8834,67334640,8281654
demo_matriz,8835,67334641,8281654
demo_matriz,8836,67334776,8281671
demo_matriz,8837,67334777,8281671
demo_matriz,8838,137422179743,17177637291
demo_matriz,8839,67334912,8281688
demo_matriz,8840,67334913,8281688
demo_matriz,8841,67335048,8281705
demo_matriz,8842,67335049,8281705
demo_matriz,8843,67335184,8281722
demo_matriz,8844,67335185,8281722
demo_matriz,8845,67335320,8281739
demo_matriz,8846,67335321,8281739
demo_matriz,8847,67335456,8281756
demo_matriz,8848,67335457,8281756
demo_matriz,8849,137422179743,17177637291
demo_matriz,8850,67335592,8281773
demo_matriz,8851,67335593,8281773
demo_matriz,8852,67335728,8281790
demo_matriz,8853,67335729,8281790
demo_matriz,8854,137422179743,17177637291
demo_matriz,8855,67335864,8281807
demo_matriz,8856,67335865,8281807
demo_matriz,8857,67336000,8281824
demo_matriz,8858,67336001,8281824
demo_matriz,8859,67336136,8281841
demo_matriz,8860,67336137,8281841
demo_matriz,8861,67336272,8281858
demo_matriz,8862,67336273,8281858
demo_matriz,8863,67336408,8281875
demo_matriz,8864,67336409,8281875
demo_matriz,8865,137422179743,17177637291
demo_matriz,8866,67336544,8281892
demo_matriz,8867,67336545,8281892
demo_matriz,8868,67336680,8281909
demo_matriz,8869,67336681,8281909
demo_matriz,8870,137422176288,17177636860
demo_matriz,8871,137422179790,17177637297
demo_matriz,8872,137422179791,17177637297
demo_matriz,8873,137422179792,17177637298
demo_matriz,8874,137422179793,17177637298
demo_matriz,8875,137422179794,17177637298
demo_matriz,8876,137422179795,17177637298
demo_matriz,8877,137422179796,17177637298
demo_matriz,8878,137422179797,17177637298
demo_matriz,8879,137422179798,17177637298
demo_matriz,8880,137422179799,17177637298
demo_matriz,8881,137422179800,17177637299
demo_matriz,8882,137422179801,17177637299
demo_matriz,8883,137422179802,17177637299
demo_matriz,8884,137422179803,17177637299
demo_matriz,8885,137422179804,17177637299
demo_matriz,8886,137422179805,17177637299
demo_matriz,8887,137422179806,17177637299
demo_matriz,8888,137422179807,17177637299
demo_matriz,8889,137422179808,17177637300
demo_matriz,8890,137422179809,17177637300
demo_matriz,8891,137422179810,17177637300
demo_matriz,8892,137422179811,17177637300
demo_matriz,8893,137422179812,17177637300
demo_matriz,8894,137422179790,17177637297
demo_matriz,8895,67331240,8281229
demo_matriz,8896,67331241,8281229
demo_matriz,8897,67331376,8281246
demo_matriz,8898,67331377,8281246
demo_matriz,8899,137422179790,17177637297
demo_matriz,8900,67331512,8281263
demo_matriz,8901,67331513,8281263
demo_matriz,8902,67331648,8281280
demo_matriz,8903,67331649,8281280
demo_matriz,8904,67331784,8281297
demo_matriz,8905,67331785,8281297
demo_matriz,8906,67331920,8281314
demo_matriz,8907,67331921,8281314
demo_matriz,8908,67332056,8281331
demo_matriz,8909,67332057,8281331
demo_matriz,8910,67332192,8281348
demo_matriz,8911,67332193,8281348
demo_matriz,8912,67332328,8281365
demo_matriz,8913,67332329,8281365
demo_matriz,8914,67332464,8281382
demo_matriz,8915,67332465,8281382
demo_matriz,8916,67332600,8281399
demo_matriz,8917,67332601,8281399
demo_matriz,8918,67332736,8281416
demo_matriz,8919,67332737,8281416
demo_matriz,8920,67332872,8281433
demo_matriz,8921,67332873,8281433
demo_matriz,8922,137422179790,17177637297
demo_matriz,8923,67333008,8281450
demo_matriz,8924,67333009,8281450
demo_matriz,8925,137422179790,17177637297
demo_matriz,8926,67333144,8281467
demo_matriz,8927,67333145,8281467
demo_matriz,8928,137422179790,17177637297
demo_matriz,8929,67333280,8281484
demo_matriz,8930,67333281,8281484
demo_matriz,8931,67333416,8281501
demo_matriz,8932,67333417,8281501
demo_matriz,8933,67333552,8281518
demo_matriz,8934,67333553,8281518
demo_matriz,8935,67333688,8281535
demo_matriz,8936,67333689,8281535
demo_matriz,8937,67333824,8281552
demo_matriz,8938,67333825,8281552
demo_matriz,8939,137422179790,17177637297
demo_matriz,8940,67333960,8281569
demo_matriz,8941,67333961,8281569
demo_matriz,8942,67334096,8281586
demo_matriz,8943,67334097,8281586
demo_matriz,8944,67334232,8281603
demo_matriz,8945,67334233,8281603
demo_matriz,8946,67334368,8281620
demo_matriz,8947,67334369,8281620
demo_matriz,8948,137422179790,17177637297
demo_matriz,8949,67334504,8281637
demo_matriz,8950,67334505,8281637
demo_matriz,8951,67334640,8281654
demo_matriz,8952,67334641,8281654
demo_matriz,8953,67334776,8281671
demo_matriz,8954,67334777,8281671
demo_matriz,8955,137422179790,17177637297
demo_matriz,8956,67334912,8281688
demo_matriz,8957,67334913,8281688
demo_matriz,8958,67335048,8281705
demo_matriz,8959,67335049,8281705
demo_matriz,8960,67335184,8281722
demo_matriz,8961,67335185,8281722
demo_matriz,8962,67335320,8281739
demo_matriz,8963,67335321,8281739
demo_matriz,8964,67335456,8281756
demo_matriz,8965,67335457,8281756
demo_matriz,8966,137422179790,17177637297
demo_matriz,8967,67335592,8281773
demo_matriz,8968,67335593,8281773
demo_matriz,8969,67335728,8281790
demo_matriz,8970,67335729,8281790
demo_matriz,8971,137422179790,17177637297
demo_matriz,8972,67335864,8281807
demo_matriz,8973,67335865,8281807
demo_matriz,8974,67336000,8281824
demo_matriz,8975,67336001,8281824
demo_matriz,8976,67336136,8281841
demo_matriz,8977,67336137,8281841
demo_matriz,8978,67336272,8281858
demo_matriz,8979,67336273,8281858
demo_matriz,8980,67336408,8281875
demo_matriz,8981,67336409,8281875
demo_matriz,8982,137422179790,17177637297
demo_matriz,8983,67336544,8281892
demo_matriz,8984,67336545,8281892
demo_matriz,8985,67336680,8281909
demo_matriz,8986,67336681,8281909
demo_matriz,8987,137422176296,17177636861
demo_matriz,8988,137422179895,17177637310
demo_matriz,8989,137422179896,17177637311
demo_matriz,8990,137422179897,17177637311
demo_matriz,8991,137422179898,17177637311
demo_matriz,8992,137422179899,17177637311
demo_matriz,8993,137422179900,17177637311
demo_matriz,8994,137422179901,17177637311
demo_matriz,8995,137422179902,17177637311
demo_matriz,8996,137422179903,17177637311
demo_matriz,8997,137422179904,17177637312
demo_matriz,8998,137422179905,17177637312
demo_matriz,8999,137422179906,17177637312
demo_matriz,9000,137422179907,17177637312
demo_matriz,9001,137422179908,17177637312
demo_matriz,9002,137422179909,17177637312
demo_matriz,9003,137422179910,17177637312
demo_matriz,9004,137422179911,17177637312
demo_matriz,9005,137422179912,17177637313
demo_matriz,9006,137422179895,17177637310
demo_matriz,9007,67331240,8281229
demo_matriz,9008,67331241,8281229
demo_matriz,9009,67331376,8281246
demo_matriz,9010,67331377,8281246
demo_matriz,9011,137422179895,17177637310
demo_matriz,9012,67331512,8281263
demo_matriz,9013,67331513,8281263
demo_matriz,9014,67331648,8281280
demo_matriz,9015,67331649,8281280
demo_matriz,9016,67331784,8281297
demo_matriz,9017,67331785,8281297
demo_matriz,9018,67331920,8281314
demo_matriz,9019,67331921,8281314
demo_matriz,9020,67332056,8281331
demo_matriz,9021,67332057,8281331
demo_matriz,9022,67332192,8281348
demo_matriz,9023,67332193,8281348
demo_matriz,9024,67332328,8281365
demo_matriz,9025,67332329,8281365
demo_matriz,9026,67332464,8281382
demo_matriz,9027,67332465,8281382
demo_matriz,9028,67332600,8281399
demo_matriz,9029,67332601,8281399
demo_matriz,9030,67332736,8281416
demo_matriz,9031,67332737,8281416
demo_matriz,9032,67332872,8281433
demo_matriz,9033,67332873,8281433
demo_matriz,9034,137422179895,17177637310
demo_matriz,9035,67333008,8281450
demo_matriz,9036,67333009,8281450
demo_matriz,9037,137422179895,17177637310
demo_matriz,9038,67333144,8281467
demo_matriz,9039,67333145,8281467
demo_matriz,9040,137422179895,17177637310
demo_matriz,9041,67333280,8281484
demo_matriz,9042,67333281,8281484
demo_matriz,9043,67333416,8281501
demo_matriz,9044,67333417,8281501
demo_matriz,9045,67333552,8281518
demo_matriz,9046,67333553,8281518
demo_matriz,9047,67333688,8281535
demo_matriz,9048,67333689,8281535
demo_matriz,9049,67333824,8281552
demo_matriz,9050,67333825,8281552
demo_matriz,9051,137422179895,17177637310
demo_matriz,9052,67333960,8281569
demo_matriz,9053,67333961,8281569
demo_matriz,9054,67334096,8281586
demo_matriz,9055,67334097,8281586
demo_matriz,9056,67334232,8281603
demo_matriz,9057,67334233,8281603
demo_matriz,9058,67334368,8281620
demo_matriz,9059,67334369,8281620
demo_matriz,9060,137422179895,17177637310
demo_matriz,9061,67334504,8281637
demo_matriz,9062,67334505,8281637
demo_matriz,9063,67334640,8281654
demo_matriz,9064,67334641,8281654
demo_matriz,9065,67334776,8281671
demo_matriz,9066,67334777,8281671
demo_matriz,9067,137422179895,17177637310
demo_matriz,9068,67334912,8281688
demo_matriz,9069,67334913,8281688
demo_matriz,9070,67335048,8281705
demo_matriz,9071,67335049,8281705
demo_matriz,9072,67335184,8281722
demo_matriz,9073,67335185,8281722
demo_matriz,9074,67335320,8281739
demo_matriz,9075,67335321,8281739
demo_matriz,9076,67335456,8281756
demo_matriz,9077,67335457,8281756
demo_matriz,9078,137422179895,17177637310
demo_matriz,9079,67335592,8281773
demo_matriz,9080,67335593,8281773
demo_matriz,9081,67335728,8281790
demo_matriz,9082,67335729,8281790
demo_matriz,9083,137422179895,17177637310
demo_matriz,9084,67335864,8281807
demo_matriz,9085,67335865,8281807
demo_matriz,9086,67336000,8281824
demo_matriz,9087,67336001,8281824
demo_matriz,9088,67336136,8281841
demo_matriz,9089,67336137,8281841
demo_matriz,9090,67336272,8281858
demo_matriz,9091,67336273,8281858
demo_matriz,9092,67336408,8281875
demo_matriz,9093,67336409,8281875
demo_matriz,9094,137422179895,17177637310
demo_matriz,9095,67336544,8281892
demo_matriz,9096,67336545,8281892
demo_matriz,9097,67336680,8281909
demo_matriz,9098,67336681,8281909
demo_matriz,9099,137422176304,17177636862
demo_matriz,9100,137422179918,17177637313
demo_matriz,9101,137422179919,17177637313
demo_matriz,9102,137422179920,17177637314
demo_matriz,9103,137422179921,17177637314
demo_matriz,9104,137422179922,17177637314
demo_matriz,9105,137422179923,17177637314
demo_matriz,9106,137422179924,17177637314
demo_matriz,9107,137422179925,17177637314
demo_matriz,9108,137422179926,17177637314
demo_matriz,9109,137422179927,17177637314
demo_matriz,9110,137422179928,17177637315
demo_matriz,9111,137422179929,17177637315
demo_matriz,9112,137422179930,17177637315
demo_matriz,9113,137422179918,17177637313
demo_matriz,9114,67331240,8281229
demo_matriz,9115,67331241,8281229
demo_matriz,9116,67331376,8281246
demo_matriz,9117,67331377,8281246
demo_matriz,9118,137422179918,17177637313
demo_matriz,9119,67331512,8281263
demo_matriz,9120,67331513,8281263
demo_matriz,9121,67331648,8281280
demo_matriz,9122,67331649,8281280
demo_matriz,9123,67331784,8281297
demo_matriz,9124,67331785,8281297
demo_matriz,9125,67331920,8281314
demo_matriz,9126,67331921,8281314
demo_matriz,9127,67332056,8281331
demo_matriz,9128,67332057,8281331
demo_matriz,9129,67332192,8281348
demo_matriz,9130,67332193,8281348
demo_matriz,9131,67332328,8281365
demo_matriz,9132,67332329,8281365
demo_matriz,9133,67332464,8281382
demo_matriz,9134,67332465,8281382
demo_matriz,9135,67332600,8281399
demo_matriz,9136,67332601,8281399
demo_matriz,9137,67332736,8281416
demo_matriz,9138,67332737,8281416
demo_matriz,9139,67332872,8281433
demo_matriz,9140,67332873,8281433
demo_matriz,9141,137422179918,17177637313
demo_matriz,9142,67333008,8281450
demo_matriz,9143,67333009,8281450
demo_matriz,9144,137422179918,17177637313
demo_matriz,9145,67333144,8281467
demo_matriz,9146,67333145,8281467
demo_matriz,9147,137422179918,17177637313
demo_matriz,9148,67333280,8281484
demo_matriz,9149,67333281,8281484
demo_matriz,9150,67333416,8281501
demo_matriz,9151,67333417,8281501
demo_matriz,9152,67333552,8281518
demo_matriz,9153,67333553,8281518
demo_matriz,9154,67333688,8281535
demo_matriz,9155,67333689,8281535
demo_matriz,9156,67333824,8281552
demo_matriz,9157,67333825,8281552
demo_matriz,9158,137422179918,17177637313
demo_matriz,9159,67333960,8281569
demo_matriz,9160,67333961,8281569
demo_matriz,9161,67334096,8281586
demo_matriz,9162,67334097,8281586
demo_matriz,9163,67334232,8281603
demo_matriz,9164,67334233,8281603
demo_matriz,9165,67334368,8281620
demo_matriz,9166,67334369,8281620
demo_matriz,9167,137422179918,17177637313
demo_matriz,9168,67334504,8281637
demo_matriz,9169,67334505,8281637
demo_matriz,9170,67334640,8281654
demo_matriz,9171,67334641,8281654
demo_matriz,9172,67334776,8281671
demo_matriz,9173,67334777,8281671
demo_matriz,9174,137422179918,17177637313
demo_matriz,9175,67334912,8281688
demo_matriz,9176,67334913,8281688
demo_matriz,9177,67335048,8281705
demo_matriz,9178,67335049,8281705
demo_matriz,9179,67335184,8281722
demo_matriz,9180,67335185,8281722
demo_matriz,9181,67335320,8281739
demo_matriz,9182,67335321,8281739
demo_matriz,9183,67335456,8281756
demo_matriz,9184,67335457,8281756
demo_matriz,9185,137422179918,17177637313
demo_matriz,9186,67335592,8281773
demo_matriz,9187,67335593,8281773
demo_matriz,9188,67335728,8281790
demo_matriz,9189,67335729,8281790
demo_matriz,9190,137422179918,17177637313
demo_matriz,9191,67335864,8281807
demo_matriz,9192,67335865,8281807
demo_matriz,9193,67336000,8281824
demo_matriz,9194,67336001,8281824
demo_matriz,9195,67336136,8281841
demo_matriz,9196,67336137,8281841
demo_matriz,9197,67336272,8281858
demo_matriz,9198,67336273,8281858
demo_matriz,9199,67336408,8281875
demo_matriz,9200,67336409,8281875
demo_matriz,9201,137422179918,17177637313
demo_matriz,9202,67336544,8281892
demo_matriz,9203,67336545,8281892
demo_matriz,9204,67336680,8281909
demo_matriz,9205,67336681,8281909
demo_matriz,9206,137422176312,17177636863
demo_matriz,9207,137422179932,17177637315
demo_matriz,9208,137422179933,17177637315
demo_matriz,9209,137422179934,17177637315
demo_matriz,9210,137422179935,17177637315
demo_matriz,9211,137422179936,17177637316
demo_matriz,9212,137422179937,17177637316
demo_matriz,9213,137422179938,17177637316
demo_matriz,9214,137422179939,17177637316
demo_matriz,9215,137422179940,17177637316
demo_matriz,9216,137422179941,17177637316
demo_matriz,9217,137422179942,17177637316
demo_matriz,9218,137422179943,17177637316
demo_matriz,9219,137422179944,17177637317
demo_matriz,9220,137422179945,17177637317
demo_matriz,9221,137422179932,17177637315
demo_matriz,9222,67331240,8281229
demo_matriz,9223,67331241,8281229
demo_matriz,9224,67331376,8281246
demo_matriz,9225,67331377,8281246
demo_matriz,9226,137422179932,17177637315
demo_matriz,9227,67331512,8281263
demo_matriz,9228,67331513,8281263
demo_matriz,9229,67331648,8281280
demo_matriz,9230,67331649,8281280
demo_matriz,9231,67331784,8281297
demo_matriz,9232,67331785,8281297
demo_matriz,9233,67331920,8281314
demo_matriz,9234,67331921,8281314
demo_matriz,9235,67332056,8281331
demo_matriz,9236,67332057,8281331
demo_matriz,9237,67332192,8281348
demo_matriz,9238,67332193,8281348
demo_matriz,9239,67332328,8281365
demo_matriz,9240,67332329,8281365
demo_matriz,9241,67332464,8281382
demo_matriz,9242,67332465,8281382
demo_matriz,9243,67332600,8281399
demo_matriz,9244,67332601,8281399
demo_matriz,9245,67332736,8281416
demo_matriz,9246,67332737,8281416
demo_matriz,9247,67332872,8281433
demo_matriz,9248,67332873,8281433
demo_matriz,9249,137422179932,17177637315
demo_matriz,9250,67333008,8281450
demo_matriz,9251,67333009,8281450
demo_matriz,9252,137422179932,17177637315
demo_matriz,9253,67333144,8281467
demo_matriz,9254,67333145,8281467
demo_matriz,9255,137422179932,17177637315
demo_matriz,9256,67333280,8281484
demo_matriz,9257,67333281,8281484
demo_matriz,9258,67333416,8281501
demo_matriz,9259,67333417,8281501
demo_matriz,9260,67333552,8281518
demo_matriz,9261,67333553,8281518
demo_matriz,9262,67333688,8281535
demo_matriz,9263,67333689,8281535
demo_matriz,9264,67333824,8281552
demo_matriz,9265,67333825,8281552
demo_matriz,9266,137422179932,17177637315
demo_matriz,9267,67333960,8281569
demo_matriz,9268,67333961,8281569
demo_matriz,9269,67334096,8281586
demo_matriz,9270,67334097,8281586
demo_matriz,9271,67334232,8281603
demo_matriz,9272,67334233,8281603
demo_matriz,9273,67334368,8281620
demo_matriz,9274,67334369,8281620
demo_matriz,9275,137422179932,17177637315
demo_matriz,9276,67334504,8281637
demo_matriz,9277,67334505,8281637
demo_matriz,9278,67334640,8281654
demo_matriz,9279,67334641,8281654
demo_matriz,9280,67334776,8281671
demo_matriz,9281,67334777,8281671
demo_matriz,9282,137422179932,17177637315
demo_matriz,9283,67334912,8281688
demo_matriz,9284,67334913,8281688
demo_matriz,9285,67335048,8281705
demo_matriz,9286,67335049,8281705
demo_matriz,9287,67335184,8281722
demo_matriz,9288,67335185,8281722
demo_matriz,9289,67335320,8281739
demo_matriz,9290,67335321,8281739
demo_matriz,9291,67335456,8281756
demo_matriz,9292,67335457,8281756
demo_matriz,9293,137422179932,17177637315
demo_matriz,9294,67335592,8281773
demo_matriz,9295,67335593,8281773
demo_matriz,9296,67335728,8281790
demo_matriz,9297,67335729,8281790
demo_matriz,9298,137422179932,17177637315
demo_matriz,9299,67335864,8281807
demo_matriz,9300,67335865,8281807
demo_matriz,9301,67336000,8281824
demo_matriz,9302,67336001,8281824
demo_matriz,9303,67336136,8281841
demo_matriz,9304,67336137,8281841
demo_matriz,9305,67336272,8281858
demo_matriz,9306,67336273,8281858
demo_matriz,9307,67336408,8281875
demo_matriz,9308,67336409,8281875
demo_matriz,9309,137422179932,17177637315
demo_matriz,9310,67336544,8281892
demo_matriz,9311,67336545,8281892
demo_matriz,9312,67336680,8281909
demo_matriz,9313,67336681,8281909
demo_matriz,9314,137422176320,17177636864
demo_matriz,9315,137422180075,17177637333
demo_matriz,9316,137422180076,17177637333
demo_matriz,9317,137422180077,17177637333
demo_matriz,9318,137422180078,17177637333
demo_matriz,9319,137422180079,17177637333
demo_matriz,9320,137422180080,17177637334
demo_matriz,9321,137422180081,17177637334
demo_matriz,9322,137422180082,17177637334
demo_matriz,9323,137422180083,17177637334
demo_matriz,9324,137422180084,17177637334
demo_matriz,9325,137422180085,17177637334
demo_matriz,9326,137422180075,17177637333
demo_matriz,9327,67331240,8281229
demo_matriz,9328,67331241,8281229
demo_matriz,9329,67331376,8281246
demo_matriz,9330,67331377,8281246
demo_matriz,9331,137422180075,17177637333
demo_matriz,9332,67331512,8281263
demo_matriz,9333,67331513,8281263
demo_matriz,9334,67331648,8281280
demo_matriz,9335,67331649,8281280
demo_matriz,9336,67331784,8281297
demo_matriz,9337,67331785,8281297
demo_matriz,9338,67331920,8281314
demo_matriz,9339,67331921,8281314
demo_matriz,9340,67332056,8281331
demo_matriz,9341,67332057,8281331
demo_matriz,9342,67332192,8281348
demo_matriz,9343,67332193,8281348
demo_matriz,9344,67332328,8281365
demo_matriz,9345,67332329,8281365
demo_matriz,9346,67332464,8281382
demo_matriz,9347,67332465,8281382
demo_matriz,9348,67332600,8281399
demo_matriz,9349,67332601,8281399
demo_matriz,9350,67332736,8281416
demo_matriz,9351,67332737,8281416
demo_matriz,9352,67332872,8281433
demo_matriz,9353,67332873,8281433
demo_matriz,9354,137422180075,17177637333
demo_matriz,9355,67333008,8281450
demo_matriz,9356,67333009,8281450
demo_matriz,9357,137422180075,17177637333
demo_matriz,9358,67333010,8281450
demo_matriz,9359,137422180076,17177637333
demo_matriz,9360,67333144,8281467
demo_matriz,9361,67333145,8281467
demo_matriz,9362,137422180075,17177637333
demo_matriz,9363,67333280,8281484
demo_matriz,9364,67333281,8281484
demo_matriz,9365,67333416,8281501
demo_matriz,9366,67333417,8281501
demo_matriz,9367,67333552,8281518
demo_matriz,9368,67333553,8281518
demo_matriz,9369,67333688,8281535
demo_matriz,9370,67333689,8281535
demo_matriz,9371,67333824,8281552
demo_matriz,9372,67333825,8281552
demo_matriz,9373,137422180075,17177637333
demo_matriz,9374,67333826,8281552
demo_matriz,9375,137422180076,17177637333
demo_matriz,9376,67333960,8281569
demo_matriz,9377,67333961,8281569
demo_matriz,9378,67334096,8281586
demo_matriz,9379,67334097,8281586
demo_matriz,9380,67334232,8281603
demo_matriz,9381,67334233,8281603
demo_matriz,9382,67334368,8281620
demo_matriz,9383,67334369,8281620
demo_matriz,9384,137422180075,17177637333
demo_matriz,9385,67334504,8281637
demo_matriz,9386,67334505,8281637
demo_matriz,9387,67334640,8281654
demo_matriz,9388,67334641,8281654
demo_matriz,9389,67334776,8281671
demo_matriz,9390,67334777,8281671
demo_matriz,9391,137422180075,17177637333
demo_matriz,9392,67334912,8281688
demo_matriz,9393,67334913,8281688
demo_matriz,9394,67335048,8281705
demo_matriz,9395,67335049,8281705
demo_matriz,9396,67335184,8281722
demo_matriz,9397,67335185,8281722
demo_matriz,9398,67335320,8281739
demo_matriz,9399,67335321,8281739
demo_matriz,9400,67335456,8281756
demo_matriz,9401,67335457,8281756
demo_matriz,9402,137422180075,17177637333
demo_matriz,9403,67335592,8281773
demo_matriz,9404,67335593,8281773
demo_matriz,9405,67335728,8281790
demo_matriz,9406,67335729,8281790
demo_matriz,9407,137422180075,17177637333
demo_matriz,9408,67335864,8281807
demo_matriz,9409,67335865,8281807
demo_matriz,9410,67336000,8281824
demo_matriz,9411,67336001,8281824
demo_matriz,9412,67336136,8281841
demo_matriz,9413,67336137,8281841
demo_matriz,9414,67336272,8281858
demo_matriz,9415,67336273,8281858
demo_matriz,9416,67336408,8281875
demo_matriz,9417,67336409,8281875
demo_matriz,9418,137422180075,17177637333
demo_matriz,9419,67336544,8281892
demo_matriz,9420,67336545,8281892
demo_matriz,9421,67336680,8281909
demo_matriz,9422,67336681,8281909
demo_matriz,9423,137422176328,17177636865
demo_matriz,9424,137422180098,17177637336
demo_matriz,9425,137422180099,17177637336
demo_matriz,9426,137422180100,17177637336
demo_matriz,9427,137422180101,17177637336
demo_matriz,9428,137422180102,17177637336
demo_matriz,9429,137422180103,17177637336
demo_matriz,9430,137422180104,17177637337
demo_matriz,9431,137422180105,17177637337
demo_matriz,9432,137422180106,17177637337
demo_matriz,9433,137422180098,17177637336
demo_matriz,9434,67331240,8281229
demo_matriz,9435,67331241,8281229
demo_matriz,9436,67331376,8281246
demo_matriz,9437,67331377,8281246
demo_matriz,9438,137422180098,17177637336
demo_matriz,9439,67331512,8281263
demo_matriz,9440,67331513,8281263
demo_matriz,9441,67331648,8281280
demo_matriz,9442,67331649,8281280
demo_matriz,9443,67331784,8281297
demo_matriz,9444,67331785,8281297
demo_matriz,9445,67331920,8281314
demo_matriz,9446,67331921,8281314
demo_matriz,9447,67332056,8281331
demo_matriz,9448,67332057,8281331
demo_matriz,9449,67332192,8281348
demo_matriz,9450,67332193,8281348
demo_matriz,9451,67332328,8281365
demo_matriz,9452,67332329,8281365
demo_matriz,9453,67332464,8281382
demo_matriz,9454,67332465,8281382
demo_matriz,9455,67332600,8281399
demo_matriz,9456,67332601,8281399
demo_matriz,9457,67332736,8281416
demo_matriz,9458,67332737,8281416
demo_matriz,9459,67332872,8281433
demo_matriz,9460,67332873,8281433
demo_matriz,9461,137422180098,17177637336
demo_matriz,9462,67333008,8281450
demo_matriz,9463,67333009,8281450
demo_matriz,9464,137422180098,17177637336
demo_matriz,9465,67333010,8281450
demo_matriz,9466,137422180099,17177637336
demo_matriz,9467,67333144,8281467
demo_matriz,9468,67333145,8281467
demo_matriz,9469,137422180098,17177637336
demo_matriz,9470,67333280,8281484
demo_matriz,9471,67333281,8281484
demo_matriz,9472,67333416,8281501
demo_matriz,9473,67333417,8281501
demo_matriz,9474,67333552,8281518
demo_matriz,9475,67333553,8281518
demo_matriz,9476,67333688,8281535
demo_matriz,9477,67333689,8281535
demo_matriz,9478,67333824,8281552
demo_matriz,9479,67333825,8281552
demo_matriz,9480,137422180098,17177637336
demo_matriz,9481,67333826,8281552
demo_matriz,9482,137422180099,17177637336
demo_matriz,9483,67333960,8281569
demo_matriz,9484,67333961,8281569
demo_matriz,9485,67334096,8281586
demo_matriz,9486,67334097,8281586
demo_matriz,9487,67334232,8281603
demo_matriz,9488,67334233,8281603
demo_matriz,9489,67334368,8281620
demo_matriz,9490,67334369,8281620
demo_matriz,9491,137422180098,17177637336
demo_matriz,9492,67334504,8281637
demo_matriz,9493,67334505,8281637
demo_matriz,9494,67334640,8281654
demo_matriz,9495,67334641,8281654
demo_matriz,9496,67334776,8281671
demo_matriz,9497,67334777,8281671
demo_matriz,9498,137422180098,17177637336
demo_matriz,9499,67334912,8281688
demo_matriz,9500,67334913,8281688
demo_matriz,9501,67335048,8281705
demo_matriz,9502,67335049,8281705
demo_matriz,9503,67335184,8281722
demo_matriz,9504,67335185,8281722
demo_matriz,9505,67335320,8281739
demo_matriz,9506,67335321,8281739
demo_matriz,9507,67335456,8281756
demo_matriz,9508,67335457,8281756
demo_matriz,9509,137422180098,17177637336
demo_matriz,9510,67335592,8281773
demo_matriz,9511,67335593,8281773
demo_matriz,9512,67335728,8281790
demo_matriz,9513,67335729,8281790
demo_matriz,9514,137422180098,17177637336
demo_matriz,9515,67335864,8281807
demo_matriz,9516,67335865,8281807
demo_matriz,9517,67336000,8281824
demo_matriz,9518,67336001,8281824
demo_matriz,9519,67336136,8281841
demo_matriz,9520,67336137,8281841
demo_matriz,9521,67336272,8281858
demo_matriz,9522,67336273,8281858
demo_matriz,9523,67336408,8281875
demo_matriz,9524,67336409,8281875
demo_matriz,9525,137422180098,17177637336
demo_matriz,9526,67336544,8281892
demo_matriz,9527,67336545,8281892
demo_matriz,9528,67336680,8281909
demo_matriz,9529,67336681,8281909
demo_matriz,9530,137422176336,17177636866
demo_matriz,9531,137422180119,17177637338
demo_matriz,9532,137422180120,17177637339
demo_matriz,9533,137422180121,17177637339
demo_matriz,9534,137422180122,17177637339
demo_matriz,9535,137422180123,17177637339
demo_matriz,9536,137422180124,17177637339
demo_matriz,9537,137422180125,17177637339
demo_matriz,9538,137422180126,17177637339
demo_matriz,9539,137422180127,17177637339
demo_matriz,9540,137422180128,17177637340
demo_matriz,9541,137422180129,17177637340
demo_matriz,9542,137422180119,17177637338
demo_matriz,9543,67331240,8281229
demo_matriz,9544,67331241,8281229
demo_matriz,9545,67331376,8281246
demo_matriz,9546,67331377,8281246
demo_matriz,9547,137422180119,17177637338
demo_matriz,9548,67331512,8281263
demo_matriz,9549,67331513,8281263
demo_matriz,9550,67331648,8281280
demo_matriz,9551,67331649,8281280
demo_matriz,9552,67331784,8281297
demo_matriz,9553,67331785,8281297
demo_matriz,9554,67331920,8281314
demo_matriz,9555,67331921,8281314
demo_matriz,9556,67332056,8281331
demo_matriz,9557,67332057,8281331
demo_matriz,9558,67332192,8281348
demo_matriz,9559,67332193,8281348
demo_matriz,9560,67332328,8281365
demo_matriz,9561,67332329,8281365
demo_matriz,9562,67332464,8281382
demo_matriz,9563,67332465,8281382
demo_matriz,9564,67332600,8281399
demo_matriz,9565,67332601,8281399
demo_matriz,9566,67332736,8281416
demo_matriz,9567,67332737,8281416
demo_matriz,9568,67332872,8281433
demo_matriz,9569,67332873,8281433
demo_matriz,9570,137422180119,17177637338
demo_matriz,9571,67333008,8281450
demo_matriz,9572,67333009,8281450
demo_matriz,9573,137422180119,17177637338
demo_matriz,9574,67333144,8281467
demo_matriz,9575,67333145,8281467
demo_matriz,9576,137422180119,17177637338
demo_matriz,9577,67333280,8281484
demo_matriz,9578,67333281,8281484
demo_matriz,9579,67333416,8281501
demo_matriz,9580,67333417,8281501
demo_matriz,9581,67333552,8281518
demo_matriz,9582,67333553,8281518
demo_matriz,9583,67333688,8281535
demo_matriz,9584,67333689,8281535
demo_matriz,9585,67333824,8281552
demo_matriz,9586,67333825,8281552
demo_matriz,9587,137422180119,17177637338
demo_matriz,9588,67333960,8281569
demo_matriz,9589,67333961,8281569
demo_matriz,9590,67334096,8281586
demo_matriz,9591,67334097,8281586
demo_matriz,9592,67334232,8281603
demo_matriz,9593,67334233,8281603
demo_matriz,9594,67334368,8281620
demo_matriz,9595,67334369,8281620
demo_matriz,9596,137422180119,17177637338
demo_matriz,9597,67334504,8281637
demo_matriz,9598,67334505,8281637
demo_matriz,9599,67334640,8281654
demo_matriz,9600,67334641,8281654
demo_matriz,9601,67334776,8281671
demo_matriz,9602,67334777,8281671
demo_matriz,9603,137422180119,17177637338
demo_matriz,9604,67334912,8281688
demo_matriz,9605,67334913,8281688
demo_matriz,9606,67335048,8281705
demo_matriz,9607,67335049,8281705
demo_matriz,9608,67335184,8281722
demo_matriz,9609,67335185,8281722
demo_matriz,9610,67335320,8281739
demo_matriz,9611,67335321,8281739
demo_matriz,9612,67335456,8281756
demo_matriz,9613,67335457,8281756
demo_matriz,9614,137422180119,17177637338
demo_matriz,9615,67335592,8281773
demo_matriz,9616,67335593,8281773
demo_matriz,9617,67335728,8281790
demo_matriz,9618,67335729,8281790
demo_matriz,9619,137422180119,17177637338
demo_matriz,9620,67335864,8281807
demo_matriz,9621,67335865,8281807
demo_matriz,9622,67336000,8281824
demo_matriz,9623,67336001,8281824
demo_matriz,9624,67336136,8281841
demo_matriz,9625,67336137,8281841
demo_matriz,9626,67336272,8281858
demo_matriz,9627,67336273,8281858
demo_matriz,9628,67336408,8281875
demo_matriz,9629,67336409,8281875
demo_matriz,9630,137422180119,17177637338
demo_matriz,9631,67336544,8281892
demo_matriz,9632,67336545,8281892
demo_matriz,9633,67336680,8281909
demo_matriz,9634,67336681,8281909
demo_matriz,9635,137422176344,17177636867
demo_matriz,9636,137422180132,17177637340
demo_matriz,9637,137422180133,17177637340
demo_matriz,9638,137422180134,17177637340
demo_matriz,9639,137422180135,17177637340
demo_matriz,9640,137422180136,17177637341
demo_matriz,9641,137422180137,17177637341
demo_matriz,9642,137422180138,17177637341
demo_matriz,9643,137422180139,17177637341
demo_matriz,9644,137422180140,17177637341
demo_matriz,9645,137422180141,17177637341
demo_matriz,9646,137422180142,17177637341
demo_matriz,9647,137422180143,17177637341
demo_matriz,9648,137422180144,17177637342
demo_matriz,9649,137422180145,17177637342
demo_matriz,9650,137422180132,17177637340
demo_matriz,9651,67331240,8281229
demo_matriz,9652,67331241,8281229
demo_matriz,9653,67331376,8281246
demo_matriz,9654,67331377,8281246
demo_matriz,9655,137422180132,17177637340
demo_matriz,9656,67331512,8281263
demo_matriz,9657,67331513,8281263
demo_matriz,9658,67331648,8281280
demo_matriz,9659,67331649,8281280
demo_matriz,9660,67331784,8281297
demo_matriz,9661,67331785,8281297
demo_matriz,9662,67331920,8281314
demo_matriz,9663,67331921,8281314
demo_matriz,9664,67332056,8281331
demo_matriz,9665,67332057,8281331
demo_matriz,9666,67332192,8281348
demo_matriz,9667,67332193,8281348
demo_matriz,9668,67332328,8281365
demo_matriz,9669,67332329,8281365
demo_matriz,9670,67332464,8281382
demo_matriz,9671,67332465,8281382
demo_matriz,9672,67332600,8281399
demo_matriz,9673,67332601,8281399
demo_matriz,9674,67332736,8281416
demo_matriz,9675,67332737,8281416
demo_matriz,9676,67332872,8281433
demo_matriz,9677,67332873,8281433
demo_matriz,9678,137422180132,17177637340
demo_matriz,9679,67333008,8281450
demo_matriz,9680,67333009,8281450
demo_matriz,9681,137422180132,17177637340
demo_matriz,9682,67333144,8281467
demo_matriz,9683,67333145,8281467
demo_matriz,9684,137422180132,17177637340
demo_matriz,9685,67333280,8281484
demo_matriz,9686,67333281,8281484
demo_matriz,9687,67333416,8281501
demo_matriz,9688,67333417,8281501
demo_matriz,9689,67333552,8281518
demo_matriz,9690,67333553,8281518
demo_matriz,9691,67333688,8281535
demo_matriz,9692,67333689,8281535
demo_matriz,9693,67333824,8281552
demo_matriz,9694,67333825,8281552
demo_matriz,9695,137422180132,17177637340
demo_matriz,9696,67333960,8281569
demo_matriz,9697,67333961,8281569
demo_matriz,9698,67334096,8281586
demo_matriz,9699,67334097,8281586
demo_matriz,9700,67334232,8281603
demo_matriz,9701,67334233,8281603
demo_matriz,9702,67334368,8281620
demo_matriz,9703,67334369,8281620
demo_matriz,9704,137422180132,17177637340
demo_matriz,9705,67334504,8281637
demo_matriz,9706,67334505,8281637
demo_matriz,9707,67334640,8281654
demo_matriz,9708,67334641,8281654
demo_matriz,9709,67334776,8281671
demo_matriz,9710,67334777,8281671
demo_matriz,9711,137422180132,17177637340
demo_matriz,9712,67334912,8281688
demo_matriz,9713,67334913,8281688
demo_matriz,9714,67335048,8281705
demo_matriz,9715,67335049,8281705
demo_matriz,9716,67335184,8281722
demo_matriz,9717,67335185,8281722
demo_matriz,9718,67335320,8281739
demo_matriz,9719,67335321,8281739
demo_matriz,9720,67335456,8281756
demo_matriz,9721,67335457,8281756
demo_matriz,9722,137422180132,17177637340
demo_matriz,9723,67335592,8281773
demo_matriz,9724,67335593,8281773
demo_matriz,9725,67335728,8281790
demo_matriz,9726,67335729,8281790
demo_matriz,9727,137422180132,17177637340
demo_matriz,9728,67335864,8281807
demo_matriz,9729,67335865,8281807
demo_matriz,9730,67336000,8281824
demo_matriz,9731,67336001,8281824
demo_matriz,9732,67336136,8281841
demo_matriz,9733,67336137,8281841
demo_matriz,9734,67336272,8281858
demo_matriz,9735,67336273,8281858
demo_matriz,9736,67336408,8281875
demo_matriz,9737,67336409,8281875
demo_matriz,9738,137422180132,17177637340
demo_matriz,9739,67336544,8281892
demo_matriz,9740,67336545,8281892
demo_matriz,9741,67336680,8281909
demo_matriz,9742,67336681,8281909
demo_matriz,9743,137422176352,17177636868
demo_matriz,9744,137422180159,17177637343
demo_matriz,9745,137422180160,17177637344
demo_matriz,9746,137422180161,17177637344
demo_matriz,9747,137422180162,17177637344
demo_matriz,9748,137422180163,17177637344
demo_matriz,9749,137422180164,17177637344
demo_matriz,9750,137422180165,17177637344
demo_matriz,9751,137422180166,17177637344
demo_matriz,9752,137422180167,17177637344
demo_matriz,9753,137422180168,17177637345
demo_matriz,9754,137422180169,17177637345
demo_matriz,9755,137422180159,17177637343
demo_matriz,9756,67331240,8281229
demo_matriz,9757,67331241,8281229
demo_matriz,9758,67331376,8281246
demo_matriz,9759,67331377,8281246
demo_matriz,9760,137422180159,17177637343
demo_matriz,9761,67331512,8281263
demo_matriz,9762,67331513,8281263
demo_matriz,9763,67331648,8281280
demo_matriz,9764,67331649,8281280
demo_matriz,9765,67331784,8281297
demo_matriz,9766,67331785,8281297
demo_matriz,9767,67331920,8281314
demo_matriz,9768,67331921,8281314
demo_matriz,9769,67332056,8281331
demo_matriz,9770,67332057,8281331
demo_matriz,9771,67332192,8281348
demo_matriz,9772,67332193,8281348
demo_matriz,9773,67332328,8281365
demo_matriz,9774,67332329,8281365
demo_matriz,9775,67332464,8281382
demo_matriz,9776,67332465,8281382
demo_matriz,9777,67332600,8281399
demo_matriz,9778,67332601,8281399
demo_matriz,9779,67332736,8281416
demo_matriz,9780,67332737,8281416
demo_matriz,9781,67332872,8281433
demo_matriz,9782,67332873,8281433
demo_matriz,9783,137422180159,17177637343
demo_matriz,9784,67333008,8281450
demo_matriz,9785,67333009,8281450
demo_matriz,9786,137422180159,17177637343
demo_matriz,9787,67333144,8281467
demo_matriz,9788,67333145,8281467
demo_matriz,9789,137422180159,17177637343
demo_matriz,9790,67333280,8281484
demo_matriz,9791,67333281,8281484
demo_matriz,9792,67333416,8281501
demo_matriz,9793,67333417,8281501
demo_matriz,9794,67333552,8281518
demo_matriz,9795,67333553,8281518
demo_matriz,9796,67333688,8281535
demo_matriz,9797,67333689,8281535
demo_matriz,9798,67333824,8281552
demo_matriz,9799,67333825,8281552
demo_matriz,9800,137422180159,17177637343
demo_matriz,9801,67333960,8281569
demo_matriz,9802,67333961,8281569
demo_matriz,9803,67334096,8281586
demo_matriz,9804,67334097,8281586
demo_matriz,9805,67334232,8281603
demo_matriz,9806,67334233,8281603
demo_matriz,9807,67334368,8281620
demo_matriz,9808,67334369,8281620
demo_matriz,9809,137422180159,17177637343
demo_matriz,9810,67334504,8281637
demo_matriz,9811,67334505,8281637
demo_matriz,9812,67334640,8281654
demo_matriz,9813,67334641,8281654
demo_matriz,9814,67334776,8281671
demo_matriz,9815,67334777,8281671
demo_matriz,9816,137422180159,17177637343
demo_matriz,9817,67334912,8281688
demo_matriz,9818,67334913,8281688
demo_matriz,9819,67335048,8281705
demo_matriz,9820,67335049,8281705
demo_matriz,9821,67335184,8281722
demo_matriz,9822,67335185,8281722
demo_matriz,9823,67335320,8281739
demo_matriz,9824,67335321,8281739
demo_matriz,9825,67335456,8281756
demo_matriz,9826,67335457,8281756
demo_matriz,9827,137422180159,17177637343
demo_matriz,9828,67335592,8281773
demo_matriz,9829,67335593,8281773
demo_matriz,9830,67335728,8281790
demo_matriz,9831,67335729,8281790
demo_matriz,9832,137422180159,17177637343
demo_matriz,9833,67335864,8281807
demo_matriz,9834,67335865,8281807
demo_matriz,9835,67336000,8281824
demo_matriz,9836,67336001,8281824
demo_matriz,9837,67336136,8281841
demo_matriz,9838,67336137,8281841
demo_matriz,9839,67336272,8281858
demo_matriz,9840,67336273,8281858
demo_matriz,9841,67336408,8281875
demo_matriz,9842,67336409,8281875
demo_matriz,9843,137422180159,17177637343
demo_matriz,9844,67336544,8281892
demo_matriz,9845,67336545,8281892
demo_matriz,9846,67336680,8281909
demo_matriz,9847,67336681,8281909
demo_matriz,9848,137422176360,17177636869
demo_matriz,9849,137422180176,17177637346
demo_matriz,9850,137422180177,17177637346
demo_matriz,9851,137422180178,17177637346
demo_matriz,9852,137422180179,17177637346
demo_matriz,9853,137422180180,17177637346
demo_matriz,9854,137422180181,17177637346
demo_matriz,9855,137422180182,17177637346
demo_matriz,9856,137422180183,17177637346
demo_matriz,9857,137422180184,17177637347
demo_matriz,9858,137422180185,17177637347
demo_matriz,9859,137422180186,17177637347
demo_matriz,9860,137422180187,17177637347
demo_matriz,9861,137422180188,17177637347
demo_matriz,9862,137422180189,17177637347
demo_matriz,9863,137422180190,17177637347
demo_matriz,9864,137422180191,17177637347
demo_matriz,9865,137422180192,17177637348
demo_matriz,9866,137422180193,17177637348
demo_matriz,9867,137422180176,17177637346
demo_matriz,9868,67298051,8277080
demo_matriz,9869,137422180177,17177637346
demo_matriz,9870,67298052,8277080
demo_matriz,9871,137422180178,17177637346
demo_matriz,9872,67298053,8277080
demo_matriz,9873,137422180179,17177637346
demo_matriz,9874,67298054,8277080
demo_matriz,9875,137422180180,17177637346
demo_matriz,9876,67298055,8277080
demo_matriz,9877,137422180181,17177637346
demo_matriz,9878,67331240,8281229
demo_matriz,9879,67331241,8281229
demo_matriz,9880,67331376,8281246
demo_matriz,9881,67331377,8281246
demo_matriz,9882,137422180176,17177637346
demo_matriz,9883,67331512,8281263
demo_matriz,9884,67331513,8281263
demo_matriz,9885,67331648,8281280
demo_matriz,9886,67331649,8281280
demo_matriz,9887,67331784,8281297
demo_matriz,9888,67331785,8281297
demo_matriz,9889,67331920,8281314
demo_matriz,9890,67331921,8281314
demo_matriz,9891,67332056,8281331
demo_matriz,9892,67332057,8281331
demo_matriz,9893,67332192,8281348
demo_matriz,9894,67332193,8281348
demo_matriz,9895,67332328,8281365
demo_matriz,9896,67332329,8281365
demo_matriz,9897,67332464,8281382
demo_matriz,9898,67332465,8281382
demo_matriz,9899,67332600,8281399
demo_matriz,9900,67332601,8281399
demo_matriz,9901,67332736,8281416
demo_matriz,9902,67332737,8281416
demo_matriz,9903,67332872,8281433
demo_matriz,9904,67332873,8281433
demo_matriz,9905,137422180176,17177637346
demo_matriz,9906,67333008,8281450
demo_matriz,9907,67333009,8281450
demo_matriz,9908,137422180176,17177637346
demo_matriz,9909,67333144,8281467
demo_matriz,9910,67333145,8281467
demo_matriz,9911,137422180176,17177637346
demo_matriz,9912,67333280,8281484
demo_matriz,9913,67333281,8281484
demo_matriz,9914,67333416,8281501
demo_matriz,9915,67333417,8281501
demo_matriz,9916,67333552,8281518
demo_matriz,9917,67333553,8281518
demo_matriz,9918,67333688,8281535
demo_matriz,9919,67333689,8281535
demo_matriz,9920,67333824,8281552
demo_matriz,9921,67333825,8281552
demo_matriz,9922,137422180176,17177637346
demo_matriz,9923,67333960,8281569
demo_matriz,9924,67333961,8281569
demo_matriz,9925,67334096,8281586
demo_matriz,9926,67334097,8281586
demo_matriz,9927,67334232,8281603
demo_matriz,9928,67334233,8281603
demo_matriz,9929,67334368,8281620
demo_matriz,9930,67334369,8281620
demo_matriz,9931,137422180176,17177637346
demo_matriz,9932,67334504,8281637
demo_matriz,9933,67334505,8281637
demo_matriz,9934,67334640,8281654
demo_matriz,9935,67334641,8281654
demo_matriz,9936,67334776,8281671
demo_matriz,9937,67334777,8281671
demo_matriz,9938,137422180176,17177637346
demo_matriz,9939,67334912,8281688
demo_matriz,9940,67334913,8281688
demo_matriz,9941,67335048,8281705
demo_matriz,9942,67335049,8281705
demo_matriz,9943,67335184,8281722
demo_matriz,9944,67335185,8281722
demo_matriz,9945,67335320,8281739
demo_matriz,9946,67335321,8281739
demo_matriz,9947,67335456,8281756
demo_matriz,9948,67335457,8281756
demo_matriz,9949,137422180176,17177637346
demo_matriz,9950,67335592,8281773
demo_matriz,9951,67335593,8281773
demo_matriz,9952,67335728,8281790
demo_matriz,9953,67335729,8281790
demo_matriz,9954,137422180176,17177637346
demo_matriz,9955,67335864,8281807
demo_matriz,9956,67335865,8281807
demo_matriz,9957,67336000,8281824
demo_matriz,9958,67336001,8281824
demo_matriz,9959,67336136,8281841
demo_matriz,9960,67336137,8281841
demo_matriz,9961,67336272,8281858
demo_matriz,9962,67336273,8281858
demo_matriz,9963,67336408,8281875
demo_matriz,9964,67336409,8281875
demo_matriz,9965,137422180176,17177637346
demo_matriz,9966,67336544,8281892
demo_matriz,9967,67336545,8281892
demo_matriz,9968,67336680,8281909
demo_matriz,9969,67336681,8281909
demo_matriz,9970,137422176368,17177636870
demo_matriz,9971,137422180196,17177637348
demo_matriz,9972,137422180197,17177637348
demo_matriz,9973,137422180198,17177637348
demo_matriz,9974,137422180199,17177637348
demo_matriz,9975,137422180200,17177637349
demo_matriz,9976,137422180201,17177637349
demo_matriz,9977,137422180202,17177637349
demo_matriz,9978,137422180203,17177637349
demo_matriz,9979,137422180204,17177637349
demo_matriz,9980,137422180205,17177637349
demo_matriz,9981,137422180206,17177637349
demo_matriz,9982,137422180196,17177637348
demo_matriz,9983,67331240,8281229
demo_matriz,9984,67331241,8281229
demo_matriz,9985,67331376,8281246
demo_matriz,9986,67331377,8281246
demo_matriz,9987,137422180196,17177637348
demo_matriz,9988,67331512,8281263
demo_matriz,9989,67331513,8281263
demo_matriz,9990,67331648,8281280
demo_matriz,9991,67331649,8281280
demo_matriz,9992,67331784,8281297
demo_matriz,9993,67331785,8281297
demo_matriz,9994,67331920,8281314
demo_matriz,9995,67331921,8281314
demo_matriz,9996,67332056,8281331
demo_matriz,9997,67332057,8281331
demo_matriz,9998,67332192,8281348
demo_matriz,9999,67332193,8281348
demo_matriz,10000,67332328,8281365
demo_matriz,10001,67332329,8281365
demo_matriz,10002,67332464,8281382
demo_matriz,10003,67332465,8281382
demo_matriz,10004,67332600,8281399
demo_matriz,10005,67332601,8281399
demo_matriz,10006,67332736,8281416
demo_matriz,10007,67332737,8281416
demo_matriz,10008,67332872,8281433
demo_matriz,10009,67332873,8281433
demo_matriz,10010,137422180196,17177637348
demo_matriz,10011,67333008,8281450
demo_matriz,10012,67333009,8281450
demo_matriz,10013,137422180196,17177637348
demo_matriz,10014,67333010,8281450
demo_matriz,10015,137422180197,17177637348
demo_matriz,10016,67333011,8281450
demo_matriz,10017,137422180198,17177637348
demo_matriz,10018,67333012,8281450
demo_matriz,10019,137422180199,17177637348
demo_matriz,10020,67333013,8281450
demo_matriz,10021,137422180200,17177637349
demo_matriz,10022,67333014,8281450
demo_matriz,10023,137422180201,17177637349
demo_matriz,10024,67333015,8281450
demo_matriz,10025,137422180202,17177637349
demo_matriz,10026,67333144,8281467
demo_matriz,10027,67333145,8281467
demo_matriz,10028,137422180196,17177637348
demo_matriz,10029,67333280,8281484
demo_matriz,10030,67333281,8281484
demo_matriz,10031,67333416,8281501
demo_matriz,10032,67333417,8281501
demo_matriz,10033,67333552,8281518
demo_matriz,10034,67333553,8281518
demo_matriz,10035,67333688,8281535
demo_matriz,10036,67333689,8281535
demo_matriz,10037,67333824,8281552
demo_matriz,10038,67333825,8281552
demo_matriz,10039,137422180196,17177637348
demo_matriz,10040,67333826,8281552
demo_matriz,10041,137422180197,17177637348
demo_matriz,10042,67333827,8281552
demo_matriz,10043,137422180198,17177637348
demo_matriz,10044,67333828,8281552
demo_matriz,10045,137422180199,17177637348
demo_matriz,10046,67333960,8281569
demo_matriz,10047,67333961,8281569
demo_matriz,10048,67334096,8281586
demo_matriz,10049,67334097,8281586
demo_matriz,10050,67334232,8281603
demo_matriz,10051,67334233,8281603
demo_matriz,10052,67334368,8281620
demo_matriz,10053,67334369,8281620
demo_matriz,10054,137422180196,17177637348
demo_matriz,10055,67334504,8281637
demo_matriz,10056,67334505,8281637
demo_matriz,10057,67334640,8281654
demo_matriz,10058,67334641,8281654
demo_matriz,10059,67334776,8281671
demo_matriz,10060,67334777,8281671
demo_matriz,10061,137422180196,17177637348
demo_matriz,10062,67334912,8281688
demo_matriz,10063,67334913,8281688
demo_matriz,10064,67335048,8281705
demo_matriz,10065,67335049,8281705
demo_matriz,10066,67335184,8281722
demo_matriz,10067,67335185,8281722
demo_matriz,10068,67335320,8281739
demo_matriz,10069,67335321,8281739
demo_matriz,10070,67335456,8281756
demo_matriz,10071,67335457,8281756
demo_matriz,10072,137422180196,17177637348
demo_matriz,10073,67335592,8281773
demo_matriz,10074,67335593,8281773
demo_matriz,10075,67335728,8281790
demo_matriz,10076,67335729,8281790
demo_matriz,10077,137422180196,17177637348
demo_matriz,10078,67335864,8281807
demo_matriz,10079,67335865,8281807
demo_matriz,10080,67336000,8281824
demo_matriz,10081,67336001,8281824
demo_matriz,10082,67336136,8281841
demo_matriz,10083,67336137,8281841
demo_matriz,10084,67336272,8281858
demo_matriz,10085,67336273,8281858
demo_matriz,10086,67336408,8281875
demo_matriz,10087,67336409,8281875
demo_matriz,10088,137422180196,17177637348
demo_matriz,10089,67336544,8281892
demo_matriz,10090,67336545,8281892
demo_matriz,10091,67336680,8281909
demo_matriz,10092,67336681,8281909
demo_matriz,10093,137422176376,17177636871
demo_matriz,10094,137422175320,17177636739
demo_matriz,10095,137422175328,17177636740
demo_matriz,10096,137422175336,17177636741
demo_matriz,10097,137422175344,17177636742
demo_matriz,10098,137422175352,17177636743
demo_matriz,10099,137422175360,17177636744
demo_matriz,10100,137422175368,17177636745
demo_matriz,10101,67332680,8281409
demo_matriz,10102,67332720,8281414
demo_matriz,10103,67332736,8281416
demo_matriz,10104,137422175336,17177636741
demo_matriz,10105,137422175356,17177636743
demo_matriz,10106,137422175360,17177636744
demo_matriz,10107,137422175368,17177636745
demo_matriz,10108,137422175368,17177636745
demo_matriz,10109,67336976,8281946
demo_matriz,10110,137422175248,17177636730
demo_matriz,10111,67336980,8281946
demo_matriz,10112,67336980,8281946
demo_matriz,10113,67336980,8281946
demo_matriz,10114,67336896,8281936
demo_matriz,10115,67336980,8281946
demo_matriz,10116,67337007,8281949
demo_matriz,10117,137422175096,17177636711
demo_matriz,10118,137422175104,17177636712
demo_matriz,10119,137422175112,17177636713
demo_matriz,10120,67337004,8281949
demo_matriz,10121,67337008,8281950
demo_matriz,10122,67337032,8281953
demo_matriz,10123,67337036,8281953
demo_matriz,10124,67337040,8281954
demo_matriz,10125,67337020,8281951
demo_matriz,10126,67337024,8281952
demo_matriz,10127,67337048,8281955
demo_matriz,10128,67337052,8281955
demo_matriz,10129,67337056,8281956
demo_matriz,10130,67337068,8281957
demo_matriz,10131,67337200,8281974
demo_matriz,10132,67337188,8281972
demo_matriz,10133,67337084,8281959
demo_matriz,10134,67337072,8281958
demo_matriz,10135,67337160,8281969
demo_matriz,10136,67337256,8281981
demo_matriz,10137,67337204,8281974
demo_matriz,10138,67337216,8281976
demo_matriz,10139,137422174796,17177636673
demo_matriz,10140,137422174768,17177636670
demo_matriz,10141,137422174788,17177636672
demo_matriz,10142,137422174792,17177636673
demo_matriz,10143,137422174780,17177636671
demo_matriz,10144,67336980,8281946
demo_matriz,10145,67337092,8281960
demo_matriz,10146,67337108,8281962
demo_matriz,10147,67337024,8281952
demo_matriz,10148,67337224,8281977
demo_matriz,10149,67337680,8282034
demo_matriz,10150,67337084,8281959
demo_matriz,10151,67337048,8281955
demo_matriz,10152,137422175064,17177636707
demo_matriz,10153,137422175072,17177636708
demo_matriz,10154,137422175080,17177636709
demo_matriz,10155,137422175088,17177636710
demo_matriz,10156,137422175096,17177636711
demo_matriz,10157,137422175104,17177636712
demo_matriz,10158,137422175112,17177636713
demo_matriz,10159,137422175248,17177636730
demo_matriz,10160,137422175252,17177636730
demo_matriz,10161,137422175256,17177636731
demo_matriz,10162,137422175296,17177636736
demo_matriz,10163,67337056,8281956
demo_matriz,10164,67337048,8281955
demo_matriz,10165,67290445,8276129
demo_matriz,10166,67290300,8276111
demo_matriz,10167,67337316,8281988
demo_matriz,10168,67337007,8281949
demo_matriz,10169,67337488,8282010
demo_matriz,10170,67337035,8281953
demo_matriz,10171,67337188,8281972
demo_matriz,10172,67337040,8281954
demo_matriz,10173,67337008,8281950
demo_matriz,10174,67336980,8281946
demo_matriz,10175,67336984,8281947
demo_matriz,10176,67336988,8281947
demo_matriz,10177,67290928,8276190
demo_matriz,10178,67290792,8276173
demo_matriz,10179,67290720,8276164
demo_matriz,10180,67290688,8276160
demo_matriz,10181,67290672,8276158
demo_matriz,10182,67290664,8276157
demo_matriz,10183,67290656,8276156
demo_matriz,10184,67290928,8276190
demo_matriz,10185,67291064,8276207
demo_matriz,10186,67291000,8276199
demo_matriz,10187,67290968,8276195
demo_matriz,10188,67290952,8276193
demo_matriz,10189,67290944,8276192
demo_matriz,10190,67290936,8276191
demo_matriz,10191,67290928,8276190
demo_matriz,10192,67290792,8276173
demo_matriz,10193,67290720,8276164
demo_matriz,10194,67290688,8276160
demo_matriz,10195,67290672,8276158
demo_matriz,10196,67290664,8276157
demo_matriz,10197,67290656,8276156
demo_matriz,10198,67290928,8276190
demo_matriz,10199,67291064,8276207
demo_matriz,10200,67291000,8276199
demo_matriz,10201,67290968,8276195
demo_matriz,10202,67290952,8276193
demo_matriz,10203,67290960,8276194
demo_matriz,10204,137422174984,17177636697
demo_matriz,10205,137422174992,17177636698
demo_matriz,10206,137422175000,17177636699
demo_matriz,10207,137422175008,17177636700
demo_matriz,10208,137422175016,17177636701
demo_matriz,10209,67336984,8281947
demo_matriz,10210,67336988,8281947
demo_matriz,10211,137422174984,17177636697
demo_matriz,10212,137422174992,17177636698
demo_matriz,10213,137422175000,17177636699
demo_matriz,10214,137422175008,17177636700
demo_matriz,10215,137422175016,17177636701
demo_matriz,10216,137422175064,17177636707
demo_matriz,10217,137422175072,17177636708
demo_matriz,10218,137422175080,17177636709
demo_matriz,10219,137422175088,17177636710
demo_matriz,10220,137422175096,17177636711
demo_matriz,10221,137422175104,17177636712
demo_matriz,10222,137422175112,17177636713
demo_matriz,10223,67336980,8281946
demo_matriz,10224,67336984,8281947
demo_matriz,10225,67336988,8281947
demo_matriz,10226,67290928,8276190
demo_matriz,10227,67290792,8276173
demo_matriz,10228,67290720,8276164
demo_matriz,10229,67290688,8276160
demo_matriz,10230,67290672,8276158
demo_matriz,10231,67290664,8276157
demo_matriz,10232,67290656,8276156
demo_matriz,10233,67290928,8276190
demo_matriz,10234,67291064,8276207
demo_matriz,10235,67291000,8276199
demo_matriz,10236,67290968,8276195
demo_matriz,10237,67290952,8276193
demo_matriz,10238,67290944,8276192
demo_matriz,10239,67290936,8276191
demo_matriz,10240,67290928,8276190
demo_matriz,10241,67290792,8276173
demo_matriz,10242,67290720,8276164
demo_matriz,10243,67290688,8276160
demo_matriz,10244,67290672,8276158
demo_matriz,10245,67290664,8276157
demo_matriz,10246,67290656,8276156
demo_matriz,10247,67290928,8276190
demo_matriz,10248,67291064,8276207
demo_matriz,10249,67291000,8276199
demo_matriz,10250,67290968,8276195
demo_matriz,10251,67290952,8276193
demo_matriz,10252,67290960,8276194
demo_matriz,10253,137422174984,17177636697
demo_matriz,10254,137422174992,17177636698
demo_matriz,10255,137422175000,17177636699
demo_matriz,10256,137422175008,17177636700
demo_matriz,10257,137422175016,17177636701
demo_matriz,10258,67336984,8281947
demo_matriz,10259,67336988,8281947
demo_matriz,10260,137422174984,17177636697
demo_matriz,10261,137422174992,17177636698
demo_matriz,10262,137422175000,17177636699
demo_matriz,10263,137422175008,17177636700
demo_matriz,10264,137422175016,17177636701
demo_matriz,10265,137422175064,17177636707
demo_matriz,10266,137422175072,17177636708
demo_matriz,10267,137422175080,17177636709
demo_matriz,10268,137422175088,17177636710
demo_matriz,10269,137422175096,17177636711
demo_matriz,10270,137422175104,17177636712
demo_matriz,10271,137422175112,17177636713
demo_matriz,10272,67336980,8281946
demo_matriz,10273,67336984,8281947
demo_matriz,10274,67336988,8281947
demo_matriz,10275,67290928,8276190
demo_matriz,10276,67290792,8276173
demo_matriz,10277,67290720,8276164
demo_matriz,10278,67290688,8276160
demo_matriz,10279,67290672,8276158
demo_matriz,10280,67290664,8276157
demo_matriz,10281,67290656,8276156
demo_matriz,10282,67290928,8276190
demo_matriz,10283,67291064,8276207
demo_matriz,10284,67291000,8276199
demo_matriz,10285,67290968,8276195
demo_matriz,10286,67290952,8276193
demo_matriz,10287,67290944,8276192
demo_matriz,10288,67290936,8276191
demo_matriz,10289,67290928,8276190
demo_matriz,10290,67290792,8276173
demo_matriz,10291,67290720,8276164
demo_matriz,10292,67290688,8276160
demo_matriz,10293,67290672,8276158
demo_matriz,10294,67290664,8276157
demo_matriz,10295,67290656,8276156
demo_matriz,10296,67290928,8276190
demo_matriz,10297,67291064,8276207
demo_matriz,10298,67291000,8276199
demo_matriz,10299,67290968,8276195
demo_matriz,10300,67290952,8276193
demo_matriz,10301,67290960,8276194
demo_matriz,10302,137422174984,17177636697
demo_matriz,10303,137422174992,17177636698
demo_matriz,10304,137422175000,17177636699
demo_matriz,10305,137422175008,17177636700
demo_matriz,10306,137422175016,17177636701
demo_matriz,10307,67336984,8281947
demo_matriz,10308,67336988,8281947
demo_matriz,10309,137422174984,17177636697
demo_matriz,10310,137422174992,17177636698
demo_matriz,10311,137422175000,17177636699
demo_matriz,10312,137422175008,17177636700
demo_matriz,10313,137422175016,17177636701
demo_matriz,10314,137422175064,17177636707
demo_matriz,10315,137422175072,17177636708
demo_matriz,10316,137422175080,17177636709
demo_matriz,10317,137422175088,17177636710
demo_matriz,10318,137422175096,17177636711
demo_matriz,10319,137422175104,17177636712
demo_matriz,10320,137422175112,17177636713
demo_matriz,10321,67336980,8281946
demo_matriz,10322,67336984,8281947
demo_matriz,10323,67336988,8281947
demo_matriz,10324,67290928,8276190
demo_matriz,10325,67290792,8276173
demo_matriz,10326,67290720,8276164
demo_matriz,10327,67290688,8276160
demo_matriz,10328,67290672,8276158
demo_matriz,10329,67290664,8276157
demo_matriz,10330,67290656,8276156
demo_matriz,10331,67290928,8276190
demo_matriz,10332,67291064,8276207
demo_matriz,10333,67291000,8276199
demo_matriz,10334,67290968,8276195
demo_matriz,10335,67290952,8276193
demo_matriz,10336,67290944,8276192
demo_matriz,10337,67290936,8276191
demo_matriz,10338,67290928,8276190
demo_matriz,10339,67290792,8276173
demo_matriz,10340,67290720,8276164
demo_matriz,10341,67290688,8276160
demo_matriz,10342,67290672,8276158
demo_matriz,10343,67290664,8276157
demo_matriz,10344,67290656,8276156
demo_matriz,10345,67290928,8276190
demo_matriz,10346,67291064,8276207
demo_matriz,10347,67291000,8276199
demo_matriz,10348,67290968,8276195
demo_matriz,10349,67290952,8276193
demo_matriz,10350,67290960,8276194
demo_matriz,10351,137422174984,17177636697
demo_matriz,10352,137422174992,17177636698
demo_matriz,10353,137422175000,17177636699
demo_matriz,10354,137422175008,17177636700
demo_matriz,10355,137422175016,17177636701
demo_matriz,10356,67336984,8281947
demo_matriz,10357,67336988,8281947
demo_matriz,10358,137422174984,17177636697
demo_matriz,10359,137422174992,17177636698
demo_matriz,10360,137422175000,17177636699
demo_matriz,10361,137422175008,17177636700
demo_matriz,10362,137422175016,17177636701
demo_matriz,10363,137422175064,17177636707
demo_matriz,10364,137422175072,17177636708
demo_matriz,10365,137422175080,17177636709
demo_matriz,10366,137422175088,17177636710
demo_matriz,10367,137422175096,17177636711
demo_matriz,10368,137422175104,17177636712
demo_matriz,10369,137422175112,17177636713
demo_matriz,10370,67336980,8281946
demo_matriz,10371,67336984,8281947
demo_matriz,10372,67336988,8281947
demo_matriz,10373,67290928,8276190
demo_matriz,10374,67290792,8276173
demo_matriz,10375,67290720,8276164
demo_matriz,10376,67290688,8276160
demo_matriz,10377,67290672,8276158
demo_matriz,10378,67290664,8276157
demo_matriz,10379,67290656,8276156
demo_matriz,10380,67290928,8276190
demo_matriz,10381,67291064,8276207
demo_matriz,10382,67291000,8276199
demo_matriz,10383,67290968,8276195
demo_matriz,10384,67290952,8276193
demo_matriz,10385,67290944,8276192
demo_matriz,10386,67290936,8276191
demo_matriz,10387,67290928,8276190
demo_matriz,10388,67290792,8276173
demo_matriz,10389,67290720,8276164
demo_matriz,10390,67290688,8276160
demo_matriz,10391,67290672,8276158
demo_matriz,10392,67290664,8276157
demo_matriz,10393,67290656,8276156
demo_matriz,10394,67290928,8276190
demo_matriz,10395,67291064,8276207
demo_matriz,10396,67291000,8276199
demo_matriz,10397,67290968,8276195
demo_matriz,10398,67290952,8276193
demo_matriz,10399,67290960,8276194
demo_matriz,10400,137422174984,17177636697
demo_matriz,10401,137422174992,17177636698
demo_matriz,10402,137422175000,17177636699
demo_matriz,10403,137422175008,17177636700
demo_matriz,10404,137422175016,17177636701
demo_matriz,10405,67336984,8281947
demo_matriz,10406,67336988,8281947
demo_matriz,10407,137422174984,17177636697
demo_matriz,10408,137422174992,17177636698
demo_matriz,10409,137422175000,17177636699
demo_matriz,10410,137422175008,17177636700
demo_matriz,10411,137422175016,17177636701
demo_matriz,10412,137422175064,17177636707
demo_matriz,10413,137422175072,17177636708
demo_matriz,10414,137422175080,17177636709
demo_matriz,10415,137422175088,17177636710
demo_matriz,10416,137422175096,17177636711
demo_matriz,10417,137422175104,17177636712
demo_matriz,10418,137422175112,17177636713
demo_matriz,10419,137422175200,17177636724
demo_matriz,10420,67336980,8281946
demo_matriz,10421,67336984,8281947
demo_matriz,10422,67336988,8281947
demo_matriz,10423,67290928,8276190
demo_matriz,10424,67290792,8276173
demo_matriz,10425,67290720,8276164
demo_matriz,10426,67290688,8276160
demo_matriz,10427,67290672,8276158
demo_matriz,10428,67290664,8276157
demo_matriz,10429,67290656,8276156
demo_matriz,10430,67290928,8276190
demo_matriz,10431,67291064,8276207
demo_matriz,10432,67291000,8276199
demo_matriz,10433,67290968,8276195
demo_matriz,10434,67290952,8276193
demo_matriz,10435,67290944,8276192
demo_matriz,10436,67290936,8276191
demo_matriz,10437,67290928,8276190
demo_matriz,10438,67290792,8276173
demo_matriz,10439,67290720,8276164
demo_matriz,10440,67290688,8276160
demo_matriz,10441,67290672,8276158
demo_matriz,10442,67290664,8276157
demo_matriz,10443,67290656,8276156
demo_matriz,10444,67290928,8276190
demo_matriz,10445,67291064,8276207
demo_matriz,10446,67291000,8276199
demo_matriz,10447,67290968,8276195
demo_matriz,10448,67290952,8276193
demo_matriz,10449,67290960,8276194
demo_matriz,10450,137422174984,17177636697
demo_matriz,10451,137422174992,17177636698
demo_matriz,10452,137422175000,17177636699
demo_matriz,10453,137422175008,17177636700
demo_matriz,10454,137422175016,17177636701
demo_matriz,10455,67336984,8281947
demo_matriz,10456,67336988,8281947
demo_matriz,10457,137422174984,17177636697
demo_matriz,10458,137422174992,17177636698
demo_matriz,10459,137422175000,17177636699
demo_matriz,10460,137422175008,17177636700
demo_matriz,10461,137422175016,17177636701
demo_matriz,10462,137422175064,17177636707
demo_matriz,10463,137422175072,17177636708
demo_matriz,10464,137422175080,17177636709
demo_matriz,10465,137422175088,17177636710
demo_matriz,10466,137422175096,17177636711
demo_matriz,10467,137422175104,17177636712
demo_matriz,10468,137422175112,17177636713
demo_matriz,10469,67336980,8281946
demo_matriz,10470,67336984,8281947
demo_matriz,10471,67336988,8281947
demo_matriz,10472,67290928,8276190
demo_matriz,10473,67290792,8276173
demo_matriz,10474,67290720,8276164
demo_matriz,10475,67290688,8276160
demo_matriz,10476,67290672,8276158
demo_matriz,10477,67290664,8276157
demo_matriz,10478,67290656,8276156
demo_matriz,10479,67290928,8276190
demo_matriz,10480,67291064,8276207
demo_matriz,10481,67291000,8276199
demo_matriz,10482,67290968,8276195
demo_matriz,10483,67290952,8276193
demo_matriz,10484,67290944,8276192
demo_matriz,10485,67290936,8276191
demo_matriz,10486,67290928,8276190
demo_matriz,10487,67290792,8276173
demo_matriz,10488,67290720,8276164
demo_matriz,10489,67290688,8276160
demo_matriz,10490,67290672,8276158
demo_matriz,10491,67290664,8276157
demo_matriz,10492,67290656,8276156
demo_matriz,10493,67290928,8276190
demo_matriz,10494,67291064,8276207
demo_matriz,10495,67291000,8276199
demo_matriz,10496,67290968,8276195
demo_matriz,10497,67290952,8276193
demo_matriz,10498,67290960,8276194
demo_matriz,10499,137422174984,17177636697
demo_matriz,10500,137422174992,17177636698
demo_matriz,10501,137422175000,17177636699
demo_matriz,10502,137422175008,17177636700
demo_matriz,10503,137422175016,17177636701
demo_matriz,10504,67336984,8281947
demo_matriz,10505,67336988,8281947
demo_matriz,10506,137422174984,17177636697
demo_matriz,10507,137422174992,17177636698
demo_matriz,10508,137422175000,17177636699
demo_matriz,10509,137422175008,17177636700
demo_matriz,10510,137422175016,17177636701
demo_matriz,10511,137422175064,17177636707
demo_matriz,10512,137422175072,17177636708
demo_matriz,10513,137422175080,17177636709
demo_matriz,10514,137422175088,17177636710
demo_matriz,10515,137422175096,17177636711
demo_matriz,10516,137422175104,17177636712
demo_matriz,10517,137422175112,17177636713
demo_matriz,10518,67336980,8281946
demo_matriz,10519,67336984,8281947
demo_matriz,10520,67336988,8281947
demo_matriz,10521,67290928,8276190
demo_matriz,10522,67290792,8276173
demo_matriz,10523,67290720,8276164
demo_matriz,10524,67290688,8276160
demo_matriz,10525,67290672,8276158
demo_matriz,10526,67290664,8276157
demo_matriz,10527,67290656,8276156
demo_matriz,10528,67290928,8276190
demo_matriz,10529,67291064,8276207
demo_matriz,10530,67291000,8276199
demo_matriz,10531,67290968,8276195
demo_matriz,10532,67290952,8276193
demo_matriz,10533,67290944,8276192
demo_matriz,10534,67290936,8276191
demo_matriz,10535,67290928,8276190
demo_matriz,10536,67290792,8276173
demo_matriz,10537,67290720,8276164
demo_matriz,10538,67290688,8276160
demo_matriz,10539,67290672,8276158
demo_matriz,10540,67290664,8276157
demo_matriz,10541,67290656,8276156
demo_matriz,10542,67290928,8276190
demo_matriz,10543,67291064,8276207
demo_matriz,10544,67291000,8276199
demo_matriz,10545,67290968,8276195
demo_matriz,10546,67290952,8276193
demo_matriz,10547,67290960,8276194
demo_matriz,10548,137422174984,17177636697
demo_matriz,10549,137422174992,17177636698
demo_matriz,10550,137422175000,17177636699
demo_matriz,10551,137422175008,17177636700
demo_matriz,10552,137422175016,17177636701
demo_matriz,10553,67336984,8281947
demo_matriz,10554,67336988,8281947
demo_matriz,10555,137422174984,17177636697
demo_matriz,10556,137422174992,17177636698
demo_matriz,10557,137422175000,17177636699
demo_matriz,10558,137422175008,17177636700
demo_matriz,10559,137422175016,17177636701
demo_matriz,10560,137422175064,17177636707
demo_matriz,10561,137422175072,17177636708
demo_matriz,10562,137422175080,17177636709
demo_matriz,10563,137422175088,17177636710
demo_matriz,10564,137422175096,17177636711
demo_matriz,10565,137422175104,17177636712
demo_matriz,10566,137422175112,17177636713
demo_matriz,10567,67336980,8281946
demo_matriz,10568,67336984,8281947
demo_matriz,10569,67336988,8281947
demo_matriz,10570,67290928,8276190
demo_matriz,10571,67290792,8276173
demo_matriz,10572,67290720,8276164
demo_matriz,10573,67290688,8276160
demo_matriz,10574,67290672,8276158
demo_matriz,10575,67290664,8276157
demo_matriz,10576,67290656,8276156
demo_matriz,10577,67290928,8276190
demo_matriz,10578,67291064,8276207
demo_matriz,10579,67291000,8276199
demo_matriz,10580,67290968,8276195
demo_matriz,10581,67290952,8276193
demo_matriz,10582,67290944,8276192
demo_matriz,10583,67290936,8276191
demo_matriz,10584,67290928,8276190
demo_matriz,10585,67290792,8276173
demo_matriz,10586,67290720,8276164
demo_matriz,10587,67290688,8276160
demo_matriz,10588,67290672,8276158
demo_matriz,10589,67290664,8276157
demo_matriz,10590,67290656,8276156
demo_matriz,10591,67290928,8276190
demo_matriz,10592,67291064,8276207
demo_matriz,10593,67291000,8276199
demo_matriz,10594,67290968,8276195
demo_matriz,10595,67290952,8276193
demo_matriz,10596,67290960,8276194
demo_matriz,10597,137422174984,17177636697
demo_matriz,10598,137422174992,17177636698
demo_matriz,10599,137422175000,17177636699
demo_matriz,10600,137422175008,17177636700
demo_matriz,10601,137422175016,17177636701
demo_matriz,10602,67336984,8281947
demo_matriz,10603,67336988,8281947
demo_matriz,10604,137422174984,17177636697
demo_matriz,10605,137422174992,17177636698
demo_matriz,10606,137422175000,17177636699
demo_matriz,10607,137422175008,17177636700
demo_matriz,10608,137422175016,17177636701
demo_matriz,10609,137422175064,17177636707
demo_matriz,10610,137422175072,17177636708
demo_matriz,10611,137422175080,17177636709
demo_matriz,10612,137422175088,17177636710
demo_matriz,10613,137422175096,17177636711
demo_matriz,10614,137422175104,17177636712
demo_matriz,10615,137422175112,17177636713
demo_matriz,10616,137422175216,17177636726
demo_matriz,10617,67336980,8281946
demo_matriz,10618,67336984,8281947
demo_matriz,10619,67336988,8281947
demo_matriz,10620,67290928,8276190
demo_matriz,10621,67290792,8276173
demo_matriz,10622,67290720,8276164
demo_matriz,10623,67290688,8276160
demo_matriz,10624,67290672,8276158
demo_matriz,10625,67290664,8276157
demo_matriz,10626,67290656,8276156
demo_matriz,10627,67290928,8276190
demo_matriz,10628,67291064,8276207
demo_matriz,10629,67291000,8276199
demo_matriz,10630,67290968,8276195
demo_matriz,10631,67290952,8276193
demo_matriz,10632,67290944,8276192
demo_matriz,10633,67290936,8276191
demo_matriz,10634,67290928,8276190
demo_matriz,10635,67290792,8276173
demo_matriz,10636,67290720,8276164
demo_matriz,10637,67290688,8276160
demo_matriz,10638,67290672,8276158
demo_matriz,10639,67290664,8276157
demo_matriz,10640,67290656,8276156
demo_matriz,10641,67290928,8276190
demo_matriz,10642,67291064,8276207
demo_matriz,10643,67291000,8276199
demo_matriz,10644,67290968,8276195
demo_matriz,10645,67290952,8276193
demo_matriz,10646,67290960,8276194
demo_matriz,10647,137422174984,17177636697
demo_matriz,10648,137422174992,17177636698
demo_matriz,10649,137422175000,17177636699
demo_matriz,10650,137422175008,17177636700
demo_matriz,10651,137422175016,17177636701
demo_matriz,10652,67336984,8281947
demo_matriz,10653,67336988,8281947
demo_matriz,10654,137422174984,17177636697
demo_matriz,10655,137422174992,17177636698
demo_matriz,10656,137422175000,17177636699
demo_matriz,10657,137422175008,17177636700
demo_matriz,10658,137422175016,17177636701
demo_matriz,10659,137422175064,17177636707
demo_matriz,10660,137422175072,17177636708
demo_matriz,10661,137422175080,17177636709
demo_matriz,10662,137422175088,17177636710
demo_matriz,10663,137422175096,17177636711
demo_matriz,10664,137422175104,17177636712
demo_matriz,10665,137422175112,17177636713
demo_matriz,10666,67336980,8281946
demo_matriz,10667,67336984,8281947
demo_matriz,10668,67336988,8281947
demo_matriz,10669,67290928,8276190
demo_matriz,10670,67290792,8276173
demo_matriz,10671,67290720,8276164
demo_matriz,10672,67290688,8276160
demo_matriz,10673,67290672,8276158
demo_matriz,10674,67290664,8276157
demo_matriz,10675,67290656,8276156
demo_matriz,10676,67290928,8276190
demo_matriz,10677,67291064,8276207
demo_matriz,10678,67291000,8276199
demo_matriz,10679,67290968,8276195
demo_matriz,10680,67290952,8276193
demo_matriz,10681,67290944,8276192
demo_matriz,10682,67290936,8276191
demo_matriz,10683,67290928,8276190
demo_matriz,10684,67290792,8276173
demo_matriz,10685,67290720,8276164
demo_matriz,10686,67290688,8276160
demo_matriz,10687,67290672,8276158
demo_matriz,10688,67290664,8276157
demo_matriz,10689,67290656,8276156
demo_matriz,10690,67290928,8276190
demo_matriz,10691,67291064,8276207
demo_matriz,10692,67291000,8276199
demo_matriz,10693,67290968,8276195
demo_matriz,10694,67290952,8276193
demo_matriz,10695,67290960,8276194
demo_matriz,10696,137422174984,17177636697
demo_matriz,10697,137422174992,17177636698
demo_matriz,10698,137422175000,17177636699
demo_matriz,10699,137422175008,17177636700
demo_matriz,10700,137422175016,17177636701
demo_matriz,10701,67336984,8281947
demo_matriz,10702,67336988,8281947
demo_matriz,10703,137422174984,17177636697
demo_matriz,10704,137422174992,17177636698
demo_matriz,10705,137422175000,17177636699
demo_matriz,10706,137422175008,17177636700
demo_matriz,10707,137422175016,17177636701
demo_matriz,10708,137422175064,17177636707
demo_matriz,10709,137422175072,17177636708
demo_matriz,10710,137422175080,17177636709
demo_matriz,10711,137422175088,17177636710
demo_matriz,10712,137422175096,17177636711
demo_matriz,10713,137422175104,17177636712
demo_matriz,10714,137422175112,17177636713
demo_matriz,10715,67336980,8281946
demo_matriz,10716,67336984,8281947
demo_matriz,10717,67336988,8281947
demo_matriz,10718,67290928,8276190
demo_matriz,10719,67290792,8276173
demo_matriz,10720,67290720,8276164
demo_matriz,10721,67290688,8276160
demo_matriz,10722,67290672,8276158
demo_matriz,10723,67290664,8276157
demo_matriz,10724,67290656,8276156
demo_matriz,10725,67290928,8276190
demo_matriz,10726,67291064,8276207
demo_matriz,10727,67291000,8276199
demo_matriz,10728,67290968,8276195
demo_matriz,10729,67290952,8276193
demo_matriz,10730,67290944,8276192
demo_matriz,10731,67290936,8276191
demo_matriz,10732,67290928,8276190
demo_matriz,10733,67290792,8276173
demo_matriz,10734,67290720,8276164
demo_matriz,10735,67290688,8276160
demo_matriz,10736,67290672,8276158
demo_matriz,10737,67290664,8276157
demo_matriz,10738,67290656,8276156
demo_matriz,10739,67290928,8276190
demo_matriz,10740,67291064,8276207
demo_matriz,10741,67291000,8276199
demo_matriz,10742,67290968,8276195
demo_matriz,10743,67290952,8276193
demo_matriz,10744,67290960,8276194
demo_matriz,10745,137422174984,17177636697
demo_matriz,10746,137422174992,17177636698
demo_matriz,10747,137422175000,17177636699
demo_matriz,10748,137422175008,17177636700
demo_matriz,10749,137422175016,17177636701
demo_matriz,10750,67336984,8281947
demo_matriz,10751,67336988,8281947
demo_matriz,10752,137422174984,17177636697
demo_matriz,10753,137422174992,17177636698
demo_matriz,10754,137422175000,17177636699
demo_matriz,10755,137422175008,17177636700
demo_matriz,10756,137422175016,17177636701
demo_matriz,10757,137422175064,17177636707
demo_matriz,10758,137422175072,17177636708
demo_matriz,10759,137422175080,17177636709
demo_matriz,10760,137422175088,17177636710
demo_matriz,10761,137422175096,17177636711
demo_matriz,10762,137422175104,17177636712
demo_matriz,10763,137422175112,17177636713
demo_matriz,10764,137422175224,17177636727
demo_matriz,10765,67336988,8281947
demo_matriz,10766,137422175264,17177636732
demo_matriz,10767,67336976,8281946
demo_matriz,10768,67336980,8281946
demo_matriz,10769,137422175272,17177636733
demo_matriz,10770,67336984,8281947
demo_matriz,10771,67337008,8281950
demo_matriz,10772,137422175048,17177636705
demo_matriz,10773,137422175036,17177636703
demo_matriz,10774,137422175032,17177636703
demo_matriz,10775,137422175024,17177636702
demo_matriz,10776,137422175054,17177636705
demo_matriz,10777,137422175048,17177636705
demo_matriz,10778,137422175036,17177636703
demo_matriz,10779,137422175044,17177636704
demo_matriz,10780,137422175056,17177636706
demo_matriz,10781,137422175055,17177636705
demo_matriz,10782,137422175056,17177636706
demo_matriz,10783,137422175064,17177636707
demo_matriz,10784,137422175072,17177636708
demo_matriz,10785,137422175080,17177636709
demo_matriz,10786,137422175088,17177636710
demo_matriz,10787,137422175096,17177636711
demo_matriz,10788,137422175104,17177636712
demo_matriz,10789,137422175112,17177636713
demo_matriz,10790,137422175272,17177636733
demo_matriz,10791,137422175264,17177636732
demo_matriz,10792,137422175144,17177636717
demo_matriz,10793,137422175136,17177636716
demo_matriz,10794,137422175128,17177636715
demo_matriz,10795,137422175120,17177636714
demo_matriz,10796,137422175152,17177636718
demo_matriz,10797,137422175184,17177636722
demo_matriz,10798,137422175176,17177636721
demo_matriz,10799,137422175232,17177636728
demo_matriz,10800,137422175168,17177636720
demo_matriz,10801,137422175160,17177636719
demo_matriz,10802,137422175224,17177636727
demo_matriz,10803,137422175216,17177636726
demo_matriz,10804,137422175192,17177636723
demo_matriz,10805,67332272,8281358
demo_matriz,10806,67332312,8281363
demo_matriz,10807,67332328,8281365
demo_matriz,10808,137422175112,17177636713
demo_matriz,10809,137422175296,17177636736
demo_matriz,10810,67332408,8281375
demo_matriz,10811,67332448,8281380
demo_matriz,10812,67332464,8281382
demo_matriz,10813,137422175112,17177636713
demo_matriz,10814,137422175296,17177636736
demo_matriz,10815,67332136,8281341
demo_matriz,10816,67332176,8281346
demo_matriz,10817,67332192,8281348
demo_matriz,10818,137422175112,17177636713
demo_matriz,10819,137422175296,17177636736
demo_matriz,10820,67331728,8281290
demo_matriz,10821,67331768,8281295
demo_matriz,10822,67331784,8281297
demo_matriz,10823,137422175112,17177636713
demo_matriz,10824,137422175296,17177636736
demo_matriz,10825,137422175184,17177636722
demo_matriz,10826,67334584,8281647
demo_matriz,10827,67334624,8281652
demo_matriz,10828,67334640,8281654
demo_matriz,10829,137422175112,17177636713
demo_matriz,10830,137422175296,17177636736
demo_matriz,10831,137422175200,17177636724
demo_matriz,10832,137422175240,17177636729
demo_matriz,10833,67332272,8281358
demo_matriz,10834,137422175296,17177636736
demo_matriz,10835,67332280,8281359
demo_matriz,10836,137422175280,17177636734
demo_matriz,10837,67332288,8281360
demo_matriz,10838,137422175288,17177636735
demo_matriz,10839,137422175096,17177636711
demo_matriz,10840,137422175104,17177636712
demo_matriz,10841,137422175112,17177636713
demo_matriz,10842,137422175208,17177636725
demo_matriz,10843,137422175240,17177636729
demo_matriz,10844,67332408,8281375
demo_matriz,10845,137422175296,17177636736
demo_matriz,10846,67332416,8281376
demo_matriz,10847,137422175280,17177636734
demo_matriz,10848,67332424,8281377
demo_matriz,10849,137422175288,17177636735
demo_matriz,10850,137422175096,17177636711
demo_matriz,10851,137422175104,17177636712
demo_matriz,10852,137422175112,17177636713
demo_matriz,10853,137422175240,17177636729
demo_matriz,10854,137422175176,17177636721
demo_matriz,10855,67332136,8281341
demo_matriz,10856,137422175296,17177636736
demo_matriz,10857,67332144,8281342
demo_matriz,10858,137422175280,17177636734
demo_matriz,10859,67332152,8281343
demo_matriz,10860,137422175288,17177636735
demo_matriz,10861,137422175096,17177636711
demo_matriz,10862,137422175104,17177636712
demo_matriz,10863,137422175112,17177636713
demo_matriz,10864,137422175240,17177636729
demo_matriz,10865,67331728,8281290
demo_matriz,10866,137422175296,17177636736
demo_matriz,10867,67331736,8281291
demo_matriz,10868,137422175280,17177636734
demo_matriz,10869,67331744,8281292
demo_matriz,10870,137422175288,17177636735
demo_matriz,10871,137422175096,17177636711
demo_matriz,10872,137422175104,17177636712
demo_matriz,10873,137422175112,17177636713
demo_matriz,10874,137422175184,17177636722
demo_matriz,10875,67334584,8281647
demo_matriz,10876,137422175296,17177636736
demo_matriz,10877,67334592,8281648
demo_matriz,10878,137422175280,17177636734
demo_matriz,10879,67334600,8281649
demo_matriz,10880,137422175288,17177636735
demo_matriz,10881,137422175096,17177636711
demo_matriz,10882,137422175104,17177636712
demo_matriz,10883,137422175112,17177636713
demo_matriz,10884,137422175192,17177636723
demo_matriz,10885,137422175232,17177636728
demo_matriz,10886,137422175224,17177636727
demo_matriz,10887,137422175216,17177636726
demo_matriz,10888,67336976,8281946
demo_matriz,10889,67336080,8281834
demo_matriz,10890,67336136,8281841
demo_matriz,10891,137422175112,17177636713
demo_matriz,10892,67332952,8281443
demo_matriz,10893,67332992,8281448
demo_matriz,10894,67333008,8281450
demo_matriz,10895,137422175112,17177636713
demo_matriz,10896,67337020,8281951
demo_matriz,10897,67337108,8281962
demo_matriz,10898,67336976,8281946
demo_matriz,10899,67337048,8281955
demo_matriz,10900,67337084,8281959
demo_matriz,10901,67333904,8281562
demo_matriz,10902,67333960,8281569
demo_matriz,10903,137422175112,17177636713
demo_matriz,10904,67335128,8281715
demo_matriz,10905,67335184,8281722
demo_matriz,10906,137422175112,17177636713
demo_matriz,10907,67333360,8281494
demo_matriz,10908,67333400,8281499
demo_matriz,10909,67333416,8281501
demo_matriz,10910,137422175112,17177636713
demo_matriz,10911,137422175320,17177636739
demo_matriz,10912,137422175328,17177636740
demo_matriz,10913,137422175336,17177636741
demo_matriz,10914,137422175344,17177636742
demo_matriz,10915,137422175352,17177636743
demo_matriz,10916,137422175360,17177636744
demo_matriz,10917,137422175368,17177636745
demo_matriz,10918,67336872,8281933
demo_matriz,10919,67298373,8277120
demo_matriz,10920,137422175368,17177636745
demo_matriz,10921,67343000,8282699
demo_matriz,10922,137422175344,17177636742
demo_matriz,10923,137422175352,17177636743
demo_matriz,10924,137422175360,17177636744
demo_matriz,10925,137422175368,17177636745
demo_matriz,10926,67336776,8281921
demo_matriz,10927,137422175384,17177636747
demo_matriz,10928,137422175376,17177636746
demo_matriz,10929,67336968,8281945
demo_matriz,10930,137422174664,17177636657
demo_matriz,10931,67336776,8281921
demo_matriz,10932,67343056,8282706
demo_matriz,10933,137422174816,17177636676
demo_matriz,10934,137422175656,17177636781
demo_matriz,10935,137422176831,17177636927
demo_matriz,10936,137422175664,17177636782
demo_matriz,10937,137422176864,17177636932
demo_matriz,10938,137422176865,17177636932
demo_matriz,10939,137422175672,17177636783
demo_matriz,10940,137422176896,17177636936
demo_matriz,10941,137422175680,17177636784
demo_matriz,10942,137422176922,17177636939
demo_matriz,10943,137422175688,17177636785
demo_matriz,10944,137422176960,17177636944
demo_matriz,10945,137422175696,17177636786
demo_matriz,10946,137422177025,17177636952
demo_matriz,10947,137422177026,17177636952
demo_matriz,10948,137422175704,17177636787
demo_matriz,10949,137422177040,17177636954
demo_matriz,10950,137422175712,17177636788
demo_matriz,10951,137422177054,17177636955
demo_matriz,10952,137422177055,17177636955
demo_matriz,10953,137422175720,17177636789
demo_matriz,10954,137422177074,17177636958
demo_matriz,10955,137422175728,17177636790
demo_matriz,10956,137422177277,17177636983
demo_matriz,10957,137422175736,17177636791
demo_matriz,10958,137422177292,17177636985
demo_matriz,10959,137422175744,17177636792
demo_matriz,10960,137422177328,17177636990
demo_matriz,10961,137422175752,17177636793
demo_matriz,10962,137422177349,17177636992
demo_matriz,10963,137422175760,17177636794
demo_matriz,10964,137422177357,17177636993
demo_matriz,10965,137422177358,17177636993
demo_matriz,10966,137422177359,17177636993
demo_matriz,10967,137422174664,17177636657
demo_matriz,10968,137422177360,17177636994
demo_matriz,10969,137422177361,17177636994
demo_matriz,10970,137422177362,17177636994
demo_matriz,10971,137422177363,17177636994
demo_matriz,10972,137422177364,17177636994
demo_matriz,10973,137422177365,17177636994
demo_matriz,10974,137422177366,17177636994
demo_matriz,10975,137422177367,17177636994
demo_matriz,10976,137422177368,17177636995
demo_matriz,10977,137422177369,17177636995
demo_matriz,10978,137422177370,17177636995
demo_matriz,10979,137422177371,17177636995
demo_matriz,10980,137422177372,17177636995
demo_matriz,10981,67293568,8276520
demo_matriz,10982,137422177360,17177636994
demo_matriz,10983,137422177368,17177636995
demo_matriz,10984,137422174816,17177636676
demo_matriz,10985,137422175768,17177636795
demo_matriz,10986,137422177388,17177636997
demo_matriz,10987,137422175776,17177636796
demo_matriz,10988,137422177408,17177637000
demo_matriz,10989,137422175784,17177636797
demo_matriz,10990,137422177438,17177637003
demo_matriz,10991,137422175792,17177636798
demo_matriz,10992,137422177482,17177637009
demo_matriz,10993,137422175800,17177636799
demo_matriz,10994,137422177507,17177637012
demo_matriz,10995,137422175808,17177636800
demo_matriz,10996,137422177562,17177637019
demo_matriz,10997,137422175816,17177636801
demo_matriz,10998,137422177626,17177637027
demo_matriz,10999,137422175824,17177636802
demo_matriz,11000,137422177688,17177637035
demo_matriz,11001,137422175832,17177636803
demo_matriz,11002,137422177753,17177637043
demo_matriz,11003,137422175840,17177636804
demo_matriz,11004,137422177781,17177637046
demo_matriz,11005,137422175848,17177636805
demo_matriz,11006,137422177833,17177637053
demo_matriz,11007,137422175856,17177636806
demo_matriz,11008,137422177845,17177637054
demo_matriz,11009,137422177846,17177637054
demo_matriz,11010,137422175864,17177636807
demo_matriz,11011,137422177869,17177637057
demo_matriz,11012,137422175872,17177636808
demo_matriz,11013,137422177896,17177637061
demo_matriz,11014,137422175880,17177636809
demo_matriz,11015,137422177919,17177637063
demo_matriz,11016,137422175888,17177636810
demo_matriz,11017,137422177936,17177637066
demo_matriz,11018,137422175896,17177636811
demo_matriz,11019,137422177947,17177637067
demo_matriz,11020,137422175904,17177636812
demo_matriz,11021,137422178001,17177637074
demo_matriz,11022,137422175912,17177636813
demo_matriz,11023,137422178037,17177637078
demo_matriz,11024,137422175920,17177636814
demo_matriz,11025,137422178065,17177637082
demo_matriz,11026,137422175928,17177636815
demo_matriz,11027,137422178114,17177637088
demo_matriz,11028,137422175936,17177636816
demo_matriz,11029,137422178133,17177637090
demo_matriz,11030,137422178134,17177637090
demo_matriz,11031,137422175944,17177636817
demo_matriz,11032,137422178150,17177637092
demo_matriz,11033,137422175952,17177636818
demo_matriz,11034,137422178164,17177637094
demo_matriz,11035,137422175960,17177636819
demo_matriz,11036,137422178183,17177637096
demo_matriz,11037,137422175968,17177636820
demo_matriz,11038,137422178210,17177637100
demo_matriz,11039,137422175976,17177636821
demo_matriz,11040,137422178233,17177637103
demo_matriz,11041,137422175984,17177636822
demo_matriz,11042,137422178243,17177637104
demo_matriz,11043,137422175992,17177636823
demo_matriz,11044,137422178261,17177637106
demo_matriz,11045,137422176000,17177636824
demo_matriz,11046,137422178305,17177637112
demo_matriz,11047,137422176008,17177636825
demo_matriz,11048,137422178321,17177637114
demo_matriz,11049,137422176016,17177636826
demo_matriz,11050,137422178790,17177637172
demo_matriz,11051,137422176024,17177636827
demo_matriz,11052,137422178876,17177637183
demo_matriz,11053,137422176032,17177636828
demo_matriz,11054,137422178891,17177637185
demo_matriz,11055,137422176040,17177636829
demo_matriz,11056,137422178904,17177637187
demo_matriz,11057,137422176048,17177636830
demo_matriz,11058,137422178934,17177637190
demo_matriz,11059,137422176056,17177636831
demo_matriz,11060,137422178992,17177637198
demo_matriz,11061,137422178993,17177637198
demo_matriz,11062,137422176064,17177636832
demo_matriz,11063,137422179015,17177637200
demo_matriz,11064,137422176072,17177636833
demo_matriz,11065,137422179074,17177637208
demo_matriz,11066,137422176080,17177636834
demo_matriz,11067,137422179105,17177637212
demo_matriz,11068,137422176088,17177636835
demo_matriz,11069,137422179121,17177637214
demo_matriz,11070,137422176096,17177636836
demo_matriz,11071,137422179141,17177637216
demo_matriz,11072,137422176104,17177636837
demo_matriz,11073,137422179156,17177637218
demo_matriz,11074,137422176112,17177636838
demo_matriz,11075,137422179167,17177637219
demo_matriz,11076,137422179168,17177637220
demo_matriz,11077,137422176120,17177636839
demo_matriz,11078,137422179184,17177637222
demo_matriz,11079,137422176128,17177636840
demo_matriz,11080,137422179215,17177637225
demo_matriz,11081,137422179216,17177637226
demo_matriz,11082,137422176136,17177636841
demo_matriz,11083,137422179240,17177637229
demo_matriz,11084,137422176144,17177636842
demo_matriz,11085,137422179260,17177637231
demo_matriz,11086,137422176152,17177636843
demo_matriz,11087,137422179289,17177637235
demo_matriz,11088,137422176160,17177636844
demo_matriz,11089,137422179327,17177637239
demo_matriz,11090,137422179328,17177637240
demo_matriz,11091,137422176168,17177636845
demo_matriz,11092,137422179338,17177637241
demo_matriz,11093,137422176176,17177636846
demo_matriz,11094,137422179379,17177637246
demo_matriz,11095,137422176184,17177636847
demo_matriz,11096,137422179431,17177637252
demo_matriz,11097,137422176192,17177636848
demo_matriz,11098,137422179447,17177637254
demo_matriz,11099,137422179448,17177637255
demo_matriz,11100,137422176200,17177636849
demo_matriz,11101,137422179467,17177637257
demo_matriz,11102,137422176208,17177636850
demo_matriz,11103,137422179486,17177637259
demo_matriz,11104,137422176216,17177636851
demo_matriz,11105,137422179506,17177637262
demo_matriz,11106,137422179507,17177637262
demo_matriz,11107,137422176224,17177636852
demo_matriz,11108,137422179540,17177637266
demo_matriz,11109,137422179541,17177637266
demo_matriz,11110,137422176232,17177636853
demo_matriz,11111,137422179567,17177637269
demo_matriz,11112,137422176240,17177636854
demo_matriz,11113,137422179619,17177637276
demo_matriz,11114,137422176248,17177636855
demo_matriz,11115,137422179643,17177637279
demo_matriz,11116,137422179644,17177637279
demo_matriz,11117,137422176256,17177636856
demo_matriz,11118,137422179673,17177637283
demo_matriz,11119,137422176264,17177636857
demo_matriz,11120,137422179691,17177637285
demo_matriz,11121,137422176272,17177636858
demo_matriz,11122,137422179702,17177637286
demo_matriz,11123,137422176280,17177636859
demo_matriz,11124,137422179743,17177637291
demo_matriz,11125,137422176288,17177636860
demo_matriz,11126,137422179790,17177637297
demo_matriz,11127,137422176296,17177636861
demo_matriz,11128,137422179895,17177637310
demo_matriz,11129,137422176304,17177636862
demo_matriz,11130,137422179918,17177637313
demo_matriz,11131,137422176312,17177636863
demo_matriz,11132,137422179932,17177637315
demo_matriz,11133,137422176320,17177636864
demo_matriz,11134,137422180075,17177637333
demo_matriz,11135,137422180076,17177637333
demo_matriz,11136,137422176328,17177636865
demo_matriz,11137,137422180098,17177637336
demo_matriz,11138,137422180099,17177637336
demo_matriz,11139,137422176336,17177636866
demo_matriz,11140,137422180119,17177637338
demo_matriz,11141,137422176344,17177636867
demo_matriz,11142,137422180132,17177637340
demo_matriz,11143,137422176352,17177636868
demo_matriz,11144,137422180159,17177637343
demo_matriz,11145,137422176360,17177636869
demo_matriz,11146,137422180176,17177637346
demo_matriz,11147,137422176368,17177636870
demo_matriz,11148,137422180196,17177637348
demo_matriz,11149,137422180197,17177637348
demo_matriz,11150,137422180198,17177637348
demo_matriz,11151,137422174664,17177636657
demo_matriz,11152,137422180199,17177637348
demo_matriz,11153,137422180200,17177637349
demo_matriz,11154,137422180201,17177637349
demo_matriz,11155,137422180202,17177637349
demo_matriz,11156,137422180203,17177637349
demo_matriz,11157,137422180204,17177637349
demo_matriz,11158,137422180205,17177637349
demo_matriz,11159,137422180206,17177637349
demo_matriz,11160,67293548,8276517
demo_matriz,11161,137422180199,17177637348
demo_matriz,11162,137422180199,17177637348
demo_matriz,11163,137422180202,17177637349
demo_matriz,11164,137422174816,17177636676
demo_matriz,11165,137422176376,17177636871
demo_matriz,11166,137422174664,17177636657
demo_matriz,11167,67336864,8281932
demo_matriz,11168,67336824,8281927
demo_matriz,11169,137422174752,17177636668
demo_matriz,11170,137422175640,17177636779
demo_matriz,11171,137422175392,17177636748
demo_matriz,11172,137422174588,17177636647
demo_matriz,11173,67336736,8281916
demo_matriz,11174,67336720,8281914
demo_matriz,11175,67342736,8282666
demo_matriz,11176,67336888,8281935
demo_matriz,11177,137422174520,17177636639
demo_matriz,11178,137422174528,17177636640
demo_matriz,11179,137422174536,17177636641
demo_matriz,11180,137422174544,17177636642
demo_matriz,11181,137422174552,17177636643
demo_matriz,11182,137422174568,17177636645
demo_matriz,11183,137422174600,17177636649
demo_matriz,11184,137422174576,17177636646
demo_matriz,11185,67301287,8277484
demo_matriz,11186,137422174552,17177636643
demo_matriz,11187,137422174568,17177636645
demo_matriz,11188,137422174592,17177636648
demo_matriz,11189,67301287,8277484
demo_matriz,11190,67343924,8282814
demo_matriz,11191,137422174588,17177636647
demo_matriz,11192,67336865,8281932
demo_matriz,11193,67338240,8282104
demo_matriz,11194,137422174592,17177636648
demo_matriz,11195,67301287,8277484
demo_matriz,11196,137422174616,17177636651
demo_matriz,11197,137422174624,17177636652
demo_matriz,11198,137422174632,17177636653
demo_matriz,11199,137422174640,17177636654
demo_matriz,11200,137422174648,17177636655
demo_matriz,11201,137422174656,17177636656
demo_matriz,11202,137422174664,17177636657
demo_matriz,11203,137422174736,17177636666
demo_matriz,11204,137422174752,17177636668
demo_matriz,11205,137422175392,17177636748
demo_matriz,11206,67336752,8281918
demo_matriz,11207,137422174616,17177636651
demo_matriz,11208,67338240,8282104
demo_matriz,11209,67340928,8282440
demo_matriz,11210,137422174632,17177636653
demo_matriz,11211,137422174640,17177636654
demo_matriz,11212,137422174648,17177636655
demo_matriz,11213,137422174656,17177636656
demo_matriz,11214,67336744,8281917
demo_matriz,11215,137422174664,17177636657
demo_matriz,11216,67338240,8282104
demo_matriz,11217,67343824,8282802
demo_matriz,11218,67343808,8282800
demo_matriz,11219,137422174744,17177636667
demo_matriz,11220,67314816,8279176
demo_matriz,11221,67336888,8281935
demo_matriz,11222,1081408,0
demo_matriz,11223,67293628,8276527
demo_matriz,11224,1081424,2
demo_matriz,11225,1081464,7
demo_matriz,11226,67293616,8276526
demo_matriz,11227,67340992,8282448
demo_matriz,11228,67343072,8282708
demo_matriz,11229,1081480,9
demo_matriz,11230,1081520,14
demo_matriz,11231,67293608,8276525
demo_matriz,11232,1081536,16
demo_matriz,11233,67343072,8282708
demo_matriz,11234,67343984,8282822
demo_matriz,11235,67343926,8282814
demo_matriz,11236,1081560,19
demo_matriz,11237,67343992,8282823
demo_matriz,11238,1081576,21
demo_matriz,11239,67293608,8276525
demo_matriz,11240,1081592,23
demo_matriz,11241,67343072,8282708
demo_matriz,11242,67343984,8282822
demo_matriz,11243,67343926,8282814
demo_matriz,11244,1081616,26
demo_matriz,11245,67343992,8282823
demo_matriz,11246,1081632,28
demo_matriz,11247,67293608,8276525
demo_matriz,11248,1081648,30
demo_matriz,11249,67343072,8282708
demo_matriz,11250,67343984,8282822
demo_matriz,11251,67343926,8282814
demo_matriz,11252,1081672,33
demo_matriz,11253,67343992,8282823
demo_matriz,11254,1081688,35
demo_matriz,11255,67293608,8276525
demo_matriz,11256,1081704,37
demo_matriz,11257,67343072,8282708
demo_matriz,11258,67343984,8282822
demo_matriz,11259,67343926,8282814
demo_matriz,11260,1081728,40
demo_matriz,11261,67343992,8282823
demo_matriz,11262,1081744,42
demo_matriz,11263,67293612,8276525
demo_matriz,11264,67343072,8282708
demo_matriz,11265,1081760,44
demo_matriz,11266,1081748,42
demo_matriz,11267,67343926,8282814
demo_matriz,11268,1081800,49
demo_matriz,11269,67293620,8276526
demo_matriz,11270,1081856,56
demo_matriz,11271,67293620,8276526
demo_matriz,11272,1081912,63
demo_matriz,11273,1081968,70
demo_matriz,11274,1082024,77
demo_matriz,11275,1082028,77
demo_matriz,11276,1082080,84
demo_matriz,11277,1082112,88
demo_matriz,11278,1082096,86
demo_matriz,11279,137422174744,17177636667
demo_matriz,11280,1082080,84
demo_matriz,11281,1082024,77
demo_matriz,11282,1081968,70
demo_matriz,11283,1081912,63
demo_matriz,11284,1081960,69
demo_matriz,11285,1081952,68
demo_matriz,11286,67343072,8282708
demo_matriz,11287,1081928,65
demo_matriz,11288,1082168,95
demo_matriz,11289,1082176,96
demo_matriz,11290,1082180,96
demo_matriz,11291,1082172,95
demo_matriz,11292,1082184,97
demo_matriz,11293,1082188,97
demo_matriz,11294,1082192,98
demo_matriz,11295,67343930,8282815
demo_matriz,11296,1082200,99
demo_matriz,11297,1082204,99
demo_matriz,11298,1082208,100
demo_matriz,11299,67343930,8282815
demo_matriz,11300,137422174664,17177636657
demo_matriz,11301,1081856,56
demo_matriz,11302,1081872,58
demo_matriz,11303,67343072,8282708
demo_matriz,11304,1081896,61
demo_matriz,11305,67343930,8282815
demo_matriz,11306,1081800,49
demo_matriz,11307,1081816,51
demo_matriz,11308,67343072,8282708
demo_matriz,11309,1081840,54
demo_matriz,11310,67343930,8282815
demo_matriz,11311,1081744,42
demo_matriz,11312,1081688,35
demo_matriz,11313,1081632,28
demo_matriz,11314,1081576,21
demo_matriz,11315,1081520,14
demo_matriz,11316,1081464,7
demo_matriz,11317,1081408,0
demo_matriz,11318,137422174744,17177636667
demo_matriz,11319,67344192,8282848
demo_matriz,11320,137422174744,17177636667
demo_matriz,11321,67343992,8282823
demo_matriz,11322,67341032,8282453
demo_matriz,11323,67341152,8282468
demo_matriz,11324,67341830,8282552
demo_matriz,11325,67342976,8282696
demo_matriz,11326,67340976,8282446
demo_matriz,11327,67337824,8282052
demo_matriz,11328,67341080,8282459
demo_matriz,11329,67337872,8282058
demo_matriz,11330,1082136,91
demo_matriz,11331,67111873,8253808
demo_matriz,11332,1082144,92
demo_matriz,11333,67111881,8253809
demo_matriz,11334,67111873,8253808
demo_matriz,11335,1082136,91
demo_matriz,11336,137422174664,17177636657
demo_matriz,11337,67342984,8282697
demo_matriz,11338,67341828,8282552
demo_matriz,11339,137422174744,17177636667
demo_matriz,11340,67343088,8282710
demo_matriz,11341,1097080,1959
demo_matriz,11342,1097096,1961
demo_matriz,11343,1097112,1963
demo_matriz,11344,1097128,1965
demo_matriz,11345,1097144,1967
demo_matriz,11346,1097160,1969
demo_matriz,11347,1097176,1971
demo_matriz,11348,1097192,1973
demo_matriz,11349,1097208,1975
demo_matriz,11350,1097224,1977
demo_matriz,11351,1097240,1979
demo_matriz,11352,1097256,1981
demo_matriz,11353,1097272,1983
demo_matriz,11354,1097288,1985
demo_matriz,11355,1097304,1987
demo_matriz,11356,1097320,1989
demo_matriz,11357,1097336,1991
demo_matriz,11358,1097352,1993
demo_matriz,11359,1097368,1995
demo_matriz,11360,1097384,1997
demo_matriz,11361,1097400,1999
demo_matriz,11362,1097416,2001
demo_matriz,11363,1097432,2003
demo_matriz,11364,1097448,2005
demo_matriz,11365,1097464,2007
demo_matriz,11366,1097480,2009
demo_matriz,11367,1097496,2011
demo_matriz,11368,1097512,2013
demo_matriz,11369,1097528,2015
demo_matriz,11370,137422174744,17177636667
demo_matriz,11371,67343072,8282708
demo_matriz,11372,137422174744,17177636667
demo_matriz,11373,67343926,8282814
demo_matriz,11374,67343168,8282720
demo_matriz,11375,137422174744,17177636667
demo_matriz,11376,67343160,8282719
demo_matriz,11377,137422174744,17177636667
demo_matriz,11378,67343176,8282721
demo_matriz,11379,137422174744,17177636667
demo_matriz,11380,67343184,8282722
demo_matriz,11381,137422174744,17177636667
demo_matriz,11382,67343424,8282752
demo_matriz,11383,137422174744,17177636667
demo_matriz,11384,67343320,8282739
demo_matriz,11385,137422174744,17177636667
demo_matriz,11386,67343592,8282773
demo_matriz,11387,137422174744,17177636667
demo_matriz,11388,67343800,8282799
demo_matriz,11389,137422174744,17177636667
demo_matriz,11390,67343192,8282723
demo_matriz,11391,67343296,8282736
demo_matriz,11392,1097392,1998
demo_matriz,11393,1097360,1994
demo_matriz,11394,137422174744,17177636667
demo_matriz,11395,67343192,8282723
demo_matriz,11396,137422174744,17177636667
demo_matriz,11397,67343208,8282725
demo_matriz,11398,1097424,2002
demo_matriz,11399,67343424,8282752
demo_matriz,11400,137422174744,17177636667
demo_matriz,11401,67343376,8282746
demo_matriz,11402,1097440,2004
demo_matriz,11403,137422174744,17177636667
demo_matriz,11404,137422174744,17177636667
demo_matriz,11405,67343504,8282762
demo_matriz,11406,1097456,2006
demo_matriz,11407,67336864,8281932
demo_matriz,11408,137422174744,17177636667
demo_matriz,11409,67343504,8282762
demo_matriz,11410,137422174744,17177636667
demo_matriz,11411,67343368,8282745
demo_matriz,11412,137422174744,17177636667
demo_matriz,11413,67343248,8282730
demo_matriz,11414,137422174744,17177636667
demo_matriz,11415,67343800,8282799
demo_matriz,11416,1097232,1978
demo_matriz,11417,67343926,8282814
demo_matriz,11418,1082288,110
demo_matriz,11419,1082296,111
demo_matriz,11420,1082292,110
demo_matriz,11421,1082300,111
demo_matriz,11422,137422174664,17177636657
demo_matriz,11423,137422175304,17177636737
demo_matriz,11424,67337624,8282027
demo_matriz,11425,67337632,8282028
demo_matriz,11426,137422175296,17177636736
demo_matriz,11427,137422175288,17177636735
demo_matriz,11428,137422175264,17177636732
demo_matriz,11429,137422175256,17177636731
demo_matriz,11430,67337024,8281952
demo_matriz,11431,67337008,8281950
demo_matriz,11432,67337020,8281951
demo_matriz,11433,67337084,8281959
demo_matriz,11434,67337048,8281955
demo_matriz,11435,137422174360,17177636619
demo_matriz,11436,137422174464,17177636632
demo_matriz,11437,137422174312,17177636613
demo_matriz,11438,137422174320,17177636614
demo_matriz,11439,137422174328,17177636615
demo_matriz,11440,137422174336,17177636616
demo_matriz,11441,137422174344,17177636617
demo_matriz,11442,137422174352,17177636618
demo_matriz,11443,137422174360,17177636619
demo_matriz,11444,137422174444,17177636629
demo_matriz,11445,137422174432,17177636628
demo_matriz,11446,137422174464,17177636632
demo_matriz,11447,137422174472,17177636633
demo_matriz,11448,67302480,8277634
demo_matriz,11449,67302480,8277634
demo_matriz,11450,67302489,8277635
demo_matriz,11451,137422174296,17177636611
demo_matriz,11452,137422174488,17177636635
demo_matriz,11453,137422174472,17177636633
demo_matriz,11454,67302489,8277635
demo_matriz,11455,67302490,8277635
demo_matriz,11456,67302490,8277635
demo_matriz,11457,67302499,8277636
demo_matriz,11458,137422174296,17177636611
demo_matriz,11459,137422174488,17177636635
demo_matriz,11460,137422174480,17177636634
demo_matriz,11461,137422174312,17177636613
demo_matriz,11462,137422174320,17177636614
demo_matriz,11463,137422174328,17177636615
demo_matriz,11464,137422174336,17177636616
demo_matriz,11465,137422174344,17177636617
demo_matriz,11466,137422174352,17177636618
demo_matriz,11467,137422174360,17177636619
demo_matriz,11468,137422174472,17177636633
demo_matriz,11469,137422174464,17177636632
demo_matriz,11470,137422174472,17177636633
demo_matriz,11471,67302499,8277636
demo_matriz,11472,67302500,8277636
demo_matriz,11473,67302500,8277636
demo_matriz,11474,67302509,8277637
demo_matriz,11475,137422174296,17177636611
demo_matriz,11476,67302500,8277636
demo_matriz,11477,137422174296,17177636611
demo_matriz,11478,137422174488,17177636635
demo_matriz,11479,137422174480,17177636634
demo_matriz,11480,137422174312,17177636613
demo_matriz,11481,137422174320,17177636614
demo_matriz,11482,137422174328,17177636615
demo_matriz,11483,137422174336,17177636616
demo_matriz,11484,137422174344,17177636617
demo_matriz,11485,137422174352,17177636618
demo_matriz,11486,137422174360,17177636619
demo_matriz,11487,137422174472,17177636633
demo_matriz,11488,137422174464,17177636632
demo_matriz,11489,137422174472,17177636633
demo_matriz,11490,67302509,8277637
demo_matriz,11491,137422174312,17177636613
demo_matriz,11492,137422174320,17177636614
demo_matriz,11493,137422174328,17177636615
demo_matriz,11494,137422174336,17177636616
demo_matriz,11495,137422174344,17177636617
demo_matriz,11496,137422174352,17177636618
demo_matriz,11497,137422174360,17177636619
demo_matriz,11498,67336720,8281914
demo_matriz,11499,67342736,8282666
demo_matriz,11500,67342744,8282667
demo_matriz,11501,137422174328,17177636615
demo_matriz,11502,137422174336,17177636616
demo_matriz,11503,137422174344,17177636617
demo_matriz,11504,137422174352,17177636618
demo_matriz,11505,137422174360,17177636619
demo_matriz,11506,137422174456,17177636631
demo_matriz,11507,137422174464,17177636632
demo_matriz,11508,137422174336,17177636616
demo_matriz,11509,137422174344,17177636617
demo_matriz,11510,137422174352,17177636618
demo_matriz,11511,137422174360,17177636619
demo_matriz,11512,137422174444,17177636629
demo_matriz,11513,137422174432,17177636628
demo_matriz,11514,137422174464,17177636632
demo_matriz,11515,137422174472,17177636633
demo_matriz,11516,67302480,8277634
demo_matriz,11517,67302480,8277634
demo_matriz,11518,67302489,8277635
demo_matriz,11519,137422174296,17177636611
demo_matriz,11520,137422174488,17177636635
demo_matriz,11521,137422174472,17177636633
demo_matriz,11522,67302489,8277635
demo_matriz,11523,67302490,8277635
demo_matriz,11524,67302490,8277635
demo_matriz,11525,67302499,8277636
demo_matriz,11526,137422174296,17177636611
demo_matriz,11527,137422174488,17177636635
demo_matriz,11528,137422174480,17177636634
demo_matriz,11529,137422174312,17177636613
demo_matriz,11530,137422174320,17177636614
demo_matriz,11531,137422174328,17177636615
demo_matriz,11532,137422174336,17177636616
demo_matriz,11533,137422174344,17177636617
demo_matriz,11534,137422174352,17177636618
demo_matriz,11535,137422174360,17177636619
demo_matriz,11536,137422174464,17177636632
demo_matriz,11537,67342816,8282676
demo_matriz,11538,137422174472,17177636633
demo_matriz,11539,137422174464,17177636632
demo_matriz,11540,137422174472,17177636633
demo_matriz,11541,67302499,8277636
demo_matriz,11542,67302500,8277636
demo_matriz,11543,67302500,8277636
demo_matriz,11544,67302509,8277637
demo_matriz,11545,137422174296,17177636611
demo_matriz,11546,67302500,8277636
demo_matriz,11547,137422174296,17177636611
demo_matriz,11548,137422174488,17177636635
demo_matriz,11549,137422174480,17177636634
demo_matriz,11550,137422174312,17177636613
demo_matriz,11551,137422174320,17177636614
demo_matriz,11552,137422174328,17177636615
demo_matriz,11553,137422174336,17177636616
demo_matriz,11554,137422174344,17177636617
demo_matriz,11555,137422174352,17177636618
demo_matriz,11556,137422174360,17177636619
demo_matriz,11557,137422174464,17177636632
demo_matriz,11558,67342816,8282676
demo_matriz,11559,137422174472,17177636633
demo_matriz,11560,137422174464,17177636632
demo_matriz,11561,137422174472,17177636633
demo_matriz,11562,67302509,8277637
demo_matriz,11563,137422174312,17177636613
demo_matriz,11564,137422174320,17177636614
demo_matriz,11565,137422174328,17177636615
demo_matriz,11566,137422174336,17177636616
demo_matriz,11567,137422174344,17177636617
demo_matriz,11568,137422174352,17177636618
demo_matriz,11569,137422174360,17177636619
demo_matriz,11570,137422174456,17177636631
demo_matriz,11571,67342808,8282675
demo_matriz,11572,67342816,8282676
demo_matriz,11573,67344600,8282899
demo_matriz,11574,67344584,8282897
demo_matriz,11575,67344576,8282896
demo_matriz,11576,67344592,8282898
demo_matriz,11577,67302490,8277635
demo_matriz,11578,67302500,8277636
demo_matriz,11579,67302491,8277635
demo_matriz,11580,67302501,8277636
demo_matriz,11581,137422174360,17177636619
demo_matriz,11582,67344588,8282897
demo_matriz,11583,67344592,8282898
demo_matriz,11584,137422174456,17177636631
demo_matriz,11585,137422174448,17177636630
demo_matriz,11586,137422174400,17177636624
demo_matriz,11587,137422174392,17177636623
demo_matriz,11588,137422174384,17177636622
demo_matriz,11589,137422174376,17177636621
demo_matriz,11590,137422174368,17177636620
demo_matriz,11591,137422174424,17177636627
demo_matriz,11592,137422174416,17177636626
demo_matriz,11593,67336720,8281914
demo_matriz,11594,67342736,8282666
demo_matriz,11595,67342744,8282667
demo_matriz,11596,137422174328,17177636615
demo_matriz,11597,137422174336,17177636616
demo_matriz,11598,137422174344,17177636617
demo_matriz,11599,137422174352,17177636618
demo_matriz,11600,137422174360,17177636619
demo_matriz,11601,137422174424,17177636627
demo_matriz,11602,67331064,8281207
demo_matriz,11603,137422174464,17177636632
demo_matriz,11604,137422174312,17177636613
demo_matriz,11605,137422174320,17177636614
demo_matriz,11606,137422174328,17177636615
demo_matriz,11607,137422174336,17177636616
demo_matriz,11608,137422174344,17177636617
demo_matriz,11609,137422174352,17177636618
demo_matriz,11610,137422174360,17177636619
demo_matriz,11611,137422174444,17177636629
demo_matriz,11612,137422174432,17177636628
demo_matriz,11613,137422174464,17177636632
demo_matriz,11614,137422174472,17177636633
demo_matriz,11615,67302480,8277634
demo_matriz,11616,67302480,8277634
demo_matriz,11617,67302489,8277635
demo_matriz,11618,137422174296,17177636611
demo_matriz,11619,137422174488,17177636635
demo_matriz,11620,137422174472,17177636633
demo_matriz,11621,67302489,8277635
demo_matriz,11622,67302490,8277635
demo_matriz,11623,67302490,8277635
demo_matriz,11624,67302499,8277636
demo_matriz,11625,137422174296,17177636611
demo_matriz,11626,137422174488,17177636635
demo_matriz,11627,137422174480,17177636634
demo_matriz,11628,137422174312,17177636613
demo_matriz,11629,137422174320,17177636614
demo_matriz,11630,137422174328,17177636615
demo_matriz,11631,137422174336,17177636616
demo_matriz,11632,137422174344,17177636617
demo_matriz,11633,137422174352,17177636618
demo_matriz,11634,137422174360,17177636619
demo_matriz,11635,137422174472,17177636633
demo_matriz,11636,137422174464,17177636632
demo_matriz,11637,67302491,8277635
demo_matriz,11638,67302490,8277635
demo_matriz,11639,137422174360,17177636619
demo_matriz,11640,137422174472,17177636633
demo_matriz,11641,137422174464,17177636632
demo_matriz,11642,137422174472,17177636633
demo_matriz,11643,67302499,8277636
demo_matriz,11644,67302500,8277636
demo_matriz,11645,67302500,8277636
demo_matriz,11646,67302509,8277637
demo_matriz,11647,137422174296,17177636611
demo_matriz,11648,67302500,8277636
demo_matriz,11649,137422174296,17177636611
demo_matriz,11650,137422174488,17177636635
demo_matriz,11651,137422174480,17177636634
demo_matriz,11652,137422174312,17177636613
demo_matriz,11653,137422174320,17177636614
demo_matriz,11654,137422174328,17177636615
demo_matriz,11655,137422174336,17177636616
demo_matriz,11656,137422174344,17177636617
demo_matriz,11657,137422174352,17177636618
demo_matriz,11658,137422174360,17177636619
demo_matriz,11659,137422174472,17177636633
demo_matriz,11660,137422174464,17177636632
demo_matriz,11661,67302501,8277636
demo_matriz,11662,67302500,8277636
demo_matriz,11663,137422174360,17177636619
demo_matriz,11664,137422174472,17177636633
demo_matriz,11665,137422174464,17177636632
demo_matriz,11666,137422174472,17177636633
demo_matriz,11667,67302509,8277637
demo_matriz,11668,137422174312,17177636613
demo_matriz,11669,137422174320,17177636614
demo_matriz,11670,137422174328,17177636615
demo_matriz,11671,137422174336,17177636616
demo_matriz,11672,137422174344,17177636617
demo_matriz,11673,137422174352,17177636618
demo_matriz,11674,137422174360,17177636619
demo_matriz,11675,137422174408,17177636625
demo_matriz,11676,137422174456,17177636631
demo_matriz,11677,137422174448,17177636630
demo_matriz,11678,137422174504,17177636637
demo_matriz,11679,137422174512,17177636638
demo_matriz,11680,137422174520,17177636639
demo_matriz,11681,137422174528,17177636640
demo_matriz,11682,137422174536,17177636641
demo_matriz,11683,137422174544,17177636642
demo_matriz,11684,137422174552,17177636643
demo_matriz,11685,67336720,8281914
demo_matriz,11686,67342736,8282666
demo_matriz,11687,67342744,8282667
demo_matriz,11688,137422174520,17177636639
demo_matriz,11689,137422174528,17177636640
demo_matriz,11690,137422174536,17177636641
demo_matriz,11691,137422174544,17177636642
demo_matriz,11692,137422174552,17177636643
demo_matriz,11693,67331064,8281207
demo_matriz,11694,67336720,8281914
demo_matriz,11695,67342736,8282666
demo_matriz,11696,67342744,8282667
demo_matriz,11697,137422174520,17177636639
demo_matriz,11698,137422174528,17177636640
demo_matriz,11699,137422174536,17177636641
demo_matriz,11700,137422174544,17177636642
demo_matriz,11701,137422174552,17177636643
demo_matriz,11702,67331040,8281204
demo_matriz,11703,67344704,8282912
demo_matriz,11704,67331064,8281207
demo_matriz,11705,137422174600,17177636649
demo_matriz,11706,137422174552,17177636643
demo_matriz,11707,137422174584,17177636647
demo_matriz,11708,137422174592,17177636648
demo_matriz,11709,67289128,8275965
demo_matriz,11710,67289175,8275970
demo_matriz,11711,137422174600,17177636649
demo_matriz,11712,137422174552,17177636643
demo_matriz,11713,137422174584,17177636647
demo_matriz,11714,137422174592,17177636648
demo_matriz,11715,67289136,8275966
demo_matriz,11716,67289202,8275974
demo_matriz,11717,137422174600,17177636649
demo_matriz,11718,137422174552,17177636643
demo_matriz,11719,137422174584,17177636647
demo_matriz,11720,137422174592,17177636648
demo_matriz,11721,67289144,8275967
demo_matriz,11722,67289208,8275975
demo_matriz,11723,137422174600,17177636649
demo_matriz,11724,137422174552,17177636643
demo_matriz,11725,67338240,8282104
demo_matriz,11726,67343924,8282814
demo_matriz,11727,67343368,8282745
demo_matriz,11728,67343256,8282731
demo_matriz,11729,137422174576,17177636646
demo_matriz,11730,137422177373,17177636995
demo_matriz,11731,137422177373,17177636995
demo_matriz,11732,137422174552,17177636643
demo_matriz,11733,137422174576,17177636646
demo_matriz,11734,137422177380,17177636996
demo_matriz,11735,137422177373,17177636995
demo_matriz,11736,137422174520,17177636639
demo_matriz,11737,137422174528,17177636640
demo_matriz,11738,137422174529,17177636640
demo_matriz,11739,137422174530,17177636640
demo_matriz,11740,137422174531,17177636640
demo_matriz,11741,137422174532,17177636640
demo_matriz,11742,137422174533,17177636640
demo_matriz,11743,137422174534,17177636640
demo_matriz,11744,137422174535,17177636640
demo_matriz,11745,137422174536,17177636641
demo_matriz,11746,137422174537,17177636641
demo_matriz,11747,137422174538,17177636641
demo_matriz,11748,137422174539,17177636641
demo_matriz,11749,137422174540,17177636641
demo_matriz,11750,137422174541,17177636641
demo_matriz,11751,137422174542,17177636641
demo_matriz,11752,67336720,8281914
demo_matriz,11753,67342736,8282666
demo_matriz,11754,67342744,8282667
demo_matriz,11755,137422174488,17177636635
demo_matriz,11756,137422174496,17177636636
demo_matriz,11757,137422174504,17177636637
demo_matriz,11758,137422174512,17177636638
demo_matriz,11759,137422174520,17177636639
demo_matriz,11760,137422174568,17177636645
demo_matriz,11761,137422174440,17177636629
demo_matriz,11762,137422174432,17177636628
demo_matriz,11763,67297091,8276960
demo_matriz,11764,137422174456,17177636631
demo_matriz,11765,137422174528,17177636640
demo_matriz,11766,67297091,8276960
demo_matriz,11767,67297092,8276960
demo_matriz,11768,67297092,8276960
demo_matriz,11769,67297093,8276960
demo_matriz,11770,137422174529,17177636640
demo_matriz,11771,67297091,8276960
demo_matriz,11772,67297092,8276960
demo_matriz,11773,67297092,8276960
demo_matriz,11774,67297093,8276960
demo_matriz,11775,137422174530,17177636640
demo_matriz,11776,67297091,8276960
demo_matriz,11777,67297092,8276960
demo_matriz,11778,67297092,8276960
demo_matriz,11779,67297093,8276960
demo_matriz,11780,137422174531,17177636640
demo_matriz,11781,67297091,8276960
demo_matriz,11782,67297092,8276960
demo_matriz,11783,67297092,8276960
demo_matriz,11784,67297093,8276960
demo_matriz,11785,137422174532,17177636640
demo_matriz,11786,67297091,8276960
demo_matriz,11787,67297092,8276960
demo_matriz,11788,67297092,8276960
demo_matriz,11789,67297093,8276960
demo_matriz,11790,137422174533,17177636640
demo_matriz,11791,67297091,8276960
demo_matriz,11792,67297092,8276960
demo_matriz,11793,67297092,8276960
demo_matriz,11794,67297093,8276960
demo_matriz,11795,137422174534,17177636640
demo_matriz,11796,67297091,8276960
demo_matriz,11797,67297092,8276960
demo_matriz,11798,67297092,8276960
demo_matriz,11799,67297093,8276960
demo_matriz,11800,137422174535,17177636640
demo_matriz,11801,67297091,8276960
demo_matriz,11802,67297092,8276960
demo_matriz,11803,67297092,8276960
demo_matriz,11804,67297093,8276960
demo_matriz,11805,137422174536,17177636641
demo_matriz,11806,67297091,8276960
demo_matriz,11807,67297092,8276960
demo_matriz,11808,67297092,8276960
demo_matriz,11809,67297093,8276960
demo_matriz,11810,137422174537,17177636641
demo_matriz,11811,67297091,8276960
demo_matriz,11812,67297092,8276960
demo_matriz,11813,67297092,8276960
demo_matriz,11814,67297093,8276960
demo_matriz,11815,137422174538,17177636641
demo_matriz,11816,67297091,8276960
demo_matriz,11817,67297092,8276960
demo_matriz,11818,67297092,8276960
demo_matriz,11819,67297093,8276960
demo_matriz,11820,137422174539,17177636641
demo_matriz,11821,67297091,8276960
demo_matriz,11822,67297092,8276960
demo_matriz,11823,67297092,8276960
demo_matriz,11824,67297093,8276960
demo_matriz,11825,137422174540,17177636641
demo_matriz,11826,67297091,8276960
demo_matriz,11827,67297092,8276960
demo_matriz,11828,67297092,8276960
demo_matriz,11829,67297093,8276960
demo_matriz,11830,137422174541,17177636641
demo_matriz,11831,67297091,8276960
demo_matriz,11832,67297092,8276960
demo_matriz,11833,67297092,8276960
demo_matriz,11834,67297093,8276960
demo_matriz,11835,137422174542,17177636641
demo_matriz,11836,137422174392,17177636623
demo_matriz,11837,137422174528,17177636640
demo_matriz,11838,137422174416,17177636626
demo_matriz,11839,137422174528,17177636640
demo_matriz,11840,137422174542,17177636641
demo_matriz,11841,137422174328,17177636615
demo_matriz,11842,137422174344,17177636617
demo_matriz,11843,137422174352,17177636618
demo_matriz,11844,137422174360,17177636619
demo_matriz,11845,137422174368,17177636620
demo_matriz,11846,137422174376,17177636621
demo_matriz,11847,137422174384,17177636622
demo_matriz,11848,137422174528,17177636640
demo_matriz,11849,137422174360,17177636619
demo_matriz,11850,67336720,8281914
demo_matriz,11851,67342736,8282666
demo_matriz,11852,67342744,8282667
demo_matriz,11853,137422174328,17177636615
demo_matriz,11854,137422174336,17177636616
demo_matriz,11855,137422174344,17177636617
demo_matriz,11856,137422174352,17177636618
demo_matriz,11857,137422174360,17177636619
demo_matriz,11858,137422174368,17177636620
demo_matriz,11859,137422174376,17177636621
demo_matriz,11860,137422174384,17177636622
demo_matriz,11861,137422174535,17177636640
demo_matriz,11862,137422174528,17177636640
demo_matriz,11863,137422174392,17177636623
demo_matriz,11864,67345088,8282960
demo_matriz,11865,137422174392,17177636623
demo_matriz,11866,67345101,8282961
demo_matriz,11867,67340968,8282445
demo_matriz,11868,67344784,8282922
demo_matriz,11869,67344752,8282918
demo_matriz,11870,67344864,8282932
demo_matriz,11871,67344832,8282928
demo_matriz,11872,67344944,8282942
demo_matriz,11873,67344912,8282938
demo_matriz,11874,67345024,8282952
demo_matriz,11875,67344992,8282948
demo_matriz,11876,137422174408,17177636625
demo_matriz,11877,67331064,8281207
demo_matriz,11878,137422174424,17177636627
demo_matriz,11879,67336720,8281914
demo_matriz,11880,67342736,8282666
demo_matriz,11881,67342744,8282667
demo_matriz,11882,137422174360,17177636619
demo_matriz,11883,137422174368,17177636620
demo_matriz,11884,137422174376,17177636621
demo_matriz,11885,137422174384,17177636622
demo_matriz,11886,137422174392,17177636623
demo_matriz,11887,67331064,8281207
demo_matriz,11888,67345095,8282960
demo_matriz,11889,67345088,8282960
demo_matriz,11890,137422174392,17177636623
demo_matriz,11891,67342720,8282664
demo_matriz,11892,67331064,8281207
demo_matriz,11893,67345088,8282960
demo_matriz,11894,137422174400,17177636624
demo_matriz,11895,137422174408,17177636625
demo_matriz,11896,67340968,8282445
demo_matriz,11897,137422174448,17177636630
demo_matriz,11898,67336728,8281915
demo_matriz,11899,67342728,8282665
demo_matriz,11900,137422174392,17177636623
demo_matriz,11901,137422174440,17177636629
demo_matriz,11902,137422174432,17177636628
demo_matriz,11903,67297091,8276960
demo_matriz,11904,137422174456,17177636631
demo_matriz,11905,137422174392,17177636623
demo_matriz,11906,137422174472,17177636633
demo_matriz,11907,137422174480,17177636634
demo_matriz,11908,137422174488,17177636635
demo_matriz,11909,137422174496,17177636636
demo_matriz,11910,137422174504,17177636637
demo_matriz,11911,137422174512,17177636638
demo_matriz,11912,137422174520,17177636639
demo_matriz,11913,67331088,8281210
demo_matriz,11914,67345072,8282958
demo_matriz,11915,137422174616,17177636651
demo_matriz,11916,137422174624,17177636652
demo_matriz,11917,137422174632,17177636653
demo_matriz,11918,137422174640,17177636654
demo_matriz,11919,137422174648,17177636655
demo_matriz,11920,137422174656,17177636656
demo_matriz,11921,137422174664,17177636657
demo_matriz,11922,67340976,8282446
demo_matriz,11923,67342632,8282653
demo_matriz,11924,67342648,8282655
demo_matriz,11925,67342640,8282654
demo_matriz,11926,67342664,8282657
demo_matriz,11927,67342640,8282654
demo_matriz,11928,67338240,8282104
demo_matriz,11929,137422174664,17177636657
demo_matriz,11930,67340984,8282447
demo_matriz,11931,67341032,8282453
demo_matriz,11932,67342976,8282696
demo_matriz,11933,67341828,8282552
demo_matriz,11934,137422174720,17177636664
demo_matriz,11935,137422174744,17177636667
demo_matriz,11936,67108916,8253438
demo_matriz,11937,67108918,8253438
demo_matriz,11938,67108920,8253439
demo_matriz,11939,67108896,8253436
demo_matriz,11940,67109488,8253510
demo_matriz,11941,67109520,8253514
demo_matriz,11942,67342112,8282588
demo_matriz,11943,67109504,8253512
demo_matriz,11944,137422174744,17177636667
demo_matriz,11945,67343176,8282721
demo_matriz,11946,67343744,8282792
demo_matriz,11947,1097248,1980
demo_matriz,11948,67343926,8282814
demo_matriz,11949,67343752,8282793
demo_matriz,11950,137422175304,17177636737
demo_matriz,11951,137422174976,17177636696
demo_matriz,11952,67342452,8282630
demo_matriz,11953,67342456,8282631
demo_matriz,11954,137422174664,17177636657
demo_matriz,11955,137422174744,17177636667
demo_matriz,11956,67343304,8282737
demo_matriz,11957,137422174664,17177636657
demo_matriz,11958,137422174744,17177636667
demo_matriz,11959,67337808,8282050
demo_matriz,11960,67337800,8282049
demo_matriz,11961,137422174624,17177636652
demo_matriz,11962,137422174632,17177636653
demo_matriz,11963,137422174640,17177636654
demo_matriz,11964,137422174648,17177636655
demo_matriz,11965,137422174656,17177636656
demo_matriz,11966,137422174664,17177636657
demo_matriz,11967,137422174712,17177636663
demo_matriz,11968,67341000,8282449
demo_matriz,11969,137422175272,17177636733
demo_matriz,11970,137422174744,17177636667
demo_matriz,11971,137422175272,17177636733
demo_matriz,11972,137422180207,17177637349
demo_matriz,11973,67300503,8277386
demo_matriz,11974,67300504,8277387
demo_matriz,11975,67300503,8277386
demo_matriz,11976,67300504,8277387
demo_matriz,11977,67300505,8277387
demo_matriz,11978,137422180207,17177637349
demo_matriz,11979,137422170191,17177636097
demo_matriz,11980,137422180208,17177637350
demo_matriz,11981,137422170261,17177636106
demo_matriz,11982,137422180209,17177637350
demo_matriz,11983,137422170259,17177636106
demo_matriz,11984,137422180210,17177637350
demo_matriz,11985,137422170258,17177636106
demo_matriz,11986,137422180208,17177637350
demo_matriz,11987,137422170261,17177636106
demo_matriz,11988,137422180210,17177637350
demo_matriz,11989,137422170258,17177636106
demo_matriz,11990,137422180209,17177637350
demo_matriz,11991,137422170259,17177636106
demo_matriz,11992,137422180211,17177637350
demo_matriz,11993,137422170191,17177636097
demo_matriz,11994,137422180212,17177637350
demo_matriz,11995,137422170252,17177636105
demo_matriz,11996,137422180214,17177637350
demo_matriz,11997,137422170242,17177636104
demo_matriz,11998,137422180213,17177637350
demo_matriz,11999,137422170249,17177636105
demo_matriz,12000,137422180215,17177637350
demo_matriz,12001,137422170245,17177636104
demo_matriz,12002,137422180216,17177637351
demo_matriz,12003,137422170264,17177636107
demo_matriz,12004,137422180218,17177637351
demo_matriz,12005,137422170243,17177636104
demo_matriz,12006,137422180217,17177637351
demo_matriz,12007,137422170245,17177636104
demo_matriz,12008,137422180219,17177637351
demo_matriz,12009,137422170191,17177636097
demo_matriz,12010,137422180220,17177637351
demo_matriz,12011,137422170262,17177636106
demo_matriz,12012,137422180222,17177637351
demo_matriz,12013,137422170252,17177636105
demo_matriz,12014,137422180221,17177637351
demo_matriz,12015,137422170241,17177636104
demo_matriz,12016,137422180223,17177637351
demo_matriz,12017,137422170247,17177636104
demo_matriz,12018,137422180224,17177637352
demo_matriz,12019,137422170258,17177636106
demo_matriz,12020,137422180226,17177637352
demo_matriz,12021,137422170254,17177636105
demo_matriz,12022,137422180225,17177637352
demo_matriz,12023,137422170249,17177636105
demo_matriz,12024,137422180227,17177637352
demo_matriz,12025,137422170244,17177636104
demo_matriz,12026,137422180228,17177637352
demo_matriz,12027,137422170191,17177636097
demo_matriz,12028,137422180230,17177637352
demo_matriz,12029,137422170247,17177636104
demo_matriz,12030,137422180229,17177637352
demo_matriz,12031,137422170262,17177636106
demo_matriz,12032,137422180231,17177637352
demo_matriz,12033,137422170256,17177636106
demo_matriz,12034,137422180232,17177637353
demo_matriz,12035,137422170258,17177636106
demo_matriz,12036,137422180234,17177637353
demo_matriz,12037,137422170252,17177636105
demo_matriz,12038,137422180233,17177637353
demo_matriz,12039,137422170245,17177636104
demo_matriz,12040,137422180235,17177637353
demo_matriz,12041,137422170255,17177636105
demo_matriz,12042,137422180236,17177637353
demo_matriz,12043,137422170241,17177636104
demo_matriz,12044,137422180238,17177637353
demo_matriz,12045,137422170239,17177636103
demo_matriz,12046,137422180237,17177637353
demo_matriz,12047,137422170244,17177636104
demo_matriz,12048,137422180239,17177637353
demo_matriz,12049,137422170243,17177636104
demo_matriz,12050,137422180240,17177637354
demo_matriz,12051,137422170255,17177636105
demo_matriz,12052,137422180242,17177637354
demo_matriz,12053,137422170245,17177636104
demo_matriz,12054,137422180241,17177637354
demo_matriz,12055,137422170258,17177636106
demo_matriz,12056,137422180243,17177637354
demo_matriz,12057,137422170189,17177636097
demo_matriz,12058,137422180244,17177637354
demo_matriz,12059,137422170241,17177636104
demo_matriz,12060,137422180246,17177637354
demo_matriz,12061,137422170244,17177636104
demo_matriz,12062,137422180245,17177637354
demo_matriz,12063,137422170253,17177636105
demo_matriz,12064,137422180247,17177637354
demo_matriz,12065,137422170198,17177636098
demo_matriz,12066,137422180248,17177637355
demo_matriz,12067,137422170196,17177636098
demo_matriz,12068,137422180250,17177637355
demo_matriz,12069,137422170252,17177636105
demo_matriz,12070,137422180249,17177637355
demo_matriz,12071,137422170189,17177636097
demo_matriz,12072,137422180251,17177637355
demo_matriz,12073,137422170249,17177636105
demo_matriz,12074,137422180252,17177637355
demo_matriz,12075,137422170254,17177636105
demo_matriz,12076,137422180254,17177637355
demo_matriz,12077,137422170264,17177636107
demo_matriz,12078,137422180253,17177637355
demo_matriz,12079,137422170261,17177636106
demo_matriz,12080,137422180255,17177637355
demo_matriz,12081,137422170190,17177636097
demo_matriz,12082,137422180256,17177637356
demo_matriz,12083,137422170259,17177636106
demo_matriz,12084,137422180258,17177637356
demo_matriz,12085,137422170144,17177636092
demo_matriz,12086,137422180257,17177637356
demo_matriz,12087,137422170255,17177636105
demo_matriz,12088,137422180259,17177637356
demo_matriz,12089,137422170300,17177636111
demo_matriz,12090,137422170408,17177636125
demo_matriz,12091,137422170416,17177636126
demo_matriz,12092,137422170424,17177636127
demo_matriz,12093,137422180207,17177637349
demo_matriz,12094,137422180223,17177637351
demo_matriz,12095,137422180242,17177637354
demo_matriz,12096,137422180226,17177637352
demo_matriz,12097,137422170424,17177636127
demo_matriz,12098,67336776,8281921
demo_matriz,12099,137422180258,17177637356
demo_matriz,12100,137422170512,17177636138
demo_matriz,12101,137422170440,17177636129
demo_matriz,12102,67338248,8282105
demo_matriz,12103,67342896,8282686
demo_matriz,12104,67342616,8282651
demo_matriz,12105,67336816,8281926
demo_matriz,12106,67336816,8281926
demo_matriz,12107,137422170040,17177636079
demo_matriz,12108,67336816,8281926
demo_matriz,12109,137422170040,17177636079
demo_matriz,12110,137422170064,17177636082
demo_matriz,12111,137422170056,17177636081
demo_matriz,12112,137422170496,17177636136
demo_matriz,12113,137422170480,17177636134
demo_matriz,12114,137422170488,17177636135
demo_matriz,12115,67340800,8282424
demo_matriz,12116,67338240,8282104
demo_matriz,12117,67343925,8282814
demo_matriz,12118,67343926,8282814
demo_matriz,12119,67343080,8282709
demo_matriz,12120,67294548,8276642
demo_matriz,12121,137422170512,17177636138
demo_matriz,12122,67344560,8282894
demo_matriz,12123,67344568,8282895
demo_matriz,12124,137422170512,17177636138
demo_matriz,12125,137422168952,17177635943
demo_matriz,12126,67343128,8282715
demo_matriz,12127,67344544,8282892
demo_matriz,12128,67294548,8276642
demo_matriz,12129,137422170512,17177636138
demo_matriz,12130,67344560,8282894
demo_matriz,12131,67344568,8282895
demo_matriz,12132,137422170512,17177636138
demo_matriz,12133,137422168952,17177635943
demo_matriz,12134,67344552,8282893
demo_matriz,12135,137422168960,17177635944
demo_matriz,12136,137422168968,17177635945
demo_matriz,12137,137422168976,17177635946
demo_matriz,12138,137422168984,17177635947
demo_matriz,12139,67343925,8282814
demo_matriz,12140,67343248,8282730
demo_matriz,12141,67343096,8282711
demo_matriz,12142,67341829,8282552
demo_matriz,12143,67341830,8282552
demo_matriz,12144,67340984,8282447
demo_matriz,12145,137422170512,17177636138
demo_matriz,12146,1082136,91
demo_matriz,12147,137422170520,17177636139
demo_matriz,12148,1082144,92
demo_matriz,12149,1082137,91
demo_matriz,12150,137422170513,17177636138
demo_matriz,12151,137422168952,17177635943
demo_matriz,12152,67341032,8282453
demo_matriz,12153,67342976,8282696
demo_matriz,12154,137422170512,17177636138
demo_matriz,12155,1082136,91
demo_matriz,12156,137422170520,17177636139
demo_matriz,12157,1082144,92
demo_matriz,12158,1082137,91
demo_matriz,12159,137422170513,17177636138
demo_matriz,12160,137422168952,17177635943
demo_matriz,12161,67342984,8282697
demo_matriz,12162,67342912,8282688
demo_matriz,12163,137422170512,17177636138
demo_matriz,12164,67111873,8253808
demo_matriz,12165,137422170520,17177636139
demo_matriz,12166,67111881,8253809
demo_matriz,12167,67111873,8253808
demo_matriz,12168,137422170512,17177636138
demo_matriz,12169,137422168952,17177635943
demo_matriz,12170,67342920,8282689
demo_matriz,12171,137422168960,17177635944
demo_matriz,12172,137422168968,17177635945
demo_matriz,12173,137422168976,17177635946
demo_matriz,12174,137422168984,17177635947
demo_matriz,12175,67341829,8282552
demo_matriz,12176,67341152,8282468
demo_matriz,12177,67337824,8282052
demo_matriz,12178,67341080,8282459
demo_matriz,12179,67337872,8282058
demo_matriz,12180,67341830,8282552
demo_matriz,12181,137422170512,17177636138
demo_matriz,12182,67111873,8253808
demo_matriz,12183,137422170520,17177636139
demo_matriz,12184,67111881,8253809
demo_matriz,12185,67111873,8253808
demo_matriz,12186,137422170512,17177636138
demo_matriz,12187,137422168984,17177635947
demo_matriz,12188,67341000,8282449
demo_matriz,12189,137422169056,17177635956
demo_matriz,12190,137422169068,17177635957
demo_matriz,12191,67336864,8281932
demo_matriz,12192,67337808,8282050
demo_matriz,12193,137422170512,17177636138
demo_matriz,12194,137422170512,17177636138
demo_matriz,12195,137422168984,17177635947
demo_matriz,12196,137422170512,17177636138
demo_matriz,12197,137422170528,17177636140
demo_matriz,12198,137422170544,17177636142
demo_matriz,12199,137422170560,17177636144
demo_matriz,12200,137422170563,17177636144
demo_matriz,12201,137422168920,17177635939
demo_matriz,12202,137422168936,17177635941
demo_matriz,12203,137422168944,17177635942
demo_matriz,12204,137422168952,17177635943
demo_matriz,12205,137422168960,17177635944
demo_matriz,12206,137422168968,17177635945
demo_matriz,12207,137422168976,17177635946
demo_matriz,12208,137422170512,17177636138
demo_matriz,12209,137422170528,17177636140
demo_matriz,12210,137422170544,17177636142
demo_matriz,12211,137422170560,17177636144
demo_matriz,12212,137422168952,17177635943
demo_matriz,12213,67336720,8281914
demo_matriz,12214,67342736,8282666
demo_matriz,12215,67342744,8282667
demo_matriz,12216,137422168920,17177635939
demo_matriz,12217,137422168928,17177635940
demo_matriz,12218,137422168936,17177635941
demo_matriz,12219,137422168944,17177635942
demo_matriz,12220,137422168952,17177635943
demo_matriz,12221,137422168960,17177635944
demo_matriz,12222,137422168968,17177635945
demo_matriz,12223,137422168976,17177635946
demo_matriz,12224,137422170512,17177636138
demo_matriz,12225,137422170528,17177636140
demo_matriz,12226,137422170548,17177636142
demo_matriz,12227,137422170532,17177636140
demo_matriz,12228,137422168984,17177635947
demo_matriz,12229,67337808,8282050
demo_matriz,12230,137422168896,17177635936
demo_matriz,12231,137422168904,17177635937
demo_matriz,12232,137422168904,17177635937
demo_matriz,12233,137422169104,17177635962
demo_matriz,12234,137422169112,17177635963
demo_matriz,12235,137422169120,17177635964
demo_matriz,12236,137422169121,17177635964
demo_matriz,12237,137422169124,17177635964
demo_matriz,12238,137422169132,17177635965
demo_matriz,12239,137422169130,17177635965
demo_matriz,12240,137422169128,17177635965
demo_matriz,12241,137422169166,17177635969
demo_matriz,12242,137422169168,17177635970
demo_matriz,12243,137422169144,17177635967
demo_matriz,12244,137422168936,17177635941
demo_matriz,12245,137422168944,17177635942
demo_matriz,12246,137422168952,17177635943
demo_matriz,12247,137422168960,17177635944
demo_matriz,12248,137422168968,17177635945
demo_matriz,12249,137422168976,17177635946
demo_matriz,12250,137422168984,17177635947
demo_matriz,12251,137422169040,17177635954
demo_matriz,12252,137422169056,17177635956
demo_matriz,12253,67336768,8281920
demo_matriz,12254,137422169032,17177635953
demo_matriz,12255,137422169068,17177635957
demo_matriz,12256,137422169064,17177635957
demo_matriz,12257,137422168968,17177635945
demo_matriz,12258,137422168600,17177635899
demo_matriz,12259,137422168984,17177635947
demo_matriz,12260,137422168752,17177635918
demo_matriz,12261,137422168760,17177635919
demo_matriz,12262,137422168752,17177635918
demo_matriz,12263,67338240,8282104
demo_matriz,12264,67343926,8282814
demo_matriz,12265,67344064,8282832
demo_matriz,12266,67343096,8282711
demo_matriz,12267,67341830,8282552
demo_matriz,12268,67341968,8282570
demo_matriz,12269,67341000,8282449
demo_matriz,12270,137422168984,17177635947
demo_matriz,12271,137422168968,17177635945
demo_matriz,12272,67336864,8281932
demo_matriz,12273,137422168984,17177635947
demo_matriz,12274,137422168968,17177635945
demo_matriz,12275,137422168960,17177635944
demo_matriz,12276,137422168704,17177635912
demo_matriz,12277,137422168696,17177635911
demo_matriz,12278,67337808,8282050
demo_matriz,12279,137422170512,17177636138
demo_matriz,12280,137422170528,17177636140
demo_matriz,12281,137422170544,17177636142
demo_matriz,12282,137422170560,17177636144
demo_matriz,12283,137422168488,17177635885
demo_matriz,12284,67336736,8281916
demo_matriz,12285,67336720,8281914
demo_matriz,12286,67342736,8282666
demo_matriz,12287,67342744,8282667
demo_matriz,12288,67336888,8281935
demo_matriz,12289,137422168416,17177635876
demo_matriz,12290,137422168424,17177635877
demo_matriz,12291,137422168432,17177635878
demo_matriz,12292,137422168440,17177635879
demo_matriz,12293,67342592,8282648
demo_matriz,12294,67333632,8281528
demo_matriz,12295,67333672,8281533
demo_matriz,12296,67333688,8281535
demo_matriz,12297,137422168376,17177635871
demo_matriz,12298,137422168396,17177635873
demo_matriz,12299,137422168408,17177635875
demo_matriz,12300,137422168416,17177635876
demo_matriz,12301,137422168424,17177635877
demo_matriz,12302,137422168432,17177635878
demo_matriz,12303,137422168440,17177635879
demo_matriz,12304,67342736,8282666
demo_matriz,12305,137422168456,17177635881
demo_matriz,12306,137422168464,17177635882
demo_matriz,12307,137422168472,17177635883
demo_matriz,12308,137422168480,17177635884
demo_matriz,12309,137422168488,17177635885
demo_matriz,12310,137422168504,17177635887
demo_matriz,12311,137422168536,17177635891
demo_matriz,12312,137422168512,17177635888
demo_matriz,12313,137422170512,17177636138
demo_matriz,12314,137422170528,17177636140
demo_matriz,12315,137422170548,17177636142
demo_matriz,12316,137422170532,17177636140
demo_matriz,12317,137422168488,17177635885
demo_matriz,12318,137422168504,17177635887
demo_matriz,12319,137422168528,17177635890
demo_matriz,12320,67345184,8282972
demo_matriz,12321,137422168520,17177635889
demo_matriz,12322,75735892,9331810
demo_matriz,12323,137422168524,17177635889
demo_matriz,12324,67336865,8281932
demo_matriz,12325,67338240,8282104
demo_matriz,12326,67343864,8282807
demo_matriz,12327,75735968,9331820
demo_matriz,12328,137422168528,17177635890
demo_matriz,12329,67345184,8282972
demo_matriz,12330,67345184,8282972
demo_matriz,12331,67345200,8282974
demo_matriz,12332,67345216,8282976
demo_matriz,12333,67345232,8282978
demo_matriz,12334,137422168488,17177635885
demo_matriz,12335,67336720,8281914
demo_matriz,12336,67342736,8282666
demo_matriz,12337,67342744,8282667
demo_matriz,12338,137422168456,17177635881
demo_matriz,12339,137422168464,17177635882
demo_matriz,12340,137422168472,17177635883
demo_matriz,12341,137422168480,17177635884
demo_matriz,12342,137422168488,17177635885
demo_matriz,12343,137422168536,17177635891
demo_matriz,12344,137422168528,17177635890
demo_matriz,12345,67345184,8282972
demo_matriz,12346,67345200,8282974
demo_matriz,12347,67345220,8282976
demo_matriz,12348,67345204,8282974
demo_matriz,12349,137422168488,17177635885
demo_matriz,12350,75736387,9331872
demo_matriz,12351,75736386,9331872
demo_matriz,12352,75736385,9331872
demo_matriz,12353,75736384,9331872
demo_matriz,12354,75736383,9331871
demo_matriz,12355,75736382,9331871
demo_matriz,12356,75736381,9331871
demo_matriz,12357,75736380,9331871
demo_matriz,12358,75736379,9331871
demo_matriz,12359,75736378,9331871
demo_matriz,12360,75736377,9331871
demo_matriz,12361,75736376,9331871
demo_matriz,12362,75736375,9331870
demo_matriz,12363,75736374,9331870
demo_matriz,12364,75736373,9331870
demo_matriz,12365,75736372,9331870
demo_matriz,12366,75736371,9331870
demo_matriz,12367,75736370,9331870
demo_matriz,12368,75736369,9331870
demo_matriz,12369,75736368,9331870
demo_matriz,12370,75736367,9331869
demo_matriz,12371,75736366,9331869
demo_matriz,12372,75736365,9331869
demo_matriz,12373,75736364,9331869
demo_matriz,12374,75736363,9331869
demo_matriz,12375,75736362,9331869
demo_matriz,12376,75736361,9331869
demo_matriz,12377,75736360,9331869
demo_matriz,12378,75736359,9331868
demo_matriz,12379,75736358,9331868
demo_matriz,12380,75736357,9331868
demo_matriz,12381,137422168552,17177635893
demo_matriz,12382,137422168560,17177635894
demo_matriz,12383,137422168568,17177635895
demo_matriz,12384,137422168576,17177635896
demo_matriz,12385,137422168584,17177635897
demo_matriz,12386,137422168592,17177635898
demo_matriz,12387,137422168600,17177635899
demo_matriz,12388,137422169136,17177635966
demo_matriz,12389,137422169144,17177635967
demo_matriz,12390,137422169128,17177635965
demo_matriz,12391,137422169168,17177635970
demo_matriz,12392,137422169104,17177635962
demo_matriz,12393,75735792,9331798
demo_matriz,12394,137422168664,17177635907
demo_matriz,12395,67336888,8281935
demo_matriz,12396,137422168664,17177635907
demo_matriz,12397,137422169176,17177635971
demo_matriz,12398,137422169192,17177635973
demo_matriz,12399,137422169184,17177635972
demo_matriz,12400,137422168688,17177635910
demo_matriz,12401,137422168728,17177635915
demo_matriz,12402,137422169208,17177635975
demo_matriz,12403,137422169216,17177635976
demo_matriz,12404,137422169224,17177635977
demo_matriz,12405,137422169180,17177635971
demo_matriz,12406,137422168728,17177635915
demo_matriz,12407,137422169232,17177635978
demo_matriz,12408,137422169248,17177635980
demo_matriz,12409,137422169240,17177635979
demo_matriz,12410,137422168688,17177635910
demo_matriz,12411,137422168728,17177635915
demo_matriz,12412,137422169264,17177635982
demo_matriz,12413,137422169272,17177635983
demo_matriz,12414,137422169280,17177635984
demo_matriz,12415,137422167992,17177635823
demo_matriz,12416,137422168712,17177635913
demo_matriz,12417,137422169236,17177635978
demo_matriz,12418,137422168728,17177635915
demo_matriz,12419,137422169288,17177635985
demo_matriz,12420,137422169304,17177635987
demo_matriz,12421,137422169296,17177635986
demo_matriz,12422,137422168688,17177635910
demo_matriz,12423,137422168728,17177635915
demo_matriz,12424,137422169320,17177635989
demo_matriz,12425,137422169328,17177635990
demo_matriz,12426,137422169336,17177635991
demo_matriz,12427,137422168048,17177635830
demo_matriz,12428,137422168712,17177635913
demo_matriz,12429,137422169292,17177635985
demo_matriz,12430,137422168728,17177635915
demo_matriz,12431,137422169344,17177635992
demo_matriz,12432,137422169360,17177635994
demo_matriz,12433,137422169352,17177635993
demo_matriz,12434,137422168688,17177635910
demo_matriz,12435,137422168728,17177635915
demo_matriz,12436,137422169376,17177635996
demo_matriz,12437,137422169384,17177635997
demo_matriz,12438,137422169392,17177635998
demo_matriz,12439,137422168104,17177635837
demo_matriz,12440,137422168712,17177635913
demo_matriz,12441,137422169348,17177635992
demo_matriz,12442,137422168728,17177635915
demo_matriz,12443,137422169400,17177635999
demo_matriz,12444,137422169432,17177636003
demo_matriz,12445,137422169416,17177636001
demo_matriz,12446,75735894,9331810
demo_matriz,12447,137422169440,17177636004
demo_matriz,12448,137422169404,17177635999
demo_matriz,12449,137422169456,17177636006
demo_matriz,12450,137422169512,17177636013
demo_matriz,12451,137422169568,17177636020
demo_matriz,12452,137422169624,17177636027
demo_matriz,12453,137422169680,17177636034
demo_matriz,12454,137422169684,17177636034
demo_matriz,12455,137422169736,17177636041
demo_matriz,12456,137422169768,17177636045
demo_matriz,12457,137422169752,17177636043
demo_matriz,12458,137422168644,17177635904
demo_matriz,12459,137422168632,17177635903
demo_matriz,12460,137422168624,17177635902
demo_matriz,12461,137422168616,17177635901
demo_matriz,12462,137422168728,17177635915
demo_matriz,12463,75735056,9331706
demo_matriz,12464,137422168680,17177635909
demo_matriz,12465,137422168728,17177635915
demo_matriz,12466,137422167984,17177635822
demo_matriz,12467,137422168016,17177635826
demo_matriz,12468,137422168176,17177635846
demo_matriz,12469,137422168032,17177635828
demo_matriz,12470,137422168724,17177635914
demo_matriz,12471,137422168024,17177635827
demo_matriz,12472,67337317,8281988
demo_matriz,12473,137422167952,17177635818
demo_matriz,12474,137422167960,17177635819
demo_matriz,12475,137422167968,17177635820
demo_matriz,12476,137422167976,17177635821
demo_matriz,12477,137422168680,17177635909
demo_matriz,12478,137422168688,17177635910
demo_matriz,12479,137422168712,17177635913
demo_matriz,12480,137422168728,17177635915
demo_matriz,12481,75735776,9331796
demo_matriz,12482,137422168024,17177635827
demo_matriz,12483,137422169144,17177635967
demo_matriz,12484,137422169168,17177635970
demo_matriz,12485,137422167992,17177635823
demo_matriz,12486,137422168008,17177635825
demo_matriz,12487,137422168000,17177635824
demo_matriz,12488,137422168728,17177635915
demo_matriz,12489,137422168048,17177635830
demo_matriz,12490,137422168040,17177635829
demo_matriz,12491,75735040,9331704
demo_matriz,12492,137422168088,17177635835
demo_matriz,12493,137422168080,17177635834
demo_matriz,12494,137422168724,17177635914
demo_matriz,12495,137422167952,17177635818
demo_matriz,12496,137422167960,17177635819
demo_matriz,12497,137422167968,17177635820
demo_matriz,12498,137422167976,17177635821
demo_matriz,12499,75735776,9331796
demo_matriz,12500,137422168064,17177635832
demo_matriz,12501,137422168056,17177635831
demo_matriz,12502,137422168728,17177635915
demo_matriz,12503,137422168104,17177635837
demo_matriz,12504,137422168096,17177635836
demo_matriz,12505,75735040,9331704
demo_matriz,12506,137422168144,17177635842
demo_matriz,12507,137422168136,17177635841
demo_matriz,12508,137422168724,17177635914
demo_matriz,12509,137422167952,17177635818
demo_matriz,12510,137422167960,17177635819
demo_matriz,12511,137422167968,17177635820
demo_matriz,12512,137422167976,17177635821
demo_matriz,12513,75735776,9331796
demo_matriz,12514,137422168120,17177635839
demo_matriz,12515,137422168112,17177635838
demo_matriz,12516,137422168728,17177635915
demo_matriz,12517,137422168160,17177635844
demo_matriz,12518,137422168152,17177635843
demo_matriz,12519,75735040,9331704
demo_matriz,12520,137422168200,17177635849
demo_matriz,12521,137422168192,17177635848
demo_matriz,12522,137422168724,17177635914
demo_matriz,12523,137422167952,17177635818
demo_matriz,12524,137422167960,17177635819
demo_matriz,12525,137422167968,17177635820
demo_matriz,12526,137422167976,17177635821
demo_matriz,12527,75735776,9331796
demo_matriz,12528,137422168176,17177635846
demo_matriz,12529,137422168168,17177635845
demo_matriz,12530,75735040,9331704
demo_matriz,12531,67336888,8281935
demo_matriz,12532,137422168200,17177635849
demo_matriz,12533,137422167976,17177635821
demo_matriz,12534,137422168712,17177635913
demo_matriz,12535,137422168728,17177635915
demo_matriz,12536,75735056,9331706
demo_matriz,12537,137422168648,17177635905
demo_matriz,12538,75735040,9331704
demo_matriz,12539,75759192,9334723
demo_matriz,12540,75759208,9334725
demo_matriz,12541,75759224,9334727
demo_matriz,12542,75759240,9334729
demo_matriz,12543,75759256,9334731
demo_matriz,12544,75759272,9334733
demo_matriz,12545,75759288,9334735
demo_matriz,12546,75759304,9334737
demo_matriz,12547,75759320,9334739
demo_matriz,12548,75759336,9334741
demo_matriz,12549,75759352,9334743
demo_matriz,12550,75759368,9334745
demo_matriz,12551,75759384,9334747
demo_matriz,12552,75759400,9334749
demo_matriz,12553,75759416,9334751
demo_matriz,12554,75759432,9334753
demo_matriz,12555,75759448,9334755
demo_matriz,12556,75759464,9334757
demo_matriz,12557,75735894,9331810
demo_matriz,12558,75735136,9331716
demo_matriz,12559,75735128,9331715
demo_matriz,12560,75735144,9331717
demo_matriz,12561,75735152,9331718
demo_matriz,12562,75735392,9331748
demo_matriz,12563,75735288,9331735
demo_matriz,12564,75735560,9331769
demo_matriz,12565,75735768,9331795
demo_matriz,12566,75735160,9331719
demo_matriz,12567,75735264,9331732
demo_matriz,12568,75759392,9334748
demo_matriz,12569,75735176,9331721
demo_matriz,12570,75759424,9334752
demo_matriz,12571,75735392,9331748
demo_matriz,12572,75735344,9331742
demo_matriz,12573,75735472,9331758
demo_matriz,12574,75759440,9334754
demo_matriz,12575,67336864,8281932
demo_matriz,12576,75735336,9331741
demo_matriz,12577,75735776,9331796
demo_matriz,12578,75735040,9331704
demo_matriz,12579,67342448,8282630
demo_matriz,12580,137422168720,17177635914
demo_matriz,12581,75736160,9331844
demo_matriz,12582,75735792,9331798
demo_matriz,12583,137422168724,17177635914
demo_matriz,12584,75743856,9332806
demo_matriz,12585,75743800,9332799
demo_matriz,12586,75743744,9332792
demo_matriz,12587,75743688,9332785
demo_matriz,12588,75743736,9332791
demo_matriz,12589,75743728,9332790
demo_matriz,12590,75735040,9331704
demo_matriz,12591,75743704,9332787
demo_matriz,12592,75743912,9332813
demo_matriz,12593,75743920,9332814
demo_matriz,12594,75743924,9332814
demo_matriz,12595,75743916,9332813
demo_matriz,12596,75743928,9332815
demo_matriz,12597,75743932,9332815
demo_matriz,12598,75743936,9332816
demo_matriz,12599,75735898,9331811
demo_matriz,12600,137422168600,17177635899
demo_matriz,12601,75735776,9331796
demo_matriz,12602,75743632,9332778
demo_matriz,12603,75735898,9331811
demo_matriz,12604,75743576,9332771
demo_matriz,12605,75735898,9331811
demo_matriz,12606,75743520,9332764
demo_matriz,12607,75743464,9332757
demo_matriz,12608,75743408,9332750
demo_matriz,12609,75743352,9332743
demo_matriz,12610,75743296,9332736
demo_matriz,12611,137422168724,17177635914
demo_matriz,12612,137422168600,17177635899
demo_matriz,12613,137422168644,17177635904
demo_matriz,12614,75735784,9331797
demo_matriz,12615,75735040,9331704
demo_matriz,12616,67336864,8281932
demo_matriz,12617,75735768,9331795
demo_matriz,12618,75759296,9334736
demo_matriz,12619,75735894,9331810
demo_matriz,12620,75743984,9332822
demo_matriz,12621,75743992,9332823
demo_matriz,12622,75743988,9332822
demo_matriz,12623,75743996,9332823
demo_matriz,12624,137422168600,17177635899
demo_matriz,12625,137422168968,17177635945
demo_matriz,12626,75735232,9331728
demo_matriz,12627,75736092,9331835
demo_matriz,12628,137422168736,17177635916
demo_matriz,12629,137422168656,17177635906
demo_matriz,12630,67337600,8282024
demo_matriz,12631,137422168984,17177635947
demo_matriz,12632,137422168984,17177635947
demo_matriz,12633,67338272,8282108
demo_matriz,12634,75735216,9331726
demo_matriz,12635,75736176,9331846
demo_matriz,12636,137422168984,17177635947
demo_matriz,12637,67336752,8281918
demo_matriz,12638,137422168552,17177635893
demo_matriz,12639,67338240,8282104
demo_matriz,12640,67343096,8282711
demo_matriz,12641,67341000,8282449
demo_matriz,12642,67340928,8282440
demo_matriz,12643,137422168568,17177635895
demo_matriz,12644,137422168576,17177635896
demo_matriz,12645,137422168584,17177635897
demo_matriz,12646,137422168592,17177635898
demo_matriz,12647,67336744,8281917
demo_matriz,12648,137422168600,17177635899
demo_matriz,12649,137422168968,17177635945
demo_matriz,12650,137422168984,17177635947
demo_matriz,12651,67342640,8282654
demo_matriz,12652,137422168600,17177635899
demo_matriz,12653,67342656,8282656
demo_matriz,12654,75735088,9331710
demo_matriz,12655,67338240,8282104
demo_matriz,12656,67343926,8282814
demo_matriz,12657,137422168984,17177635947
demo_matriz,12658,67337808,8282050
demo_matriz,12659,137422168600,17177635899
demo_matriz,12660,137422168904,17177635937
demo_matriz,12661,137422168912,17177635938
demo_matriz,12662,137422168920,17177635939
demo_matriz,12663,137422168928,17177635940
demo_matriz,12664,137422168936,17177635941
demo_matriz,12665,137422168944,17177635942
demo_matriz,12666,137422168952,17177635943
demo_matriz,12667,137422169960,17177636069
demo_matriz,12668,137422169968,17177636070
demo_matriz,12669,137422169976,17177636071
demo_matriz,12670,137422169984,17177636072
demo_matriz,12671,137422169992,17177636073
demo_matriz,12672,137422170000,17177636074
demo_matriz,12673,137422170008,17177636075
demo_matriz,12674,137422170024,17177636077
demo_matriz,12675,137422170032,17177636078
demo_matriz,12676,137422170040,17177636079
demo_matriz,12677,67342896,8282686
demo_matriz,12678,137422170048,17177636080
demo_matriz,12679,137422170072,17177636083
demo_matriz,12680,137422170328,17177636115
demo_matriz,12681,137422170336,17177636116
demo_matriz,12682,137422170344,17177636117
demo_matriz,12683,137422170352,17177636118
demo_matriz,12684,137422170360,17177636119
demo_matriz,12685,137422170368,17177636120
demo_matriz,12686,137422170392,17177636123
demo_matriz,12687,137422170400,17177636124
demo_matriz,12688,137422170408,17177636125
demo_matriz,12689,137422170416,17177636126
demo_matriz,12690,137422170424,17177636127
demo_matriz,12691,137422170472,17177636133
demo_matriz,12692,67338248,8282105
demo_matriz,12693,137422180258,17177637356
demo_matriz,12694,137422174616,17177636651
demo_matriz,12695,137422174624,17177636652
demo_matriz,12696,137422174632,17177636653
demo_matriz,12697,137422174640,17177636654
demo_matriz,12698,137422174648,17177636655
demo_matriz,12699,137422174656,17177636656
demo_matriz,12700,137422174664,17177636657
demo_matriz,12701,137422175280,17177636734
demo_matriz,12702,137422174664,17177636657
demo_matriz,12703,137422174712,17177636663
demo_matriz,12704,67341000,8282449
demo_matriz,12705,75735064,9331707
demo_matriz,12706,67337632,8282028
demo_matriz,12707,137422174744,17177636667
demo_matriz,12708,137422175304,17177636737
demo_matriz,12709,67343924,8282814
demo_matriz,12710,137422174656,17177636656
demo_matriz,12711,75735892,9331810
demo_matriz,12712,137422173288,17177636485
demo_matriz,12713,67343008,8282700
demo_matriz,12714,67343832,8282803
demo_matriz,12715,67344096,8282836
demo_matriz,12716,137422173408,17177636500
demo_matriz,12717,67343144,8282717
demo_matriz,12718,67343176,8282721
demo_matriz,12719,1097248,1980
demo_matriz,12720,67343926,8282814
demo_matriz,12721,137422173416,17177636501
demo_matriz,12722,67343088,8282710
demo_matriz,12723,137422173424,17177636502
demo_matriz,12724,1097080,1959
demo_matriz,12725,137422173464,17177636507
demo_matriz,12726,1097088,1960
demo_matriz,12727,1083020,201
demo_matriz,12728,1083034,203
demo_matriz,12729,137422173208,17177636475
demo_matriz,12730,137422173224,17177636477
demo_matriz,12731,137422173232,17177636478
demo_matriz,12732,137422173240,17177636479
demo_matriz,12733,137422173248,17177636480
demo_matriz,12734,137422173256,17177636481
demo_matriz,12735,137422173264,17177636482
demo_matriz,12736,137422173272,17177636483
demo_matriz,12737,67342896,8282686
demo_matriz,12738,67342616,8282651
demo_matriz,12739,67336816,8281926
demo_matriz,12740,67336816,8281926
demo_matriz,12741,137422172968,17177636445
demo_matriz,12742,67336816,8281926
demo_matriz,12743,137422172968,17177636445
demo_matriz,12744,137422172992,17177636448
demo_matriz,12745,137422172984,17177636447
demo_matriz,12746,137422173504,17177636512
demo_matriz,12747,137422173512,17177636513
demo_matriz,12748,137422173528,17177636515
demo_matriz,12749,137422173516,17177636513
demo_matriz,12750,67343924,8282814
demo_matriz,12751,67343120,8282714
demo_matriz,12752,67340800,8282424
demo_matriz,12753,67338240,8282104
demo_matriz,12754,67343925,8282814
demo_matriz,12755,67343926,8282814
demo_matriz,12756,67343080,8282709
demo_matriz,12757,67294564,8276644
demo_matriz,12758,67344560,8282894
demo_matriz,12759,1083008,200
demo_matriz,12760,67344568,8282895
demo_matriz,12761,1083020,201
demo_matriz,12762,137422171880,17177636309
demo_matriz,12763,67343128,8282715
demo_matriz,12764,67344544,8282892
demo_matriz,12765,67294564,8276644
demo_matriz,12766,67344560,8282894
demo_matriz,12767,1083008,200
demo_matriz,12768,67344568,8282895
demo_matriz,12769,1083020,201
demo_matriz,12770,137422171880,17177636309
demo_matriz,12771,67344552,8282893
demo_matriz,12772,137422171888,17177636310
demo_matriz,12773,137422171896,17177636311
demo_matriz,12774,137422171904,17177636312
demo_matriz,12775,137422171912,17177636313
demo_matriz,12776,67343925,8282814
demo_matriz,12777,67343248,8282730
demo_matriz,12778,67343096,8282711
demo_matriz,12779,67341829,8282552
demo_matriz,12780,67341830,8282552
demo_matriz,12781,67340984,8282447
demo_matriz,12782,1083020,201
demo_matriz,12783,1082136,91
demo_matriz,12784,1083028,202
demo_matriz,12785,1082144,92
demo_matriz,12786,1082136,91
demo_matriz,12787,1083020,201
demo_matriz,12788,137422171880,17177636309
demo_matriz,12789,67341032,8282453
demo_matriz,12790,67342976,8282696
demo_matriz,12791,1083020,201
demo_matriz,12792,1082136,91
demo_matriz,12793,1083028,202
demo_matriz,12794,1082144,92
demo_matriz,12795,1082136,91
demo_matriz,12796,1083020,201
demo_matriz,12797,137422171880,17177636309
demo_matriz,12798,67342984,8282697
demo_matriz,12799,67342912,8282688
demo_matriz,12800,1083020,201
demo_matriz,12801,67111873,8253808
demo_matriz,12802,1083028,202
demo_matriz,12803,67111881,8253809
demo_matriz,12804,67111874,8253808
demo_matriz,12805,1083021,201
demo_matriz,12806,137422171880,17177636309
demo_matriz,12807,67342920,8282689
demo_matriz,12808,137422171888,17177636310
demo_matriz,12809,137422171896,17177636311
demo_matriz,12810,137422171904,17177636312
demo_matriz,12811,137422171912,17177636313
demo_matriz,12812,67341829,8282552
demo_matriz,12813,67341152,8282468
demo_matriz,12814,67337824,8282052
demo_matriz,12815,67341080,8282459
demo_matriz,12816,67337872,8282058
demo_matriz,12817,67341830,8282552
demo_matriz,12818,1083020,201
demo_matriz,12819,67111873,8253808
demo_matriz,12820,1083028,202
demo_matriz,12821,67111881,8253809
demo_matriz,12822,67111874,8253808
demo_matriz,12823,1083021,201
demo_matriz,12824,137422171912,17177636313
demo_matriz,12825,67341000,8282449
demo_matriz,12826,75735893,9331810
demo_matriz,12827,75735894,9331810
demo_matriz,12828,75735048,9331705
demo_matriz,12829,1083020,201
demo_matriz,12830,67345184,8282972
demo_matriz,12831,1083028,202
demo_matriz,12832,67345192,8282973
demo_matriz,12833,67345184,8282972
demo_matriz,12834,1083020,201
demo_matriz,12835,137422171880,17177636309
demo_matriz,12836,75735096,9331711
demo_matriz,12837,75736256,9331856
demo_matriz,12838,1083020,201
demo_matriz,12839,75736280,9331859
demo_matriz,12840,1083028,202
demo_matriz,12841,75736288,9331860
demo_matriz,12842,75736280,9331859
demo_matriz,12843,1083020,201
demo_matriz,12844,137422171880,17177636309
demo_matriz,12845,75736264,9331857
demo_matriz,12846,137422171888,17177636310
demo_matriz,12847,137422171896,17177636311
demo_matriz,12848,137422171904,17177636312
demo_matriz,12849,137422171912,17177636313
demo_matriz,12850,75735893,9331810
demo_matriz,12851,75735216,9331726
demo_matriz,12852,75735064,9331707
demo_matriz,12853,137422171984,17177636322
demo_matriz,12854,137422171996,17177636323
demo_matriz,12855,67336864,8281932
demo_matriz,12856,67337808,8282050
demo_matriz,12857,1083020,201
demo_matriz,12858,1083034,203
demo_matriz,12859,137422171912,17177636313
demo_matriz,12860,1083020,201
demo_matriz,12861,137422171912,17177636313
demo_matriz,12862,67336864,8281932
demo_matriz,12863,67343368,8282745
demo_matriz,12864,67338240,8282104
demo_matriz,12865,67343944,8282817
demo_matriz,12866,67343864,8282807
demo_matriz,12867,137422171976,17177636321
demo_matriz,12868,137422171936,17177636316
demo_matriz,12869,137422171944,17177636317
demo_matriz,12870,137422171928,17177636315
demo_matriz,12871,67343924,8282814
demo_matriz,12872,137422171996,17177636323
demo_matriz,12873,67343944,8282817
demo_matriz,12874,67331088,8281210
demo_matriz,12875,137422171996,17177636323
demo_matriz,12876,137422171952,17177636318
demo_matriz,12877,67331088,8281210
demo_matriz,12878,67331056,8281206
demo_matriz,12879,67342720,8282664
demo_matriz,12880,137422171888,17177636310
demo_matriz,12881,137422171624,17177636277
demo_matriz,12882,67345072,8282958
demo_matriz,12883,67336864,8281932
demo_matriz,12884,67345136,8282966
demo_matriz,12885,67345128,8282965
demo_matriz,12886,137422171616,17177636276
demo_matriz,12887,67345163,8282969
demo_matriz,12888,67345156,8282968
demo_matriz,12889,137422171480,17177636259
demo_matriz,12890,137422171612,17177636275
demo_matriz,12891,137422171648,17177636280
demo_matriz,12892,67331064,8281207
demo_matriz,12893,67345144,8282967
demo_matriz,12894,137422171648,17177636280
demo_matriz,12895,67331072,8281208
demo_matriz,12896,67344616,8282901
demo_matriz,12897,67344608,8282900
demo_matriz,12898,67344656,8282906
demo_matriz,12899,67344663,8282906
demo_matriz,12900,137422171480,17177636259
demo_matriz,12901,137422171672,17177636283
demo_matriz,12902,137422171664,17177636282
demo_matriz,12903,1083027,202
demo_matriz,12904,1083020,201
demo_matriz,12905,137422171480,17177636259
demo_matriz,12906,67336864,8281932
demo_matriz,12907,137422171904,17177636312
demo_matriz,12908,137422171896,17177636311
demo_matriz,12909,137422171656,17177636281
demo_matriz,12910,67337808,8282050
demo_matriz,12911,137422171392,17177636248
demo_matriz,12912,137422171400,17177636249
demo_matriz,12913,137422171432,17177636253
demo_matriz,12914,137422171440,17177636254
demo_matriz,12915,137422171448,17177636255
demo_matriz,12916,137422171456,17177636256
demo_matriz,12917,137422171464,17177636257
demo_matriz,12918,137422171472,17177636258
demo_matriz,12919,137422171480,17177636259
demo_matriz,12920,67345144,8282967
demo_matriz,12921,67343120,8282714
demo_matriz,12922,67338240,8282104
demo_matriz,12923,67343926,8282814
demo_matriz,12924,137422171672,17177636283
demo_matriz,12925,137422171600,17177636274
demo_matriz,12926,137422171480,17177636259
demo_matriz,12927,67331064,8281207
demo_matriz,12928,67345148,8282967
demo_matriz,12929,137422171648,17177636280
demo_matriz,12930,67331072,8281208
demo_matriz,12931,67344632,8282903
demo_matriz,12932,67344624,8282902
demo_matriz,12933,67344679,8282908
demo_matriz,12934,67344686,8282909
demo_matriz,12935,137422171480,17177636259
demo_matriz,12936,137422171672,17177636283
demo_matriz,12937,137422171664,17177636282
demo_matriz,12938,1083027,202
demo_matriz,12939,1083020,201
demo_matriz,12940,137422171480,17177636259
demo_matriz,12941,67336864,8281932
demo_matriz,12942,137422171904,17177636312
demo_matriz,12943,137422171896,17177636311
demo_matriz,12944,137422171656,17177636281
demo_matriz,12945,67337808,8282050
demo_matriz,12946,137422171392,17177636248
demo_matriz,12947,137422171400,17177636249
demo_matriz,12948,137422171432,17177636253
demo_matriz,12949,137422171440,17177636254
demo_matriz,12950,137422171448,17177636255
demo_matriz,12951,137422171456,17177636256
demo_matriz,12952,137422171464,17177636257
demo_matriz,12953,137422171472,17177636258
demo_matriz,12954,137422171480,17177636259
demo_matriz,12955,67345148,8282967
demo_matriz,12956,67343120,8282714
demo_matriz,12957,67338240,8282104
demo_matriz,12958,67343926,8282814
demo_matriz,12959,137422171672,17177636283
demo_matriz,12960,137422171600,17177636274
demo_matriz,12961,137422171480,17177636259
demo_matriz,12962,67331064,8281207
demo_matriz,12963,67345152,8282968
demo_matriz,12964,137422171648,17177636280
demo_matriz,12965,67331072,8281208
demo_matriz,12966,67344648,8282905
demo_matriz,12967,67344640,8282904
demo_matriz,12968,137422171480,17177636259
demo_matriz,12969,137422171672,17177636283
demo_matriz,12970,137422171664,17177636282
demo_matriz,12971,1083027,202
demo_matriz,12972,1083020,201
demo_matriz,12973,137422171480,17177636259
demo_matriz,12974,67336864,8281932
demo_matriz,12975,137422171904,17177636312
demo_matriz,12976,137422171896,17177636311
demo_matriz,12977,137422171656,17177636281
demo_matriz,12978,67337808,8282050
demo_matriz,12979,137422171392,17177636248
demo_matriz,12980,137422171400,17177636249
demo_matriz,12981,137422171432,17177636253
demo_matriz,12982,137422171440,17177636254
demo_matriz,12983,137422171448,17177636255
demo_matriz,12984,137422171456,17177636256
demo_matriz,12985,137422171464,17177636257
demo_matriz,12986,137422171472,17177636258
demo_matriz,12987,137422171480,17177636259
demo_matriz,12988,67345152,8282968
demo_matriz,12989,67343120,8282714
demo_matriz,12990,67338240,8282104
demo_matriz,12991,67343926,8282814
demo_matriz,12992,137422171672,17177636283
demo_matriz,12993,137422171600,17177636274
demo_matriz,12994,137422171480,17177636259
demo_matriz,12995,137422171704,17177636287
demo_matriz,12996,137422171640,17177636279
demo_matriz,12997,67331064,8281207
demo_matriz,12998,137422171640,17177636279
demo_matriz,12999,67343008,8282700
demo_matriz,13000,137422171200,17177636224
demo_matriz,13001,137422171624,17177636277
demo_matriz,13002,67345080,8282959
demo_matriz,13003,137422171608,17177636275
demo_matriz,13004,137422171584,17177636272
demo_matriz,13005,137422171832,17177636303
demo_matriz,13006,137422171840,17177636304
demo_matriz,13007,137422171848,17177636305
demo_matriz,13008,137422171856,17177636306
demo_matriz,13009,137422171864,17177636307
demo_matriz,13010,137422171872,17177636308
demo_matriz,13011,137422171880,17177636309
demo_matriz,13012,67344080,8282834
demo_matriz,13013,137422171996,17177636323
demo_matriz,13014,67336904,8281937
demo_matriz,13015,67336864,8281932
demo_matriz,13016,67342800,8282674
demo_matriz,13017,137422171456,17177636256
demo_matriz,13018,137422171464,17177636257
demo_matriz,13019,137422171464,17177636257
demo_matriz,13020,137422171520,17177636264
demo_matriz,13021,137422171440,17177636254
demo_matriz,13022,137422171448,17177636255
demo_matriz,13023,137422171456,17177636256
demo_matriz,13024,137422171464,17177636257
demo_matriz,13025,137422171464,17177636257
demo_matriz,13026,137422171616,17177636276
demo_matriz,13027,137422171624,17177636277
demo_matriz,13028,137422171632,17177636278
demo_matriz,13029,137422171640,17177636279
demo_matriz,13030,137422171648,17177636280
demo_matriz,13031,137422171656,17177636281
demo_matriz,13032,67342784,8282672
demo_matriz,13033,75763712,9335288
demo_matriz,13034,75763720,9335289
demo_matriz,13035,75763728,9335290
demo_matriz,13036,75763732,9335290
demo_matriz,13037,75763740,9335291
demo_matriz,13038,67342792,8282673
demo_matriz,13039,67336872,8281933
demo_matriz,13040,75763732,9335290
demo_matriz,13041,67298373,8277120
demo_matriz,13042,67337541,8282016
demo_matriz,13043,67298381,8277121
demo_matriz,13044,67337549,8282017
demo_matriz,13045,67337548,8282017
demo_matriz,13046,67298380,8277121
demo_matriz,13047,137422171656,17177636281
demo_matriz,13048,67333768,8281545
demo_matriz,13049,67333808,8281550
demo_matriz,13050,67333824,8281552
demo_matriz,13051,137422171656,17177636281
demo_matriz,13052,137422171808,17177636300
demo_matriz,13053,67336960,8281944
demo_matriz,13054,137422171800,17177636299
demo_matriz,13055,75784644,9337904
demo_matriz,13056,137422171792,17177636298
demo_matriz,13057,1083020,201
demo_matriz,13058,75832330,9343865
demo_matriz,13059,1083021,201
demo_matriz,13060,75832331,9343865
demo_matriz,13061,1083022,201
demo_matriz,13062,75832332,9343865
demo_matriz,13063,1083023,201
demo_matriz,13064,75832333,9343865
demo_matriz,13065,137422171656,17177636281
demo_matriz,13066,137422171800,17177636299
demo_matriz,13067,75774180,9336596
demo_matriz,13068,137422171792,17177636298
demo_matriz,13069,1083020,201
demo_matriz,13070,75834133,9344090
demo_matriz,13071,1083021,201
demo_matriz,13072,75834134,9344090
demo_matriz,13073,1083022,201
demo_matriz,13074,75834135,9344090
demo_matriz,13075,1083023,201
demo_matriz,13076,75834136,9344091
demo_matriz,13077,137422171656,17177636281
demo_matriz,13078,137422171800,17177636299
demo_matriz,13079,75768948,9335942
demo_matriz,13080,137422171792,17177636298
demo_matriz,13081,1083020,201
demo_matriz,13082,75846451,9345630
demo_matriz,13083,1083021,201
demo_matriz,13084,75846452,9345630
demo_matriz,13085,1083022,201
demo_matriz,13086,75846453,9345630
demo_matriz,13087,1083023,201
demo_matriz,13088,75846454,9345630
demo_matriz,13089,137422171656,17177636281
demo_matriz,13090,137422171800,17177636299
demo_matriz,13091,75771564,9336269
demo_matriz,13092,137422171792,17177636298
demo_matriz,13093,1083020,201
demo_matriz,13094,75836827,9344427
demo_matriz,13095,1083021,201
demo_matriz,13096,75836828,9344427
demo_matriz,13097,1083022,201
demo_matriz,13098,75836829,9344427
demo_matriz,13099,1083023,201
demo_matriz,13100,75836830,9344427
demo_matriz,13101,1083024,202
demo_matriz,13102,75836831,9344427
demo_matriz,13103,137422171656,17177636281
demo_matriz,13104,137422171800,17177636299
demo_matriz,13105,75770244,9336104
demo_matriz,13106,137422171792,17177636298
demo_matriz,13107,1083020,201
demo_matriz,13108,75865372,9347995
demo_matriz,13109,1083021,201
demo_matriz,13110,75865373,9347995
demo_matriz,13111,1083022,201
demo_matriz,13112,75865374,9347995
demo_matriz,13113,1083023,201
demo_matriz,13114,75865375,9347995
demo_matriz,13115,1083024,202
demo_matriz,13116,75865376,9347996
demo_matriz,13117,137422171656,17177636281
demo_matriz,13118,137422171800,17177636299
demo_matriz,13119,75770892,9336185
demo_matriz,13120,137422171792,17177636298
demo_matriz,13121,1083020,201
demo_matriz,13122,75845826,9345552
demo_matriz,13123,1083021,201
demo_matriz,13124,75845827,9345552
demo_matriz,13125,1083022,201
demo_matriz,13126,75845828,9345552
demo_matriz,13127,1083023,201
demo_matriz,13128,75845829,9345552
demo_matriz,13129,1083024,202
demo_matriz,13130,75845830,9345552
demo_matriz,13131,137422171656,17177636281
demo_matriz,13132,137422171800,17177636299
demo_matriz,13133,75770556,9336143
demo_matriz,13134,137422171792,17177636298
demo_matriz,13135,1083020,201
demo_matriz,13136,75832182,9343846
demo_matriz,13137,1083021,201
demo_matriz,13138,75832183,9343846
demo_matriz,13139,1083022,201
demo_matriz,13140,75832184,9343847
demo_matriz,13141,1083023,201
demo_matriz,13142,75832185,9343847
demo_matriz,13143,1083024,202
demo_matriz,13144,75832186,9343847
demo_matriz,13145,137422171656,17177636281
demo_matriz,13146,137422171800,17177636299
demo_matriz,13147,75770388,9336122
demo_matriz,13148,137422171792,17177636298
demo_matriz,13149,1083020,201
demo_matriz,13150,75813192,9341473
demo_matriz,13151,1083021,201
demo_matriz,13152,75813193,9341473
demo_matriz,13153,1083022,201
demo_matriz,13154,75813194,9341473
demo_matriz,13155,1083023,201
demo_matriz,13156,75813195,9341473
demo_matriz,13157,1083024,202
demo_matriz,13158,75813196,9341473
demo_matriz,13159,137422171656,17177636281
demo_matriz,13160,137422171800,17177636299
demo_matriz,13161,75770460,9336131
demo_matriz,13162,137422171792,17177636298
demo_matriz,13163,1083020,201
demo_matriz,13164,75817666,9342032
demo_matriz,13165,1083021,201
demo_matriz,13166,75817667,9342032
demo_matriz,13167,1083022,201
demo_matriz,13168,75817668,9342032
demo_matriz,13169,1083023,201
demo_matriz,13170,75817669,9342032
demo_matriz,13171,1083024,202
demo_matriz,13172,75817670,9342032
demo_matriz,13173,1083025,202
demo_matriz,13174,75817671,9342032
demo_matriz,13175,1083026,202
demo_matriz,13176,75817672,9342033
demo_matriz,13177,1083027,202
demo_matriz,13178,75817673,9342033
demo_matriz,13179,1083028,202
demo_matriz,13180,75817674,9342033
demo_matriz,13181,1083029,202
demo_matriz,13182,75817675,9342033
demo_matriz,13183,1083030,202
demo_matriz,13184,75817676,9342033
demo_matriz,13185,1083031,202
demo_matriz,13186,75817677,9342033
demo_matriz,13187,1083032,203
demo_matriz,13188,75817678,9342033
demo_matriz,13189,1083033,203
demo_matriz,13190,75817679,9342033
demo_matriz,13191,1083034,203
demo_matriz,13192,75817680,9342034
demo_matriz,13193,137422171656,17177636281
demo_matriz,13194,137422171784,17177636297
demo_matriz,13195,137422171800,17177636299
demo_matriz,13196,137422171792,17177636298
demo_matriz,13197,75770436,9336128
demo_matriz,13198,1083020,201
demo_matriz,13199,75810289,9341110
demo_matriz,13200,1083021,201
demo_matriz,13201,75810290,9341110
demo_matriz,13202,1083022,201
demo_matriz,13203,75810291,9341110
demo_matriz,13204,1083023,201
demo_matriz,13205,75810292,9341110
demo_matriz,13206,1083024,202
demo_matriz,13207,75810293,9341110
demo_matriz,13208,1083025,202
demo_matriz,13209,75810294,9341110
demo_matriz,13210,137422171656,17177636281
demo_matriz,13211,137422171768,17177636295
demo_matriz,13212,137422171776,17177636296
demo_matriz,13213,137422171736,17177636291
demo_matriz,13214,137422171800,17177636299
demo_matriz,13215,137422171784,17177636297
demo_matriz,13216,137422171800,17177636299
demo_matriz,13217,75770456,9336131
demo_matriz,13218,75770464,9336132
demo_matriz,13219,75770472,9336133
demo_matriz,13220,137422171768,17177636295
demo_matriz,13221,137422171752,17177636293
demo_matriz,13222,137422171776,17177636296
demo_matriz,13223,67336864,8281932
demo_matriz,13224,137422171768,17177636295
demo_matriz,13225,75817644,9342029
demo_matriz,13226,75817648,9342030
demo_matriz,13227,75817664,9342032
demo_matriz,13228,75817680,9342034
demo_matriz,13229,137422171656,17177636281
demo_matriz,13230,137422171768,17177636295
demo_matriz,13231,75817644,9342029
demo_matriz,13232,75817660,9342031
demo_matriz,13233,75817665,9342032
demo_matriz,13234,75817649,9342030
demo_matriz,13235,137422171608,17177636275
demo_matriz,13236,137422171616,17177636276
demo_matriz,13237,137422171632,17177636278
demo_matriz,13238,137422171648,17177636280
demo_matriz,13239,137422171664,17177636282
demo_matriz,13240,137422171576,17177636271
demo_matriz,13241,67336720,8281914
demo_matriz,13242,67342736,8282666
demo_matriz,13243,67342744,8282667
demo_matriz,13244,137422171544,17177636267
demo_matriz,13245,137422171552,17177636268
demo_matriz,13246,137422171560,17177636269
demo_matriz,13247,137422171568,17177636270
demo_matriz,13248,137422171576,17177636271
demo_matriz,13249,137422171584,17177636272
demo_matriz,13250,137422171592,17177636273
demo_matriz,13251,137422171600,17177636274
demo_matriz,13252,137422171616,17177636276
demo_matriz,13253,137422171632,17177636278
demo_matriz,13254,137422171637,17177636278
demo_matriz,13255,137422171621,17177636276
demo_matriz,13256,137422171608,17177636275
demo_matriz,13257,137422171864,17177636307
demo_matriz,13258,137422171872,17177636308
demo_matriz,13259,137422171880,17177636309
demo_matriz,13260,137422171888,17177636310
demo_matriz,13261,137422171896,17177636311
demo_matriz,13262,137422171904,17177636312
demo_matriz,13263,137422171912,17177636313
demo_matriz,13264,67344125,8282839
demo_matriz,13265,67337808,8282050
demo_matriz,13266,137422171824,17177636302
demo_matriz,13267,137422171832,17177636303
demo_matriz,13268,137422171832,17177636303
demo_matriz,13269,137422172032,17177636328
demo_matriz,13270,137422172040,17177636329
demo_matriz,13271,137422172040,17177636329
demo_matriz,13272,137422172048,17177636330
demo_matriz,13273,137422172049,17177636330
demo_matriz,13274,137422172052,17177636330
demo_matriz,13275,137422172060,17177636331
demo_matriz,13276,137422172058,17177636331
demo_matriz,13277,137422172056,17177636331
demo_matriz,13278,137422172094,17177636335
demo_matriz,13279,137422172096,17177636336
demo_matriz,13280,137422172072,17177636333
demo_matriz,13281,137422171864,17177636307
demo_matriz,13282,137422171872,17177636308
demo_matriz,13283,137422171880,17177636309
demo_matriz,13284,137422171888,17177636310
demo_matriz,13285,137422171896,17177636311
demo_matriz,13286,137422171904,17177636312
demo_matriz,13287,137422171912,17177636313
demo_matriz,13288,137422171944,17177636317
demo_matriz,13289,67336864,8281932
demo_matriz,13290,137422171984,17177636322
demo_matriz,13291,137422172008,17177636325
demo_matriz,13292,67336768,8281920
demo_matriz,13293,137422171960,17177636319
demo_matriz,13294,137422171996,17177636323
demo_matriz,13295,137422171992,17177636323
demo_matriz,13296,137422171896,17177636311
demo_matriz,13297,137422171528,17177636265
demo_matriz,13298,137422171912,17177636313
demo_matriz,13299,137422171680,17177636284
demo_matriz,13300,137422171688,17177636285
demo_matriz,13301,137422171680,17177636284
demo_matriz,13302,67338240,8282104
demo_matriz,13303,67343926,8282814
demo_matriz,13304,67344064,8282832
demo_matriz,13305,67343096,8282711
demo_matriz,13306,67341830,8282552
demo_matriz,13307,67341968,8282570
demo_matriz,13308,67341000,8282449
demo_matriz,13309,75735894,9331810
demo_matriz,13310,75736032,9331828
demo_matriz,13311,75736040,9331829
demo_matriz,13312,75735064,9331707
demo_matriz,13313,137422171912,17177636313
demo_matriz,13314,137422171896,17177636311
demo_matriz,13315,67336864,8281932
demo_matriz,13316,137422171912,17177636313
demo_matriz,13317,137422171896,17177636311
demo_matriz,13318,137422171888,17177636310
demo_matriz,13319,137422171632,17177636278
demo_matriz,13320,137422171624,17177636277
demo_matriz,13321,67337808,8282050
demo_matriz,13322,1083020,201
demo_matriz,13323,137422171416,17177636251
demo_matriz,13324,67336736,8281916
demo_matriz,13325,67336720,8281914
demo_matriz,13326,67342736,8282666
demo_matriz,13327,67342744,8282667
demo_matriz,13328,137422171384,17177636247
demo_matriz,13329,137422171392,17177636248
demo_matriz,13330,137422171400,17177636249
demo_matriz,13331,137422171408,17177636250
demo_matriz,13332,137422171416,17177636251
demo_matriz,13333,137422171432,17177636253
demo_matriz,13334,137422171464,17177636257
demo_matriz,13335,137422171440,17177636254
demo_matriz,13336,1083027,202
demo_matriz,13337,1083020,201
demo_matriz,13338,137422171416,17177636251
demo_matriz,13339,137422171432,17177636253
demo_matriz,13340,137422171456,17177636256
demo_matriz,13341,75736400,9331874
demo_matriz,13342,137422171448,17177636255
demo_matriz,13343,75737300,9331986
demo_matriz,13344,137422171452,17177636255
demo_matriz,13345,67336865,8281932
demo_matriz,13346,67338240,8282104
demo_matriz,13347,67343864,8282807
demo_matriz,13348,75737376,9331996
demo_matriz,13349,137422171456,17177636256
demo_matriz,13350,75736400,9331874
demo_matriz,13351,75736400,9331874
demo_matriz,13352,75736416,9331876
demo_matriz,13353,75736432,9331878
demo_matriz,13354,75736448,9331880
demo_matriz,13355,137422171416,17177636251
demo_matriz,13356,67336720,8281914
demo_matriz,13357,67342736,8282666
demo_matriz,13358,67342744,8282667
demo_matriz,13359,137422171384,17177636247
demo_matriz,13360,137422171392,17177636248
demo_matriz,13361,137422171400,17177636249
demo_matriz,13362,137422171408,17177636250
demo_matriz,13363,137422171416,17177636251
demo_matriz,13364,137422171464,17177636257
demo_matriz,13365,137422171456,17177636256
demo_matriz,13366,75736400,9331874
demo_matriz,13367,75736416,9331876
demo_matriz,13368,75736421,9331876
demo_matriz,13369,75736405,9331874
demo_matriz,13370,137422171416,17177636251
demo_matriz,13371,75737748,9332042
demo_matriz,13372,75737747,9332042
demo_matriz,13373,75737746,9332042
demo_matriz,13374,75737745,9332042
demo_matriz,13375,75737744,9332042
demo_matriz,13376,75737743,9332041
demo_matriz,13377,75737742,9332041
demo_matriz,13378,75737741,9332041
demo_matriz,13379,75737740,9332041
demo_matriz,13380,75737739,9332041
demo_matriz,13381,75737738,9332041
demo_matriz,13382,75737737,9332041
demo_matriz,13383,75737736,9332041
demo_matriz,13384,75737735,9332040
demo_matriz,13385,75737734,9332040
demo_matriz,13386,75737733,9332040
demo_matriz,13387,137422171480,17177636259
demo_matriz,13388,137422171488,17177636260
demo_matriz,13389,137422171496,17177636261
demo_matriz,13390,137422171504,17177636262
demo_matriz,13391,137422171512,17177636263
demo_matriz,13392,137422171520,17177636264
demo_matriz,13393,137422171528,17177636265
demo_matriz,13394,137422172064,17177636332
demo_matriz,13395,137422172072,17177636333
demo_matriz,13396,137422172056,17177636331
demo_matriz,13397,137422172096,17177636336
demo_matriz,13398,137422172032,17177636328
demo_matriz,13399,75737200,9331974
demo_matriz,13400,137422171592,17177636273
demo_matriz,13401,67336888,8281935
demo_matriz,13402,137422171592,17177636273
demo_matriz,13403,137422172104,17177636337
demo_matriz,13404,137422172120,17177636339
demo_matriz,13405,137422172112,17177636338
demo_matriz,13406,137422171616,17177636276
demo_matriz,13407,137422171656,17177636281
demo_matriz,13408,137422172136,17177636341
demo_matriz,13409,137422172144,17177636342
demo_matriz,13410,137422172152,17177636343
demo_matriz,13411,137422172108,17177636337
demo_matriz,13412,137422171656,17177636281
demo_matriz,13413,137422172160,17177636344
demo_matriz,13414,137422172176,17177636346
demo_matriz,13415,137422172168,17177636345
demo_matriz,13416,137422171616,17177636276
demo_matriz,13417,137422171656,17177636281
demo_matriz,13418,137422172192,17177636348
demo_matriz,13419,137422172200,17177636349
demo_matriz,13420,137422172208,17177636350
demo_matriz,13421,137422170872,17177636183
demo_matriz,13422,137422171640,17177636279
demo_matriz,13423,137422172164,17177636344
demo_matriz,13424,137422171656,17177636281
demo_matriz,13425,137422172216,17177636351
demo_matriz,13426,137422172232,17177636353
demo_matriz,13427,137422172224,17177636352
demo_matriz,13428,137422171616,17177636276
demo_matriz,13429,137422171656,17177636281
demo_matriz,13430,137422172248,17177636355
demo_matriz,13431,137422172256,17177636356
demo_matriz,13432,137422172264,17177636357
demo_matriz,13433,137422170928,17177636190
demo_matriz,13434,137422171640,17177636279
demo_matriz,13435,137422172220,17177636351
demo_matriz,13436,137422171656,17177636281
demo_matriz,13437,137422172272,17177636358
demo_matriz,13438,137422172288,17177636360
demo_matriz,13439,137422172280,17177636359
demo_matriz,13440,137422171616,17177636276
demo_matriz,13441,137422171656,17177636281
demo_matriz,13442,137422172304,17177636362
demo_matriz,13443,137422172312,17177636363
demo_matriz,13444,137422172320,17177636364
demo_matriz,13445,137422170984,17177636197
demo_matriz,13446,137422171640,17177636279
demo_matriz,13447,137422172276,17177636358
demo_matriz,13448,137422171656,17177636281
demo_matriz,13449,137422172328,17177636365
demo_matriz,13450,137422172360,17177636369
demo_matriz,13451,137422172344,17177636367
demo_matriz,13452,75737302,9331986
demo_matriz,13453,137422172368,17177636370
demo_matriz,13454,137422172332,17177636365
demo_matriz,13455,137422172384,17177636372
demo_matriz,13456,137422172440,17177636379
demo_matriz,13457,137422172496,17177636386
demo_matriz,13458,137422172536,17177636391
demo_matriz,13459,137422172544,17177636392
demo_matriz,13460,137422172512,17177636388
demo_matriz,13461,137422172528,17177636390
demo_matriz,13462,75737300,9331986
demo_matriz,13463,137422172552,17177636393
demo_matriz,13464,137422172608,17177636400
demo_matriz,13465,137422172664,17177636407
demo_matriz,13466,137422172668,17177636407
demo_matriz,13467,137422172720,17177636414
demo_matriz,13468,137422172752,17177636418
demo_matriz,13469,137422172736,17177636416
demo_matriz,13470,137422171572,17177636270
demo_matriz,13471,137422171560,17177636269
demo_matriz,13472,137422171552,17177636268
demo_matriz,13473,137422171544,17177636267
demo_matriz,13474,137422171656,17177636281
demo_matriz,13475,75736464,9331882
demo_matriz,13476,137422171608,17177636275
demo_matriz,13477,137422171656,17177636281
demo_matriz,13478,137422170864,17177636182
demo_matriz,13479,137422170896,17177636186
demo_matriz,13480,137422171056,17177636206
demo_matriz,13481,137422170912,17177636188
demo_matriz,13482,137422171652,17177636280
demo_matriz,13483,137422170904,17177636187
demo_matriz,13484,67337317,8281988
demo_matriz,13485,137422170832,17177636178
demo_matriz,13486,137422170840,17177636179
demo_matriz,13487,137422170848,17177636180
demo_matriz,13488,137422170856,17177636181
demo_matriz,13489,137422171608,17177636275
demo_matriz,13490,137422171616,17177636276
demo_matriz,13491,137422171640,17177636279
demo_matriz,13492,137422171656,17177636281
demo_matriz,13493,75737184,9331972
demo_matriz,13494,137422170904,17177636187
demo_matriz,13495,137422172072,17177636333
demo_matriz,13496,137422172096,17177636336
demo_matriz,13497,137422170872,17177636183
demo_matriz,13498,137422170888,17177636185
demo_matriz,13499,137422170880,17177636184
demo_matriz,13500,137422171656,17177636281
demo_matriz,13501,137422170928,17177636190
demo_matriz,13502,137422170920,17177636189
demo_matriz,13503,75736448,9331880
demo_matriz,13504,137422170968,17177636195
demo_matriz,13505,137422170960,17177636194
demo_matriz,13506,137422171652,17177636280
demo_matriz,13507,137422170832,17177636178
demo_matriz,13508,137422170840,17177636179
demo_matriz,13509,137422170848,17177636180
demo_matriz,13510,137422170856,17177636181
demo_matriz,13511,75737184,9331972
demo_matriz,13512,137422170944,17177636192
demo_matriz,13513,137422170936,17177636191
demo_matriz,13514,137422171656,17177636281
demo_matriz,13515,137422170984,17177636197
demo_matriz,13516,137422170976,17177636196
demo_matriz,13517,75736448,9331880
demo_matriz,13518,137422171024,17177636202
demo_matriz,13519,137422171016,17177636201
demo_matriz,13520,137422171652,17177636280
demo_matriz,13521,137422170832,17177636178
demo_matriz,13522,137422170840,17177636179
demo_matriz,13523,137422170848,17177636180
demo_matriz,13524,137422170856,17177636181
demo_matriz,13525,75737184,9331972
demo_matriz,13526,137422171000,17177636199
demo_matriz,13527,137422170992,17177636198
demo_matriz,13528,137422171656,17177636281
demo_matriz,13529,137422171040,17177636204
demo_matriz,13530,137422171032,17177636203
demo_matriz,13531,75736448,9331880
demo_matriz,13532,137422171080,17177636209
demo_matriz,13533,137422171072,17177636208
demo_matriz,13534,137422171652,17177636280
demo_matriz,13535,137422170832,17177636178
demo_matriz,13536,137422170840,17177636179
demo_matriz,13537,137422170848,17177636180
demo_matriz,13538,137422170856,17177636181
demo_matriz,13539,75737184,9331972
demo_matriz,13540,137422171056,17177636206
demo_matriz,13541,137422171048,17177636205
demo_matriz,13542,75736448,9331880
demo_matriz,13543,67336888,8281935
demo_matriz,13544,137422171080,17177636209
demo_matriz,13545,137422170856,17177636181
demo_matriz,13546,137422171640,17177636279
demo_matriz,13547,137422171080,17177636209
demo_matriz,13548,137422170832,17177636178
demo_matriz,13549,137422170840,17177636179
demo_matriz,13550,137422170848,17177636180
demo_matriz,13551,137422170856,17177636181
demo_matriz,13552,137422171656,17177636281
demo_matriz,13553,75736464,9331882
demo_matriz,13554,137422171576,17177636271
demo_matriz,13555,75736448,9331880
demo_matriz,13556,78458240,9672104
demo_matriz,13557,78458256,9672106
demo_matriz,13558,78458272,9672108
demo_matriz,13559,78458288,9672110
demo_matriz,13560,78458304,9672112
demo_matriz,13561,78458320,9672114
demo_matriz,13562,78458336,9672116
demo_matriz,13563,78458352,9672118
demo_matriz,13564,78458368,9672120
demo_matriz,13565,78458384,9672122
demo_matriz,13566,78458400,9672124
demo_matriz,13567,78458416,9672126
demo_matriz,13568,78458432,9672128
demo_matriz,13569,78458448,9672130
demo_matriz,13570,78458464,9672132
demo_matriz,13571,78458480,9672134
demo_matriz,13572,78458496,9672136
demo_matriz,13573,78458512,9672138
demo_matriz,13574,78458528,9672140
demo_matriz,13575,78458544,9672142
demo_matriz,13576,78458560,9672144
demo_matriz,13577,78458576,9672146
demo_matriz,13578,78458592,9672148
demo_matriz,13579,78458608,9672150
demo_matriz,13580,78458624,9672152
demo_matriz,13581,78458640,9672154
demo_matriz,13582,78458656,9672156
demo_matriz,13583,78458672,9672158
demo_matriz,13584,78458688,9672160
demo_matriz,13585,78458704,9672162
demo_matriz,13586,75737302,9331986
demo_matriz,13587,75736544,9331892
demo_matriz,13588,75736536,9331891
demo_matriz,13589,75736552,9331893
demo_matriz,13590,75736560,9331894
demo_matriz,13591,75736800,9331924
demo_matriz,13592,75736696,9331911
demo_matriz,13593,75736968,9331945
demo_matriz,13594,75737176,9331971
demo_matriz,13595,75736568,9331895
demo_matriz,13596,75736672,9331908
demo_matriz,13597,78458568,9672145
demo_matriz,13598,78458536,9672141
demo_matriz,13599,75736568,9331895
demo_matriz,13600,75736584,9331897
demo_matriz,13601,78458600,9672149
demo_matriz,13602,75736800,9331924
demo_matriz,13603,75736752,9331918
demo_matriz,13604,75736880,9331934
demo_matriz,13605,75737500,9332011
demo_matriz,13606,75736744,9331917
demo_matriz,13607,75737184,9331972
demo_matriz,13608,75736448,9331880
demo_matriz,13609,67342448,8282630
demo_matriz,13610,137422171648,17177636280
demo_matriz,13611,75737568,9332020
demo_matriz,13612,75736448,9331880
demo_matriz,13613,75737200,9331974
demo_matriz,13614,137422171652,17177636280
demo_matriz,13615,75879080,9349709
demo_matriz,13616,75879024,9349702
demo_matriz,13617,75878968,9349695
demo_matriz,13618,75878912,9349688
demo_matriz,13619,75878960,9349694
demo_matriz,13620,75878952,9349693
demo_matriz,13621,75736448,9331880
demo_matriz,13622,75878928,9349690
demo_matriz,13623,75879136,9349716
demo_matriz,13624,75879144,9349717
demo_matriz,13625,75879148,9349717
demo_matriz,13626,75879140,9349716
demo_matriz,13627,75879152,9349718
demo_matriz,13628,75879156,9349718
demo_matriz,13629,75879160,9349719
demo_matriz,13630,75737306,9331987
demo_matriz,13631,137422171528,17177636265
demo_matriz,13632,75737184,9331972
demo_matriz,13633,75878856,9349681
demo_matriz,13634,75878800,9349674
demo_matriz,13635,75737306,9331987
demo_matriz,13636,75878744,9349667
demo_matriz,13637,75737306,9331987
demo_matriz,13638,75878688,9349660
demo_matriz,13639,75878632,9349653
demo_matriz,13640,75878576,9349646
demo_matriz,13641,75878520,9349639
demo_matriz,13642,75878464,9349632
demo_matriz,13643,137422171652,17177636280
demo_matriz,13644,137422171528,17177636265
demo_matriz,13645,137422171572,17177636270
demo_matriz,13646,75737192,9331973
demo_matriz,13647,75736448,9331880
demo_matriz,13648,67336864,8281932
demo_matriz,13649,75737176,9331971
demo_matriz,13650,78458424,9672127
demo_matriz,13651,75737302,9331986
demo_matriz,13652,75879328,9349740
demo_matriz,13653,75879336,9349741
demo_matriz,13654,75879332,9349740
demo_matriz,13655,75879340,9349741
demo_matriz,13656,137422171528,17177636265
demo_matriz,13657,137422171896,17177636311
demo_matriz,13658,75736640,9331904
demo_matriz,13659,75737500,9332011
demo_matriz,13660,137422171664,17177636282
demo_matriz,13661,137422171584,17177636272
demo_matriz,13662,67337600,8282024
demo_matriz,13663,137422171912,17177636313
demo_matriz,13664,137422171912,17177636313
demo_matriz,13665,67338272,8282108
demo_matriz,13666,75736624,9331902
demo_matriz,13667,78458312,9672113
demo_matriz,13668,75736552,9331893
demo_matriz,13669,78458440,9672129
demo_matriz,13670,75737302,9331986
demo_matriz,13671,76374167,9411594
demo_matriz,13672,67297195,8276973
demo_matriz,13673,76374175,9411595
demo_matriz,13674,67297203,8276974
demo_matriz,13675,67297198,8276973
demo_matriz,13676,76374170,9411595
demo_matriz,13677,137422171528,17177636265
demo_matriz,13678,75737584,9332022
demo_matriz,13679,75737300,9331986
demo_matriz,13680,67342456,8282631
demo_matriz,13681,67342452,8282630
demo_matriz,13682,137422171520,17177636264
demo_matriz,13683,137422171528,17177636265
demo_matriz,13684,137422171912,17177636313
demo_matriz,13685,67336752,8281918
demo_matriz,13686,137422171480,17177636259
demo_matriz,13687,67338240,8282104
demo_matriz,13688,67343096,8282711
demo_matriz,13689,67341000,8282449
demo_matriz,13690,75735064,9331707
demo_matriz,13691,67340928,8282440
demo_matriz,13692,137422171496,17177636261
demo_matriz,13693,137422171504,17177636262
demo_matriz,13694,137422171512,17177636263
demo_matriz,13695,137422171520,17177636264
demo_matriz,13696,67336744,8281917
demo_matriz,13697,137422171528,17177636265
demo_matriz,13698,137422171896,17177636311
demo_matriz,13699,137422171912,17177636313
demo_matriz,13700,67342640,8282654
demo_matriz,13701,137422171528,17177636265
demo_matriz,13702,67342656,8282656
demo_matriz,13703,75736496,9331886
demo_matriz,13704,67338240,8282104
demo_matriz,13705,67343926,8282814
demo_matriz,13706,137422171912,17177636313
demo_matriz,13707,67337808,8282050
demo_matriz,13708,137422171528,17177636265
demo_matriz,13709,137422171832,17177636303
demo_matriz,13710,137422171840,17177636304
demo_matriz,13711,137422171848,17177636305
demo_matriz,13712,137422171856,17177636306
demo_matriz,13713,137422171864,17177636307
demo_matriz,13714,137422171872,17177636308
demo_matriz,13715,137422171880,17177636309
demo_matriz,13716,137422172888,17177636435
demo_matriz,13717,137422172896,17177636436
demo_matriz,13718,137422172904,17177636437
demo_matriz,13719,137422172912,17177636438
demo_matriz,13720,137422172920,17177636439
demo_matriz,13721,137422172928,17177636440
demo_matriz,13722,137422172936,17177636441
demo_matriz,13723,137422172952,17177636443
demo_matriz,13724,137422172960,17177636444
demo_matriz,13725,137422172968,17177636445
demo_matriz,13726,67342896,8282686
demo_matriz,13727,137422172976,17177636446
demo_matriz,13728,137422173000,17177636449
demo_matriz,13729,137422173256,17177636481
demo_matriz,13730,137422173264,17177636482
demo_matriz,13731,137422173272,17177636483
demo_matriz,13732,137422173480,17177636509
demo_matriz,13733,137422173536,17177636516
demo_matriz,13734,75737300,9331986
demo_matriz,13735,137422173432,17177636503
demo_matriz,13736,75737300,9331986
demo_matriz,13737,137422173456,17177636506
demo_matriz,13738,1097096,1961
demo_matriz,13739,137422173464,17177636507
demo_matriz,13740,1097104,1962
demo_matriz,13741,1083035,203
demo_matriz,13742,1083048,205
demo_matriz,13743,137422173176,17177636471
demo_matriz,13744,137422173192,17177636473
demo_matriz,13745,137422173200,17177636474
demo_matriz,13746,137422173208,17177636475
demo_matriz,13747,137422173216,17177636476
demo_matriz,13748,137422173224,17177636477
demo_matriz,13749,137422173232,17177636478
demo_matriz,13750,137422173240,17177636479
demo_matriz,13751,67342896,8282686
demo_matriz,13752,67342616,8282651
demo_matriz,13753,67336816,8281926
demo_matriz,13754,67336816,8281926
demo_matriz,13755,137422172936,17177636441
demo_matriz,13756,67336816,8281926
demo_matriz,13757,137422172936,17177636441
demo_matriz,13758,137422172960,17177636444
demo_matriz,13759,137422172952,17177636443
demo_matriz,13760,137422173504,17177636512
demo_matriz,13761,137422173512,17177636513
demo_matriz,13762,137422173528,17177636515
demo_matriz,13763,137422173516,17177636513
demo_matriz,13764,67343924,8282814
demo_matriz,13765,67343120,8282714
demo_matriz,13766,67340800,8282424
demo_matriz,13767,67338240,8282104
demo_matriz,13768,67343925,8282814
demo_matriz,13769,67343926,8282814
demo_matriz,13770,67343080,8282709
demo_matriz,13771,67294568,8276645
demo_matriz,13772,67344560,8282894
demo_matriz,13773,1083024,202
demo_matriz,13774,67344568,8282895
demo_matriz,13775,1083035,203
demo_matriz,13776,137422171848,17177636305
demo_matriz,13777,67343128,8282715
demo_matriz,13778,67344544,8282892
demo_matriz,13779,67294568,8276645
demo_matriz,13780,67344560,8282894
demo_matriz,13781,1083024,202
demo_matriz,13782,67344568,8282895
demo_matriz,13783,1083035,203
demo_matriz,13784,137422171848,17177636305
demo_matriz,13785,67344552,8282893
demo_matriz,13786,137422171856,17177636306
demo_matriz,13787,137422171864,17177636307
demo_matriz,13788,137422171872,17177636308
demo_matriz,13789,137422171880,17177636309
demo_matriz,13790,67343925,8282814
demo_matriz,13791,67343248,8282730
demo_matriz,13792,67343096,8282711
demo_matriz,13793,67341829,8282552
demo_matriz,13794,67341830,8282552
demo_matriz,13795,67340984,8282447
demo_matriz,13796,1083035,203
demo_matriz,13797,1082136,91
demo_matriz,13798,1083043,204
demo_matriz,13799,1082144,92
demo_matriz,13800,1082136,91
demo_matriz,13801,1083035,203
demo_matriz,13802,137422171848,17177636305
demo_matriz,13803,67341032,8282453
demo_matriz,13804,67342976,8282696
demo_matriz,13805,1083035,203
demo_matriz,13806,1082136,91
demo_matriz,13807,1083043,204
demo_matriz,13808,1082144,92
demo_matriz,13809,1082136,91
demo_matriz,13810,1083035,203
demo_matriz,13811,137422171848,17177636305
demo_matriz,13812,67342984,8282697
demo_matriz,13813,67342912,8282688
demo_matriz,13814,1083035,203
demo_matriz,13815,67111873,8253808
demo_matriz,13816,1083043,204
demo_matriz,13817,67111881,8253809
demo_matriz,13818,67111874,8253808
demo_matriz,13819,1083036,203
demo_matriz,13820,137422171848,17177636305
demo_matriz,13821,67342920,8282689
demo_matriz,13822,137422171856,17177636306
demo_matriz,13823,137422171864,17177636307
demo_matriz,13824,137422171872,17177636308
demo_matriz,13825,137422171880,17177636309
demo_matriz,13826,67341829,8282552
demo_matriz,13827,67341152,8282468
demo_matriz,13828,67337824,8282052
demo_matriz,13829,67341080,8282459
demo_matriz,13830,67337872,8282058
demo_matriz,13831,67341830,8282552
demo_matriz,13832,1083035,203
demo_matriz,13833,67111873,8253808
demo_matriz,13834,1083043,204
demo_matriz,13835,67111881,8253809
demo_matriz,13836,67111874,8253808
demo_matriz,13837,1083036,203
demo_matriz,13838,137422171880,17177636309
demo_matriz,13839,67341000,8282449
demo_matriz,13840,75735893,9331810
demo_matriz,13841,75735894,9331810
demo_matriz,13842,75735048,9331705
demo_matriz,13843,1083035,203
demo_matriz,13844,67345184,8282972
demo_matriz,13845,1083043,204
demo_matriz,13846,67345192,8282973
demo_matriz,13847,67345184,8282972
demo_matriz,13848,1083035,203
demo_matriz,13849,137422171848,17177636305
demo_matriz,13850,75735096,9331711
demo_matriz,13851,75736256,9331856
demo_matriz,13852,1083035,203
demo_matriz,13853,75736280,9331859
demo_matriz,13854,1083043,204
demo_matriz,13855,75736288,9331860
demo_matriz,13856,75736280,9331859
demo_matriz,13857,1083035,203
demo_matriz,13858,137422171848,17177636305
demo_matriz,13859,75736264,9331857
demo_matriz,13860,137422171856,17177636306
demo_matriz,13861,137422171864,17177636307
demo_matriz,13862,137422171872,17177636308
demo_matriz,13863,137422171880,17177636309
demo_matriz,13864,75735893,9331810
demo_matriz,13865,75735216,9331726
demo_matriz,13866,75735064,9331707
demo_matriz,13867,75737301,9331986
demo_matriz,13868,75737302,9331986
demo_matriz,13869,75736456,9331881
demo_matriz,13870,1083035,203
demo_matriz,13871,75736400,9331874
demo_matriz,13872,1083043,204
demo_matriz,13873,75736408,9331875
demo_matriz,13874,75736400,9331874
demo_matriz,13875,1083035,203
demo_matriz,13876,137422171848,17177636305
demo_matriz,13877,75736504,9331887
demo_matriz,13878,75737664,9332032
demo_matriz,13879,1083035,203
demo_matriz,13880,75737688,9332035
demo_matriz,13881,1083043,204
demo_matriz,13882,75737696,9332036
demo_matriz,13883,75737691,9332035
demo_matriz,13884,1083038,203
demo_matriz,13885,137422171848,17177636305
demo_matriz,13886,75737672,9332033
demo_matriz,13887,137422171856,17177636306
demo_matriz,13888,137422171864,17177636307
demo_matriz,13889,137422171872,17177636308
demo_matriz,13890,137422171880,17177636309
demo_matriz,13891,75737301,9331986
demo_matriz,13892,75736624,9331902
demo_matriz,13893,78458312,9672113
demo_matriz,13894,75736552,9331893
demo_matriz,13895,78458440,9672129
demo_matriz,13896,75737302,9331986
demo_matriz,13897,1083035,203
demo_matriz,13898,76374167,9411594
demo_matriz,13899,1083043,204
demo_matriz,13900,76374175,9411595
demo_matriz,13901,76374170,9411595
demo_matriz,13902,1083038,203
demo_matriz,13903,137422171880,17177636309
demo_matriz,13904,75736472,9331883
demo_matriz,13905,137422171952,17177636318
demo_matriz,13906,137422171964,17177636319
demo_matriz,13907,67336864,8281932
demo_matriz,13908,67337808,8282050
demo_matriz,13909,1083035,203
demo_matriz,13910,1083048,205
demo_matriz,13911,137422171880,17177636309
demo_matriz,13912,1083035,203
demo_matriz,13913,137422171880,17177636309
demo_matriz,13914,67336864,8281932
demo_matriz,13915,67343368,8282745
demo_matriz,13916,67338240,8282104
demo_matriz,13917,67343944,8282817
demo_matriz,13918,67343864,8282807
demo_matriz,13919,137422171944,17177636317
demo_matriz,13920,137422171904,17177636312
demo_matriz,13921,137422171912,17177636313
demo_matriz,13922,137422171896,17177636311
demo_matriz,13923,67343924,8282814
demo_matriz,13924,137422171964,17177636319
demo_matriz,13925,67343944,8282817
demo_matriz,13926,67331088,8281210
demo_matriz,13927,137422171964,17177636319
demo_matriz,13928,137422171920,17177636314
demo_matriz,13929,67331088,8281210
demo_matriz,13930,67331056,8281206
demo_matriz,13931,67342720,8282664
demo_matriz,13932,137422171856,17177636306
demo_matriz,13933,137422171592,17177636273
demo_matriz,13934,67345072,8282958
demo_matriz,13935,67336864,8281932
demo_matriz,13936,67345136,8282966
demo_matriz,13937,67345128,8282965
demo_matriz,13938,137422171584,17177636272
demo_matriz,13939,67345163,8282969
demo_matriz,13940,67345156,8282968
demo_matriz,13941,137422171448,17177636255
demo_matriz,13942,137422171580,17177636271
demo_matriz,13943,137422171616,17177636276
demo_matriz,13944,67331064,8281207
demo_matriz,13945,67345144,8282967
demo_matriz,13946,67331064,8281207
demo_matriz,13947,67345148,8282967
demo_matriz,13948,67331064,8281207
demo_matriz,13949,67345152,8282968
demo_matriz,13950,137422171616,17177636276
demo_matriz,13951,67331072,8281208
demo_matriz,13952,67344648,8282905
demo_matriz,13953,67344640,8282904
demo_matriz,13954,137422171448,17177636255
demo_matriz,13955,137422171640,17177636279
demo_matriz,13956,137422171632,17177636278
demo_matriz,13957,1083041,204
demo_matriz,13958,1083035,203
demo_matriz,13959,137422171448,17177636255
demo_matriz,13960,67336864,8281932
demo_matriz,13961,137422171872,17177636308
demo_matriz,13962,137422171864,17177636307
demo_matriz,13963,137422171624,17177636277
demo_matriz,13964,67337808,8282050
demo_matriz,13965,137422171360,17177636244
demo_matriz,13966,137422171368,17177636245
demo_matriz,13967,137422171400,17177636249
demo_matriz,13968,137422171408,17177636250
demo_matriz,13969,137422171416,17177636251
demo_matriz,13970,137422171424,17177636252
demo_matriz,13971,137422171432,17177636253
demo_matriz,13972,137422171440,17177636254
demo_matriz,13973,137422171448,17177636255
demo_matriz,13974,67345152,8282968
demo_matriz,13975,67331064,8281207
demo_matriz,13976,137422171608,17177636275
demo_matriz,13977,67343008,8282700
demo_matriz,13978,137422171168,17177636220
demo_matriz,13979,137422171592,17177636273
demo_matriz,13980,67345080,8282959
demo_matriz,13981,137422171576,17177636271
demo_matriz,13982,137422171552,17177636268
demo_matriz,13983,137422171800,17177636299
demo_matriz,13984,137422171808,17177636300
demo_matriz,13985,137422171816,17177636301
demo_matriz,13986,137422171824,17177636302
demo_matriz,13987,137422171832,17177636303
demo_matriz,13988,137422171840,17177636304
demo_matriz,13989,137422171848,17177636305
demo_matriz,13990,67344080,8282834
demo_matriz,13991,137422171964,17177636319
demo_matriz,13992,67336904,8281937
demo_matriz,13993,67336864,8281932
demo_matriz,13994,67342800,8282674
demo_matriz,13995,67342784,8282672
demo_matriz,13996,67342792,8282673
demo_matriz,13997,67336872,8281933
demo_matriz,13998,75763732,9335290
demo_matriz,13999,67298373,8277120
demo_matriz,14000,67337541,8282016
demo_matriz,14001,67298381,8277121
demo_matriz,14002,67337549,8282017
demo_matriz,14003,67337548,8282017
demo_matriz,14004,67298380,8277121
demo_matriz,14005,137422171624,17177636277
demo_matriz,14006,67333768,8281545
demo_matriz,14007,67333808,8281550
demo_matriz,14008,67333824,8281552
demo_matriz,14009,137422171624,17177636277
demo_matriz,14010,137422171776,17177636296
demo_matriz,14011,67336960,8281944
demo_matriz,14012,137422171768,17177636295
demo_matriz,14013,75784644,9337904
demo_matriz,14014,137422171760,17177636294
demo_matriz,14015,1083035,203
demo_matriz,14016,75832330,9343865
demo_matriz,14017,1083036,203
demo_matriz,14018,75832331,9343865
demo_matriz,14019,1083037,203
demo_matriz,14020,75832332,9343865
demo_matriz,14021,1083038,203
demo_matriz,14022,75832333,9343865
demo_matriz,14023,137422171624,17177636277
demo_matriz,14024,137422171768,17177636295
demo_matriz,14025,75795108,9339212
demo_matriz,14026,137422171760,17177636294
demo_matriz,14027,1083035,203
demo_matriz,14028,75836318,9344363
demo_matriz,14029,1083036,203
demo_matriz,14030,75836319,9344363
demo_matriz,14031,1083037,203
demo_matriz,14032,75836320,9344364
demo_matriz,14033,1083038,203
demo_matriz,14034,75836321,9344364
demo_matriz,14035,137422171624,17177636277
demo_matriz,14036,137422171768,17177636295
demo_matriz,14037,75789876,9338558
demo_matriz,14038,137422171760,17177636294
demo_matriz,14039,1083035,203
demo_matriz,14040,75840338,9344866
demo_matriz,14041,1083036,203
demo_matriz,14042,75840339,9344866
demo_matriz,14043,1083037,203
demo_matriz,14044,75840340,9344866
demo_matriz,14045,1083038,203
demo_matriz,14046,75840341,9344866
demo_matriz,14047,137422171624,17177636277
demo_matriz,14048,137422171768,17177636295
demo_matriz,14049,75787260,9338231
demo_matriz,14050,137422171760,17177636294
demo_matriz,14051,1083035,203
demo_matriz,14052,75833862,9344056
demo_matriz,14053,1083036,203
demo_matriz,14054,75833863,9344056
demo_matriz,14055,1083037,203
demo_matriz,14056,75833864,9344057
demo_matriz,14057,1083038,203
demo_matriz,14058,75833865,9344057
demo_matriz,14059,1083039,203
demo_matriz,14060,75833866,9344057
demo_matriz,14061,137422171624,17177636277
demo_matriz,14062,137422171768,17177636295
demo_matriz,14063,75788556,9338393
demo_matriz,14064,137422171760,17177636294
demo_matriz,14065,1083035,203
demo_matriz,14066,75869919,9348563
demo_matriz,14067,1083036,203
demo_matriz,14068,75869920,9348564
demo_matriz,14069,1083037,203
demo_matriz,14070,75869921,9348564
demo_matriz,14071,1083038,203
demo_matriz,14072,75869922,9348564
demo_matriz,14073,1083039,203
demo_matriz,14074,75869923,9348564
demo_matriz,14075,137422171624,17177636277
demo_matriz,14076,137422171768,17177636295
demo_matriz,14077,75789204,9338474
demo_matriz,14078,137422171760,17177636294
demo_matriz,14079,1083035,203
demo_matriz,14080,75845865,9345557
demo_matriz,14081,1083036,203
demo_matriz,14082,75845866,9345557
demo_matriz,14083,1083037,203
demo_matriz,14084,75845867,9345557
demo_matriz,14085,1083038,203
demo_matriz,14086,75845868,9345557
demo_matriz,14087,1083039,203
demo_matriz,14088,75845869,9345557
demo_matriz,14089,1083040,204
demo_matriz,14090,75845870,9345557
demo_matriz,14091,1083041,204
demo_matriz,14092,75845871,9345557
demo_matriz,14093,137422171624,17177636277
demo_matriz,14094,137422171768,17177636295
demo_matriz,14095,75789540,9338516
demo_matriz,14096,137422171760,17177636294
demo_matriz,14097,1083035,203
demo_matriz,14098,75869148,9348467
demo_matriz,14099,1083036,203
demo_matriz,14100,75869149,9348467
demo_matriz,14101,1083037,203
demo_matriz,14102,75869150,9348467
demo_matriz,14103,1083038,203
demo_matriz,14104,75869151,9348467
demo_matriz,14105,1083039,203
demo_matriz,14106,75869152,9348468
demo_matriz,14107,137422171624,17177636277
demo_matriz,14108,137422171768,17177636295
demo_matriz,14109,75789372,9338495
demo_matriz,14110,137422171760,17177636294
demo_matriz,14111,1083035,203
demo_matriz,14112,75847000,9345699
demo_matriz,14113,1083036,203
demo_matriz,14114,75847001,9345699
demo_matriz,14115,1083037,203
demo_matriz,14116,75847002,9345699
demo_matriz,14117,1083038,203
demo_matriz,14118,75847003,9345699
demo_matriz,14119,1083039,203
demo_matriz,14120,75847004,9345699
demo_matriz,14121,137422171624,17177636277
demo_matriz,14122,137422171768,17177636295
demo_matriz,14123,75789276,9338483
demo_matriz,14124,137422171760,17177636294
demo_matriz,14125,1083035,203
demo_matriz,14126,75856136,9346841
demo_matriz,14127,1083036,203
demo_matriz,14128,75856137,9346841
demo_matriz,14129,1083037,203
demo_matriz,14130,75856138,9346841
demo_matriz,14131,1083038,203
demo_matriz,14132,75856139,9346841
demo_matriz,14133,1083039,203
demo_matriz,14134,75856140,9346841
demo_matriz,14135,1083040,204
demo_matriz,14136,75856141,9346841
demo_matriz,14137,137422171624,17177636277
demo_matriz,14138,137422171768,17177636295
demo_matriz,14139,75789228,9338477
demo_matriz,14140,137422171760,17177636294
demo_matriz,14141,1083035,203
demo_matriz,14142,75844913,9345438
demo_matriz,14143,1083036,203
demo_matriz,14144,75844914,9345438
demo_matriz,14145,1083037,203
demo_matriz,14146,75844915,9345438
demo_matriz,14147,1083038,203
demo_matriz,14148,75844916,9345438
demo_matriz,14149,1083039,203
demo_matriz,14150,75844917,9345438
demo_matriz,14151,1083040,204
demo_matriz,14152,75844918,9345438
demo_matriz,14153,1083041,204
demo_matriz,14154,75844919,9345438
demo_matriz,14155,1083042,204
demo_matriz,14156,75844920,9345439
demo_matriz,14157,1083043,204
demo_matriz,14158,75844921,9345439
demo_matriz,14159,1083044,204
demo_matriz,14160,75844922,9345439
demo_matriz,14161,1083045,204
demo_matriz,14162,75844923,9345439
demo_matriz,14163,1083046,204
demo_matriz,14164,75844924,9345439
demo_matriz,14165,1083047,204
demo_matriz,14166,75844925,9345439
demo_matriz,14167,1083048,205
demo_matriz,14168,75844926,9345439
demo_matriz,14169,137422171624,17177636277
demo_matriz,14170,137422171752,17177636293
demo_matriz,14171,137422171768,17177636295
demo_matriz,14172,137422171760,17177636294
demo_matriz,14173,75789204,9338474
demo_matriz,14174,1083035,203
demo_matriz,14175,75845865,9345557
demo_matriz,14176,1083036,203
demo_matriz,14177,75845866,9345557
demo_matriz,14178,1083037,203
demo_matriz,14179,75845867,9345557
demo_matriz,14180,1083038,203
demo_matriz,14181,75845868,9345557
demo_matriz,14182,1083039,203
demo_matriz,14183,75845869,9345557
demo_matriz,14184,1083040,204
demo_matriz,14185,75845870,9345557
demo_matriz,14186,1083041,204
demo_matriz,14187,75845871,9345557
demo_matriz,14188,137422171624,17177636277
demo_matriz,14189,137422171736,17177636291
demo_matriz,14190,137422171744,17177636292
demo_matriz,14191,137422171704,17177636287
demo_matriz,14192,137422171768,17177636295
demo_matriz,14193,137422171752,17177636293
demo_matriz,14194,137422171768,17177636295
demo_matriz,14195,75789224,9338477
demo_matriz,14196,75789232,9338478
demo_matriz,14197,75789240,9338479
demo_matriz,14198,137422171736,17177636291
demo_matriz,14199,137422171720,17177636289
demo_matriz,14200,137422171744,17177636292
demo_matriz,14201,67336864,8281932
demo_matriz,14202,137422171736,17177636291
demo_matriz,14203,75844891,9345435
demo_matriz,14204,75844896,9345436
demo_matriz,14205,75844912,9345438
demo_matriz,14206,75844928,9345440
demo_matriz,14207,137422171624,17177636277
demo_matriz,14208,137422171736,17177636291
demo_matriz,14209,75844891,9345435
demo_matriz,14210,75844907,9345437
demo_matriz,14211,75844911,9345437
demo_matriz,14212,75844895,9345435
demo_matriz,14213,137422171576,17177636271
demo_matriz,14214,137422171584,17177636272
demo_matriz,14215,137422171600,17177636274
demo_matriz,14216,137422171616,17177636276
demo_matriz,14217,137422171632,17177636278
demo_matriz,14218,137422171544,17177636267
demo_matriz,14219,67336720,8281914
demo_matriz,14220,67342736,8282666
demo_matriz,14221,67342744,8282667
demo_matriz,14222,137422171512,17177636263
demo_matriz,14223,137422171520,17177636264
demo_matriz,14224,137422171528,17177636265
demo_matriz,14225,137422171536,17177636266
demo_matriz,14226,137422171544,17177636267
demo_matriz,14227,137422171552,17177636268
demo_matriz,14228,137422171560,17177636269
demo_matriz,14229,137422171568,17177636270
demo_matriz,14230,137422171584,17177636272
demo_matriz,14231,137422171600,17177636274
demo_matriz,14232,137422171604,17177636274
demo_matriz,14233,137422171588,17177636272
demo_matriz,14234,137422171576,17177636271
demo_matriz,14235,137422171832,17177636303
demo_matriz,14236,137422171840,17177636304
demo_matriz,14237,137422171848,17177636305
demo_matriz,14238,137422171856,17177636306
demo_matriz,14239,137422171864,17177636307
demo_matriz,14240,137422171872,17177636308
demo_matriz,14241,137422171880,17177636309
demo_matriz,14242,67344125,8282839
demo_matriz,14243,67337808,8282050
demo_matriz,14244,137422171792,17177636298
demo_matriz,14245,137422171800,17177636299
demo_matriz,14246,137422171800,17177636299
demo_matriz,14247,137422172000,17177636324
demo_matriz,14248,137422172008,17177636325
demo_matriz,14249,137422172016,17177636326
demo_matriz,14250,137422172017,17177636326
demo_matriz,14251,137422172020,17177636326
demo_matriz,14252,137422172028,17177636327
demo_matriz,14253,137422172026,17177636327
demo_matriz,14254,137422172024,17177636327
demo_matriz,14255,137422172062,17177636331
demo_matriz,14256,137422172064,17177636332
demo_matriz,14257,137422172040,17177636329
demo_matriz,14258,137422171832,17177636303
demo_matriz,14259,137422171840,17177636304
demo_matriz,14260,137422171848,17177636305
demo_matriz,14261,137422171856,17177636306
demo_matriz,14262,137422171864,17177636307
demo_matriz,14263,137422171872,17177636308
demo_matriz,14264,137422171880,17177636309
demo_matriz,14265,137422171912,17177636313
demo_matriz,14266,67336864,8281932
demo_matriz,14267,137422171952,17177636318
demo_matriz,14268,137422171976,17177636321
demo_matriz,14269,67336768,8281920
demo_matriz,14270,137422171928,17177636315
demo_matriz,14271,137422171964,17177636319
demo_matriz,14272,137422171960,17177636319
demo_matriz,14273,137422171864,17177636307
demo_matriz,14274,137422171496,17177636261
demo_matriz,14275,137422171880,17177636309
demo_matriz,14276,137422171648,17177636280
demo_matriz,14277,137422171656,17177636281
demo_matriz,14278,137422171648,17177636280
demo_matriz,14279,67338240,8282104
demo_matriz,14280,67343926,8282814
demo_matriz,14281,67344064,8282832
demo_matriz,14282,67343096,8282711
demo_matriz,14283,67341830,8282552
demo_matriz,14284,67341968,8282570
demo_matriz,14285,67341000,8282449
demo_matriz,14286,75735894,9331810
demo_matriz,14287,75736032,9331828
demo_matriz,14288,75736040,9331829
demo_matriz,14289,75735064,9331707
demo_matriz,14290,75737302,9331986
demo_matriz,14291,75737440,9332004
demo_matriz,14292,75737448,9332005
demo_matriz,14293,75736472,9331883
demo_matriz,14294,137422171880,17177636309
demo_matriz,14295,137422171864,17177636307
demo_matriz,14296,67336864,8281932
demo_matriz,14297,137422171880,17177636309
demo_matriz,14298,137422171864,17177636307
demo_matriz,14299,137422171856,17177636306
demo_matriz,14300,137422171600,17177636274
demo_matriz,14301,137422171592,17177636273
demo_matriz,14302,67337808,8282050
demo_matriz,14303,1083035,203
demo_matriz,14304,137422171384,17177636247
demo_matriz,14305,67336736,8281916
demo_matriz,14306,67336720,8281914
demo_matriz,14307,67342736,8282666
demo_matriz,14308,67342744,8282667
demo_matriz,14309,137422171352,17177636243
demo_matriz,14310,137422171360,17177636244
demo_matriz,14311,137422171368,17177636245
demo_matriz,14312,137422171376,17177636246
demo_matriz,14313,137422171384,17177636247
demo_matriz,14314,137422171400,17177636249
demo_matriz,14315,137422171432,17177636253
demo_matriz,14316,137422171408,17177636250
demo_matriz,14317,1083041,204
demo_matriz,14318,1083035,203
demo_matriz,14319,137422171384,17177636247
demo_matriz,14320,137422171400,17177636249
demo_matriz,14321,137422171424,17177636252
demo_matriz,14322,75737760,9332044
demo_matriz,14323,137422171416,17177636251
demo_matriz,14324,75738660,9332156
demo_matriz,14325,137422171420,17177636251
demo_matriz,14326,67336865,8281932
demo_matriz,14327,67338240,8282104
demo_matriz,14328,67343864,8282807
demo_matriz,14329,75738736,9332166
demo_matriz,14330,137422171424,17177636252
demo_matriz,14331,75737760,9332044
demo_matriz,14332,75737760,9332044
demo_matriz,14333,75737776,9332046
demo_matriz,14334,75737792,9332048
demo_matriz,14335,75737808,9332050
demo_matriz,14336,137422171384,17177636247
demo_matriz,14337,67336720,8281914
demo_matriz,14338,67342736,8282666
demo_matriz,14339,67342744,8282667
demo_matriz,14340,137422171352,17177636243
demo_matriz,14341,137422171360,17177636244
demo_matriz,14342,137422171368,17177636245
demo_matriz,14343,137422171376,17177636246
demo_matriz,14344,137422171384,17177636247
demo_matriz,14345,137422171432,17177636253
demo_matriz,14346,137422171424,17177636252
demo_matriz,14347,75737760,9332044
demo_matriz,14348,75737776,9332046
demo_matriz,14349,75737780,9332046
demo_matriz,14350,75737764,9332044
demo_matriz,14351,137422171384,17177636247
demo_matriz,14352,75739107,9332212
demo_matriz,14353,75739106,9332212
demo_matriz,14354,75739105,9332212
demo_matriz,14355,75739104,9332212
demo_matriz,14356,75739103,9332211
demo_matriz,14357,75739102,9332211
demo_matriz,14358,75739101,9332211
demo_matriz,14359,75739100,9332211
demo_matriz,14360,75739099,9332211
demo_matriz,14361,75739098,9332211
demo_matriz,14362,75739097,9332211
demo_matriz,14363,75739096,9332211
demo_matriz,14364,75739095,9332210
demo_matriz,14365,75739094,9332210
demo_matriz,14366,75739093,9332210
demo_matriz,14367,137422171448,17177636255
demo_matriz,14368,137422171456,17177636256
demo_matriz,14369,137422171464,17177636257
demo_matriz,14370,137422171472,17177636258
demo_matriz,14371,137422171480,17177636259
demo_matriz,14372,137422171488,17177636260
demo_matriz,14373,137422171496,17177636261
demo_matriz,14374,137422172032,17177636328
demo_matriz,14375,137422172040,17177636329
demo_matriz,14376,137422172024,17177636327
demo_matriz,14377,137422172064,17177636332
demo_matriz,14378,137422172000,17177636324
demo_matriz,14379,75738560,9332144
demo_matriz,14380,137422171560,17177636269
demo_matriz,14381,67336888,8281935
demo_matriz,14382,137422171560,17177636269
demo_matriz,14383,137422172072,17177636333
demo_matriz,14384,137422172088,17177636335
demo_matriz,14385,137422172080,17177636334
demo_matriz,14386,137422171584,17177636272
demo_matriz,14387,137422171624,17177636277
demo_matriz,14388,137422172104,17177636337
demo_matriz,14389,137422172112,17177636338
demo_matriz,14390,137422172120,17177636339
demo_matriz,14391,137422172076,17177636333
demo_matriz,14392,137422171624,17177636277
demo_matriz,14393,137422172128,17177636340
demo_matriz,14394,137422172144,17177636342
demo_matriz,14395,137422172136,17177636341
demo_matriz,14396,137422171584,17177636272
demo_matriz,14397,137422171624,17177636277
demo_matriz,14398,137422172160,17177636344
demo_matriz,14399,137422172168,17177636345
demo_matriz,14400,137422172176,17177636346
demo_matriz,14401,137422170840,17177636179
demo_matriz,14402,137422171608,17177636275
demo_matriz,14403,137422172132,17177636340
demo_matriz,14404,137422171624,17177636277
demo_matriz,14405,137422172184,17177636347
demo_matriz,14406,137422172200,17177636349
demo_matriz,14407,137422172192,17177636348
demo_matriz,14408,137422171584,17177636272
demo_matriz,14409,137422171624,17177636277
demo_matriz,14410,137422172216,17177636351
demo_matriz,14411,137422172224,17177636352
demo_matriz,14412,137422172232,17177636353
demo_matriz,14413,137422170896,17177636186
demo_matriz,14414,137422171608,17177636275
demo_matriz,14415,137422172188,17177636347
demo_matriz,14416,137422171624,17177636277
demo_matriz,14417,137422172240,17177636354
demo_matriz,14418,137422172256,17177636356
demo_matriz,14419,137422172248,17177636355
demo_matriz,14420,137422171584,17177636272
demo_matriz,14421,137422171624,17177636277
demo_matriz,14422,137422172272,17177636358
demo_matriz,14423,137422172280,17177636359
demo_matriz,14424,137422172288,17177636360
demo_matriz,14425,137422170952,17177636193
demo_matriz,14426,137422171608,17177636275
demo_matriz,14427,137422172244,17177636354
demo_matriz,14428,137422171624,17177636277
demo_matriz,14429,137422172296,17177636361
demo_matriz,14430,137422172328,17177636365
demo_matriz,14431,137422172312,17177636363
demo_matriz,14432,75738662,9332156
demo_matriz,14433,137422172336,17177636366
demo_matriz,14434,137422172300,17177636361
demo_matriz,14435,137422172352,17177636368
demo_matriz,14436,137422172408,17177636375
demo_matriz,14437,137422172464,17177636382
demo_matriz,14438,137422172504,17177636387
demo_matriz,14439,137422172512,17177636388
demo_matriz,14440,137422172480,17177636384
demo_matriz,14441,137422172496,17177636386
demo_matriz,14442,75738660,9332156
demo_matriz,14443,137422172520,17177636389
demo_matriz,14444,137422172576,17177636396
demo_matriz,14445,137422172632,17177636403
demo_matriz,14446,137422172636,17177636403
demo_matriz,14447,137422172688,17177636410
demo_matriz,14448,137422172720,17177636414
demo_matriz,14449,137422172704,17177636412
demo_matriz,14450,137422171540,17177636266
demo_matriz,14451,137422171528,17177636265
demo_matriz,14452,137422171520,17177636264
demo_matriz,14453,137422171512,17177636263
demo_matriz,14454,137422171624,17177636277
demo_matriz,14455,75737824,9332052
demo_matriz,14456,137422171576,17177636271
demo_matriz,14457,137422171624,17177636277
demo_matriz,14458,137422170832,17177636178
demo_matriz,14459,137422170864,17177636182
demo_matriz,14460,137422171024,17177636202
demo_matriz,14461,137422170880,17177636184
demo_matriz,14462,137422171620,17177636276
demo_matriz,14463,137422170872,17177636183
demo_matriz,14464,67337317,8281988
demo_matriz,14465,137422170800,17177636174
demo_matriz,14466,137422170808,17177636175
demo_matriz,14467,137422170816,17177636176
demo_matriz,14468,137422170824,17177636177
demo_matriz,14469,137422171576,17177636271
demo_matriz,14470,137422171584,17177636272
demo_matriz,14471,137422171608,17177636275
demo_matriz,14472,137422171624,17177636277
demo_matriz,14473,75738544,9332142
demo_matriz,14474,137422170872,17177636183
demo_matriz,14475,137422172040,17177636329
demo_matriz,14476,137422172064,17177636332
demo_matriz,14477,137422170840,17177636179
demo_matriz,14478,137422170856,17177636181
demo_matriz,14479,137422170848,17177636180
demo_matriz,14480,137422171624,17177636277
demo_matriz,14481,137422170896,17177636186
demo_matriz,14482,137422170888,17177636185
demo_matriz,14483,75737808,9332050
demo_matriz,14484,137422170936,17177636191
demo_matriz,14485,137422170928,17177636190
demo_matriz,14486,137422171620,17177636276
demo_matriz,14487,137422170800,17177636174
demo_matriz,14488,137422170808,17177636175
demo_matriz,14489,137422170816,17177636176
demo_matriz,14490,137422170824,17177636177
demo_matriz,14491,75738544,9332142
demo_matriz,14492,137422170912,17177636188
demo_matriz,14493,137422170904,17177636187
demo_matriz,14494,137422171624,17177636277
demo_matriz,14495,137422170952,17177636193
demo_matriz,14496,137422170944,17177636192
demo_matriz,14497,75737808,9332050
demo_matriz,14498,137422170992,17177636198
demo_matriz,14499,137422170984,17177636197
demo_matriz,14500,137422171620,17177636276
demo_matriz,14501,137422170800,17177636174
demo_matriz,14502,137422170808,17177636175
demo_matriz,14503,137422170816,17177636176
demo_matriz,14504,137422170824,17177636177
demo_matriz,14505,75738544,9332142
demo_matriz,14506,137422170968,17177636195
demo_matriz,14507,137422170960,17177636194
demo_matriz,14508,137422171624,17177636277
demo_matriz,14509,137422171008,17177636200
demo_matriz,14510,137422171000,17177636199
demo_matriz,14511,75737808,9332050
demo_matriz,14512,137422171048,17177636205
demo_matriz,14513,137422171040,17177636204
demo_matriz,14514,137422171620,17177636276
demo_matriz,14515,137422170800,17177636174
demo_matriz,14516,137422170808,17177636175
demo_matriz,14517,137422170816,17177636176
demo_matriz,14518,137422170824,17177636177
demo_matriz,14519,75738544,9332142
demo_matriz,14520,137422171024,17177636202
demo_matriz,14521,137422171016,17177636201
demo_matriz,14522,75737808,9332050
demo_matriz,14523,67336888,8281935
demo_matriz,14524,137422171048,17177636205
demo_matriz,14525,137422170824,17177636177
demo_matriz,14526,137422171608,17177636275
demo_matriz,14527,137422171624,17177636277
demo_matriz,14528,75737824,9332052
demo_matriz,14529,137422171544,17177636267
demo_matriz,14530,75737808,9332050
demo_matriz,14531,78675376,9699246
demo_matriz,14532,78675392,9699248
demo_matriz,14533,78675408,9699250
demo_matriz,14534,78675424,9699252
demo_matriz,14535,78675440,9699254
demo_matriz,14536,78675456,9699256
demo_matriz,14537,78675472,9699258
demo_matriz,14538,78675488,9699260
demo_matriz,14539,78675504,9699262
demo_matriz,14540,78675520,9699264
demo_matriz,14541,78675536,9699266
demo_matriz,14542,78675552,9699268
demo_matriz,14543,78675568,9699270
demo_matriz,14544,78675584,9699272
demo_matriz,14545,78675600,9699274
demo_matriz,14546,78675616,9699276
demo_matriz,14547,78675632,9699278
demo_matriz,14548,78675648,9699280
demo_matriz,14549,78675664,9699282
demo_matriz,14550,78675680,9699284
demo_matriz,14551,78675696,9699286
demo_matriz,14552,78675712,9699288
demo_matriz,14553,78675728,9699290
demo_matriz,14554,78675744,9699292
demo_matriz,14555,78675760,9699294
demo_matriz,14556,78675776,9699296
demo_matriz,14557,78675792,9699298
demo_matriz,14558,78675808,9699300
demo_matriz,14559,75738662,9332156
demo_matriz,14560,75737904,9332062
demo_matriz,14561,75737896,9332061
demo_matriz,14562,75737912,9332063
demo_matriz,14563,75737920,9332064
demo_matriz,14564,75738160,9332094
demo_matriz,14565,75738056,9332081
demo_matriz,14566,75738328,9332115
demo_matriz,14567,75738536,9332141
demo_matriz,14568,75737928,9332065
demo_matriz,14569,75738032,9332078
demo_matriz,14570,78675672,9699283
demo_matriz,14571,78675640,9699279
demo_matriz,14572,75737928,9332065
demo_matriz,14573,75737944,9332067
demo_matriz,14574,78675704,9699287
demo_matriz,14575,75738160,9332094
demo_matriz,14576,75738112,9332088
demo_matriz,14577,75738240,9332104
demo_matriz,14578,75738860,9332181
demo_matriz,14579,75738104,9332087
demo_matriz,14580,75738544,9332142
demo_matriz,14581,75737808,9332050
demo_matriz,14582,67342448,8282630
demo_matriz,14583,137422171616,17177636276
demo_matriz,14584,75738928,9332190
demo_matriz,14585,75737808,9332050
demo_matriz,14586,75738560,9332144
demo_matriz,14587,137422171620,17177636276
demo_matriz,14588,78492328,9676365
demo_matriz,14589,78492272,9676358
demo_matriz,14590,78492216,9676351
demo_matriz,14591,78492160,9676344
demo_matriz,14592,78492208,9676350
demo_matriz,14593,78492200,9676349
demo_matriz,14594,75737808,9332050
demo_matriz,14595,78492176,9676346
demo_matriz,14596,78492384,9676372
demo_matriz,14597,78492392,9676373
demo_matriz,14598,78492396,9676373
demo_matriz,14599,78492388,9676372
demo_matriz,14600,78492400,9676374
demo_matriz,14601,78492404,9676374
demo_matriz,14602,78492408,9676375
demo_matriz,14603,75738666,9332157
demo_matriz,14604,137422171496,17177636261
demo_matriz,14605,75738544,9332142
demo_matriz,14606,78492104,9676337
demo_matriz,14607,78492048,9676330
demo_matriz,14608,75738666,9332157
demo_matriz,14609,78491992,9676323
demo_matriz,14610,75738666,9332157
demo_matriz,14611,78491936,9676316
demo_matriz,14612,78491880,9676309
demo_matriz,14613,78491824,9676302
demo_matriz,14614,78491768,9676295
demo_matriz,14615,78491712,9676288
demo_matriz,14616,137422171620,17177636276
demo_matriz,14617,137422171496,17177636261
demo_matriz,14618,137422171540,17177636266
demo_matriz,14619,75738552,9332143
demo_matriz,14620,75737808,9332050
demo_matriz,14621,67336864,8281932
demo_matriz,14622,75738536,9332141
demo_matriz,14623,78675528,9699265
demo_matriz,14624,75738662,9332156
demo_matriz,14625,78492576,9676396
demo_matriz,14626,78492584,9676397
demo_matriz,14627,78492580,9676396
demo_matriz,14628,78492588,9676397
demo_matriz,14629,137422171496,17177636261
demo_matriz,14630,137422171864,17177636307
demo_matriz,14631,75738000,9332074
demo_matriz,14632,75738860,9332181
demo_matriz,14633,137422171632,17177636278
demo_matriz,14634,137422171552,17177636268
demo_matriz,14635,67337600,8282024
demo_matriz,14636,137422171880,17177636309
demo_matriz,14637,137422171880,17177636309
demo_matriz,14638,67338272,8282108
demo_matriz,14639,75737984,9332072
demo_matriz,14640,78675416,9699251
demo_matriz,14641,75737912,9332063
demo_matriz,14642,78675544,9699267
demo_matriz,14643,75738662,9332156
demo_matriz,14644,78502664,9677657
demo_matriz,14645,67297195,8276973
demo_matriz,14646,78502672,9677658
demo_matriz,14647,67297203,8276974
demo_matriz,14648,67297198,8276973
demo_matriz,14649,78502667,9677657
demo_matriz,14650,137422171496,17177636261
demo_matriz,14651,75738944,9332192
demo_matriz,14652,75738660,9332156
demo_matriz,14653,67342456,8282631
demo_matriz,14654,67342452,8282630
demo_matriz,14655,137422171488,17177636260
demo_matriz,14656,137422171496,17177636261
demo_matriz,14657,137422171880,17177636309
demo_matriz,14658,67336752,8281918
demo_matriz,14659,137422171448,17177636255
demo_matriz,14660,67338240,8282104
demo_matriz,14661,67343096,8282711
demo_matriz,14662,67341000,8282449
demo_matriz,14663,75735064,9331707
demo_matriz,14664,75736472,9331883
demo_matriz,14665,67340928,8282440
demo_matriz,14666,137422171464,17177636257
demo_matriz,14667,137422171472,17177636258
demo_matriz,14668,137422171480,17177636259
demo_matriz,14669,137422171488,17177636260
demo_matriz,14670,67336744,8281917
demo_matriz,14671,137422171496,17177636261
demo_matriz,14672,137422171864,17177636307
demo_matriz,14673,137422171880,17177636309
demo_matriz,14674,67342640,8282654
demo_matriz,14675,137422171496,17177636261
demo_matriz,14676,67342656,8282656
demo_matriz,14677,75737856,9332056
demo_matriz,14678,67338240,8282104
demo_matriz,14679,67343926,8282814
demo_matriz,14680,137422171880,17177636309
demo_matriz,14681,67337808,8282050
demo_matriz,14682,137422171496,17177636261
demo_matriz,14683,137422171800,17177636299
demo_matriz,14684,137422171808,17177636300
demo_matriz,14685,137422171816,17177636301
demo_matriz,14686,137422171824,17177636302
demo_matriz,14687,137422171832,17177636303
demo_matriz,14688,137422171840,17177636304
demo_matriz,14689,137422171848,17177636305
demo_matriz,14690,137422172856,17177636431
demo_matriz,14691,137422172864,17177636432
demo_matriz,14692,137422172872,17177636433
demo_matriz,14693,137422172880,17177636434
demo_matriz,14694,137422172888,17177636435
demo_matriz,14695,137422172896,17177636436
demo_matriz,14696,137422172904,17177636437
demo_matriz,14697,137422172920,17177636439
demo_matriz,14698,137422172928,17177636440
demo_matriz,14699,137422172936,17177636441
demo_matriz,14700,67342896,8282686
demo_matriz,14701,137422172944,17177636442
demo_matriz,14702,137422172968,17177636445
demo_matriz,14703,137422173224,17177636477
demo_matriz,14704,137422173232,17177636478
demo_matriz,14705,137422173240,17177636479
demo_matriz,14706,137422173480,17177636509
demo_matriz,14707,137422173536,17177636516
demo_matriz,14708,75738660,9332156
demo_matriz,14709,137422173432,17177636503
demo_matriz,14710,75738660,9332156
demo_matriz,14711,137422173456,17177636506
demo_matriz,14712,1097112,1963
demo_matriz,14713,137422173464,17177636507
demo_matriz,14714,1097120,1964
demo_matriz,14715,1083049,205
demo_matriz,14716,1083058,206
demo_matriz,14717,137422173144,17177636467
demo_matriz,14718,137422173160,17177636469
demo_matriz,14719,137422173168,17177636470
demo_matriz,14720,137422173176,17177636471
demo_matriz,14721,137422173184,17177636472
demo_matriz,14722,137422173192,17177636473
demo_matriz,14723,137422173200,17177636474
demo_matriz,14724,137422173208,17177636475
demo_matriz,14725,67342896,8282686
demo_matriz,14726,67342616,8282651
demo_matriz,14727,67336816,8281926
demo_matriz,14728,67336816,8281926
demo_matriz,14729,137422172904,17177636437
demo_matriz,14730,67336816,8281926
demo_matriz,14731,137422172904,17177636437
demo_matriz,14732,137422172928,17177636440
demo_matriz,14733,137422172920,17177636439
demo_matriz,14734,137422173504,17177636512
demo_matriz,14735,137422173512,17177636513
demo_matriz,14736,137422173528,17177636515
demo_matriz,14737,137422173516,17177636513
demo_matriz,14738,67343924,8282814
demo_matriz,14739,67343120,8282714
demo_matriz,14740,67340800,8282424
demo_matriz,14741,67338240,8282104
demo_matriz,14742,67343925,8282814
demo_matriz,14743,67343926,8282814
demo_matriz,14744,67343080,8282709
demo_matriz,14745,67294576,8276646
demo_matriz,14746,67344560,8282894
demo_matriz,14747,1083040,204
demo_matriz,14748,67344568,8282895
demo_matriz,14749,1083049,205
demo_matriz,14750,137422171816,17177636301
demo_matriz,14751,67343128,8282715
demo_matriz,14752,67344544,8282892
demo_matriz,14753,67294576,8276646
demo_matriz,14754,67344560,8282894
demo_matriz,14755,1083040,204
demo_matriz,14756,67344568,8282895
demo_matriz,14757,1083049,205
demo_matriz,14758,137422171816,17177636301
demo_matriz,14759,67344552,8282893
demo_matriz,14760,137422171824,17177636302
demo_matriz,14761,137422171832,17177636303
demo_matriz,14762,137422171840,17177636304
demo_matriz,14763,137422171848,17177636305
demo_matriz,14764,67343925,8282814
demo_matriz,14765,67343248,8282730
demo_matriz,14766,67343096,8282711
demo_matriz,14767,67341829,8282552
demo_matriz,14768,67341830,8282552
demo_matriz,14769,67340984,8282447
demo_matriz,14770,1083049,205
demo_matriz,14771,1082136,91
demo_matriz,14772,1083057,206
demo_matriz,14773,1082144,92
demo_matriz,14774,1082136,91
demo_matriz,14775,1083049,205
demo_matriz,14776,137422171816,17177636301
demo_matriz,14777,67341032,8282453
demo_matriz,14778,67342976,8282696
demo_matriz,14779,1083049,205
demo_matriz,14780,1082136,91
demo_matriz,14781,1083057,206
demo_matriz,14782,1082144,92
demo_matriz,14783,1082136,91
demo_matriz,14784,1083049,205
demo_matriz,14785,137422171816,17177636301
demo_matriz,14786,67342984,8282697
demo_matriz,14787,67342912,8282688
demo_matriz,14788,1083049,205
demo_matriz,14789,67111873,8253808
demo_matriz,14790,1083057,206
demo_matriz,14791,67111881,8253809
demo_matriz,14792,67111874,8253808
demo_matriz,14793,1083050,205
demo_matriz,14794,137422171816,17177636301
demo_matriz,14795,67342920,8282689
demo_matriz,14796,137422171824,17177636302
demo_matriz,14797,137422171832,17177636303
demo_matriz,14798,137422171840,17177636304
demo_matriz,14799,137422171848,17177636305
demo_matriz,14800,67341829,8282552
demo_matriz,14801,67341152,8282468
demo_matriz,14802,67337824,8282052
demo_matriz,14803,67341080,8282459
demo_matriz,14804,67337872,8282058
demo_matriz,14805,67341830,8282552
demo_matriz,14806,1083049,205
demo_matriz,14807,67111873,8253808
demo_matriz,14808,1083057,206
demo_matriz,14809,67111881,8253809
demo_matriz,14810,67111874,8253808
demo_matriz,14811,1083050,205
demo_matriz,14812,137422171848,17177636305
demo_matriz,14813,67341000,8282449
demo_matriz,14814,75735893,9331810
demo_matriz,14815,75735894,9331810
demo_matriz,14816,75735048,9331705
demo_matriz,14817,1083049,205
demo_matriz,14818,67345184,8282972
demo_matriz,14819,1083057,206
demo_matriz,14820,67345192,8282973
demo_matriz,14821,67345184,8282972
demo_matriz,14822,1083049,205
demo_matriz,14823,137422171816,17177636301
demo_matriz,14824,75735096,9331711
demo_matriz,14825,75736256,9331856
demo_matriz,14826,1083049,205
demo_matriz,14827,75736280,9331859
demo_matriz,14828,1083057,206
demo_matriz,14829,75736288,9331860
demo_matriz,14830,75736280,9331859
demo_matriz,14831,1083049,205
demo_matriz,14832,137422171816,17177636301
demo_matriz,14833,75736264,9331857
demo_matriz,14834,137422171824,17177636302
demo_matriz,14835,137422171832,17177636303
demo_matriz,14836,137422171840,17177636304
demo_matriz,14837,137422171848,17177636305
demo_matriz,14838,75735893,9331810
demo_matriz,14839,75735216,9331726
demo_matriz,14840,75735064,9331707
demo_matriz,14841,75737301,9331986
demo_matriz,14842,75737302,9331986
demo_matriz,14843,75736456,9331881
demo_matriz,14844,1083049,205
demo_matriz,14845,75736400,9331874
demo_matriz,14846,1083057,206
demo_matriz,14847,75736408,9331875
demo_matriz,14848,75736400,9331874
demo_matriz,14849,1083049,205
demo_matriz,14850,137422171816,17177636301
demo_matriz,14851,75736504,9331887
demo_matriz,14852,75737664,9332032
demo_matriz,14853,1083049,205
demo_matriz,14854,75737688,9332035
demo_matriz,14855,1083057,206
demo_matriz,14856,75737696,9332036
demo_matriz,14857,75737691,9332035
demo_matriz,14858,1083052,205
demo_matriz,14859,137422171816,17177636301
demo_matriz,14860,75737672,9332033
demo_matriz,14861,137422171824,17177636302
demo_matriz,14862,137422171832,17177636303
demo_matriz,14863,137422171840,17177636304
demo_matriz,14864,137422171848,17177636305
demo_matriz,14865,75737301,9331986
demo_matriz,14866,75736624,9331902
demo_matriz,14867,78458312,9672113
demo_matriz,14868,75736552,9331893
demo_matriz,14869,78458440,9672129
demo_matriz,14870,75737302,9331986
demo_matriz,14871,1083049,205
demo_matriz,14872,76374167,9411594
demo_matriz,14873,1083057,206
demo_matriz,14874,76374175,9411595
demo_matriz,14875,76374170,9411595
demo_matriz,14876,1083052,205
demo_matriz,14877,137422171848,17177636305
demo_matriz,14878,75736472,9331883
demo_matriz,14879,75738661,9332156
demo_matriz,14880,75738662,9332156
demo_matriz,14881,75737816,9332051
demo_matriz,14882,1083049,205
demo_matriz,14883,75737760,9332044
demo_matriz,14884,1083057,206
demo_matriz,14885,75737768,9332045
demo_matriz,14886,75737760,9332044
demo_matriz,14887,1083049,205
demo_matriz,14888,137422171816,17177636301
demo_matriz,14889,75737864,9332057
demo_matriz,14890,75739024,9332202
demo_matriz,14891,1083049,205
demo_matriz,14892,75739048,9332205
demo_matriz,14893,1083057,206
demo_matriz,14894,75739056,9332206
demo_matriz,14895,75739051,9332205
demo_matriz,14896,1083052,205
demo_matriz,14897,137422171816,17177636301
demo_matriz,14898,75739032,9332203
demo_matriz,14899,137422171824,17177636302
demo_matriz,14900,137422171832,17177636303
demo_matriz,14901,137422171840,17177636304
demo_matriz,14902,137422171848,17177636305
demo_matriz,14903,75738661,9332156
demo_matriz,14904,75737984,9332072
demo_matriz,14905,78675416,9699251
demo_matriz,14906,75737912,9332063
demo_matriz,14907,78675544,9699267
demo_matriz,14908,75738662,9332156
demo_matriz,14909,1083049,205
demo_matriz,14910,78502664,9677657
demo_matriz,14911,1083057,206
demo_matriz,14912,78502672,9677658
demo_matriz,14913,78502667,9677657
demo_matriz,14914,1083052,205
demo_matriz,14915,137422171848,17177636305
demo_matriz,14916,75737832,9332053
demo_matriz,14917,137422171920,17177636314
demo_matriz,14918,137422171932,17177636315
demo_matriz,14919,67336864,8281932
demo_matriz,14920,67337808,8282050
demo_matriz,14921,1083049,205
demo_matriz,14922,1083058,206
demo_matriz,14923,137422171848,17177636305
demo_matriz,14924,1083049,205
demo_matriz,14925,137422171848,17177636305
demo_matriz,14926,67336864,8281932
demo_matriz,14927,67343368,8282745
demo_matriz,14928,67338240,8282104
demo_matriz,14929,67343944,8282817
demo_matriz,14930,67343864,8282807
demo_matriz,14931,137422171912,17177636313
demo_matriz,14932,137422171872,17177636308
demo_matriz,14933,137422171880,17177636309
demo_matriz,14934,137422171864,17177636307
demo_matriz,14935,67343924,8282814
demo_matriz,14936,137422171932,17177636315
demo_matriz,14937,67343944,8282817
demo_matriz,14938,67331088,8281210
demo_matriz,14939,137422171932,17177636315
demo_matriz,14940,137422171888,17177636310
demo_matriz,14941,67331088,8281210
demo_matriz,14942,67331056,8281206
demo_matriz,14943,67342720,8282664
demo_matriz,14944,137422171824,17177636302
demo_matriz,14945,137422171560,17177636269
demo_matriz,14946,67345072,8282958
demo_matriz,14947,67336864,8281932
demo_matriz,14948,67345136,8282966
demo_matriz,14949,67345128,8282965
demo_matriz,14950,137422171552,17177636268
demo_matriz,14951,67345163,8282969
demo_matriz,14952,67345156,8282968
demo_matriz,14953,137422171416,17177636251
demo_matriz,14954,137422171548,17177636267
demo_matriz,14955,137422171584,17177636272
demo_matriz,14956,67331064,8281207
demo_matriz,14957,67345144,8282967
demo_matriz,14958,67331064,8281207
demo_matriz,14959,67345148,8282967
demo_matriz,14960,67331064,8281207
demo_matriz,14961,67345152,8282968
demo_matriz,14962,137422171584,17177636272
demo_matriz,14963,67331072,8281208
demo_matriz,14964,67344648,8282905
demo_matriz,14965,67344640,8282904
demo_matriz,14966,137422171416,17177636251
demo_matriz,14967,137422171608,17177636275
demo_matriz,14968,137422171600,17177636274
demo_matriz,14969,1083051,205
demo_matriz,14970,1083049,205
demo_matriz,14971,137422171416,17177636251
demo_matriz,14972,67336864,8281932
demo_matriz,14973,137422171840,17177636304
demo_matriz,14974,137422171832,17177636303
demo_matriz,14975,137422171592,17177636273
demo_matriz,14976,67337808,8282050
demo_matriz,14977,137422171328,17177636240
demo_matriz,14978,137422171336,17177636241
demo_matriz,14979,137422171368,17177636245
demo_matriz,14980,137422171376,17177636246
demo_matriz,14981,137422171384,17177636247
demo_matriz,14982,137422171392,17177636248
demo_matriz,14983,137422171400,17177636249
demo_matriz,14984,137422171408,17177636250
demo_matriz,14985,137422171416,17177636251
demo_matriz,14986,67345152,8282968
demo_matriz,14987,67331064,8281207
demo_matriz,14988,137422171576,17177636271
demo_matriz,14989,67343008,8282700
demo_matriz,14990,137422171136,17177636216
demo_matriz,14991,137422171560,17177636269
demo_matriz,14992,67345080,8282959
demo_matriz,14993,137422171544,17177636267
demo_matriz,14994,137422171520,17177636264
demo_matriz,14995,137422171768,17177636295
demo_matriz,14996,137422171776,17177636296
demo_matriz,14997,137422171784,17177636297
demo_matriz,14998,137422171792,17177636298
demo_matriz,14999,137422171800,17177636299
demo_matriz,15000,137422171808,17177636300
demo_matriz,15001,137422171816,17177636301
demo_matriz,15002,67344080,8282834
demo_matriz,15003,137422171932,17177636315
demo_matriz,15004,67336904,8281937
demo_matriz,15005,67336864,8281932
demo_matriz,15006,67342800,8282674
demo_matriz,15007,67342784,8282672
demo_matriz,15008,67342792,8282673
demo_matriz,15009,67336872,8281933
demo_matriz,15010,75763732,9335290
demo_matriz,15011,67298373,8277120
demo_matriz,15012,67337541,8282016
demo_matriz,15013,67298381,8277121
demo_matriz,15014,67337549,8282017
demo_matriz,15015,67337548,8282017
demo_matriz,15016,67298380,8277121
demo_matriz,15017,137422171592,17177636273
demo_matriz,15018,67333768,8281545
demo_matriz,15019,67333808,8281550
demo_matriz,15020,67333824,8281552
demo_matriz,15021,137422171592,17177636273
demo_matriz,15022,137422171744,17177636292
demo_matriz,15023,67336960,8281944
demo_matriz,15024,137422171736,17177636291
demo_matriz,15025,75784644,9337904
demo_matriz,15026,137422171728,17177636290
demo_matriz,15027,1083049,205
demo_matriz,15028,75832330,9343865
demo_matriz,15029,1083050,205
demo_matriz,15030,75832331,9343865
demo_matriz,15031,1083051,205
demo_matriz,15032,75832332,9343865
demo_matriz,15033,1083052,205
demo_matriz,15034,75832333,9343865
demo_matriz,15035,137422171592,17177636273
demo_matriz,15036,137422171736,17177636291
demo_matriz,15037,75795108,9339212
demo_matriz,15038,137422171728,17177636290
demo_matriz,15039,1083049,205
demo_matriz,15040,75836318,9344363
demo_matriz,15041,1083050,205
demo_matriz,15042,75836319,9344363
demo_matriz,15043,1083051,205
demo_matriz,15044,75836320,9344364
demo_matriz,15045,1083052,205
demo_matriz,15046,75836321,9344364
demo_matriz,15047,1083053,205
demo_matriz,15048,75836322,9344364
demo_matriz,15049,137422171592,17177636273
demo_matriz,15050,137422171736,17177636291
demo_matriz,15051,75800340,9339866
demo_matriz,15052,137422171728,17177636290
demo_matriz,15053,1083049,205
demo_matriz,15054,75836673,9344408
demo_matriz,15055,1083050,205
demo_matriz,15056,75836674,9344408
demo_matriz,15057,1083051,205
demo_matriz,15058,75836675,9344408
demo_matriz,15059,1083052,205
demo_matriz,15060,75836676,9344408
demo_matriz,15061,137422171592,17177636273
demo_matriz,15062,137422171736,17177636291
demo_matriz,15063,75797724,9339539
demo_matriz,15064,137422171728,17177636290
demo_matriz,15065,1083049,205
demo_matriz,15066,75868214,9348350
demo_matriz,15067,1083050,205
demo_matriz,15068,75868215,9348350
demo_matriz,15069,1083051,205
demo_matriz,15070,75868216,9348351
demo_matriz,15071,1083052,205
demo_matriz,15072,75868217,9348351
demo_matriz,15073,137422171592,17177636273
demo_matriz,15074,137422171736,17177636291
demo_matriz,15075,75796404,9339374
demo_matriz,15076,137422171728,17177636290
demo_matriz,15077,1083049,205
demo_matriz,15078,75831649,9343780
demo_matriz,15079,1083050,205
demo_matriz,15080,75831650,9343780
demo_matriz,15081,1083051,205
demo_matriz,15082,75831651,9343780
demo_matriz,15083,1083052,205
demo_matriz,15084,75831652,9343780
demo_matriz,15085,137422171592,17177636273
demo_matriz,15086,137422171736,17177636291
demo_matriz,15087,75795756,9339293
demo_matriz,15088,137422171728,17177636290
demo_matriz,15089,1083049,205
demo_matriz,15090,75824999,9342948
demo_matriz,15091,1083050,205
demo_matriz,15092,75825000,9342949
demo_matriz,15093,1083051,205
demo_matriz,15094,75825001,9342949
demo_matriz,15095,1083052,205
demo_matriz,15096,75825002,9342949
demo_matriz,15097,137422171592,17177636273
demo_matriz,15098,137422171736,17177636291
demo_matriz,15099,75795420,9339251
demo_matriz,15100,137422171728,17177636290
demo_matriz,15101,1083049,205
demo_matriz,15102,75835786,9344297
demo_matriz,15103,1083050,205
demo_matriz,15104,75835787,9344297
demo_matriz,15105,1083051,205
demo_matriz,15106,75835788,9344297
demo_matriz,15107,1083052,205
demo_matriz,15108,75835789,9344297
demo_matriz,15109,1083053,205
demo_matriz,15110,75835790,9344297
demo_matriz,15111,137422171592,17177636273
demo_matriz,15112,137422171736,17177636291
demo_matriz,15113,75795588,9339272
demo_matriz,15114,137422171728,17177636290
demo_matriz,15115,1083049,205
demo_matriz,15116,75808190,9340847
demo_matriz,15117,1083050,205
demo_matriz,15118,75808191,9340847
demo_matriz,15119,1083051,205
demo_matriz,15120,75808192,9340848
demo_matriz,15121,1083052,205
demo_matriz,15122,75808193,9340848
demo_matriz,15123,1083053,205
demo_matriz,15124,75808194,9340848
demo_matriz,15125,137422171592,17177636273
demo_matriz,15126,137422171736,17177636291
demo_matriz,15127,75795660,9339281
demo_matriz,15128,137422171728,17177636290
demo_matriz,15129,1083049,205
demo_matriz,15130,75854836,9346678
demo_matriz,15131,1083050,205
demo_matriz,15132,75854837,9346678
demo_matriz,15133,1083051,205
demo_matriz,15134,75854838,9346678
demo_matriz,15135,1083052,205
demo_matriz,15136,75854839,9346678
demo_matriz,15137,137422171592,17177636273
demo_matriz,15138,137422171736,17177636291
demo_matriz,15139,75795612,9339275
demo_matriz,15140,137422171728,17177636290
demo_matriz,15141,1083049,205
demo_matriz,15142,75817105,9341962
demo_matriz,15143,1083050,205
demo_matriz,15144,75817106,9341962
demo_matriz,15145,1083051,205
demo_matriz,15146,75817107,9341962
demo_matriz,15147,1083052,205
demo_matriz,15148,75817108,9341962
demo_matriz,15149,1083053,205
demo_matriz,15150,75817109,9341962
demo_matriz,15151,1083054,205
demo_matriz,15152,75817110,9341962
demo_matriz,15153,1083055,205
demo_matriz,15154,75817111,9341962
demo_matriz,15155,1083056,206
demo_matriz,15156,75817112,9341963
demo_matriz,15157,1083057,206
demo_matriz,15158,75817113,9341963
demo_matriz,15159,1083058,206
demo_matriz,15160,75817114,9341963
demo_matriz,15161,137422171592,17177636273
demo_matriz,15162,137422171720,17177636289
demo_matriz,15163,137422171736,17177636291
demo_matriz,15164,137422171728,17177636290
demo_matriz,15165,75795588,9339272
demo_matriz,15166,1083049,205
demo_matriz,15167,75808190,9340847
demo_matriz,15168,1083050,205
demo_matriz,15169,75808191,9340847
demo_matriz,15170,1083051,205
demo_matriz,15171,75808192,9340848
demo_matriz,15172,1083052,205
demo_matriz,15173,75808193,9340848
demo_matriz,15174,1083053,205
demo_matriz,15175,75808194,9340848
demo_matriz,15176,137422171592,17177636273
demo_matriz,15177,137422171704,17177636287
demo_matriz,15178,137422171712,17177636288
demo_matriz,15179,137422171672,17177636283
demo_matriz,15180,137422171736,17177636291
demo_matriz,15181,137422171720,17177636289
demo_matriz,15182,137422171736,17177636291
demo_matriz,15183,75795608,9339275
demo_matriz,15184,75795616,9339276
demo_matriz,15185,75795624,9339277
demo_matriz,15186,137422171704,17177636287
demo_matriz,15187,137422171688,17177636285
demo_matriz,15188,137422171712,17177636288
demo_matriz,15189,67336864,8281932
demo_matriz,15190,137422171704,17177636287
demo_matriz,15191,75817083,9341959
demo_matriz,15192,75817088,9341960
demo_matriz,15193,75817104,9341962
demo_matriz,15194,75817120,9341964
demo_matriz,15195,137422171592,17177636273
demo_matriz,15196,137422171704,17177636287
demo_matriz,15197,75817083,9341959
demo_matriz,15198,75817099,9341961
demo_matriz,15199,137422171544,17177636267
demo_matriz,15200,137422171552,17177636268
demo_matriz,15201,137422171568,17177636270
demo_matriz,15202,137422171584,17177636272
demo_matriz,15203,137422171600,17177636274
demo_matriz,15204,137422171512,17177636263
demo_matriz,15205,67336720,8281914
demo_matriz,15206,67342736,8282666
demo_matriz,15207,67342744,8282667
demo_matriz,15208,137422171480,17177636259
demo_matriz,15209,137422171488,17177636260
demo_matriz,15210,137422171496,17177636261
demo_matriz,15211,137422171504,17177636262
demo_matriz,15212,137422171512,17177636263
demo_matriz,15213,137422171520,17177636264
demo_matriz,15214,137422171528,17177636265
demo_matriz,15215,137422171536,17177636266
demo_matriz,15216,137422171552,17177636268
demo_matriz,15217,137422171568,17177636270
demo_matriz,15218,137422171544,17177636267
demo_matriz,15219,137422171800,17177636299
demo_matriz,15220,137422171808,17177636300
demo_matriz,15221,137422171816,17177636301
demo_matriz,15222,137422171824,17177636302
demo_matriz,15223,137422171832,17177636303
demo_matriz,15224,137422171840,17177636304
demo_matriz,15225,137422171848,17177636305
demo_matriz,15226,67344125,8282839
demo_matriz,15227,67337808,8282050
demo_matriz,15228,137422171760,17177636294
demo_matriz,15229,137422171768,17177636295
demo_matriz,15230,137422171768,17177636295
demo_matriz,15231,137422171968,17177636320
demo_matriz,15232,137422171976,17177636321
demo_matriz,15233,137422171976,17177636321
demo_matriz,15234,137422171984,17177636322
demo_matriz,15235,137422171985,17177636322
demo_matriz,15236,137422171988,17177636322
demo_matriz,15237,137422171996,17177636323
demo_matriz,15238,137422171994,17177636323
demo_matriz,15239,137422171992,17177636323
demo_matriz,15240,137422172030,17177636327
demo_matriz,15241,137422172032,17177636328
demo_matriz,15242,137422172008,17177636325
demo_matriz,15243,137422170968,17177636195
demo_matriz,15244,137422171800,17177636299
demo_matriz,15245,137422171808,17177636300
demo_matriz,15246,137422171816,17177636301
demo_matriz,15247,137422171824,17177636302
demo_matriz,15248,137422171832,17177636303
demo_matriz,15249,137422171840,17177636304
demo_matriz,15250,137422171848,17177636305
demo_matriz,15251,137422171880,17177636309
demo_matriz,15252,67336864,8281932
demo_matriz,15253,137422171920,17177636314
demo_matriz,15254,137422171944,17177636317
demo_matriz,15255,67336768,8281920
demo_matriz,15256,137422171896,17177636311
demo_matriz,15257,137422171932,17177636315
demo_matriz,15258,137422171928,17177636315
demo_matriz,15259,137422171832,17177636303
demo_matriz,15260,137422171464,17177636257
demo_matriz,15261,137422171848,17177636305
demo_matriz,15262,137422171616,17177636276
demo_matriz,15263,137422171624,17177636277
demo_matriz,15264,137422171616,17177636276
demo_matriz,15265,67338240,8282104
demo_matriz,15266,67343926,8282814
demo_matriz,15267,67344064,8282832
demo_matriz,15268,67343096,8282711
demo_matriz,15269,67341830,8282552
demo_matriz,15270,67341968,8282570
demo_matriz,15271,67341000,8282449
demo_matriz,15272,75735894,9331810
demo_matriz,15273,75736032,9331828
demo_matriz,15274,75736040,9331829
demo_matriz,15275,75735064,9331707
demo_matriz,15276,75737302,9331986
demo_matriz,15277,75737440,9332004
demo_matriz,15278,75737448,9332005
demo_matriz,15279,75736472,9331883
demo_matriz,15280,75738662,9332156
demo_matriz,15281,75738800,9332174
demo_matriz,15282,75738808,9332175
demo_matriz,15283,75737832,9332053
demo_matriz,15284,137422171848,17177636305
demo_matriz,15285,137422171832,17177636303
demo_matriz,15286,67336864,8281932
demo_matriz,15287,137422171848,17177636305
demo_matriz,15288,137422171832,17177636303
demo_matriz,15289,137422171824,17177636302
demo_matriz,15290,137422171568,17177636270
demo_matriz,15291,137422171560,17177636269
demo_matriz,15292,67337808,8282050
demo_matriz,15293,1083049,205
demo_matriz,15294,137422171352,17177636243
demo_matriz,15295,67336736,8281916
demo_matriz,15296,67336720,8281914
demo_matriz,15297,67342736,8282666
demo_matriz,15298,67342744,8282667
demo_matriz,15299,137422171320,17177636239
demo_matriz,15300,137422171328,17177636240
demo_matriz,15301,137422171336,17177636241
demo_matriz,15302,137422171344,17177636242
demo_matriz,15303,137422171352,17177636243
demo_matriz,15304,137422171368,17177636245
demo_matriz,15305,137422171400,17177636249
demo_matriz,15306,137422171376,17177636246
demo_matriz,15307,1083051,205
demo_matriz,15308,1083049,205
demo_matriz,15309,137422171352,17177636243
demo_matriz,15310,137422171368,17177636245
demo_matriz,15311,137422171392,17177636248
demo_matriz,15312,75739120,9332214
demo_matriz,15313,137422171384,17177636247
demo_matriz,15314,75740004,9332324
demo_matriz,15315,137422171388,17177636247
demo_matriz,15316,67336865,8281932
demo_matriz,15317,67338240,8282104
demo_matriz,15318,67343864,8282807
demo_matriz,15319,75740080,9332334
demo_matriz,15320,137422171392,17177636248
demo_matriz,15321,75739120,9332214
demo_matriz,15322,75739072,9332208
demo_matriz,15323,75739088,9332210
demo_matriz,15324,75739104,9332212
demo_matriz,15325,75739120,9332214
demo_matriz,15326,75739136,9332216
demo_matriz,15327,75739152,9332218
demo_matriz,15328,75739168,9332220
demo_matriz,15329,75739184,9332222
demo_matriz,15330,75739136,9332216
demo_matriz,15331,75739152,9332218
demo_matriz,15332,75739168,9332220
demo_matriz,15333,75739184,9332222
demo_matriz,15334,137422171352,17177636243
demo_matriz,15335,67336720,8281914
demo_matriz,15336,67342736,8282666
demo_matriz,15337,67342744,8282667
demo_matriz,15338,137422171320,17177636239
demo_matriz,15339,137422171328,17177636240
demo_matriz,15340,137422171336,17177636241
demo_matriz,15341,137422171344,17177636242
demo_matriz,15342,137422171352,17177636243
demo_matriz,15343,137422171400,17177636249
demo_matriz,15344,137422171392,17177636248
demo_matriz,15345,75739120,9332214
demo_matriz,15346,75739136,9332216
demo_matriz,15347,137422171352,17177636243
demo_matriz,15348,75740447,9332379
demo_matriz,15349,75740446,9332379
demo_matriz,15350,75740445,9332379
demo_matriz,15351,75740444,9332379
demo_matriz,15352,75740443,9332379
demo_matriz,15353,75740442,9332379
demo_matriz,15354,75740441,9332379
demo_matriz,15355,75740440,9332379
demo_matriz,15356,75740439,9332378
demo_matriz,15357,75740438,9332378
demo_matriz,15358,75740437,9332378
demo_matriz,15359,137422171416,17177636251
demo_matriz,15360,137422171424,17177636252
demo_matriz,15361,137422171432,17177636253
demo_matriz,15362,137422171440,17177636254
demo_matriz,15363,137422171448,17177636255
demo_matriz,15364,137422171456,17177636256
demo_matriz,15365,137422171464,17177636257
demo_matriz,15366,137422172000,17177636324
demo_matriz,15367,137422172008,17177636325
demo_matriz,15368,137422171992,17177636323
demo_matriz,15369,137422172032,17177636328
demo_matriz,15370,137422171968,17177636320
demo_matriz,15371,137422171588,17177636272
demo_matriz,15372,137422170664,17177636157
demo_matriz,15373,75739904,9332312
demo_matriz,15374,137422171528,17177636265
demo_matriz,15375,67336888,8281935
demo_matriz,15376,137422171528,17177636265
demo_matriz,15377,137422170672,17177636158
demo_matriz,15378,137422170688,17177636160
demo_matriz,15379,137422170728,17177636165
demo_matriz,15380,137422170784,17177636172
demo_matriz,15381,137422170800,17177636174
demo_matriz,15382,137422170792,17177636173
demo_matriz,15383,137422171552,17177636268
demo_matriz,15384,137422171592,17177636273
demo_matriz,15385,137422170816,17177636176
demo_matriz,15386,137422170824,17177636177
demo_matriz,15387,137422170832,17177636178
demo_matriz,15388,137422170788,17177636172
demo_matriz,15389,137422171592,17177636273
demo_matriz,15390,137422170840,17177636179
demo_matriz,15391,137422170856,17177636181
demo_matriz,15392,137422170848,17177636180
demo_matriz,15393,137422171552,17177636268
demo_matriz,15394,137422171592,17177636273
demo_matriz,15395,137422170872,17177636183
demo_matriz,15396,137422170880,17177636184
demo_matriz,15397,137422170888,17177636185
demo_matriz,15398,137422169896,17177636061
demo_matriz,15399,137422171576,17177636271
demo_matriz,15400,137422170844,17177636179
demo_matriz,15401,137422171592,17177636273
demo_matriz,15402,137422170896,17177636186
demo_matriz,15403,137422170912,17177636188
demo_matriz,15404,137422170904,17177636187
demo_matriz,15405,137422171552,17177636268
demo_matriz,15406,137422171592,17177636273
demo_matriz,15407,137422170928,17177636190
demo_matriz,15408,137422170936,17177636191
demo_matriz,15409,137422170944,17177636192
demo_matriz,15410,137422169952,17177636068
demo_matriz,15411,137422171576,17177636271
demo_matriz,15412,137422170900,17177636186
demo_matriz,15413,137422171592,17177636273
demo_matriz,15414,137422170952,17177636193
demo_matriz,15415,137422170968,17177636195
demo_matriz,15416,137422170960,17177636194
demo_matriz,15417,137422171552,17177636268
demo_matriz,15418,137422171592,17177636273
demo_matriz,15419,137422170984,17177636197
demo_matriz,15420,137422170992,17177636198
demo_matriz,15421,137422171000,17177636199
demo_matriz,15422,137422170008,17177636075
demo_matriz,15423,137422171576,17177636271
demo_matriz,15424,137422170956,17177636193
demo_matriz,15425,137422171592,17177636273
demo_matriz,15426,137422171008,17177636200
demo_matriz,15427,137422171040,17177636204
demo_matriz,15428,137422171024,17177636202
demo_matriz,15429,75740006,9332324
demo_matriz,15430,137422171048,17177636205
demo_matriz,15431,137422171012,17177636200
demo_matriz,15432,137422171064,17177636207
demo_matriz,15433,137422171120,17177636214
demo_matriz,15434,137422171176,17177636221
demo_matriz,15435,137422171216,17177636226
demo_matriz,15436,137422171224,17177636227
demo_matriz,15437,137422171192,17177636223
demo_matriz,15438,137422171208,17177636225
demo_matriz,15439,75740004,9332324
demo_matriz,15440,137422171232,17177636228
demo_matriz,15441,137422171288,17177636235
demo_matriz,15442,137422171344,17177636242
demo_matriz,15443,137422171348,17177636242
demo_matriz,15444,137422171400,17177636249
demo_matriz,15445,137422171432,17177636253
demo_matriz,15446,137422171416,17177636251
demo_matriz,15447,137422171508,17177636262
demo_matriz,15448,137422171496,17177636261
demo_matriz,15449,137422171488,17177636260
demo_matriz,15450,137422171480,17177636259
demo_matriz,15451,137422171592,17177636273
demo_matriz,15452,75739168,9332220
demo_matriz,15453,137422171544,17177636267
demo_matriz,15454,137422171592,17177636273
demo_matriz,15455,137422169888,17177636060
demo_matriz,15456,137422169920,17177636064
demo_matriz,15457,137422170080,17177636084
demo_matriz,15458,137422169936,17177636066
demo_matriz,15459,137422171588,17177636272
demo_matriz,15460,137422169928,17177636065
demo_matriz,15461,67337317,8281988
demo_matriz,15462,137422169856,17177636056
demo_matriz,15463,137422169864,17177636057
demo_matriz,15464,137422169872,17177636058
demo_matriz,15465,137422169880,17177636059
demo_matriz,15466,137422171544,17177636267
demo_matriz,15467,137422171552,17177636268
demo_matriz,15468,137422171576,17177636271
demo_matriz,15469,137422171592,17177636273
demo_matriz,15470,75739888,9332310
demo_matriz,15471,137422169912,17177636063
demo_matriz,15472,137422169904,17177636062
demo_matriz,15473,137422171592,17177636273
demo_matriz,15474,137422169952,17177636068
demo_matriz,15475,137422169944,17177636067
demo_matriz,15476,75739152,9332218
demo_matriz,15477,137422169992,17177636073
demo_matriz,15478,137422169984,17177636072
demo_matriz,15479,137422171588,17177636272
demo_matriz,15480,137422169856,17177636056
demo_matriz,15481,137422169864,17177636057
demo_matriz,15482,137422169872,17177636058
demo_matriz,15483,137422169880,17177636059
demo_matriz,15484,75739888,9332310
demo_matriz,15485,137422169968,17177636070
demo_matriz,15486,137422169960,17177636069
demo_matriz,15487,137422171592,17177636273
demo_matriz,15488,137422170008,17177636075
demo_matriz,15489,137422170000,17177636074
demo_matriz,15490,75739152,9332218
demo_matriz,15491,137422170048,17177636080
demo_matriz,15492,137422170040,17177636079
demo_matriz,15493,137422171588,17177636272
demo_matriz,15494,137422169856,17177636056
demo_matriz,15495,137422169864,17177636057
demo_matriz,15496,137422169872,17177636058
demo_matriz,15497,137422169880,17177636059
demo_matriz,15498,75739888,9332310
demo_matriz,15499,137422170024,17177636077
demo_matriz,15500,137422170016,17177636076
demo_matriz,15501,137422171592,17177636273
demo_matriz,15502,137422170064,17177636082
demo_matriz,15503,137422170056,17177636081
demo_matriz,15504,75739152,9332218
demo_matriz,15505,137422170104,17177636087
demo_matriz,15506,137422170096,17177636086
demo_matriz,15507,137422171588,17177636272
demo_matriz,15508,137422169856,17177636056
demo_matriz,15509,137422169864,17177636057
demo_matriz,15510,137422169872,17177636058
demo_matriz,15511,137422169880,17177636059
demo_matriz,15512,75739888,9332310
demo_matriz,15513,137422170080,17177636084
demo_matriz,15514,137422170072,17177636083
demo_matriz,15515,75739152,9332218
demo_matriz,15516,67336888,8281935
demo_matriz,15517,137422170104,17177636087
demo_matriz,15518,137422169880,17177636059
demo_matriz,15519,137422171576,17177636271
demo_matriz,15520,137422170104,17177636087
demo_matriz,15521,137422169856,17177636056
demo_matriz,15522,137422169864,17177636057
demo_matriz,15523,137422169872,17177636058
demo_matriz,15524,137422169880,17177636059
demo_matriz,15525,137422171592,17177636273
demo_matriz,15526,75739168,9332220
demo_matriz,15527,137422171512,17177636263
demo_matriz,15528,75739152,9332218
demo_matriz,15529,80787776,9963296
demo_matriz,15530,80787792,9963298
demo_matriz,15531,80787808,9963300
demo_matriz,15532,80787824,9963302
demo_matriz,15533,80787840,9963304
demo_matriz,15534,80787856,9963306
demo_matriz,15535,80787872,9963308
demo_matriz,15536,80787888,9963310
demo_matriz,15537,80787904,9963312
demo_matriz,15538,80787920,9963314
demo_matriz,15539,80787936,9963316
demo_matriz,15540,80787952,9963318
demo_matriz,15541,80787968,9963320
demo_matriz,15542,80787984,9963322
demo_matriz,15543,80788000,9963324
demo_matriz,15544,80788016,9963326
demo_matriz,15545,80788032,9963328
demo_matriz,15546,80788048,9963330
demo_matriz,15547,80788064,9963332
demo_matriz,15548,80788080,9963334
demo_matriz,15549,80788096,9963336
demo_matriz,15550,80788112,9963338
demo_matriz,15551,80788128,9963340
demo_matriz,15552,80788144,9963342
demo_matriz,15553,80788160,9963344
demo_matriz,15554,80788176,9963346
demo_matriz,15555,80788192,9963348
demo_matriz,15556,80788208,9963350
demo_matriz,15557,80788224,9963352
demo_matriz,15558,80788240,9963354
demo_matriz,15559,80788256,9963356
demo_matriz,15560,75740006,9332324
demo_matriz,15561,75739248,9332230
demo_matriz,15562,75739240,9332229
demo_matriz,15563,75739256,9332231
demo_matriz,15564,75739264,9332232
demo_matriz,15565,75739504,9332262
demo_matriz,15566,75739400,9332249
demo_matriz,15567,75739672,9332283
demo_matriz,15568,75739880,9332309
demo_matriz,15569,75739272,9332233
demo_matriz,15570,75739376,9332246
demo_matriz,15571,80788056,9963331
demo_matriz,15572,80788024,9963327
demo_matriz,15573,75739272,9332233
demo_matriz,15574,75739288,9332235
demo_matriz,15575,80788088,9963335
demo_matriz,15576,75739504,9332262
demo_matriz,15577,75739512,9332263
demo_matriz,15578,80788248,9963355
demo_matriz,15579,75739456,9332256
demo_matriz,15580,80788136,9963341
demo_matriz,15581,75739584,9332272
demo_matriz,15582,80788152,9963343
demo_matriz,15583,67336864,8281932
demo_matriz,15584,75739584,9332272
demo_matriz,15585,75739448,9332255
demo_matriz,15586,75739888,9332310
demo_matriz,15587,75739152,9332218
demo_matriz,15588,67342448,8282630
demo_matriz,15589,137422171584,17177636272
demo_matriz,15590,75740272,9332358
demo_matriz,15591,75739152,9332218
demo_matriz,15592,75739904,9332312
demo_matriz,15593,137422171588,17177636272
demo_matriz,15594,78680856,9699931
demo_matriz,15595,78680800,9699924
demo_matriz,15596,78680744,9699917
demo_matriz,15597,78680688,9699910
demo_matriz,15598,78680736,9699916
demo_matriz,15599,78680728,9699915
demo_matriz,15600,75739152,9332218
demo_matriz,15601,78680704,9699912
demo_matriz,15602,78680912,9699938
demo_matriz,15603,78680920,9699939
demo_matriz,15604,78680924,9699939
demo_matriz,15605,78680916,9699938
demo_matriz,15606,78680928,9699940
demo_matriz,15607,78680932,9699940
demo_matriz,15608,78680936,9699941
demo_matriz,15609,75740010,9332325
demo_matriz,15610,78680944,9699942
demo_matriz,15611,78680948,9699942
demo_matriz,15612,78680952,9699943
demo_matriz,15613,75740010,9332325
demo_matriz,15614,137422170664,17177636157
demo_matriz,15615,75739888,9332310
demo_matriz,15616,78680632,9699903
demo_matriz,15617,78680576,9699896
demo_matriz,15618,75740010,9332325
demo_matriz,15619,78680520,9699889
demo_matriz,15620,75740010,9332325
demo_matriz,15621,78680464,9699882
demo_matriz,15622,78680408,9699875
demo_matriz,15623,78680352,9699868
demo_matriz,15624,78680296,9699861
demo_matriz,15625,78680240,9699854
demo_matriz,15626,78680184,9699847
demo_matriz,15627,78680128,9699840
demo_matriz,15628,137422171588,17177636272
demo_matriz,15629,137422170664,17177636157
demo_matriz,15630,137422171508,17177636262
demo_matriz,15631,75739896,9332311
demo_matriz,15632,75739152,9332218
demo_matriz,15633,67336864,8281932
demo_matriz,15634,75739880,9332309
demo_matriz,15635,80787864,9963307
demo_matriz,15636,75740006,9332324
demo_matriz,15637,78697736,9702041
demo_matriz,15638,78697744,9702042
demo_matriz,15639,78697740,9702041
demo_matriz,15640,78697748,9702042
demo_matriz,15641,137422170664,17177636157
demo_matriz,15642,137422171832,17177636303
demo_matriz,15643,75739344,9332242
demo_matriz,15644,75740204,9332349
demo_matriz,15645,137422171600,17177636274
demo_matriz,15646,137422171520,17177636264
demo_matriz,15647,67337600,8282024
demo_matriz,15648,137422171848,17177636305
demo_matriz,15649,137422171848,17177636305
demo_matriz,15650,67338272,8282108
demo_matriz,15651,75739328,9332240
demo_matriz,15652,80787800,9963299
demo_matriz,15653,75739256,9332231
demo_matriz,15654,80787880,9963309
demo_matriz,15655,75740006,9332324
demo_matriz,15656,78828646,9718404
demo_matriz,15657,67297195,8276973
demo_matriz,15658,78828654,9718405
demo_matriz,15659,67297203,8276974
demo_matriz,15660,67297204,8276974
demo_matriz,15661,78828655,9718405
demo_matriz,15662,137422170664,17177636157
demo_matriz,15663,137422171848,17177636305
demo_matriz,15664,75740288,9332360
demo_matriz,15665,75740004,9332324
demo_matriz,15666,67342456,8282631
demo_matriz,15667,67342452,8282630
demo_matriz,15668,137422170656,17177636156
demo_matriz,15669,137422170664,17177636157
demo_matriz,15670,137422171848,17177636305
demo_matriz,15671,67336752,8281918
demo_matriz,15672,137422170616,17177636151
demo_matriz,15673,67338240,8282104
demo_matriz,15674,67343096,8282711
demo_matriz,15675,67341000,8282449
demo_matriz,15676,75735064,9331707
demo_matriz,15677,75736472,9331883
demo_matriz,15678,75737832,9332053
demo_matriz,15679,67340928,8282440
demo_matriz,15680,137422170632,17177636153
demo_matriz,15681,137422170640,17177636154
demo_matriz,15682,137422170648,17177636155
demo_matriz,15683,137422170656,17177636156
demo_matriz,15684,67336744,8281917
demo_matriz,15685,137422170664,17177636157
demo_matriz,15686,137422171832,17177636303
demo_matriz,15687,137422171848,17177636305
demo_matriz,15688,67342640,8282654
demo_matriz,15689,137422170664,17177636157
demo_matriz,15690,67342656,8282656
demo_matriz,15691,75739200,9332224
demo_matriz,15692,67338240,8282104
demo_matriz,15693,67343926,8282814
demo_matriz,15694,137422171848,17177636305
demo_matriz,15695,67337808,8282050
demo_matriz,15696,137422170664,17177636157
demo_matriz,15697,137422171768,17177636295
demo_matriz,15698,137422171776,17177636296
demo_matriz,15699,137422171784,17177636297
demo_matriz,15700,137422171792,17177636298
demo_matriz,15701,137422171800,17177636299
demo_matriz,15702,137422171808,17177636300
demo_matriz,15703,137422171816,17177636301
demo_matriz,15704,137422172824,17177636427
demo_matriz,15705,137422172832,17177636428
demo_matriz,15706,137422172840,17177636429
demo_matriz,15707,137422172848,17177636430
demo_matriz,15708,137422172856,17177636431
demo_matriz,15709,137422172864,17177636432
demo_matriz,15710,137422172872,17177636433
demo_matriz,15711,137422172888,17177636435
demo_matriz,15712,137422172896,17177636436
demo_matriz,15713,137422172904,17177636437
demo_matriz,15714,67342896,8282686
demo_matriz,15715,137422172912,17177636438
demo_matriz,15716,137422172936,17177636441
demo_matriz,15717,137422173192,17177636473
demo_matriz,15718,137422173200,17177636474
demo_matriz,15719,137422173208,17177636475
demo_matriz,15720,137422173480,17177636509
demo_matriz,15721,137422173536,17177636516
demo_matriz,15722,75740004,9332324
demo_matriz,15723,137422173432,17177636503
demo_matriz,15724,75740004,9332324
demo_matriz,15725,137422173456,17177636506
demo_matriz,15726,1097128,1965
demo_matriz,15727,1097144,1967
demo_matriz,15728,1097160,1969
demo_matriz,15729,1097176,1971
demo_matriz,15730,1097192,1973
demo_matriz,15731,1097208,1975
demo_matriz,15732,1097224,1977
demo_matriz,15733,1097240,1979
demo_matriz,15734,1097256,1981
demo_matriz,15735,1097272,1983
demo_matriz,15736,1097288,1985
demo_matriz,15737,1097304,1987
demo_matriz,15738,1097320,1989
demo_matriz,15739,1097336,1991
demo_matriz,15740,1097352,1993
demo_matriz,15741,1097368,1995
demo_matriz,15742,1097384,1997
demo_matriz,15743,1097400,1999
demo_matriz,15744,1097416,2001
demo_matriz,15745,1097432,2003
demo_matriz,15746,1097448,2005
demo_matriz,15747,1097464,2007
demo_matriz,15748,1097480,2009
demo_matriz,15749,1097496,2011
demo_matriz,15750,1097512,2013
demo_matriz,15751,1097528,2015
demo_matriz,15752,137422173456,17177636506
demo_matriz,15753,137422173368,17177636495
demo_matriz,15754,137422173280,17177636484
demo_matriz,15755,137422173296,17177636486
demo_matriz,15756,137422173304,17177636487
demo_matriz,15757,137422173312,17177636488
demo_matriz,15758,75735800,9331799
demo_matriz,15759,75736064,9331832
demo_matriz,15760,137422173408,17177636500
demo_matriz,15761,75735794,9331798
demo_matriz,15762,137422173560,17177636519
demo_matriz,15763,137422173144,17177636467
demo_matriz,15764,137422173152,17177636468
demo_matriz,15765,137422173160,17177636469
demo_matriz,15766,137422173168,17177636470
demo_matriz,15767,137422173176,17177636471
demo_matriz,15768,137422173464,17177636507
demo_matriz,15769,137422173552,17177636518
demo_matriz,15770,75735112,9331713
demo_matriz,15771,75735584,9331772
demo_matriz,15772,75735568,9331770
demo_matriz,15773,67336720,8281914
demo_matriz,15774,67342736,8282666
demo_matriz,15775,67342744,8282667
demo_matriz,15776,137422173144,17177636467
demo_matriz,15777,137422173152,17177636468
demo_matriz,15778,137422173160,17177636469
demo_matriz,15779,137422173168,17177636470
demo_matriz,15780,137422173176,17177636471
demo_matriz,15781,137422173464,17177636507
demo_matriz,15782,137422173456,17177636506
demo_matriz,15783,137422173568,17177636520
demo_matriz,15784,137422173568,17177636520
demo_matriz,15785,137422173176,17177636471
demo_matriz,15786,75740448,9332380
demo_matriz,15787,75740448,9332380
demo_matriz,15788,137422173176,17177636471
demo_matriz,15789,137422173464,17177636507
demo_matriz,15790,137422173304,17177636487
demo_matriz,15791,137422173320,17177636489
demo_matriz,15792,137422173248,17177636480
demo_matriz,15793,137422173256,17177636481
demo_matriz,15794,75737208,9331975
demo_matriz,15795,75737472,9332008
demo_matriz,15796,137422173408,17177636500
demo_matriz,15797,75737202,9331974
demo_matriz,15798,137422173560,17177636519
demo_matriz,15799,137422173144,17177636467
demo_matriz,15800,137422173152,17177636468
demo_matriz,15801,137422173160,17177636469
demo_matriz,15802,137422173168,17177636470
demo_matriz,15803,137422173176,17177636471
demo_matriz,15804,137422173464,17177636507
demo_matriz,15805,137422173552,17177636518
demo_matriz,15806,75736520,9331889
demo_matriz,15807,75736552,9331893
demo_matriz,15808,78458440,9672129
demo_matriz,15809,75737302,9331986
demo_matriz,15810,137422173416,17177636501
demo_matriz,15811,75736464,9331882
demo_matriz,15812,137422173424,17177636502
demo_matriz,15813,78458240,9672104
demo_matriz,15814,137422173464,17177636507
demo_matriz,15815,78458248,9672105
demo_matriz,15816,76374112,9411588
demo_matriz,15817,76374121,9411589
demo_matriz,15818,137422173112,17177636463
demo_matriz,15819,137422173128,17177636465
demo_matriz,15820,137422173136,17177636466
demo_matriz,15821,137422173144,17177636467
demo_matriz,15822,137422173152,17177636468
demo_matriz,15823,137422173160,17177636469
demo_matriz,15824,137422173168,17177636470
demo_matriz,15825,137422173176,17177636471
demo_matriz,15826,67342896,8282686
demo_matriz,15827,67342616,8282651
demo_matriz,15828,67336816,8281926
demo_matriz,15829,67336816,8281926
demo_matriz,15830,137422172872,17177636433
demo_matriz,15831,67336816,8281926
demo_matriz,15832,137422172872,17177636433
demo_matriz,15833,137422172896,17177636436
demo_matriz,15834,137422172888,17177636435
demo_matriz,15835,137422173504,17177636512
demo_matriz,15836,137422173512,17177636513
demo_matriz,15837,137422173528,17177636515
demo_matriz,15838,137422173516,17177636513
demo_matriz,15839,75737300,9331986
demo_matriz,15840,75736496,9331886
demo_matriz,15841,67340800,8282424
demo_matriz,15842,67338240,8282104
demo_matriz,15843,67343925,8282814
demo_matriz,15844,67343926,8282814
demo_matriz,15845,67343080,8282709
demo_matriz,15846,67294548,8276642
demo_matriz,15847,76374112,9411588
demo_matriz,15848,67344560,8282894
demo_matriz,15849,67344568,8282895
demo_matriz,15850,76374112,9411588
demo_matriz,15851,137422171784,17177636297
demo_matriz,15852,67343128,8282715
demo_matriz,15853,67344544,8282892
demo_matriz,15854,67294548,8276642
demo_matriz,15855,76374112,9411588
demo_matriz,15856,67344560,8282894
demo_matriz,15857,67344568,8282895
demo_matriz,15858,76374112,9411588
demo_matriz,15859,137422171784,17177636297
demo_matriz,15860,67344552,8282893
demo_matriz,15861,137422171792,17177636298
demo_matriz,15862,137422171800,17177636299
demo_matriz,15863,137422171808,17177636300
demo_matriz,15864,137422171816,17177636301
demo_matriz,15865,67343925,8282814
demo_matriz,15866,67343248,8282730
demo_matriz,15867,67343096,8282711
demo_matriz,15868,67341829,8282552
demo_matriz,15869,67341830,8282552
demo_matriz,15870,67340984,8282447
demo_matriz,15871,76374112,9411588
demo_matriz,15872,1082136,91
demo_matriz,15873,76374120,9411589
demo_matriz,15874,1082144,92
demo_matriz,15875,1082136,91
demo_matriz,15876,76374112,9411588
demo_matriz,15877,137422171784,17177636297
demo_matriz,15878,67341032,8282453
demo_matriz,15879,67342976,8282696
demo_matriz,15880,76374112,9411588
demo_matriz,15881,1082136,91
demo_matriz,15882,76374120,9411589
demo_matriz,15883,1082144,92
demo_matriz,15884,1082136,91
demo_matriz,15885,76374112,9411588
demo_matriz,15886,137422171784,17177636297
demo_matriz,15887,67342984,8282697
demo_matriz,15888,67342912,8282688
demo_matriz,15889,76374112,9411588
demo_matriz,15890,67111873,8253808
demo_matriz,15891,76374120,9411589
demo_matriz,15892,67111881,8253809
demo_matriz,15893,67111874,8253808
demo_matriz,15894,76374113,9411588
demo_matriz,15895,137422171784,17177636297
demo_matriz,15896,67342920,8282689
demo_matriz,15897,137422171792,17177636298
demo_matriz,15898,137422171800,17177636299
demo_matriz,15899,137422171808,17177636300
demo_matriz,15900,137422171816,17177636301
demo_matriz,15901,67341829,8282552
demo_matriz,15902,67341152,8282468
demo_matriz,15903,67337824,8282052
demo_matriz,15904,67341080,8282459
demo_matriz,15905,67337872,8282058
demo_matriz,15906,67341830,8282552
demo_matriz,15907,76374112,9411588
demo_matriz,15908,67111873,8253808
demo_matriz,15909,76374120,9411589
demo_matriz,15910,67111881,8253809
demo_matriz,15911,67111874,8253808
demo_matriz,15912,76374113,9411588
demo_matriz,15913,137422171816,17177636301
demo_matriz,15914,67341000,8282449
demo_matriz,15915,75735893,9331810
demo_matriz,15916,75735894,9331810
demo_matriz,15917,75735048,9331705
demo_matriz,15918,76374112,9411588
demo_matriz,15919,67345184,8282972
demo_matriz,15920,76374120,9411589
demo_matriz,15921,67345192,8282973
demo_matriz,15922,67345184,8282972
demo_matriz,15923,76374112,9411588
demo_matriz,15924,137422171784,17177636297
demo_matriz,15925,75735096,9331711
demo_matriz,15926,75736256,9331856
demo_matriz,15927,76374112,9411588
demo_matriz,15928,75736280,9331859
demo_matriz,15929,76374120,9411589
demo_matriz,15930,75736288,9331860
demo_matriz,15931,75736280,9331859
demo_matriz,15932,76374112,9411588
demo_matriz,15933,137422171784,17177636297
demo_matriz,15934,75736264,9331857
demo_matriz,15935,137422171792,17177636298
demo_matriz,15936,137422171800,17177636299
demo_matriz,15937,137422171808,17177636300
demo_matriz,15938,137422171816,17177636301
demo_matriz,15939,75735893,9331810
demo_matriz,15940,75735216,9331726
demo_matriz,15941,75735064,9331707
demo_matriz,15942,75737301,9331986
demo_matriz,15943,75737302,9331986
demo_matriz,15944,75736456,9331881
demo_matriz,15945,76374112,9411588
demo_matriz,15946,75736400,9331874
demo_matriz,15947,76374120,9411589
demo_matriz,15948,75736408,9331875
demo_matriz,15949,75736400,9331874
demo_matriz,15950,76374112,9411588
demo_matriz,15951,137422171784,17177636297
demo_matriz,15952,75736504,9331887
demo_matriz,15953,75737664,9332032
demo_matriz,15954,76374112,9411588
demo_matriz,15955,75737688,9332035
demo_matriz,15956,76374120,9411589
demo_matriz,15957,75737696,9332036
demo_matriz,15958,75737691,9332035
demo_matriz,15959,76374115,9411588
demo_matriz,15960,137422171784,17177636297
demo_matriz,15961,75737672,9332033
demo_matriz,15962,137422171792,17177636298
demo_matriz,15963,137422171800,17177636299
demo_matriz,15964,137422171808,17177636300
demo_matriz,15965,137422171816,17177636301
demo_matriz,15966,75737301,9331986
demo_matriz,15967,75736624,9331902
demo_matriz,15968,78458312,9672113
demo_matriz,15969,75736552,9331893
demo_matriz,15970,78458440,9672129
demo_matriz,15971,75737302,9331986
demo_matriz,15972,76374112,9411588
demo_matriz,15973,76374167,9411594
demo_matriz,15974,76374120,9411589
demo_matriz,15975,76374175,9411595
demo_matriz,15976,76374170,9411595
demo_matriz,15977,76374115,9411588
demo_matriz,15978,137422171816,17177636301
demo_matriz,15979,75736472,9331883
demo_matriz,15980,75738661,9332156
demo_matriz,15981,75738662,9332156
demo_matriz,15982,75737816,9332051
demo_matriz,15983,76374112,9411588
demo_matriz,15984,75737760,9332044
demo_matriz,15985,76374120,9411589
demo_matriz,15986,75737768,9332045
demo_matriz,15987,75737760,9332044
demo_matriz,15988,76374112,9411588
demo_matriz,15989,137422171784,17177636297
demo_matriz,15990,75737864,9332057
demo_matriz,15991,75739024,9332202
demo_matriz,15992,76374112,9411588
demo_matriz,15993,75739048,9332205
demo_matriz,15994,76374120,9411589
demo_matriz,15995,75739056,9332206
demo_matriz,15996,75739051,9332205
demo_matriz,15997,76374115,9411588
demo_matriz,15998,137422171784,17177636297
demo_matriz,15999,75739032,9332203
demo_matriz,16000,137422171792,17177636298
demo_matriz,16001,137422171800,17177636299
demo_matriz,16002,137422171808,17177636300
demo_matriz,16003,137422171816,17177636301
demo_matriz,16004,75738661,9332156
demo_matriz,16005,75737984,9332072
demo_matriz,16006,78675416,9699251
demo_matriz,16007,75737912,9332063
demo_matriz,16008,78675544,9699267
demo_matriz,16009,75738662,9332156
demo_matriz,16010,76374112,9411588
demo_matriz,16011,78502664,9677657
demo_matriz,16012,76374120,9411589
demo_matriz,16013,78502672,9677658
demo_matriz,16014,78502667,9677657
demo_matriz,16015,76374115,9411588
demo_matriz,16016,137422171816,17177636301
demo_matriz,16017,75737832,9332053
demo_matriz,16018,75740005,9332324
demo_matriz,16019,75740006,9332324
demo_matriz,16020,75739160,9332219
demo_matriz,16021,76374112,9411588
demo_matriz,16022,75739120,9332214
demo_matriz,16023,76374120,9411589
demo_matriz,16024,75739128,9332215
demo_matriz,16025,75739120,9332214
demo_matriz,16026,76374112,9411588
demo_matriz,16027,137422171784,17177636297
demo_matriz,16028,75739208,9332225
demo_matriz,16029,75740368,9332370
demo_matriz,16030,76374112,9411588
demo_matriz,16031,75740392,9332373
demo_matriz,16032,76374120,9411589
demo_matriz,16033,75740400,9332374
demo_matriz,16034,75740395,9332373
demo_matriz,16035,76374115,9411588
demo_matriz,16036,137422171784,17177636297
demo_matriz,16037,75740376,9332371
demo_matriz,16038,137422171792,17177636298
demo_matriz,16039,137422171800,17177636299
demo_matriz,16040,137422171808,17177636300
demo_matriz,16041,137422171816,17177636301
demo_matriz,16042,75740005,9332324
demo_matriz,16043,75739328,9332240
demo_matriz,16044,80787800,9963299
demo_matriz,16045,75739256,9332231
demo_matriz,16046,80787880,9963309
demo_matriz,16047,75740006,9332324
demo_matriz,16048,76374112,9411588
demo_matriz,16049,78828646,9718404
demo_matriz,16050,76374120,9411589
demo_matriz,16051,78828654,9718405
demo_matriz,16052,78828649,9718405
demo_matriz,16053,76374115,9411588
demo_matriz,16054,137422171816,17177636301
demo_matriz,16055,75739176,9332221
demo_matriz,16056,137422171888,17177636310
demo_matriz,16057,137422171900,17177636311
demo_matriz,16058,67336864,8281932
demo_matriz,16059,67337808,8282050
demo_matriz,16060,76374112,9411588
demo_matriz,16061,76374121,9411589
demo_matriz,16062,137422171816,17177636301
demo_matriz,16063,76374112,9411588
demo_matriz,16064,137422171816,17177636301
demo_matriz,16065,67336864,8281932
demo_matriz,16066,75736744,9331917
demo_matriz,16067,67338240,8282104
demo_matriz,16068,75737320,9331989
demo_matriz,16069,75736632,9331903
demo_matriz,16070,75737240,9331979
demo_matriz,16071,67343944,8282817
demo_matriz,16072,67343864,8282807
demo_matriz,16073,137422171880,17177636309
demo_matriz,16074,137422171840,17177636304
demo_matriz,16075,137422171848,17177636305
demo_matriz,16076,137422171832,17177636303
demo_matriz,16077,67343924,8282814
demo_matriz,16078,137422171900,17177636311
demo_matriz,16079,67343944,8282817
demo_matriz,16080,67331088,8281210
demo_matriz,16081,137422171900,17177636311
demo_matriz,16082,137422171856,17177636306
demo_matriz,16083,67331088,8281210
demo_matriz,16084,67331056,8281206
demo_matriz,16085,67342720,8282664
demo_matriz,16086,137422171792,17177636298
demo_matriz,16087,137422171528,17177636265
demo_matriz,16088,67345072,8282958
demo_matriz,16089,67336864,8281932
demo_matriz,16090,67345136,8282966
demo_matriz,16091,67345128,8282965
demo_matriz,16092,137422171520,17177636264
demo_matriz,16093,67345163,8282969
demo_matriz,16094,67345156,8282968
demo_matriz,16095,137422171384,17177636247
demo_matriz,16096,137422171516,17177636263
demo_matriz,16097,137422171552,17177636268
demo_matriz,16098,67331064,8281207
demo_matriz,16099,67345144,8282967
demo_matriz,16100,67331064,8281207
demo_matriz,16101,67345148,8282967
demo_matriz,16102,67331064,8281207
demo_matriz,16103,67345152,8282968
demo_matriz,16104,137422171552,17177636268
demo_matriz,16105,67331072,8281208
demo_matriz,16106,67344648,8282905
demo_matriz,16107,67344640,8282904
demo_matriz,16108,137422171384,17177636247
demo_matriz,16109,137422171576,17177636271
demo_matriz,16110,137422171568,17177636270
demo_matriz,16111,76374114,9411588
demo_matriz,16112,76374112,9411588
demo_matriz,16113,137422171384,17177636247
demo_matriz,16114,67336864,8281932
demo_matriz,16115,137422171808,17177636300
demo_matriz,16116,137422171800,17177636299
demo_matriz,16117,137422171560,17177636269
demo_matriz,16118,67337808,8282050
demo_matriz,16119,137422171296,17177636236
demo_matriz,16120,137422171304,17177636237
demo_matriz,16121,137422171336,17177636241
demo_matriz,16122,137422171344,17177636242
demo_matriz,16123,137422171352,17177636243
demo_matriz,16124,137422171360,17177636244
demo_matriz,16125,137422171368,17177636245
demo_matriz,16126,137422171376,17177636246
demo_matriz,16127,137422171384,17177636247
demo_matriz,16128,67345152,8282968
demo_matriz,16129,67331064,8281207
demo_matriz,16130,137422171544,17177636267
demo_matriz,16131,67343008,8282700
demo_matriz,16132,137422171104,17177636212
demo_matriz,16133,137422171528,17177636265
demo_matriz,16134,67345080,8282959
demo_matriz,16135,137422171512,17177636263
demo_matriz,16136,137422171488,17177636260
demo_matriz,16137,137422171736,17177636291
demo_matriz,16138,137422171744,17177636292
demo_matriz,16139,137422171752,17177636293
demo_matriz,16140,137422171760,17177636294
demo_matriz,16141,137422171768,17177636295
demo_matriz,16142,137422171776,17177636296
demo_matriz,16143,137422171784,17177636297
demo_matriz,16144,75737456,9332006
demo_matriz,16145,75736744,9331917
demo_matriz,16146,137422171900,17177636311
demo_matriz,16147,67336904,8281937
demo_matriz,16148,67336864,8281932
demo_matriz,16149,67342800,8282674
demo_matriz,16150,67342784,8282672
demo_matriz,16151,67342792,8282673
demo_matriz,16152,67336872,8281933
demo_matriz,16153,75763732,9335290
demo_matriz,16154,67298373,8277120
demo_matriz,16155,67337541,8282016
demo_matriz,16156,67298381,8277121
demo_matriz,16157,67337549,8282017
demo_matriz,16158,67337548,8282017
demo_matriz,16159,67298380,8277121
demo_matriz,16160,137422171560,17177636269
demo_matriz,16161,67333768,8281545
demo_matriz,16162,67333808,8281550
demo_matriz,16163,67333824,8281552
demo_matriz,16164,137422171560,17177636269
demo_matriz,16165,137422171712,17177636288
demo_matriz,16166,67336960,8281944
demo_matriz,16167,137422171704,17177636287
demo_matriz,16168,75784644,9337904
demo_matriz,16169,137422171696,17177636286
demo_matriz,16170,76374112,9411588
demo_matriz,16171,75832330,9343865
demo_matriz,16172,76374113,9411588
demo_matriz,16173,75832331,9343865
demo_matriz,16174,76374114,9411588
demo_matriz,16175,75832332,9343865
demo_matriz,16176,76374115,9411588
demo_matriz,16177,75832333,9343865
demo_matriz,16178,137422171560,17177636269
demo_matriz,16179,137422171704,17177636287
demo_matriz,16180,75774180,9336596
demo_matriz,16181,137422171696,17177636286
demo_matriz,16182,76374112,9411588
demo_matriz,16183,75834133,9344090
demo_matriz,16184,76374113,9411588
demo_matriz,16185,75834134,9344090
demo_matriz,16186,76374114,9411588
demo_matriz,16187,75834135,9344090
demo_matriz,16188,76374115,9411588
demo_matriz,16189,75834136,9344091
demo_matriz,16190,137422171560,17177636269
demo_matriz,16191,137422171704,17177636287
demo_matriz,16192,75779412,9337250
demo_matriz,16193,137422171696,17177636286
demo_matriz,16194,76374112,9411588
demo_matriz,16195,75862117,9347588
demo_matriz,16196,76374113,9411588
demo_matriz,16197,75862118,9347588
demo_matriz,16198,76374114,9411588
demo_matriz,16199,75862119,9347588
demo_matriz,16200,76374115,9411588
demo_matriz,16201,75862120,9347589
demo_matriz,16202,137422171560,17177636269
demo_matriz,16203,137422171704,17177636287
demo_matriz,16204,75782028,9337577
demo_matriz,16205,137422171696,17177636286
demo_matriz,16206,76374112,9411588
demo_matriz,16207,75875370,9349245
demo_matriz,16208,76374113,9411588
demo_matriz,16209,75875371,9349245
demo_matriz,16210,76374114,9411588
demo_matriz,16211,75875372,9349245
demo_matriz,16212,76374115,9411588
demo_matriz,16213,75875373,9349245
demo_matriz,16214,137422171560,17177636269
demo_matriz,16215,137422171704,17177636287
demo_matriz,16216,75780708,9337412
demo_matriz,16217,137422171696,17177636286
demo_matriz,16218,76374112,9411588
demo_matriz,16219,75835126,9344214
demo_matriz,16220,76374113,9411588
demo_matriz,16221,75835127,9344214
demo_matriz,16222,76374114,9411588
demo_matriz,16223,75835128,9344215
demo_matriz,16224,76374115,9411588
demo_matriz,16225,75835129,9344215
demo_matriz,16226,76374116,9411588
demo_matriz,16227,75835130,9344215
demo_matriz,16228,137422171560,17177636269
demo_matriz,16229,137422171704,17177636287
demo_matriz,16230,75781356,9337493
demo_matriz,16231,137422171696,17177636286
demo_matriz,16232,76374112,9411588
demo_matriz,16233,75808422,9340876
demo_matriz,16234,76374113,9411588
demo_matriz,16235,75808423,9340876
demo_matriz,16236,76374114,9411588
demo_matriz,16237,75808424,9340877
demo_matriz,16238,76374115,9411588
demo_matriz,16239,75808425,9340877
demo_matriz,16240,76374116,9411588
demo_matriz,16241,75808426,9340877
demo_matriz,16242,137422171560,17177636269
demo_matriz,16243,137422171704,17177636287
demo_matriz,16244,75781692,9337535
demo_matriz,16245,137422171696,17177636286
demo_matriz,16246,76374112,9411588
demo_matriz,16247,75869837,9348553
demo_matriz,16248,76374113,9411588
demo_matriz,16249,75869838,9348553
demo_matriz,16250,76374114,9411588
demo_matriz,16251,75869839,9348553
demo_matriz,16252,76374115,9411588
demo_matriz,16253,75869840,9348554
demo_matriz,16254,76374116,9411588
demo_matriz,16255,75869841,9348554
demo_matriz,16256,137422171560,17177636269
demo_matriz,16257,137422171704,17177636287
demo_matriz,16258,75781860,9337556
demo_matriz,16259,137422171696,17177636286
demo_matriz,16260,76374112,9411588
demo_matriz,16261,75853846,9346554
demo_matriz,16262,76374113,9411588
demo_matriz,16263,75853847,9346554
demo_matriz,16264,76374114,9411588
demo_matriz,16265,75853848,9346555
demo_matriz,16266,76374115,9411588
demo_matriz,16267,75853849,9346555
demo_matriz,16268,137422171560,17177636269
demo_matriz,16269,137422171704,17177636287
demo_matriz,16270,75781764,9337544
demo_matriz,16271,137422171696,17177636286
demo_matriz,16272,76374112,9411588
demo_matriz,16273,75865597,9348023
demo_matriz,16274,76374113,9411588
demo_matriz,16275,75865598,9348023
demo_matriz,16276,76374114,9411588
demo_matriz,16277,75865599,9348023
demo_matriz,16278,76374115,9411588
demo_matriz,16279,75865600,9348024
demo_matriz,16280,76374116,9411588
demo_matriz,16281,75865601,9348024
demo_matriz,16282,137422171560,17177636269
demo_matriz,16283,137422171704,17177636287
demo_matriz,16284,75781812,9337550
demo_matriz,16285,137422171696,17177636286
demo_matriz,16286,76374112,9411588
demo_matriz,16287,75815933,9341815
demo_matriz,16288,76374113,9411588
demo_matriz,16289,75815934,9341815
demo_matriz,16290,76374114,9411588
demo_matriz,16291,75815935,9341815
demo_matriz,16292,76374115,9411588
demo_matriz,16293,75815936,9341816
demo_matriz,16294,76374116,9411588
demo_matriz,16295,75815937,9341816
demo_matriz,16296,76374117,9411588
demo_matriz,16297,75815938,9341816
demo_matriz,16298,76374118,9411588
demo_matriz,16299,75815939,9341816
demo_matriz,16300,76374119,9411588
demo_matriz,16301,75815940,9341816
demo_matriz,16302,76374120,9411589
demo_matriz,16303,75815941,9341816
demo_matriz,16304,76374121,9411589
demo_matriz,16305,75815942,9341816
demo_matriz,16306,137422171560,17177636269
demo_matriz,16307,137422171688,17177636285
demo_matriz,16308,137422171704,17177636287
demo_matriz,16309,137422171696,17177636286
demo_matriz,16310,75781788,9337547
demo_matriz,16311,76374112,9411588
demo_matriz,16312,75815933,9341815
demo_matriz,16313,76374113,9411588
demo_matriz,16314,75815934,9341815
demo_matriz,16315,76374114,9411588
demo_matriz,16316,75815935,9341815
demo_matriz,16317,76374115,9411588
demo_matriz,16318,75815936,9341816
demo_matriz,16319,76374116,9411588
demo_matriz,16320,75815937,9341816
demo_matriz,16321,76374117,9411588
demo_matriz,16322,75815938,9341816
demo_matriz,16323,76374118,9411588
demo_matriz,16324,75815939,9341816
demo_matriz,16325,76374119,9411588
demo_matriz,16326,75815940,9341816
demo_matriz,16327,76374120,9411589
demo_matriz,16328,75815941,9341816
demo_matriz,16329,76374121,9411589
demo_matriz,16330,75815942,9341816
demo_matriz,16331,137422171560,17177636269
demo_matriz,16332,75781764,9337544
demo_matriz,16333,76374112,9411588
demo_matriz,16334,75865597,9348023
demo_matriz,16335,76374113,9411588
demo_matriz,16336,75865598,9348023
demo_matriz,16337,76374114,9411588
demo_matriz,16338,75865599,9348023
demo_matriz,16339,76374115,9411588
demo_matriz,16340,75865600,9348024
demo_matriz,16341,76374116,9411588
demo_matriz,16342,75865601,9348024
demo_matriz,16343,137422171560,17177636269
demo_matriz,16344,137422171672,17177636283
demo_matriz,16345,137422171680,17177636284
demo_matriz,16346,137422171640,17177636279
demo_matriz,16347,137422171704,17177636287
demo_matriz,16348,137422171688,17177636285
demo_matriz,16349,137422171704,17177636287
demo_matriz,16350,75781784,9337547
demo_matriz,16351,75781792,9337548
demo_matriz,16352,75781800,9337549
demo_matriz,16353,137422171672,17177636283
demo_matriz,16354,137422171656,17177636281
demo_matriz,16355,137422171680,17177636284
demo_matriz,16356,67336864,8281932
demo_matriz,16357,137422171672,17177636283
demo_matriz,16358,75815911,9341812
demo_matriz,16359,75815920,9341814
demo_matriz,16360,75815936,9341816
demo_matriz,16361,75815952,9341818
demo_matriz,16362,137422171560,17177636269
demo_matriz,16363,137422171672,17177636283
demo_matriz,16364,75815911,9341812
demo_matriz,16365,75815927,9341814
demo_matriz,16366,137422171512,17177636263
demo_matriz,16367,137422171520,17177636264
demo_matriz,16368,137422171536,17177636266
demo_matriz,16369,137422171552,17177636268
demo_matriz,16370,137422171568,17177636270
demo_matriz,16371,137422171480,17177636259
demo_matriz,16372,67336720,8281914
demo_matriz,16373,67342736,8282666
demo_matriz,16374,67342744,8282667
demo_matriz,16375,137422171448,17177636255
demo_matriz,16376,137422171456,17177636256
demo_matriz,16377,137422171464,17177636257
demo_matriz,16378,137422171472,17177636258
demo_matriz,16379,137422171480,17177636259
demo_matriz,16380,137422171488,17177636260
demo_matriz,16381,137422171496,17177636261
demo_matriz,16382,137422171504,17177636262
demo_matriz,16383,137422171520,17177636264
demo_matriz,16384,137422171536,17177636266
demo_matriz,16385,137422171512,17177636263
demo_matriz,16386,137422171768,17177636295
demo_matriz,16387,137422171776,17177636296
demo_matriz,16388,137422171784,17177636297
demo_matriz,16389,137422171792,17177636298
demo_matriz,16390,137422171800,17177636299
demo_matriz,16391,137422171808,17177636300
demo_matriz,16392,137422171816,17177636301
demo_matriz,16393,75737501,9332011
demo_matriz,16394,67337808,8282050
demo_matriz,16395,137422171728,17177636290
demo_matriz,16396,137422171736,17177636291
demo_matriz,16397,137422171736,17177636291
demo_matriz,16398,137422171936,17177636316
demo_matriz,16399,137422171944,17177636317
demo_matriz,16400,137422171944,17177636317
demo_matriz,16401,137422171952,17177636318
demo_matriz,16402,137422171953,17177636318
demo_matriz,16403,137422171956,17177636318
demo_matriz,16404,137422171964,17177636319
demo_matriz,16405,137422171962,17177636319
demo_matriz,16406,137422171960,17177636319
demo_matriz,16407,137422171998,17177636323
demo_matriz,16408,137422172000,17177636324
demo_matriz,16409,137422171976,17177636321
demo_matriz,16410,137422171768,17177636295
demo_matriz,16411,137422171776,17177636296
demo_matriz,16412,137422171784,17177636297
demo_matriz,16413,137422171792,17177636298
demo_matriz,16414,137422171800,17177636299
demo_matriz,16415,137422171808,17177636300
demo_matriz,16416,137422171816,17177636301
demo_matriz,16417,137422171848,17177636305
demo_matriz,16418,67336864,8281932
demo_matriz,16419,137422171888,17177636310
demo_matriz,16420,137422171912,17177636313
demo_matriz,16421,67336768,8281920
demo_matriz,16422,137422171864,17177636307
demo_matriz,16423,137422171900,17177636311
demo_matriz,16424,137422171896,17177636311
demo_matriz,16425,137422171800,17177636299
demo_matriz,16426,137422171432,17177636253
demo_matriz,16427,137422171816,17177636301
demo_matriz,16428,137422171584,17177636272
demo_matriz,16429,137422171592,17177636273
demo_matriz,16430,137422171584,17177636272
demo_matriz,16431,67338240,8282104
demo_matriz,16432,67343926,8282814
demo_matriz,16433,67344064,8282832
demo_matriz,16434,67343096,8282711
demo_matriz,16435,67341830,8282552
demo_matriz,16436,67341968,8282570
demo_matriz,16437,67341000,8282449
demo_matriz,16438,75735894,9331810
demo_matriz,16439,75736032,9331828
demo_matriz,16440,75736040,9331829
demo_matriz,16441,75735064,9331707
demo_matriz,16442,75737302,9331986
demo_matriz,16443,75737440,9332004
demo_matriz,16444,75737448,9332005
demo_matriz,16445,75736472,9331883
demo_matriz,16446,75738662,9332156
demo_matriz,16447,75738800,9332174
demo_matriz,16448,75738808,9332175
demo_matriz,16449,75737832,9332053
demo_matriz,16450,75740006,9332324
demo_matriz,16451,75740144,9332342
demo_matriz,16452,75740152,9332343
demo_matriz,16453,75739176,9332221
demo_matriz,16454,137422171816,17177636301
demo_matriz,16455,137422171800,17177636299
demo_matriz,16456,67336864,8281932
demo_matriz,16457,137422171816,17177636301
demo_matriz,16458,137422171800,17177636299
demo_matriz,16459,137422171792,17177636298
demo_matriz,16460,137422171536,17177636266
demo_matriz,16461,137422171528,17177636265
demo_matriz,16462,67337808,8282050
demo_matriz,16463,76374112,9411588
demo_matriz,16464,137422171320,17177636239
demo_matriz,16465,67336736,8281916
demo_matriz,16466,67336720,8281914
demo_matriz,16467,67342736,8282666
demo_matriz,16468,67342744,8282667
demo_matriz,16469,137422171288,17177636235
demo_matriz,16470,137422171296,17177636236
demo_matriz,16471,137422171304,17177636237
demo_matriz,16472,137422171312,17177636238
demo_matriz,16473,137422171320,17177636239
demo_matriz,16474,137422171336,17177636241
demo_matriz,16475,137422171368,17177636245
demo_matriz,16476,137422171344,17177636242
demo_matriz,16477,76374114,9411588
demo_matriz,16478,76374112,9411588
demo_matriz,16479,137422171320,17177636239
demo_matriz,16480,137422171336,17177636241
demo_matriz,16481,137422171360,17177636244
demo_matriz,16482,75740480,9332384
demo_matriz,16483,137422171352,17177636243
demo_matriz,16484,75741364,9332494
demo_matriz,16485,137422171356,17177636243
demo_matriz,16486,67336865,8281932
demo_matriz,16487,67338240,8282104
demo_matriz,16488,75737240,9331979
demo_matriz,16489,67343864,8282807
demo_matriz,16490,75741440,9332504
demo_matriz,16491,137422171360,17177636244
demo_matriz,16492,75740480,9332384
demo_matriz,16493,75740480,9332384
demo_matriz,16494,75740496,9332386
demo_matriz,16495,75740512,9332388
demo_matriz,16496,75740528,9332390
demo_matriz,16497,137422171320,17177636239
demo_matriz,16498,67336720,8281914
demo_matriz,16499,67342736,8282666
demo_matriz,16500,67342744,8282667
demo_matriz,16501,137422171288,17177636235
demo_matriz,16502,137422171296,17177636236
demo_matriz,16503,137422171304,17177636237
demo_matriz,16504,137422171312,17177636238
demo_matriz,16505,137422171320,17177636239
demo_matriz,16506,137422171368,17177636245
demo_matriz,16507,137422171360,17177636244
demo_matriz,16508,75740480,9332384
demo_matriz,16509,75740496,9332386
demo_matriz,16510,137422171320,17177636239
demo_matriz,16511,75741807,9332549
demo_matriz,16512,75741806,9332549
demo_matriz,16513,75741805,9332549
demo_matriz,16514,75741804,9332549
demo_matriz,16515,75741803,9332549
demo_matriz,16516,75741802,9332549
demo_matriz,16517,75741801,9332549
demo_matriz,16518,75741800,9332549
demo_matriz,16519,75741799,9332548
demo_matriz,16520,75741798,9332548
demo_matriz,16521,75741797,9332548
demo_matriz,16522,137422171384,17177636247
demo_matriz,16523,137422171392,17177636248
demo_matriz,16524,137422171400,17177636249
demo_matriz,16525,137422171408,17177636250
demo_matriz,16526,137422171416,17177636251
demo_matriz,16527,137422171424,17177636252
demo_matriz,16528,137422171432,17177636253
demo_matriz,16529,137422171968,17177636320
demo_matriz,16530,137422171976,17177636321
demo_matriz,16531,137422171960,17177636319
demo_matriz,16532,137422172000,17177636324
demo_matriz,16533,137422171936,17177636316
demo_matriz,16534,75741264,9332482
demo_matriz,16535,137422171496,17177636261
demo_matriz,16536,67336888,8281935
demo_matriz,16537,137422171496,17177636261
demo_matriz,16538,137422172008,17177636325
demo_matriz,16539,137422172024,17177636327
demo_matriz,16540,137422172016,17177636326
demo_matriz,16541,137422171520,17177636264
demo_matriz,16542,137422171560,17177636269
demo_matriz,16543,137422172040,17177636329
demo_matriz,16544,137422172048,17177636330
demo_matriz,16545,137422172056,17177636331
demo_matriz,16546,137422172012,17177636325
demo_matriz,16547,137422171560,17177636269
demo_matriz,16548,137422172064,17177636332
demo_matriz,16549,137422172080,17177636334
demo_matriz,16550,137422172072,17177636333
demo_matriz,16551,137422171520,17177636264
demo_matriz,16552,137422171560,17177636269
demo_matriz,16553,137422172096,17177636336
demo_matriz,16554,137422172104,17177636337
demo_matriz,16555,137422172112,17177636338
demo_matriz,16556,137422170824,17177636177
demo_matriz,16557,137422171544,17177636267
demo_matriz,16558,137422172068,17177636332
demo_matriz,16559,137422171560,17177636269
demo_matriz,16560,137422172120,17177636339
demo_matriz,16561,137422172136,17177636341
demo_matriz,16562,137422172128,17177636340
demo_matriz,16563,137422171520,17177636264
demo_matriz,16564,137422171560,17177636269
demo_matriz,16565,137422172152,17177636343
demo_matriz,16566,137422172160,17177636344
demo_matriz,16567,137422172168,17177636345
demo_matriz,16568,137422170880,17177636184
demo_matriz,16569,137422171544,17177636267
demo_matriz,16570,137422172124,17177636339
demo_matriz,16571,137422171560,17177636269
demo_matriz,16572,137422172176,17177636346
demo_matriz,16573,137422172192,17177636348
demo_matriz,16574,137422172184,17177636347
demo_matriz,16575,137422171520,17177636264
demo_matriz,16576,137422171560,17177636269
demo_matriz,16577,137422172208,17177636350
demo_matriz,16578,137422172216,17177636351
demo_matriz,16579,137422172224,17177636352
demo_matriz,16580,137422170936,17177636191
demo_matriz,16581,137422171544,17177636267
demo_matriz,16582,137422172180,17177636346
demo_matriz,16583,137422171560,17177636269
demo_matriz,16584,137422172232,17177636353
demo_matriz,16585,137422172264,17177636357
demo_matriz,16586,137422172248,17177636355
demo_matriz,16587,75741366,9332494
demo_matriz,16588,137422172272,17177636358
demo_matriz,16589,137422172236,17177636353
demo_matriz,16590,137422172288,17177636360
demo_matriz,16591,137422172344,17177636367
demo_matriz,16592,137422172400,17177636374
demo_matriz,16593,137422172456,17177636381
demo_matriz,16594,137422172512,17177636388
demo_matriz,16595,137422172516,17177636388
demo_matriz,16596,137422172568,17177636395
demo_matriz,16597,137422172600,17177636399
demo_matriz,16598,137422172584,17177636397
demo_matriz,16599,137422171476,17177636258
demo_matriz,16600,137422171464,17177636257
demo_matriz,16601,137422171456,17177636256
demo_matriz,16602,137422171448,17177636255
demo_matriz,16603,137422171560,17177636269
demo_matriz,16604,75740528,9332390
demo_matriz,16605,137422171512,17177636263
demo_matriz,16606,137422171560,17177636269
demo_matriz,16607,137422170816,17177636176
demo_matriz,16608,137422170848,17177636180
demo_matriz,16609,137422171008,17177636200
demo_matriz,16610,137422170864,17177636182
demo_matriz,16611,137422171556,17177636268
demo_matriz,16612,137422170856,17177636181
demo_matriz,16613,67337317,8281988
demo_matriz,16614,137422170784,17177636172
demo_matriz,16615,137422170792,17177636173
demo_matriz,16616,137422170800,17177636174
demo_matriz,16617,137422170808,17177636175
demo_matriz,16618,137422171512,17177636263
demo_matriz,16619,137422171520,17177636264
demo_matriz,16620,137422171544,17177636267
demo_matriz,16621,137422171560,17177636269
demo_matriz,16622,75741248,9332480
demo_matriz,16623,137422170856,17177636181
demo_matriz,16624,137422171976,17177636321
demo_matriz,16625,137422172000,17177636324
demo_matriz,16626,137422170824,17177636177
demo_matriz,16627,137422170840,17177636179
demo_matriz,16628,137422170832,17177636178
demo_matriz,16629,137422171560,17177636269
demo_matriz,16630,137422170880,17177636184
demo_matriz,16631,137422170872,17177636183
demo_matriz,16632,75740512,9332388
demo_matriz,16633,137422170920,17177636189
demo_matriz,16634,137422170912,17177636188
demo_matriz,16635,137422171556,17177636268
demo_matriz,16636,137422170784,17177636172
demo_matriz,16637,137422170792,17177636173
demo_matriz,16638,137422170800,17177636174
demo_matriz,16639,137422170808,17177636175
demo_matriz,16640,75741248,9332480
demo_matriz,16641,137422170896,17177636186
demo_matriz,16642,137422170888,17177636185
demo_matriz,16643,137422171560,17177636269
demo_matriz,16644,137422170936,17177636191
demo_matriz,16645,137422170928,17177636190
demo_matriz,16646,75740512,9332388
demo_matriz,16647,137422170976,17177636196
demo_matriz,16648,137422170968,17177636195
demo_matriz,16649,137422171556,17177636268
demo_matriz,16650,137422170784,17177636172
demo_matriz,16651,137422170792,17177636173
demo_matriz,16652,137422170800,17177636174
demo_matriz,16653,137422170808,17177636175
demo_matriz,16654,75741248,9332480
demo_matriz,16655,137422170952,17177636193
demo_matriz,16656,137422170944,17177636192
demo_matriz,16657,137422171560,17177636269
demo_matriz,16658,137422170992,17177636198
demo_matriz,16659,137422170984,17177636197
demo_matriz,16660,75740512,9332388
demo_matriz,16661,137422171032,17177636203
demo_matriz,16662,137422171024,17177636202
demo_matriz,16663,137422171556,17177636268
demo_matriz,16664,137422170784,17177636172
demo_matriz,16665,137422170792,17177636173
demo_matriz,16666,137422170800,17177636174
demo_matriz,16667,137422170808,17177636175
demo_matriz,16668,75741248,9332480
demo_matriz,16669,137422171008,17177636200
demo_matriz,16670,137422171000,17177636199
demo_matriz,16671,75740512,9332388
demo_matriz,16672,67336888,8281935
demo_matriz,16673,137422171032,17177636203
demo_matriz,16674,137422170808,17177636175
demo_matriz,16675,137422171544,17177636267
demo_matriz,16676,137422171560,17177636269
demo_matriz,16677,75740528,9332390
demo_matriz,16678,137422171480,17177636259
demo_matriz,16679,75740512,9332388
demo_matriz,16680,81800208,10089850
demo_matriz,16681,81800224,10089852
demo_matriz,16682,81800240,10089854
demo_matriz,16683,81800256,10089856
demo_matriz,16684,81800272,10089858
demo_matriz,16685,81800288,10089860
demo_matriz,16686,81800304,10089862
demo_matriz,16687,81800320,10089864
demo_matriz,16688,81800336,10089866
demo_matriz,16689,81800352,10089868
demo_matriz,16690,81800368,10089870
demo_matriz,16691,81800384,10089872
demo_matriz,16692,81800400,10089874
demo_matriz,16693,81800416,10089876
demo_matriz,16694,81800432,10089878
demo_matriz,16695,81800448,10089880
demo_matriz,16696,81800464,10089882
demo_matriz,16697,81800480,10089884
demo_matriz,16698,81800496,10089886
demo_matriz,16699,81800512,10089888
demo_matriz,16700,81800528,10089890
demo_matriz,16701,81800544,10089892
demo_matriz,16702,81800560,10089894
demo_matriz,16703,81800576,10089896
demo_matriz,16704,81800592,10089898
demo_matriz,16705,81800608,10089900
demo_matriz,16706,81800624,10089902
demo_matriz,16707,81800640,10089904
demo_matriz,16708,81800656,10089906
demo_matriz,16709,81800672,10089908
demo_matriz,16710,81800688,10089910
demo_matriz,16711,81800704,10089912
demo_matriz,16712,81800720,10089914
demo_matriz,16713,81800736,10089916
demo_matriz,16714,81800752,10089918
demo_matriz,16715,81800768,10089920
demo_matriz,16716,75741366,9332494
demo_matriz,16717,75740608,9332400
demo_matriz,16718,75740600,9332399
demo_matriz,16719,75740616,9332401
demo_matriz,16720,75740624,9332402
demo_matriz,16721,75740864,9332432
demo_matriz,16722,75740760,9332419
demo_matriz,16723,75741032,9332453
demo_matriz,16724,75741240,9332479
demo_matriz,16725,75740632,9332403
demo_matriz,16726,75740736,9332416
demo_matriz,16727,81800568,10089895
demo_matriz,16728,81800536,10089891
demo_matriz,16729,75740632,9332403
demo_matriz,16730,75740648,9332405
demo_matriz,16731,81800600,10089899
demo_matriz,16732,75740864,9332432
demo_matriz,16733,75740872,9332433
demo_matriz,16734,81800760,10089919
demo_matriz,16735,75740816,9332426
demo_matriz,16736,81800648,10089905
demo_matriz,16737,75740944,9332442
demo_matriz,16738,81800664,10089907
demo_matriz,16739,67336864,8281932
demo_matriz,16740,75740944,9332442
demo_matriz,16741,75740808,9332425
demo_matriz,16742,75741248,9332480
demo_matriz,16743,75740512,9332388
demo_matriz,16744,67342448,8282630
demo_matriz,16745,137422171552,17177636268
demo_matriz,16746,75741632,9332528
demo_matriz,16747,75741264,9332482
demo_matriz,16748,137422171556,17177636268
demo_matriz,16749,80851568,9971270
demo_matriz,16750,80851512,9971263
demo_matriz,16751,80851456,9971256
demo_matriz,16752,80851400,9971249
demo_matriz,16753,80851448,9971255
demo_matriz,16754,80851440,9971254
demo_matriz,16755,75740512,9332388
demo_matriz,16756,80851416,9971251
demo_matriz,16757,80851624,9971277
demo_matriz,16758,80851632,9971278
demo_matriz,16759,80851636,9971278
demo_matriz,16760,80851628,9971277
demo_matriz,16761,80851640,9971279
demo_matriz,16762,80851644,9971279
demo_matriz,16763,80851648,9971280
demo_matriz,16764,75741370,9332495
demo_matriz,16765,80851656,9971281
demo_matriz,16766,80851660,9971281
demo_matriz,16767,80851664,9971282
demo_matriz,16768,75741370,9332495
demo_matriz,16769,137422171432,17177636253
demo_matriz,16770,75741248,9332480
demo_matriz,16771,80851344,9971242
demo_matriz,16772,75741370,9332495
demo_matriz,16773,80851288,9971235
demo_matriz,16774,75741370,9332495
demo_matriz,16775,80851232,9971228
demo_matriz,16776,80851176,9971221
demo_matriz,16777,80851120,9971214
demo_matriz,16778,80851064,9971207
demo_matriz,16779,80851008,9971200
demo_matriz,16780,137422171556,17177636268
demo_matriz,16781,137422171432,17177636253
demo_matriz,16782,137422171476,17177636258
demo_matriz,16783,75741256,9332481
demo_matriz,16784,75740512,9332388
demo_matriz,16785,67336864,8281932
demo_matriz,16786,75741240,9332479
demo_matriz,16787,81800376,10089871
demo_matriz,16788,75741366,9332494
demo_matriz,16789,80860616,9972401
demo_matriz,16790,80860624,9972402
demo_matriz,16791,80860620,9972401
demo_matriz,16792,80860628,9972402
demo_matriz,16793,137422171432,17177636253
demo_matriz,16794,137422171800,17177636299
demo_matriz,16795,75740704,9332412
demo_matriz,16796,75741564,9332519
demo_matriz,16797,137422171568,17177636270
demo_matriz,16798,137422171488,17177636260
demo_matriz,16799,67337600,8282024
demo_matriz,16800,137422171816,17177636301
demo_matriz,16801,137422171816,17177636301
demo_matriz,16802,67338272,8282108
demo_matriz,16803,75741648,9332530
demo_matriz,16804,137422171816,17177636301
demo_matriz,16805,67336752,8281918
demo_matriz,16806,137422171384,17177636247
demo_matriz,16807,67338240,8282104
demo_matriz,16808,67343096,8282711
demo_matriz,16809,67341000,8282449
demo_matriz,16810,75735064,9331707
demo_matriz,16811,75736472,9331883
demo_matriz,16812,75737832,9332053
demo_matriz,16813,75739176,9332221
demo_matriz,16814,67340928,8282440
demo_matriz,16815,137422171400,17177636249
demo_matriz,16816,137422171408,17177636250
demo_matriz,16817,137422171416,17177636251
demo_matriz,16818,137422171424,17177636252
demo_matriz,16819,67336744,8281917
demo_matriz,16820,137422171432,17177636253
demo_matriz,16821,137422171800,17177636299
demo_matriz,16822,137422171816,17177636301
demo_matriz,16823,67342640,8282654
demo_matriz,16824,137422171432,17177636253
demo_matriz,16825,67342656,8282656
demo_matriz,16826,75740560,9332394
demo_matriz,16827,67338240,8282104
demo_matriz,16828,67343926,8282814
demo_matriz,16829,137422171816,17177636301
demo_matriz,16830,67337808,8282050
demo_matriz,16831,137422171432,17177636253
demo_matriz,16832,137422171736,17177636291
demo_matriz,16833,137422171744,17177636292
demo_matriz,16834,137422171752,17177636293
demo_matriz,16835,137422171760,17177636294
demo_matriz,16836,137422171768,17177636295
demo_matriz,16837,137422171776,17177636296
demo_matriz,16838,137422171784,17177636297
demo_matriz,16839,137422172792,17177636423
demo_matriz,16840,137422172800,17177636424
demo_matriz,16841,137422172808,17177636425
demo_matriz,16842,137422172816,17177636426
demo_matriz,16843,137422172824,17177636427
demo_matriz,16844,137422172832,17177636428
demo_matriz,16845,137422172840,17177636429
demo_matriz,16846,137422172856,17177636431
demo_matriz,16847,137422172864,17177636432
demo_matriz,16848,137422172872,17177636433
demo_matriz,16849,67342896,8282686
demo_matriz,16850,137422172880,17177636434
demo_matriz,16851,137422172904,17177636437
demo_matriz,16852,137422173160,17177636469
demo_matriz,16853,137422173168,17177636470
demo_matriz,16854,137422173176,17177636471
demo_matriz,16855,137422173480,17177636509
demo_matriz,16856,137422173536,17177636516
demo_matriz,16857,75741364,9332494
demo_matriz,16858,137422173432,17177636503
demo_matriz,16859,75741364,9332494
demo_matriz,16860,137422173456,17177636506
demo_matriz,16861,78458256,9672106
demo_matriz,16862,137422173464,17177636507
demo_matriz,16863,78458264,9672107
demo_matriz,16864,76374122,9411589
demo_matriz,16865,76374131,9411590
demo_matriz,16866,137422173080,17177636459
demo_matriz,16867,137422173096,17177636461
demo_matriz,16868,137422173104,17177636462
demo_matriz,16869,137422173112,17177636463
demo_matriz,16870,137422173120,17177636464
demo_matriz,16871,137422173128,17177636465
demo_matriz,16872,137422173136,17177636466
demo_matriz,16873,137422173144,17177636467
demo_matriz,16874,67342896,8282686
demo_matriz,16875,67342616,8282651
demo_matriz,16876,67336816,8281926
demo_matriz,16877,67336816,8281926
demo_matriz,16878,137422172840,17177636429
demo_matriz,16879,67336816,8281926
demo_matriz,16880,137422172840,17177636429
demo_matriz,16881,137422172864,17177636432
demo_matriz,16882,137422172856,17177636431
demo_matriz,16883,137422173504,17177636512
demo_matriz,16884,137422173512,17177636513
demo_matriz,16885,137422173528,17177636515
demo_matriz,16886,137422173516,17177636513
demo_matriz,16887,75737300,9331986
demo_matriz,16888,75736496,9331886
demo_matriz,16889,67340800,8282424
demo_matriz,16890,67338240,8282104
demo_matriz,16891,67343925,8282814
demo_matriz,16892,67343926,8282814
demo_matriz,16893,67343080,8282709
demo_matriz,16894,67294572,8276645
demo_matriz,16895,67344560,8282894
demo_matriz,16896,76374112,9411588
demo_matriz,16897,67344568,8282895
demo_matriz,16898,76374122,9411589
demo_matriz,16899,137422171752,17177636293
demo_matriz,16900,67343128,8282715
demo_matriz,16901,67344544,8282892
demo_matriz,16902,67294572,8276645
demo_matriz,16903,67344560,8282894
demo_matriz,16904,76374112,9411588
demo_matriz,16905,67344568,8282895
demo_matriz,16906,76374122,9411589
demo_matriz,16907,137422171752,17177636293
demo_matriz,16908,67344552,8282893
demo_matriz,16909,137422171760,17177636294
demo_matriz,16910,137422171768,17177636295
demo_matriz,16911,137422171776,17177636296
demo_matriz,16912,137422171784,17177636297
demo_matriz,16913,67343925,8282814
demo_matriz,16914,67343248,8282730
demo_matriz,16915,67343096,8282711
demo_matriz,16916,67341829,8282552
demo_matriz,16917,67341830,8282552
demo_matriz,16918,67340984,8282447
demo_matriz,16919,76374122,9411589
demo_matriz,16920,1082136,91
demo_matriz,16921,76374130,9411590
demo_matriz,16922,1082144,92
demo_matriz,16923,1082136,91
demo_matriz,16924,76374122,9411589
demo_matriz,16925,137422171752,17177636293
demo_matriz,16926,67341032,8282453
demo_matriz,16927,67342976,8282696
demo_matriz,16928,76374122,9411589
demo_matriz,16929,1082136,91
demo_matriz,16930,76374130,9411590
demo_matriz,16931,1082144,92
demo_matriz,16932,1082136,91
demo_matriz,16933,76374122,9411589
demo_matriz,16934,137422171752,17177636293
demo_matriz,16935,67342984,8282697
demo_matriz,16936,67342912,8282688
demo_matriz,16937,76374122,9411589
demo_matriz,16938,67111873,8253808
demo_matriz,16939,76374130,9411590
demo_matriz,16940,67111881,8253809
demo_matriz,16941,67111874,8253808
demo_matriz,16942,76374123,9411589
demo_matriz,16943,137422171752,17177636293
demo_matriz,16944,67342920,8282689
demo_matriz,16945,137422171760,17177636294
demo_matriz,16946,137422171768,17177636295
demo_matriz,16947,137422171776,17177636296
demo_matriz,16948,137422171784,17177636297
demo_matriz,16949,67341829,8282552
demo_matriz,16950,67341152,8282468
demo_matriz,16951,67337824,8282052
demo_matriz,16952,67341080,8282459
demo_matriz,16953,67337872,8282058
demo_matriz,16954,67341830,8282552
demo_matriz,16955,76374122,9411589
demo_matriz,16956,67111873,8253808
demo_matriz,16957,76374130,9411590
demo_matriz,16958,67111881,8253809
demo_matriz,16959,67111874,8253808
demo_matriz,16960,76374123,9411589
demo_matriz,16961,137422171784,17177636297
demo_matriz,16962,67341000,8282449
demo_matriz,16963,75735893,9331810
demo_matriz,16964,75735894,9331810
demo_matriz,16965,75735048,9331705
demo_matriz,16966,76374122,9411589
demo_matriz,16967,67345184,8282972
demo_matriz,16968,76374130,9411590
demo_matriz,16969,67345192,8282973
demo_matriz,16970,67345184,8282972
demo_matriz,16971,76374122,9411589
demo_matriz,16972,137422171752,17177636293
demo_matriz,16973,75735096,9331711
demo_matriz,16974,75736256,9331856
demo_matriz,16975,76374122,9411589
demo_matriz,16976,75736280,9331859
demo_matriz,16977,76374130,9411590
demo_matriz,16978,75736288,9331860
demo_matriz,16979,75736280,9331859
demo_matriz,16980,76374122,9411589
demo_matriz,16981,137422171752,17177636293
demo_matriz,16982,75736264,9331857
demo_matriz,16983,137422171760,17177636294
demo_matriz,16984,137422171768,17177636295
demo_matriz,16985,137422171776,17177636296
demo_matriz,16986,137422171784,17177636297
demo_matriz,16987,75735893,9331810
demo_matriz,16988,75735216,9331726
demo_matriz,16989,75735064,9331707
demo_matriz,16990,75737301,9331986
demo_matriz,16991,75737302,9331986
demo_matriz,16992,75736456,9331881
demo_matriz,16993,76374122,9411589
demo_matriz,16994,75736400,9331874
demo_matriz,16995,76374130,9411590
demo_matriz,16996,75736408,9331875
demo_matriz,16997,75736400,9331874
demo_matriz,16998,76374122,9411589
demo_matriz,16999,137422171752,17177636293
demo_matriz,17000,75736504,9331887
demo_matriz,17001,75737664,9332032
demo_matriz,17002,76374122,9411589
demo_matriz,17003,75737688,9332035
demo_matriz,17004,76374130,9411590
demo_matriz,17005,75737696,9332036
demo_matriz,17006,75737691,9332035
demo_matriz,17007,76374125,9411589
demo_matriz,17008,137422171752,17177636293
demo_matriz,17009,75737672,9332033
demo_matriz,17010,137422171760,17177636294
demo_matriz,17011,137422171768,17177636295
demo_matriz,17012,137422171776,17177636296
demo_matriz,17013,137422171784,17177636297
demo_matriz,17014,75737301,9331986
demo_matriz,17015,75736624,9331902
demo_matriz,17016,78458312,9672113
demo_matriz,17017,75736552,9331893
demo_matriz,17018,78458440,9672129
demo_matriz,17019,75737302,9331986
demo_matriz,17020,76374122,9411589
demo_matriz,17021,76374167,9411594
demo_matriz,17022,76374130,9411590
demo_matriz,17023,76374175,9411595
demo_matriz,17024,76374170,9411595
demo_matriz,17025,76374125,9411589
demo_matriz,17026,137422171784,17177636297
demo_matriz,17027,75736472,9331883
demo_matriz,17028,75738661,9332156
demo_matriz,17029,75738662,9332156
demo_matriz,17030,75737816,9332051
demo_matriz,17031,76374122,9411589
demo_matriz,17032,75737760,9332044
demo_matriz,17033,76374130,9411590
demo_matriz,17034,75737768,9332045
demo_matriz,17035,75737760,9332044
demo_matriz,17036,76374122,9411589
demo_matriz,17037,137422171752,17177636293
demo_matriz,17038,75737864,9332057
demo_matriz,17039,75739024,9332202
demo_matriz,17040,76374122,9411589
demo_matriz,17041,75739048,9332205
demo_matriz,17042,76374130,9411590
demo_matriz,17043,75739056,9332206
demo_matriz,17044,75739051,9332205
demo_matriz,17045,76374125,9411589
demo_matriz,17046,137422171752,17177636293
demo_matriz,17047,75739032,9332203
demo_matriz,17048,137422171760,17177636294
demo_matriz,17049,137422171768,17177636295
demo_matriz,17050,137422171776,17177636296
demo_matriz,17051,137422171784,17177636297
demo_matriz,17052,75738661,9332156
demo_matriz,17053,75737984,9332072
demo_matriz,17054,78675416,9699251
demo_matriz,17055,75737912,9332063
demo_matriz,17056,78675544,9699267
demo_matriz,17057,75738662,9332156
demo_matriz,17058,76374122,9411589
demo_matriz,17059,78502664,9677657
demo_matriz,17060,76374130,9411590
demo_matriz,17061,78502672,9677658
demo_matriz,17062,78502667,9677657
demo_matriz,17063,76374125,9411589
demo_matriz,17064,137422171784,17177636297
demo_matriz,17065,75737832,9332053
demo_matriz,17066,75740005,9332324
demo_matriz,17067,75740006,9332324
demo_matriz,17068,75739160,9332219
demo_matriz,17069,76374122,9411589
demo_matriz,17070,75739120,9332214
demo_matriz,17071,76374130,9411590
demo_matriz,17072,75739128,9332215
demo_matriz,17073,75739120,9332214
demo_matriz,17074,76374122,9411589
demo_matriz,17075,137422171752,17177636293
demo_matriz,17076,75739208,9332225
demo_matriz,17077,75740368,9332370
demo_matriz,17078,76374122,9411589
demo_matriz,17079,75740392,9332373
demo_matriz,17080,76374130,9411590
demo_matriz,17081,75740400,9332374
demo_matriz,17082,75740401,9332374
demo_matriz,17083,76374131,9411590
demo_matriz,17084,137422171752,17177636293
demo_matriz,17085,137422171760,17177636294
demo_matriz,17086,137422171768,17177636295
demo_matriz,17087,137422171776,17177636296
demo_matriz,17088,137422171784,17177636297
demo_matriz,17089,137422172760,17177636419
demo_matriz,17090,137422172768,17177636420
demo_matriz,17091,137422172776,17177636421
demo_matriz,17092,137422172784,17177636422
demo_matriz,17093,137422172792,17177636423
demo_matriz,17094,137422172800,17177636424
demo_matriz,17095,137422172808,17177636425
demo_matriz,17096,137422172824,17177636427
demo_matriz,17097,137422172832,17177636428
demo_matriz,17098,137422172840,17177636429
demo_matriz,17099,67342896,8282686
demo_matriz,17100,137422172848,17177636430
demo_matriz,17101,137422172872,17177636433
demo_matriz,17102,137422173128,17177636465
demo_matriz,17103,137422173136,17177636466
demo_matriz,17104,137422173144,17177636467
demo_matriz,17105,137422173480,17177636509
demo_matriz,17106,137422173536,17177636516
demo_matriz,17107,75740004,9332324
demo_matriz,17108,137422173456,17177636506
demo_matriz,17109,78458272,9672108
demo_matriz,17110,137422173464,17177636507
demo_matriz,17111,78458280,9672109
demo_matriz,17112,76374132,9411590
demo_matriz,17113,76374148,9411592
demo_matriz,17114,76374164,9411594
demo_matriz,17115,76374180,9411596
demo_matriz,17116,76374152,9411593
demo_matriz,17117,137422173080,17177636459
demo_matriz,17118,137422173096,17177636461
demo_matriz,17119,137422173104,17177636462
demo_matriz,17120,137422173112,17177636463
demo_matriz,17121,137422173120,17177636464
demo_matriz,17122,137422173128,17177636465
demo_matriz,17123,137422173136,17177636466
demo_matriz,17124,137422173144,17177636467
demo_matriz,17125,67342896,8282686
demo_matriz,17126,67342616,8282651
demo_matriz,17127,67336816,8281926
demo_matriz,17128,67336816,8281926
demo_matriz,17129,137422172840,17177636429
demo_matriz,17130,67336816,8281926
demo_matriz,17131,137422172840,17177636429
demo_matriz,17132,137422172864,17177636432
demo_matriz,17133,137422172856,17177636431
demo_matriz,17134,137422173504,17177636512
demo_matriz,17135,137422173512,17177636513
demo_matriz,17136,137422173528,17177636515
demo_matriz,17137,137422173516,17177636513
demo_matriz,17138,75737300,9331986
demo_matriz,17139,75736496,9331886
demo_matriz,17140,67340800,8282424
demo_matriz,17141,67338240,8282104
demo_matriz,17142,67343925,8282814
demo_matriz,17143,67343926,8282814
demo_matriz,17144,67343080,8282709
demo_matriz,17145,67294564,8276644
demo_matriz,17146,76374128,9411590
demo_matriz,17147,67344560,8282894
demo_matriz,17148,67344568,8282895
demo_matriz,17149,76374132,9411590
demo_matriz,17150,137422171752,17177636293
demo_matriz,17151,67343128,8282715
demo_matriz,17152,67344544,8282892
demo_matriz,17153,67294564,8276644
demo_matriz,17154,76374128,9411590
demo_matriz,17155,67344560,8282894
demo_matriz,17156,67344568,8282895
demo_matriz,17157,76374132,9411590
demo_matriz,17158,137422171752,17177636293
demo_matriz,17159,67344552,8282893
demo_matriz,17160,137422171760,17177636294
demo_matriz,17161,137422171768,17177636295
demo_matriz,17162,137422171776,17177636296
demo_matriz,17163,137422171784,17177636297
demo_matriz,17164,67343925,8282814
demo_matriz,17165,67343248,8282730
demo_matriz,17166,67343096,8282711
demo_matriz,17167,67341829,8282552
demo_matriz,17168,67341830,8282552
demo_matriz,17169,67340984,8282447
demo_matriz,17170,67294564,8276644
demo_matriz,17171,76374128,9411590
demo_matriz,17172,1082128,90
demo_matriz,17173,1082136,91
demo_matriz,17174,76374132,9411590
demo_matriz,17175,137422171752,17177636293
demo_matriz,17176,67341032,8282453
demo_matriz,17177,67342976,8282696
demo_matriz,17178,67294564,8276644
demo_matriz,17179,76374128,9411590
demo_matriz,17180,1082128,90
demo_matriz,17181,1082136,91
demo_matriz,17182,76374132,9411590
demo_matriz,17183,137422171752,17177636293
demo_matriz,17184,67342984,8282697
demo_matriz,17185,67342912,8282688
demo_matriz,17186,67294568,8276645
demo_matriz,17187,67111872,8253808
demo_matriz,17188,76374128,9411590
demo_matriz,17189,67111872,8253808
demo_matriz,17190,76374144,9411592
demo_matriz,17191,67111888,8253810
demo_matriz,17192,67111893,8253810
demo_matriz,17193,76374152,9411593
demo_matriz,17194,137422171752,17177636293
demo_matriz,17195,137422171760,17177636294
demo_matriz,17196,137422171768,17177636295
demo_matriz,17197,137422171776,17177636296
demo_matriz,17198,137422171784,17177636297
demo_matriz,17199,137422172760,17177636419
demo_matriz,17200,137422172768,17177636420
demo_matriz,17201,137422172776,17177636421
demo_matriz,17202,137422172784,17177636422
demo_matriz,17203,137422172792,17177636423
demo_matriz,17204,137422172800,17177636424
demo_matriz,17205,137422172808,17177636425
demo_matriz,17206,137422172824,17177636427
demo_matriz,17207,137422172832,17177636428
demo_matriz,17208,137422172840,17177636429
demo_matriz,17209,67342896,8282686
demo_matriz,17210,137422172848,17177636430
demo_matriz,17211,137422172872,17177636433
demo_matriz,17212,137422173128,17177636465
demo_matriz,17213,137422173136,17177636466
demo_matriz,17214,137422173144,17177636467
demo_matriz,17215,137422173480,17177636509
demo_matriz,17216,137422173536,17177636516
demo_matriz,17217,67341828,8282552
demo_matriz,17218,137422173432,17177636503
demo_matriz,17219,67341828,8282552
demo_matriz,17220,137422173456,17177636506
demo_matriz,17221,78458288,9672110
demo_matriz,17222,137422173464,17177636507
demo_matriz,17223,78458296,9672111
demo_matriz,17224,76374153,9411593
demo_matriz,17225,76374166,9411594
demo_matriz,17226,137422173048,17177636455
demo_matriz,17227,137422173064,17177636457
demo_matriz,17228,137422173072,17177636458
demo_matriz,17229,137422173080,17177636459
demo_matriz,17230,137422173088,17177636460
demo_matriz,17231,137422173096,17177636461
demo_matriz,17232,137422173104,17177636462
demo_matriz,17233,137422173112,17177636463
demo_matriz,17234,67342896,8282686
demo_matriz,17235,67342616,8282651
demo_matriz,17236,67336816,8281926
demo_matriz,17237,67336816,8281926
demo_matriz,17238,137422172808,17177636425
demo_matriz,17239,67336816,8281926
demo_matriz,17240,137422172808,17177636425
demo_matriz,17241,137422172832,17177636428
demo_matriz,17242,137422172824,17177636427
demo_matriz,17243,137422173504,17177636512
demo_matriz,17244,137422173512,17177636513
demo_matriz,17245,137422173528,17177636515
demo_matriz,17246,137422173516,17177636513
demo_matriz,17247,75737300,9331986
demo_matriz,17248,75736496,9331886
demo_matriz,17249,67340800,8282424
demo_matriz,17250,67338240,8282104
demo_matriz,17251,67343925,8282814
demo_matriz,17252,67343926,8282814
demo_matriz,17253,67343080,8282709
demo_matriz,17254,67294576,8276646
demo_matriz,17255,67344560,8282894
demo_matriz,17256,76374144,9411592
demo_matriz,17257,67344568,8282895
demo_matriz,17258,76374153,9411593
demo_matriz,17259,137422171720,17177636289
demo_matriz,17260,67343128,8282715
demo_matriz,17261,67344544,8282892
demo_matriz,17262,67294576,8276646
demo_matriz,17263,67344560,8282894
demo_matriz,17264,76374144,9411592
demo_matriz,17265,67344568,8282895
demo_matriz,17266,76374153,9411593
demo_matriz,17267,137422171720,17177636289
demo_matriz,17268,67344552,8282893
demo_matriz,17269,137422171728,17177636290
demo_matriz,17270,137422171736,17177636291
demo_matriz,17271,137422171744,17177636292
demo_matriz,17272,137422171752,17177636293
demo_matriz,17273,67343925,8282814
demo_matriz,17274,67343248,8282730
demo_matriz,17275,67343096,8282711
demo_matriz,17276,67341829,8282552
demo_matriz,17277,67341830,8282552
demo_matriz,17278,67340984,8282447
demo_matriz,17279,76374153,9411593
demo_matriz,17280,1082136,91
demo_matriz,17281,76374161,9411594
demo_matriz,17282,1082144,92
demo_matriz,17283,1082136,91
demo_matriz,17284,76374153,9411593
demo_matriz,17285,137422171720,17177636289
demo_matriz,17286,67341032,8282453
demo_matriz,17287,67342976,8282696
demo_matriz,17288,76374153,9411593
demo_matriz,17289,1082136,91
demo_matriz,17290,76374161,9411594
demo_matriz,17291,1082144,92
demo_matriz,17292,1082136,91
demo_matriz,17293,76374153,9411593
demo_matriz,17294,137422171720,17177636289
demo_matriz,17295,67342984,8282697
demo_matriz,17296,67342912,8282688
demo_matriz,17297,76374153,9411593
demo_matriz,17298,67111873,8253808
demo_matriz,17299,76374161,9411594
demo_matriz,17300,67111881,8253809
demo_matriz,17301,67111874,8253808
demo_matriz,17302,76374154,9411593
demo_matriz,17303,137422171720,17177636289
demo_matriz,17304,67342920,8282689
demo_matriz,17305,137422171728,17177636290
demo_matriz,17306,137422171736,17177636291
demo_matriz,17307,137422171744,17177636292
demo_matriz,17308,137422171752,17177636293
demo_matriz,17309,67341829,8282552
demo_matriz,17310,67341152,8282468
demo_matriz,17311,67337824,8282052
demo_matriz,17312,67341080,8282459
demo_matriz,17313,67337872,8282058
demo_matriz,17314,67341830,8282552
demo_matriz,17315,76374153,9411593
demo_matriz,17316,67111873,8253808
demo_matriz,17317,76374161,9411594
demo_matriz,17318,67111881,8253809
demo_matriz,17319,67111874,8253808
demo_matriz,17320,76374154,9411593
demo_matriz,17321,137422171752,17177636293
demo_matriz,17322,67341000,8282449
demo_matriz,17323,75735893,9331810
demo_matriz,17324,75735894,9331810
demo_matriz,17325,75735048,9331705
demo_matriz,17326,76374153,9411593
demo_matriz,17327,67345184,8282972
demo_matriz,17328,76374161,9411594
demo_matriz,17329,67345192,8282973
demo_matriz,17330,67345184,8282972
demo_matriz,17331,76374153,9411593
demo_matriz,17332,137422171720,17177636289
demo_matriz,17333,75735096,9331711
demo_matriz,17334,75736256,9331856
demo_matriz,17335,76374153,9411593
demo_matriz,17336,75736280,9331859
demo_matriz,17337,76374161,9411594
demo_matriz,17338,75736288,9331860
demo_matriz,17339,75736280,9331859
demo_matriz,17340,76374153,9411593
demo_matriz,17341,137422171720,17177636289
demo_matriz,17342,75736264,9331857
demo_matriz,17343,137422171728,17177636290
demo_matriz,17344,137422171736,17177636291
demo_matriz,17345,137422171744,17177636292
demo_matriz,17346,137422171752,17177636293
demo_matriz,17347,75735893,9331810
demo_matriz,17348,75735216,9331726
demo_matriz,17349,75735064,9331707
demo_matriz,17350,75737301,9331986
demo_matriz,17351,75737302,9331986
demo_matriz,17352,75736456,9331881
demo_matriz,17353,76374153,9411593
demo_matriz,17354,75736400,9331874
demo_matriz,17355,76374161,9411594
demo_matriz,17356,75736408,9331875
demo_matriz,17357,75736400,9331874
demo_matriz,17358,76374153,9411593
demo_matriz,17359,137422171720,17177636289
demo_matriz,17360,75736504,9331887
demo_matriz,17361,75737664,9332032
demo_matriz,17362,76374153,9411593
demo_matriz,17363,75737688,9332035
demo_matriz,17364,76374161,9411594
demo_matriz,17365,75737696,9332036
demo_matriz,17366,75737691,9332035
demo_matriz,17367,76374156,9411593
demo_matriz,17368,137422171720,17177636289
demo_matriz,17369,75737672,9332033
demo_matriz,17370,137422171728,17177636290
demo_matriz,17371,137422171736,17177636291
demo_matriz,17372,137422171744,17177636292
demo_matriz,17373,137422171752,17177636293
demo_matriz,17374,75737301,9331986
demo_matriz,17375,75736624,9331902
demo_matriz,17376,78458312,9672113
demo_matriz,17377,75736552,9331893
demo_matriz,17378,78458440,9672129
demo_matriz,17379,75737302,9331986
demo_matriz,17380,76374153,9411593
demo_matriz,17381,76374167,9411594
demo_matriz,17382,76374161,9411594
demo_matriz,17383,76374175,9411595
demo_matriz,17384,76374170,9411595
demo_matriz,17385,76374156,9411593
demo_matriz,17386,137422171752,17177636293
demo_matriz,17387,75736472,9331883
demo_matriz,17388,75738661,9332156
demo_matriz,17389,75738662,9332156
demo_matriz,17390,75737816,9332051
demo_matriz,17391,76374153,9411593
demo_matriz,17392,75737760,9332044
demo_matriz,17393,76374161,9411594
demo_matriz,17394,75737768,9332045
demo_matriz,17395,75737760,9332044
demo_matriz,17396,76374153,9411593
demo_matriz,17397,137422171720,17177636289
demo_matriz,17398,75737864,9332057
demo_matriz,17399,75739024,9332202
demo_matriz,17400,76374153,9411593
demo_matriz,17401,75739048,9332205
demo_matriz,17402,76374161,9411594
demo_matriz,17403,75739056,9332206
demo_matriz,17404,75739061,9332206
demo_matriz,17405,76374166,9411594
demo_matriz,17406,137422171720,17177636289
demo_matriz,17407,137422171728,17177636290
demo_matriz,17408,137422171736,17177636291
demo_matriz,17409,137422171744,17177636292
demo_matriz,17410,137422171752,17177636293
demo_matriz,17411,137422172728,17177636415
demo_matriz,17412,137422172736,17177636416
demo_matriz,17413,137422172744,17177636417
demo_matriz,17414,137422172752,17177636418
demo_matriz,17415,137422172760,17177636419
demo_matriz,17416,137422172768,17177636420
demo_matriz,17417,137422172776,17177636421
demo_matriz,17418,137422172792,17177636423
demo_matriz,17419,137422172800,17177636424
demo_matriz,17420,137422172808,17177636425
demo_matriz,17421,67342896,8282686
demo_matriz,17422,137422172816,17177636426
demo_matriz,17423,137422172840,17177636429
demo_matriz,17424,137422173096,17177636461
demo_matriz,17425,137422173104,17177636462
demo_matriz,17426,137422173112,17177636463
demo_matriz,17427,137422173480,17177636509
demo_matriz,17428,137422173536,17177636516
demo_matriz,17429,75738660,9332156
demo_matriz,17430,137422173456,17177636506
demo_matriz,17431,78458304,9672112
demo_matriz,17432,78458320,9672114
demo_matriz,17433,78458336,9672116
demo_matriz,17434,78458352,9672118
demo_matriz,17435,78458368,9672120
demo_matriz,17436,78458384,9672122
demo_matriz,17437,78458400,9672124
demo_matriz,17438,78458416,9672126
demo_matriz,17439,78458432,9672128
demo_matriz,17440,78458448,9672130
demo_matriz,17441,78458464,9672132
demo_matriz,17442,78458480,9672134
demo_matriz,17443,78458496,9672136
demo_matriz,17444,78458512,9672138
demo_matriz,17445,78458528,9672140
demo_matriz,17446,78458544,9672142
demo_matriz,17447,78458560,9672144
demo_matriz,17448,78458576,9672146
demo_matriz,17449,78458592,9672148
demo_matriz,17450,78458608,9672150
demo_matriz,17451,78458624,9672152
demo_matriz,17452,78458640,9672154
demo_matriz,17453,78458656,9672156
demo_matriz,17454,78458672,9672158
demo_matriz,17455,78458688,9672160
demo_matriz,17456,78458704,9672162
demo_matriz,17457,137422173456,17177636506
demo_matriz,17458,137422173368,17177636495
demo_matriz,17459,67336720,8281914
demo_matriz,17460,67342736,8282666
demo_matriz,17461,67342744,8282667
demo_matriz,17462,137422173080,17177636459
demo_matriz,17463,137422173088,17177636460
demo_matriz,17464,137422173096,17177636461
demo_matriz,17465,137422173104,17177636462
demo_matriz,17466,137422173112,17177636463
demo_matriz,17467,137422173464,17177636507
demo_matriz,17468,137422173456,17177636506
demo_matriz,17469,137422173568,17177636520
demo_matriz,17470,137422173584,17177636522
demo_matriz,17471,137422173592,17177636523
demo_matriz,17472,137422173576,17177636521
demo_matriz,17473,137422173112,17177636463
demo_matriz,17474,75741808,9332550
demo_matriz,17475,75741824,9332552
demo_matriz,17476,75741832,9332553
demo_matriz,17477,75741816,9332551
demo_matriz,17478,137422173112,17177636463
demo_matriz,17479,137422173464,17177636507
demo_matriz,17480,137422173248,17177636480
demo_matriz,17481,137422173264,17177636482
demo_matriz,17482,137422173216,17177636476
demo_matriz,17483,137422173224,17177636477
demo_matriz,17484,75738568,9332145
demo_matriz,17485,75738832,9332178
demo_matriz,17486,137422173408,17177636500
demo_matriz,17487,75738562,9332144
demo_matriz,17488,137422173560,17177636519
demo_matriz,17489,137422173080,17177636459
demo_matriz,17490,137422173088,17177636460
demo_matriz,17491,137422173096,17177636461
demo_matriz,17492,137422173104,17177636462
demo_matriz,17493,137422173112,17177636463
demo_matriz,17494,137422173464,17177636507
demo_matriz,17495,137422173552,17177636518
demo_matriz,17496,75737880,9332059
demo_matriz,17497,75737912,9332063
demo_matriz,17498,78675544,9699267
demo_matriz,17499,75738662,9332156
demo_matriz,17500,137422173416,17177636501
demo_matriz,17501,75737824,9332052
demo_matriz,17502,137422173424,17177636502
demo_matriz,17503,78675376,9699246
demo_matriz,17504,137422173464,17177636507
demo_matriz,17505,78675384,9699247
demo_matriz,17506,78502633,9677653
demo_matriz,17507,78502642,9677654
demo_matriz,17508,137422173048,17177636455
demo_matriz,17509,137422173064,17177636457
demo_matriz,17510,137422173072,17177636458
demo_matriz,17511,137422173080,17177636459
demo_matriz,17512,137422173088,17177636460
demo_matriz,17513,137422173096,17177636461
demo_matriz,17514,137422173104,17177636462
demo_matriz,17515,137422173112,17177636463
demo_matriz,17516,67342896,8282686
demo_matriz,17517,67342616,8282651
demo_matriz,17518,67336816,8281926
demo_matriz,17519,67336816,8281926
demo_matriz,17520,137422172808,17177636425
demo_matriz,17521,67336816,8281926
demo_matriz,17522,137422172808,17177636425
demo_matriz,17523,137422172832,17177636428
demo_matriz,17524,137422172824,17177636427
demo_matriz,17525,137422173504,17177636512
demo_matriz,17526,137422173512,17177636513
demo_matriz,17527,137422173528,17177636515
demo_matriz,17528,137422173516,17177636513
demo_matriz,17529,75738660,9332156
demo_matriz,17530,75737856,9332056
demo_matriz,17531,67340800,8282424
demo_matriz,17532,67338240,8282104
demo_matriz,17533,67343925,8282814
demo_matriz,17534,67343926,8282814
demo_matriz,17535,67343080,8282709
demo_matriz,17536,67294576,8276646
demo_matriz,17537,67344560,8282894
demo_matriz,17538,78502624,9677652
demo_matriz,17539,67344568,8282895
demo_matriz,17540,78502633,9677653
demo_matriz,17541,137422171720,17177636289
demo_matriz,17542,67343128,8282715
demo_matriz,17543,67344544,8282892
demo_matriz,17544,67294576,8276646
demo_matriz,17545,67344560,8282894
demo_matriz,17546,78502624,9677652
demo_matriz,17547,67344568,8282895
demo_matriz,17548,78502633,9677653
demo_matriz,17549,137422171720,17177636289
demo_matriz,17550,67344552,8282893
demo_matriz,17551,137422171728,17177636290
demo_matriz,17552,137422171736,17177636291
demo_matriz,17553,137422171744,17177636292
demo_matriz,17554,137422171752,17177636293
demo_matriz,17555,67343925,8282814
demo_matriz,17556,67343248,8282730
demo_matriz,17557,67343096,8282711
demo_matriz,17558,67341829,8282552
demo_matriz,17559,67341830,8282552
demo_matriz,17560,67340984,8282447
demo_matriz,17561,78502633,9677653
demo_matriz,17562,1082136,91
demo_matriz,17563,78502641,9677654
demo_matriz,17564,1082144,92
demo_matriz,17565,1082136,91
demo_matriz,17566,78502633,9677653
demo_matriz,17567,137422171720,17177636289
demo_matriz,17568,67341032,8282453
demo_matriz,17569,67342976,8282696
demo_matriz,17570,78502633,9677653
demo_matriz,17571,1082136,91
demo_matriz,17572,78502641,9677654
demo_matriz,17573,1082144,92
demo_matriz,17574,1082136,91
demo_matriz,17575,78502633,9677653
demo_matriz,17576,137422171720,17177636289
demo_matriz,17577,67342984,8282697
demo_matriz,17578,67342912,8282688
demo_matriz,17579,78502633,9677653
demo_matriz,17580,67111873,8253808
demo_matriz,17581,78502641,9677654
demo_matriz,17582,67111881,8253809
demo_matriz,17583,67111874,8253808
demo_matriz,17584,78502634,9677653
demo_matriz,17585,137422171720,17177636289
demo_matriz,17586,67342920,8282689
demo_matriz,17587,137422171728,17177636290
demo_matriz,17588,137422171736,17177636291
demo_matriz,17589,137422171744,17177636292
demo_matriz,17590,137422171752,17177636293
demo_matriz,17591,67341829,8282552
demo_matriz,17592,67341152,8282468
demo_matriz,17593,67337824,8282052
demo_matriz,17594,67341080,8282459
demo_matriz,17595,67337872,8282058
demo_matriz,17596,67341830,8282552
demo_matriz,17597,78502633,9677653
demo_matriz,17598,67111873,8253808
demo_matriz,17599,78502641,9677654
demo_matriz,17600,67111881,8253809
demo_matriz,17601,67111874,8253808
demo_matriz,17602,78502634,9677653
demo_matriz,17603,137422171752,17177636293
demo_matriz,17604,67341000,8282449
demo_matriz,17605,75735893,9331810
demo_matriz,17606,75735894,9331810
demo_matriz,17607,75735048,9331705
demo_matriz,17608,78502633,9677653
demo_matriz,17609,67345184,8282972
demo_matriz,17610,78502641,9677654
demo_matriz,17611,67345192,8282973
demo_matriz,17612,67345184,8282972
demo_matriz,17613,78502633,9677653
demo_matriz,17614,137422171720,17177636289
demo_matriz,17615,75735096,9331711
demo_matriz,17616,75736256,9331856
demo_matriz,17617,78502633,9677653
demo_matriz,17618,75736280,9331859
demo_matriz,17619,78502641,9677654
demo_matriz,17620,75736288,9331860
demo_matriz,17621,75736280,9331859
demo_matriz,17622,78502633,9677653
demo_matriz,17623,137422171720,17177636289
demo_matriz,17624,75736264,9331857
demo_matriz,17625,137422171728,17177636290
demo_matriz,17626,137422171736,17177636291
demo_matriz,17627,137422171744,17177636292
demo_matriz,17628,137422171752,17177636293
demo_matriz,17629,75735893,9331810
demo_matriz,17630,75735216,9331726
demo_matriz,17631,75735064,9331707
demo_matriz,17632,75737301,9331986
demo_matriz,17633,75737302,9331986
demo_matriz,17634,75736456,9331881
demo_matriz,17635,78502633,9677653
demo_matriz,17636,75736400,9331874
demo_matriz,17637,78502641,9677654
demo_matriz,17638,75736408,9331875
demo_matriz,17639,75736400,9331874
demo_matriz,17640,78502633,9677653
demo_matriz,17641,137422171720,17177636289
demo_matriz,17642,75736504,9331887
demo_matriz,17643,75737664,9332032
demo_matriz,17644,78502633,9677653
demo_matriz,17645,75737688,9332035
demo_matriz,17646,78502641,9677654
demo_matriz,17647,75737696,9332036
demo_matriz,17648,75737691,9332035
demo_matriz,17649,78502636,9677653
demo_matriz,17650,137422171720,17177636289
demo_matriz,17651,75737672,9332033
demo_matriz,17652,137422171728,17177636290
demo_matriz,17653,137422171736,17177636291
demo_matriz,17654,137422171744,17177636292
demo_matriz,17655,137422171752,17177636293
demo_matriz,17656,75737301,9331986
demo_matriz,17657,75736624,9331902
demo_matriz,17658,78458312,9672113
demo_matriz,17659,75736552,9331893
demo_matriz,17660,78458440,9672129
demo_matriz,17661,75737302,9331986
demo_matriz,17662,78502633,9677653
demo_matriz,17663,76374167,9411594
demo_matriz,17664,78502641,9677654
demo_matriz,17665,76374175,9411595
demo_matriz,17666,76374170,9411595
demo_matriz,17667,78502636,9677653
demo_matriz,17668,137422171752,17177636293
demo_matriz,17669,75736472,9331883
demo_matriz,17670,75738661,9332156
demo_matriz,17671,75738662,9332156
demo_matriz,17672,75737816,9332051
demo_matriz,17673,78502633,9677653
demo_matriz,17674,75737760,9332044
demo_matriz,17675,78502641,9677654
demo_matriz,17676,75737768,9332045
demo_matriz,17677,75737760,9332044
demo_matriz,17678,78502633,9677653
demo_matriz,17679,137422171720,17177636289
demo_matriz,17680,75737864,9332057
demo_matriz,17681,75739024,9332202
demo_matriz,17682,78502633,9677653
demo_matriz,17683,75739048,9332205
demo_matriz,17684,78502641,9677654
demo_matriz,17685,75739056,9332206
demo_matriz,17686,75739051,9332205
demo_matriz,17687,78502636,9677653
demo_matriz,17688,137422171720,17177636289
demo_matriz,17689,75739032,9332203
demo_matriz,17690,137422171728,17177636290
demo_matriz,17691,137422171736,17177636291
demo_matriz,17692,137422171744,17177636292
demo_matriz,17693,137422171752,17177636293
demo_matriz,17694,75738661,9332156
demo_matriz,17695,75737984,9332072
demo_matriz,17696,78675416,9699251
demo_matriz,17697,75737912,9332063
demo_matriz,17698,78675544,9699267
demo_matriz,17699,75738662,9332156
demo_matriz,17700,78502633,9677653
demo_matriz,17701,78502664,9677657
demo_matriz,17702,78502641,9677654
demo_matriz,17703,78502672,9677658
demo_matriz,17704,78502667,9677657
demo_matriz,17705,78502636,9677653
demo_matriz,17706,137422171752,17177636293
demo_matriz,17707,75737832,9332053
demo_matriz,17708,75740005,9332324
demo_matriz,17709,75740006,9332324
demo_matriz,17710,75739160,9332219
demo_matriz,17711,78502633,9677653
demo_matriz,17712,75739120,9332214
demo_matriz,17713,78502641,9677654
demo_matriz,17714,75739128,9332215
demo_matriz,17715,75739120,9332214
demo_matriz,17716,78502633,9677653
demo_matriz,17717,137422171720,17177636289
demo_matriz,17718,75739208,9332225
demo_matriz,17719,75740368,9332370
demo_matriz,17720,78502633,9677653
demo_matriz,17721,75740392,9332373
demo_matriz,17722,78502641,9677654
demo_matriz,17723,75740400,9332374
demo_matriz,17724,75740401,9332374
demo_matriz,17725,78502642,9677654
demo_matriz,17726,137422171720,17177636289
demo_matriz,17727,137422171728,17177636290
demo_matriz,17728,137422171736,17177636291
demo_matriz,17729,137422171744,17177636292
demo_matriz,17730,137422171752,17177636293
demo_matriz,17731,137422172728,17177636415
demo_matriz,17732,137422172736,17177636416
demo_matriz,17733,137422172744,17177636417
demo_matriz,17734,137422172752,17177636418
demo_matriz,17735,137422172760,17177636419
demo_matriz,17736,137422172768,17177636420
demo_matriz,17737,137422172776,17177636421
demo_matriz,17738,137422172792,17177636423
demo_matriz,17739,137422172800,17177636424
demo_matriz,17740,137422172808,17177636425
demo_matriz,17741,67342896,8282686
demo_matriz,17742,137422172816,17177636426
demo_matriz,17743,137422172840,17177636429
demo_matriz,17744,137422173096,17177636461
demo_matriz,17745,137422173104,17177636462
demo_matriz,17746,137422173112,17177636463
demo_matriz,17747,137422173480,17177636509
demo_matriz,17748,137422173536,17177636516
demo_matriz,17749,75740004,9332324
demo_matriz,17750,137422173456,17177636506
demo_matriz,17751,78675392,9699248
demo_matriz,17752,137422173464,17177636507
demo_matriz,17753,78675400,9699249
demo_matriz,17754,78502643,9677654
demo_matriz,17755,78502659,9677656
demo_matriz,17756,78502675,9677658
demo_matriz,17757,78502691,9677660
demo_matriz,17758,78502663,9677656
demo_matriz,17759,137422173048,17177636455
demo_matriz,17760,137422173064,17177636457
demo_matriz,17761,137422173072,17177636458
demo_matriz,17762,137422173080,17177636459
demo_matriz,17763,137422173088,17177636460
demo_matriz,17764,137422173096,17177636461
demo_matriz,17765,137422173104,17177636462
demo_matriz,17766,137422173112,17177636463
demo_matriz,17767,67342896,8282686
demo_matriz,17768,67342616,8282651
demo_matriz,17769,67336816,8281926
demo_matriz,17770,67336816,8281926
demo_matriz,17771,137422172808,17177636425
demo_matriz,17772,67336816,8281926
demo_matriz,17773,137422172808,17177636425
demo_matriz,17774,137422172832,17177636428
demo_matriz,17775,137422172824,17177636427
demo_matriz,17776,137422173504,17177636512
demo_matriz,17777,137422173512,17177636513
demo_matriz,17778,137422173528,17177636515
demo_matriz,17779,137422173516,17177636513
demo_matriz,17780,75738660,9332156
demo_matriz,17781,75737856,9332056
demo_matriz,17782,67340800,8282424
demo_matriz,17783,67338240,8282104
demo_matriz,17784,67343925,8282814
demo_matriz,17785,67343926,8282814
demo_matriz,17786,67343080,8282709
demo_matriz,17787,67294560,8276644
demo_matriz,17788,78502640,9677654
demo_matriz,17789,67344560,8282894
demo_matriz,17790,67344568,8282895
demo_matriz,17791,78502643,9677654
demo_matriz,17792,137422171720,17177636289
demo_matriz,17793,67343128,8282715
demo_matriz,17794,67344544,8282892
demo_matriz,17795,67294560,8276644
demo_matriz,17796,78502640,9677654
demo_matriz,17797,67344560,8282894
demo_matriz,17798,67344568,8282895
demo_matriz,17799,78502643,9677654
demo_matriz,17800,137422171720,17177636289
demo_matriz,17801,67344552,8282893
demo_matriz,17802,137422171728,17177636290
demo_matriz,17803,137422171736,17177636291
demo_matriz,17804,137422171744,17177636292
demo_matriz,17805,137422171752,17177636293
demo_matriz,17806,67343925,8282814
demo_matriz,17807,67343248,8282730
demo_matriz,17808,67343096,8282711
demo_matriz,17809,67341829,8282552
demo_matriz,17810,67341830,8282552
demo_matriz,17811,67340984,8282447
demo_matriz,17812,67294560,8276644
demo_matriz,17813,78502640,9677654
demo_matriz,17814,1082128,90
demo_matriz,17815,1082136,91
demo_matriz,17816,78502643,9677654
demo_matriz,17817,137422171720,17177636289
demo_matriz,17818,67341032,8282453
demo_matriz,17819,67342976,8282696
demo_matriz,17820,67294560,8276644
demo_matriz,17821,78502640,9677654
demo_matriz,17822,1082128,90
demo_matriz,17823,1082136,91
demo_matriz,17824,78502643,9677654
demo_matriz,17825,137422171720,17177636289
demo_matriz,17826,67342984,8282697
demo_matriz,17827,67342912,8282688
demo_matriz,17828,67294572,8276645
demo_matriz,17829,67111872,8253808
demo_matriz,17830,78502640,9677654
demo_matriz,17831,67111872,8253808
demo_matriz,17832,78502656,9677656
demo_matriz,17833,67111888,8253810
demo_matriz,17834,67111893,8253810
demo_matriz,17835,78502663,9677656
demo_matriz,17836,137422171720,17177636289
demo_matriz,17837,137422171728,17177636290
demo_matriz,17838,137422171736,17177636291
demo_matriz,17839,137422171744,17177636292
demo_matriz,17840,137422171752,17177636293
demo_matriz,17841,137422172728,17177636415
demo_matriz,17842,137422172736,17177636416
demo_matriz,17843,137422172744,17177636417
demo_matriz,17844,137422172752,17177636418
demo_matriz,17845,137422172760,17177636419
demo_matriz,17846,137422172768,17177636420
demo_matriz,17847,137422172776,17177636421
demo_matriz,17848,137422172792,17177636423
demo_matriz,17849,137422172800,17177636424
demo_matriz,17850,137422172808,17177636425
demo_matriz,17851,67342896,8282686
demo_matriz,17852,137422172816,17177636426
demo_matriz,17853,137422172840,17177636429
demo_matriz,17854,137422173096,17177636461
demo_matriz,17855,137422173104,17177636462
demo_matriz,17856,137422173112,17177636463
demo_matriz,17857,137422173480,17177636509
demo_matriz,17858,137422173536,17177636516
demo_matriz,17859,67341828,8282552
demo_matriz,17860,137422173456,17177636506
demo_matriz,17861,78675408,9699250
demo_matriz,17862,78675424,9699252
demo_matriz,17863,78675440,9699254
demo_matriz,17864,78675456,9699256
demo_matriz,17865,78675472,9699258
demo_matriz,17866,78675488,9699260
demo_matriz,17867,78675504,9699262
demo_matriz,17868,78675520,9699264
demo_matriz,17869,78675536,9699266
demo_matriz,17870,78675552,9699268
demo_matriz,17871,78675568,9699270
demo_matriz,17872,78675584,9699272
demo_matriz,17873,78675600,9699274
demo_matriz,17874,78675616,9699276
demo_matriz,17875,78675632,9699278
demo_matriz,17876,78675648,9699280
demo_matriz,17877,78675664,9699282
demo_matriz,17878,78675680,9699284
demo_matriz,17879,78675696,9699286
demo_matriz,17880,78675712,9699288
demo_matriz,17881,78675728,9699290
demo_matriz,17882,78675744,9699292
demo_matriz,17883,78675760,9699294
demo_matriz,17884,78675776,9699296
demo_matriz,17885,78675792,9699298
demo_matriz,17886,78675808,9699300
demo_matriz,17887,137422173456,17177636506
demo_matriz,17888,137422173368,17177636495
demo_matriz,17889,67336720,8281914
demo_matriz,17890,67342736,8282666
demo_matriz,17891,67342744,8282667
demo_matriz,17892,137422173080,17177636459
demo_matriz,17893,137422173088,17177636460
demo_matriz,17894,137422173096,17177636461
demo_matriz,17895,137422173104,17177636462
demo_matriz,17896,137422173112,17177636463
demo_matriz,17897,137422173464,17177636507
demo_matriz,17898,137422173456,17177636506
demo_matriz,17899,137422173568,17177636520
demo_matriz,17900,137422173576,17177636521
demo_matriz,17901,137422173112,17177636463
demo_matriz,17902,75741904,9332562
demo_matriz,17903,75741912,9332563
demo_matriz,17904,137422173112,17177636463
demo_matriz,17905,137422173464,17177636507
demo_matriz,17906,137422173216,17177636476
demo_matriz,17907,137422173232,17177636478
demo_matriz,17908,137422173184,17177636472
demo_matriz,17909,137422173192,17177636473
demo_matriz,17910,75739912,9332313
demo_matriz,17911,75740176,9332346
demo_matriz,17912,137422173408,17177636500
demo_matriz,17913,75739906,9332312
demo_matriz,17914,137422173560,17177636519
demo_matriz,17915,137422173080,17177636459
demo_matriz,17916,137422173088,17177636460
demo_matriz,17917,137422173096,17177636461
demo_matriz,17918,137422173104,17177636462
demo_matriz,17919,137422173112,17177636463
demo_matriz,17920,137422173464,17177636507
demo_matriz,17921,137422173552,17177636518
demo_matriz,17922,75739224,9332227
demo_matriz,17923,75739256,9332231
demo_matriz,17924,80787880,9963309
demo_matriz,17925,75740006,9332324
demo_matriz,17926,137422173416,17177636501
demo_matriz,17927,75739168,9332220
demo_matriz,17928,137422173424,17177636502
demo_matriz,17929,80787776,9963296
demo_matriz,17930,137422173464,17177636507
demo_matriz,17931,80787784,9963297
demo_matriz,17932,78828625,9718402
demo_matriz,17933,78828641,9718404
demo_matriz,17934,78828657,9718406
demo_matriz,17935,78828673,9718408
demo_matriz,17936,78828645,9718404
demo_matriz,17937,137422173048,17177636455
demo_matriz,17938,137422173064,17177636457
demo_matriz,17939,137422173072,17177636458
demo_matriz,17940,137422173080,17177636459
demo_matriz,17941,137422173088,17177636460
demo_matriz,17942,137422173096,17177636461
demo_matriz,17943,137422173104,17177636462
demo_matriz,17944,137422173112,17177636463
demo_matriz,17945,67342896,8282686
demo_matriz,17946,67342616,8282651
demo_matriz,17947,67336816,8281926
demo_matriz,17948,67336816,8281926
demo_matriz,17949,137422172808,17177636425
demo_matriz,17950,67336816,8281926
demo_matriz,17951,137422172808,17177636425
demo_matriz,17952,137422172832,17177636428
demo_matriz,17953,137422172824,17177636427
demo_matriz,17954,137422173504,17177636512
demo_matriz,17955,137422173512,17177636513
demo_matriz,17956,137422173528,17177636515
demo_matriz,17957,137422173516,17177636513
demo_matriz,17958,75740004,9332324
demo_matriz,17959,75739200,9332224
demo_matriz,17960,67340800,8282424
demo_matriz,17961,67338240,8282104
demo_matriz,17962,67343925,8282814
demo_matriz,17963,67343926,8282814
demo_matriz,17964,67343080,8282709
demo_matriz,17965,67294552,8276643
demo_matriz,17966,78828624,9718402
demo_matriz,17967,67344560,8282894
demo_matriz,17968,67344568,8282895
demo_matriz,17969,78828625,9718402
demo_matriz,17970,137422171720,17177636289
demo_matriz,17971,67343128,8282715
demo_matriz,17972,67344544,8282892
demo_matriz,17973,67294552,8276643
demo_matriz,17974,78828624,9718402
demo_matriz,17975,67344560,8282894
demo_matriz,17976,67344568,8282895
demo_matriz,17977,78828625,9718402
demo_matriz,17978,137422171720,17177636289
demo_matriz,17979,67344552,8282893
demo_matriz,17980,137422171728,17177636290
demo_matriz,17981,137422171736,17177636291
demo_matriz,17982,137422171744,17177636292
demo_matriz,17983,137422171752,17177636293
demo_matriz,17984,67343925,8282814
demo_matriz,17985,67343248,8282730
demo_matriz,17986,67343096,8282711
demo_matriz,17987,67341829,8282552
demo_matriz,17988,67341830,8282552
demo_matriz,17989,67340984,8282447
demo_matriz,17990,78828625,9718402
demo_matriz,17991,1082136,91
demo_matriz,17992,78828633,9718403
demo_matriz,17993,1082144,92
demo_matriz,17994,1082136,91
demo_matriz,17995,78828625,9718402
demo_matriz,17996,137422171720,17177636289
demo_matriz,17997,67341032,8282453
demo_matriz,17998,67342976,8282696
demo_matriz,17999,78828625,9718402
demo_matriz,18000,1082136,91
demo_matriz,18001,78828633,9718403
demo_matriz,18002,1082144,92
demo_matriz,18003,1082136,91
demo_matriz,18004,78828625,9718402
demo_matriz,18005,137422171720,17177636289
demo_matriz,18006,67342984,8282697
demo_matriz,18007,67342912,8282688
demo_matriz,18008,78828625,9718402
demo_matriz,18009,67111873,8253808
demo_matriz,18010,78828633,9718403
demo_matriz,18011,67111881,8253809
demo_matriz,18012,67111888,8253810
demo_matriz,18013,78828640,9718404
demo_matriz,18014,67111893,8253810
demo_matriz,18015,78828645,9718404
demo_matriz,18016,137422171720,17177636289
demo_matriz,18017,137422171728,17177636290
demo_matriz,18018,137422171736,17177636291
demo_matriz,18019,137422171744,17177636292
demo_matriz,18020,137422171752,17177636293
demo_matriz,18021,137422172728,17177636415
demo_matriz,18022,137422172736,17177636416
demo_matriz,18023,137422172744,17177636417
demo_matriz,18024,137422172752,17177636418
demo_matriz,18025,137422172760,17177636419
demo_matriz,18026,137422172768,17177636420
demo_matriz,18027,137422172776,17177636421
demo_matriz,18028,137422172792,17177636423
demo_matriz,18029,137422172800,17177636424
demo_matriz,18030,137422172808,17177636425
demo_matriz,18031,67342896,8282686
demo_matriz,18032,137422172816,17177636426
demo_matriz,18033,137422172840,17177636429
demo_matriz,18034,137422173096,17177636461
demo_matriz,18035,137422173104,17177636462
demo_matriz,18036,137422173112,17177636463
demo_matriz,18037,137422173480,17177636509
demo_matriz,18038,137422173536,17177636516
demo_matriz,18039,67341828,8282552
demo_matriz,18040,137422173456,17177636506
demo_matriz,18041,80787792,9963298
demo_matriz,18042,80787808,9963300
demo_matriz,18043,80787824,9963302
demo_matriz,18044,80787840,9963304
demo_matriz,18045,80787856,9963306
demo_matriz,18046,80787872,9963308
demo_matriz,18047,80787888,9963310
demo_matriz,18048,80787904,9963312
demo_matriz,18049,80787920,9963314
demo_matriz,18050,80787936,9963316
demo_matriz,18051,80787952,9963318
demo_matriz,18052,80787968,9963320
demo_matriz,18053,80787984,9963322
demo_matriz,18054,80788000,9963324
demo_matriz,18055,80788016,9963326
demo_matriz,18056,80788032,9963328
demo_matriz,18057,80788048,9963330
demo_matriz,18058,80788064,9963332
demo_matriz,18059,80788080,9963334
demo_matriz,18060,80788096,9963336
demo_matriz,18061,80788112,9963338
demo_matriz,18062,80788128,9963340
demo_matriz,18063,80788144,9963342
demo_matriz,18064,80788160,9963344
demo_matriz,18065,80788176,9963346
demo_matriz,18066,80788192,9963348
demo_matriz,18067,80788208,9963350
demo_matriz,18068,80788224,9963352
demo_matriz,18069,80788240,9963354
demo_matriz,18070,80788256,9963356
demo_matriz,18071,137422173456,17177636506
demo_matriz,18072,137422173368,17177636495
demo_matriz,18073,67336720,8281914
demo_matriz,18074,67342736,8282666
demo_matriz,18075,67342744,8282667
demo_matriz,18076,137422173080,17177636459
demo_matriz,18077,137422173088,17177636460
demo_matriz,18078,137422173096,17177636461
demo_matriz,18079,137422173104,17177636462
demo_matriz,18080,137422173112,17177636463
demo_matriz,18081,137422173464,17177636507
demo_matriz,18082,137422173456,17177636506
demo_matriz,18083,137422173568,17177636520
demo_matriz,18084,137422173568,17177636520
demo_matriz,18085,137422173112,17177636463
demo_matriz,18086,75741968,9332570
demo_matriz,18087,75741968,9332570
demo_matriz,18088,137422173112,17177636463
demo_matriz,18089,137422173464,17177636507
demo_matriz,18090,137422173184,17177636472
demo_matriz,18091,137422173200,17177636474
demo_matriz,18092,137422173152,17177636468
demo_matriz,18093,137422173160,17177636469
demo_matriz,18094,75741272,9332483
demo_matriz,18095,75741536,9332516
demo_matriz,18096,137422173408,17177636500
demo_matriz,18097,75741266,9332482
demo_matriz,18098,137422173560,17177636519
demo_matriz,18099,137422173080,17177636459
demo_matriz,18100,137422173088,17177636460
demo_matriz,18101,137422173096,17177636461
demo_matriz,18102,137422173104,17177636462
demo_matriz,18103,137422173112,17177636463
demo_matriz,18104,137422173464,17177636507
demo_matriz,18105,137422173552,17177636518
demo_matriz,18106,75740584,9332397
demo_matriz,18107,75740616,9332401
demo_matriz,18108,81800392,10089873
demo_matriz,18109,75741366,9332494
demo_matriz,18110,137422173416,17177636501
demo_matriz,18111,75740528,9332390
demo_matriz,18112,137422173424,17177636502
demo_matriz,18113,81800208,10089850
demo_matriz,18114,137422173464,17177636507
demo_matriz,18115,81800216,10089851
demo_matriz,18116,80909719,9978538
demo_matriz,18117,80909728,9978540
demo_matriz,18118,137422173048,17177636455
demo_matriz,18119,137422173064,17177636457
demo_matriz,18120,137422173072,17177636458
demo_matriz,18121,137422173080,17177636459
demo_matriz,18122,137422173088,17177636460
demo_matriz,18123,137422173096,17177636461
demo_matriz,18124,137422173104,17177636462
demo_matriz,18125,137422173112,17177636463
demo_matriz,18126,67342896,8282686
demo_matriz,18127,67342616,8282651
demo_matriz,18128,67336816,8281926
demo_matriz,18129,67336816,8281926
demo_matriz,18130,137422172808,17177636425
demo_matriz,18131,67336816,8281926
demo_matriz,18132,137422172808,17177636425
demo_matriz,18133,137422172832,17177636428
demo_matriz,18134,137422172824,17177636427
demo_matriz,18135,137422173504,17177636512
demo_matriz,18136,137422173512,17177636513
demo_matriz,18137,137422173528,17177636515
demo_matriz,18138,137422173516,17177636513
demo_matriz,18139,75741364,9332494
demo_matriz,18140,75740560,9332394
demo_matriz,18141,67340800,8282424
demo_matriz,18142,67338240,8282104
demo_matriz,18143,67343925,8282814
demo_matriz,18144,67343926,8282814
demo_matriz,18145,67343080,8282709
demo_matriz,18146,67294576,8276646
demo_matriz,18147,80909712,9978538
demo_matriz,18148,67344560,8282894
demo_matriz,18149,67344568,8282895
demo_matriz,18150,80909719,9978538
demo_matriz,18151,137422171720,17177636289
demo_matriz,18152,67343128,8282715
demo_matriz,18153,67344544,8282892
demo_matriz,18154,67294576,8276646
demo_matriz,18155,80909712,9978538
demo_matriz,18156,67344560,8282894
demo_matriz,18157,67344568,8282895
demo_matriz,18158,80909719,9978538
demo_matriz,18159,137422171720,17177636289
demo_matriz,18160,67344552,8282893
demo_matriz,18161,137422171728,17177636290
demo_matriz,18162,137422171736,17177636291
demo_matriz,18163,137422171744,17177636292
demo_matriz,18164,137422171752,17177636293
demo_matriz,18165,67343925,8282814
demo_matriz,18166,67343248,8282730
demo_matriz,18167,67343096,8282711
demo_matriz,18168,67341829,8282552
demo_matriz,18169,67341830,8282552
demo_matriz,18170,67340984,8282447
demo_matriz,18171,80909719,9978538
demo_matriz,18172,1082136,91
demo_matriz,18173,80909727,9978539
demo_matriz,18174,1082144,92
demo_matriz,18175,1082136,91
demo_matriz,18176,80909719,9978538
demo_matriz,18177,137422171720,17177636289
demo_matriz,18178,67341032,8282453
demo_matriz,18179,67342976,8282696
demo_matriz,18180,80909719,9978538
demo_matriz,18181,1082136,91
demo_matriz,18182,80909727,9978539
demo_matriz,18183,1082144,92
demo_matriz,18184,1082136,91
demo_matriz,18185,80909719,9978538
demo_matriz,18186,137422171720,17177636289
demo_matriz,18187,67342984,8282697
demo_matriz,18188,67342912,8282688
demo_matriz,18189,80909719,9978538
demo_matriz,18190,67111873,8253808
demo_matriz,18191,80909727,9978539
demo_matriz,18192,67111881,8253809
demo_matriz,18193,67111874,8253808
demo_matriz,18194,80909720,9978539
demo_matriz,18195,137422171720,17177636289
demo_matriz,18196,67342920,8282689
demo_matriz,18197,137422171728,17177636290
demo_matriz,18198,137422171736,17177636291
demo_matriz,18199,137422171744,17177636292
demo_matriz,18200,137422171752,17177636293
demo_matriz,18201,67341829,8282552
demo_matriz,18202,67341152,8282468
demo_matriz,18203,67337824,8282052
demo_matriz,18204,67341080,8282459
demo_matriz,18205,67337872,8282058
demo_matriz,18206,67341830,8282552
demo_matriz,18207,80909719,9978538
demo_matriz,18208,67111873,8253808
demo_matriz,18209,80909727,9978539
demo_matriz,18210,67111881,8253809
demo_matriz,18211,67111874,8253808
demo_matriz,18212,80909720,9978539
demo_matriz,18213,137422171752,17177636293
demo_matriz,18214,67341000,8282449
demo_matriz,18215,75735893,9331810
demo_matriz,18216,75735894,9331810
demo_matriz,18217,75735048,9331705
demo_matriz,18218,80909719,9978538
demo_matriz,18219,67345184,8282972
demo_matriz,18220,80909727,9978539
demo_matriz,18221,67345192,8282973
demo_matriz,18222,67345184,8282972
demo_matriz,18223,80909719,9978538
demo_matriz,18224,137422171720,17177636289
demo_matriz,18225,75735096,9331711
demo_matriz,18226,75736256,9331856
demo_matriz,18227,80909719,9978538
demo_matriz,18228,75736280,9331859
demo_matriz,18229,80909727,9978539
demo_matriz,18230,75736288,9331860
demo_matriz,18231,75736280,9331859
demo_matriz,18232,80909719,9978538
demo_matriz,18233,137422171720,17177636289
demo_matriz,18234,75736264,9331857
demo_matriz,18235,137422171728,17177636290
demo_matriz,18236,137422171736,17177636291
demo_matriz,18237,137422171744,17177636292
demo_matriz,18238,137422171752,17177636293
demo_matriz,18239,75735893,9331810
demo_matriz,18240,75735216,9331726
demo_matriz,18241,75735064,9331707
demo_matriz,18242,75737301,9331986
demo_matriz,18243,75737302,9331986
demo_matriz,18244,75736456,9331881
demo_matriz,18245,80909719,9978538
demo_matriz,18246,75736400,9331874
demo_matriz,18247,80909727,9978539
demo_matriz,18248,75736408,9331875
demo_matriz,18249,75736400,9331874
demo_matriz,18250,80909719,9978538
demo_matriz,18251,137422171720,17177636289
demo_matriz,18252,75736504,9331887
demo_matriz,18253,75737664,9332032
demo_matriz,18254,80909719,9978538
demo_matriz,18255,75737688,9332035
demo_matriz,18256,80909727,9978539
demo_matriz,18257,75737696,9332036
demo_matriz,18258,75737691,9332035
demo_matriz,18259,80909722,9978539
demo_matriz,18260,137422171720,17177636289
demo_matriz,18261,75737672,9332033
demo_matriz,18262,137422171728,17177636290
demo_matriz,18263,137422171736,17177636291
demo_matriz,18264,137422171744,17177636292
demo_matriz,18265,137422171752,17177636293
demo_matriz,18266,75737301,9331986
demo_matriz,18267,75736624,9331902
demo_matriz,18268,78458312,9672113
demo_matriz,18269,75736552,9331893
demo_matriz,18270,78458440,9672129
demo_matriz,18271,75737302,9331986
demo_matriz,18272,80909719,9978538
demo_matriz,18273,76374167,9411594
demo_matriz,18274,80909727,9978539
demo_matriz,18275,76374175,9411595
demo_matriz,18276,76374170,9411595
demo_matriz,18277,80909722,9978539
demo_matriz,18278,137422171752,17177636293
demo_matriz,18279,75736472,9331883
demo_matriz,18280,75738661,9332156
demo_matriz,18281,75738662,9332156
demo_matriz,18282,75737816,9332051
demo_matriz,18283,80909719,9978538
demo_matriz,18284,75737760,9332044
demo_matriz,18285,80909727,9978539
demo_matriz,18286,75737768,9332045
demo_matriz,18287,75737760,9332044
demo_matriz,18288,80909719,9978538
demo_matriz,18289,137422171720,17177636289
demo_matriz,18290,75737864,9332057
demo_matriz,18291,75739024,9332202
demo_matriz,18292,80909719,9978538
demo_matriz,18293,75739048,9332205
demo_matriz,18294,80909727,9978539
demo_matriz,18295,75739056,9332206
demo_matriz,18296,75739051,9332205
demo_matriz,18297,80909722,9978539
demo_matriz,18298,137422171720,17177636289
demo_matriz,18299,75739032,9332203
demo_matriz,18300,137422171728,17177636290
demo_matriz,18301,137422171736,17177636291
demo_matriz,18302,137422171744,17177636292
demo_matriz,18303,137422171752,17177636293
demo_matriz,18304,75738661,9332156
demo_matriz,18305,75737984,9332072
demo_matriz,18306,78675416,9699251
demo_matriz,18307,75737912,9332063
demo_matriz,18308,78675544,9699267
demo_matriz,18309,75738662,9332156
demo_matriz,18310,80909719,9978538
demo_matriz,18311,78502664,9677657
demo_matriz,18312,80909727,9978539
demo_matriz,18313,78502672,9677658
demo_matriz,18314,78502667,9677657
demo_matriz,18315,80909722,9978539
demo_matriz,18316,137422171752,17177636293
demo_matriz,18317,75737832,9332053
demo_matriz,18318,75740005,9332324
demo_matriz,18319,75740006,9332324
demo_matriz,18320,75739160,9332219
demo_matriz,18321,80909719,9978538
demo_matriz,18322,75739120,9332214
demo_matriz,18323,80909727,9978539
demo_matriz,18324,75739128,9332215
demo_matriz,18325,75739120,9332214
demo_matriz,18326,80909719,9978538
demo_matriz,18327,137422171720,17177636289
demo_matriz,18328,75739208,9332225
demo_matriz,18329,75740368,9332370
demo_matriz,18330,80909719,9978538
demo_matriz,18331,75740392,9332373
demo_matriz,18332,80909727,9978539
demo_matriz,18333,75740400,9332374
demo_matriz,18334,75740401,9332374
demo_matriz,18335,80909728,9978540
demo_matriz,18336,137422171720,17177636289
demo_matriz,18337,137422171728,17177636290
demo_matriz,18338,137422171736,17177636291
demo_matriz,18339,137422171744,17177636292
demo_matriz,18340,137422171752,17177636293
demo_matriz,18341,137422172728,17177636415
demo_matriz,18342,137422172736,17177636416
demo_matriz,18343,137422172744,17177636417
demo_matriz,18344,137422172752,17177636418
demo_matriz,18345,137422172760,17177636419
demo_matriz,18346,137422172768,17177636420
demo_matriz,18347,137422172776,17177636421
demo_matriz,18348,137422172792,17177636423
demo_matriz,18349,137422172800,17177636424
demo_matriz,18350,137422172808,17177636425
demo_matriz,18351,67342896,8282686
demo_matriz,18352,137422172816,17177636426
demo_matriz,18353,137422172840,17177636429
demo_matriz,18354,137422173096,17177636461
demo_matriz,18355,137422173104,17177636462
demo_matriz,18356,137422173112,17177636463
demo_matriz,18357,137422173480,17177636509
demo_matriz,18358,137422173536,17177636516
demo_matriz,18359,75740004,9332324
demo_matriz,18360,137422173456,17177636506
demo_matriz,18361,81800224,10089852
demo_matriz,18362,137422173464,17177636507
demo_matriz,18363,81800232,10089853
demo_matriz,18364,80909729,9978540
demo_matriz,18365,80909745,9978542
demo_matriz,18366,80909761,9978544
demo_matriz,18367,80909777,9978546
demo_matriz,18368,80909749,9978542
demo_matriz,18369,137422173048,17177636455
demo_matriz,18370,137422173064,17177636457
demo_matriz,18371,137422173072,17177636458
demo_matriz,18372,137422173080,17177636459
demo_matriz,18373,137422173088,17177636460
demo_matriz,18374,137422173096,17177636461
demo_matriz,18375,137422173104,17177636462
demo_matriz,18376,137422173112,17177636463
demo_matriz,18377,67342896,8282686
demo_matriz,18378,67342616,8282651
demo_matriz,18379,67336816,8281926
demo_matriz,18380,67336816,8281926
demo_matriz,18381,137422172808,17177636425
demo_matriz,18382,67336816,8281926
demo_matriz,18383,137422172808,17177636425
demo_matriz,18384,137422172832,17177636428
demo_matriz,18385,137422172824,17177636427
demo_matriz,18386,137422173504,17177636512
demo_matriz,18387,137422173512,17177636513
demo_matriz,18388,137422173528,17177636515
demo_matriz,18389,137422173516,17177636513
demo_matriz,18390,75741364,9332494
demo_matriz,18391,75740560,9332394
demo_matriz,18392,67340800,8282424
demo_matriz,18393,67338240,8282104
demo_matriz,18394,67343925,8282814
demo_matriz,18395,67343926,8282814
demo_matriz,18396,67343080,8282709
demo_matriz,18397,67294552,8276643
demo_matriz,18398,80909728,9978540
demo_matriz,18399,67344560,8282894
demo_matriz,18400,67344568,8282895
demo_matriz,18401,80909729,9978540
demo_matriz,18402,137422171720,17177636289
demo_matriz,18403,67343128,8282715
demo_matriz,18404,67344544,8282892
demo_matriz,18405,67294552,8276643
demo_matriz,18406,80909728,9978540
demo_matriz,18407,67344560,8282894
demo_matriz,18408,67344568,8282895
demo_matriz,18409,80909729,9978540
demo_matriz,18410,137422171720,17177636289
demo_matriz,18411,67344552,8282893
demo_matriz,18412,137422171728,17177636290
demo_matriz,18413,137422171736,17177636291
demo_matriz,18414,137422171744,17177636292
demo_matriz,18415,137422171752,17177636293
demo_matriz,18416,67343925,8282814
demo_matriz,18417,67343248,8282730
demo_matriz,18418,67343096,8282711
demo_matriz,18419,67341829,8282552
demo_matriz,18420,67341830,8282552
demo_matriz,18421,67340984,8282447
demo_matriz,18422,80909729,9978540
demo_matriz,18423,1082136,91
demo_matriz,18424,80909737,9978541
demo_matriz,18425,1082144,92
demo_matriz,18426,1082136,91
demo_matriz,18427,80909729,9978540
demo_matriz,18428,137422171720,17177636289
demo_matriz,18429,67341032,8282453
demo_matriz,18430,67342976,8282696
demo_matriz,18431,80909729,9978540
demo_matriz,18432,1082136,91
demo_matriz,18433,80909737,9978541
demo_matriz,18434,1082144,92
demo_matriz,18435,1082136,91
demo_matriz,18436,80909729,9978540
demo_matriz,18437,137422171720,17177636289
demo_matriz,18438,67342984,8282697
demo_matriz,18439,67342912,8282688
demo_matriz,18440,80909729,9978540
demo_matriz,18441,67111873,8253808
demo_matriz,18442,80909737,9978541
demo_matriz,18443,67111881,8253809
demo_matriz,18444,67111888,8253810
demo_matriz,18445,80909744,9978542
demo_matriz,18446,67111893,8253810
demo_matriz,18447,80909749,9978542
demo_matriz,18448,137422171720,17177636289
demo_matriz,18449,137422171728,17177636290
demo_matriz,18450,137422171736,17177636291
demo_matriz,18451,137422171744,17177636292
demo_matriz,18452,137422171752,17177636293
demo_matriz,18453,137422172728,17177636415
demo_matriz,18454,137422172736,17177636416
demo_matriz,18455,137422172744,17177636417
demo_matriz,18456,137422172752,17177636418
demo_matriz,18457,137422172760,17177636419
demo_matriz,18458,137422172768,17177636420
demo_matriz,18459,137422172776,17177636421
demo_matriz,18460,137422172792,17177636423
demo_matriz,18461,137422172800,17177636424
demo_matriz,18462,137422172808,17177636425
demo_matriz,18463,67342896,8282686
demo_matriz,18464,137422172816,17177636426
demo_matriz,18465,137422172840,17177636429
demo_matriz,18466,137422173096,17177636461
demo_matriz,18467,137422173104,17177636462
demo_matriz,18468,137422173112,17177636463
demo_matriz,18469,137422173480,17177636509
demo_matriz,18470,137422173536,17177636516
demo_matriz,18471,67341828,8282552
demo_matriz,18472,137422173456,17177636506
demo_matriz,18473,81800240,10089854
demo_matriz,18474,81800256,10089856
demo_matriz,18475,81800272,10089858
demo_matriz,18476,81800288,10089860
demo_matriz,18477,81800304,10089862
demo_matriz,18478,81800320,10089864
demo_matriz,18479,81800336,10089866
demo_matriz,18480,81800352,10089868
demo_matriz,18481,81800368,10089870
demo_matriz,18482,81800384,10089872
demo_matriz,18483,81800400,10089874
demo_matriz,18484,81800416,10089876
demo_matriz,18485,81800432,10089878
demo_matriz,18486,81800448,10089880
demo_matriz,18487,81800464,10089882
demo_matriz,18488,81800480,10089884
demo_matriz,18489,81800496,10089886
demo_matriz,18490,81800512,10089888
demo_matriz,18491,81800528,10089890
demo_matriz,18492,81800544,10089892
demo_matriz,18493,81800560,10089894
demo_matriz,18494,81800576,10089896
demo_matriz,18495,81800592,10089898
demo_matriz,18496,81800608,10089900
demo_matriz,18497,81800624,10089902
demo_matriz,18498,81800640,10089904
demo_matriz,18499,81800656,10089906
demo_matriz,18500,81800672,10089908
demo_matriz,18501,81800688,10089910
demo_matriz,18502,81800704,10089912
demo_matriz,18503,81800720,10089914
demo_matriz,18504,81800736,10089916
demo_matriz,18505,81800752,10089918
demo_matriz,18506,81800768,10089920
demo_matriz,18507,137422173456,17177636506
demo_matriz,18508,137422173368,17177636495
demo_matriz,18509,67336720,8281914
demo_matriz,18510,67342736,8282666
demo_matriz,18511,67342744,8282667
demo_matriz,18512,137422173080,17177636459
demo_matriz,18513,137422173088,17177636460
demo_matriz,18514,137422173096,17177636461
demo_matriz,18515,137422173104,17177636462
demo_matriz,18516,137422173112,17177636463
demo_matriz,18517,137422173464,17177636507
demo_matriz,18518,137422173456,17177636506
demo_matriz,18519,137422173568,17177636520
demo_matriz,18520,137422173576,17177636521
demo_matriz,18521,137422173112,17177636463
demo_matriz,18522,75742016,9332576
demo_matriz,18523,75742024,9332577
demo_matriz,18524,137422173112,17177636463
demo_matriz,18525,137422173464,17177636507
demo_matriz,18526,137422173152,17177636468
demo_matriz,18527,137422173168,17177636470
demo_matriz,18528,137422173120,17177636464
demo_matriz,18529,137422173128,17177636465
demo_matriz,18530,67341736,8282541
demo_matriz,18531,67342000,8282574
demo_matriz,18532,137422173408,17177636500
demo_matriz,18533,67341730,8282540
demo_matriz,18534,67341048,8282455
demo_matriz,18535,67341520,8282514
demo_matriz,18536,67341504,8282512
demo_matriz,18537,137422173120,17177636464
demo_matriz,18538,137422173136,17177636466
demo_matriz,18539,137422173388,17177636497
demo_matriz,18540,137422173376,17177636496
demo_matriz,18541,137422173408,17177636500
demo_matriz,18542,137422173392,17177636498
demo_matriz,18543,137422173552,17177636518
demo_matriz,18544,67343008,8282700
demo_matriz,18545,67344096,8282836
demo_matriz,18546,137422173428,17177636502
demo_matriz,18547,67336720,8281914
demo_matriz,18548,67342736,8282666
demo_matriz,18549,67342744,8282667
demo_matriz,18550,137422173080,17177636459
demo_matriz,18551,137422173088,17177636460
demo_matriz,18552,137422173096,17177636461
demo_matriz,18553,137422173104,17177636462
demo_matriz,18554,137422173112,17177636463
demo_matriz,18555,137422173464,17177636507
demo_matriz,18556,137422173440,17177636504
demo_matriz,18557,137422173428,17177636502
demo_matriz,18558,137422173416,17177636501
demo_matriz,18559,137422173288,17177636485
demo_matriz,18560,137422173296,17177636486
demo_matriz,18561,137422173312,17177636488
demo_matriz,18562,137422173320,17177636489
demo_matriz,18563,137422173256,17177636481
demo_matriz,18564,137422173264,17177636482
demo_matriz,18565,137422173224,17177636477
demo_matriz,18566,137422173232,17177636478
demo_matriz,18567,137422173192,17177636473
demo_matriz,18568,137422173200,17177636474
demo_matriz,18569,137422173160,17177636469
demo_matriz,18570,137422173168,17177636470
demo_matriz,18571,137422173128,17177636465
demo_matriz,18572,137422173136,17177636466
demo_matriz,18573,67344104,8282837
demo_matriz,18574,75742144,9332592
demo_matriz,18575,75742160,9332594
demo_matriz,18576,75742184,9332597
demo_matriz,18577,75742168,9332595
demo_matriz,18578,137422173112,17177636463
demo_matriz,18579,137422173440,17177636504
demo_matriz,18580,137422173464,17177636507
demo_matriz,18581,75742080,9332584
demo_matriz,18582,67343120,8282714
demo_matriz,18583,67338272,8282108
demo_matriz,18584,67337704,8282037
demo_matriz,18585,75742080,9332584
demo_matriz,18586,75742128,9332590
demo_matriz,18587,75742120,9332589
demo_matriz,18588,75742112,9332588
demo_matriz,18589,75742104,9332587
demo_matriz,18590,75742096,9332586
demo_matriz,18591,75742088,9332585
demo_matriz,18592,75742080,9332584
demo_matriz,18593,75742128,9332590
demo_matriz,18594,67341829,8282552
demo_matriz,18595,67342000,8282574
demo_matriz,18596,137422173040,17177636454
demo_matriz,18597,137422172832,17177636428
demo_matriz,18598,137422172840,17177636429
demo_matriz,18599,137422172848,17177636430
demo_matriz,18600,137422172856,17177636431
demo_matriz,18601,137422172864,17177636432
demo_matriz,18602,137422172872,17177636433
demo_matriz,18603,137422173040,17177636454
demo_matriz,18604,75742120,9332589
demo_matriz,18605,75741365,9332494
demo_matriz,18606,75741536,9332516
demo_matriz,18607,75742016,9332576
demo_matriz,18608,75741365,9332494
demo_matriz,18609,75742024,9332577
demo_matriz,18610,75740005,9332324
demo_matriz,18611,75740176,9332346
demo_matriz,18612,75741968,9332570
demo_matriz,18613,75740005,9332324
demo_matriz,18614,75741976,9332571
demo_matriz,18615,67341829,8282552
demo_matriz,18616,75741984,9332572
demo_matriz,18617,137422173040,17177636454
demo_matriz,18618,137422172784,17177636422
demo_matriz,18619,137422172792,17177636423
demo_matriz,18620,137422172800,17177636424
demo_matriz,18621,137422172808,17177636425
demo_matriz,18622,137422172816,17177636426
demo_matriz,18623,137422172824,17177636427
demo_matriz,18624,75741536,9332516
demo_matriz,18625,75742032,9332578
demo_matriz,18626,67341829,8282552
demo_matriz,18627,75742040,9332579
demo_matriz,18628,137422173040,17177636454
demo_matriz,18629,137422172832,17177636428
demo_matriz,18630,137422172840,17177636429
demo_matriz,18631,137422172848,17177636430
demo_matriz,18632,137422172856,17177636431
demo_matriz,18633,137422172864,17177636432
demo_matriz,18634,137422172872,17177636433
demo_matriz,18635,137422173040,17177636454
demo_matriz,18636,75742112,9332588
demo_matriz,18637,75740005,9332324
demo_matriz,18638,75742104,9332587
demo_matriz,18639,75738661,9332156
demo_matriz,18640,75738832,9332178
demo_matriz,18641,75741904,9332562
demo_matriz,18642,75738661,9332156
demo_matriz,18643,75741912,9332563
demo_matriz,18644,75740005,9332324
demo_matriz,18645,75741920,9332564
demo_matriz,18646,67341829,8282552
demo_matriz,18647,75741928,9332565
demo_matriz,18648,137422173040,17177636454
demo_matriz,18649,137422172832,17177636428
demo_matriz,18650,137422172840,17177636429
demo_matriz,18651,137422172848,17177636430
demo_matriz,18652,137422172856,17177636431
demo_matriz,18653,137422172864,17177636432
demo_matriz,18654,137422172872,17177636433
demo_matriz,18655,137422173040,17177636454
demo_matriz,18656,75742096,9332586
demo_matriz,18657,75737301,9331986
demo_matriz,18658,75737472,9332008
demo_matriz,18659,75741808,9332550
demo_matriz,18660,75737301,9331986
demo_matriz,18661,75741816,9332551
demo_matriz,18662,75741365,9332494
demo_matriz,18663,75741824,9332552
demo_matriz,18664,75740005,9332324
demo_matriz,18665,75741832,9332553
demo_matriz,18666,67341829,8282552
demo_matriz,18667,75741840,9332554
demo_matriz,18668,75738661,9332156
demo_matriz,18669,75741848,9332555
demo_matriz,18670,137422173040,17177636454
demo_matriz,18671,137422172832,17177636428
demo_matriz,18672,137422172840,17177636429
demo_matriz,18673,137422172848,17177636430
demo_matriz,18674,137422172856,17177636431
demo_matriz,18675,137422172864,17177636432
demo_matriz,18676,137422172872,17177636433
demo_matriz,18677,137422173040,17177636454
demo_matriz,18678,75742088,9332585
demo_matriz,18679,75735893,9331810
demo_matriz,18680,75736064,9331832
demo_matriz,18681,75740448,9332380
demo_matriz,18682,75735893,9331810
demo_matriz,18683,75740456,9332381
demo_matriz,18684,137422173040,17177636454
demo_matriz,18685,137422172832,17177636428
demo_matriz,18686,137422172840,17177636429
demo_matriz,18687,137422172848,17177636430
demo_matriz,18688,137422172856,17177636431
demo_matriz,18689,137422172864,17177636432
demo_matriz,18690,137422172872,17177636433
demo_matriz,18691,137422173040,17177636454
demo_matriz,18692,75742080,9332584
demo_matriz,18693,67343925,8282814
demo_matriz,18694,67344096,8282836
demo_matriz,18695,137422173040,17177636454
demo_matriz,18696,137422172832,17177636428
demo_matriz,18697,137422172840,17177636429
demo_matriz,18698,137422172848,17177636430
demo_matriz,18699,137422172856,17177636431
demo_matriz,18700,137422172864,17177636432
demo_matriz,18701,137422172872,17177636433
demo_matriz,18702,137422173040,17177636454
demo_matriz,18703,137422173039,17177636453
demo_matriz,18704,137422172880,17177636434
demo_matriz,18705,137422172896,17177636436
demo_matriz,18706,137422172920,17177636439
demo_matriz,18707,137422172904,17177636437
demo_matriz,18708,137422172872,17177636433
demo_matriz,18709,75742080,9332584
demo_matriz,18710,137422173064,17177636457
demo_matriz,18711,137422173072,17177636458
demo_matriz,18712,137422173080,17177636459
demo_matriz,18713,137422173088,17177636460
demo_matriz,18714,137422173096,17177636461
demo_matriz,18715,137422173104,17177636462
demo_matriz,18716,137422173112,17177636463
demo_matriz,18717,137422173440,17177636504
demo_matriz,18718,137422173464,17177636507
demo_matriz,18719,137422173456,17177636506
demo_matriz,18720,137422174600,17177636649
demo_matriz,18721,137422174608,17177636650
demo_matriz,18722,137422174616,17177636651
demo_matriz,18723,137422174624,17177636652
demo_matriz,18724,137422174632,17177636653
demo_matriz,18725,137422174640,17177636654
demo_matriz,18726,137422174648,17177636655
demo_matriz,18727,137422174752,17177636668
demo_matriz,18728,67343840,8282804
demo_matriz,18729,67343832,8282803
demo_matriz,18730,75742192,9332598
demo_matriz,18731,75742184,9332597
demo_matriz,18732,75742176,9332596
demo_matriz,18733,75742168,9332595
demo_matriz,18734,75742160,9332594
demo_matriz,18735,75742152,9332593
demo_matriz,18736,75742144,9332592
demo_matriz,18737,67341008,8282450
demo_matriz,18738,67341000,8282449
demo_matriz,18739,137422174720,17177636664
demo_matriz,18740,75742152,9332593
demo_matriz,18741,75742160,9332594
demo_matriz,18742,75742168,9332595
demo_matriz,18743,75742176,9332596
demo_matriz,18744,75742184,9332597
demo_matriz,18745,75742192,9332598
demo_matriz,18746,137422175304,17177636737
demo_matriz,18747,75742184,9332597
demo_matriz,18748,67337632,8282028
demo_matriz,18749,75740536,9332391
demo_matriz,18750,137422174720,17177636664
demo_matriz,18751,67341000,8282449
demo_matriz,18752,67342896,8282686
demo_matriz,18753,67342608,8282650
demo_matriz,18754,67342616,8282651
demo_matriz,18755,137422174820,17177636676
demo_matriz,18756,67338240,8282104
demo_matriz,18757,67343925,8282814
demo_matriz,18758,67343176,8282721
demo_matriz,18759,1097248,1980
demo_matriz,18760,67343926,8282814
demo_matriz,18761,67343480,8282759
demo_matriz,18762,67343496,8282761
demo_matriz,18763,1097472,2008
demo_matriz,18764,67343072,8282708
demo_matriz,18765,1083184,222
demo_matriz,18766,137422174384,17177636622
demo_matriz,18767,1083188,222
demo_matriz,18768,67343120,8282714
demo_matriz,18769,67338240,8282104
demo_matriz,18770,67343080,8282709
demo_matriz,18771,67294568,8276645
demo_matriz,18772,67344560,8282894
demo_matriz,18773,1083024,202
demo_matriz,18774,67344568,8282895
demo_matriz,18775,1083035,203
demo_matriz,18776,137422174280,17177636609
demo_matriz,18777,67343128,8282715
demo_matriz,18778,67344544,8282892
demo_matriz,18779,67294568,8276645
demo_matriz,18780,67344560,8282894
demo_matriz,18781,1083024,202
demo_matriz,18782,67344568,8282895
demo_matriz,18783,1083035,203
demo_matriz,18784,137422174280,17177636609
demo_matriz,18785,67344552,8282893
demo_matriz,18786,137422174288,17177636610
demo_matriz,18787,137422174296,17177636611
demo_matriz,18788,137422174304,17177636612
demo_matriz,18789,137422174312,17177636613
demo_matriz,18790,67343096,8282711
demo_matriz,18791,75735048,9331705
demo_matriz,18792,1083035,203
demo_matriz,18793,67345184,8282972
demo_matriz,18794,1083043,204
demo_matriz,18795,67345192,8282973
demo_matriz,18796,67345184,8282972
demo_matriz,18797,1083035,203
demo_matriz,18798,137422174280,17177636609
demo_matriz,18799,75735096,9331711
demo_matriz,18800,75736256,9331856
demo_matriz,18801,1083035,203
demo_matriz,18802,75736280,9331859
demo_matriz,18803,1083043,204
demo_matriz,18804,75736288,9331860
demo_matriz,18805,75736280,9331859
demo_matriz,18806,1083035,203
demo_matriz,18807,137422174280,17177636609
demo_matriz,18808,75736264,9331857
demo_matriz,18809,137422174288,17177636610
demo_matriz,18810,137422174296,17177636611
demo_matriz,18811,137422174304,17177636612
demo_matriz,18812,137422174312,17177636613
demo_matriz,18813,75735064,9331707
demo_matriz,18814,75736456,9331881
demo_matriz,18815,1083035,203
demo_matriz,18816,75736400,9331874
demo_matriz,18817,1083043,204
demo_matriz,18818,75736408,9331875
demo_matriz,18819,75736400,9331874
demo_matriz,18820,1083035,203
demo_matriz,18821,137422174280,17177636609
demo_matriz,18822,75736504,9331887
demo_matriz,18823,75737664,9332032
demo_matriz,18824,1083035,203
demo_matriz,18825,75737688,9332035
demo_matriz,18826,1083043,204
demo_matriz,18827,75737696,9332036
demo_matriz,18828,75737691,9332035
demo_matriz,18829,1083038,203
demo_matriz,18830,137422174280,17177636609
demo_matriz,18831,75737672,9332033
demo_matriz,18832,137422174288,17177636610
demo_matriz,18833,137422174296,17177636611
demo_matriz,18834,137422174304,17177636612
demo_matriz,18835,137422174312,17177636613
demo_matriz,18836,75736472,9331883
demo_matriz,18837,75737816,9332051
demo_matriz,18838,1083035,203
demo_matriz,18839,75737760,9332044
demo_matriz,18840,1083043,204
demo_matriz,18841,75737768,9332045
demo_matriz,18842,75737760,9332044
demo_matriz,18843,1083035,203
demo_matriz,18844,137422174280,17177636609
demo_matriz,18845,75737864,9332057
demo_matriz,18846,75739024,9332202
demo_matriz,18847,1083035,203
demo_matriz,18848,75739048,9332205
demo_matriz,18849,1083043,204
demo_matriz,18850,75739056,9332206
demo_matriz,18851,75739061,9332206
demo_matriz,18852,1083048,205
demo_matriz,18853,137422174280,17177636609
demo_matriz,18854,137422174288,17177636610
demo_matriz,18855,137422174296,17177636611
demo_matriz,18856,137422174304,17177636612
demo_matriz,18857,137422174312,17177636613
demo_matriz,18858,137422174340,17177636616
demo_matriz,18859,1083192,223
demo_matriz,18860,137422174408,17177636625
demo_matriz,18861,1083208,225
demo_matriz,18862,137422174384,17177636622
demo_matriz,18863,67343080,8282709
demo_matriz,18864,1083200,224
demo_matriz,18865,1083204,224
demo_matriz,18866,67344568,8282895
demo_matriz,18867,137422174376,17177636621
demo_matriz,18868,75737848,9332055
demo_matriz,18869,67336824,8281927
demo_matriz,18870,137422175640,17177636779
demo_matriz,18871,75737912,9332063
demo_matriz,18872,78675544,9699267
demo_matriz,18873,75738662,9332156
demo_matriz,18874,67336864,8281932
demo_matriz,18875,75738232,9332103
demo_matriz,18876,78675720,9699289
demo_matriz,18877,75737808,9332050
demo_matriz,18878,78503360,9677744
demo_matriz,18879,78503368,9677745
demo_matriz,18880,78503376,9677746
demo_matriz,18881,78503388,9677747
demo_matriz,18882,78503396,9677748
demo_matriz,18883,78503400,9677749
demo_matriz,18884,137422174408,17177636625
demo_matriz,18885,78503408,9677750
demo_matriz,18886,67294568,8276645
demo_matriz,18887,1083056,206
demo_matriz,18888,78502672,9677658
demo_matriz,18889,78502685,9677659
demo_matriz,18890,1083066,207
demo_matriz,18891,137422174312,17177636613
demo_matriz,18892,137422174392,17177636623
demo_matriz,18893,1083200,224
demo_matriz,18894,137422174400,17177636624
demo_matriz,18895,1083206,224
demo_matriz,18896,1083212,225
demo_matriz,18897,137422174344,17177636617
demo_matriz,18898,1083196,223
demo_matriz,18899,137422174384,17177636622
demo_matriz,18900,1083220,226
demo_matriz,18901,67343120,8282714
demo_matriz,18902,67338240,8282104
demo_matriz,18903,67343080,8282709
demo_matriz,18904,67294576,8276646
demo_matriz,18905,67344560,8282894
demo_matriz,18906,1083040,204
demo_matriz,18907,67344568,8282895
demo_matriz,18908,1083049,205
demo_matriz,18909,137422174280,17177636609
demo_matriz,18910,67343128,8282715
demo_matriz,18911,67344544,8282892
demo_matriz,18912,67294576,8276646
demo_matriz,18913,67344560,8282894
demo_matriz,18914,1083040,204
demo_matriz,18915,67344568,8282895
demo_matriz,18916,1083049,205
demo_matriz,18917,137422174280,17177636609
demo_matriz,18918,67344552,8282893
demo_matriz,18919,137422174288,17177636610
demo_matriz,18920,137422174296,17177636611
demo_matriz,18921,137422174304,17177636612
demo_matriz,18922,137422174312,17177636613
demo_matriz,18923,67343096,8282711
demo_matriz,18924,75735048,9331705
demo_matriz,18925,1083049,205
demo_matriz,18926,67345184,8282972
demo_matriz,18927,1083057,206
demo_matriz,18928,67345192,8282973
demo_matriz,18929,67345184,8282972
demo_matriz,18930,1083049,205
demo_matriz,18931,137422174280,17177636609
demo_matriz,18932,75735096,9331711
demo_matriz,18933,75736256,9331856
demo_matriz,18934,1083049,205
demo_matriz,18935,75736280,9331859
demo_matriz,18936,1083057,206
demo_matriz,18937,75736288,9331860
demo_matriz,18938,75736280,9331859
demo_matriz,18939,1083049,205
demo_matriz,18940,137422174280,17177636609
demo_matriz,18941,75736264,9331857
demo_matriz,18942,137422174288,17177636610
demo_matriz,18943,137422174296,17177636611
demo_matriz,18944,137422174304,17177636612
demo_matriz,18945,137422174312,17177636613
demo_matriz,18946,75735064,9331707
demo_matriz,18947,75736456,9331881
demo_matriz,18948,1083049,205
demo_matriz,18949,75736400,9331874
demo_matriz,18950,1083057,206
demo_matriz,18951,75736408,9331875
demo_matriz,18952,75736400,9331874
demo_matriz,18953,1083049,205
demo_matriz,18954,137422174280,17177636609
demo_matriz,18955,75736504,9331887
demo_matriz,18956,75737664,9332032
demo_matriz,18957,1083049,205
demo_matriz,18958,75737688,9332035
demo_matriz,18959,1083057,206
demo_matriz,18960,75737696,9332036
demo_matriz,18961,75737691,9332035
demo_matriz,18962,1083052,205
demo_matriz,18963,137422174280,17177636609
demo_matriz,18964,75737672,9332033
demo_matriz,18965,137422174288,17177636610
demo_matriz,18966,137422174296,17177636611
demo_matriz,18967,137422174304,17177636612
demo_matriz,18968,137422174312,17177636613
demo_matriz,18969,75736472,9331883
demo_matriz,18970,75737816,9332051
demo_matriz,18971,1083049,205
demo_matriz,18972,75737760,9332044
demo_matriz,18973,1083057,206
demo_matriz,18974,75737768,9332045
demo_matriz,18975,75737760,9332044
demo_matriz,18976,1083049,205
demo_matriz,18977,137422174280,17177636609
demo_matriz,18978,75737864,9332057
demo_matriz,18979,75739024,9332202
demo_matriz,18980,1083049,205
demo_matriz,18981,75739048,9332205
demo_matriz,18982,1083057,206
demo_matriz,18983,75739056,9332206
demo_matriz,18984,75739051,9332205
demo_matriz,18985,1083052,205
demo_matriz,18986,137422174280,17177636609
demo_matriz,18987,75739032,9332203
demo_matriz,18988,137422174288,17177636610
demo_matriz,18989,137422174296,17177636611
demo_matriz,18990,137422174304,17177636612
demo_matriz,18991,137422174312,17177636613
demo_matriz,18992,75737832,9332053
demo_matriz,18993,75739160,9332219
demo_matriz,18994,1083049,205
demo_matriz,18995,75739120,9332214
demo_matriz,18996,1083057,206
demo_matriz,18997,75739128,9332215
demo_matriz,18998,75739120,9332214
demo_matriz,18999,1083049,205
demo_matriz,19000,137422174280,17177636609
demo_matriz,19001,75739208,9332225
demo_matriz,19002,75740368,9332370
demo_matriz,19003,1083049,205
demo_matriz,19004,75740392,9332373
demo_matriz,19005,1083057,206
demo_matriz,19006,75740400,9332374
demo_matriz,19007,75740401,9332374
demo_matriz,19008,1083058,206
demo_matriz,19009,137422174280,17177636609
demo_matriz,19010,137422174288,17177636610
demo_matriz,19011,137422174296,17177636611
demo_matriz,19012,137422174304,17177636612
demo_matriz,19013,137422174312,17177636613
demo_matriz,19014,137422174340,17177636616
demo_matriz,19015,1083224,227
demo_matriz,19016,137422174408,17177636625
demo_matriz,19017,1083240,229
demo_matriz,19018,137422174384,17177636622
demo_matriz,19019,67343080,8282709
demo_matriz,19020,1083232,228
demo_matriz,19021,1083236,228
demo_matriz,19022,67344568,8282895
demo_matriz,19023,137422174376,17177636621
demo_matriz,19024,75739192,9332223
demo_matriz,19025,67336824,8281927
demo_matriz,19026,137422175640,17177636779
demo_matriz,19027,75739256,9332231
demo_matriz,19028,80787880,9963309
demo_matriz,19029,75740006,9332324
demo_matriz,19030,67336864,8281932
demo_matriz,19031,75739576,9332271
demo_matriz,19032,80788104,9963337
demo_matriz,19033,75739152,9332218
demo_matriz,19034,78835416,9719251
demo_matriz,19035,78835424,9719252
demo_matriz,19036,78835432,9719253
demo_matriz,19037,78835444,9719254
demo_matriz,19038,78835452,9719255
demo_matriz,19039,78835460,9719256
demo_matriz,19040,78835472,9719258
demo_matriz,19041,78835480,9719259
demo_matriz,19042,78835488,9719260
demo_matriz,19043,78835508,9719262
demo_matriz,19044,78835516,9719263
demo_matriz,19045,78835524,9719264
demo_matriz,19046,78835544,9719267
demo_matriz,19047,78835552,9719268
demo_matriz,19048,78835560,9719269
demo_matriz,19049,78835580,9719271
demo_matriz,19050,78835588,9719272
demo_matriz,19051,78835596,9719273
demo_matriz,19052,78835616,9719276
demo_matriz,19053,78835624,9719277
demo_matriz,19054,78835632,9719278
demo_matriz,19055,78835652,9719280
demo_matriz,19056,78835660,9719281
demo_matriz,19057,78835664,9719282
demo_matriz,19058,137422174408,17177636625
demo_matriz,19059,78835672,9719283
demo_matriz,19060,67294560,8276644
demo_matriz,19061,78828720,9718414
demo_matriz,19062,1083056,206
demo_matriz,19063,78828720,9718414
demo_matriz,19064,1083072,208
demo_matriz,19065,78828736,9718416
demo_matriz,19066,78828735,9718415
demo_matriz,19067,1083076,208
demo_matriz,19068,137422174312,17177636613
demo_matriz,19069,137422174392,17177636623
demo_matriz,19070,1083232,228
demo_matriz,19071,137422174400,17177636624
demo_matriz,19072,1083238,228
demo_matriz,19073,1083244,229
demo_matriz,19074,1083256,231
demo_matriz,19075,137422174384,17177636622
demo_matriz,19076,67343080,8282709
demo_matriz,19077,1083248,230
demo_matriz,19078,1083252,230
demo_matriz,19079,67344568,8282895
demo_matriz,19080,137422174376,17177636621
demo_matriz,19081,75739192,9332223
demo_matriz,19082,67336824,8281927
demo_matriz,19083,137422175640,17177636779
demo_matriz,19084,75739256,9332231
demo_matriz,19085,80787880,9963309
demo_matriz,19086,75740006,9332324
demo_matriz,19087,67336864,8281932
demo_matriz,19088,75739576,9332271
demo_matriz,19089,80788104,9963337
demo_matriz,19090,75739152,9332218
demo_matriz,19091,78835416,9719251
demo_matriz,19092,78835424,9719252
demo_matriz,19093,78835432,9719253
demo_matriz,19094,78835444,9719254
demo_matriz,19095,78835452,9719255
demo_matriz,19096,78835460,9719256
demo_matriz,19097,78835472,9719258
demo_matriz,19098,78835480,9719259
demo_matriz,19099,78835488,9719260
demo_matriz,19100,78835508,9719262
demo_matriz,19101,78835516,9719263
demo_matriz,19102,78835524,9719264
demo_matriz,19103,78835544,9719267
demo_matriz,19104,78835552,9719268
demo_matriz,19105,78835560,9719269
demo_matriz,19106,78835580,9719271
demo_matriz,19107,78835588,9719272
demo_matriz,19108,78835596,9719273
demo_matriz,19109,78835616,9719276
demo_matriz,19110,78835624,9719277
demo_matriz,19111,78835632,9719278
demo_matriz,19112,78835652,9719280
demo_matriz,19113,78835660,9719281
demo_matriz,19114,78835668,9719282
demo_matriz,19115,78835688,9719285
demo_matriz,19116,78835696,9719286
demo_matriz,19117,78835704,9719287
demo_matriz,19118,78835724,9719289
demo_matriz,19119,78835732,9719290
demo_matriz,19120,78835740,9719291
demo_matriz,19121,78835760,9719294
demo_matriz,19122,78835768,9719295
demo_matriz,19123,78835776,9719296
demo_matriz,19124,78835796,9719298
demo_matriz,19125,78835804,9719299
demo_matriz,19126,78835812,9719300
demo_matriz,19127,78835832,9719303
demo_matriz,19128,78835840,9719304
demo_matriz,19129,78835848,9719305
demo_matriz,19130,78835868,9719307
demo_matriz,19131,78835876,9719308
demo_matriz,19132,78835884,9719309
demo_matriz,19133,78835904,9719312
demo_matriz,19134,78835912,9719313
demo_matriz,19135,78835920,9719314
demo_matriz,19136,78835940,9719316
demo_matriz,19137,78835948,9719317
demo_matriz,19138,78835956,9719318
demo_matriz,19139,78835976,9719321
demo_matriz,19140,78835984,9719322
demo_matriz,19141,78835992,9719323
demo_matriz,19142,78836012,9719325
demo_matriz,19143,78836020,9719326
demo_matriz,19144,78836028,9719327
demo_matriz,19145,78836048,9719330
demo_matriz,19146,78836056,9719331
demo_matriz,19147,78836064,9719332
demo_matriz,19148,78836084,9719334
demo_matriz,19149,78836092,9719335
demo_matriz,19150,78836100,9719336
demo_matriz,19151,78836120,9719339
demo_matriz,19152,78836128,9719340
demo_matriz,19153,78836136,9719341
demo_matriz,19154,78836156,9719343
demo_matriz,19155,78836164,9719344
demo_matriz,19156,78836172,9719345
demo_matriz,19157,78836192,9719348
demo_matriz,19158,78836200,9719349
demo_matriz,19159,78836208,9719350
demo_matriz,19160,78836228,9719352
demo_matriz,19161,78836236,9719353
demo_matriz,19162,78836244,9719354
demo_matriz,19163,78836264,9719357
demo_matriz,19164,78836272,9719358
demo_matriz,19165,78836280,9719359
demo_matriz,19166,78836300,9719361
demo_matriz,19167,78836308,9719362
demo_matriz,19168,78836316,9719363
demo_matriz,19169,78836336,9719366
demo_matriz,19170,78836344,9719367
demo_matriz,19171,78836352,9719368
demo_matriz,19172,78836372,9719370
demo_matriz,19173,78836380,9719371
demo_matriz,19174,78836388,9719372
demo_matriz,19175,78836408,9719375
demo_matriz,19176,78836416,9719376
demo_matriz,19177,78836424,9719377
demo_matriz,19178,78836444,9719379
demo_matriz,19179,78836452,9719380
demo_matriz,19180,78836460,9719381
demo_matriz,19181,78836480,9719384
demo_matriz,19182,78836488,9719385
demo_matriz,19183,78836496,9719386
demo_matriz,19184,78836516,9719388
demo_matriz,19185,78836524,9719389
demo_matriz,19186,78836532,9719390
demo_matriz,19187,78836552,9719393
demo_matriz,19188,78836560,9719394
demo_matriz,19189,78836568,9719395
demo_matriz,19190,78836588,9719397
demo_matriz,19191,78836596,9719398
demo_matriz,19192,78836604,9719399
demo_matriz,19193,78836624,9719402
demo_matriz,19194,78836632,9719403
demo_matriz,19195,78836636,9719403
demo_matriz,19196,137422174408,17177636625
demo_matriz,19197,78836644,9719404
demo_matriz,19198,1083077,208
demo_matriz,19199,78829017,9718451
demo_matriz,19200,1083085,209
demo_matriz,19201,78829025,9718452
demo_matriz,19202,78829027,9718452
demo_matriz,19203,1083087,209
demo_matriz,19204,137422174312,17177636613
demo_matriz,19205,137422174392,17177636623
demo_matriz,19206,1083248,230
demo_matriz,19207,137422174400,17177636624
demo_matriz,19208,1083254,230
demo_matriz,19209,1083260,231
demo_matriz,19210,1083272,233
demo_matriz,19211,137422174384,17177636622
demo_matriz,19212,67343080,8282709
demo_matriz,19213,1083264,232
demo_matriz,19214,1083268,232
demo_matriz,19215,67344568,8282895
demo_matriz,19216,137422174376,17177636621
demo_matriz,19217,75739192,9332223
demo_matriz,19218,67336824,8281927
demo_matriz,19219,137422175640,17177636779
demo_matriz,19220,75739256,9332231
demo_matriz,19221,80787880,9963309
demo_matriz,19222,75740006,9332324
demo_matriz,19223,67336864,8281932
demo_matriz,19224,75739576,9332271
demo_matriz,19225,80788104,9963337
demo_matriz,19226,75739152,9332218
demo_matriz,19227,78835416,9719251
demo_matriz,19228,78835424,9719252
demo_matriz,19229,78835432,9719253
demo_matriz,19230,78835444,9719254
demo_matriz,19231,78835452,9719255
demo_matriz,19232,78835456,9719256
demo_matriz,19233,137422174408,17177636625
demo_matriz,19234,78835464,9719257
demo_matriz,19235,1083088,210
demo_matriz,19236,78828656,9718406
demo_matriz,19237,1083096,211
demo_matriz,19238,78828664,9718407
demo_matriz,19239,78828667,9718407
demo_matriz,19240,1083099,211
demo_matriz,19241,137422174312,17177636613
demo_matriz,19242,137422174392,17177636623
demo_matriz,19243,1083264,232
demo_matriz,19244,137422174400,17177636624
demo_matriz,19245,1083270,232
demo_matriz,19246,1083276,233
demo_matriz,19247,137422174344,17177636617
demo_matriz,19248,1083228,227
demo_matriz,19249,137422174384,17177636622
demo_matriz,19250,1083284,234
demo_matriz,19251,67343120,8282714
demo_matriz,19252,67338240,8282104
demo_matriz,19253,67343080,8282709
demo_matriz,19254,67294564,8276644
demo_matriz,19255,67344560,8282894
demo_matriz,19256,1083008,200
demo_matriz,19257,67344568,8282895
demo_matriz,19258,1083020,201
demo_matriz,19259,137422174280,17177636609
demo_matriz,19260,67343128,8282715
demo_matriz,19261,67344544,8282892
demo_matriz,19262,67294564,8276644
demo_matriz,19263,67344560,8282894
demo_matriz,19264,1083008,200
demo_matriz,19265,67344568,8282895
demo_matriz,19266,1083020,201
demo_matriz,19267,137422174280,17177636609
demo_matriz,19268,67344552,8282893
demo_matriz,19269,137422174288,17177636610
demo_matriz,19270,137422174296,17177636611
demo_matriz,19271,137422174304,17177636612
demo_matriz,19272,137422174312,17177636613
demo_matriz,19273,67343096,8282711
demo_matriz,19274,75735048,9331705
demo_matriz,19275,1083020,201
demo_matriz,19276,67345184,8282972
demo_matriz,19277,1083028,202
demo_matriz,19278,67345192,8282973
demo_matriz,19279,67345184,8282972
demo_matriz,19280,1083020,201
demo_matriz,19281,137422174280,17177636609
demo_matriz,19282,75735096,9331711
demo_matriz,19283,75736256,9331856
demo_matriz,19284,1083020,201
demo_matriz,19285,75736280,9331859
demo_matriz,19286,1083028,202
demo_matriz,19287,75736288,9331860
demo_matriz,19288,75736280,9331859
demo_matriz,19289,1083020,201
demo_matriz,19290,137422174280,17177636609
demo_matriz,19291,75736264,9331857
demo_matriz,19292,137422174288,17177636610
demo_matriz,19293,137422174296,17177636611
demo_matriz,19294,137422174304,17177636612
demo_matriz,19295,137422174312,17177636613
demo_matriz,19296,75735064,9331707
demo_matriz,19297,75736456,9331881
demo_matriz,19298,1083020,201
demo_matriz,19299,75736400,9331874
demo_matriz,19300,1083028,202
demo_matriz,19301,75736408,9331875
demo_matriz,19302,75736400,9331874
demo_matriz,19303,1083020,201
demo_matriz,19304,137422174280,17177636609
demo_matriz,19305,75736504,9331887
demo_matriz,19306,75737664,9332032
demo_matriz,19307,1083020,201
demo_matriz,19308,75737688,9332035
demo_matriz,19309,1083028,202
demo_matriz,19310,75737696,9332036
demo_matriz,19311,75737702,9332036
demo_matriz,19312,1083034,203
demo_matriz,19313,137422174280,17177636609
demo_matriz,19314,137422174288,17177636610
demo_matriz,19315,137422174296,17177636611
demo_matriz,19316,137422174304,17177636612
demo_matriz,19317,137422174312,17177636613
demo_matriz,19318,137422174340,17177636616
demo_matriz,19319,1083288,235
demo_matriz,19320,137422174408,17177636625
demo_matriz,19321,1083304,237
demo_matriz,19322,137422174384,17177636622
demo_matriz,19323,67343080,8282709
demo_matriz,19324,1083296,236
demo_matriz,19325,1083300,236
demo_matriz,19326,67344568,8282895
demo_matriz,19327,137422174376,17177636621
demo_matriz,19328,75736488,9331885
demo_matriz,19329,67336824,8281927
demo_matriz,19330,137422175640,17177636779
demo_matriz,19331,75736552,9331893
demo_matriz,19332,78458440,9672129
demo_matriz,19333,75737302,9331986
demo_matriz,19334,67336864,8281932
demo_matriz,19335,75736872,9331933
demo_matriz,19336,78458616,9672151
demo_matriz,19337,75736448,9331880
demo_matriz,19338,76387720,9413289
demo_matriz,19339,76387728,9413290
demo_matriz,19340,76387736,9413291
demo_matriz,19341,76387748,9413292
demo_matriz,19342,76387756,9413293
demo_matriz,19343,76387764,9413294
demo_matriz,19344,76387776,9413296
demo_matriz,19345,76387784,9413297
demo_matriz,19346,76387792,9413298
demo_matriz,19347,76387812,9413300
demo_matriz,19348,76387820,9413301
demo_matriz,19349,76387828,9413302
demo_matriz,19350,76387848,9413305
demo_matriz,19351,76387856,9413306
demo_matriz,19352,76387864,9413307
demo_matriz,19353,76387884,9413309
demo_matriz,19354,76387892,9413310
demo_matriz,19355,76387900,9413311
demo_matriz,19356,76387920,9413314
demo_matriz,19357,76387928,9413315
demo_matriz,19358,76387936,9413316
demo_matriz,19359,76387956,9413318
demo_matriz,19360,76387964,9413319
demo_matriz,19361,76387972,9413320
demo_matriz,19362,76387992,9413323
demo_matriz,19363,76388000,9413324
demo_matriz,19364,76388008,9413325
demo_matriz,19365,76388028,9413327
demo_matriz,19366,76388036,9413328
demo_matriz,19367,76388044,9413329
demo_matriz,19368,76388064,9413332
demo_matriz,19369,76388072,9413333
demo_matriz,19370,76388080,9413334
demo_matriz,19371,76388100,9413336
demo_matriz,19372,76388108,9413337
demo_matriz,19373,76388116,9413338
demo_matriz,19374,76388136,9413341
demo_matriz,19375,76388144,9413342
demo_matriz,19376,76388152,9413343
demo_matriz,19377,76388172,9413345
demo_matriz,19378,76388180,9413346
demo_matriz,19379,76388188,9413347
demo_matriz,19380,76388208,9413350
demo_matriz,19381,76388216,9413351
demo_matriz,19382,76388224,9413352
demo_matriz,19383,76388244,9413354
demo_matriz,19384,76388252,9413355
demo_matriz,19385,76388260,9413356
demo_matriz,19386,76388280,9413359
demo_matriz,19387,76388288,9413360
demo_matriz,19388,76388296,9413361
demo_matriz,19389,76388316,9413363
demo_matriz,19390,76388324,9413364
demo_matriz,19391,76388332,9413365
demo_matriz,19392,76388352,9413368
demo_matriz,19393,76388360,9413369
demo_matriz,19394,76388368,9413370
demo_matriz,19395,76388388,9413372
demo_matriz,19396,76388396,9413373
demo_matriz,19397,76388404,9413374
demo_matriz,19398,76388424,9413377
demo_matriz,19399,76388432,9413378
demo_matriz,19400,76388440,9413379
demo_matriz,19401,76388460,9413381
demo_matriz,19402,76388468,9413382
demo_matriz,19403,76388476,9413383
demo_matriz,19404,76388496,9413386
demo_matriz,19405,76388504,9413387
demo_matriz,19406,76388512,9413388
demo_matriz,19407,76388532,9413390
demo_matriz,19408,76388540,9413391
demo_matriz,19409,76388548,9413392
demo_matriz,19410,76388568,9413395
demo_matriz,19411,76388576,9413396
demo_matriz,19412,76388584,9413397
demo_matriz,19413,76388604,9413399
demo_matriz,19414,76388612,9413400
demo_matriz,19415,76388620,9413401
demo_matriz,19416,76388640,9413404
demo_matriz,19417,76388648,9413405
demo_matriz,19418,76388656,9413406
demo_matriz,19419,76388676,9413408
demo_matriz,19420,76388684,9413409
demo_matriz,19421,76388692,9413410
demo_matriz,19422,76388712,9413413
demo_matriz,19423,76388720,9413414
demo_matriz,19424,76388728,9413415
demo_matriz,19425,76388748,9413417
demo_matriz,19426,76388756,9413418
demo_matriz,19427,76388764,9413419
demo_matriz,19428,76388784,9413422
demo_matriz,19429,76388792,9413423
demo_matriz,19430,76388800,9413424
demo_matriz,19431,76388820,9413426
demo_matriz,19432,76388828,9413427
demo_matriz,19433,76388836,9413428
demo_matriz,19434,76388856,9413431
demo_matriz,19435,76388864,9413432
demo_matriz,19436,76388872,9413433
demo_matriz,19437,76388892,9413435
demo_matriz,19438,76388900,9413436
demo_matriz,19439,76388908,9413437
demo_matriz,19440,76388928,9413440
demo_matriz,19441,76388936,9413441
demo_matriz,19442,76388944,9413442
demo_matriz,19443,76388964,9413444
demo_matriz,19444,76388972,9413445
demo_matriz,19445,76388976,9413446
demo_matriz,19446,137422174408,17177636625
demo_matriz,19447,76388984,9413447
demo_matriz,19448,1083100,211
demo_matriz,19449,76374680,9411659
demo_matriz,19450,1083108,212
demo_matriz,19451,76374688,9411660
demo_matriz,19452,76374690,9411660
demo_matriz,19453,1083110,212
demo_matriz,19454,137422174312,17177636613
demo_matriz,19455,137422174392,17177636623
demo_matriz,19456,1083296,236
demo_matriz,19457,137422174400,17177636624
demo_matriz,19458,1083302,236
demo_matriz,19459,1083308,237
demo_matriz,19460,1083320,239
demo_matriz,19461,137422174384,17177636622
demo_matriz,19462,67343080,8282709
demo_matriz,19463,1083312,238
demo_matriz,19464,1083316,238
demo_matriz,19465,67344568,8282895
demo_matriz,19466,137422174376,17177636621
demo_matriz,19467,75736488,9331885
demo_matriz,19468,67336824,8281927
demo_matriz,19469,137422175640,17177636779
demo_matriz,19470,75736552,9331893
demo_matriz,19471,78458440,9672129
demo_matriz,19472,75737302,9331986
demo_matriz,19473,67336864,8281932
demo_matriz,19474,75736872,9331933
demo_matriz,19475,78458616,9672151
demo_matriz,19476,75736448,9331880
demo_matriz,19477,76387720,9413289
demo_matriz,19478,76387728,9413290
demo_matriz,19479,76387736,9413291
demo_matriz,19480,76387748,9413292
demo_matriz,19481,76387756,9413293
demo_matriz,19482,76387764,9413294
demo_matriz,19483,76387776,9413296
demo_matriz,19484,76387784,9413297
demo_matriz,19485,76387792,9413298
demo_matriz,19486,76387812,9413300
demo_matriz,19487,76387820,9413301
demo_matriz,19488,76387828,9413302
demo_matriz,19489,76387848,9413305
demo_matriz,19490,76387856,9413306
demo_matriz,19491,76387864,9413307
demo_matriz,19492,76387884,9413309
demo_matriz,19493,76387892,9413310
demo_matriz,19494,76387900,9413311
demo_matriz,19495,76387920,9413314
demo_matriz,19496,76387928,9413315
demo_matriz,19497,76387936,9413316
demo_matriz,19498,76387956,9413318
demo_matriz,19499,76387964,9413319
demo_matriz,19500,76387972,9413320
demo_matriz,19501,76387992,9413323
demo_matriz,19502,76388000,9413324
demo_matriz,19503,76388008,9413325
demo_matriz,19504,76388028,9413327
demo_matriz,19505,76388036,9413328
demo_matriz,19506,76388044,9413329
demo_matriz,19507,76388064,9413332
demo_matriz,19508,76388072,9413333
demo_matriz,19509,76388080,9413334
demo_matriz,19510,76388100,9413336
demo_matriz,19511,76388108,9413337
demo_matriz,19512,76388116,9413338
demo_matriz,19513,76388136,9413341
demo_matriz,19514,76388144,9413342
demo_matriz,19515,76388152,9413343
demo_matriz,19516,76388172,9413345
demo_matriz,19517,76388180,9413346
demo_matriz,19518,76388188,9413347
demo_matriz,19519,76388208,9413350
demo_matriz,19520,76388216,9413351
demo_matriz,19521,76388224,9413352
demo_matriz,19522,76388244,9413354
demo_matriz,19523,76388252,9413355
demo_matriz,19524,76388260,9413356
demo_matriz,19525,76388280,9413359
demo_matriz,19526,76388288,9413360
demo_matriz,19527,76388296,9413361
demo_matriz,19528,76388316,9413363
demo_matriz,19529,76388324,9413364
demo_matriz,19530,76388332,9413365
demo_matriz,19531,76388352,9413368
demo_matriz,19532,76388360,9413369
demo_matriz,19533,76388368,9413370
demo_matriz,19534,76388388,9413372
demo_matriz,19535,76388396,9413373
demo_matriz,19536,76388404,9413374
demo_matriz,19537,76388424,9413377
demo_matriz,19538,76388432,9413378
demo_matriz,19539,76388440,9413379
demo_matriz,19540,76388460,9413381
demo_matriz,19541,76388468,9413382
demo_matriz,19542,76388476,9413383
demo_matriz,19543,76388496,9413386
demo_matriz,19544,76388504,9413387
demo_matriz,19545,76388512,9413388
demo_matriz,19546,76388532,9413390
demo_matriz,19547,76388540,9413391
demo_matriz,19548,76388548,9413392
demo_matriz,19549,76388568,9413395
demo_matriz,19550,76388576,9413396
demo_matriz,19551,76388584,9413397
demo_matriz,19552,76388604,9413399
demo_matriz,19553,76388612,9413400
demo_matriz,19554,76388620,9413401
demo_matriz,19555,76388640,9413404
demo_matriz,19556,76388648,9413405
demo_matriz,19557,76388656,9413406
demo_matriz,19558,76388676,9413408
demo_matriz,19559,76388684,9413409
demo_matriz,19560,76388692,9413410
demo_matriz,19561,76388712,9413413
demo_matriz,19562,76388720,9413414
demo_matriz,19563,76388728,9413415
demo_matriz,19564,76388748,9413417
demo_matriz,19565,76388756,9413418
demo_matriz,19566,76388764,9413419
demo_matriz,19567,76388784,9413422
demo_matriz,19568,76388792,9413423
demo_matriz,19569,76388800,9413424
demo_matriz,19570,76388820,9413426
demo_matriz,19571,76388828,9413427
demo_matriz,19572,76388836,9413428
demo_matriz,19573,76388856,9413431
demo_matriz,19574,76388864,9413432
demo_matriz,19575,76388872,9413433
demo_matriz,19576,76388892,9413435
demo_matriz,19577,76388900,9413436
demo_matriz,19578,76388904,9413437
demo_matriz,19579,137422174408,17177636625
demo_matriz,19580,76388912,9413438
demo_matriz,19581,67294568,8276645
demo_matriz,19582,1083104,212
demo_matriz,19583,76374640,9411654
demo_matriz,19584,1083104,212
demo_matriz,19585,76374656,9411656
demo_matriz,19586,1083120,214
demo_matriz,19587,76374664,9411657
demo_matriz,19588,1083125,214
demo_matriz,19589,137422174312,17177636613
demo_matriz,19590,137422174392,17177636623
demo_matriz,19591,1083312,238
demo_matriz,19592,137422174400,17177636624
demo_matriz,19593,1083318,238
demo_matriz,19594,1083324,239
demo_matriz,19595,1083336,241
demo_matriz,19596,137422174384,17177636622
demo_matriz,19597,67343080,8282709
demo_matriz,19598,1083328,240
demo_matriz,19599,1083332,240
demo_matriz,19600,67344568,8282895
demo_matriz,19601,137422174376,17177636621
demo_matriz,19602,75736488,9331885
demo_matriz,19603,67336824,8281927
demo_matriz,19604,137422175640,17177636779
demo_matriz,19605,75736552,9331893
demo_matriz,19606,78458440,9672129
demo_matriz,19607,75737302,9331986
demo_matriz,19608,67336864,8281932
demo_matriz,19609,75736872,9331933
demo_matriz,19610,78458616,9672151
demo_matriz,19611,75736448,9331880
demo_matriz,19612,76387720,9413289
demo_matriz,19613,76387728,9413290
demo_matriz,19614,76387736,9413291
demo_matriz,19615,76387748,9413292
demo_matriz,19616,76387756,9413293
demo_matriz,19617,76387764,9413294
demo_matriz,19618,76387776,9413296
demo_matriz,19619,76387784,9413297
demo_matriz,19620,76387792,9413298
demo_matriz,19621,76387812,9413300
demo_matriz,19622,76387820,9413301
demo_matriz,19623,76387828,9413302
demo_matriz,19624,76387848,9413305
demo_matriz,19625,76387856,9413306
demo_matriz,19626,76387864,9413307
demo_matriz,19627,76387884,9413309
demo_matriz,19628,76387892,9413310
demo_matriz,19629,76387900,9413311
demo_matriz,19630,76387920,9413314
demo_matriz,19631,76387928,9413315
demo_matriz,19632,76387936,9413316
demo_matriz,19633,76387956,9413318
demo_matriz,19634,76387964,9413319
demo_matriz,19635,76387972,9413320
demo_matriz,19636,76387992,9413323
demo_matriz,19637,76388000,9413324
demo_matriz,19638,76388008,9413325
demo_matriz,19639,76388028,9413327
demo_matriz,19640,76388036,9413328
demo_matriz,19641,76388044,9413329
demo_matriz,19642,76388064,9413332
demo_matriz,19643,76388072,9413333
demo_matriz,19644,76388076,9413333
demo_matriz,19645,137422174408,17177636625
demo_matriz,19646,76388084,9413334
demo_matriz,19647,67294564,8276644
demo_matriz,19648,76374304,9411612
demo_matriz,19649,1083120,214
demo_matriz,19650,76374304,9411612
demo_matriz,19651,1083136,216
demo_matriz,19652,76374320,9411614
demo_matriz,19653,76374319,9411613
demo_matriz,19654,1083139,216
demo_matriz,19655,137422174312,17177636613
demo_matriz,19656,137422174392,17177636623
demo_matriz,19657,1083328,240
demo_matriz,19658,137422174400,17177636624
demo_matriz,19659,1083334,240
demo_matriz,19660,1083340,241
demo_matriz,19661,1083352,243
demo_matriz,19662,137422174384,17177636622
demo_matriz,19663,67343080,8282709
demo_matriz,19664,1083344,242
demo_matriz,19665,1083348,242
demo_matriz,19666,67344568,8282895
demo_matriz,19667,137422174376,17177636621
demo_matriz,19668,75736488,9331885
demo_matriz,19669,67336824,8281927
demo_matriz,19670,137422175640,17177636779
demo_matriz,19671,75736552,9331893
demo_matriz,19672,78458440,9672129
demo_matriz,19673,75737302,9331986
demo_matriz,19674,67336864,8281932
demo_matriz,19675,75736872,9331933
demo_matriz,19676,78458616,9672151
demo_matriz,19677,75736448,9331880
demo_matriz,19678,76387720,9413289
demo_matriz,19679,76387728,9413290
demo_matriz,19680,76387736,9413291
demo_matriz,19681,76387748,9413292
demo_matriz,19682,76387756,9413293
demo_matriz,19683,76387760,9413294
demo_matriz,19684,137422174408,17177636625
demo_matriz,19685,76387768,9413295
demo_matriz,19686,1083140,216
demo_matriz,19687,76374182,9411596
demo_matriz,19688,1083148,217
demo_matriz,19689,76374190,9411597
demo_matriz,19690,76374193,9411598
demo_matriz,19691,1083151,217
demo_matriz,19692,137422174312,17177636613
demo_matriz,19693,137422174392,17177636623
demo_matriz,19694,1083344,242
demo_matriz,19695,137422174400,17177636624
demo_matriz,19696,1083350,242
demo_matriz,19697,1083356,243
demo_matriz,19698,137422174344,17177636617
demo_matriz,19699,1083292,235
demo_matriz,19700,137422174320,17177636614
demo_matriz,19701,137422174384,17177636622
demo_matriz,19702,137422174328,17177636615
demo_matriz,19703,137422174408,17177636625
demo_matriz,19704,137422174408,17177636625
demo_matriz,19705,67336736,8281916
demo_matriz,19706,67336720,8281914
demo_matriz,19707,67342736,8282666
demo_matriz,19708,67342744,8282667
demo_matriz,19709,137422174280,17177636609
demo_matriz,19710,137422174288,17177636610
demo_matriz,19711,137422174296,17177636611
demo_matriz,19712,137422174304,17177636612
demo_matriz,19713,137422174312,17177636613
demo_matriz,19714,137422174400,17177636624
demo_matriz,19715,67343592,8282773
demo_matriz,19716,1097504,2012
demo_matriz,19717,67343926,8282814
demo_matriz,19718,67343072,8282708
demo_matriz,19719,1097472,2008
demo_matriz,19720,1083192,223
demo_matriz,19721,1083206,224
demo_matriz,19722,1083200,224
demo_matriz,19723,1083208,225
demo_matriz,19724,1083188,222
demo_matriz,19725,1083212,225
demo_matriz,19726,1083196,223
demo_matriz,19727,1083224,227
demo_matriz,19728,1083238,228
demo_matriz,19729,1083232,228
demo_matriz,19730,1083240,229
demo_matriz,19731,1083220,226
demo_matriz,19732,1083244,229
demo_matriz,19733,1083254,230
demo_matriz,19734,1083248,230
demo_matriz,19735,1083256,231
demo_matriz,19736,1083220,226
demo_matriz,19737,1083260,231
demo_matriz,19738,1083270,232
demo_matriz,19739,1083264,232
demo_matriz,19740,1083272,233
demo_matriz,19741,1083220,226
demo_matriz,19742,1083276,233
demo_matriz,19743,1083228,227
demo_matriz,19744,1083288,235
demo_matriz,19745,1083302,236
demo_matriz,19746,1083296,236
demo_matriz,19747,1083304,237
demo_matriz,19748,1083284,234
demo_matriz,19749,1083308,237
demo_matriz,19750,1083318,238
demo_matriz,19751,1083312,238
demo_matriz,19752,1083320,239
demo_matriz,19753,1083284,234
demo_matriz,19754,1083324,239
demo_matriz,19755,1083334,240
demo_matriz,19756,1083328,240
demo_matriz,19757,1083336,241
demo_matriz,19758,1083284,234
demo_matriz,19759,1083340,241
demo_matriz,19760,1083350,242
demo_matriz,19761,1083344,242
demo_matriz,19762,1083352,243
demo_matriz,19763,1083284,234
demo_matriz,19764,1083356,243
demo_matriz,19765,1083292,235
demo_matriz,19766,67343144,8282717
demo_matriz,19767,67343424,8282752
demo_matriz,19768,137422174336,17177636616
demo_matriz,19769,137422174488,17177636635
demo_matriz,19770,137422174496,17177636636
demo_matriz,19771,137422174504,17177636637
demo_matriz,19772,137422174512,17177636638
demo_matriz,19773,137422174520,17177636639
demo_matriz,19774,137422174528,17177636640
demo_matriz,19775,137422174536,17177636641
demo_matriz,19776,67343096,8282711
demo_matriz,19777,75735893,9331810
demo_matriz,19778,75735144,9331717
demo_matriz,19779,75759312,9334738
demo_matriz,19780,75735894,9331810
demo_matriz,19781,75735448,9331755
demo_matriz,19782,75735464,9331757
demo_matriz,19783,137422174336,17177636616
demo_matriz,19784,137422174488,17177636635
demo_matriz,19785,137422174496,17177636636
demo_matriz,19786,137422174504,17177636637
demo_matriz,19787,137422174512,17177636638
demo_matriz,19788,137422174520,17177636639
demo_matriz,19789,137422174528,17177636640
demo_matriz,19790,137422174536,17177636641
demo_matriz,19791,75735064,9331707
demo_matriz,19792,75737301,9331986
demo_matriz,19793,75736552,9331893
demo_matriz,19794,78458440,9672129
demo_matriz,19795,75737302,9331986
demo_matriz,19796,75736856,9331931
demo_matriz,19797,75736872,9331933
demo_matriz,19798,78458648,9672155
demo_matriz,19799,75736448,9331880
demo_matriz,19800,76389592,9413523
demo_matriz,19801,137422174384,17177636622
demo_matriz,19802,76389596,9413523
demo_matriz,19803,75736496,9331886
demo_matriz,19804,67338240,8282104
demo_matriz,19805,67343080,8282709
demo_matriz,19806,67294548,8276642
demo_matriz,19807,76374112,9411588
demo_matriz,19808,67344560,8282894
demo_matriz,19809,67344568,8282895
demo_matriz,19810,76374112,9411588
demo_matriz,19811,137422174280,17177636609
demo_matriz,19812,67343128,8282715
demo_matriz,19813,67344544,8282892
demo_matriz,19814,67294548,8276642
demo_matriz,19815,76374112,9411588
demo_matriz,19816,67344560,8282894
demo_matriz,19817,67344568,8282895
demo_matriz,19818,76374112,9411588
demo_matriz,19819,137422174280,17177636609
demo_matriz,19820,67344552,8282893
demo_matriz,19821,137422174288,17177636610
demo_matriz,19822,137422174296,17177636611
demo_matriz,19823,137422174304,17177636612
demo_matriz,19824,137422174312,17177636613
demo_matriz,19825,67343096,8282711
demo_matriz,19826,75735048,9331705
demo_matriz,19827,76374112,9411588
demo_matriz,19828,67345184,8282972
demo_matriz,19829,76374120,9411589
demo_matriz,19830,67345192,8282973
demo_matriz,19831,67345184,8282972
demo_matriz,19832,76374112,9411588
demo_matriz,19833,137422174280,17177636609
demo_matriz,19834,75735096,9331711
demo_matriz,19835,75736256,9331856
demo_matriz,19836,76374112,9411588
demo_matriz,19837,75736280,9331859
demo_matriz,19838,76374120,9411589
demo_matriz,19839,75736288,9331860
demo_matriz,19840,75736280,9331859
demo_matriz,19841,76374112,9411588
demo_matriz,19842,137422174280,17177636609
demo_matriz,19843,75736264,9331857
demo_matriz,19844,137422174288,17177636610
demo_matriz,19845,137422174296,17177636611
demo_matriz,19846,137422174304,17177636612
demo_matriz,19847,137422174312,17177636613
demo_matriz,19848,75735064,9331707
demo_matriz,19849,75736456,9331881
demo_matriz,19850,76374112,9411588
demo_matriz,19851,75736400,9331874
demo_matriz,19852,76374120,9411589
demo_matriz,19853,75736408,9331875
demo_matriz,19854,75736400,9331874
demo_matriz,19855,76374112,9411588
demo_matriz,19856,137422174280,17177636609
demo_matriz,19857,75736504,9331887
demo_matriz,19858,75737664,9332032
demo_matriz,19859,76374112,9411588
demo_matriz,19860,75737688,9332035
demo_matriz,19861,76374120,9411589
demo_matriz,19862,75737696,9332036
demo_matriz,19863,75737691,9332035
demo_matriz,19864,76374115,9411588
demo_matriz,19865,137422174280,17177636609
demo_matriz,19866,75737672,9332033
demo_matriz,19867,137422174288,17177636610
demo_matriz,19868,137422174296,17177636611
demo_matriz,19869,137422174304,17177636612
demo_matriz,19870,137422174312,17177636613
demo_matriz,19871,75736472,9331883
demo_matriz,19872,75737816,9332051
demo_matriz,19873,76374112,9411588
demo_matriz,19874,75737760,9332044
demo_matriz,19875,76374120,9411589
demo_matriz,19876,75737768,9332045
demo_matriz,19877,75737760,9332044
demo_matriz,19878,76374112,9411588
demo_matriz,19879,137422174280,17177636609
demo_matriz,19880,75737864,9332057
demo_matriz,19881,75739024,9332202
demo_matriz,19882,76374112,9411588
demo_matriz,19883,75739048,9332205
demo_matriz,19884,76374120,9411589
demo_matriz,19885,75739056,9332206
demo_matriz,19886,75739051,9332205
demo_matriz,19887,76374115,9411588
demo_matriz,19888,137422174280,17177636609
demo_matriz,19889,75739032,9332203
demo_matriz,19890,137422174288,17177636610
demo_matriz,19891,137422174296,17177636611
demo_matriz,19892,137422174304,17177636612
demo_matriz,19893,137422174312,17177636613
demo_matriz,19894,75737832,9332053
demo_matriz,19895,75739160,9332219
demo_matriz,19896,76374112,9411588
demo_matriz,19897,75739120,9332214
demo_matriz,19898,76374120,9411589
demo_matriz,19899,75739128,9332215
demo_matriz,19900,75739120,9332214
demo_matriz,19901,76374112,9411588
demo_matriz,19902,137422174280,17177636609
demo_matriz,19903,75739208,9332225
demo_matriz,19904,75740368,9332370
demo_matriz,19905,76374112,9411588
demo_matriz,19906,75740392,9332373
demo_matriz,19907,76374120,9411589
demo_matriz,19908,75740400,9332374
demo_matriz,19909,75740395,9332373
demo_matriz,19910,76374115,9411588
demo_matriz,19911,137422174280,17177636609
demo_matriz,19912,75740376,9332371
demo_matriz,19913,137422174288,17177636610
demo_matriz,19914,137422174296,17177636611
demo_matriz,19915,137422174304,17177636612
demo_matriz,19916,137422174312,17177636613
demo_matriz,19917,75739176,9332221
demo_matriz,19918,75740520,9332389
demo_matriz,19919,76374112,9411588
demo_matriz,19920,75740480,9332384
demo_matriz,19921,76374120,9411589
demo_matriz,19922,75740488,9332385
demo_matriz,19923,75740480,9332384
demo_matriz,19924,76374112,9411588
demo_matriz,19925,137422174280,17177636609
demo_matriz,19926,75740568,9332395
demo_matriz,19927,75741728,9332540
demo_matriz,19928,67294548,8276642
demo_matriz,19929,76374112,9411588
demo_matriz,19930,75741744,9332542
demo_matriz,19931,76374112,9411588
demo_matriz,19932,75741760,9332544
demo_matriz,19933,76374128,9411590
demo_matriz,19934,75741761,9332544
demo_matriz,19935,76374121,9411589
demo_matriz,19936,137422174280,17177636609
demo_matriz,19937,137422174288,17177636610
demo_matriz,19938,137422174296,17177636611
demo_matriz,19939,137422174304,17177636612
demo_matriz,19940,137422174312,17177636613
demo_matriz,19941,137422174340,17177636616
demo_matriz,19942,76389600,9413524
demo_matriz,19943,137422174408,17177636625
demo_matriz,19944,76389616,9413526
demo_matriz,19945,137422174384,17177636622
demo_matriz,19946,75736456,9331881
demo_matriz,19947,76389608,9413525
demo_matriz,19948,76389612,9413525
demo_matriz,19949,75736400,9331874
demo_matriz,19950,137422174376,17177636621
demo_matriz,19951,75740552,9332393
demo_matriz,19952,75740616,9332401
demo_matriz,19953,81800392,10089873
demo_matriz,19954,75741366,9332494
demo_matriz,19955,67336864,8281932
demo_matriz,19956,75740936,9332441
demo_matriz,19957,81800616,10089901
demo_matriz,19958,75740512,9332388
demo_matriz,19959,80912416,9978876
demo_matriz,19960,80912424,9978877
demo_matriz,19961,80912432,9978878
demo_matriz,19962,80912444,9978879
demo_matriz,19963,80912452,9978880
demo_matriz,19964,80912456,9978881
demo_matriz,19965,137422174408,17177636625
demo_matriz,19966,80912464,9978882
demo_matriz,19967,76374920,9411689
demo_matriz,19968,80909760,9978544
demo_matriz,19969,76374928,9411690
demo_matriz,19970,80909768,9978545
demo_matriz,19971,80909771,9978545
demo_matriz,19972,76374931,9411690
demo_matriz,19973,137422174312,17177636613
demo_matriz,19974,137422174392,17177636623
demo_matriz,19975,76389608,9413525
demo_matriz,19976,137422174400,17177636624
demo_matriz,19977,76389614,9413525
demo_matriz,19978,76389620,9413526
demo_matriz,19979,137422174344,17177636617
demo_matriz,19980,76389604,9413524
demo_matriz,19981,137422174384,17177636622
demo_matriz,19982,76389628,9413527
demo_matriz,19983,75736496,9331886
demo_matriz,19984,67338240,8282104
demo_matriz,19985,67343080,8282709
demo_matriz,19986,67294564,8276644
demo_matriz,19987,76374128,9411590
demo_matriz,19988,67344560,8282894
demo_matriz,19989,67344568,8282895
demo_matriz,19990,76374132,9411590
demo_matriz,19991,137422174280,17177636609
demo_matriz,19992,67343128,8282715
demo_matriz,19993,67344544,8282892
demo_matriz,19994,67294564,8276644
demo_matriz,19995,76374128,9411590
demo_matriz,19996,67344560,8282894
demo_matriz,19997,67344568,8282895
demo_matriz,19998,76374132,9411590
demo_matriz,19999,137422174280,17177636609
demo_matriz,20000,67344552,8282893
demo_matriz,20001,137422174288,17177636610
demo_matriz,20002,137422174296,17177636611
demo_matriz,20003,137422174304,17177636612
demo_matriz,20004,137422174312,17177636613
demo_matriz,20005,67343096,8282711
demo_matriz,20006,75735048,9331705
demo_matriz,20007,67294564,8276644
demo_matriz,20008,67345184,8282972
demo_matriz,20009,76374128,9411590
demo_matriz,20010,67345184,8282972
demo_matriz,20011,76374132,9411590
demo_matriz,20012,137422174280,17177636609
demo_matriz,20013,75735096,9331711
demo_matriz,20014,75736256,9331856
demo_matriz,20015,67294564,8276644
demo_matriz,20016,76374128,9411590
demo_matriz,20017,75736272,9331858
demo_matriz,20018,75736280,9331859
demo_matriz,20019,76374132,9411590
demo_matriz,20020,137422174280,17177636609
demo_matriz,20021,75736264,9331857
demo_matriz,20022,137422174288,17177636610
demo_matriz,20023,137422174296,17177636611
demo_matriz,20024,137422174304,17177636612
demo_matriz,20025,137422174312,17177636613
demo_matriz,20026,75735064,9331707
demo_matriz,20027,75736456,9331881
demo_matriz,20028,67294564,8276644
demo_matriz,20029,75736400,9331874
demo_matriz,20030,76374128,9411590
demo_matriz,20031,75736400,9331874
demo_matriz,20032,76374132,9411590
demo_matriz,20033,137422174280,17177636609
demo_matriz,20034,75736504,9331887
demo_matriz,20035,75737664,9332032
demo_matriz,20036,67294564,8276644
demo_matriz,20037,76374128,9411590
demo_matriz,20038,75737680,9332034
demo_matriz,20039,75737689,9332035
demo_matriz,20040,76374133,9411590
demo_matriz,20041,137422174280,17177636609
demo_matriz,20042,75737672,9332033
demo_matriz,20043,137422174288,17177636610
demo_matriz,20044,137422174296,17177636611
demo_matriz,20045,137422174304,17177636612
demo_matriz,20046,137422174312,17177636613
demo_matriz,20047,75736472,9331883
demo_matriz,20048,75737816,9332051
demo_matriz,20049,67294564,8276644
demo_matriz,20050,75737760,9332044
demo_matriz,20051,76374128,9411590
demo_matriz,20052,75737760,9332044
demo_matriz,20053,76374132,9411590
demo_matriz,20054,137422174280,17177636609
demo_matriz,20055,75737864,9332057
demo_matriz,20056,75739024,9332202
demo_matriz,20057,67294564,8276644
demo_matriz,20058,76374128,9411590
demo_matriz,20059,75739040,9332204
demo_matriz,20060,75739049,9332205
demo_matriz,20061,76374133,9411590
demo_matriz,20062,137422174280,17177636609
demo_matriz,20063,75739032,9332203
demo_matriz,20064,137422174288,17177636610
demo_matriz,20065,137422174296,17177636611
demo_matriz,20066,137422174304,17177636612
demo_matriz,20067,137422174312,17177636613
demo_matriz,20068,75737832,9332053
demo_matriz,20069,75739160,9332219
demo_matriz,20070,67294564,8276644
demo_matriz,20071,75739120,9332214
demo_matriz,20072,76374128,9411590
demo_matriz,20073,75739120,9332214
demo_matriz,20074,76374132,9411590
demo_matriz,20075,137422174280,17177636609
demo_matriz,20076,75739208,9332225
demo_matriz,20077,75740368,9332370
demo_matriz,20078,67294564,8276644
demo_matriz,20079,76374128,9411590
demo_matriz,20080,75740384,9332372
demo_matriz,20081,75740393,9332373
demo_matriz,20082,76374133,9411590
demo_matriz,20083,137422174280,17177636609
demo_matriz,20084,75740376,9332371
demo_matriz,20085,137422174288,17177636610
demo_matriz,20086,137422174296,17177636611
demo_matriz,20087,137422174304,17177636612
demo_matriz,20088,137422174312,17177636613
demo_matriz,20089,75739176,9332221
demo_matriz,20090,75740520,9332389
demo_matriz,20091,67294564,8276644
demo_matriz,20092,75740480,9332384
demo_matriz,20093,76374128,9411590
demo_matriz,20094,75740480,9332384
demo_matriz,20095,76374132,9411590
demo_matriz,20096,137422174280,17177636609
demo_matriz,20097,75740568,9332395
demo_matriz,20098,75741728,9332540
demo_matriz,20099,67294564,8276644
demo_matriz,20100,76374128,9411590
demo_matriz,20101,75741744,9332542
demo_matriz,20102,75741753,9332543
demo_matriz,20103,76374133,9411590
demo_matriz,20104,137422174280,17177636609
demo_matriz,20105,75741736,9332541
demo_matriz,20106,137422174288,17177636610
demo_matriz,20107,137422174296,17177636611
demo_matriz,20108,137422174304,17177636612
demo_matriz,20109,137422174312,17177636613
demo_matriz,20110,75740536,9332391
demo_matriz,20111,67340984,8282447
demo_matriz,20112,67294564,8276644
demo_matriz,20113,76374128,9411590
demo_matriz,20114,1082128,90
demo_matriz,20115,1082136,91
demo_matriz,20116,76374132,9411590
demo_matriz,20117,137422174280,17177636609
demo_matriz,20118,67341032,8282453
demo_matriz,20119,67342976,8282696
demo_matriz,20120,67294564,8276644
demo_matriz,20121,76374128,9411590
demo_matriz,20122,1082128,90
demo_matriz,20123,1082136,91
demo_matriz,20124,76374132,9411590
demo_matriz,20125,137422174280,17177636609
demo_matriz,20126,67342984,8282697
demo_matriz,20127,67342912,8282688
demo_matriz,20128,67294568,8276645
demo_matriz,20129,67111872,8253808
demo_matriz,20130,76374128,9411590
demo_matriz,20131,67111872,8253808
demo_matriz,20132,76374144,9411592
demo_matriz,20133,67111888,8253810
demo_matriz,20134,67111893,8253810
demo_matriz,20135,76374152,9411593
demo_matriz,20136,137422174280,17177636609
demo_matriz,20137,137422174288,17177636610
demo_matriz,20138,137422174296,17177636611
demo_matriz,20139,137422174304,17177636612
demo_matriz,20140,137422174312,17177636613
demo_matriz,20141,137422174340,17177636616
demo_matriz,20142,76389632,9413528
demo_matriz,20143,137422174408,17177636625
demo_matriz,20144,76389648,9413530
demo_matriz,20145,137422174384,17177636622
demo_matriz,20146,75736456,9331881
demo_matriz,20147,76389640,9413529
demo_matriz,20148,76389644,9413529
demo_matriz,20149,75736400,9331874
demo_matriz,20150,137422174376,17177636621
demo_matriz,20151,67341016,8282451
demo_matriz,20152,67341080,8282459
demo_matriz,20153,67337872,8282058
demo_matriz,20154,67341830,8282552
demo_matriz,20155,67336864,8281932
demo_matriz,20156,67341400,8282499
demo_matriz,20157,67337984,8282072
demo_matriz,20158,67340976,8282446
demo_matriz,20159,67112048,8253830
demo_matriz,20160,67112056,8253831
demo_matriz,20161,67112064,8253832
demo_matriz,20162,67112076,8253833
demo_matriz,20163,67112084,8253834
demo_matriz,20164,67112092,8253835
demo_matriz,20165,67112104,8253837
demo_matriz,20166,67112112,8253838
demo_matriz,20167,67112116,8253838
demo_matriz,20168,137422174408,17177636625
demo_matriz,20169,67112124,8253839
demo_matriz,20170,76374932,9411690
demo_matriz,20171,67111906,8253812
demo_matriz,20172,76374940,9411691
demo_matriz,20173,67111914,8253813
demo_matriz,20174,67111915,8253813
demo_matriz,20175,76374941,9411691
demo_matriz,20176,137422174312,17177636613
demo_matriz,20177,137422174392,17177636623
demo_matriz,20178,76389640,9413529
demo_matriz,20179,137422174400,17177636624
demo_matriz,20180,76389646,9413529
demo_matriz,20181,76389652,9413530
demo_matriz,20182,137422174344,17177636617
demo_matriz,20183,76389636,9413528
demo_matriz,20184,137422174384,17177636622
demo_matriz,20185,76389660,9413531
demo_matriz,20186,75736496,9331886
demo_matriz,20187,67338240,8282104
demo_matriz,20188,67343080,8282709
demo_matriz,20189,67294576,8276646
demo_matriz,20190,67344560,8282894
demo_matriz,20191,76374144,9411592
demo_matriz,20192,67344568,8282895
demo_matriz,20193,76374153,9411593
demo_matriz,20194,137422174280,17177636609
demo_matriz,20195,67343128,8282715
demo_matriz,20196,67344544,8282892
demo_matriz,20197,67294576,8276646
demo_matriz,20198,67344560,8282894
demo_matriz,20199,76374144,9411592
demo_matriz,20200,67344568,8282895
demo_matriz,20201,76374153,9411593
demo_matriz,20202,137422174280,17177636609
demo_matriz,20203,67344552,8282893
demo_matriz,20204,137422174288,17177636610
demo_matriz,20205,137422174296,17177636611
demo_matriz,20206,137422174304,17177636612
demo_matriz,20207,137422174312,17177636613
demo_matriz,20208,67343096,8282711
demo_matriz,20209,75735048,9331705
demo_matriz,20210,76374153,9411593
demo_matriz,20211,67345184,8282972
demo_matriz,20212,76374161,9411594
demo_matriz,20213,67345192,8282973
demo_matriz,20214,67345184,8282972
demo_matriz,20215,76374153,9411593
demo_matriz,20216,137422174280,17177636609
demo_matriz,20217,75735096,9331711
demo_matriz,20218,75736256,9331856
demo_matriz,20219,76374153,9411593
demo_matriz,20220,75736280,9331859
demo_matriz,20221,76374161,9411594
demo_matriz,20222,75736288,9331860
demo_matriz,20223,75736280,9331859
demo_matriz,20224,76374153,9411593
demo_matriz,20225,137422174280,17177636609
demo_matriz,20226,75736264,9331857
demo_matriz,20227,137422174288,17177636610
demo_matriz,20228,137422174296,17177636611
demo_matriz,20229,137422174304,17177636612
demo_matriz,20230,137422174312,17177636613
demo_matriz,20231,75735064,9331707
demo_matriz,20232,75736456,9331881
demo_matriz,20233,76374153,9411593
demo_matriz,20234,75736400,9331874
demo_matriz,20235,76374161,9411594
demo_matriz,20236,75736408,9331875
demo_matriz,20237,75736400,9331874
demo_matriz,20238,76374153,9411593
demo_matriz,20239,137422174280,17177636609
demo_matriz,20240,75736504,9331887
demo_matriz,20241,75737664,9332032
demo_matriz,20242,76374153,9411593
demo_matriz,20243,75737688,9332035
demo_matriz,20244,76374161,9411594
demo_matriz,20245,75737696,9332036
demo_matriz,20246,75737691,9332035
demo_matriz,20247,76374156,9411593
demo_matriz,20248,137422174280,17177636609
demo_matriz,20249,75737672,9332033
demo_matriz,20250,137422174288,17177636610
demo_matriz,20251,137422174296,17177636611
demo_matriz,20252,137422174304,17177636612
demo_matriz,20253,137422174312,17177636613
demo_matriz,20254,75736472,9331883
demo_matriz,20255,75737816,9332051
demo_matriz,20256,76374153,9411593
demo_matriz,20257,75737760,9332044
demo_matriz,20258,76374161,9411594
demo_matriz,20259,75737768,9332045
demo_matriz,20260,75737760,9332044
demo_matriz,20261,76374153,9411593
demo_matriz,20262,137422174280,17177636609
demo_matriz,20263,75737864,9332057
demo_matriz,20264,75739024,9332202
demo_matriz,20265,76374153,9411593
demo_matriz,20266,75739048,9332205
demo_matriz,20267,76374161,9411594
demo_matriz,20268,75739056,9332206
demo_matriz,20269,75739061,9332206
demo_matriz,20270,76374166,9411594
demo_matriz,20271,137422174280,17177636609
demo_matriz,20272,137422174288,17177636610
demo_matriz,20273,137422174296,17177636611
demo_matriz,20274,137422174304,17177636612
demo_matriz,20275,137422174312,17177636613
demo_matriz,20276,137422174340,17177636616
demo_matriz,20277,76389664,9413532
demo_matriz,20278,137422174408,17177636625
demo_matriz,20279,76389680,9413534
demo_matriz,20280,137422174384,17177636622
demo_matriz,20281,75736456,9331881
demo_matriz,20282,76389672,9413533
demo_matriz,20283,76389676,9413533
demo_matriz,20284,75736400,9331874
demo_matriz,20285,137422174376,17177636621
demo_matriz,20286,75737848,9332055
demo_matriz,20287,75737912,9332063
demo_matriz,20288,78675544,9699267
demo_matriz,20289,75738662,9332156
demo_matriz,20290,67336864,8281932
demo_matriz,20291,75738232,9332103
demo_matriz,20292,78675720,9699289
demo_matriz,20293,75737808,9332050
demo_matriz,20294,78503360,9677744
demo_matriz,20295,78503368,9677745
demo_matriz,20296,78503376,9677746
demo_matriz,20297,78503388,9677747
demo_matriz,20298,78503396,9677748
demo_matriz,20299,78503404,9677749
demo_matriz,20300,78503416,9677751
demo_matriz,20301,78503424,9677752
demo_matriz,20302,78503432,9677753
demo_matriz,20303,78503452,9677755
demo_matriz,20304,78503460,9677756
demo_matriz,20305,78503468,9677757
demo_matriz,20306,78503488,9677760
demo_matriz,20307,78503496,9677761
demo_matriz,20308,78503504,9677762
demo_matriz,20309,78503524,9677764
demo_matriz,20310,78503532,9677765
demo_matriz,20311,78503540,9677766
demo_matriz,20312,78503560,9677769
demo_matriz,20313,78503568,9677770
demo_matriz,20314,78503576,9677771
demo_matriz,20315,78503596,9677773
demo_matriz,20316,78503604,9677774
demo_matriz,20317,78503612,9677775
demo_matriz,20318,78503632,9677778
demo_matriz,20319,78503640,9677779
demo_matriz,20320,78503644,9677779
demo_matriz,20321,137422174408,17177636625
demo_matriz,20322,78503652,9677780
demo_matriz,20323,76374942,9411691
demo_matriz,20324,78502742,9677666
demo_matriz,20325,76374950,9411692
demo_matriz,20326,78502750,9677667
demo_matriz,20327,78502751,9677667
demo_matriz,20328,76374951,9411692
demo_matriz,20329,137422174312,17177636613
demo_matriz,20330,137422174392,17177636623
demo_matriz,20331,76389672,9413533
demo_matriz,20332,137422174400,17177636624
demo_matriz,20333,76389678,9413533
demo_matriz,20334,76389684,9413534
demo_matriz,20335,76389696,9413536
demo_matriz,20336,137422174384,17177636622
demo_matriz,20337,75736456,9331881
demo_matriz,20338,76389688,9413535
demo_matriz,20339,76389692,9413535
demo_matriz,20340,75736400,9331874
demo_matriz,20341,137422174376,17177636621
demo_matriz,20342,75737848,9332055
demo_matriz,20343,75737912,9332063
demo_matriz,20344,78675544,9699267
demo_matriz,20345,75738662,9332156
demo_matriz,20346,67336864,8281932
demo_matriz,20347,75738232,9332103
demo_matriz,20348,78675720,9699289
demo_matriz,20349,75737808,9332050
demo_matriz,20350,78503360,9677744
demo_matriz,20351,78503368,9677745
demo_matriz,20352,78503376,9677746
demo_matriz,20353,78503388,9677747
demo_matriz,20354,78503396,9677748
demo_matriz,20355,78503404,9677749
demo_matriz,20356,78503416,9677751
demo_matriz,20357,78503424,9677752
demo_matriz,20358,78503428,9677752
demo_matriz,20359,137422174408,17177636625
demo_matriz,20360,78503436,9677753
demo_matriz,20361,76374952,9411693
demo_matriz,20362,78502686,9677659
demo_matriz,20363,76374960,9411694
demo_matriz,20364,78502694,9677660
demo_matriz,20365,78502693,9677660
demo_matriz,20366,76374959,9411693
demo_matriz,20367,137422174312,17177636613
demo_matriz,20368,137422174392,17177636623
demo_matriz,20369,76389688,9413535
demo_matriz,20370,137422174400,17177636624
demo_matriz,20371,76389694,9413535
demo_matriz,20372,76389700,9413536
demo_matriz,20373,76389712,9413538
demo_matriz,20374,137422174384,17177636622
demo_matriz,20375,75736456,9331881
demo_matriz,20376,76389704,9413537
demo_matriz,20377,76389708,9413537
demo_matriz,20378,75736400,9331874
demo_matriz,20379,137422174376,17177636621
demo_matriz,20380,75737848,9332055
demo_matriz,20381,75737912,9332063
demo_matriz,20382,78675544,9699267
demo_matriz,20383,75738662,9332156
demo_matriz,20384,67336864,8281932
demo_matriz,20385,75738232,9332103
demo_matriz,20386,78675720,9699289
demo_matriz,20387,75737808,9332050
demo_matriz,20388,78503360,9677744
demo_matriz,20389,78503368,9677745
demo_matriz,20390,78503376,9677746
demo_matriz,20391,78503388,9677747
demo_matriz,20392,78503396,9677748
demo_matriz,20393,78503404,9677749
demo_matriz,20394,78503416,9677751
demo_matriz,20395,78503424,9677752
demo_matriz,20396,78503432,9677753
demo_matriz,20397,78503452,9677755
demo_matriz,20398,78503460,9677756
demo_matriz,20399,78503468,9677757
demo_matriz,20400,78503488,9677760
demo_matriz,20401,78503496,9677761
demo_matriz,20402,78503504,9677762
demo_matriz,20403,78503524,9677764
demo_matriz,20404,78503532,9677765
demo_matriz,20405,78503540,9677766
demo_matriz,20406,78503560,9677769
demo_matriz,20407,78503568,9677770
demo_matriz,20408,78503576,9677771
demo_matriz,20409,78503596,9677773
demo_matriz,20410,78503604,9677774
demo_matriz,20411,78503612,9677775
demo_matriz,20412,78503632,9677778
demo_matriz,20413,78503640,9677779
demo_matriz,20414,78503648,9677780
demo_matriz,20415,78503668,9677782
demo_matriz,20416,78503676,9677783
demo_matriz,20417,78503680,9677784
demo_matriz,20418,137422174408,17177636625
demo_matriz,20419,78503688,9677785
demo_matriz,20420,76374960,9411694
demo_matriz,20421,78502752,9677668
demo_matriz,20422,76374968,9411695
demo_matriz,20423,78502760,9677669
demo_matriz,20424,78502761,9677669
demo_matriz,20425,76374969,9411695
demo_matriz,20426,137422174312,17177636613
demo_matriz,20427,137422174392,17177636623
demo_matriz,20428,76389704,9413537
demo_matriz,20429,137422174400,17177636624
demo_matriz,20430,76389710,9413537
demo_matriz,20431,76389716,9413538
demo_matriz,20432,76389728,9413540
demo_matriz,20433,137422174384,17177636622
demo_matriz,20434,75736456,9331881
demo_matriz,20435,76389720,9413539
demo_matriz,20436,76389724,9413539
demo_matriz,20437,75736400,9331874
demo_matriz,20438,137422174376,17177636621
demo_matriz,20439,75737848,9332055
demo_matriz,20440,75737912,9332063
demo_matriz,20441,78675544,9699267
demo_matriz,20442,75738662,9332156
demo_matriz,20443,67336864,8281932
demo_matriz,20444,75738232,9332103
demo_matriz,20445,78675720,9699289
demo_matriz,20446,75737808,9332050
demo_matriz,20447,78503360,9677744
demo_matriz,20448,78503368,9677745
demo_matriz,20449,78503376,9677746
demo_matriz,20450,78503388,9677747
demo_matriz,20451,78503396,9677748
demo_matriz,20452,78503400,9677749
demo_matriz,20453,137422174408,17177636625
demo_matriz,20454,78503408,9677750
demo_matriz,20455,67294564,8276644
demo_matriz,20456,78502672,9677658
demo_matriz,20457,76374960,9411694
demo_matriz,20458,78502672,9677658
demo_matriz,20459,76374976,9411696
demo_matriz,20460,78502688,9677660
demo_matriz,20461,78502685,9677659
demo_matriz,20462,76374977,9411696
demo_matriz,20463,137422174312,17177636613
demo_matriz,20464,137422174392,17177636623
demo_matriz,20465,76389720,9413539
demo_matriz,20466,137422174400,17177636624
demo_matriz,20467,76389726,9413539
demo_matriz,20468,76389732,9413540
demo_matriz,20469,137422174344,17177636617
demo_matriz,20470,76389668,9413532
demo_matriz,20471,137422174384,17177636622
demo_matriz,20472,76389740,9413541
demo_matriz,20473,75736496,9331886
demo_matriz,20474,67338240,8282104
demo_matriz,20475,67343080,8282709
demo_matriz,20476,67294572,8276645
demo_matriz,20477,67344560,8282894
demo_matriz,20478,76374112,9411588
demo_matriz,20479,67344568,8282895
demo_matriz,20480,76374122,9411589
demo_matriz,20481,137422174280,17177636609
demo_matriz,20482,67343128,8282715
demo_matriz,20483,67344544,8282892
demo_matriz,20484,67294572,8276645
demo_matriz,20485,67344560,8282894
demo_matriz,20486,76374112,9411588
demo_matriz,20487,67344568,8282895
demo_matriz,20488,76374122,9411589
demo_matriz,20489,137422174280,17177636609
demo_matriz,20490,67344552,8282893
demo_matriz,20491,137422174288,17177636610
demo_matriz,20492,137422174296,17177636611
demo_matriz,20493,137422174304,17177636612
demo_matriz,20494,137422174312,17177636613
demo_matriz,20495,67343096,8282711
demo_matriz,20496,75735048,9331705
demo_matriz,20497,76374122,9411589
demo_matriz,20498,67345184,8282972
demo_matriz,20499,76374130,9411590
demo_matriz,20500,67345192,8282973
demo_matriz,20501,67345184,8282972
demo_matriz,20502,76374122,9411589
demo_matriz,20503,137422174280,17177636609
demo_matriz,20504,75735096,9331711
demo_matriz,20505,75736256,9331856
demo_matriz,20506,76374122,9411589
demo_matriz,20507,75736280,9331859
demo_matriz,20508,76374130,9411590
demo_matriz,20509,75736288,9331860
demo_matriz,20510,75736280,9331859
demo_matriz,20511,76374122,9411589
demo_matriz,20512,137422174280,17177636609
demo_matriz,20513,75736264,9331857
demo_matriz,20514,137422174288,17177636610
demo_matriz,20515,137422174296,17177636611
demo_matriz,20516,137422174304,17177636612
demo_matriz,20517,137422174312,17177636613
demo_matriz,20518,75735064,9331707
demo_matriz,20519,75736456,9331881
demo_matriz,20520,76374122,9411589
demo_matriz,20521,75736400,9331874
demo_matriz,20522,76374130,9411590
demo_matriz,20523,75736408,9331875
demo_matriz,20524,75736400,9331874
demo_matriz,20525,76374122,9411589
demo_matriz,20526,137422174280,17177636609
demo_matriz,20527,75736504,9331887
demo_matriz,20528,75737664,9332032
demo_matriz,20529,76374122,9411589
demo_matriz,20530,75737688,9332035
demo_matriz,20531,76374130,9411590
demo_matriz,20532,75737696,9332036
demo_matriz,20533,75737691,9332035
demo_matriz,20534,76374125,9411589
demo_matriz,20535,137422174280,17177636609
demo_matriz,20536,75737672,9332033
demo_matriz,20537,137422174288,17177636610
demo_matriz,20538,137422174296,17177636611
demo_matriz,20539,137422174304,17177636612
demo_matriz,20540,137422174312,17177636613
demo_matriz,20541,75736472,9331883
demo_matriz,20542,75737816,9332051
demo_matriz,20543,76374122,9411589
demo_matriz,20544,75737760,9332044
demo_matriz,20545,76374130,9411590
demo_matriz,20546,75737768,9332045
demo_matriz,20547,75737760,9332044
demo_matriz,20548,76374122,9411589
demo_matriz,20549,137422174280,17177636609
demo_matriz,20550,75737864,9332057
demo_matriz,20551,75739024,9332202
demo_matriz,20552,76374122,9411589
demo_matriz,20553,75739048,9332205
demo_matriz,20554,76374130,9411590
demo_matriz,20555,75739056,9332206
demo_matriz,20556,75739051,9332205
demo_matriz,20557,76374125,9411589
demo_matriz,20558,137422174280,17177636609
demo_matriz,20559,75739032,9332203
demo_matriz,20560,137422174288,17177636610
demo_matriz,20561,137422174296,17177636611
demo_matriz,20562,137422174304,17177636612
demo_matriz,20563,137422174312,17177636613
demo_matriz,20564,75737832,9332053
demo_matriz,20565,75739160,9332219
demo_matriz,20566,76374122,9411589
demo_matriz,20567,75739120,9332214
demo_matriz,20568,76374130,9411590
demo_matriz,20569,75739128,9332215
demo_matriz,20570,75739120,9332214
demo_matriz,20571,76374122,9411589
demo_matriz,20572,137422174280,17177636609
demo_matriz,20573,75739208,9332225
demo_matriz,20574,75740368,9332370
demo_matriz,20575,76374122,9411589
demo_matriz,20576,75740392,9332373
demo_matriz,20577,76374130,9411590
demo_matriz,20578,75740400,9332374
demo_matriz,20579,75740401,9332374
demo_matriz,20580,76374131,9411590
demo_matriz,20581,137422174280,17177636609
demo_matriz,20582,137422174288,17177636610
demo_matriz,20583,137422174296,17177636611
demo_matriz,20584,137422174304,17177636612
demo_matriz,20585,137422174312,17177636613
demo_matriz,20586,137422174340,17177636616
demo_matriz,20587,76389744,9413542
demo_matriz,20588,137422174408,17177636625
demo_matriz,20589,76389760,9413544
demo_matriz,20590,137422174384,17177636622
demo_matriz,20591,75736456,9331881
demo_matriz,20592,76389752,9413543
demo_matriz,20593,76389756,9413543
demo_matriz,20594,75736400,9331874
demo_matriz,20595,137422174376,17177636621
demo_matriz,20596,75739192,9332223
demo_matriz,20597,75739256,9332231
demo_matriz,20598,80787880,9963309
demo_matriz,20599,75740006,9332324
demo_matriz,20600,67336864,8281932
demo_matriz,20601,75739576,9332271
demo_matriz,20602,80788104,9963337
demo_matriz,20603,75739152,9332218
demo_matriz,20604,78835416,9719251
demo_matriz,20605,78835424,9719252
demo_matriz,20606,78835432,9719253
demo_matriz,20607,78835444,9719254
demo_matriz,20608,78835452,9719255
demo_matriz,20609,78835460,9719256
demo_matriz,20610,78835472,9719258
demo_matriz,20611,78835480,9719259
demo_matriz,20612,78835488,9719260
demo_matriz,20613,78835508,9719262
demo_matriz,20614,78835516,9719263
demo_matriz,20615,78835524,9719264
demo_matriz,20616,78835544,9719267
demo_matriz,20617,78835552,9719268
demo_matriz,20618,78835560,9719269
demo_matriz,20619,78835580,9719271
demo_matriz,20620,78835588,9719272
demo_matriz,20621,78835596,9719273
demo_matriz,20622,78835616,9719276
demo_matriz,20623,78835624,9719277
demo_matriz,20624,78835632,9719278
demo_matriz,20625,78835652,9719280
demo_matriz,20626,78835660,9719281
demo_matriz,20627,78835668,9719282
demo_matriz,20628,78835688,9719285
demo_matriz,20629,78835696,9719286
demo_matriz,20630,78835704,9719287
demo_matriz,20631,78835724,9719289
demo_matriz,20632,78835732,9719290
demo_matriz,20633,78835740,9719291
demo_matriz,20634,78835760,9719294
demo_matriz,20635,78835768,9719295
demo_matriz,20636,78835776,9719296
demo_matriz,20637,78835796,9719298
demo_matriz,20638,78835804,9719299
demo_matriz,20639,78835812,9719300
demo_matriz,20640,78835832,9719303
demo_matriz,20641,78835840,9719304
demo_matriz,20642,78835848,9719305
demo_matriz,20643,78835868,9719307
demo_matriz,20644,78835876,9719308
demo_matriz,20645,78835884,9719309
demo_matriz,20646,78835904,9719312
demo_matriz,20647,78835912,9719313
demo_matriz,20648,78835920,9719314
demo_matriz,20649,78835940,9719316
demo_matriz,20650,78835948,9719317
demo_matriz,20651,78835956,9719318
demo_matriz,20652,78835976,9719321
demo_matriz,20653,78835984,9719322
demo_matriz,20654,78835992,9719323
demo_matriz,20655,78836012,9719325
demo_matriz,20656,78836020,9719326
demo_matriz,20657,78836024,9719327
demo_matriz,20658,137422174408,17177636625
demo_matriz,20659,78836032,9719328
demo_matriz,20660,76374978,9411696
demo_matriz,20661,78828830,9718427
demo_matriz,20662,76374986,9411697
demo_matriz,20663,78828838,9718428
demo_matriz,20664,78828840,9718429
demo_matriz,20665,76374988,9411697
demo_matriz,20666,137422174312,17177636613
demo_matriz,20667,137422174392,17177636623
demo_matriz,20668,76389752,9413543
demo_matriz,20669,137422174400,17177636624
demo_matriz,20670,76389758,9413543
demo_matriz,20671,76389764,9413544
demo_matriz,20672,76389776,9413546
demo_matriz,20673,137422174384,17177636622
demo_matriz,20674,75736456,9331881
demo_matriz,20675,76389768,9413545
demo_matriz,20676,76389772,9413545
demo_matriz,20677,75736400,9331874
demo_matriz,20678,137422174376,17177636621
demo_matriz,20679,75739192,9332223
demo_matriz,20680,75739256,9332231
demo_matriz,20681,80787880,9963309
demo_matriz,20682,75740006,9332324
demo_matriz,20683,67336864,8281932
demo_matriz,20684,75739576,9332271
demo_matriz,20685,80788104,9963337
demo_matriz,20686,75739152,9332218
demo_matriz,20687,78835416,9719251
demo_matriz,20688,78835424,9719252
demo_matriz,20689,78835432,9719253
demo_matriz,20690,78835444,9719254
demo_matriz,20691,78835452,9719255
demo_matriz,20692,78835460,9719256
demo_matriz,20693,78835472,9719258
demo_matriz,20694,78835480,9719259
demo_matriz,20695,78835488,9719260
demo_matriz,20696,78835508,9719262
demo_matriz,20697,78835516,9719263
demo_matriz,20698,78835524,9719264
demo_matriz,20699,78835544,9719267
demo_matriz,20700,78835552,9719268
demo_matriz,20701,78835560,9719269
demo_matriz,20702,78835580,9719271
demo_matriz,20703,78835588,9719272
demo_matriz,20704,78835596,9719273
demo_matriz,20705,78835616,9719276
demo_matriz,20706,78835624,9719277
demo_matriz,20707,78835632,9719278
demo_matriz,20708,78835652,9719280
demo_matriz,20709,78835660,9719281
demo_matriz,20710,78835668,9719282
demo_matriz,20711,78835688,9719285
demo_matriz,20712,78835696,9719286
demo_matriz,20713,78835704,9719287
demo_matriz,20714,78835724,9719289
demo_matriz,20715,78835732,9719290
demo_matriz,20716,78835740,9719291
demo_matriz,20717,78835760,9719294
demo_matriz,20718,78835768,9719295
demo_matriz,20719,78835776,9719296
demo_matriz,20720,78835796,9719298
demo_matriz,20721,78835804,9719299
demo_matriz,20722,78835812,9719300
demo_matriz,20723,78835832,9719303
demo_matriz,20724,78835840,9719304
demo_matriz,20725,78835848,9719305
demo_matriz,20726,78835868,9719307
demo_matriz,20727,78835876,9719308
demo_matriz,20728,78835884,9719309
demo_matriz,20729,78835904,9719312
demo_matriz,20730,78835912,9719313
demo_matriz,20731,78835920,9719314
demo_matriz,20732,78835940,9719316
demo_matriz,20733,78835948,9719317
demo_matriz,20734,78835956,9719318
demo_matriz,20735,78835976,9719321
demo_matriz,20736,78835984,9719322
demo_matriz,20737,78835992,9719323
demo_matriz,20738,78836012,9719325
demo_matriz,20739,78836020,9719326
demo_matriz,20740,78836028,9719327
demo_matriz,20741,78836048,9719330
demo_matriz,20742,78836056,9719331
demo_matriz,20743,78836064,9719332
demo_matriz,20744,78836084,9719334
demo_matriz,20745,78836092,9719335
demo_matriz,20746,78836100,9719336
demo_matriz,20747,78836120,9719339
demo_matriz,20748,78836128,9719340
demo_matriz,20749,78836136,9719341
demo_matriz,20750,78836156,9719343
demo_matriz,20751,78836164,9719344
demo_matriz,20752,78836172,9719345
demo_matriz,20753,78836192,9719348
demo_matriz,20754,78836200,9719349
demo_matriz,20755,78836208,9719350
demo_matriz,20756,78836228,9719352
demo_matriz,20757,78836236,9719353
demo_matriz,20758,78836244,9719354
demo_matriz,20759,78836264,9719357
demo_matriz,20760,78836272,9719358
demo_matriz,20761,78836280,9719359
demo_matriz,20762,78836300,9719361
demo_matriz,20763,78836308,9719362
demo_matriz,20764,78836316,9719363
demo_matriz,20765,78836336,9719366
demo_matriz,20766,78836344,9719367
demo_matriz,20767,78836352,9719368
demo_matriz,20768,78836372,9719370
demo_matriz,20769,78836380,9719371
demo_matriz,20770,78836388,9719372
demo_matriz,20771,78836408,9719375
demo_matriz,20772,78836416,9719376
demo_matriz,20773,78836424,9719377
demo_matriz,20774,78836444,9719379
demo_matriz,20775,78836452,9719380
demo_matriz,20776,78836460,9719381
demo_matriz,20777,78836480,9719384
demo_matriz,20778,78836488,9719385
demo_matriz,20779,78836496,9719386
demo_matriz,20780,78836516,9719388
demo_matriz,20781,78836524,9719389
demo_matriz,20782,78836532,9719390
demo_matriz,20783,78836552,9719393
demo_matriz,20784,78836560,9719394
demo_matriz,20785,78836568,9719395
demo_matriz,20786,78836588,9719397
demo_matriz,20787,78836596,9719398
demo_matriz,20788,78836604,9719399
demo_matriz,20789,78836624,9719402
demo_matriz,20790,78836632,9719403
demo_matriz,20791,78836640,9719404
demo_matriz,20792,78836660,9719406
demo_matriz,20793,78836668,9719407
demo_matriz,20794,78836676,9719408
demo_matriz,20795,78836696,9719411
demo_matriz,20796,78836704,9719412
demo_matriz,20797,78836712,9719413
demo_matriz,20798,78836732,9719415
demo_matriz,20799,78836740,9719416
demo_matriz,20800,78836744,9719417
demo_matriz,20801,137422174408,17177636625
demo_matriz,20802,78836752,9719418
demo_matriz,20803,67294568,8276645
demo_matriz,20804,78829040,9718454
demo_matriz,20805,76374976,9411696
demo_matriz,20806,78829040,9718454
demo_matriz,20807,76374992,9411698
demo_matriz,20808,78829056,9718456
demo_matriz,20809,78829060,9718456
demo_matriz,20810,76374999,9411698
demo_matriz,20811,137422174312,17177636613
demo_matriz,20812,137422174392,17177636623
demo_matriz,20813,76389768,9413545
demo_matriz,20814,137422174400,17177636624
demo_matriz,20815,76389774,9413545
demo_matriz,20816,76389780,9413546
demo_matriz,20817,76389792,9413548
demo_matriz,20818,137422174384,17177636622
demo_matriz,20819,75736456,9331881
demo_matriz,20820,76389784,9413547
demo_matriz,20821,76389788,9413547
demo_matriz,20822,75736400,9331874
demo_matriz,20823,137422174376,17177636621
demo_matriz,20824,75739192,9332223
demo_matriz,20825,75739256,9332231
demo_matriz,20826,80787880,9963309
demo_matriz,20827,75740006,9332324
demo_matriz,20828,67336864,8281932
demo_matriz,20829,75739576,9332271
demo_matriz,20830,80788104,9963337
demo_matriz,20831,75739152,9332218
demo_matriz,20832,78835416,9719251
demo_matriz,20833,78835424,9719252
demo_matriz,20834,78835432,9719253
demo_matriz,20835,78835444,9719254
demo_matriz,20836,78835452,9719255
demo_matriz,20837,78835460,9719256
demo_matriz,20838,78835472,9719258
demo_matriz,20839,78835480,9719259
demo_matriz,20840,78835488,9719260
demo_matriz,20841,78835508,9719262
demo_matriz,20842,78835516,9719263
demo_matriz,20843,78835524,9719264
demo_matriz,20844,78835544,9719267
demo_matriz,20845,78835552,9719268
demo_matriz,20846,78835560,9719269
demo_matriz,20847,78835580,9719271
demo_matriz,20848,78835588,9719272
demo_matriz,20849,78835596,9719273
demo_matriz,20850,78835616,9719276
demo_matriz,20851,78835624,9719277
demo_matriz,20852,78835632,9719278
demo_matriz,20853,78835652,9719280
demo_matriz,20854,78835660,9719281
demo_matriz,20855,78835668,9719282
demo_matriz,20856,78835688,9719285
demo_matriz,20857,78835696,9719286
demo_matriz,20858,78835704,9719287
demo_matriz,20859,78835724,9719289
demo_matriz,20860,78835732,9719290
demo_matriz,20861,78835736,9719291
demo_matriz,20862,137422174408,17177636625
demo_matriz,20863,78835744,9719292
demo_matriz,20864,76375000,9411699
demo_matriz,20865,78828746,9718417
demo_matriz,20866,76375008,9411700
demo_matriz,20867,78828754,9718418
demo_matriz,20868,78828755,9718418
demo_matriz,20869,76375009,9411700
demo_matriz,20870,137422174312,17177636613
demo_matriz,20871,137422174392,17177636623
demo_matriz,20872,76389784,9413547
demo_matriz,20873,137422174400,17177636624
demo_matriz,20874,76389790,9413547
demo_matriz,20875,76389796,9413548
demo_matriz,20876,76389808,9413550
demo_matriz,20877,137422174384,17177636622
demo_matriz,20878,75736456,9331881
demo_matriz,20879,76389800,9413549
demo_matriz,20880,76389804,9413549
demo_matriz,20881,75736400,9331874
demo_matriz,20882,137422174376,17177636621
demo_matriz,20883,75739192,9332223
demo_matriz,20884,75739256,9332231
demo_matriz,20885,80787880,9963309
demo_matriz,20886,75740006,9332324
demo_matriz,20887,67336864,8281932
demo_matriz,20888,75739576,9332271
demo_matriz,20889,80788104,9963337
demo_matriz,20890,75739152,9332218
demo_matriz,20891,78835416,9719251
demo_matriz,20892,78835424,9719252
demo_matriz,20893,78835432,9719253
demo_matriz,20894,78835444,9719254
demo_matriz,20895,78835452,9719255
demo_matriz,20896,78835460,9719256
demo_matriz,20897,78835472,9719258
demo_matriz,20898,78835480,9719259
demo_matriz,20899,78835488,9719260
demo_matriz,20900,78835508,9719262
demo_matriz,20901,78835516,9719263
demo_matriz,20902,78835524,9719264
demo_matriz,20903,78835544,9719267
demo_matriz,20904,78835552,9719268
demo_matriz,20905,78835560,9719269
demo_matriz,20906,78835580,9719271
demo_matriz,20907,78835588,9719272
demo_matriz,20908,78835596,9719273
demo_matriz,20909,78835616,9719276
demo_matriz,20910,78835624,9719277
demo_matriz,20911,78835632,9719278
demo_matriz,20912,78835652,9719280
demo_matriz,20913,78835660,9719281
demo_matriz,20914,78835668,9719282
demo_matriz,20915,78835688,9719285
demo_matriz,20916,78835696,9719286
demo_matriz,20917,78835704,9719287
demo_matriz,20918,78835724,9719289
demo_matriz,20919,78835732,9719290
demo_matriz,20920,78835740,9719291
demo_matriz,20921,78835760,9719294
demo_matriz,20922,78835768,9719295
demo_matriz,20923,78835776,9719296
demo_matriz,20924,78835796,9719298
demo_matriz,20925,78835804,9719299
demo_matriz,20926,78835812,9719300
demo_matriz,20927,78835832,9719303
demo_matriz,20928,78835840,9719304
demo_matriz,20929,78835848,9719305
demo_matriz,20930,78835868,9719307
demo_matriz,20931,78835876,9719308
demo_matriz,20932,78835884,9719309
demo_matriz,20933,78835904,9719312
demo_matriz,20934,78835912,9719313
demo_matriz,20935,78835920,9719314
demo_matriz,20936,78835940,9719316
demo_matriz,20937,78835948,9719317
demo_matriz,20938,78835956,9719318
demo_matriz,20939,78835976,9719321
demo_matriz,20940,78835984,9719322
demo_matriz,20941,78835992,9719323
demo_matriz,20942,78836012,9719325
demo_matriz,20943,78836020,9719326
demo_matriz,20944,78836028,9719327
demo_matriz,20945,78836048,9719330
demo_matriz,20946,78836056,9719331
demo_matriz,20947,78836064,9719332
demo_matriz,20948,78836084,9719334
demo_matriz,20949,78836092,9719335
demo_matriz,20950,78836100,9719336
demo_matriz,20951,78836120,9719339
demo_matriz,20952,78836128,9719340
demo_matriz,20953,78836136,9719341
demo_matriz,20954,78836156,9719343
demo_matriz,20955,78836164,9719344
demo_matriz,20956,78836172,9719345
demo_matriz,20957,78836192,9719348
demo_matriz,20958,78836200,9719349
demo_matriz,20959,78836208,9719350
demo_matriz,20960,78836228,9719352
demo_matriz,20961,78836236,9719353
demo_matriz,20962,78836244,9719354
demo_matriz,20963,78836264,9719357
demo_matriz,20964,78836272,9719358
demo_matriz,20965,78836280,9719359
demo_matriz,20966,78836300,9719361
demo_matriz,20967,78836308,9719362
demo_matriz,20968,78836316,9719363
demo_matriz,20969,78836336,9719366
demo_matriz,20970,78836344,9719367
demo_matriz,20971,78836348,9719367
demo_matriz,20972,137422174408,17177636625
demo_matriz,20973,78836356,9719368
demo_matriz,20974,76375010,9411700
demo_matriz,20975,78828929,9718440
demo_matriz,20976,76375018,9411701
demo_matriz,20977,78828937,9718441
demo_matriz,20978,78828939,9718441
demo_matriz,20979,76375020,9411701
demo_matriz,20980,137422174312,17177636613
demo_matriz,20981,137422174392,17177636623
demo_matriz,20982,76389800,9413549
demo_matriz,20983,137422174400,17177636624
demo_matriz,20984,76389806,9413549
demo_matriz,20985,76389812,9413550
demo_matriz,20986,76389824,9413552
demo_matriz,20987,137422174384,17177636622
demo_matriz,20988,75736456,9331881
demo_matriz,20989,76389816,9413551
demo_matriz,20990,76389820,9413551
demo_matriz,20991,75736400,9331874
demo_matriz,20992,137422174376,17177636621
demo_matriz,20993,75739192,9332223
demo_matriz,20994,75739256,9332231
demo_matriz,20995,80787880,9963309
demo_matriz,20996,75740006,9332324
demo_matriz,20997,67336864,8281932
demo_matriz,20998,75739576,9332271
demo_matriz,20999,80788104,9963337
demo_matriz,21000,75739152,9332218
demo_matriz,21001,78835416,9719251
demo_matriz,21002,78835424,9719252
demo_matriz,21003,78835432,9719253
demo_matriz,21004,78835444,9719254
demo_matriz,21005,78835452,9719255
demo_matriz,21006,78835460,9719256
demo_matriz,21007,78835472,9719258
demo_matriz,21008,78835480,9719259
demo_matriz,21009,78835488,9719260
demo_matriz,21010,78835508,9719262
demo_matriz,21011,78835516,9719263
demo_matriz,21012,78835524,9719264
demo_matriz,21013,78835544,9719267
demo_matriz,21014,78835552,9719268
demo_matriz,21015,78835560,9719269
demo_matriz,21016,78835580,9719271
demo_matriz,21017,78835588,9719272
demo_matriz,21018,78835596,9719273
demo_matriz,21019,78835616,9719276
demo_matriz,21020,78835624,9719277
demo_matriz,21021,78835632,9719278
demo_matriz,21022,78835652,9719280
demo_matriz,21023,78835660,9719281
demo_matriz,21024,78835668,9719282
demo_matriz,21025,78835688,9719285
demo_matriz,21026,78835696,9719286
demo_matriz,21027,78835704,9719287
demo_matriz,21028,78835724,9719289
demo_matriz,21029,78835732,9719290
demo_matriz,21030,78835740,9719291
demo_matriz,21031,78835760,9719294
demo_matriz,21032,78835768,9719295
demo_matriz,21033,78835776,9719296
demo_matriz,21034,78835796,9719298
demo_matriz,21035,78835804,9719299
demo_matriz,21036,78835812,9719300
demo_matriz,21037,78835832,9719303
demo_matriz,21038,78835840,9719304
demo_matriz,21039,78835848,9719305
demo_matriz,21040,78835868,9719307
demo_matriz,21041,78835876,9719308
demo_matriz,21042,78835884,9719309
demo_matriz,21043,78835904,9719312
demo_matriz,21044,78835912,9719313
demo_matriz,21045,78835920,9719314
demo_matriz,21046,78835940,9719316
demo_matriz,21047,78835948,9719317
demo_matriz,21048,78835956,9719318
demo_matriz,21049,78835976,9719321
demo_matriz,21050,78835984,9719322
demo_matriz,21051,78835992,9719323
demo_matriz,21052,78836012,9719325
demo_matriz,21053,78836020,9719326
demo_matriz,21054,78836028,9719327
demo_matriz,21055,78836048,9719330
demo_matriz,21056,78836056,9719331
demo_matriz,21057,78836064,9719332
demo_matriz,21058,78836084,9719334
demo_matriz,21059,78836092,9719335
demo_matriz,21060,78836100,9719336
demo_matriz,21061,78836120,9719339
demo_matriz,21062,78836128,9719340
demo_matriz,21063,78836136,9719341
demo_matriz,21064,78836156,9719343
demo_matriz,21065,78836164,9719344
demo_matriz,21066,78836172,9719345
demo_matriz,21067,78836192,9719348
demo_matriz,21068,78836200,9719349
demo_matriz,21069,78836208,9719350
demo_matriz,21070,78836228,9719352
demo_matriz,21071,78836236,9719353
demo_matriz,21072,78836244,9719354
demo_matriz,21073,78836264,9719357
demo_matriz,21074,78836272,9719358
demo_matriz,21075,78836280,9719359
demo_matriz,21076,78836300,9719361
demo_matriz,21077,78836308,9719362
demo_matriz,21078,78836312,9719363
demo_matriz,21079,137422174408,17177636625
demo_matriz,21080,78836320,9719364
demo_matriz,21081,67294552,8276643
demo_matriz,21082,78828912,9718438
demo_matriz,21083,76375008,9411700
demo_matriz,21084,78828912,9718438
demo_matriz,21085,76375024,9411702
demo_matriz,21086,78828928,9718440
demo_matriz,21087,78828928,9718440
demo_matriz,21088,76375031,9411702
demo_matriz,21089,137422174312,17177636613
demo_matriz,21090,137422174392,17177636623
demo_matriz,21091,76389816,9413551
demo_matriz,21092,137422174400,17177636624
demo_matriz,21093,76389822,9413551
demo_matriz,21094,76389828,9413552
demo_matriz,21095,76389840,9413554
demo_matriz,21096,137422174384,17177636622
demo_matriz,21097,75736456,9331881
demo_matriz,21098,76389832,9413553
demo_matriz,21099,76389836,9413553
demo_matriz,21100,75736400,9331874
demo_matriz,21101,137422174376,17177636621
demo_matriz,21102,75739192,9332223
demo_matriz,21103,75739256,9332231
demo_matriz,21104,80787880,9963309
demo_matriz,21105,75740006,9332324
demo_matriz,21106,67336864,8281932
demo_matriz,21107,75739576,9332271
demo_matriz,21108,80788104,9963337
demo_matriz,21109,75739152,9332218
demo_matriz,21110,78835416,9719251
demo_matriz,21111,78835424,9719252
demo_matriz,21112,78835432,9719253
demo_matriz,21113,78835444,9719254
demo_matriz,21114,78835452,9719255
demo_matriz,21115,78835460,9719256
demo_matriz,21116,78835472,9719258
demo_matriz,21117,78835480,9719259
demo_matriz,21118,78835488,9719260
demo_matriz,21119,78835508,9719262
demo_matriz,21120,78835516,9719263
demo_matriz,21121,78835524,9719264
demo_matriz,21122,78835544,9719267
demo_matriz,21123,78835552,9719268
demo_matriz,21124,78835560,9719269
demo_matriz,21125,78835580,9719271
demo_matriz,21126,78835588,9719272
demo_matriz,21127,78835596,9719273
demo_matriz,21128,78835616,9719276
demo_matriz,21129,78835624,9719277
demo_matriz,21130,78835632,9719278
demo_matriz,21131,78835652,9719280
demo_matriz,21132,78835660,9719281
demo_matriz,21133,78835668,9719282
demo_matriz,21134,78835688,9719285
demo_matriz,21135,78835696,9719286
demo_matriz,21136,78835704,9719287
demo_matriz,21137,78835724,9719289
demo_matriz,21138,78835732,9719290
demo_matriz,21139,78835740,9719291
demo_matriz,21140,78835760,9719294
demo_matriz,21141,78835768,9719295
demo_matriz,21142,78835776,9719296
demo_matriz,21143,78835796,9719298
demo_matriz,21144,78835804,9719299
demo_matriz,21145,78835812,9719300
demo_matriz,21146,78835832,9719303
demo_matriz,21147,78835840,9719304
demo_matriz,21148,78835848,9719305
demo_matriz,21149,78835868,9719307
demo_matriz,21150,78835876,9719308
demo_matriz,21151,78835884,9719309
demo_matriz,21152,78835904,9719312
demo_matriz,21153,78835912,9719313
demo_matriz,21154,78835920,9719314
demo_matriz,21155,78835940,9719316
demo_matriz,21156,78835948,9719317
demo_matriz,21157,78835956,9719318
demo_matriz,21158,78835976,9719321
demo_matriz,21159,78835984,9719322
demo_matriz,21160,78835992,9719323
demo_matriz,21161,78836012,9719325
demo_matriz,21162,78836020,9719326
demo_matriz,21163,78836028,9719327
demo_matriz,21164,78836048,9719330
demo_matriz,21165,78836056,9719331
demo_matriz,21166,78836064,9719332
demo_matriz,21167,78836084,9719334
demo_matriz,21168,78836092,9719335
demo_matriz,21169,78836100,9719336
demo_matriz,21170,78836120,9719339
demo_matriz,21171,78836128,9719340
demo_matriz,21172,78836136,9719341
demo_matriz,21173,78836156,9719343
demo_matriz,21174,78836164,9719344
demo_matriz,21175,78836168,9719345
demo_matriz,21176,137422174408,17177636625
demo_matriz,21177,78836176,9719346
demo_matriz,21178,67294572,8276645
demo_matriz,21179,76375024,9411702
demo_matriz,21180,78828864,9718432
demo_matriz,21181,76375024,9411702
demo_matriz,21182,78828880,9718434
demo_matriz,21183,76375040,9411704
demo_matriz,21184,78828884,9718434
demo_matriz,21185,76375042,9411704
demo_matriz,21186,137422174312,17177636613
demo_matriz,21187,137422174392,17177636623
demo_matriz,21188,76389832,9413553
demo_matriz,21189,137422174400,17177636624
demo_matriz,21190,76389838,9413553
demo_matriz,21191,76389844,9413554
demo_matriz,21192,76389856,9413556
demo_matriz,21193,137422174384,17177636622
demo_matriz,21194,75736456,9331881
demo_matriz,21195,76389848,9413555
demo_matriz,21196,76389852,9413555
demo_matriz,21197,75736400,9331874
demo_matriz,21198,137422174376,17177636621
demo_matriz,21199,75739192,9332223
demo_matriz,21200,75739256,9332231
demo_matriz,21201,80787880,9963309
demo_matriz,21202,75740006,9332324
demo_matriz,21203,67336864,8281932
demo_matriz,21204,75739576,9332271
demo_matriz,21205,80788104,9963337
demo_matriz,21206,75739152,9332218
demo_matriz,21207,78835416,9719251
demo_matriz,21208,78835424,9719252
demo_matriz,21209,78835432,9719253
demo_matriz,21210,78835444,9719254
demo_matriz,21211,78835452,9719255
demo_matriz,21212,78835460,9719256
demo_matriz,21213,78835472,9719258
demo_matriz,21214,78835480,9719259
demo_matriz,21215,78835488,9719260
demo_matriz,21216,78835508,9719262
demo_matriz,21217,78835516,9719263
demo_matriz,21218,78835524,9719264
demo_matriz,21219,78835544,9719267
demo_matriz,21220,78835552,9719268
demo_matriz,21221,78835560,9719269
demo_matriz,21222,78835580,9719271
demo_matriz,21223,78835588,9719272
demo_matriz,21224,78835596,9719273
demo_matriz,21225,78835616,9719276
demo_matriz,21226,78835624,9719277
demo_matriz,21227,78835632,9719278
demo_matriz,21228,78835652,9719280
demo_matriz,21229,78835660,9719281
demo_matriz,21230,78835668,9719282
demo_matriz,21231,78835688,9719285
demo_matriz,21232,78835696,9719286
demo_matriz,21233,78835704,9719287
demo_matriz,21234,78835724,9719289
demo_matriz,21235,78835732,9719290
demo_matriz,21236,78835740,9719291
demo_matriz,21237,78835760,9719294
demo_matriz,21238,78835768,9719295
demo_matriz,21239,78835776,9719296
demo_matriz,21240,78835796,9719298
demo_matriz,21241,78835804,9719299
demo_matriz,21242,78835812,9719300
demo_matriz,21243,78835832,9719303
demo_matriz,21244,78835840,9719304
demo_matriz,21245,78835848,9719305
demo_matriz,21246,78835868,9719307
demo_matriz,21247,78835876,9719308
demo_matriz,21248,78835884,9719309
demo_matriz,21249,78835904,9719312
demo_matriz,21250,78835912,9719313
demo_matriz,21251,78835920,9719314
demo_matriz,21252,78835940,9719316
demo_matriz,21253,78835948,9719317
demo_matriz,21254,78835956,9719318
demo_matriz,21255,78835976,9719321
demo_matriz,21256,78835984,9719322
demo_matriz,21257,78835992,9719323
demo_matriz,21258,78836012,9719325
demo_matriz,21259,78836020,9719326
demo_matriz,21260,78836028,9719327
demo_matriz,21261,78836048,9719330
demo_matriz,21262,78836056,9719331
demo_matriz,21263,78836064,9719332
demo_matriz,21264,78836084,9719334
demo_matriz,21265,78836092,9719335
demo_matriz,21266,78836100,9719336
demo_matriz,21267,78836120,9719339
demo_matriz,21268,78836128,9719340
demo_matriz,21269,78836136,9719341
demo_matriz,21270,78836156,9719343
demo_matriz,21271,78836164,9719344
demo_matriz,21272,78836172,9719345
demo_matriz,21273,78836192,9719348
demo_matriz,21274,78836200,9719349
demo_matriz,21275,78836208,9719350
demo_matriz,21276,78836228,9719352
demo_matriz,21277,78836236,9719353
demo_matriz,21278,78836244,9719354
demo_matriz,21279,78836264,9719357
demo_matriz,21280,78836272,9719358
demo_matriz,21281,78836280,9719359
demo_matriz,21282,78836300,9719361
demo_matriz,21283,78836308,9719362
demo_matriz,21284,78836316,9719363
demo_matriz,21285,78836336,9719366
demo_matriz,21286,78836344,9719367
demo_matriz,21287,78836352,9719368
demo_matriz,21288,78836372,9719370
demo_matriz,21289,78836380,9719371
demo_matriz,21290,78836388,9719372
demo_matriz,21291,78836408,9719375
demo_matriz,21292,78836416,9719376
demo_matriz,21293,78836424,9719377
demo_matriz,21294,78836444,9719379
demo_matriz,21295,78836452,9719380
demo_matriz,21296,78836460,9719381
demo_matriz,21297,78836480,9719384
demo_matriz,21298,78836488,9719385
demo_matriz,21299,78836496,9719386
demo_matriz,21300,78836516,9719388
demo_matriz,21301,78836524,9719389
demo_matriz,21302,78836532,9719390
demo_matriz,21303,78836552,9719393
demo_matriz,21304,78836560,9719394
demo_matriz,21305,78836564,9719394
demo_matriz,21306,137422174408,17177636625
demo_matriz,21307,78836572,9719395
demo_matriz,21308,76375043,9411704
demo_matriz,21309,78828995,9718448
demo_matriz,21310,76375051,9411705
demo_matriz,21311,78829003,9718449
demo_matriz,21312,78829005,9718449
demo_matriz,21313,76375053,9411705
demo_matriz,21314,137422174312,17177636613
demo_matriz,21315,137422174392,17177636623
demo_matriz,21316,76389848,9413555
demo_matriz,21317,137422174400,17177636624
demo_matriz,21318,76389854,9413555
demo_matriz,21319,76389860,9413556
demo_matriz,21320,76389872,9413558
demo_matriz,21321,137422174384,17177636622
demo_matriz,21322,75736456,9331881
demo_matriz,21323,76389864,9413557
demo_matriz,21324,76389868,9413557
demo_matriz,21325,75736400,9331874
demo_matriz,21326,137422174376,17177636621
demo_matriz,21327,75739192,9332223
demo_matriz,21328,75739256,9332231
demo_matriz,21329,80787880,9963309
demo_matriz,21330,75740006,9332324
demo_matriz,21331,67336864,8281932
demo_matriz,21332,75739576,9332271
demo_matriz,21333,80788104,9963337
demo_matriz,21334,75739152,9332218
demo_matriz,21335,78835416,9719251
demo_matriz,21336,78835424,9719252
demo_matriz,21337,78835432,9719253
demo_matriz,21338,78835444,9719254
demo_matriz,21339,78835452,9719255
demo_matriz,21340,78835460,9719256
demo_matriz,21341,78835472,9719258
demo_matriz,21342,78835480,9719259
demo_matriz,21343,78835488,9719260
demo_matriz,21344,78835508,9719262
demo_matriz,21345,78835516,9719263
demo_matriz,21346,78835524,9719264
demo_matriz,21347,78835544,9719267
demo_matriz,21348,78835552,9719268
demo_matriz,21349,78835560,9719269
demo_matriz,21350,78835580,9719271
demo_matriz,21351,78835588,9719272
demo_matriz,21352,78835596,9719273
demo_matriz,21353,78835616,9719276
demo_matriz,21354,78835624,9719277
demo_matriz,21355,78835632,9719278
demo_matriz,21356,78835652,9719280
demo_matriz,21357,78835660,9719281
demo_matriz,21358,78835664,9719282
demo_matriz,21359,137422174408,17177636625
demo_matriz,21360,78835672,9719283
demo_matriz,21361,67294548,8276642
demo_matriz,21362,78828720,9718414
demo_matriz,21363,76375040,9411704
demo_matriz,21364,78828720,9718414
demo_matriz,21365,76375056,9411706
demo_matriz,21366,78828736,9718416
demo_matriz,21367,78828735,9718415
demo_matriz,21368,76375063,9411706
demo_matriz,21369,137422174312,17177636613
demo_matriz,21370,137422174392,17177636623
demo_matriz,21371,76389864,9413557
demo_matriz,21372,137422174400,17177636624
demo_matriz,21373,76389870,9413557
demo_matriz,21374,76389876,9413558
demo_matriz,21375,76389888,9413560
demo_matriz,21376,137422174384,17177636622
demo_matriz,21377,75736456,9331881
demo_matriz,21378,76389880,9413559
demo_matriz,21379,76389884,9413559
demo_matriz,21380,75736400,9331874
demo_matriz,21381,137422174376,17177636621
demo_matriz,21382,75739192,9332223
demo_matriz,21383,75739256,9332231
demo_matriz,21384,80787880,9963309
demo_matriz,21385,75740006,9332324
demo_matriz,21386,67336864,8281932
demo_matriz,21387,75739576,9332271
demo_matriz,21388,80788104,9963337
demo_matriz,21389,75739152,9332218
demo_matriz,21390,78835416,9719251
demo_matriz,21391,78835424,9719252
demo_matriz,21392,78835432,9719253
demo_matriz,21393,78835444,9719254
demo_matriz,21394,78835452,9719255
demo_matriz,21395,78835460,9719256
demo_matriz,21396,78835472,9719258
demo_matriz,21397,78835480,9719259
demo_matriz,21398,78835488,9719260
demo_matriz,21399,78835508,9719262
demo_matriz,21400,78835516,9719263
demo_matriz,21401,78835524,9719264
demo_matriz,21402,78835544,9719267
demo_matriz,21403,78835552,9719268
demo_matriz,21404,78835560,9719269
demo_matriz,21405,78835580,9719271
demo_matriz,21406,78835588,9719272
demo_matriz,21407,78835596,9719273
demo_matriz,21408,78835616,9719276
demo_matriz,21409,78835624,9719277
demo_matriz,21410,78835632,9719278
demo_matriz,21411,78835652,9719280
demo_matriz,21412,78835660,9719281
demo_matriz,21413,78835668,9719282
demo_matriz,21414,78835688,9719285
demo_matriz,21415,78835696,9719286
demo_matriz,21416,78835704,9719287
demo_matriz,21417,78835724,9719289
demo_matriz,21418,78835732,9719290
demo_matriz,21419,78835740,9719291
demo_matriz,21420,78835760,9719294
demo_matriz,21421,78835768,9719295
demo_matriz,21422,78835772,9719295
demo_matriz,21423,137422174408,17177636625
demo_matriz,21424,78835780,9719296
demo_matriz,21425,76375064,9411707
demo_matriz,21426,78828756,9718418
demo_matriz,21427,76375072,9411708
demo_matriz,21428,78828764,9718419
demo_matriz,21429,78828765,9718419
demo_matriz,21430,76375073,9411708
demo_matriz,21431,137422174312,17177636613
demo_matriz,21432,137422174392,17177636623
demo_matriz,21433,76389880,9413559
demo_matriz,21434,137422174400,17177636624
demo_matriz,21435,76389886,9413559
demo_matriz,21436,76389892,9413560
demo_matriz,21437,76389904,9413562
demo_matriz,21438,137422174384,17177636622
demo_matriz,21439,75736456,9331881
demo_matriz,21440,76389896,9413561
demo_matriz,21441,76389900,9413561
demo_matriz,21442,75736400,9331874
demo_matriz,21443,137422174376,17177636621
demo_matriz,21444,75739192,9332223
demo_matriz,21445,75739256,9332231
demo_matriz,21446,80787880,9963309
demo_matriz,21447,75740006,9332324
demo_matriz,21448,67336864,8281932
demo_matriz,21449,75739576,9332271
demo_matriz,21450,80788104,9963337
demo_matriz,21451,75739152,9332218
demo_matriz,21452,78835416,9719251
demo_matriz,21453,78835424,9719252
demo_matriz,21454,78835432,9719253
demo_matriz,21455,78835444,9719254
demo_matriz,21456,78835452,9719255
demo_matriz,21457,78835460,9719256
demo_matriz,21458,78835472,9719258
demo_matriz,21459,78835480,9719259
demo_matriz,21460,78835488,9719260
demo_matriz,21461,78835508,9719262
demo_matriz,21462,78835516,9719263
demo_matriz,21463,78835524,9719264
demo_matriz,21464,78835544,9719267
demo_matriz,21465,78835552,9719268
demo_matriz,21466,78835560,9719269
demo_matriz,21467,78835580,9719271
demo_matriz,21468,78835588,9719272
demo_matriz,21469,78835596,9719273
demo_matriz,21470,78835616,9719276
demo_matriz,21471,78835624,9719277
demo_matriz,21472,78835632,9719278
demo_matriz,21473,78835652,9719280
demo_matriz,21474,78835660,9719281
demo_matriz,21475,78835668,9719282
demo_matriz,21476,78835688,9719285
demo_matriz,21477,78835696,9719286
demo_matriz,21478,78835704,9719287
demo_matriz,21479,78835724,9719289
demo_matriz,21480,78835732,9719290
demo_matriz,21481,78835740,9719291
demo_matriz,21482,78835760,9719294
demo_matriz,21483,78835768,9719295
demo_matriz,21484,78835776,9719296
demo_matriz,21485,78835796,9719298
demo_matriz,21486,78835804,9719299
demo_matriz,21487,78835812,9719300
demo_matriz,21488,78835832,9719303
demo_matriz,21489,78835840,9719304
demo_matriz,21490,78835848,9719305
demo_matriz,21491,78835868,9719307
demo_matriz,21492,78835876,9719308
demo_matriz,21493,78835884,9719309
demo_matriz,21494,78835904,9719312
demo_matriz,21495,78835912,9719313
demo_matriz,21496,78835920,9719314
demo_matriz,21497,78835940,9719316
demo_matriz,21498,78835948,9719317
demo_matriz,21499,78835956,9719318
demo_matriz,21500,78835976,9719321
demo_matriz,21501,78835984,9719322
demo_matriz,21502,78835992,9719323
demo_matriz,21503,78836012,9719325
demo_matriz,21504,78836020,9719326
demo_matriz,21505,78836028,9719327
demo_matriz,21506,78836048,9719330
demo_matriz,21507,78836056,9719331
demo_matriz,21508,78836064,9719332
demo_matriz,21509,78836084,9719334
demo_matriz,21510,78836092,9719335
demo_matriz,21511,78836100,9719336
demo_matriz,21512,78836120,9719339
demo_matriz,21513,78836128,9719340
demo_matriz,21514,78836136,9719341
demo_matriz,21515,78836156,9719343
demo_matriz,21516,78836164,9719344
demo_matriz,21517,78836172,9719345
demo_matriz,21518,78836192,9719348
demo_matriz,21519,78836200,9719349
demo_matriz,21520,78836208,9719350
demo_matriz,21521,78836228,9719352
demo_matriz,21522,78836236,9719353
demo_matriz,21523,78836244,9719354
demo_matriz,21524,78836264,9719357
demo_matriz,21525,78836272,9719358
demo_matriz,21526,78836280,9719359
demo_matriz,21527,78836300,9719361
demo_matriz,21528,78836308,9719362
demo_matriz,21529,78836316,9719363
demo_matriz,21530,78836336,9719366
demo_matriz,21531,78836344,9719367
demo_matriz,21532,78836352,9719368
demo_matriz,21533,78836372,9719370
demo_matriz,21534,78836380,9719371
demo_matriz,21535,78836388,9719372
demo_matriz,21536,78836408,9719375
demo_matriz,21537,78836416,9719376
demo_matriz,21538,78836424,9719377
demo_matriz,21539,78836444,9719379
demo_matriz,21540,78836452,9719380
demo_matriz,21541,78836460,9719381
demo_matriz,21542,78836480,9719384
demo_matriz,21543,78836488,9719385
demo_matriz,21544,78836496,9719386
demo_matriz,21545,78836516,9719388
demo_matriz,21546,78836524,9719389
demo_matriz,21547,78836532,9719390
demo_matriz,21548,78836552,9719393
demo_matriz,21549,78836560,9719394
demo_matriz,21550,78836568,9719395
demo_matriz,21551,78836588,9719397
demo_matriz,21552,78836596,9719398
demo_matriz,21553,78836600,9719399
demo_matriz,21554,137422174408,17177636625
demo_matriz,21555,78836608,9719400
demo_matriz,21556,76375074,9411708
demo_matriz,21557,78829006,9718449
demo_matriz,21558,76375082,9411709
demo_matriz,21559,78829014,9718450
demo_matriz,21560,78829016,9718451
demo_matriz,21561,76375084,9411709
demo_matriz,21562,137422174312,17177636613
demo_matriz,21563,137422174392,17177636623
demo_matriz,21564,76389896,9413561
demo_matriz,21565,137422174400,17177636624
demo_matriz,21566,76389902,9413561
demo_matriz,21567,76389908,9413562
demo_matriz,21568,76389920,9413564
demo_matriz,21569,137422174384,17177636622
demo_matriz,21570,75736456,9331881
demo_matriz,21571,76389912,9413563
demo_matriz,21572,76389916,9413563
demo_matriz,21573,75736400,9331874
demo_matriz,21574,137422174376,17177636621
demo_matriz,21575,75739192,9332223
demo_matriz,21576,75739256,9332231
demo_matriz,21577,80787880,9963309
demo_matriz,21578,75740006,9332324
demo_matriz,21579,67336864,8281932
demo_matriz,21580,75739576,9332271
demo_matriz,21581,80788104,9963337
demo_matriz,21582,75739152,9332218
demo_matriz,21583,78835416,9719251
demo_matriz,21584,78835424,9719252
demo_matriz,21585,78835432,9719253
demo_matriz,21586,78835444,9719254
demo_matriz,21587,78835452,9719255
demo_matriz,21588,78835460,9719256
demo_matriz,21589,78835472,9719258
demo_matriz,21590,78835480,9719259
demo_matriz,21591,78835488,9719260
demo_matriz,21592,78835508,9719262
demo_matriz,21593,78835516,9719263
demo_matriz,21594,78835524,9719264
demo_matriz,21595,78835544,9719267
demo_matriz,21596,78835552,9719268
demo_matriz,21597,78835560,9719269
demo_matriz,21598,78835580,9719271
demo_matriz,21599,78835588,9719272
demo_matriz,21600,78835596,9719273
demo_matriz,21601,78835616,9719276
demo_matriz,21602,78835624,9719277
demo_matriz,21603,78835628,9719277
demo_matriz,21604,137422174408,17177636625
demo_matriz,21605,78835636,9719278
demo_matriz,21606,76375085,9411709
demo_matriz,21607,78828714,9718413
demo_matriz,21608,76375093,9411710
demo_matriz,21609,78828722,9718414
demo_matriz,21610,78828725,9718414
demo_matriz,21611,76375096,9411711
demo_matriz,21612,137422174312,17177636613
demo_matriz,21613,137422174392,17177636623
demo_matriz,21614,76389912,9413563
demo_matriz,21615,137422174400,17177636624
demo_matriz,21616,76389918,9413563
demo_matriz,21617,76389924,9413564
demo_matriz,21618,76389936,9413566
demo_matriz,21619,137422174384,17177636622
demo_matriz,21620,75736456,9331881
demo_matriz,21621,76389928,9413565
demo_matriz,21622,76389932,9413565
demo_matriz,21623,75736400,9331874
demo_matriz,21624,137422174376,17177636621
demo_matriz,21625,75739192,9332223
demo_matriz,21626,75739256,9332231
demo_matriz,21627,80787880,9963309
demo_matriz,21628,75740006,9332324
demo_matriz,21629,67336864,8281932
demo_matriz,21630,75739576,9332271
demo_matriz,21631,80788104,9963337
demo_matriz,21632,75739152,9332218
demo_matriz,21633,78835416,9719251
demo_matriz,21634,78835424,9719252
demo_matriz,21635,78835432,9719253
demo_matriz,21636,78835444,9719254
demo_matriz,21637,78835452,9719255
demo_matriz,21638,78835460,9719256
demo_matriz,21639,78835472,9719258
demo_matriz,21640,78835480,9719259
demo_matriz,21641,78835488,9719260
demo_matriz,21642,78835508,9719262
demo_matriz,21643,78835516,9719263
demo_matriz,21644,78835524,9719264
demo_matriz,21645,78835544,9719267
demo_matriz,21646,78835552,9719268
demo_matriz,21647,78835560,9719269
demo_matriz,21648,78835580,9719271
demo_matriz,21649,78835588,9719272
demo_matriz,21650,78835596,9719273
demo_matriz,21651,78835616,9719276
demo_matriz,21652,78835624,9719277
demo_matriz,21653,78835632,9719278
demo_matriz,21654,78835652,9719280
demo_matriz,21655,78835660,9719281
demo_matriz,21656,78835668,9719282
demo_matriz,21657,78835688,9719285
demo_matriz,21658,78835696,9719286
demo_matriz,21659,78835704,9719287
demo_matriz,21660,78835724,9719289
demo_matriz,21661,78835732,9719290
demo_matriz,21662,78835740,9719291
demo_matriz,21663,78835760,9719294
demo_matriz,21664,78835768,9719295
demo_matriz,21665,78835776,9719296
demo_matriz,21666,78835796,9719298
demo_matriz,21667,78835804,9719299
demo_matriz,21668,78835812,9719300
demo_matriz,21669,78835832,9719303
demo_matriz,21670,78835840,9719304
demo_matriz,21671,78835848,9719305
demo_matriz,21672,78835868,9719307
demo_matriz,21673,78835876,9719308
demo_matriz,21674,78835884,9719309
demo_matriz,21675,78835904,9719312
demo_matriz,21676,78835912,9719313
demo_matriz,21677,78835920,9719314
demo_matriz,21678,78835940,9719316
demo_matriz,21679,78835948,9719317
demo_matriz,21680,78835956,9719318
demo_matriz,21681,78835976,9719321
demo_matriz,21682,78835984,9719322
demo_matriz,21683,78835992,9719323
demo_matriz,21684,78836012,9719325
demo_matriz,21685,78836020,9719326
demo_matriz,21686,78836028,9719327
demo_matriz,21687,78836048,9719330
demo_matriz,21688,78836056,9719331
demo_matriz,21689,78836064,9719332
demo_matriz,21690,78836084,9719334
demo_matriz,21691,78836092,9719335
demo_matriz,21692,78836100,9719336
demo_matriz,21693,78836120,9719339
demo_matriz,21694,78836128,9719340
demo_matriz,21695,78836132,9719340
demo_matriz,21696,137422174408,17177636625
demo_matriz,21697,78836140,9719341
demo_matriz,21698,67294556,8276643
demo_matriz,21699,76375088,9411710
demo_matriz,21700,78828848,9718430
demo_matriz,21701,76375088,9411710
demo_matriz,21702,78828864,9718432
demo_matriz,21703,76375104,9411712
demo_matriz,21704,78828873,9718433
demo_matriz,21705,76375107,9411712
demo_matriz,21706,137422174312,17177636613
demo_matriz,21707,137422174392,17177636623
demo_matriz,21708,76389928,9413565
demo_matriz,21709,137422174400,17177636624
demo_matriz,21710,76389934,9413565
demo_matriz,21711,76389940,9413566
demo_matriz,21712,76389952,9413568
demo_matriz,21713,137422174384,17177636622
demo_matriz,21714,75736456,9331881
demo_matriz,21715,76389944,9413567
demo_matriz,21716,76389948,9413567
demo_matriz,21717,75736400,9331874
demo_matriz,21718,137422174376,17177636621
demo_matriz,21719,75739192,9332223
demo_matriz,21720,75739256,9332231
demo_matriz,21721,80787880,9963309
demo_matriz,21722,75740006,9332324
demo_matriz,21723,67336864,8281932
demo_matriz,21724,75739576,9332271
demo_matriz,21725,80788104,9963337
demo_matriz,21726,75739152,9332218
demo_matriz,21727,78835416,9719251
demo_matriz,21728,78835424,9719252
demo_matriz,21729,78835432,9719253
demo_matriz,21730,78835444,9719254
demo_matriz,21731,78835452,9719255
demo_matriz,21732,78835460,9719256
demo_matriz,21733,78835472,9719258
demo_matriz,21734,78835480,9719259
demo_matriz,21735,78835488,9719260
demo_matriz,21736,78835508,9719262
demo_matriz,21737,78835516,9719263
demo_matriz,21738,78835520,9719264
demo_matriz,21739,137422174408,17177636625
demo_matriz,21740,78835528,9719265
demo_matriz,21741,76374932,9411690
demo_matriz,21742,78828680,9718409
demo_matriz,21743,76374940,9411691
demo_matriz,21744,78828688,9718410
demo_matriz,21745,78828689,9718410
demo_matriz,21746,76374941,9411691
demo_matriz,21747,137422174312,17177636613
demo_matriz,21748,137422174392,17177636623
demo_matriz,21749,76389944,9413567
demo_matriz,21750,137422174400,17177636624
demo_matriz,21751,76389950,9413567
demo_matriz,21752,76389956,9413568
demo_matriz,21753,76389968,9413570
demo_matriz,21754,137422174384,17177636622
demo_matriz,21755,75736456,9331881
demo_matriz,21756,76389960,9413569
demo_matriz,21757,76389964,9413569
demo_matriz,21758,75736400,9331874
demo_matriz,21759,137422174376,17177636621
demo_matriz,21760,75739192,9332223
demo_matriz,21761,75739256,9332231
demo_matriz,21762,80787880,9963309
demo_matriz,21763,75740006,9332324
demo_matriz,21764,67336864,8281932
demo_matriz,21765,75739576,9332271
demo_matriz,21766,80788104,9963337
demo_matriz,21767,75739152,9332218
demo_matriz,21768,78835416,9719251
demo_matriz,21769,78835424,9719252
demo_matriz,21770,78835432,9719253
demo_matriz,21771,78835444,9719254
demo_matriz,21772,78835452,9719255
demo_matriz,21773,78835460,9719256
demo_matriz,21774,78835472,9719258
demo_matriz,21775,78835480,9719259
demo_matriz,21776,78835488,9719260
demo_matriz,21777,78835508,9719262
demo_matriz,21778,78835516,9719263
demo_matriz,21779,78835524,9719264
demo_matriz,21780,78835544,9719267
demo_matriz,21781,78835552,9719268
demo_matriz,21782,78835560,9719269
demo_matriz,21783,78835580,9719271
demo_matriz,21784,78835588,9719272
demo_matriz,21785,78835596,9719273
demo_matriz,21786,78835616,9719276
demo_matriz,21787,78835624,9719277
demo_matriz,21788,78835632,9719278
demo_matriz,21789,78835652,9719280
demo_matriz,21790,78835660,9719281
demo_matriz,21791,78835668,9719282
demo_matriz,21792,78835688,9719285
demo_matriz,21793,78835696,9719286
demo_matriz,21794,78835704,9719287
demo_matriz,21795,78835724,9719289
demo_matriz,21796,78835732,9719290
demo_matriz,21797,78835740,9719291
demo_matriz,21798,78835760,9719294
demo_matriz,21799,78835768,9719295
demo_matriz,21800,78835776,9719296
demo_matriz,21801,78835796,9719298
demo_matriz,21802,78835804,9719299
demo_matriz,21803,78835812,9719300
demo_matriz,21804,78835832,9719303
demo_matriz,21805,78835840,9719304
demo_matriz,21806,78835848,9719305
demo_matriz,21807,78835868,9719307
demo_matriz,21808,78835876,9719308
demo_matriz,21809,78835884,9719309
demo_matriz,21810,78835904,9719312
demo_matriz,21811,78835912,9719313
demo_matriz,21812,78835920,9719314
demo_matriz,21813,78835940,9719316
demo_matriz,21814,78835948,9719317
demo_matriz,21815,78835956,9719318
demo_matriz,21816,78835976,9719321
demo_matriz,21817,78835984,9719322
demo_matriz,21818,78835992,9719323
demo_matriz,21819,78836012,9719325
demo_matriz,21820,78836020,9719326
demo_matriz,21821,78836028,9719327
demo_matriz,21822,78836048,9719330
demo_matriz,21823,78836056,9719331
demo_matriz,21824,78836064,9719332
demo_matriz,21825,78836084,9719334
demo_matriz,21826,78836092,9719335
demo_matriz,21827,78836100,9719336
demo_matriz,21828,78836120,9719339
demo_matriz,21829,78836128,9719340
demo_matriz,21830,78836136,9719341
demo_matriz,21831,78836156,9719343
demo_matriz,21832,78836164,9719344
demo_matriz,21833,78836172,9719345
demo_matriz,21834,78836192,9719348
demo_matriz,21835,78836200,9719349
demo_matriz,21836,78836208,9719350
demo_matriz,21837,78836228,9719352
demo_matriz,21838,78836236,9719353
demo_matriz,21839,78836244,9719354
demo_matriz,21840,78836264,9719357
demo_matriz,21841,78836272,9719358
demo_matriz,21842,78836280,9719359
demo_matriz,21843,78836300,9719361
demo_matriz,21844,78836308,9719362
demo_matriz,21845,78836316,9719363
demo_matriz,21846,78836336,9719366
demo_matriz,21847,78836344,9719367
demo_matriz,21848,78836352,9719368
demo_matriz,21849,78836372,9719370
demo_matriz,21850,78836380,9719371
demo_matriz,21851,78836388,9719372
demo_matriz,21852,78836408,9719375
demo_matriz,21853,78836416,9719376
demo_matriz,21854,78836424,9719377
demo_matriz,21855,78836444,9719379
demo_matriz,21856,78836452,9719380
demo_matriz,21857,78836460,9719381
demo_matriz,21858,78836480,9719384
demo_matriz,21859,78836488,9719385
demo_matriz,21860,78836496,9719386
demo_matriz,21861,78836516,9719388
demo_matriz,21862,78836524,9719389
demo_matriz,21863,78836532,9719390
demo_matriz,21864,78836552,9719393
demo_matriz,21865,78836560,9719394
demo_matriz,21866,78836568,9719395
demo_matriz,21867,78836588,9719397
demo_matriz,21868,78836596,9719398
demo_matriz,21869,78836604,9719399
demo_matriz,21870,78836624,9719402
demo_matriz,21871,78836632,9719403
demo_matriz,21872,78836640,9719404
demo_matriz,21873,78836660,9719406
demo_matriz,21874,78836668,9719407
demo_matriz,21875,78836676,9719408
demo_matriz,21876,78836696,9719411
demo_matriz,21877,78836704,9719412
demo_matriz,21878,78836708,9719412
demo_matriz,21879,137422174408,17177636625
demo_matriz,21880,78836716,9719413
demo_matriz,21881,76375108,9411712
demo_matriz,21882,78829039,9718453
demo_matriz,21883,76375116,9411713
demo_matriz,21884,78829047,9718454
demo_matriz,21885,78829049,9718455
demo_matriz,21886,76375118,9411713
demo_matriz,21887,137422174312,17177636613
demo_matriz,21888,137422174392,17177636623
demo_matriz,21889,76389960,9413569
demo_matriz,21890,137422174400,17177636624
demo_matriz,21891,76389966,9413569
demo_matriz,21892,76389972,9413570
demo_matriz,21893,76389984,9413572
demo_matriz,21894,137422174384,17177636622
demo_matriz,21895,75736456,9331881
demo_matriz,21896,76389976,9413571
demo_matriz,21897,76389980,9413571
demo_matriz,21898,75736400,9331874
demo_matriz,21899,137422174376,17177636621
demo_matriz,21900,75739192,9332223
demo_matriz,21901,75739256,9332231
demo_matriz,21902,80787880,9963309
demo_matriz,21903,75740006,9332324
demo_matriz,21904,67336864,8281932
demo_matriz,21905,75739576,9332271
demo_matriz,21906,80788104,9963337
demo_matriz,21907,75739152,9332218
demo_matriz,21908,78835416,9719251
demo_matriz,21909,78835424,9719252
demo_matriz,21910,78835432,9719253
demo_matriz,21911,78835444,9719254
demo_matriz,21912,78835452,9719255
demo_matriz,21913,78835460,9719256
demo_matriz,21914,78835472,9719258
demo_matriz,21915,78835480,9719259
demo_matriz,21916,78835488,9719260
demo_matriz,21917,78835508,9719262
demo_matriz,21918,78835516,9719263
demo_matriz,21919,78835524,9719264
demo_matriz,21920,78835544,9719267
demo_matriz,21921,78835552,9719268
demo_matriz,21922,78835556,9719268
demo_matriz,21923,137422174408,17177636625
demo_matriz,21924,78835564,9719269
demo_matriz,21925,76375119,9411713
demo_matriz,21926,78828690,9718410
demo_matriz,21927,76375127,9411714
demo_matriz,21928,78828698,9718411
demo_matriz,21929,78828701,9718411
demo_matriz,21930,76375130,9411715
demo_matriz,21931,137422174312,17177636613
demo_matriz,21932,137422174392,17177636623
demo_matriz,21933,76389976,9413571
demo_matriz,21934,137422174400,17177636624
demo_matriz,21935,76389982,9413571
demo_matriz,21936,76389988,9413572
demo_matriz,21937,76390000,9413574
demo_matriz,21938,137422174384,17177636622
demo_matriz,21939,75736456,9331881
demo_matriz,21940,76389992,9413573
demo_matriz,21941,76389996,9413573
demo_matriz,21942,75736400,9331874
demo_matriz,21943,137422174376,17177636621
demo_matriz,21944,75739192,9332223
demo_matriz,21945,75739256,9332231
demo_matriz,21946,80787880,9963309
demo_matriz,21947,75740006,9332324
demo_matriz,21948,67336864,8281932
demo_matriz,21949,75739576,9332271
demo_matriz,21950,80788104,9963337
demo_matriz,21951,75739152,9332218
demo_matriz,21952,78835416,9719251
demo_matriz,21953,78835424,9719252
demo_matriz,21954,78835432,9719253
demo_matriz,21955,78835444,9719254
demo_matriz,21956,78835452,9719255
demo_matriz,21957,78835460,9719256
demo_matriz,21958,78835472,9719258
demo_matriz,21959,78835480,9719259
demo_matriz,21960,78835488,9719260
demo_matriz,21961,78835508,9719262
demo_matriz,21962,78835516,9719263
demo_matriz,21963,78835524,9719264
demo_matriz,21964,78835544,9719267
demo_matriz,21965,78835552,9719268
demo_matriz,21966,78835560,9719269
demo_matriz,21967,78835580,9719271
demo_matriz,21968,78835588,9719272
demo_matriz,21969,78835596,9719273
demo_matriz,21970,78835616,9719276
demo_matriz,21971,78835624,9719277
demo_matriz,21972,78835632,9719278
demo_matriz,21973,78835652,9719280
demo_matriz,21974,78835660,9719281
demo_matriz,21975,78835668,9719282
demo_matriz,21976,78835688,9719285
demo_matriz,21977,78835696,9719286
demo_matriz,21978,78835704,9719287
demo_matriz,21979,78835724,9719289
demo_matriz,21980,78835732,9719290
demo_matriz,21981,78835740,9719291
demo_matriz,21982,78835760,9719294
demo_matriz,21983,78835768,9719295
demo_matriz,21984,78835776,9719296
demo_matriz,21985,78835796,9719298
demo_matriz,21986,78835804,9719299
demo_matriz,21987,78835812,9719300
demo_matriz,21988,78835832,9719303
demo_matriz,21989,78835840,9719304
demo_matriz,21990,78835848,9719305
demo_matriz,21991,78835868,9719307
demo_matriz,21992,78835876,9719308
demo_matriz,21993,78835884,9719309
demo_matriz,21994,78835904,9719312
demo_matriz,21995,78835912,9719313
demo_matriz,21996,78835920,9719314
demo_matriz,21997,78835940,9719316
demo_matriz,21998,78835948,9719317
demo_matriz,21999,78835956,9719318
demo_matriz,22000,78835976,9719321
demo_matriz,22001,78835984,9719322
demo_matriz,22002,78835992,9719323
demo_matriz,22003,78836012,9719325
demo_matriz,22004,78836020,9719326
demo_matriz,22005,78836028,9719327
demo_matriz,22006,78836048,9719330
demo_matriz,22007,78836056,9719331
demo_matriz,22008,78836064,9719332
demo_matriz,22009,78836084,9719334
demo_matriz,22010,78836092,9719335
demo_matriz,22011,78836100,9719336
demo_matriz,22012,78836120,9719339
demo_matriz,22013,78836128,9719340
demo_matriz,22014,78836136,9719341
demo_matriz,22015,78836156,9719343
demo_matriz,22016,78836164,9719344
demo_matriz,22017,78836172,9719345
demo_matriz,22018,78836192,9719348
demo_matriz,22019,78836200,9719349
demo_matriz,22020,78836208,9719350
demo_matriz,22021,78836228,9719352
demo_matriz,22022,78836236,9719353
demo_matriz,22023,78836244,9719354
demo_matriz,22024,78836264,9719357
demo_matriz,22025,78836272,9719358
demo_matriz,22026,78836280,9719359
demo_matriz,22027,78836300,9719361
demo_matriz,22028,78836308,9719362
demo_matriz,22029,78836316,9719363
demo_matriz,22030,78836336,9719366
demo_matriz,22031,78836344,9719367
demo_matriz,22032,78836352,9719368
demo_matriz,22033,78836372,9719370
demo_matriz,22034,78836380,9719371
demo_matriz,22035,78836388,9719372
demo_matriz,22036,78836408,9719375
demo_matriz,22037,78836416,9719376
demo_matriz,22038,78836424,9719377
demo_matriz,22039,78836444,9719379
demo_matriz,22040,78836452,9719380
demo_matriz,22041,78836460,9719381
demo_matriz,22042,78836480,9719384
demo_matriz,22043,78836488,9719385
demo_matriz,22044,78836496,9719386
demo_matriz,22045,78836516,9719388
demo_matriz,22046,78836524,9719389
demo_matriz,22047,78836532,9719390
demo_matriz,22048,78836552,9719393
demo_matriz,22049,78836560,9719394
demo_matriz,22050,78836568,9719395
demo_matriz,22051,78836588,9719397
demo_matriz,22052,78836596,9719398
demo_matriz,22053,78836604,9719399
demo_matriz,22054,78836624,9719402
demo_matriz,22055,78836632,9719403
demo_matriz,22056,78836636,9719403
demo_matriz,22057,137422174408,17177636625
demo_matriz,22058,78836644,9719404
demo_matriz,22059,76375131,9411715
demo_matriz,22060,78829017,9718451
demo_matriz,22061,76375139,9411716
demo_matriz,22062,78829025,9718452
demo_matriz,22063,78829027,9718452
demo_matriz,22064,76375141,9411716
demo_matriz,22065,137422174312,17177636613
demo_matriz,22066,137422174392,17177636623
demo_matriz,22067,76389992,9413573
demo_matriz,22068,137422174400,17177636624
demo_matriz,22069,76389998,9413573
demo_matriz,22070,76390004,9413574
demo_matriz,22071,76390016,9413576
demo_matriz,22072,137422174384,17177636622
demo_matriz,22073,75736456,9331881
demo_matriz,22074,76390008,9413575
demo_matriz,22075,76390012,9413575
demo_matriz,22076,75736400,9331874
demo_matriz,22077,137422174376,17177636621
demo_matriz,22078,75739192,9332223
demo_matriz,22079,75739256,9332231
demo_matriz,22080,80787880,9963309
demo_matriz,22081,75740006,9332324
demo_matriz,22082,67336864,8281932
demo_matriz,22083,75739576,9332271
demo_matriz,22084,80788104,9963337
demo_matriz,22085,75739152,9332218
demo_matriz,22086,78835416,9719251
demo_matriz,22087,78835424,9719252
demo_matriz,22088,78835432,9719253
demo_matriz,22089,78835444,9719254
demo_matriz,22090,78835452,9719255
demo_matriz,22091,78835456,9719256
demo_matriz,22092,137422174408,17177636625
demo_matriz,22093,78835464,9719257
demo_matriz,22094,76374920,9411689
demo_matriz,22095,78828656,9718406
demo_matriz,22096,76374928,9411690
demo_matriz,22097,78828664,9718407
demo_matriz,22098,78828667,9718407
demo_matriz,22099,76374931,9411690
demo_matriz,22100,137422174312,17177636613
demo_matriz,22101,137422174392,17177636623
demo_matriz,22102,76390008,9413575
demo_matriz,22103,137422174400,17177636624
demo_matriz,22104,76390014,9413575
demo_matriz,22105,76390020,9413576
demo_matriz,22106,137422174344,17177636617
demo_matriz,22107,76389748,9413542
demo_matriz,22108,137422174320,17177636614
demo_matriz,22109,137422174384,17177636622
demo_matriz,22110,137422174328,17177636615
demo_matriz,22111,78458616,9672151
demo_matriz,22112,75736448,9331880
demo_matriz,22113,76387724,9413289
demo_matriz,22114,137422174408,17177636625
demo_matriz,22115,76387736,9413291
demo_matriz,22116,76387752,9413293
demo_matriz,22117,76387764,9413294
demo_matriz,22118,76387780,9413296
demo_matriz,22119,76387792,9413298
demo_matriz,22120,76387816,9413301
demo_matriz,22121,76387828,9413302
demo_matriz,22122,76387852,9413305
demo_matriz,22123,76387864,9413307
demo_matriz,22124,76387888,9413310
demo_matriz,22125,76387900,9413311
demo_matriz,22126,76387924,9413314
demo_matriz,22127,76387936,9413316
demo_matriz,22128,76387960,9413319
demo_matriz,22129,76387972,9413320
demo_matriz,22130,76387996,9413323
demo_matriz,22131,76388008,9413325
demo_matriz,22132,76388032,9413328
demo_matriz,22133,76388044,9413329
demo_matriz,22134,76388068,9413332
demo_matriz,22135,76388080,9413334
demo_matriz,22136,76388104,9413337
demo_matriz,22137,76388116,9413338
demo_matriz,22138,76388140,9413341
demo_matriz,22139,76388152,9413343
demo_matriz,22140,76388176,9413346
demo_matriz,22141,76388188,9413347
demo_matriz,22142,76388212,9413350
demo_matriz,22143,76388224,9413352
demo_matriz,22144,76388248,9413355
demo_matriz,22145,76388260,9413356
demo_matriz,22146,76388284,9413359
demo_matriz,22147,76388296,9413361
demo_matriz,22148,76388320,9413364
demo_matriz,22149,76388332,9413365
demo_matriz,22150,76388356,9413368
demo_matriz,22151,76388368,9413370
demo_matriz,22152,76388392,9413373
demo_matriz,22153,76388404,9413374
demo_matriz,22154,76388428,9413377
demo_matriz,22155,76388440,9413379
demo_matriz,22156,76388464,9413382
demo_matriz,22157,76388476,9413383
demo_matriz,22158,76388500,9413386
demo_matriz,22159,76388512,9413388
demo_matriz,22160,76388536,9413391
demo_matriz,22161,76388548,9413392
demo_matriz,22162,76388572,9413395
demo_matriz,22163,76388584,9413397
demo_matriz,22164,76388608,9413400
demo_matriz,22165,76388620,9413401
demo_matriz,22166,76388644,9413404
demo_matriz,22167,76388656,9413406
demo_matriz,22168,76388680,9413409
demo_matriz,22169,76388692,9413410
demo_matriz,22170,76388716,9413413
demo_matriz,22171,76388728,9413415
demo_matriz,22172,76388752,9413418
demo_matriz,22173,76388764,9413419
demo_matriz,22174,76388788,9413422
demo_matriz,22175,76388800,9413424
demo_matriz,22176,76388824,9413427
demo_matriz,22177,76388836,9413428
demo_matriz,22178,76388860,9413431
demo_matriz,22179,76388872,9413433
demo_matriz,22180,76388896,9413436
demo_matriz,22181,76388908,9413437
demo_matriz,22182,76388932,9413440
demo_matriz,22183,76388944,9413442
demo_matriz,22184,76388968,9413445
demo_matriz,22185,76388980,9413446
demo_matriz,22186,76388996,9413448
demo_matriz,22187,76389008,9413450
demo_matriz,22188,76389032,9413453
demo_matriz,22189,76389044,9413454
demo_matriz,22190,76389068,9413457
demo_matriz,22191,76389080,9413459
demo_matriz,22192,76389104,9413462
demo_matriz,22193,76389116,9413463
demo_matriz,22194,76389140,9413466
demo_matriz,22195,76389152,9413468
demo_matriz,22196,76389176,9413471
demo_matriz,22197,76389188,9413472
demo_matriz,22198,76389212,9413475
demo_matriz,22199,76389224,9413477
demo_matriz,22200,76389248,9413480
demo_matriz,22201,76389260,9413481
demo_matriz,22202,76389284,9413484
demo_matriz,22203,76389296,9413486
demo_matriz,22204,76389320,9413489
demo_matriz,22205,76389332,9413490
demo_matriz,22206,76389356,9413493
demo_matriz,22207,76389368,9413495
demo_matriz,22208,76389392,9413498
demo_matriz,22209,76389404,9413499
demo_matriz,22210,76389428,9413502
demo_matriz,22211,76389440,9413504
demo_matriz,22212,76389464,9413507
demo_matriz,22213,76389476,9413508
demo_matriz,22214,76389500,9413511
demo_matriz,22215,76389512,9413513
demo_matriz,22216,76389536,9413516
demo_matriz,22217,76389548,9413517
demo_matriz,22218,76389564,9413519
demo_matriz,22219,76389576,9413521
demo_matriz,22220,137422174408,17177636625
demo_matriz,22221,137422174408,17177636625
demo_matriz,22222,67336736,8281916
demo_matriz,22223,67336720,8281914
demo_matriz,22224,67342736,8282666
demo_matriz,22225,67342744,8282667
demo_matriz,22226,67336888,8281935
demo_matriz,22227,137422174240,17177636604
demo_matriz,22228,137422174248,17177636605
demo_matriz,22229,137422174256,17177636606
demo_matriz,22230,137422174264,17177636607
demo_matriz,22231,67342592,8282648
demo_matriz,22232,137422174264,17177636607
demo_matriz,22233,67342736,8282666
demo_matriz,22234,137422174280,17177636609
demo_matriz,22235,137422174288,17177636610
demo_matriz,22236,137422174296,17177636611
demo_matriz,22237,137422174304,17177636612
demo_matriz,22238,137422174312,17177636613
demo_matriz,22239,137422174400,17177636624
demo_matriz,22240,75736968,9331945
demo_matriz,22241,78458680,9672159
demo_matriz,22242,75737302,9331986
demo_matriz,22243,75736448,9331880
demo_matriz,22244,78458648,9672155
demo_matriz,22245,76389600,9413524
demo_matriz,22246,76389614,9413525
demo_matriz,22247,76389608,9413525
demo_matriz,22248,76389616,9413526
demo_matriz,22249,76389596,9413523
demo_matriz,22250,76389620,9413526
demo_matriz,22251,76389604,9413524
demo_matriz,22252,76389632,9413528
demo_matriz,22253,76389646,9413529
demo_matriz,22254,76389640,9413529
demo_matriz,22255,76389648,9413530
demo_matriz,22256,76389628,9413527
demo_matriz,22257,76389652,9413530
demo_matriz,22258,76389636,9413528
demo_matriz,22259,76389664,9413532
demo_matriz,22260,76389678,9413533
demo_matriz,22261,76389672,9413533
demo_matriz,22262,76389680,9413534
demo_matriz,22263,76389660,9413531
demo_matriz,22264,76389684,9413534
demo_matriz,22265,76389694,9413535
demo_matriz,22266,76389688,9413535
demo_matriz,22267,76389696,9413536
demo_matriz,22268,76389660,9413531
demo_matriz,22269,76389700,9413536
demo_matriz,22270,76389710,9413537
demo_matriz,22271,76389704,9413537
demo_matriz,22272,76389712,9413538
demo_matriz,22273,76389660,9413531
demo_matriz,22274,76389716,9413538
demo_matriz,22275,76389726,9413539
demo_matriz,22276,76389720,9413539
demo_matriz,22277,76389728,9413540
demo_matriz,22278,76389660,9413531
demo_matriz,22279,76389732,9413540
demo_matriz,22280,76389668,9413532
demo_matriz,22281,76389744,9413542
demo_matriz,22282,76389758,9413543
demo_matriz,22283,76389752,9413543
demo_matriz,22284,76389760,9413544
demo_matriz,22285,76389740,9413541
demo_matriz,22286,76389764,9413544
demo_matriz,22287,76389774,9413545
demo_matriz,22288,76389768,9413545
demo_matriz,22289,76389776,9413546
demo_matriz,22290,76389740,9413541
demo_matriz,22291,76389780,9413546
demo_matriz,22292,76389790,9413547
demo_matriz,22293,76389784,9413547
demo_matriz,22294,76389792,9413548
demo_matriz,22295,76389740,9413541
demo_matriz,22296,76389796,9413548
demo_matriz,22297,76389806,9413549
demo_matriz,22298,76389800,9413549
demo_matriz,22299,76389808,9413550
demo_matriz,22300,76389740,9413541
demo_matriz,22301,76389812,9413550
demo_matriz,22302,76389822,9413551
demo_matriz,22303,76389816,9413551
demo_matriz,22304,76389824,9413552
demo_matriz,22305,76389740,9413541
demo_matriz,22306,76389828,9413552
demo_matriz,22307,76389838,9413553
demo_matriz,22308,76389832,9413553
demo_matriz,22309,76389840,9413554
demo_matriz,22310,76389740,9413541
demo_matriz,22311,76389844,9413554
demo_matriz,22312,76389854,9413555
demo_matriz,22313,76389848,9413555
demo_matriz,22314,76389856,9413556
demo_matriz,22315,76389740,9413541
demo_matriz,22316,76389860,9413556
demo_matriz,22317,76389870,9413557
demo_matriz,22318,76389864,9413557
demo_matriz,22319,76389872,9413558
demo_matriz,22320,76389740,9413541
demo_matriz,22321,76389876,9413558
demo_matriz,22322,76389886,9413559
demo_matriz,22323,76389880,9413559
demo_matriz,22324,76389888,9413560
demo_matriz,22325,76389740,9413541
demo_matriz,22326,76389892,9413560
demo_matriz,22327,76389902,9413561
demo_matriz,22328,76389896,9413561
demo_matriz,22329,76389904,9413562
demo_matriz,22330,76389740,9413541
demo_matriz,22331,76389908,9413562
demo_matriz,22332,76389918,9413563
demo_matriz,22333,76389912,9413563
demo_matriz,22334,76389920,9413564
demo_matriz,22335,76389740,9413541
demo_matriz,22336,76389924,9413564
demo_matriz,22337,76389934,9413565
demo_matriz,22338,76389928,9413565
demo_matriz,22339,76389936,9413566
demo_matriz,22340,76389740,9413541
demo_matriz,22341,76389940,9413566
demo_matriz,22342,76389950,9413567
demo_matriz,22343,76389944,9413567
demo_matriz,22344,76389952,9413568
demo_matriz,22345,76389740,9413541
demo_matriz,22346,76389956,9413568
demo_matriz,22347,76389966,9413569
demo_matriz,22348,76389960,9413569
demo_matriz,22349,76389968,9413570
demo_matriz,22350,76389740,9413541
demo_matriz,22351,76389972,9413570
demo_matriz,22352,76389982,9413571
demo_matriz,22353,76389976,9413571
demo_matriz,22354,76389984,9413572
demo_matriz,22355,76389740,9413541
demo_matriz,22356,76389988,9413572
demo_matriz,22357,76389998,9413573
demo_matriz,22358,76389992,9413573
demo_matriz,22359,76390000,9413574
demo_matriz,22360,76389740,9413541
demo_matriz,22361,76390004,9413574
demo_matriz,22362,76390014,9413575
demo_matriz,22363,76390008,9413575
demo_matriz,22364,76390016,9413576
demo_matriz,22365,76389740,9413541
demo_matriz,22366,76390020,9413576
demo_matriz,22367,76389748,9413542
demo_matriz,22368,78458616,9672151
demo_matriz,22369,76387722,9413289
demo_matriz,22370,76387736,9413291
demo_matriz,22371,76387750,9413292
demo_matriz,22372,76387760,9413294
demo_matriz,22373,76387752,9413293
demo_matriz,22374,76387756,9413293
demo_matriz,22375,76387768,9413295
demo_matriz,22376,76387764,9413294
demo_matriz,22377,76387778,9413296
demo_matriz,22378,76387788,9413297
demo_matriz,22379,76387780,9413296
demo_matriz,22380,76387784,9413297
demo_matriz,22381,76387796,9413298
demo_matriz,22382,76387792,9413298
demo_matriz,22383,76387814,9413300
demo_matriz,22384,76387824,9413302
demo_matriz,22385,76387816,9413301
demo_matriz,22386,76387820,9413301
demo_matriz,22387,76387832,9413303
demo_matriz,22388,76387828,9413302
demo_matriz,22389,76387850,9413305
demo_matriz,22390,76387860,9413306
demo_matriz,22391,76387852,9413305
demo_matriz,22392,76387856,9413306
demo_matriz,22393,76387868,9413307
demo_matriz,22394,76387864,9413307
demo_matriz,22395,76387886,9413309
demo_matriz,22396,76387896,9413311
demo_matriz,22397,76387888,9413310
demo_matriz,22398,76387892,9413310
demo_matriz,22399,76387904,9413312
demo_matriz,22400,76387900,9413311
demo_matriz,22401,76387922,9413314
demo_matriz,22402,76387932,9413315
demo_matriz,22403,76387924,9413314
demo_matriz,22404,76387928,9413315
demo_matriz,22405,76387940,9413316
demo_matriz,22406,76387936,9413316
demo_matriz,22407,76387958,9413318
demo_matriz,22408,76387968,9413320
demo_matriz,22409,76387960,9413319
demo_matriz,22410,76387964,9413319
demo_matriz,22411,76387976,9413321
demo_matriz,22412,76387972,9413320
demo_matriz,22413,76387994,9413323
demo_matriz,22414,76388004,9413324
demo_matriz,22415,76387996,9413323
demo_matriz,22416,76388000,9413324
demo_matriz,22417,76388012,9413325
demo_matriz,22418,76388008,9413325
demo_matriz,22419,76388030,9413327
demo_matriz,22420,76388040,9413329
demo_matriz,22421,76388032,9413328
demo_matriz,22422,76388036,9413328
demo_matriz,22423,76388048,9413330
demo_matriz,22424,76388044,9413329
demo_matriz,22425,76388066,9413332
demo_matriz,22426,76388076,9413333
demo_matriz,22427,76388068,9413332
demo_matriz,22428,76388072,9413333
demo_matriz,22429,76388084,9413334
demo_matriz,22430,76388080,9413334
demo_matriz,22431,76388102,9413336
demo_matriz,22432,76388112,9413338
demo_matriz,22433,76388104,9413337
demo_matriz,22434,76388108,9413337
demo_matriz,22435,76388120,9413339
demo_matriz,22436,76388116,9413338
demo_matriz,22437,76388138,9413341
demo_matriz,22438,76388148,9413342
demo_matriz,22439,76388140,9413341
demo_matriz,22440,76388144,9413342
demo_matriz,22441,76388156,9413343
demo_matriz,22442,76388152,9413343
demo_matriz,22443,76388174,9413345
demo_matriz,22444,76388184,9413347
demo_matriz,22445,76388176,9413346
demo_matriz,22446,76388180,9413346
demo_matriz,22447,76388192,9413348
demo_matriz,22448,76388188,9413347
demo_matriz,22449,76388210,9413350
demo_matriz,22450,76388220,9413351
demo_matriz,22451,76388212,9413350
demo_matriz,22452,76388216,9413351
demo_matriz,22453,76388228,9413352
demo_matriz,22454,76388224,9413352
demo_matriz,22455,76388246,9413354
demo_matriz,22456,76388256,9413356
demo_matriz,22457,76388248,9413355
demo_matriz,22458,76388252,9413355
demo_matriz,22459,76388264,9413357
demo_matriz,22460,76388260,9413356
demo_matriz,22461,76388282,9413359
demo_matriz,22462,76388292,9413360
demo_matriz,22463,76388284,9413359
demo_matriz,22464,76388288,9413360
demo_matriz,22465,76388300,9413361
demo_matriz,22466,76388296,9413361
demo_matriz,22467,76388318,9413363
demo_matriz,22468,76388328,9413365
demo_matriz,22469,76388320,9413364
demo_matriz,22470,76388324,9413364
demo_matriz,22471,76388336,9413366
demo_matriz,22472,76388332,9413365
demo_matriz,22473,76388354,9413368
demo_matriz,22474,76388364,9413369
demo_matriz,22475,76388356,9413368
demo_matriz,22476,76388360,9413369
demo_matriz,22477,76388372,9413370
demo_matriz,22478,76388368,9413370
demo_matriz,22479,76388390,9413372
demo_matriz,22480,76388400,9413374
demo_matriz,22481,76388392,9413373
demo_matriz,22482,76388396,9413373
demo_matriz,22483,76388408,9413375
demo_matriz,22484,76388404,9413374
demo_matriz,22485,76388426,9413377
demo_matriz,22486,76388436,9413378
demo_matriz,22487,76388428,9413377
demo_matriz,22488,76388432,9413378
demo_matriz,22489,76388444,9413379
demo_matriz,22490,76388440,9413379
demo_matriz,22491,76388462,9413381
demo_matriz,22492,76388472,9413383
demo_matriz,22493,76388464,9413382
demo_matriz,22494,76388468,9413382
demo_matriz,22495,76388480,9413384
demo_matriz,22496,76388476,9413383
demo_matriz,22497,76388498,9413386
demo_matriz,22498,76388508,9413387
demo_matriz,22499,76388500,9413386
demo_matriz,22500,76388504,9413387
demo_matriz,22501,76388516,9413388
demo_matriz,22502,76388512,9413388
demo_matriz,22503,76388534,9413390
demo_matriz,22504,76388544,9413392
demo_matriz,22505,76388536,9413391
demo_matriz,22506,76388540,9413391
demo_matriz,22507,76388552,9413393
demo_matriz,22508,76388548,9413392
demo_matriz,22509,76388570,9413395
demo_matriz,22510,76388580,9413396
demo_matriz,22511,76388572,9413395
demo_matriz,22512,76388576,9413396
demo_matriz,22513,76388588,9413397
demo_matriz,22514,76388584,9413397
demo_matriz,22515,76388606,9413399
demo_matriz,22516,76388616,9413401
demo_matriz,22517,76388608,9413400
demo_matriz,22518,76388612,9413400
demo_matriz,22519,76388624,9413402
demo_matriz,22520,76388620,9413401
demo_matriz,22521,76388642,9413404
demo_matriz,22522,76388652,9413405
demo_matriz,22523,76388644,9413404
demo_matriz,22524,76388648,9413405
demo_matriz,22525,76388660,9413406
demo_matriz,22526,76388656,9413406
demo_matriz,22527,76388678,9413408
demo_matriz,22528,76388688,9413410
demo_matriz,22529,76388680,9413409
demo_matriz,22530,76388684,9413409
demo_matriz,22531,76388696,9413411
demo_matriz,22532,76388692,9413410
demo_matriz,22533,76388714,9413413
demo_matriz,22534,76388724,9413414
demo_matriz,22535,76388716,9413413
demo_matriz,22536,76388720,9413414
demo_matriz,22537,76388732,9413415
demo_matriz,22538,76388728,9413415
demo_matriz,22539,76388750,9413417
demo_matriz,22540,76388760,9413419
demo_matriz,22541,76388752,9413418
demo_matriz,22542,76388756,9413418
demo_matriz,22543,76388768,9413420
demo_matriz,22544,76388764,9413419
demo_matriz,22545,76388786,9413422
demo_matriz,22546,76388796,9413423
demo_matriz,22547,76388788,9413422
demo_matriz,22548,76388792,9413423
demo_matriz,22549,76388804,9413424
demo_matriz,22550,76388800,9413424
demo_matriz,22551,76388822,9413426
demo_matriz,22552,76388832,9413428
demo_matriz,22553,76388824,9413427
demo_matriz,22554,76388828,9413427
demo_matriz,22555,76388840,9413429
demo_matriz,22556,76388836,9413428
demo_matriz,22557,76388858,9413431
demo_matriz,22558,76388868,9413432
demo_matriz,22559,76388860,9413431
demo_matriz,22560,76388864,9413432
demo_matriz,22561,76388876,9413433
demo_matriz,22562,76388872,9413433
demo_matriz,22563,76388894,9413435
demo_matriz,22564,76388904,9413437
demo_matriz,22565,76388896,9413436
demo_matriz,22566,76388900,9413436
demo_matriz,22567,76388912,9413438
demo_matriz,22568,76388908,9413437
demo_matriz,22569,76388930,9413440
demo_matriz,22570,76388940,9413441
demo_matriz,22571,76388932,9413440
demo_matriz,22572,76388936,9413441
demo_matriz,22573,76388948,9413442
demo_matriz,22574,76388944,9413442
demo_matriz,22575,76388966,9413444
demo_matriz,22576,76388976,9413446
demo_matriz,22577,76388968,9413445
demo_matriz,22578,76388972,9413445
demo_matriz,22579,76388984,9413447
demo_matriz,22580,76388980,9413446
demo_matriz,22581,76388994,9413448
demo_matriz,22582,76389004,9413449
demo_matriz,22583,76388996,9413448
demo_matriz,22584,76389000,9413449
demo_matriz,22585,76389012,9413450
demo_matriz,22586,76389008,9413450
demo_matriz,22587,76389030,9413452
demo_matriz,22588,76389040,9413454
demo_matriz,22589,76389032,9413453
demo_matriz,22590,76389036,9413453
demo_matriz,22591,76389048,9413455
demo_matriz,22592,76389044,9413454
demo_matriz,22593,76389066,9413457
demo_matriz,22594,76389076,9413458
demo_matriz,22595,76389068,9413457
demo_matriz,22596,76389072,9413458
demo_matriz,22597,76389084,9413459
demo_matriz,22598,76389080,9413459
demo_matriz,22599,76389102,9413461
demo_matriz,22600,76389112,9413463
demo_matriz,22601,76389104,9413462
demo_matriz,22602,76389108,9413462
demo_matriz,22603,76389120,9413464
demo_matriz,22604,76389116,9413463
demo_matriz,22605,76389138,9413466
demo_matriz,22606,76389148,9413467
demo_matriz,22607,76389140,9413466
demo_matriz,22608,76389144,9413467
demo_matriz,22609,76389156,9413468
demo_matriz,22610,76389152,9413468
demo_matriz,22611,76389174,9413470
demo_matriz,22612,76389184,9413472
demo_matriz,22613,76389176,9413471
demo_matriz,22614,76389180,9413471
demo_matriz,22615,76389192,9413473
demo_matriz,22616,76389188,9413472
demo_matriz,22617,76389210,9413475
demo_matriz,22618,76389220,9413476
demo_matriz,22619,76389212,9413475
demo_matriz,22620,76389216,9413476
demo_matriz,22621,76389228,9413477
demo_matriz,22622,76389224,9413477
demo_matriz,22623,76389246,9413479
demo_matriz,22624,76389256,9413481
demo_matriz,22625,76389248,9413480
demo_matriz,22626,76389252,9413480
demo_matriz,22627,76389264,9413482
demo_matriz,22628,76389260,9413481
demo_matriz,22629,76389282,9413484
demo_matriz,22630,76389292,9413485
demo_matriz,22631,76389284,9413484
demo_matriz,22632,76389288,9413485
demo_matriz,22633,76389300,9413486
demo_matriz,22634,76389296,9413486
demo_matriz,22635,76389318,9413488
demo_matriz,22636,76389328,9413490
demo_matriz,22637,76389320,9413489
demo_matriz,22638,76389324,9413489
demo_matriz,22639,76389336,9413491
demo_matriz,22640,76389332,9413490
demo_matriz,22641,76389354,9413493
demo_matriz,22642,76389364,9413494
demo_matriz,22643,76389356,9413493
demo_matriz,22644,76389360,9413494
demo_matriz,22645,76389372,9413495
demo_matriz,22646,76389368,9413495
demo_matriz,22647,76389390,9413497
demo_matriz,22648,76389400,9413499
demo_matriz,22649,76389392,9413498
demo_matriz,22650,76389396,9413498
demo_matriz,22651,76389408,9413500
demo_matriz,22652,76389404,9413499
demo_matriz,22653,76389426,9413502
demo_matriz,22654,76389436,9413503
demo_matriz,22655,76389428,9413502
demo_matriz,22656,76389432,9413503
demo_matriz,22657,76389444,9413504
demo_matriz,22658,76389440,9413504
demo_matriz,22659,76389462,9413506
demo_matriz,22660,76389472,9413508
demo_matriz,22661,76389464,9413507
demo_matriz,22662,76389468,9413507
demo_matriz,22663,76389480,9413509
demo_matriz,22664,76389476,9413508
demo_matriz,22665,76389498,9413511
demo_matriz,22666,76389508,9413512
demo_matriz,22667,76389500,9413511
demo_matriz,22668,76389504,9413512
demo_matriz,22669,76389516,9413513
demo_matriz,22670,76389512,9413513
demo_matriz,22671,76389534,9413515
demo_matriz,22672,76389544,9413517
demo_matriz,22673,76389536,9413516
demo_matriz,22674,76389540,9413516
demo_matriz,22675,76389552,9413518
demo_matriz,22676,76389548,9413517
demo_matriz,22677,76389562,9413519
demo_matriz,22678,76389572,9413520
demo_matriz,22679,76389564,9413519
demo_matriz,22680,76389568,9413520
demo_matriz,22681,76389580,9413521
demo_matriz,22682,76389576,9413521
demo_matriz,22683,75736520,9331889
demo_matriz,22684,75736800,9331924
demo_matriz,22685,137422174336,17177636616
demo_matriz,22686,137422174488,17177636635
demo_matriz,22687,137422174496,17177636636
demo_matriz,22688,137422174504,17177636637
demo_matriz,22689,137422174512,17177636638
demo_matriz,22690,137422174520,17177636639
demo_matriz,22691,137422174528,17177636640
demo_matriz,22692,137422174536,17177636641
demo_matriz,22693,75736472,9331883
demo_matriz,22694,75738661,9332156
demo_matriz,22695,75737912,9332063
demo_matriz,22696,78675544,9699267
demo_matriz,22697,75738662,9332156
demo_matriz,22698,75738216,9332101
demo_matriz,22699,75738232,9332103
demo_matriz,22700,78675752,9699293
demo_matriz,22701,75737808,9332050
demo_matriz,22702,78503920,9677814
demo_matriz,22703,137422174384,17177636622
demo_matriz,22704,78503924,9677814
demo_matriz,22705,75737856,9332056
demo_matriz,22706,67338240,8282104
demo_matriz,22707,67343080,8282709
demo_matriz,22708,67294560,8276644
demo_matriz,22709,78502640,9677654
demo_matriz,22710,67344560,8282894
demo_matriz,22711,67344568,8282895
demo_matriz,22712,78502643,9677654
demo_matriz,22713,137422174280,17177636609
demo_matriz,22714,67343128,8282715
demo_matriz,22715,67344544,8282892
demo_matriz,22716,67294560,8276644
demo_matriz,22717,78502640,9677654
demo_matriz,22718,67344560,8282894
demo_matriz,22719,67344568,8282895
demo_matriz,22720,78502643,9677654
demo_matriz,22721,137422174280,17177636609
demo_matriz,22722,67344552,8282893
demo_matriz,22723,137422174288,17177636610
demo_matriz,22724,137422174296,17177636611
demo_matriz,22725,137422174304,17177636612
demo_matriz,22726,137422174312,17177636613
demo_matriz,22727,67343096,8282711
demo_matriz,22728,75735048,9331705
demo_matriz,22729,67294568,8276645
demo_matriz,22730,67345184,8282972
demo_matriz,22731,78502640,9677654
demo_matriz,22732,67345184,8282972
demo_matriz,22733,78502643,9677654
demo_matriz,22734,137422174280,17177636609
demo_matriz,22735,75735096,9331711
demo_matriz,22736,75736256,9331856
demo_matriz,22737,67294560,8276644
demo_matriz,22738,78502640,9677654
demo_matriz,22739,75736272,9331858
demo_matriz,22740,75736280,9331859
demo_matriz,22741,78502643,9677654
demo_matriz,22742,137422174280,17177636609
demo_matriz,22743,75736264,9331857
demo_matriz,22744,137422174288,17177636610
demo_matriz,22745,137422174296,17177636611
demo_matriz,22746,137422174304,17177636612
demo_matriz,22747,137422174312,17177636613
demo_matriz,22748,75735064,9331707
demo_matriz,22749,75736456,9331881
demo_matriz,22750,67294568,8276645
demo_matriz,22751,75736400,9331874
demo_matriz,22752,78502640,9677654
demo_matriz,22753,75736400,9331874
demo_matriz,22754,78502643,9677654
demo_matriz,22755,137422174280,17177636609
demo_matriz,22756,75736504,9331887
demo_matriz,22757,75737664,9332032
demo_matriz,22758,67294560,8276644
demo_matriz,22759,78502640,9677654
demo_matriz,22760,75737680,9332034
demo_matriz,22761,75737689,9332035
demo_matriz,22762,78502644,9677654
demo_matriz,22763,137422174280,17177636609
demo_matriz,22764,75737672,9332033
demo_matriz,22765,137422174288,17177636610
demo_matriz,22766,137422174296,17177636611
demo_matriz,22767,137422174304,17177636612
demo_matriz,22768,137422174312,17177636613
demo_matriz,22769,75736472,9331883
demo_matriz,22770,75737816,9332051
demo_matriz,22771,67294568,8276645
demo_matriz,22772,75737760,9332044
demo_matriz,22773,78502640,9677654
demo_matriz,22774,75737760,9332044
demo_matriz,22775,78502643,9677654
demo_matriz,22776,137422174280,17177636609
demo_matriz,22777,75737864,9332057
demo_matriz,22778,75739024,9332202
demo_matriz,22779,67294560,8276644
demo_matriz,22780,78502640,9677654
demo_matriz,22781,75739040,9332204
demo_matriz,22782,75739049,9332205
demo_matriz,22783,78502644,9677654
demo_matriz,22784,137422174280,17177636609
demo_matriz,22785,75739032,9332203
demo_matriz,22786,137422174288,17177636610
demo_matriz,22787,137422174296,17177636611
demo_matriz,22788,137422174304,17177636612
demo_matriz,22789,137422174312,17177636613
demo_matriz,22790,75737832,9332053
demo_matriz,22791,75739160,9332219
demo_matriz,22792,67294568,8276645
demo_matriz,22793,75739120,9332214
demo_matriz,22794,78502640,9677654
demo_matriz,22795,75739120,9332214
demo_matriz,22796,78502643,9677654
demo_matriz,22797,137422174280,17177636609
demo_matriz,22798,75739208,9332225
demo_matriz,22799,75740368,9332370
demo_matriz,22800,67294560,8276644
demo_matriz,22801,78502640,9677654
demo_matriz,22802,75740384,9332372
demo_matriz,22803,75740393,9332373
demo_matriz,22804,78502644,9677654
demo_matriz,22805,137422174280,17177636609
demo_matriz,22806,75740376,9332371
demo_matriz,22807,137422174288,17177636610
demo_matriz,22808,137422174296,17177636611
demo_matriz,22809,137422174304,17177636612
demo_matriz,22810,137422174312,17177636613
demo_matriz,22811,75739176,9332221
demo_matriz,22812,75740520,9332389
demo_matriz,22813,67294568,8276645
demo_matriz,22814,75740480,9332384
demo_matriz,22815,78502640,9677654
demo_matriz,22816,75740480,9332384
demo_matriz,22817,78502643,9677654
demo_matriz,22818,137422174280,17177636609
demo_matriz,22819,75740568,9332395
demo_matriz,22820,75741728,9332540
demo_matriz,22821,67294560,8276644
demo_matriz,22822,78502640,9677654
demo_matriz,22823,75741744,9332542
demo_matriz,22824,75741753,9332543
demo_matriz,22825,78502644,9677654
demo_matriz,22826,137422174280,17177636609
demo_matriz,22827,75741736,9332541
demo_matriz,22828,137422174288,17177636610
demo_matriz,22829,137422174296,17177636611
demo_matriz,22830,137422174304,17177636612
demo_matriz,22831,137422174312,17177636613
demo_matriz,22832,75740536,9332391
demo_matriz,22833,67340984,8282447
demo_matriz,22834,67294560,8276644
demo_matriz,22835,78502640,9677654
demo_matriz,22836,1082128,90
demo_matriz,22837,1082136,91
demo_matriz,22838,78502643,9677654
demo_matriz,22839,137422174280,17177636609
demo_matriz,22840,67341032,8282453
demo_matriz,22841,67342976,8282696
demo_matriz,22842,67294560,8276644
demo_matriz,22843,78502640,9677654
demo_matriz,22844,1082128,90
demo_matriz,22845,1082136,91
demo_matriz,22846,78502643,9677654
demo_matriz,22847,137422174280,17177636609
demo_matriz,22848,67342984,8282697
demo_matriz,22849,67342912,8282688
demo_matriz,22850,67294572,8276645
demo_matriz,22851,67111872,8253808
demo_matriz,22852,78502640,9677654
demo_matriz,22853,67111872,8253808
demo_matriz,22854,78502656,9677656
demo_matriz,22855,67111888,8253810
demo_matriz,22856,67111893,8253810
demo_matriz,22857,78502663,9677656
demo_matriz,22858,137422174280,17177636609
demo_matriz,22859,137422174288,17177636610
demo_matriz,22860,137422174296,17177636611
demo_matriz,22861,137422174304,17177636612
demo_matriz,22862,137422174312,17177636613
demo_matriz,22863,137422174340,17177636616
demo_matriz,22864,78503928,9677815
demo_matriz,22865,137422174408,17177636625
demo_matriz,22866,78503944,9677817
demo_matriz,22867,137422174384,17177636622
demo_matriz,22868,75737816,9332051
demo_matriz,22869,78503936,9677816
demo_matriz,22870,78503940,9677816
demo_matriz,22871,75737760,9332044
demo_matriz,22872,137422174376,17177636621
demo_matriz,22873,67341016,8282451
demo_matriz,22874,67341080,8282459
demo_matriz,22875,67337872,8282058
demo_matriz,22876,67341830,8282552
demo_matriz,22877,67336864,8281932
demo_matriz,22878,67341400,8282499
demo_matriz,22879,67337984,8282072
demo_matriz,22880,67340976,8282446
demo_matriz,22881,67112048,8253830
demo_matriz,22882,67112056,8253831
demo_matriz,22883,67112064,8253832
demo_matriz,22884,67112076,8253833
demo_matriz,22885,67112084,8253834
demo_matriz,22886,67112092,8253835
demo_matriz,22887,67112104,8253837
demo_matriz,22888,67112112,8253838
demo_matriz,22889,67112116,8253838
demo_matriz,22890,137422174408,17177636625
demo_matriz,22891,67112124,8253839
demo_matriz,22892,78502825,9677677
demo_matriz,22893,67111906,8253812
demo_matriz,22894,78502833,9677678
demo_matriz,22895,67111914,8253813
demo_matriz,22896,67111915,8253813
demo_matriz,22897,78502834,9677678
demo_matriz,22898,137422174312,17177636613
demo_matriz,22899,137422174392,17177636623
demo_matriz,22900,78503936,9677816
demo_matriz,22901,137422174400,17177636624
demo_matriz,22902,78503942,9677816
demo_matriz,22903,78503948,9677817
demo_matriz,22904,137422174344,17177636617
demo_matriz,22905,78503932,9677815
demo_matriz,22906,137422174384,17177636622
demo_matriz,22907,78503956,9677818
demo_matriz,22908,75737856,9332056
demo_matriz,22909,67338240,8282104
demo_matriz,22910,67343080,8282709
demo_matriz,22911,67294576,8276646
demo_matriz,22912,67344560,8282894
demo_matriz,22913,78502624,9677652
demo_matriz,22914,67344568,8282895
demo_matriz,22915,78502633,9677653
demo_matriz,22916,137422174280,17177636609
demo_matriz,22917,67343128,8282715
demo_matriz,22918,67344544,8282892
demo_matriz,22919,67294576,8276646
demo_matriz,22920,67344560,8282894
demo_matriz,22921,78502624,9677652
demo_matriz,22922,67344568,8282895
demo_matriz,22923,78502633,9677653
demo_matriz,22924,137422174280,17177636609
demo_matriz,22925,67344552,8282893
demo_matriz,22926,137422174288,17177636610
demo_matriz,22927,137422174296,17177636611
demo_matriz,22928,137422174304,17177636612
demo_matriz,22929,137422174312,17177636613
demo_matriz,22930,67343096,8282711
demo_matriz,22931,75735048,9331705
demo_matriz,22932,78502633,9677653
demo_matriz,22933,67345184,8282972
demo_matriz,22934,78502641,9677654
demo_matriz,22935,67345192,8282973
demo_matriz,22936,67345184,8282972
demo_matriz,22937,78502633,9677653
demo_matriz,22938,137422174280,17177636609
demo_matriz,22939,75735096,9331711
demo_matriz,22940,75736256,9331856
demo_matriz,22941,78502633,9677653
demo_matriz,22942,75736280,9331859
demo_matriz,22943,78502641,9677654
demo_matriz,22944,75736288,9331860
demo_matriz,22945,75736280,9331859
demo_matriz,22946,78502633,9677653
demo_matriz,22947,137422174280,17177636609
demo_matriz,22948,75736264,9331857
demo_matriz,22949,137422174288,17177636610
demo_matriz,22950,137422174296,17177636611
demo_matriz,22951,137422174304,17177636612
demo_matriz,22952,137422174312,17177636613
demo_matriz,22953,75735064,9331707
demo_matriz,22954,75736456,9331881
demo_matriz,22955,78502633,9677653
demo_matriz,22956,75736400,9331874
demo_matriz,22957,78502641,9677654
demo_matriz,22958,75736408,9331875
demo_matriz,22959,75736400,9331874
demo_matriz,22960,78502633,9677653
demo_matriz,22961,137422174280,17177636609
demo_matriz,22962,75736504,9331887
demo_matriz,22963,75737664,9332032
demo_matriz,22964,78502633,9677653
demo_matriz,22965,75737688,9332035
demo_matriz,22966,78502641,9677654
demo_matriz,22967,75737696,9332036
demo_matriz,22968,75737691,9332035
demo_matriz,22969,78502636,9677653
demo_matriz,22970,137422174280,17177636609
demo_matriz,22971,75737672,9332033
demo_matriz,22972,137422174288,17177636610
demo_matriz,22973,137422174296,17177636611
demo_matriz,22974,137422174304,17177636612
demo_matriz,22975,137422174312,17177636613
demo_matriz,22976,75736472,9331883
demo_matriz,22977,75737816,9332051
demo_matriz,22978,78502633,9677653
demo_matriz,22979,75737760,9332044
demo_matriz,22980,78502641,9677654
demo_matriz,22981,75737768,9332045
demo_matriz,22982,75737760,9332044
demo_matriz,22983,78502633,9677653
demo_matriz,22984,137422174280,17177636609
demo_matriz,22985,75737864,9332057
demo_matriz,22986,75739024,9332202
demo_matriz,22987,78502633,9677653
demo_matriz,22988,75739048,9332205
demo_matriz,22989,78502641,9677654
demo_matriz,22990,75739056,9332206
demo_matriz,22991,75739051,9332205
demo_matriz,22992,78502636,9677653
demo_matriz,22993,137422174280,17177636609
demo_matriz,22994,75739032,9332203
demo_matriz,22995,137422174288,17177636610
demo_matriz,22996,137422174296,17177636611
demo_matriz,22997,137422174304,17177636612
demo_matriz,22998,137422174312,17177636613
demo_matriz,22999,75737832,9332053
demo_matriz,23000,75739160,9332219
demo_matriz,23001,78502633,9677653
demo_matriz,23002,75739120,9332214
demo_matriz,23003,78502641,9677654
demo_matriz,23004,75739128,9332215
demo_matriz,23005,75739120,9332214
demo_matriz,23006,78502633,9677653
demo_matriz,23007,137422174280,17177636609
demo_matriz,23008,75739208,9332225
demo_matriz,23009,75740368,9332370
demo_matriz,23010,78502633,9677653
demo_matriz,23011,75740392,9332373
demo_matriz,23012,78502641,9677654
demo_matriz,23013,75740400,9332374
demo_matriz,23014,75740401,9332374
demo_matriz,23015,78502642,9677654
demo_matriz,23016,137422174280,17177636609
demo_matriz,23017,137422174288,17177636610
demo_matriz,23018,137422174296,17177636611
demo_matriz,23019,137422174304,17177636612
demo_matriz,23020,137422174312,17177636613
demo_matriz,23021,137422174340,17177636616
demo_matriz,23022,78503960,9677819
demo_matriz,23023,137422174408,17177636625
demo_matriz,23024,78503976,9677821
demo_matriz,23025,137422174384,17177636622
demo_matriz,23026,75737816,9332051
demo_matriz,23027,78503968,9677820
demo_matriz,23028,78503972,9677820
demo_matriz,23029,75737760,9332044
demo_matriz,23030,137422174376,17177636621
demo_matriz,23031,75739192,9332223
demo_matriz,23032,75739256,9332231
demo_matriz,23033,80787880,9963309
demo_matriz,23034,75740006,9332324
demo_matriz,23035,67336864,8281932
demo_matriz,23036,75739576,9332271
demo_matriz,23037,80788104,9963337
demo_matriz,23038,75739152,9332218
demo_matriz,23039,78835416,9719251
demo_matriz,23040,78835424,9719252
demo_matriz,23041,78835432,9719253
demo_matriz,23042,78835444,9719254
demo_matriz,23043,78835452,9719255
demo_matriz,23044,78835460,9719256
demo_matriz,23045,78835472,9719258
demo_matriz,23046,78835480,9719259
demo_matriz,23047,78835488,9719260
demo_matriz,23048,78835508,9719262
demo_matriz,23049,78835516,9719263
demo_matriz,23050,78835524,9719264
demo_matriz,23051,78835544,9719267
demo_matriz,23052,78835552,9719268
demo_matriz,23053,78835560,9719269
demo_matriz,23054,78835580,9719271
demo_matriz,23055,78835588,9719272
demo_matriz,23056,78835596,9719273
demo_matriz,23057,78835616,9719276
demo_matriz,23058,78835624,9719277
demo_matriz,23059,78835628,9719277
demo_matriz,23060,137422174408,17177636625
demo_matriz,23061,78835636,9719278
demo_matriz,23062,67294552,8276643
demo_matriz,23063,78502832,9677678
demo_matriz,23064,78828704,9718412
demo_matriz,23065,78502832,9677678
demo_matriz,23066,78828720,9718414
demo_matriz,23067,78502848,9677680
demo_matriz,23068,78828725,9718414
demo_matriz,23069,78502846,9677679
demo_matriz,23070,137422174312,17177636613
demo_matriz,23071,137422174392,17177636623
demo_matriz,23072,78503968,9677820
demo_matriz,23073,137422174400,17177636624
demo_matriz,23074,78503974,9677820
demo_matriz,23075,78503980,9677821
demo_matriz,23076,78503992,9677823
demo_matriz,23077,137422174384,17177636622
demo_matriz,23078,75737816,9332051
demo_matriz,23079,78503984,9677822
demo_matriz,23080,78503988,9677822
demo_matriz,23081,75737760,9332044
demo_matriz,23082,137422174376,17177636621
demo_matriz,23083,75739192,9332223
demo_matriz,23084,75739256,9332231
demo_matriz,23085,80787880,9963309
demo_matriz,23086,75740006,9332324
demo_matriz,23087,67336864,8281932
demo_matriz,23088,75739576,9332271
demo_matriz,23089,80788104,9963337
demo_matriz,23090,75739152,9332218
demo_matriz,23091,78835416,9719251
demo_matriz,23092,78835424,9719252
demo_matriz,23093,78835432,9719253
demo_matriz,23094,78835444,9719254
demo_matriz,23095,78835452,9719255
demo_matriz,23096,78835460,9719256
demo_matriz,23097,78835472,9719258
demo_matriz,23098,78835480,9719259
demo_matriz,23099,78835488,9719260
demo_matriz,23100,78835508,9719262
demo_matriz,23101,78835516,9719263
demo_matriz,23102,78835524,9719264
demo_matriz,23103,78835544,9719267
demo_matriz,23104,78835552,9719268
demo_matriz,23105,78835560,9719269
demo_matriz,23106,78835580,9719271
demo_matriz,23107,78835588,9719272
demo_matriz,23108,78835596,9719273
demo_matriz,23109,78835616,9719276
demo_matriz,23110,78835624,9719277
demo_matriz,23111,78835632,9719278
demo_matriz,23112,78835652,9719280
demo_matriz,23113,78835660,9719281
demo_matriz,23114,78835668,9719282
demo_matriz,23115,78835688,9719285
demo_matriz,23116,78835696,9719286
demo_matriz,23117,78835704,9719287
demo_matriz,23118,78835724,9719289
demo_matriz,23119,78835732,9719290
demo_matriz,23120,78835740,9719291
demo_matriz,23121,78835760,9719294
demo_matriz,23122,78835768,9719295
demo_matriz,23123,78835776,9719296
demo_matriz,23124,78835796,9719298
demo_matriz,23125,78835804,9719299
demo_matriz,23126,78835812,9719300
demo_matriz,23127,78835832,9719303
demo_matriz,23128,78835840,9719304
demo_matriz,23129,78835848,9719305
demo_matriz,23130,78835868,9719307
demo_matriz,23131,78835876,9719308
demo_matriz,23132,78835884,9719309
demo_matriz,23133,78835904,9719312
demo_matriz,23134,78835912,9719313
demo_matriz,23135,78835920,9719314
demo_matriz,23136,78835940,9719316
demo_matriz,23137,78835948,9719317
demo_matriz,23138,78835956,9719318
demo_matriz,23139,78835976,9719321
demo_matriz,23140,78835984,9719322
demo_matriz,23141,78835992,9719323
demo_matriz,23142,78836012,9719325
demo_matriz,23143,78836020,9719326
demo_matriz,23144,78836028,9719327
demo_matriz,23145,78836048,9719330
demo_matriz,23146,78836056,9719331
demo_matriz,23147,78836064,9719332
demo_matriz,23148,78836084,9719334
demo_matriz,23149,78836092,9719335
demo_matriz,23150,78836100,9719336
demo_matriz,23151,78836120,9719339
demo_matriz,23152,78836128,9719340
demo_matriz,23153,78836136,9719341
demo_matriz,23154,78836156,9719343
demo_matriz,23155,78836164,9719344
demo_matriz,23156,78836172,9719345
demo_matriz,23157,78836192,9719348
demo_matriz,23158,78836200,9719349
demo_matriz,23159,78836208,9719350
demo_matriz,23160,78836228,9719352
demo_matriz,23161,78836236,9719353
demo_matriz,23162,78836244,9719354
demo_matriz,23163,78836264,9719357
demo_matriz,23164,78836272,9719358
demo_matriz,23165,78836280,9719359
demo_matriz,23166,78836300,9719361
demo_matriz,23167,78836308,9719362
demo_matriz,23168,78836316,9719363
demo_matriz,23169,78836336,9719366
demo_matriz,23170,78836344,9719367
demo_matriz,23171,78836352,9719368
demo_matriz,23172,78836372,9719370
demo_matriz,23173,78836380,9719371
demo_matriz,23174,78836388,9719372
demo_matriz,23175,78836408,9719375
demo_matriz,23176,78836416,9719376
demo_matriz,23177,78836424,9719377
demo_matriz,23178,78836444,9719379
demo_matriz,23179,78836452,9719380
demo_matriz,23180,78836460,9719381
demo_matriz,23181,78836480,9719384
demo_matriz,23182,78836488,9719385
demo_matriz,23183,78836496,9719386
demo_matriz,23184,78836516,9719388
demo_matriz,23185,78836524,9719389
demo_matriz,23186,78836532,9719390
demo_matriz,23187,78836552,9719393
demo_matriz,23188,78836560,9719394
demo_matriz,23189,78836568,9719395
demo_matriz,23190,78836588,9719397
demo_matriz,23191,78836596,9719398
demo_matriz,23192,78836604,9719399
demo_matriz,23193,78836624,9719402
demo_matriz,23194,78836632,9719403
demo_matriz,23195,78836640,9719404
demo_matriz,23196,78836660,9719406
demo_matriz,23197,78836668,9719407
demo_matriz,23198,78836672,9719408
demo_matriz,23199,137422174408,17177636625
demo_matriz,23200,78836680,9719409
demo_matriz,23201,67294536,8276641
demo_matriz,23202,78829024,9718452
demo_matriz,23203,78502832,9677678
demo_matriz,23204,78829024,9718452
demo_matriz,23205,78502848,9677680
demo_matriz,23206,78829040,9718454
demo_matriz,23207,78829038,9718453
demo_matriz,23208,78502857,9677681
demo_matriz,23209,137422174312,17177636613
demo_matriz,23210,137422174392,17177636623
demo_matriz,23211,78503984,9677822
demo_matriz,23212,137422174400,17177636624
demo_matriz,23213,78503990,9677822
demo_matriz,23214,78503996,9677823
demo_matriz,23215,78504008,9677825
demo_matriz,23216,137422174384,17177636622
demo_matriz,23217,75737816,9332051
demo_matriz,23218,78504000,9677824
demo_matriz,23219,78504004,9677824
demo_matriz,23220,75737760,9332044
demo_matriz,23221,137422174376,17177636621
demo_matriz,23222,75739192,9332223
demo_matriz,23223,75739256,9332231
demo_matriz,23224,80787880,9963309
demo_matriz,23225,75740006,9332324
demo_matriz,23226,67336864,8281932
demo_matriz,23227,75739576,9332271
demo_matriz,23228,80788104,9963337
demo_matriz,23229,75739152,9332218
demo_matriz,23230,78835416,9719251
demo_matriz,23231,78835424,9719252
demo_matriz,23232,78835432,9719253
demo_matriz,23233,78835444,9719254
demo_matriz,23234,78835452,9719255
demo_matriz,23235,78835460,9719256
demo_matriz,23236,78835472,9719258
demo_matriz,23237,78835480,9719259
demo_matriz,23238,78835488,9719260
demo_matriz,23239,78835508,9719262
demo_matriz,23240,78835516,9719263
demo_matriz,23241,78835524,9719264
demo_matriz,23242,78835544,9719267
demo_matriz,23243,78835552,9719268
demo_matriz,23244,78835560,9719269
demo_matriz,23245,78835580,9719271
demo_matriz,23246,78835588,9719272
demo_matriz,23247,78835596,9719273
demo_matriz,23248,78835616,9719276
demo_matriz,23249,78835624,9719277
demo_matriz,23250,78835632,9719278
demo_matriz,23251,78835652,9719280
demo_matriz,23252,78835660,9719281
demo_matriz,23253,78835668,9719282
demo_matriz,23254,78835688,9719285
demo_matriz,23255,78835696,9719286
demo_matriz,23256,78835704,9719287
demo_matriz,23257,78835724,9719289
demo_matriz,23258,78835732,9719290
demo_matriz,23259,78835740,9719291
demo_matriz,23260,78835760,9719294
demo_matriz,23261,78835768,9719295
demo_matriz,23262,78835776,9719296
demo_matriz,23263,78835796,9719298
demo_matriz,23264,78835804,9719299
demo_matriz,23265,78835812,9719300
demo_matriz,23266,78835832,9719303
demo_matriz,23267,78835840,9719304
demo_matriz,23268,78835848,9719305
demo_matriz,23269,78835868,9719307
demo_matriz,23270,78835876,9719308
demo_matriz,23271,78835884,9719309
demo_matriz,23272,78835904,9719312
demo_matriz,23273,78835912,9719313
demo_matriz,23274,78835920,9719314
demo_matriz,23275,78835940,9719316
demo_matriz,23276,78835948,9719317
demo_matriz,23277,78835956,9719318
demo_matriz,23278,78835976,9719321
demo_matriz,23279,78835984,9719322
demo_matriz,23280,78835992,9719323
demo_matriz,23281,78836012,9719325
demo_matriz,23282,78836020,9719326
demo_matriz,23283,78836024,9719327
demo_matriz,23284,137422174408,17177636625
demo_matriz,23285,78836032,9719328
demo_matriz,23286,78502858,9677681
demo_matriz,23287,78828830,9718427
demo_matriz,23288,78502866,9677682
demo_matriz,23289,78828838,9718428
demo_matriz,23290,78828840,9718429
demo_matriz,23291,78502868,9677682
demo_matriz,23292,137422174312,17177636613
demo_matriz,23293,137422174392,17177636623
demo_matriz,23294,78504000,9677824
demo_matriz,23295,137422174400,17177636624
demo_matriz,23296,78504006,9677824
demo_matriz,23297,78504012,9677825
demo_matriz,23298,78504024,9677827
demo_matriz,23299,137422174384,17177636622
demo_matriz,23300,75737816,9332051
demo_matriz,23301,78504016,9677826
demo_matriz,23302,78504020,9677826
demo_matriz,23303,75737760,9332044
demo_matriz,23304,137422174376,17177636621
demo_matriz,23305,75739192,9332223
demo_matriz,23306,75739256,9332231
demo_matriz,23307,80787880,9963309
demo_matriz,23308,75740006,9332324
demo_matriz,23309,67336864,8281932
demo_matriz,23310,75739576,9332271
demo_matriz,23311,80788104,9963337
demo_matriz,23312,75739152,9332218
demo_matriz,23313,78835416,9719251
demo_matriz,23314,78835424,9719252
demo_matriz,23315,78835432,9719253
demo_matriz,23316,78835444,9719254
demo_matriz,23317,78835452,9719255
demo_matriz,23318,78835460,9719256
demo_matriz,23319,78835472,9719258
demo_matriz,23320,78835480,9719259
demo_matriz,23321,78835488,9719260
demo_matriz,23322,78835508,9719262
demo_matriz,23323,78835516,9719263
demo_matriz,23324,78835524,9719264
demo_matriz,23325,78835544,9719267
demo_matriz,23326,78835552,9719268
demo_matriz,23327,78835560,9719269
demo_matriz,23328,78835580,9719271
demo_matriz,23329,78835588,9719272
demo_matriz,23330,78835596,9719273
demo_matriz,23331,78835616,9719276
demo_matriz,23332,78835624,9719277
demo_matriz,23333,78835632,9719278
demo_matriz,23334,78835652,9719280
demo_matriz,23335,78835660,9719281
demo_matriz,23336,78835668,9719282
demo_matriz,23337,78835688,9719285
demo_matriz,23338,78835696,9719286
demo_matriz,23339,78835704,9719287
demo_matriz,23340,78835724,9719289
demo_matriz,23341,78835732,9719290
demo_matriz,23342,78835740,9719291
demo_matriz,23343,78835760,9719294
demo_matriz,23344,78835768,9719295
demo_matriz,23345,78835776,9719296
demo_matriz,23346,78835796,9719298
demo_matriz,23347,78835804,9719299
demo_matriz,23348,78835812,9719300
demo_matriz,23349,78835832,9719303
demo_matriz,23350,78835840,9719304
demo_matriz,23351,78835848,9719305
demo_matriz,23352,78835868,9719307
demo_matriz,23353,78835876,9719308
demo_matriz,23354,78835884,9719309
demo_matriz,23355,78835904,9719312
demo_matriz,23356,78835912,9719313
demo_matriz,23357,78835920,9719314
demo_matriz,23358,78835940,9719316
demo_matriz,23359,78835948,9719317
demo_matriz,23360,78835956,9719318
demo_matriz,23361,78835976,9719321
demo_matriz,23362,78835984,9719322
demo_matriz,23363,78835992,9719323
demo_matriz,23364,78836012,9719325
demo_matriz,23365,78836020,9719326
demo_matriz,23366,78836028,9719327
demo_matriz,23367,78836048,9719330
demo_matriz,23368,78836056,9719331
demo_matriz,23369,78836064,9719332
demo_matriz,23370,78836084,9719334
demo_matriz,23371,78836092,9719335
demo_matriz,23372,78836100,9719336
demo_matriz,23373,78836120,9719339
demo_matriz,23374,78836128,9719340
demo_matriz,23375,78836136,9719341
demo_matriz,23376,78836156,9719343
demo_matriz,23377,78836164,9719344
demo_matriz,23378,78836172,9719345
demo_matriz,23379,78836192,9719348
demo_matriz,23380,78836200,9719349
demo_matriz,23381,78836208,9719350
demo_matriz,23382,78836228,9719352
demo_matriz,23383,78836236,9719353
demo_matriz,23384,78836244,9719354
demo_matriz,23385,78836264,9719357
demo_matriz,23386,78836272,9719358
demo_matriz,23387,78836280,9719359
demo_matriz,23388,78836300,9719361
demo_matriz,23389,78836308,9719362
demo_matriz,23390,78836316,9719363
demo_matriz,23391,78836336,9719366
demo_matriz,23392,78836344,9719367
demo_matriz,23393,78836352,9719368
demo_matriz,23394,78836372,9719370
demo_matriz,23395,78836380,9719371
demo_matriz,23396,78836388,9719372
demo_matriz,23397,78836408,9719375
demo_matriz,23398,78836416,9719376
demo_matriz,23399,78836424,9719377
demo_matriz,23400,78836444,9719379
demo_matriz,23401,78836452,9719380
demo_matriz,23402,78836460,9719381
demo_matriz,23403,78836480,9719384
demo_matriz,23404,78836488,9719385
demo_matriz,23405,78836496,9719386
demo_matriz,23406,78836516,9719388
demo_matriz,23407,78836524,9719389
demo_matriz,23408,78836532,9719390
demo_matriz,23409,78836552,9719393
demo_matriz,23410,78836560,9719394
demo_matriz,23411,78836568,9719395
demo_matriz,23412,78836588,9719397
demo_matriz,23413,78836596,9719398
demo_matriz,23414,78836604,9719399
demo_matriz,23415,78836624,9719402
demo_matriz,23416,78836632,9719403
demo_matriz,23417,78836636,9719403
demo_matriz,23418,137422174408,17177636625
demo_matriz,23419,78836644,9719404
demo_matriz,23420,78502869,9677682
demo_matriz,23421,78829017,9718451
demo_matriz,23422,78502877,9677683
demo_matriz,23423,78829025,9718452
demo_matriz,23424,78829027,9718452
demo_matriz,23425,78502879,9677683
demo_matriz,23426,137422174312,17177636613
demo_matriz,23427,137422174392,17177636623
demo_matriz,23428,78504016,9677826
demo_matriz,23429,137422174400,17177636624
demo_matriz,23430,78504022,9677826
demo_matriz,23431,78504028,9677827
demo_matriz,23432,78504040,9677829
demo_matriz,23433,137422174384,17177636622
demo_matriz,23434,75737816,9332051
demo_matriz,23435,78504032,9677828
demo_matriz,23436,78504036,9677828
demo_matriz,23437,75737760,9332044
demo_matriz,23438,137422174376,17177636621
demo_matriz,23439,75739192,9332223
demo_matriz,23440,75739256,9332231
demo_matriz,23441,80787880,9963309
demo_matriz,23442,75740006,9332324
demo_matriz,23443,67336864,8281932
demo_matriz,23444,75739576,9332271
demo_matriz,23445,80788104,9963337
demo_matriz,23446,75739152,9332218
demo_matriz,23447,78835416,9719251
demo_matriz,23448,78835424,9719252
demo_matriz,23449,78835432,9719253
demo_matriz,23450,78835444,9719254
demo_matriz,23451,78835452,9719255
demo_matriz,23452,78835460,9719256
demo_matriz,23453,78835472,9719258
demo_matriz,23454,78835480,9719259
demo_matriz,23455,78835488,9719260
demo_matriz,23456,78835508,9719262
demo_matriz,23457,78835516,9719263
demo_matriz,23458,78835524,9719264
demo_matriz,23459,78835544,9719267
demo_matriz,23460,78835552,9719268
demo_matriz,23461,78835556,9719268
demo_matriz,23462,137422174408,17177636625
demo_matriz,23463,78835564,9719269
demo_matriz,23464,78502880,9677684
demo_matriz,23465,78828690,9718410
demo_matriz,23466,78502888,9677685
demo_matriz,23467,78828698,9718411
demo_matriz,23468,78828701,9718411
demo_matriz,23469,78502891,9677685
demo_matriz,23470,137422174312,17177636613
demo_matriz,23471,137422174392,17177636623
demo_matriz,23472,78504032,9677828
demo_matriz,23473,137422174400,17177636624
demo_matriz,23474,78504038,9677828
demo_matriz,23475,78504044,9677829
demo_matriz,23476,78504056,9677831
demo_matriz,23477,137422174384,17177636622
demo_matriz,23478,75737816,9332051
demo_matriz,23479,78504048,9677830
demo_matriz,23480,78504052,9677830
demo_matriz,23481,75737760,9332044
demo_matriz,23482,137422174376,17177636621
demo_matriz,23483,75739192,9332223
demo_matriz,23484,75739256,9332231
demo_matriz,23485,80787880,9963309
demo_matriz,23486,75740006,9332324
demo_matriz,23487,67336864,8281932
demo_matriz,23488,75739576,9332271
demo_matriz,23489,80788104,9963337
demo_matriz,23490,75739152,9332218
demo_matriz,23491,78835416,9719251
demo_matriz,23492,78835424,9719252
demo_matriz,23493,78835432,9719253
demo_matriz,23494,78835444,9719254
demo_matriz,23495,78835452,9719255
demo_matriz,23496,78835456,9719256
demo_matriz,23497,137422174408,17177636625
demo_matriz,23498,78835464,9719257
demo_matriz,23499,78502892,9677685
demo_matriz,23500,78828656,9718406
demo_matriz,23501,78502900,9677686
demo_matriz,23502,78828664,9718407
demo_matriz,23503,78828667,9718407
demo_matriz,23504,78502903,9677686
demo_matriz,23505,137422174312,17177636613
demo_matriz,23506,137422174392,17177636623
demo_matriz,23507,78504048,9677830
demo_matriz,23508,137422174400,17177636624
demo_matriz,23509,78504054,9677830
demo_matriz,23510,78504060,9677831
demo_matriz,23511,137422174344,17177636617
demo_matriz,23512,78503964,9677819
demo_matriz,23513,137422174320,17177636614
demo_matriz,23514,137422174384,17177636622
demo_matriz,23515,137422174328,17177636615
demo_matriz,23516,78675720,9699289
demo_matriz,23517,75737808,9332050
demo_matriz,23518,78503364,9677744
demo_matriz,23519,137422174408,17177636625
demo_matriz,23520,78503376,9677746
demo_matriz,23521,78503392,9677748
demo_matriz,23522,78503404,9677749
demo_matriz,23523,78503420,9677751
demo_matriz,23524,78503432,9677753
demo_matriz,23525,78503456,9677756
demo_matriz,23526,78503468,9677757
demo_matriz,23527,78503492,9677760
demo_matriz,23528,78503504,9677762
demo_matriz,23529,78503528,9677765
demo_matriz,23530,78503540,9677766
demo_matriz,23531,78503564,9677769
demo_matriz,23532,78503576,9677771
demo_matriz,23533,78503600,9677774
demo_matriz,23534,78503612,9677775
demo_matriz,23535,78503636,9677778
demo_matriz,23536,78503648,9677780
demo_matriz,23537,78503672,9677783
demo_matriz,23538,78503684,9677784
demo_matriz,23539,78503708,9677787
demo_matriz,23540,78503720,9677789
demo_matriz,23541,78503744,9677792
demo_matriz,23542,78503756,9677793
demo_matriz,23543,78503780,9677796
demo_matriz,23544,78503792,9677798
demo_matriz,23545,78503816,9677801
demo_matriz,23546,78503828,9677802
demo_matriz,23547,78503852,9677805
demo_matriz,23548,78503864,9677807
demo_matriz,23549,78503888,9677810
demo_matriz,23550,78503900,9677811
demo_matriz,23551,137422174408,17177636625
demo_matriz,23552,137422174408,17177636625
demo_matriz,23553,67336736,8281916
demo_matriz,23554,67336720,8281914
demo_matriz,23555,67342736,8282666
demo_matriz,23556,67342744,8282667
demo_matriz,23557,137422174280,17177636609
demo_matriz,23558,137422174288,17177636610
demo_matriz,23559,137422174296,17177636611
demo_matriz,23560,137422174304,17177636612
demo_matriz,23561,137422174312,17177636613
demo_matriz,23562,137422174400,17177636624
demo_matriz,23563,75738328,9332115
demo_matriz,23564,78675784,9699297
demo_matriz,23565,75738662,9332156
demo_matriz,23566,75737808,9332050
demo_matriz,23567,78675752,9699293
demo_matriz,23568,78503928,9677815
demo_matriz,23569,78503942,9677816
demo_matriz,23570,78503936,9677816
demo_matriz,23571,78503944,9677817
demo_matriz,23572,78503924,9677814
demo_matriz,23573,78503948,9677817
demo_matriz,23574,78503932,9677815
demo_matriz,23575,78503960,9677819
demo_matriz,23576,78503974,9677820
demo_matriz,23577,78503968,9677820
demo_matriz,23578,78503976,9677821
demo_matriz,23579,78503956,9677818
demo_matriz,23580,78503980,9677821
demo_matriz,23581,78503990,9677822
demo_matriz,23582,78503984,9677822
demo_matriz,23583,78503992,9677823
demo_matriz,23584,78503956,9677818
demo_matriz,23585,78503996,9677823
demo_matriz,23586,78504006,9677824
demo_matriz,23587,78504000,9677824
demo_matriz,23588,78504008,9677825
demo_matriz,23589,78503956,9677818
demo_matriz,23590,78504012,9677825
demo_matriz,23591,78504022,9677826
demo_matriz,23592,78504016,9677826
demo_matriz,23593,78504024,9677827
demo_matriz,23594,78503956,9677818
demo_matriz,23595,78504028,9677827
demo_matriz,23596,78504038,9677828
demo_matriz,23597,78504032,9677828
demo_matriz,23598,78504040,9677829
demo_matriz,23599,78503956,9677818
demo_matriz,23600,78504044,9677829
demo_matriz,23601,78504054,9677830
demo_matriz,23602,78504048,9677830
demo_matriz,23603,78504056,9677831
demo_matriz,23604,78503956,9677818
demo_matriz,23605,78504060,9677831
demo_matriz,23606,78503964,9677819
demo_matriz,23607,78675720,9699289
demo_matriz,23608,78503362,9677744
demo_matriz,23609,78503376,9677746
demo_matriz,23610,78503390,9677747
demo_matriz,23611,78503400,9677749
demo_matriz,23612,78503392,9677748
demo_matriz,23613,78503396,9677748
demo_matriz,23614,78503408,9677750
demo_matriz,23615,78503404,9677749
demo_matriz,23616,78503418,9677751
demo_matriz,23617,78503428,9677752
demo_matriz,23618,78503420,9677751
demo_matriz,23619,78503424,9677752
demo_matriz,23620,78503436,9677753
demo_matriz,23621,78503432,9677753
demo_matriz,23622,78503454,9677755
demo_matriz,23623,78503464,9677757
demo_matriz,23624,78503456,9677756
demo_matriz,23625,78503460,9677756
demo_matriz,23626,78503472,9677758
demo_matriz,23627,78503468,9677757
demo_matriz,23628,78503490,9677760
demo_matriz,23629,78503500,9677761
demo_matriz,23630,78503492,9677760
demo_matriz,23631,78503496,9677761
demo_matriz,23632,78503508,9677762
demo_matriz,23633,78503504,9677762
demo_matriz,23634,78503526,9677764
demo_matriz,23635,78503536,9677766
demo_matriz,23636,78503528,9677765
demo_matriz,23637,78503532,9677765
demo_matriz,23638,78503544,9677767
demo_matriz,23639,78503540,9677766
demo_matriz,23640,78503562,9677769
demo_matriz,23641,78503572,9677770
demo_matriz,23642,78503564,9677769
demo_matriz,23643,78503568,9677770
demo_matriz,23644,78503580,9677771
demo_matriz,23645,78503576,9677771
demo_matriz,23646,78503598,9677773
demo_matriz,23647,78503608,9677775
demo_matriz,23648,78503600,9677774
demo_matriz,23649,78503604,9677774
demo_matriz,23650,78503616,9677776
demo_matriz,23651,78503612,9677775
demo_matriz,23652,78503634,9677778
demo_matriz,23653,78503644,9677779
demo_matriz,23654,78503636,9677778
demo_matriz,23655,78503640,9677779
demo_matriz,23656,78503652,9677780
demo_matriz,23657,78503648,9677780
demo_matriz,23658,78503670,9677782
demo_matriz,23659,78503680,9677784
demo_matriz,23660,78503672,9677783
demo_matriz,23661,78503676,9677783
demo_matriz,23662,78503688,9677785
demo_matriz,23663,78503684,9677784
demo_matriz,23664,78503706,9677787
demo_matriz,23665,78503716,9677788
demo_matriz,23666,78503708,9677787
demo_matriz,23667,78503712,9677788
demo_matriz,23668,78503724,9677789
demo_matriz,23669,78503720,9677789
demo_matriz,23670,78503742,9677791
demo_matriz,23671,78503752,9677793
demo_matriz,23672,78503744,9677792
demo_matriz,23673,78503748,9677792
demo_matriz,23674,78503760,9677794
demo_matriz,23675,78503756,9677793
demo_matriz,23676,78503778,9677796
demo_matriz,23677,78503788,9677797
demo_matriz,23678,78503780,9677796
demo_matriz,23679,78503784,9677797
demo_matriz,23680,78503796,9677798
demo_matriz,23681,78503792,9677798
demo_matriz,23682,78503814,9677800
demo_matriz,23683,78503824,9677802
demo_matriz,23684,78503816,9677801
demo_matriz,23685,78503820,9677801
demo_matriz,23686,78503832,9677803
demo_matriz,23687,78503828,9677802
demo_matriz,23688,78503850,9677805
demo_matriz,23689,78503860,9677806
demo_matriz,23690,78503852,9677805
demo_matriz,23691,78503856,9677806
demo_matriz,23692,78503868,9677807
demo_matriz,23693,78503864,9677807
demo_matriz,23694,78503886,9677809
demo_matriz,23695,78503896,9677811
demo_matriz,23696,78503888,9677810
demo_matriz,23697,78503892,9677810
demo_matriz,23698,78503904,9677812
demo_matriz,23699,78503900,9677811
demo_matriz,23700,75737880,9332059
demo_matriz,23701,75738160,9332094
demo_matriz,23702,137422174336,17177636616
demo_matriz,23703,137422174488,17177636635
demo_matriz,23704,137422174496,17177636636
demo_matriz,23705,137422174504,17177636637
demo_matriz,23706,137422174512,17177636638
demo_matriz,23707,137422174520,17177636639
demo_matriz,23708,137422174528,17177636640
demo_matriz,23709,137422174536,17177636641
demo_matriz,23710,75737832,9332053
demo_matriz,23711,75740005,9332324
demo_matriz,23712,75739256,9332231
demo_matriz,23713,80787880,9963309
demo_matriz,23714,75740006,9332324
demo_matriz,23715,75739560,9332269
demo_matriz,23716,75739576,9332271
demo_matriz,23717,80788168,9963345
demo_matriz,23718,75739152,9332218
demo_matriz,23719,78836872,9719433
demo_matriz,23720,137422174384,17177636622
demo_matriz,23721,78836876,9719433
demo_matriz,23722,75739200,9332224
demo_matriz,23723,67338240,8282104
demo_matriz,23724,67343080,8282709
demo_matriz,23725,67294552,8276643
demo_matriz,23726,78828624,9718402
demo_matriz,23727,67344560,8282894
demo_matriz,23728,67344568,8282895
demo_matriz,23729,78828625,9718402
demo_matriz,23730,137422174280,17177636609
demo_matriz,23731,67343128,8282715
demo_matriz,23732,67344544,8282892
demo_matriz,23733,67294552,8276643
demo_matriz,23734,78828624,9718402
demo_matriz,23735,67344560,8282894
demo_matriz,23736,67344568,8282895
demo_matriz,23737,78828625,9718402
demo_matriz,23738,137422174280,17177636609
demo_matriz,23739,67344552,8282893
demo_matriz,23740,137422174288,17177636610
demo_matriz,23741,137422174296,17177636611
demo_matriz,23742,137422174304,17177636612
demo_matriz,23743,137422174312,17177636613
demo_matriz,23744,67343096,8282711
demo_matriz,23745,75735048,9331705
demo_matriz,23746,78828625,9718402
demo_matriz,23747,67345184,8282972
demo_matriz,23748,78828633,9718403
demo_matriz,23749,67345192,8282973
demo_matriz,23750,67345184,8282972
demo_matriz,23751,78828625,9718402
demo_matriz,23752,137422174280,17177636609
demo_matriz,23753,75735096,9331711
demo_matriz,23754,75736256,9331856
demo_matriz,23755,78828625,9718402
demo_matriz,23756,75736280,9331859
demo_matriz,23757,78828633,9718403
demo_matriz,23758,75736288,9331860
demo_matriz,23759,75736280,9331859
demo_matriz,23760,78828625,9718402
demo_matriz,23761,137422174280,17177636609
demo_matriz,23762,75736264,9331857
demo_matriz,23763,137422174288,17177636610
demo_matriz,23764,137422174296,17177636611
demo_matriz,23765,137422174304,17177636612
demo_matriz,23766,137422174312,17177636613
demo_matriz,23767,75735064,9331707
demo_matriz,23768,75736456,9331881
demo_matriz,23769,78828625,9718402
demo_matriz,23770,75736400,9331874
demo_matriz,23771,78828633,9718403
demo_matriz,23772,75736408,9331875
demo_matriz,23773,75736400,9331874
demo_matriz,23774,78828625,9718402
demo_matriz,23775,137422174280,17177636609
demo_matriz,23776,75736504,9331887
demo_matriz,23777,75737664,9332032
demo_matriz,23778,78828625,9718402
demo_matriz,23779,75737688,9332035
demo_matriz,23780,78828633,9718403
demo_matriz,23781,75737696,9332036
demo_matriz,23782,75737689,9332035
demo_matriz,23783,78828626,9718402
demo_matriz,23784,137422174280,17177636609
demo_matriz,23785,75737672,9332033
demo_matriz,23786,137422174288,17177636610
demo_matriz,23787,137422174296,17177636611
demo_matriz,23788,137422174304,17177636612
demo_matriz,23789,137422174312,17177636613
demo_matriz,23790,75736472,9331883
demo_matriz,23791,75737816,9332051
demo_matriz,23792,78828625,9718402
demo_matriz,23793,75737760,9332044
demo_matriz,23794,78828633,9718403
demo_matriz,23795,75737768,9332045
demo_matriz,23796,75737760,9332044
demo_matriz,23797,78828625,9718402
demo_matriz,23798,137422174280,17177636609
demo_matriz,23799,75737864,9332057
demo_matriz,23800,75739024,9332202
demo_matriz,23801,78828625,9718402
demo_matriz,23802,75739048,9332205
demo_matriz,23803,78828633,9718403
demo_matriz,23804,75739056,9332206
demo_matriz,23805,75739049,9332205
demo_matriz,23806,78828626,9718402
demo_matriz,23807,137422174280,17177636609
demo_matriz,23808,75739032,9332203
demo_matriz,23809,137422174288,17177636610
demo_matriz,23810,137422174296,17177636611
demo_matriz,23811,137422174304,17177636612
demo_matriz,23812,137422174312,17177636613
demo_matriz,23813,75737832,9332053
demo_matriz,23814,75739160,9332219
demo_matriz,23815,78828625,9718402
demo_matriz,23816,75739120,9332214
demo_matriz,23817,78828633,9718403
demo_matriz,23818,75739128,9332215
demo_matriz,23819,75739120,9332214
demo_matriz,23820,78828625,9718402
demo_matriz,23821,137422174280,17177636609
demo_matriz,23822,75739208,9332225
demo_matriz,23823,75740368,9332370
demo_matriz,23824,78828625,9718402
demo_matriz,23825,75740392,9332373
demo_matriz,23826,78828633,9718403
demo_matriz,23827,75740400,9332374
demo_matriz,23828,75740393,9332373
demo_matriz,23829,78828626,9718402
demo_matriz,23830,137422174280,17177636609
demo_matriz,23831,75740376,9332371
demo_matriz,23832,137422174288,17177636610
demo_matriz,23833,137422174296,17177636611
demo_matriz,23834,137422174304,17177636612
demo_matriz,23835,137422174312,17177636613
demo_matriz,23836,75739176,9332221
demo_matriz,23837,75740520,9332389
demo_matriz,23838,78828625,9718402
demo_matriz,23839,75740480,9332384
demo_matriz,23840,78828633,9718403
demo_matriz,23841,75740488,9332385
demo_matriz,23842,75740480,9332384
demo_matriz,23843,78828625,9718402
demo_matriz,23844,137422174280,17177636609
demo_matriz,23845,75740568,9332395
demo_matriz,23846,75741728,9332540
demo_matriz,23847,67294552,8276643
demo_matriz,23848,78828624,9718402
demo_matriz,23849,75741744,9332542
demo_matriz,23850,75741753,9332543
demo_matriz,23851,78828626,9718402
demo_matriz,23852,137422174280,17177636609
demo_matriz,23853,75741736,9332541
demo_matriz,23854,137422174288,17177636610
demo_matriz,23855,137422174296,17177636611
demo_matriz,23856,137422174304,17177636612
demo_matriz,23857,137422174312,17177636613
demo_matriz,23858,75740536,9332391
demo_matriz,23859,67340984,8282447
demo_matriz,23860,78828625,9718402
demo_matriz,23861,1082136,91
demo_matriz,23862,78828633,9718403
demo_matriz,23863,1082144,92
demo_matriz,23864,1082136,91
demo_matriz,23865,78828625,9718402
demo_matriz,23866,137422174280,17177636609
demo_matriz,23867,67341032,8282453
demo_matriz,23868,67342976,8282696
demo_matriz,23869,78828625,9718402
demo_matriz,23870,1082136,91
demo_matriz,23871,78828633,9718403
demo_matriz,23872,1082144,92
demo_matriz,23873,1082136,91
demo_matriz,23874,78828625,9718402
demo_matriz,23875,137422174280,17177636609
demo_matriz,23876,67342984,8282697
demo_matriz,23877,67342912,8282688
demo_matriz,23878,78828625,9718402
demo_matriz,23879,67111873,8253808
demo_matriz,23880,78828633,9718403
demo_matriz,23881,67111881,8253809
demo_matriz,23882,67111888,8253810
demo_matriz,23883,78828640,9718404
demo_matriz,23884,67111893,8253810
demo_matriz,23885,78828645,9718404
demo_matriz,23886,137422174280,17177636609
demo_matriz,23887,137422174288,17177636610
demo_matriz,23888,137422174296,17177636611
demo_matriz,23889,137422174304,17177636612
demo_matriz,23890,137422174312,17177636613
demo_matriz,23891,137422174340,17177636616
demo_matriz,23892,78836880,9719434
demo_matriz,23893,137422174408,17177636625
demo_matriz,23894,78836896,9719436
demo_matriz,23895,137422174384,17177636622
demo_matriz,23896,75739160,9332219
demo_matriz,23897,78836888,9719435
demo_matriz,23898,78836892,9719435
demo_matriz,23899,75739120,9332214
demo_matriz,23900,137422174376,17177636621
demo_matriz,23901,67341016,8282451
demo_matriz,23902,67341080,8282459
demo_matriz,23903,67337872,8282058
demo_matriz,23904,67341830,8282552
demo_matriz,23905,67336864,8281932
demo_matriz,23906,67341400,8282499
demo_matriz,23907,67337984,8282072
demo_matriz,23908,67340976,8282446
demo_matriz,23909,67112048,8253830
demo_matriz,23910,67112056,8253831
demo_matriz,23911,67112064,8253832
demo_matriz,23912,67112076,8253833
demo_matriz,23913,67112084,8253834
demo_matriz,23914,67112088,8253835
demo_matriz,23915,137422174408,17177636625
demo_matriz,23916,67112096,8253836
demo_matriz,23917,78828656,9718406
demo_matriz,23918,67111894,8253810
demo_matriz,23919,78828664,9718407
demo_matriz,23920,67111902,8253811
demo_matriz,23921,67111905,8253812
demo_matriz,23922,78828667,9718407
demo_matriz,23923,137422174312,17177636613
demo_matriz,23924,137422174392,17177636623
demo_matriz,23925,78836888,9719435
demo_matriz,23926,137422174400,17177636624
demo_matriz,23927,78836894,9719435
demo_matriz,23928,78836900,9719436
demo_matriz,23929,78836912,9719438
demo_matriz,23930,137422174384,17177636622
demo_matriz,23931,75739160,9332219
demo_matriz,23932,78836904,9719437
demo_matriz,23933,78836908,9719437
demo_matriz,23934,75739120,9332214
demo_matriz,23935,137422174376,17177636621
demo_matriz,23936,67341016,8282451
demo_matriz,23937,67341080,8282459
demo_matriz,23938,67337872,8282058
demo_matriz,23939,67341830,8282552
demo_matriz,23940,67336864,8281932
demo_matriz,23941,67341400,8282499
demo_matriz,23942,67337984,8282072
demo_matriz,23943,67340976,8282446
demo_matriz,23944,67112048,8253830
demo_matriz,23945,67112056,8253831
demo_matriz,23946,67112064,8253832
demo_matriz,23947,67112076,8253833
demo_matriz,23948,67112084,8253834
demo_matriz,23949,67112092,8253835
demo_matriz,23950,67112104,8253837
demo_matriz,23951,67112112,8253838
demo_matriz,23952,67112116,8253838
demo_matriz,23953,137422174408,17177636625
demo_matriz,23954,67112124,8253839
demo_matriz,23955,78828680,9718409
demo_matriz,23956,67111906,8253812
demo_matriz,23957,78828688,9718410
demo_matriz,23958,67111914,8253813
demo_matriz,23959,67111915,8253813
demo_matriz,23960,78828689,9718410
demo_matriz,23961,137422174312,17177636613
demo_matriz,23962,137422174392,17177636623
demo_matriz,23963,78836904,9719437
demo_matriz,23964,137422174400,17177636624
demo_matriz,23965,78836910,9719437
demo_matriz,23966,78836916,9719438
demo_matriz,23967,78836928,9719440
demo_matriz,23968,137422174384,17177636622
demo_matriz,23969,75739160,9332219
demo_matriz,23970,78836920,9719439
demo_matriz,23971,78836924,9719439
demo_matriz,23972,75739120,9332214
demo_matriz,23973,137422174376,17177636621
demo_matriz,23974,67341016,8282451
demo_matriz,23975,67341080,8282459
demo_matriz,23976,67337872,8282058
demo_matriz,23977,67341830,8282552
demo_matriz,23978,67336864,8281932
demo_matriz,23979,67341400,8282499
demo_matriz,23980,67337984,8282072
demo_matriz,23981,67340976,8282446
demo_matriz,23982,67112048,8253830
demo_matriz,23983,67112056,8253831
demo_matriz,23984,67112064,8253832
demo_matriz,23985,67112076,8253833
demo_matriz,23986,67112084,8253834
demo_matriz,23987,67112092,8253835
demo_matriz,23988,67112104,8253837
demo_matriz,23989,67112112,8253838
demo_matriz,23990,67112120,8253839
demo_matriz,23991,67112140,8253841
demo_matriz,23992,67112148,8253842
demo_matriz,23993,67112156,8253843
demo_matriz,23994,67112176,8253846
demo_matriz,23995,67112184,8253847
demo_matriz,23996,67112192,8253848
demo_matriz,23997,67112212,8253850
demo_matriz,23998,67112220,8253851
demo_matriz,23999,67112228,8253852
demo_matriz,24000,67112248,8253855
demo_matriz,24001,67112256,8253856
demo_matriz,24002,67112260,8253856
demo_matriz,24003,137422174408,17177636625
demo_matriz,24004,67112268,8253857
demo_matriz,24005,78829090,9718460
demo_matriz,24006,67111948,8253817
demo_matriz,24007,78829098,9718461
demo_matriz,24008,67111956,8253818
demo_matriz,24009,67111961,8253819
demo_matriz,24010,78829103,9718461
demo_matriz,24011,137422174312,17177636613
demo_matriz,24012,137422174392,17177636623
demo_matriz,24013,78836920,9719439
demo_matriz,24014,137422174400,17177636624
demo_matriz,24015,78836926,9719439
demo_matriz,24016,78836932,9719440
demo_matriz,24017,137422174344,17177636617
demo_matriz,24018,78836884,9719434
demo_matriz,24019,137422174320,17177636614
demo_matriz,24020,137422174384,17177636622
demo_matriz,24021,137422174328,17177636615
demo_matriz,24022,80788104,9963337
demo_matriz,24023,75739152,9332218
demo_matriz,24024,78835420,9719251
demo_matriz,24025,137422174408,17177636625
demo_matriz,24026,78835432,9719253
demo_matriz,24027,78835448,9719255
demo_matriz,24028,78835460,9719256
demo_matriz,24029,78835476,9719258
demo_matriz,24030,78835488,9719260
demo_matriz,24031,78835512,9719263
demo_matriz,24032,78835524,9719264
demo_matriz,24033,78835548,9719267
demo_matriz,24034,78835560,9719269
demo_matriz,24035,78835584,9719272
demo_matriz,24036,78835596,9719273
demo_matriz,24037,78835620,9719276
demo_matriz,24038,78835632,9719278
demo_matriz,24039,78835656,9719281
demo_matriz,24040,78835668,9719282
demo_matriz,24041,78835692,9719285
demo_matriz,24042,78835704,9719287
demo_matriz,24043,78835728,9719290
demo_matriz,24044,78835740,9719291
demo_matriz,24045,78835764,9719294
demo_matriz,24046,78835776,9719296
demo_matriz,24047,78835800,9719299
demo_matriz,24048,78835812,9719300
demo_matriz,24049,78835836,9719303
demo_matriz,24050,78835848,9719305
demo_matriz,24051,78835872,9719308
demo_matriz,24052,78835884,9719309
demo_matriz,24053,78835908,9719312
demo_matriz,24054,78835920,9719314
demo_matriz,24055,78835944,9719317
demo_matriz,24056,78835956,9719318
demo_matriz,24057,78835980,9719321
demo_matriz,24058,78835992,9719323
demo_matriz,24059,78836016,9719326
demo_matriz,24060,78836028,9719327
demo_matriz,24061,78836052,9719330
demo_matriz,24062,78836064,9719332
demo_matriz,24063,78836088,9719335
demo_matriz,24064,78836100,9719336
demo_matriz,24065,78836124,9719339
demo_matriz,24066,78836136,9719341
demo_matriz,24067,78836160,9719344
demo_matriz,24068,78836172,9719345
demo_matriz,24069,78836196,9719348
demo_matriz,24070,78836208,9719350
demo_matriz,24071,78836232,9719353
demo_matriz,24072,78836244,9719354
demo_matriz,24073,78836268,9719357
demo_matriz,24074,78836280,9719359
demo_matriz,24075,78836304,9719362
demo_matriz,24076,78836316,9719363
demo_matriz,24077,78836340,9719366
demo_matriz,24078,78836352,9719368
demo_matriz,24079,78836376,9719371
demo_matriz,24080,78836388,9719372
demo_matriz,24081,78836412,9719375
demo_matriz,24082,78836424,9719377
demo_matriz,24083,78836448,9719380
demo_matriz,24084,78836460,9719381
demo_matriz,24085,78836484,9719384
demo_matriz,24086,78836496,9719386
demo_matriz,24087,78836520,9719389
demo_matriz,24088,78836532,9719390
demo_matriz,24089,78836556,9719393
demo_matriz,24090,78836568,9719395
demo_matriz,24091,78836592,9719398
demo_matriz,24092,78836604,9719399
demo_matriz,24093,78836628,9719402
demo_matriz,24094,78836640,9719404
demo_matriz,24095,78836664,9719407
demo_matriz,24096,78836676,9719408
demo_matriz,24097,78836700,9719411
demo_matriz,24098,78836712,9719413
demo_matriz,24099,78836736,9719416
demo_matriz,24100,78836748,9719417
demo_matriz,24101,78836772,9719420
demo_matriz,24102,78836784,9719422
demo_matriz,24103,78836808,9719425
demo_matriz,24104,78836820,9719426
demo_matriz,24105,78836844,9719429
demo_matriz,24106,78836856,9719431
demo_matriz,24107,137422174408,17177636625
demo_matriz,24108,137422174408,17177636625
demo_matriz,24109,67336736,8281916
demo_matriz,24110,67336720,8281914
demo_matriz,24111,67342736,8282666
demo_matriz,24112,67342744,8282667
demo_matriz,24113,137422174280,17177636609
demo_matriz,24114,137422174288,17177636610
demo_matriz,24115,137422174296,17177636611
demo_matriz,24116,137422174304,17177636612
demo_matriz,24117,137422174312,17177636613
demo_matriz,24118,137422174400,17177636624
demo_matriz,24119,75739672,9332283
demo_matriz,24120,80788200,9963349
demo_matriz,24121,75740006,9332324
demo_matriz,24122,75739152,9332218
demo_matriz,24123,80788168,9963345
demo_matriz,24124,78836880,9719434
demo_matriz,24125,78836894,9719435
demo_matriz,24126,78836888,9719435
demo_matriz,24127,78836896,9719436
demo_matriz,24128,78836876,9719433
demo_matriz,24129,78836900,9719436
demo_matriz,24130,78836910,9719437
demo_matriz,24131,78836904,9719437
demo_matriz,24132,78836912,9719438
demo_matriz,24133,78836876,9719433
demo_matriz,24134,78836916,9719438
demo_matriz,24135,78836926,9719439
demo_matriz,24136,78836920,9719439
demo_matriz,24137,78836928,9719440
demo_matriz,24138,78836876,9719433
demo_matriz,24139,78836932,9719440
demo_matriz,24140,78836884,9719434
demo_matriz,24141,80788104,9963337
demo_matriz,24142,78835418,9719251
demo_matriz,24143,78835432,9719253
demo_matriz,24144,78835446,9719254
demo_matriz,24145,78835456,9719256
demo_matriz,24146,78835448,9719255
demo_matriz,24147,78835452,9719255
demo_matriz,24148,78835464,9719257
demo_matriz,24149,78835460,9719256
demo_matriz,24150,78835474,9719258
demo_matriz,24151,78835484,9719259
demo_matriz,24152,78835476,9719258
demo_matriz,24153,78835480,9719259
demo_matriz,24154,78835492,9719260
demo_matriz,24155,78835488,9719260
demo_matriz,24156,78835510,9719262
demo_matriz,24157,78835520,9719264
demo_matriz,24158,78835512,9719263
demo_matriz,24159,78835516,9719263
demo_matriz,24160,78835528,9719265
demo_matriz,24161,78835524,9719264
demo_matriz,24162,78835546,9719267
demo_matriz,24163,78835556,9719268
demo_matriz,24164,78835548,9719267
demo_matriz,24165,78835552,9719268
demo_matriz,24166,78835564,9719269
demo_matriz,24167,78835560,9719269
demo_matriz,24168,78835582,9719271
demo_matriz,24169,78835592,9719273
demo_matriz,24170,78835584,9719272
demo_matriz,24171,78835588,9719272
demo_matriz,24172,78835600,9719274
demo_matriz,24173,78835596,9719273
demo_matriz,24174,78835618,9719276
demo_matriz,24175,78835628,9719277
demo_matriz,24176,78835620,9719276
demo_matriz,24177,78835624,9719277
demo_matriz,24178,78835636,9719278
demo_matriz,24179,78835632,9719278
demo_matriz,24180,78835654,9719280
demo_matriz,24181,78835664,9719282
demo_matriz,24182,78835656,9719281
demo_matriz,24183,78835660,9719281
demo_matriz,24184,78835672,9719283
demo_matriz,24185,78835668,9719282
demo_matriz,24186,78835690,9719285
demo_matriz,24187,78835700,9719286
demo_matriz,24188,78835692,9719285
demo_matriz,24189,78835696,9719286
demo_matriz,24190,78835708,9719287
demo_matriz,24191,78835704,9719287
demo_matriz,24192,78835726,9719289
demo_matriz,24193,78835736,9719291
demo_matriz,24194,78835728,9719290
demo_matriz,24195,78835732,9719290
demo_matriz,24196,78835744,9719292
demo_matriz,24197,78835740,9719291
demo_matriz,24198,78835762,9719294
demo_matriz,24199,78835772,9719295
demo_matriz,24200,78835764,9719294
demo_matriz,24201,78835768,9719295
demo_matriz,24202,78835780,9719296
demo_matriz,24203,78835776,9719296
demo_matriz,24204,78835798,9719298
demo_matriz,24205,78835808,9719300
demo_matriz,24206,78835800,9719299
demo_matriz,24207,78835804,9719299
demo_matriz,24208,78835816,9719301
demo_matriz,24209,78835812,9719300
demo_matriz,24210,78835834,9719303
demo_matriz,24211,78835844,9719304
demo_matriz,24212,78835836,9719303
demo_matriz,24213,78835840,9719304
demo_matriz,24214,78835852,9719305
demo_matriz,24215,78835848,9719305
demo_matriz,24216,78835870,9719307
demo_matriz,24217,78835880,9719309
demo_matriz,24218,78835872,9719308
demo_matriz,24219,78835876,9719308
demo_matriz,24220,78835888,9719310
demo_matriz,24221,78835884,9719309
demo_matriz,24222,78835906,9719312
demo_matriz,24223,78835916,9719313
demo_matriz,24224,78835908,9719312
demo_matriz,24225,78835912,9719313
demo_matriz,24226,78835924,9719314
demo_matriz,24227,78835920,9719314
demo_matriz,24228,78835942,9719316
demo_matriz,24229,78835952,9719318
demo_matriz,24230,78835944,9719317
demo_matriz,24231,78835948,9719317
demo_matriz,24232,78835960,9719319
demo_matriz,24233,78835956,9719318
demo_matriz,24234,78835978,9719321
demo_matriz,24235,78835988,9719322
demo_matriz,24236,78835980,9719321
demo_matriz,24237,78835984,9719322
demo_matriz,24238,78835996,9719323
demo_matriz,24239,78835992,9719323
demo_matriz,24240,78836014,9719325
demo_matriz,24241,78836024,9719327
demo_matriz,24242,78836016,9719326
demo_matriz,24243,78836020,9719326
demo_matriz,24244,78836032,9719328
demo_matriz,24245,78836028,9719327
demo_matriz,24246,78836050,9719330
demo_matriz,24247,78836060,9719331
demo_matriz,24248,78836052,9719330
demo_matriz,24249,78836056,9719331
demo_matriz,24250,78836068,9719332
demo_matriz,24251,78836064,9719332
demo_matriz,24252,78836086,9719334
demo_matriz,24253,78836096,9719336
demo_matriz,24254,78836088,9719335
demo_matriz,24255,78836092,9719335
demo_matriz,24256,78836104,9719337
demo_matriz,24257,78836100,9719336
demo_matriz,24258,78836122,9719339
demo_matriz,24259,78836132,9719340
demo_matriz,24260,78836124,9719339
demo_matriz,24261,78836128,9719340
demo_matriz,24262,78836140,9719341
demo_matriz,24263,78836136,9719341
demo_matriz,24264,78836158,9719343
demo_matriz,24265,78836168,9719345
demo_matriz,24266,78836160,9719344
demo_matriz,24267,78836164,9719344
demo_matriz,24268,78836176,9719346
demo_matriz,24269,78836172,9719345
demo_matriz,24270,78836194,9719348
demo_matriz,24271,78836204,9719349
demo_matriz,24272,78836196,9719348
demo_matriz,24273,78836200,9719349
demo_matriz,24274,78836212,9719350
demo_matriz,24275,78836208,9719350
demo_matriz,24276,78836230,9719352
demo_matriz,24277,78836240,9719354
demo_matriz,24278,78836232,9719353
demo_matriz,24279,78836236,9719353
demo_matriz,24280,78836248,9719355
demo_matriz,24281,78836244,9719354
demo_matriz,24282,78836266,9719357
demo_matriz,24283,78836276,9719358
demo_matriz,24284,78836268,9719357
demo_matriz,24285,78836272,9719358
demo_matriz,24286,78836284,9719359
demo_matriz,24287,78836280,9719359
demo_matriz,24288,78836302,9719361
demo_matriz,24289,78836312,9719363
demo_matriz,24290,78836304,9719362
demo_matriz,24291,78836308,9719362
demo_matriz,24292,78836320,9719364
demo_matriz,24293,78836316,9719363
demo_matriz,24294,78836338,9719366
demo_matriz,24295,78836348,9719367
demo_matriz,24296,78836340,9719366
demo_matriz,24297,78836344,9719367
demo_matriz,24298,78836356,9719368
demo_matriz,24299,78836352,9719368
demo_matriz,24300,78836374,9719370
demo_matriz,24301,78836384,9719372
demo_matriz,24302,78836376,9719371
demo_matriz,24303,78836380,9719371
demo_matriz,24304,78836392,9719373
demo_matriz,24305,78836388,9719372
demo_matriz,24306,78836410,9719375
demo_matriz,24307,78836420,9719376
demo_matriz,24308,78836412,9719375
demo_matriz,24309,78836416,9719376
demo_matriz,24310,78836428,9719377
demo_matriz,24311,78836424,9719377
demo_matriz,24312,78836446,9719379
demo_matriz,24313,78836456,9719381
demo_matriz,24314,78836448,9719380
demo_matriz,24315,78836452,9719380
demo_matriz,24316,78836464,9719382
demo_matriz,24317,78836460,9719381
demo_matriz,24318,78836482,9719384
demo_matriz,24319,78836492,9719385
demo_matriz,24320,78836484,9719384
demo_matriz,24321,78836488,9719385
demo_matriz,24322,78836500,9719386
demo_matriz,24323,78836496,9719386
demo_matriz,24324,78836518,9719388
demo_matriz,24325,78836528,9719390
demo_matriz,24326,78836520,9719389
demo_matriz,24327,78836524,9719389
demo_matriz,24328,78836536,9719391
demo_matriz,24329,78836532,9719390
demo_matriz,24330,78836554,9719393
demo_matriz,24331,78836564,9719394
demo_matriz,24332,78836556,9719393
demo_matriz,24333,78836560,9719394
demo_matriz,24334,78836572,9719395
demo_matriz,24335,78836568,9719395
demo_matriz,24336,78836590,9719397
demo_matriz,24337,78836600,9719399
demo_matriz,24338,78836592,9719398
demo_matriz,24339,78836596,9719398
demo_matriz,24340,78836608,9719400
demo_matriz,24341,78836604,9719399
demo_matriz,24342,78836626,9719402
demo_matriz,24343,78836636,9719403
demo_matriz,24344,78836628,9719402
demo_matriz,24345,78836632,9719403
demo_matriz,24346,78836644,9719404
demo_matriz,24347,78836640,9719404
demo_matriz,24348,78836662,9719406
demo_matriz,24349,78836672,9719408
demo_matriz,24350,78836664,9719407
demo_matriz,24351,78836668,9719407
demo_matriz,24352,78836680,9719409
demo_matriz,24353,78836676,9719408
demo_matriz,24354,78836698,9719411
demo_matriz,24355,78836708,9719412
demo_matriz,24356,78836700,9719411
demo_matriz,24357,78836704,9719412
demo_matriz,24358,78836716,9719413
demo_matriz,24359,78836712,9719413
demo_matriz,24360,78836734,9719415
demo_matriz,24361,78836744,9719417
demo_matriz,24362,78836736,9719416
demo_matriz,24363,78836740,9719416
demo_matriz,24364,78836752,9719418
demo_matriz,24365,78836748,9719417
demo_matriz,24366,78836770,9719420
demo_matriz,24367,78836780,9719421
demo_matriz,24368,78836772,9719420
demo_matriz,24369,78836776,9719421
demo_matriz,24370,78836788,9719422
demo_matriz,24371,78836784,9719422
demo_matriz,24372,78836806,9719424
demo_matriz,24373,78836816,9719426
demo_matriz,24374,78836808,9719425
demo_matriz,24375,78836812,9719425
demo_matriz,24376,78836824,9719427
demo_matriz,24377,78836820,9719426
demo_matriz,24378,78836842,9719429
demo_matriz,24379,78836852,9719430
demo_matriz,24380,78836844,9719429
demo_matriz,24381,78836848,9719430
demo_matriz,24382,78836860,9719431
demo_matriz,24383,78836856,9719431
demo_matriz,24384,75739224,9332227
demo_matriz,24385,75739504,9332262
demo_matriz,24386,75740004,9332324
demo_matriz,24387,75739256,9332231
demo_matriz,24388,80787880,9963309
demo_matriz,24389,75740006,9332324
demo_matriz,24390,75739168,9332220
demo_matriz,24391,80787776,9963296
demo_matriz,24392,80787784,9963297
demo_matriz,24393,78828625,9718402
demo_matriz,24394,67298182,8277096
demo_matriz,24395,78828633,9718403
demo_matriz,24396,67298190,8277097
demo_matriz,24397,67298183,8277096
demo_matriz,24398,78828626,9718402
demo_matriz,24399,137422174312,17177636613
demo_matriz,24400,80787792,9963298
demo_matriz,24401,80787808,9963300
demo_matriz,24402,80787824,9963302
demo_matriz,24403,80787840,9963304
demo_matriz,24404,80787856,9963306
demo_matriz,24405,80787872,9963308
demo_matriz,24406,80787888,9963310
demo_matriz,24407,80787904,9963312
demo_matriz,24408,80787920,9963314
demo_matriz,24409,80787936,9963316
demo_matriz,24410,80787952,9963318
demo_matriz,24411,80787968,9963320
demo_matriz,24412,80787984,9963322
demo_matriz,24413,80788000,9963324
demo_matriz,24414,80788016,9963326
demo_matriz,24415,80788032,9963328
demo_matriz,24416,80788048,9963330
demo_matriz,24417,80788064,9963332
demo_matriz,24418,80788080,9963334
demo_matriz,24419,80788096,9963336
demo_matriz,24420,80788112,9963338
demo_matriz,24421,80788128,9963340
demo_matriz,24422,80788144,9963342
demo_matriz,24423,80788160,9963344
demo_matriz,24424,80788176,9963346
demo_matriz,24425,80788192,9963348
demo_matriz,24426,80788208,9963350
demo_matriz,24427,80788224,9963352
demo_matriz,24428,80788240,9963354
demo_matriz,24429,80788256,9963356
demo_matriz,24430,137422174336,17177636616
demo_matriz,24431,137422174488,17177636635
demo_matriz,24432,137422174496,17177636636
demo_matriz,24433,137422174504,17177636637
demo_matriz,24434,137422174512,17177636638
demo_matriz,24435,137422174520,17177636639
demo_matriz,24436,137422174528,17177636640
demo_matriz,24437,137422174536,17177636641
demo_matriz,24438,75739176,9332221
demo_matriz,24439,75741365,9332494
demo_matriz,24440,75740616,9332401
demo_matriz,24441,81800392,10089873
demo_matriz,24442,75741366,9332494
demo_matriz,24443,75740920,9332439
demo_matriz,24444,75740936,9332441
demo_matriz,24445,81800680,10089909
demo_matriz,24446,75740512,9332388
demo_matriz,24447,80913016,9978951
demo_matriz,24448,137422174384,17177636622
demo_matriz,24449,80913020,9978951
demo_matriz,24450,75740560,9332394
demo_matriz,24451,67338240,8282104
demo_matriz,24452,67343080,8282709
demo_matriz,24453,67294552,8276643
demo_matriz,24454,80909728,9978540
demo_matriz,24455,67344560,8282894
demo_matriz,24456,67344568,8282895
demo_matriz,24457,80909729,9978540
demo_matriz,24458,137422174280,17177636609
demo_matriz,24459,67343128,8282715
demo_matriz,24460,67344544,8282892
demo_matriz,24461,67294552,8276643
demo_matriz,24462,80909728,9978540
demo_matriz,24463,67344560,8282894
demo_matriz,24464,67344568,8282895
demo_matriz,24465,80909729,9978540
demo_matriz,24466,137422174280,17177636609
demo_matriz,24467,67344552,8282893
demo_matriz,24468,137422174288,17177636610
demo_matriz,24469,137422174296,17177636611
demo_matriz,24470,137422174304,17177636612
demo_matriz,24471,137422174312,17177636613
demo_matriz,24472,67343096,8282711
demo_matriz,24473,75735048,9331705
demo_matriz,24474,80909729,9978540
demo_matriz,24475,67345184,8282972
demo_matriz,24476,80909737,9978541
demo_matriz,24477,67345192,8282973
demo_matriz,24478,67345184,8282972
demo_matriz,24479,80909729,9978540
demo_matriz,24480,137422174280,17177636609
demo_matriz,24481,75735096,9331711
demo_matriz,24482,75736256,9331856
demo_matriz,24483,80909729,9978540
demo_matriz,24484,75736280,9331859
demo_matriz,24485,80909737,9978541
demo_matriz,24486,75736288,9331860
demo_matriz,24487,75736280,9331859
demo_matriz,24488,80909729,9978540
demo_matriz,24489,137422174280,17177636609
demo_matriz,24490,75736264,9331857
demo_matriz,24491,137422174288,17177636610
demo_matriz,24492,137422174296,17177636611
demo_matriz,24493,137422174304,17177636612
demo_matriz,24494,137422174312,17177636613
demo_matriz,24495,75735064,9331707
demo_matriz,24496,75736456,9331881
demo_matriz,24497,80909729,9978540
demo_matriz,24498,75736400,9331874
demo_matriz,24499,80909737,9978541
demo_matriz,24500,75736408,9331875
demo_matriz,24501,75736400,9331874
demo_matriz,24502,80909729,9978540
demo_matriz,24503,137422174280,17177636609
demo_matriz,24504,75736504,9331887
demo_matriz,24505,75737664,9332032
demo_matriz,24506,80909729,9978540
demo_matriz,24507,75737688,9332035
demo_matriz,24508,80909737,9978541
demo_matriz,24509,75737696,9332036
demo_matriz,24510,75737689,9332035
demo_matriz,24511,80909730,9978540
demo_matriz,24512,137422174280,17177636609
demo_matriz,24513,75737672,9332033
demo_matriz,24514,137422174288,17177636610
demo_matriz,24515,137422174296,17177636611
demo_matriz,24516,137422174304,17177636612
demo_matriz,24517,137422174312,17177636613
demo_matriz,24518,75736472,9331883
demo_matriz,24519,75737816,9332051
demo_matriz,24520,80909729,9978540
demo_matriz,24521,75737760,9332044
demo_matriz,24522,80909737,9978541
demo_matriz,24523,75737768,9332045
demo_matriz,24524,75737760,9332044
demo_matriz,24525,80909729,9978540
demo_matriz,24526,137422174280,17177636609
demo_matriz,24527,75737864,9332057
demo_matriz,24528,75739024,9332202
demo_matriz,24529,80909729,9978540
demo_matriz,24530,75739048,9332205
demo_matriz,24531,80909737,9978541
demo_matriz,24532,75739056,9332206
demo_matriz,24533,75739049,9332205
demo_matriz,24534,80909730,9978540
demo_matriz,24535,137422174280,17177636609
demo_matriz,24536,75739032,9332203
demo_matriz,24537,137422174288,17177636610
demo_matriz,24538,137422174296,17177636611
demo_matriz,24539,137422174304,17177636612
demo_matriz,24540,137422174312,17177636613
demo_matriz,24541,75737832,9332053
demo_matriz,24542,75739160,9332219
demo_matriz,24543,80909729,9978540
demo_matriz,24544,75739120,9332214
demo_matriz,24545,80909737,9978541
demo_matriz,24546,75739128,9332215
demo_matriz,24547,75739120,9332214
demo_matriz,24548,80909729,9978540
demo_matriz,24549,137422174280,17177636609
demo_matriz,24550,75739208,9332225
demo_matriz,24551,75740368,9332370
demo_matriz,24552,80909729,9978540
demo_matriz,24553,75740392,9332373
demo_matriz,24554,80909737,9978541
demo_matriz,24555,75740400,9332374
demo_matriz,24556,75740393,9332373
demo_matriz,24557,80909730,9978540
demo_matriz,24558,137422174280,17177636609
demo_matriz,24559,75740376,9332371
demo_matriz,24560,137422174288,17177636610
demo_matriz,24561,137422174296,17177636611
demo_matriz,24562,137422174304,17177636612
demo_matriz,24563,137422174312,17177636613
demo_matriz,24564,75739176,9332221
demo_matriz,24565,75740520,9332389
demo_matriz,24566,80909729,9978540
demo_matriz,24567,75740480,9332384
demo_matriz,24568,80909737,9978541
demo_matriz,24569,75740488,9332385
demo_matriz,24570,75740480,9332384
demo_matriz,24571,80909729,9978540
demo_matriz,24572,137422174280,17177636609
demo_matriz,24573,75740568,9332395
demo_matriz,24574,75741728,9332540
demo_matriz,24575,67294552,8276643
demo_matriz,24576,80909728,9978540
demo_matriz,24577,75741744,9332542
demo_matriz,24578,75741753,9332543
demo_matriz,24579,80909730,9978540
demo_matriz,24580,137422174280,17177636609
demo_matriz,24581,75741736,9332541
demo_matriz,24582,137422174288,17177636610
demo_matriz,24583,137422174296,17177636611
demo_matriz,24584,137422174304,17177636612
demo_matriz,24585,137422174312,17177636613
demo_matriz,24586,75740536,9332391
demo_matriz,24587,67340984,8282447
demo_matriz,24588,80909729,9978540
demo_matriz,24589,1082136,91
demo_matriz,24590,80909737,9978541
demo_matriz,24591,1082144,92
demo_matriz,24592,1082136,91
demo_matriz,24593,80909729,9978540
demo_matriz,24594,137422174280,17177636609
demo_matriz,24595,67341032,8282453
demo_matriz,24596,67342976,8282696
demo_matriz,24597,80909729,9978540
demo_matriz,24598,1082136,91
demo_matriz,24599,80909737,9978541
demo_matriz,24600,1082144,92
demo_matriz,24601,1082136,91
demo_matriz,24602,80909729,9978540
demo_matriz,24603,137422174280,17177636609
demo_matriz,24604,67342984,8282697
demo_matriz,24605,67342912,8282688
demo_matriz,24606,80909729,9978540
demo_matriz,24607,67111873,8253808
demo_matriz,24608,80909737,9978541
demo_matriz,24609,67111881,8253809
demo_matriz,24610,67111888,8253810
demo_matriz,24611,80909744,9978542
demo_matriz,24612,67111893,8253810
demo_matriz,24613,80909749,9978542
demo_matriz,24614,137422174280,17177636609
demo_matriz,24615,137422174288,17177636610
demo_matriz,24616,137422174296,17177636611
demo_matriz,24617,137422174304,17177636612
demo_matriz,24618,137422174312,17177636613
demo_matriz,24619,137422174340,17177636616
demo_matriz,24620,80913024,9978952
demo_matriz,24621,137422174408,17177636625
demo_matriz,24622,80913040,9978954
demo_matriz,24623,137422174384,17177636622
demo_matriz,24624,75740520,9332389
demo_matriz,24625,80913032,9978953
demo_matriz,24626,80913036,9978953
demo_matriz,24627,75740480,9332384
demo_matriz,24628,137422174376,17177636621
demo_matriz,24629,67341016,8282451
demo_matriz,24630,67341080,8282459
demo_matriz,24631,67337872,8282058
demo_matriz,24632,67341830,8282552
demo_matriz,24633,67336864,8281932
demo_matriz,24634,67341400,8282499
demo_matriz,24635,67337984,8282072
demo_matriz,24636,67340976,8282446
demo_matriz,24637,67112048,8253830
demo_matriz,24638,67112056,8253831
demo_matriz,24639,67112064,8253832
demo_matriz,24640,67112076,8253833
demo_matriz,24641,67112084,8253834
demo_matriz,24642,67112092,8253835
demo_matriz,24643,67112104,8253837
demo_matriz,24644,67112112,8253838
demo_matriz,24645,67112120,8253839
demo_matriz,24646,67112140,8253841
demo_matriz,24647,67112148,8253842
demo_matriz,24648,67112156,8253843
demo_matriz,24649,67112176,8253846
demo_matriz,24650,67112184,8253847
demo_matriz,24651,67112192,8253848
demo_matriz,24652,67112212,8253850
demo_matriz,24653,67112220,8253851
demo_matriz,24654,67112228,8253852
demo_matriz,24655,67112248,8253855
demo_matriz,24656,67112256,8253856
demo_matriz,24657,67112260,8253856
demo_matriz,24658,137422174408,17177636625
demo_matriz,24659,67112268,8253857
demo_matriz,24660,80909936,9978566
demo_matriz,24661,67111948,8253817
demo_matriz,24662,80909944,9978567
demo_matriz,24663,67111956,8253818
demo_matriz,24664,67111961,8253819
demo_matriz,24665,80909949,9978567
demo_matriz,24666,137422174312,17177636613
demo_matriz,24667,137422174392,17177636623
demo_matriz,24668,80913032,9978953
demo_matriz,24669,137422174400,17177636624
demo_matriz,24670,80913038,9978953
demo_matriz,24671,80913044,9978954
demo_matriz,24672,137422174344,17177636617
demo_matriz,24673,80913028,9978952
demo_matriz,24674,137422174384,17177636622
demo_matriz,24675,80913052,9978955
demo_matriz,24676,75740560,9332394
demo_matriz,24677,67338240,8282104
demo_matriz,24678,67343080,8282709
demo_matriz,24679,67294576,8276646
demo_matriz,24680,80909712,9978538
demo_matriz,24681,67344560,8282894
demo_matriz,24682,67344568,8282895
demo_matriz,24683,80909719,9978538
demo_matriz,24684,137422174280,17177636609
demo_matriz,24685,67343128,8282715
demo_matriz,24686,67344544,8282892
demo_matriz,24687,67294576,8276646
demo_matriz,24688,80909712,9978538
demo_matriz,24689,67344560,8282894
demo_matriz,24690,67344568,8282895
demo_matriz,24691,80909719,9978538
demo_matriz,24692,137422174280,17177636609
demo_matriz,24693,67344552,8282893
demo_matriz,24694,137422174288,17177636610
demo_matriz,24695,137422174296,17177636611
demo_matriz,24696,137422174304,17177636612
demo_matriz,24697,137422174312,17177636613
demo_matriz,24698,67343096,8282711
demo_matriz,24699,75735048,9331705
demo_matriz,24700,80909719,9978538
demo_matriz,24701,67345184,8282972
demo_matriz,24702,80909727,9978539
demo_matriz,24703,67345192,8282973
demo_matriz,24704,67345184,8282972
demo_matriz,24705,80909719,9978538
demo_matriz,24706,137422174280,17177636609
demo_matriz,24707,75735096,9331711
demo_matriz,24708,75736256,9331856
demo_matriz,24709,80909719,9978538
demo_matriz,24710,75736280,9331859
demo_matriz,24711,80909727,9978539
demo_matriz,24712,75736288,9331860
demo_matriz,24713,75736280,9331859
demo_matriz,24714,80909719,9978538
demo_matriz,24715,137422174280,17177636609
demo_matriz,24716,75736264,9331857
demo_matriz,24717,137422174288,17177636610
demo_matriz,24718,137422174296,17177636611
demo_matriz,24719,137422174304,17177636612
demo_matriz,24720,137422174312,17177636613
demo_matriz,24721,75735064,9331707
demo_matriz,24722,75736456,9331881
demo_matriz,24723,80909719,9978538
demo_matriz,24724,75736400,9331874
demo_matriz,24725,80909727,9978539
demo_matriz,24726,75736408,9331875
demo_matriz,24727,75736400,9331874
demo_matriz,24728,80909719,9978538
demo_matriz,24729,137422174280,17177636609
demo_matriz,24730,75736504,9331887
demo_matriz,24731,75737664,9332032
demo_matriz,24732,80909719,9978538
demo_matriz,24733,75737688,9332035
demo_matriz,24734,80909727,9978539
demo_matriz,24735,75737696,9332036
demo_matriz,24736,75737691,9332035
demo_matriz,24737,80909722,9978539
demo_matriz,24738,137422174280,17177636609
demo_matriz,24739,75737672,9332033
demo_matriz,24740,137422174288,17177636610
demo_matriz,24741,137422174296,17177636611
demo_matriz,24742,137422174304,17177636612
demo_matriz,24743,137422174312,17177636613
demo_matriz,24744,75736472,9331883
demo_matriz,24745,75737816,9332051
demo_matriz,24746,80909719,9978538
demo_matriz,24747,75737760,9332044
demo_matriz,24748,80909727,9978539
demo_matriz,24749,75737768,9332045
demo_matriz,24750,75737760,9332044
demo_matriz,24751,80909719,9978538
demo_matriz,24752,137422174280,17177636609
demo_matriz,24753,75737864,9332057
demo_matriz,24754,75739024,9332202
demo_matriz,24755,80909719,9978538
demo_matriz,24756,75739048,9332205
demo_matriz,24757,80909727,9978539
demo_matriz,24758,75739056,9332206
demo_matriz,24759,75739051,9332205
demo_matriz,24760,80909722,9978539
demo_matriz,24761,137422174280,17177636609
demo_matriz,24762,75739032,9332203
demo_matriz,24763,137422174288,17177636610
demo_matriz,24764,137422174296,17177636611
demo_matriz,24765,137422174304,17177636612
demo_matriz,24766,137422174312,17177636613
demo_matriz,24767,75737832,9332053
demo_matriz,24768,75739160,9332219
demo_matriz,24769,80909719,9978538
demo_matriz,24770,75739120,9332214
demo_matriz,24771,80909727,9978539
demo_matriz,24772,75739128,9332215
demo_matriz,24773,75739120,9332214
demo_matriz,24774,80909719,9978538
demo_matriz,24775,137422174280,17177636609
demo_matriz,24776,75739208,9332225
demo_matriz,24777,75740368,9332370
demo_matriz,24778,80909719,9978538
demo_matriz,24779,75740392,9332373
demo_matriz,24780,80909727,9978539
demo_matriz,24781,75740400,9332374
demo_matriz,24782,75740401,9332374
demo_matriz,24783,80909728,9978540
demo_matriz,24784,137422174280,17177636609
demo_matriz,24785,137422174288,17177636610
demo_matriz,24786,137422174296,17177636611
demo_matriz,24787,137422174304,17177636612
demo_matriz,24788,137422174312,17177636613
demo_matriz,24789,137422174340,17177636616
demo_matriz,24790,80913056,9978956
demo_matriz,24791,137422174408,17177636625
demo_matriz,24792,80913072,9978958
demo_matriz,24793,137422174384,17177636622
demo_matriz,24794,75740520,9332389
demo_matriz,24795,80913064,9978957
demo_matriz,24796,80913068,9978957
demo_matriz,24797,75740480,9332384
demo_matriz,24798,137422174376,17177636621
demo_matriz,24799,75739192,9332223
demo_matriz,24800,75739256,9332231
demo_matriz,24801,80787880,9963309
demo_matriz,24802,75740006,9332324
demo_matriz,24803,67336864,8281932
demo_matriz,24804,75739576,9332271
demo_matriz,24805,80788104,9963337
demo_matriz,24806,75739152,9332218
demo_matriz,24807,78835416,9719251
demo_matriz,24808,78835424,9719252
demo_matriz,24809,78835432,9719253
demo_matriz,24810,78835444,9719254
demo_matriz,24811,78835452,9719255
demo_matriz,24812,78835460,9719256
demo_matriz,24813,78835472,9719258
demo_matriz,24814,78835480,9719259
demo_matriz,24815,78835488,9719260
demo_matriz,24816,78835508,9719262
demo_matriz,24817,78835516,9719263
demo_matriz,24818,78835524,9719264
demo_matriz,24819,78835544,9719267
demo_matriz,24820,78835552,9719268
demo_matriz,24821,78835560,9719269
demo_matriz,24822,78835580,9719271
demo_matriz,24823,78835588,9719272
demo_matriz,24824,78835596,9719273
demo_matriz,24825,78835616,9719276
demo_matriz,24826,78835624,9719277
demo_matriz,24827,78835632,9719278
demo_matriz,24828,78835652,9719280
demo_matriz,24829,78835660,9719281
demo_matriz,24830,78835668,9719282
demo_matriz,24831,78835688,9719285
demo_matriz,24832,78835696,9719286
demo_matriz,24833,78835704,9719287
demo_matriz,24834,78835724,9719289
demo_matriz,24835,78835732,9719290
demo_matriz,24836,78835740,9719291
demo_matriz,24837,78835760,9719294
demo_matriz,24838,78835768,9719295
demo_matriz,24839,78835776,9719296
demo_matriz,24840,78835796,9719298
demo_matriz,24841,78835804,9719299
demo_matriz,24842,78835812,9719300
demo_matriz,24843,78835832,9719303
demo_matriz,24844,78835840,9719304
demo_matriz,24845,78835848,9719305
demo_matriz,24846,78835868,9719307
demo_matriz,24847,78835876,9719308
demo_matriz,24848,78835884,9719309
demo_matriz,24849,78835904,9719312
demo_matriz,24850,78835912,9719313
demo_matriz,24851,78835920,9719314
demo_matriz,24852,78835940,9719316
demo_matriz,24853,78835948,9719317
demo_matriz,24854,78835956,9719318
demo_matriz,24855,78835976,9719321
demo_matriz,24856,78835984,9719322
demo_matriz,24857,78835992,9719323
demo_matriz,24858,78836012,9719325
demo_matriz,24859,78836020,9719326
demo_matriz,24860,78836028,9719327
demo_matriz,24861,78836048,9719330
demo_matriz,24862,78836056,9719331
demo_matriz,24863,78836064,9719332
demo_matriz,24864,78836084,9719334
demo_matriz,24865,78836092,9719335
demo_matriz,24866,78836100,9719336
demo_matriz,24867,78836120,9719339
demo_matriz,24868,78836128,9719340
demo_matriz,24869,78836136,9719341
demo_matriz,24870,78836156,9719343
demo_matriz,24871,78836164,9719344
demo_matriz,24872,78836172,9719345
demo_matriz,24873,78836192,9719348
demo_matriz,24874,78836200,9719349
demo_matriz,24875,78836208,9719350
demo_matriz,24876,78836228,9719352
demo_matriz,24877,78836236,9719353
demo_matriz,24878,78836244,9719354
demo_matriz,24879,78836264,9719357
demo_matriz,24880,78836272,9719358
demo_matriz,24881,78836280,9719359
demo_matriz,24882,78836300,9719361
demo_matriz,24883,78836308,9719362
demo_matriz,24884,78836316,9719363
demo_matriz,24885,78836336,9719366
demo_matriz,24886,78836344,9719367
demo_matriz,24887,78836352,9719368
demo_matriz,24888,78836372,9719370
demo_matriz,24889,78836380,9719371
demo_matriz,24890,78836388,9719372
demo_matriz,24891,78836408,9719375
demo_matriz,24892,78836416,9719376
demo_matriz,24893,78836424,9719377
demo_matriz,24894,78836444,9719379
demo_matriz,24895,78836452,9719380
demo_matriz,24896,78836460,9719381
demo_matriz,24897,78836480,9719384
demo_matriz,24898,78836488,9719385
demo_matriz,24899,78836496,9719386
demo_matriz,24900,78836516,9719388
demo_matriz,24901,78836524,9719389
demo_matriz,24902,78836532,9719390
demo_matriz,24903,78836552,9719393
demo_matriz,24904,78836560,9719394
demo_matriz,24905,78836568,9719395
demo_matriz,24906,78836588,9719397
demo_matriz,24907,78836596,9719398
demo_matriz,24908,78836604,9719399
demo_matriz,24909,78836624,9719402
demo_matriz,24910,78836632,9719403
demo_matriz,24911,78836640,9719404
demo_matriz,24912,78836660,9719406
demo_matriz,24913,78836668,9719407
demo_matriz,24914,78836676,9719408
demo_matriz,24915,78836696,9719411
demo_matriz,24916,78836704,9719412
demo_matriz,24917,78836708,9719412
demo_matriz,24918,137422174408,17177636625
demo_matriz,24919,78836716,9719413
demo_matriz,24920,67294576,8276646
demo_matriz,24921,80909936,9978566
demo_matriz,24922,78829024,9718452
demo_matriz,24923,80909936,9978566
demo_matriz,24924,78829040,9718454
demo_matriz,24925,80909952,9978568
demo_matriz,24926,78829049,9718455
demo_matriz,24927,80909960,9978569
demo_matriz,24928,137422174312,17177636613
demo_matriz,24929,137422174392,17177636623
demo_matriz,24930,80913064,9978957
demo_matriz,24931,137422174400,17177636624
demo_matriz,24932,80913070,9978957
demo_matriz,24933,80913076,9978958
demo_matriz,24934,80913088,9978960
demo_matriz,24935,137422174384,17177636622
demo_matriz,24936,75740520,9332389
demo_matriz,24937,80913080,9978959
demo_matriz,24938,80913084,9978959
demo_matriz,24939,75740480,9332384
demo_matriz,24940,137422174376,17177636621
demo_matriz,24941,75739192,9332223
demo_matriz,24942,75739256,9332231
demo_matriz,24943,80787880,9963309
demo_matriz,24944,75740006,9332324
demo_matriz,24945,67336864,8281932
demo_matriz,24946,75739576,9332271
demo_matriz,24947,80788104,9963337
demo_matriz,24948,75739152,9332218
demo_matriz,24949,78835416,9719251
demo_matriz,24950,78835424,9719252
demo_matriz,24951,78835432,9719253
demo_matriz,24952,78835444,9719254
demo_matriz,24953,78835452,9719255
demo_matriz,24954,78835460,9719256
demo_matriz,24955,78835472,9719258
demo_matriz,24956,78835480,9719259
demo_matriz,24957,78835488,9719260
demo_matriz,24958,78835508,9719262
demo_matriz,24959,78835516,9719263
demo_matriz,24960,78835524,9719264
demo_matriz,24961,78835544,9719267
demo_matriz,24962,78835552,9719268
demo_matriz,24963,78835560,9719269
demo_matriz,24964,78835580,9719271
demo_matriz,24965,78835588,9719272
demo_matriz,24966,78835596,9719273
demo_matriz,24967,78835616,9719276
demo_matriz,24968,78835624,9719277
demo_matriz,24969,78835632,9719278
demo_matriz,24970,78835652,9719280
demo_matriz,24971,78835660,9719281
demo_matriz,24972,78835668,9719282
demo_matriz,24973,78835688,9719285
demo_matriz,24974,78835696,9719286
demo_matriz,24975,78835704,9719287
demo_matriz,24976,78835724,9719289
demo_matriz,24977,78835732,9719290
demo_matriz,24978,78835740,9719291
demo_matriz,24979,78835760,9719294
demo_matriz,24980,78835768,9719295
demo_matriz,24981,78835776,9719296
demo_matriz,24982,78835796,9719298
demo_matriz,24983,78835804,9719299
demo_matriz,24984,78835812,9719300
demo_matriz,24985,78835832,9719303
demo_matriz,24986,78835840,9719304
demo_matriz,24987,78835848,9719305
demo_matriz,24988,78835868,9719307
demo_matriz,24989,78835876,9719308
demo_matriz,24990,78835884,9719309
demo_matriz,24991,78835904,9719312
demo_matriz,24992,78835912,9719313
demo_matriz,24993,78835920,9719314
demo_matriz,24994,78835940,9719316
demo_matriz,24995,78835948,9719317
demo_matriz,24996,78835956,9719318
demo_matriz,24997,78835976,9719321
demo_matriz,24998,78835984,9719322
demo_matriz,24999,78835992,9719323
demo_matriz,25000,78836012,9719325
